layer,head,rsa_crel,rsa_attr,rsa_max,rsa_max_before_clamp,rsa_crel_pval,rsa_attr_pval
0,0,0.14125710725784302,-0.021483413875102997,0.14125710725784302,0.14125710725784302,0.0,0.08669999986886978
0,1,0.042157236486673355,-0.014133181422948837,0.042157236486673355,0.042157236486673355,0.006099999882280827,0.2232999950647354
0,2,0.5306500196456909,-0.020980700850486755,0.5306500196456909,0.5306500196456909,0.0,0.09480000287294388
0,3,0.04929525405168533,-0.007602440193295479,0.04929525405168533,0.04929525405168533,0.004699999932199717,0.5605999827384949
0,4,-0.006741929799318314,-0.021640576422214508,0.0,-0.006741929799318314,0.5860999822616577,0.059300001710653305
0,5,0.022475745528936386,-0.02154933661222458,0.022475745528936386,0.022475745528936386,0.07500000298023224,0.07109999656677246
0,6,0.48917829990386963,-0.010365918278694153,0.48917829990386963,0.48917829990386963,0.0,0.4691999852657318
0,7,0.047755077481269836,0.0772453024983406,0.0772453024983406,0.0772453024983406,0.007400000002235174,0.0013000000035390258
0,8,0.027915704995393753,-0.016809476539492607,0.027915704995393753,0.027915704995393753,0.02590000070631504,0.10750000178813934
0,9,0.10279548913240433,0.09778296947479248,0.10279548913240433,0.10279548913240433,0.0,0.0
0,10,0.15615122020244598,0.18343108892440796,0.18343108892440796,0.18343108892440796,0.0,0.0
0,11,0.2183658480644226,-0.012587927281856537,0.2183658480644226,0.2183658480644226,0.0,0.30329999327659607
0,12,0.1381024718284607,-0.011639401316642761,0.1381024718284607,0.1381024718284607,0.0,0.3686999976634979
0,13,0.171206533908844,-0.020119700580835342,0.171206533908844,0.171206533908844,0.0,0.05260000005364418
0,14,0.44689762592315674,-0.015339162200689316,0.44689762592315674,0.44689762592315674,0.0,0.17430000007152557
0,15,0.4644101560115814,0.00027061905711889267,0.4644101560115814,0.4644101560115814,0.0,0.988099992275238
0,16,-0.004358782432973385,0.03365711495280266,0.03365711495280266,0.03365711495280266,0.7534999847412109,0.027899999171495438
0,17,-0.021899854764342308,-0.020969241857528687,0.0,-0.020969241857528687,0.04809999838471413,0.050200000405311584
0,18,0.41363656520843506,0.19347041845321655,0.41363656520843506,0.41363656520843506,0.0,0.0
0,19,0.26839393377304077,0.14613217115402222,0.26839393377304077,0.26839393377304077,0.0,0.0
0,20,0.03522582724690437,0.08209581673145294,0.08209581673145294,0.08209581673145294,0.006800000090152025,0.0
0,21,0.3649422526359558,0.062759630382061,0.3649422526359558,0.3649422526359558,0.0,0.008100000210106373
0,22,0.036886513233184814,-0.020659446716308594,0.036886513233184814,0.036886513233184814,0.010599999688565731,0.06769999861717224
0,23,0.20915615558624268,-0.021208010613918304,0.20915615558624268,0.20915615558624268,0.0,0.09809999912977219
0,24,0.3578091561794281,-0.017437420785427094,0.3578091561794281,0.3578091561794281,0.0,0.1454000025987625
0,25,0.2901388704776764,-0.01844111829996109,0.2901388704776764,0.2901388704776764,0.0,0.13670000433921814
0,26,0.1765868067741394,-0.00365360826253891,0.1765868067741394,0.1765868067741394,0.0,0.766700029373169
0,27,0.07517199218273163,-0.016054198145866394,0.07517199218273163,0.07517199218273163,0.0,0.12880000472068787
0,28,0.17501986026763916,0.009557092562317848,0.17501986026763916,0.17501986026763916,0.0,0.47749999165534973
0,29,0.27912700176239014,-0.021247470751404762,0.27912700176239014,0.27912700176239014,0.0,0.08219999819993973
0,30,0.386441171169281,0.004068873822689056,0.386441171169281,0.386441171169281,0.0,0.801800012588501
0,31,0.28058934211730957,-0.02054876647889614,0.28058934211730957,0.28058934211730957,0.0,0.07999999821186066
1,0,,,,,,
1,1,0.04897451400756836,-0.013235475867986679,0.04897451400756836,0.04897451400756836,0.004100000020116568,0.1860000044107437
1,2,,,,,,
1,3,,,,,,
1,4,0.11461372673511505,-0.01423519104719162,0.11461372673511505,0.11461372673511505,0.0,0.23720000684261322
1,5,0.04713227227330208,-0.014695681631565094,0.04713227227330208,0.04713227227330208,0.009600000455975533,0.1598999947309494
1,6,0.2846992611885071,-0.004365861415863037,0.2846992611885071,0.2846992611885071,0.0,0.7229999899864197
1,7,0.2151409089565277,-0.0018471106886863708,0.2151409089565277,0.2151409089565277,0.0,0.8899000287055969
1,8,,,,,,
1,9,,,,,,
1,10,0.0571926049888134,0.06546884030103683,0.06546884030103683,0.06546884030103683,0.00039999998989515007,0.0010999999940395355
1,11,0.02850743755698204,0.009375639259815216,0.02850743755698204,0.02850743755698204,0.0364999994635582,0.4474000036716461
1,12,0.1963551640510559,0.09459879994392395,0.1963551640510559,0.1963551640510559,0.0,0.00019999999494757503
1,13,0.29968470335006714,0.02914448082447052,0.29968470335006714,0.29968470335006714,0.0,0.06239999830722809
1,14,0.0843493789434433,-0.01909882202744484,0.0843493789434433,0.0843493789434433,0.0,0.10029999911785126
1,15,0.24110457301139832,-0.018701661378145218,0.24110457301139832,0.24110457301139832,0.0,0.11309999972581863
1,16,,,,,,
1,17,,,,,,
1,18,0.006846279371529818,0.006703784689307213,0.006846279371529818,0.006846279371529818,0.430400013923645,0.48240000009536743
1,19,0.011302806437015533,-0.0006449520587921143,0.011302806437015533,0.011302806437015533,0.4251999855041504,0.9627000093460083
1,20,0.47756385803222656,-0.021606579422950745,0.47756385803222656,0.47756385803222656,0.0,0.09560000151395798
1,21,0.48389241099357605,-0.012935563921928406,0.48389241099357605,0.48389241099357605,0.0,0.33309999108314514
1,22,,,,,,
1,23,,,,,,
1,24,-0.017673783004283905,0.00010338053107261658,0.00010338053107261658,0.00010338053107261658,0.22390000522136688,0.9940999746322632
1,25,0.007572272792458534,0.022743113338947296,0.022743113338947296,0.022743113338947296,0.6236000061035156,0.08829999715089798
1,26,0.030026918277144432,0.012719422578811646,0.030026918277144432,0.030026918277144432,0.03629999980330467,0.32760000228881836
1,27,0.02572900429368019,0.014983545988798141,0.02572900429368019,0.02572900429368019,0.06069999933242798,0.23360000550746918
1,28,0.009547123685479164,-0.01827285811305046,0.009547123685479164,0.009547123685479164,0.3400999903678894,0.05469999834895134
1,29,-0.0075824265368282795,-0.021012280136346817,0.0,-0.0075824265368282795,0.5249000191688538,0.06780000030994415
1,30,-0.019090179353952408,-0.007991358637809753,0.0,-0.007991358637809753,0.13019999861717224,0.5235999822616577
1,31,0.01725209690630436,-0.017972387373447418,0.01725209690630436,0.01725209690630436,0.10189999639987946,0.0706000030040741
2,0,-0.0034342717844992876,0.022901693359017372,0.022901693359017372,0.022901693359017372,0.7874000072479248,0.057500001043081284
2,1,0.23971128463745117,0.0018654847517609596,0.23971128463745117,0.23971128463745117,0.0,0.9060999751091003
2,2,0.07113625854253769,-0.017643507570028305,0.07113625854253769,0.07113625854253769,0.00039999998989515007,0.10970000177621841
2,3,0.0944744348526001,0.027688734233379364,0.0944744348526001,0.0944744348526001,0.0,0.03920000046491623
2,4,-0.00753940362483263,0.008411499671638012,0.008411499671638012,0.008411499671638012,0.5465999841690063,0.48010000586509705
2,5,-0.016759807243943214,0.009154988452792168,0.009154988452792168,0.009154988452792168,0.16419999301433563,0.4390999972820282
2,6,,,,,,
2,7,0.10591596364974976,-0.007900714874267578,0.10591596364974976,0.10591596364974976,0.0,0.3197000026702881
2,8,0.4896136522293091,-0.01673036627471447,0.4896136522293091,0.4896136522293091,0.0,0.1665000021457672
2,9,0.01469973474740982,0.014247678220272064,0.01469973474740982,0.01469973474740982,0.23999999463558197,0.21379999816417694
2,10,0.08292161673307419,0.013772726058959961,0.08292161673307419,0.08292161673307419,0.0,0.23499999940395355
2,11,0.004081188701093197,-0.013504546135663986,0.004081188701093197,0.004081188701093197,0.7294999957084656,0.19850000739097595
2,12,0.298639178276062,-0.002147205173969269,0.298639178276062,0.298639178276062,0.0,0.8676000237464905
2,13,0.3162335157394409,-0.012655923143029213,0.3162335157394409,0.3162335157394409,0.0,0.3481999933719635
2,14,0.011417670175433159,0.0018581952899694443,0.011417670175433159,0.011417670175433159,0.33559998869895935,0.8791000247001648
2,15,0.23271895945072174,-0.00985129177570343,0.23271895945072174,0.23271895945072174,0.0,0.41600000858306885
2,16,0.14279845356941223,-0.013069339096546173,0.14279845356941223,0.14279845356941223,0.0,0.17550000548362732
2,17,-0.010839339345693588,0.009475547820329666,0.009475547820329666,0.009475547820329666,0.39879998564720154,0.44699999690055847
2,18,0.033149078488349915,0.008825747296214104,0.033149078488349915,0.033149078488349915,0.014100000262260437,0.45820000767707825
2,19,0.005099044647067785,0.010724879801273346,0.010724879801273346,0.010724879801273346,0.6926000118255615,0.3675000071525574
2,20,,,,,,
2,21,-0.022452279925346375,-0.0034300535917282104,0.0,-0.0034300535917282104,0.0010000000474974513,0.2312999963760376
2,22,-0.0011481400579214096,-0.013134018518030643,0.0,-0.0011481400579214096,0.9319000244140625,0.2660999894142151
2,23,0.008219197392463684,-0.014799663797020912,0.008219197392463684,0.008219197392463684,0.4357999861240387,0.09350000321865082
2,24,0.017422152683138847,0.012021027505397797,0.017422152683138847,0.017422152683138847,0.17440000176429749,0.3156000077724457
2,25,0.009035349823534489,0.008820537477731705,0.009035349823534489,0.009035349823534489,0.5062000155448914,0.47690001130104065
2,26,-0.016696909442543983,0.0036303531378507614,0.0036303531378507614,0.0036303531378507614,0.1678999960422516,0.7724000215530396
2,27,0.0995665043592453,-0.010782457888126373,0.0995665043592453,0.0995665043592453,0.0,0.35920000076293945
2,28,0.010735435411334038,0.007459500804543495,0.010735435411334038,0.010735435411334038,0.3578999936580658,0.5069000124931335
2,29,0.2155764400959015,0.02215951308608055,0.2155764400959015,0.2155764400959015,0.0,0.09570000320672989
2,30,0.01967824436724186,-0.008050690405070782,0.01967824436724186,0.01967824436724186,0.11420000344514847,0.5078999996185303
2,31,-0.0013965085381641984,-0.004102183505892754,0.0,-0.0013965085381641984,0.9164000153541565,0.7404999732971191
3,0,,,,,,
3,1,,,,,,
3,2,,,,,,
3,3,0.33256757259368896,0.0344727598130703,0.33256757259368896,0.33256757259368896,0.0,0.033399999141693115
3,4,,,,,,
3,5,,,,,,
3,6,0.03798475116491318,0.00836397148668766,0.03798475116491318,0.03798475116491318,0.010200000368058681,0.513700008392334
3,7,0.03998027741909027,0.008676212280988693,0.03998027741909027,0.03998027741909027,0.008299999870359898,0.49480000138282776
3,8,,,,,,
3,9,,,,,,
3,10,0.03828424960374832,0.003307359293103218,0.03828424960374832,0.03828424960374832,0.011300000362098217,0.8138999938964844
3,11,0.007308468222618103,0.001807892695069313,0.007308468222618103,0.007308468222618103,0.5845999717712402,0.899399995803833
3,12,,,,,,
3,13,,,,,,
3,14,,,,,,
3,15,,,,,,
3,16,,,,,,
3,17,,,,,,
3,18,0.0014919678214937449,-1.1350959539413452e-05,0.0014919678214937449,0.0014919678214937449,0.9204000234603882,0.9997000098228455
3,19,0.07583796977996826,0.021230842918157578,0.07583796977996826,0.07583796977996826,0.0003000000142492354,0.07270000129938126
3,20,,,,,,
3,21,,,,,,
3,22,,,,,,
3,23,,,,,,
3,24,0.01563074067234993,0.024408437311649323,0.024408437311649323,0.024408437311649323,0.23759999871253967,0.06109999865293503
3,25,-0.0026730543468147516,-0.0018335431814193726,0.0,-0.0018335431814193726,0.6543999910354614,0.7139000296592712
3,26,0.19816644489765167,0.020467929542064667,0.19816644489765167,0.19816644489765167,0.0,0.11320000141859055
3,27,0.19816644489765167,0.020467929542064667,0.19816644489765167,0.19816644489765167,0.0,0.11320000141859055
3,28,,,,,,
3,29,,,,,,
3,30,,,,,,
3,31,,,,,,
4,0,0.12074847519397736,-0.018829692155122757,0.12074847519397736,0.12074847519397736,0.0,0.10719999670982361
4,1,0.06586921215057373,0.0043714093044400215,0.06586921215057373,0.06586921215057373,0.00019999999494757503,0.7146000266075134
4,2,0.48275983333587646,0.015684358775615692,0.48275983333587646,0.48275983333587646,0.0,0.18950000405311584
4,3,0.28284499049186707,0.033924929797649384,0.28284499049186707,0.28284499049186707,0.0,0.039799999445676804
4,4,0.14202538132667542,0.014666087925434113,0.14202538132667542,0.14202538132667542,0.0,0.2671000063419342
4,5,0.04351154714822769,-0.0011088126339018345,0.04351154714822769,0.04351154714822769,0.00570000009611249,0.9351999759674072
4,6,0.47066032886505127,-0.011560052633285522,0.47066032886505127,0.47066032886505127,0.0,0.3411000072956085
4,7,0.09776097536087036,-0.014969319105148315,0.09776097536087036,0.09776097536087036,0.00019999999494757503,0.2248000055551529
4,8,,,,,,
4,9,,,,,,
4,10,0.4233179986476898,0.008019810542464256,0.4233179986476898,0.4233179986476898,0.0,0.5954999923706055
4,11,0.04072663187980652,-0.00311238132417202,0.04072663187980652,0.04072663187980652,0.006200000178068876,0.79339998960495
4,12,0.09543099999427795,3.435090184211731e-05,0.09543099999427795,0.09543099999427795,0.0,0.9983000159263611
4,13,0.09436485916376114,-0.0001318417489528656,0.09436485916376114,0.09436485916376114,0.0,0.9919000267982483
4,14,0.44065165519714355,-0.0200127474963665,0.44065165519714355,0.44065165519714355,0.0,0.10080000013113022
4,15,0.34209924936294556,0.18231326341629028,0.34209924936294556,0.34209924936294556,0.0,0.0
4,16,,,,,,
4,17,,,,,,
4,18,0.15955018997192383,0.029825178906321526,0.15955018997192383,0.15955018997192383,0.0,0.03880000114440918
4,19,,,,,,
4,20,,,,,,
4,21,,,,,,
4,22,0.16523000597953796,0.035928502678871155,0.16523000597953796,0.16523000597953796,0.0,0.030500000342726707
4,23,0.0949837863445282,0.013807064853608608,0.0949837863445282,0.0949837863445282,0.0,0.2888999879360199
4,24,0.3495005965232849,0.009074490517377853,0.3495005965232849,0.3495005965232849,0.0,0.48910000920295715
4,25,0.12430825084447861,-0.019941406324505806,0.12430825084447861,0.12430825084447861,0.0,0.1088000014424324
4,26,0.09635834395885468,-0.001924116164445877,0.09635834395885468,0.09635834395885468,9.999999747378752e-05,0.9003000259399414
4,27,,,,,,
4,28,,,,,,
4,29,,,,,,
4,30,0.02773144468665123,-0.0051565393805503845,0.02773144468665123,0.02773144468665123,0.058400001376867294,0.7396000027656555
4,31,0.41282564401626587,-0.005956217646598816,0.41282564401626587,0.41282564401626587,0.0,0.7059000134468079
5,0,,,,,,
5,1,0.13450178503990173,0.018814418464899063,0.13450178503990173,0.13450178503990173,0.0,0.1281999945640564
5,2,,,,,,
5,3,,,,,,
5,4,,,,,,
5,5,,,,,,
5,6,0.15047261118888855,0.046394914388656616,0.15047261118888855,0.15047261118888855,0.0,0.006300000008195639
5,7,0.07224619388580322,-0.01813431829214096,0.07224619388580322,0.07224619388580322,0.0,0.07419999688863754
5,8,0.5050541162490845,0.009391586296260357,0.5050541162490845,0.5050541162490845,0.0,0.5180000066757202
5,9,0.48402106761932373,0.09222190082073212,0.48402106761932373,0.48402106761932373,0.0,0.002199999988079071
5,10,,,,,,
5,11,,,,,,
5,12,,,,,,
5,13,,,,,,
5,14,0.21526068449020386,0.06375879794359207,0.21526068449020386,0.21526068449020386,0.0,0.0019000000320374966
5,15,0.36295729875564575,0.026263153180480003,0.36295729875564575,0.36295729875564575,0.0,0.06669999659061432
5,16,0.48556095361709595,-0.021539608016610146,0.48556095361709595,0.48556095361709595,0.0,0.09300000220537186
5,17,,,,,,
5,18,,,,,,
5,19,,,,,,
5,20,,,,,,
5,21,,,,,,
5,22,0.3925763964653015,-0.01581132598221302,0.3925763964653015,0.3925763964653015,0.0,0.2484000027179718
5,23,0.3917452096939087,-0.01614716276526451,0.3917452096939087,0.3917452096939087,0.0,0.22920000553131104
5,24,0.33789706230163574,-0.015058823861181736,0.33789706230163574,0.33789706230163574,0.0,0.2168000042438507
5,25,0.10133324563503265,0.06021793931722641,0.10133324563503265,0.10133324563503265,0.0,0.003599999938160181
5,26,0.18406331539154053,0.057227008044719696,0.18406331539154053,0.18406331539154053,0.0,0.004800000227987766
5,27,,,,,,
5,28,,,,,,
5,29,,,,,,
5,30,0.14466947317123413,0.006189362145960331,0.14466947317123413,0.14466947317123413,0.0,0.6316999793052673
5,31,0.2655992805957794,0.33961057662963867,0.33961057662963867,0.33961057662963867,0.0,0.0
6,0,0.42962968349456787,0.024564895778894424,0.42962968349456787,0.42962968349456787,0.0,0.07729999721050262
6,1,0.5629679560661316,-0.005546474829316139,0.5629679560661316,0.5629679560661316,0.0,0.7099000215530396
6,2,0.21689379215240479,-0.021551761776208878,0.21689379215240479,0.21689379215240479,0.0,0.09040000289678574
6,3,0.44020527601242065,-0.008881941437721252,0.44020527601242065,0.44020527601242065,0.0,0.5537999868392944
6,4,,,,,,
6,5,,,,,,
6,6,0.2890219986438751,0.020763158798217773,0.2890219986438751,0.2890219986438751,0.0,0.12030000239610672
6,7,0.4850130081176758,0.025132497772574425,0.4850130081176758,0.4850130081176758,0.0,0.07999999821186066
6,8,0.5255356431007385,0.05547810345888138,0.5255356431007385,0.5255356431007385,0.0,0.015599999576807022
6,9,0.1319502592086792,0.2501201331615448,0.2501201331615448,0.2501201331615448,0.0,0.0
6,10,0.4464540183544159,0.0192706435918808,0.4464540183544159,0.4464540183544159,0.0,0.11590000241994858
6,11,0.48392337560653687,0.0689815804362297,0.48392337560653687,0.48392337560653687,0.0,0.007600000128149986
6,12,,,,,,
6,13,0.44287174940109253,-0.007535122334957123,0.44287174940109253,0.44287174940109253,0.0,0.6180999875068665
6,14,0.2641720175743103,0.045190006494522095,0.2641720175743103,0.2641720175743103,0.0,0.020099999383091927
6,15,0.30871397256851196,-0.015138285234570503,0.30871397256851196,0.30871397256851196,0.0,0.22220000624656677
6,16,0.2397826761007309,-0.005942344665527344,0.2397826761007309,0.2397826761007309,0.0,0.6298999786376953
6,17,0.43752342462539673,-0.018740523606538773,0.43752342462539673,0.43752342462539673,0.0,0.12790000438690186
6,18,0.3302294909954071,-0.016715802252292633,0.3302294909954071,0.3302294909954071,0.0,0.12280000001192093
6,19,0.39716723561286926,-0.01804005354642868,0.39716723561286926,0.39716723561286926,0.0,0.13199999928474426
6,20,0.4618968665599823,0.26885509490966797,0.4618968665599823,0.4618968665599823,0.0,0.0
6,21,0.4858418107032776,0.06093577295541763,0.4858418107032776,0.4858418107032776,0.0,0.013399999588727951
6,22,0.19533894956111908,0.22413568198680878,0.22413568198680878,0.22413568198680878,0.0,0.0
6,23,0.1919480562210083,-0.004689905792474747,0.1919480562210083,0.1919480562210083,0.0,0.7562999725341797
6,24,0.0846635103225708,-0.018808528780937195,0.0846635103225708,0.0846635103225708,0.0,0.08829999715089798
6,25,0.43630993366241455,0.00014780554920434952,0.43630993366241455,0.43630993366241455,0.0,0.9922000169754028
6,26,,,,,,
6,27,,,,,,
6,28,0.06340327858924866,-0.007194787263870239,0.06340327858924866,0.06340327858924866,0.000699999975040555,0.5781999826431274
6,29,0.27058839797973633,-0.017107494175434113,0.27058839797973633,0.27058839797973633,0.0,0.1525000035762787
6,30,0.06874136626720428,0.01698259636759758,0.06874136626720428,0.06874136626720428,9.999999747378752e-05,0.1469999998807907
6,31,0.38664084672927856,0.013386599719524384,0.38664084672927856,0.38664084672927856,0.0,0.32359999418258667
7,0,0.2120690643787384,-0.015506722033023834,0.2120690643787384,0.2120690643787384,0.0,0.16429999470710754
7,1,0.0904029831290245,-0.013150986284017563,0.0904029831290245,0.0904029831290245,0.0,0.28700000047683716
7,2,0.485409140586853,0.03892846405506134,0.485409140586853,0.485409140586853,0.0,0.03660000115633011
7,3,0.006695332936942577,-0.009886057116091251,0.006695332936942577,0.006695332936942577,0.9890000224113464,0.6100000143051147
7,4,,,,,,
7,5,0.010781416669487953,-0.017954273149371147,0.010781416669487953,0.010781416669487953,0.3903999924659729,0.14190000295639038
7,6,0.34967517852783203,0.005291491746902466,0.34967517852783203,0.34967517852783203,0.0,0.7189000248908997
7,7,0.4249206483364105,-0.012842915952205658,0.4249206483364105,0.4249206483364105,0.0,0.32519999146461487
7,8,0.4852983355522156,0.0485660620033741,0.4852983355522156,0.4852983355522156,0.0,0.023399999365210533
7,9,0.48662465810775757,0.04155269265174866,0.48662465810775757,0.48662465810775757,0.0,0.03370000049471855
7,10,0.41002410650253296,0.056327737867832184,0.41002410650253296,0.41002410650253296,0.0,0.014100000262260437
7,11,0.35573771595954895,0.008504117839038372,0.35573771595954895,0.35573771595954895,0.0,0.5519999861717224
7,12,0.26716142892837524,0.04271739348769188,0.26716142892837524,0.26716142892837524,0.0,0.017999999225139618
7,13,0.04382770508527756,-0.011716082692146301,0.04382770508527756,0.04382770508527756,0.02160000056028366,0.35929998755455017
7,14,0.07137004286050797,-0.01574852503836155,0.07137004286050797,0.07137004286050797,0.0019000000320374966,0.18410000205039978
7,15,0.2761351466178894,-0.017308378592133522,0.2761351466178894,0.2761351466178894,0.0,0.13650000095367432
7,16,0.22127898037433624,0.026354409754276276,0.22127898037433624,0.22127898037433624,0.0,0.04879999905824661
7,17,0.4652896523475647,0.017497077584266663,0.4652896523475647,0.4652896523475647,0.0,0.13120000064373016
7,18,0.3657568395137787,0.025819431990385056,0.3657568395137787,0.3657568395137787,0.0,0.065700002014637
7,19,0.4046027958393097,-0.01618080399930477,0.4046027958393097,0.4046027958393097,0.0,0.17759999632835388
7,20,0.48502233624458313,0.029728058725595474,0.48502233624458313,0.48502233624458313,0.0,0.0617000013589859
7,21,0.4555831253528595,0.03635593503713608,0.4555831253528595,0.4555831253528595,0.0,0.039900001138448715
7,22,0.29688647389411926,-0.019660957157611847,0.29688647389411926,0.29688647389411926,0.0,0.10670000314712524
7,23,0.48708251118659973,0.04801439493894577,0.48708251118659973,0.48708251118659973,0.0,0.02280000038444996
7,24,0.2097143530845642,0.01979381963610649,0.2097143530845642,0.2097143530845642,0.0,0.09969999641180038
7,25,,,,,,
7,26,0.4257911443710327,-0.018364448100328445,0.4257911443710327,0.4257911443710327,0.0,0.13359999656677246
7,27,0.44203445315361023,0.009018288925290108,0.44203445315361023,0.44203445315361023,0.0,0.5286999940872192
7,28,,,,,,
7,29,,,,,,
7,30,,,,,,
7,31,,,,,,
8,0,0.1030239537358284,-0.01032312959432602,0.1030239537358284,0.1030239537358284,0.0,0.4259999990463257
8,1,0.49048706889152527,-0.018729768693447113,0.49048706889152527,0.49048706889152527,0.0,0.11729999631643295
8,2,0.40181052684783936,0.026246163994073868,0.40181052684783936,0.40181052684783936,0.0,0.06809999793767929
8,3,0.46438220143318176,-0.013790767639875412,0.46438220143318176,0.46438220143318176,0.0,0.2827000021934509
8,4,,,,,,
8,5,,,,,,
8,6,,,,,,
8,7,,,,,,
8,8,0.42966172099113464,0.044498901814222336,0.42966172099113464,0.42966172099113464,0.0,0.02319999970495701
8,9,0.48749643564224243,0.01574714668095112,0.48749643564224243,0.48749643564224243,0.0,0.1876000016927719
8,10,0.25684159994125366,-0.010234663262963295,0.25684159994125366,0.25684159994125366,0.0,0.4153999984264374
8,11,0.27389681339263916,-0.0058050453662872314,0.27389681339263916,0.27389681339263916,0.0,0.6240000128746033
8,12,0.09324708580970764,-0.0030963271856307983,0.09324708580970764,0.09324708580970764,0.0,0.7098000049591064
8,13,0.2233990728855133,0.014478744007647038,0.2233990728855133,0.2233990728855133,0.0,0.25519999861717224
8,14,0.48433125019073486,-0.011008675210177898,0.48433125019073486,0.48433125019073486,0.0,0.4496000111103058
8,15,0.4697840213775635,0.01490826066583395,0.4697840213775635,0.4697840213775635,0.0,0.24539999663829803
8,16,0.23899775743484497,0.6235272884368896,0.6235272884368896,0.6235272884368896,0.0,0.0
8,17,0.06197550520300865,0.0573577843606472,0.06197550520300865,0.06197550520300865,0.0007999999797903001,0.004800000227987766
8,18,-0.019124604761600494,0.0026176637038588524,0.0026176637038588524,0.0026176637038588524,0.021400000900030136,0.6258000135421753
8,19,0.1921185404062271,-0.015253111720085144,0.1921185404062271,0.1921185404062271,0.0,0.19059999287128448
8,20,0.4737966060638428,0.07618053257465363,0.4737966060638428,0.4737966060638428,0.0,0.004399999976158142
8,21,0.2983856797218323,0.007458812091499567,0.2983856797218323,0.2983856797218323,0.0,0.6090999841690063
8,22,0.3804522156715393,-0.0206847433000803,0.3804522156715393,0.3804522156715393,0.0,0.1046999990940094
8,23,0.4898572266101837,-0.021282896399497986,0.4898572266101837,0.4898572266101837,0.0,0.09430000185966492
8,24,0.38945987820625305,0.011832989752292633,0.38945987820625305,0.38945987820625305,0.0,0.39089998602867126
8,25,0.2677159905433655,-0.0017312169075012207,0.2677159905433655,0.2677159905433655,0.0,0.8873999714851379
8,26,0.4833884537220001,0.1009903997182846,0.4833884537220001,0.4833884537220001,0.0,0.0007999999797903001
8,27,0.39784425497055054,0.42751452326774597,0.42751452326774597,0.42751452326774597,0.0,0.0
8,28,0.48812419176101685,0.08754552155733109,0.48812419176101685,0.48812419176101685,0.0,0.0026000000070780516
8,29,0.4835243225097656,0.14025193452835083,0.4835243225097656,0.4835243225097656,0.0,0.00039999998989515007
8,30,0.444700688123703,0.03816452994942665,0.444700688123703,0.444700688123703,0.0,0.032499998807907104
8,31,0.46474015712738037,0.023549430072307587,0.46474015712738037,0.46474015712738037,0.0,0.08640000224113464
9,0,0.18758642673492432,3.573298454284668e-05,0.18758642673492432,0.18758642673492432,0.0,0.9968000054359436
9,1,0.4612584710121155,0.10777926445007324,0.4612584710121155,0.4612584710121155,0.0,0.0007999999797903001
9,2,0.45694705843925476,0.06330882012844086,0.45694705843925476,0.45694705843925476,0.0,0.008500000461935997
9,3,0.3932379484176636,0.07340504229068756,0.3932379484176636,0.3932379484176636,0.0,0.002899999963119626
9,4,0.4703664779663086,0.11682984232902527,0.4703664779663086,0.4703664779663086,0.0,0.0005000000237487257
9,5,0.3643341064453125,0.058163370937108994,0.3643341064453125,0.3643341064453125,0.0,0.006899999920278788
9,6,0.49743592739105225,0.11737383157014847,0.49743592739105225,0.49743592739105225,0.0,0.00039999998989515007
9,7,0.49350979924201965,0.037366561591625214,0.49350979924201965,0.49350979924201965,0.0,0.04089999943971634
9,8,0.1327497512102127,-0.017836041748523712,0.1327497512102127,0.1327497512102127,0.0,0.13410000503063202
9,9,0.3980361521244049,0.09299106150865555,0.3980361521244049,0.3980361521244049,0.0,0.0010000000474974513
9,10,0.38691598176956177,0.06598196923732758,0.38691598176956177,0.38691598176956177,0.0,0.004900000058114529
9,11,0.4819810092449188,0.0289408378303051,0.4819810092449188,0.4819810092449188,0.0,0.06790000200271606
9,12,0.035276513546705246,-0.017377041280269623,0.035276513546705246,0.035276513546705246,0.013700000010430813,0.09690000116825104
9,13,0.031950224190950394,-0.014940161257982254,0.031950224190950394,0.031950224190950394,0.01360000018030405,0.14499999582767487
9,14,0.3060823678970337,0.018724888563156128,0.3060823678970337,0.3060823678970337,0.0,0.07989999651908875
9,15,0.4871063828468323,0.051658280193805695,0.4871063828468323,0.4871063828468323,0.0,0.01899999938905239
9,16,,,,,,
9,17,,,,,,
9,18,0.3283374607563019,0.19622370600700378,0.3283374607563019,0.3283374607563019,0.0,0.0
9,19,0.48145657777786255,0.07137928158044815,0.48145657777786255,0.48145657777786255,0.0,0.005799999926239252
9,20,-0.0037735598161816597,-0.018516747280955315,0.0,-0.0037735598161816597,0.8087999820709229,0.16850000619888306
9,21,0.2490745186805725,0.04037103429436684,0.2490745186805725,0.2490745186805725,0.0,0.013500000350177288
9,22,,,,,,
9,23,0.3327425718307495,0.41261768341064453,0.41261768341064453,0.41261768341064453,0.0,0.0
9,24,0.4850703477859497,0.042973414063453674,0.4850703477859497,0.4850703477859497,0.0,0.03009999915957451
9,25,0.48565948009490967,0.049554482102394104,0.48565948009490967,0.48565948009490967,0.0,0.02070000022649765
9,26,0.24473029375076294,0.02112157642841339,0.24473029375076294,0.24473029375076294,0.0,0.0754999965429306
9,27,0.22048026323318481,0.002841419540345669,0.22048026323318481,0.22048026323318481,0.0,0.8700000047683716
9,28,0.4836558401584625,0.08245349675416946,0.4836558401584625,0.4836558401584625,0.0,0.0032999999821186066
9,29,0.436441034078598,0.05248262733221054,0.436441034078598,0.436441034078598,0.0,0.015399999916553497
9,30,0.4347396492958069,0.04880473390221596,0.4347396492958069,0.4347396492958069,0.0,0.017400000244379044
9,31,0.4862731397151947,0.10019764304161072,0.4862731397151947,0.4862731397151947,0.0,0.0015999999595806003
10,0,0.45933079719543457,0.16763988137245178,0.45933079719543457,0.45933079719543457,0.0,0.0
10,1,0.36592841148376465,0.06965432316064835,0.36592841148376465,0.36592841148376465,0.0,0.0035000001080334187
10,2,,,,,,
10,3,,,,,,
10,4,0.29276132583618164,0.34253448247909546,0.34253448247909546,0.34253448247909546,0.0,0.0
10,5,0.2253584861755371,0.038095101714134216,0.2253584861755371,0.2253584861755371,0.0,0.017000000923871994
10,6,0.46265172958374023,-0.019879519939422607,0.46265172958374023,0.46265172958374023,0.0,0.10279999673366547
10,7,0.4332238435745239,0.45303165912628174,0.45303165912628174,0.45303165912628174,0.0,0.0
10,8,0.007555542513728142,0.012218296527862549,0.012218296527862549,0.012218296527862549,0.5866000056266785,0.31610000133514404
10,9,0.12297620624303818,-0.011919727548956871,0.12297620624303818,0.12297620624303818,0.0,0.2273000031709671
10,10,0.2730453908443451,-0.020119592547416687,0.2730453908443451,0.2730453908443451,0.0,0.11990000307559967
10,11,0.48867934942245483,0.024866025894880295,0.48867934942245483,0.48867934942245483,0.0,0.08030000329017639
10,12,0.37710753083229065,0.023386362940073013,0.37710753083229065,0.37710753083229065,0.0,0.08060000091791153
10,13,0.4929042458534241,0.24986791610717773,0.4929042458534241,0.4929042458534241,0.0,0.0
10,14,0.4949011206626892,0.23550806939601898,0.4949011206626892,0.4949011206626892,0.0,0.0
10,15,0.3683047294616699,0.0783815085887909,0.3683047294616699,0.3683047294616699,0.0,0.0020000000949949026
10,16,0.4991973340511322,0.07853137701749802,0.4991973340511322,0.4991973340511322,0.0,0.004600000102072954
10,17,0.30931782722473145,0.3911435604095459,0.3911435604095459,0.3911435604095459,0.0,0.0
10,18,0.48619362711906433,0.027126692235469818,0.48619362711906433,0.48619362711906433,0.0,0.07280000299215317
10,19,0.48452603816986084,0.1606983244419098,0.48452603816986084,0.48452603816986084,0.0,0.00019999999494757503
10,20,,,,,,
10,21,,,,,,
10,22,0.5068658590316772,0.07039014250040054,0.5068658590316772,0.5068658590316772,0.0,0.006099999882280827
10,23,0.2922971248626709,0.07714155316352844,0.2922971248626709,0.2922971248626709,0.0,0.0006000000284984708
10,24,0.530032217502594,0.426683247089386,0.530032217502594,0.530032217502594,0.0,0.0
10,25,0.4979671537876129,0.36210882663726807,0.4979671537876129,0.4979671537876129,0.0,0.0
10,26,0.40141117572784424,-0.0007521510124206543,0.40141117572784424,0.40141117572784424,0.0,0.9598000049591064
10,27,0.3904704749584198,0.020336106419563293,0.3904704749584198,0.3904704749584198,0.0,0.16740000247955322
10,28,0.3422064483165741,0.10848873108625412,0.3422064483165741,0.3422064483165741,0.0,9.999999747378752e-05
10,29,0.47203415632247925,0.01710783876478672,0.47203415632247925,0.47203415632247925,0.0,0.15929999947547913
10,30,0.11260679364204407,0.7461196184158325,0.7461196184158325,0.7461196184158325,0.0,0.0
10,31,0.014677013270556927,0.24791187047958374,0.24791187047958374,0.24791187047958374,0.2167000025510788,0.0
11,0,0.4916396737098694,-0.021325204521417618,0.4916396737098694,0.4916396737098694,0.0,0.09669999778270721
11,1,0.48604708909988403,0.007650341838598251,0.48604708909988403,0.48604708909988403,0.0,0.6308000087738037
11,2,0.13399851322174072,0.1263241469860077,0.13399851322174072,0.13399851322174072,0.0,9.999999747378752e-05
11,3,0.37793460488319397,0.07935117930173874,0.37793460488319397,0.37793460488319397,0.0,0.002899999963119626
11,4,0.2928941547870636,0.05370211601257324,0.2928941547870636,0.2928941547870636,0.0,0.006099999882280827
11,5,0.48740869760513306,0.1471809446811676,0.48740869760513306,0.48740869760513306,0.0,0.00019999999494757503
11,6,0.16523632407188416,0.021837325766682625,0.16523632407188416,0.16523632407188416,0.0,0.06369999796152115
11,7,0.213314026594162,-0.0033545270562171936,0.213314026594162,0.213314026594162,0.0,0.7825000286102295
11,8,0.2930702567100525,0.016693590208888054,0.2930702567100525,0.2930702567100525,0.0,0.17249999940395355
11,9,0.33381831645965576,0.010575007647275925,0.33381831645965576,0.33381831645965576,0.0,0.4456000030040741
11,10,0.5291528105735779,0.022367753088474274,0.5291528105735779,0.5291528105735779,0.0,0.09350000321865082
11,11,0.1248844563961029,-0.015804380178451538,0.1248844563961029,0.1248844563961029,0.0,0.21940000355243683
11,12,-0.0011421251110732555,-0.008060192689299583,0.0,-0.0011421251110732555,0.9083999991416931,0.3637999892234802
11,13,0.005099032539874315,-0.014772958122193813,0.005099032539874315,0.005099032539874315,0.7202000021934509,0.18950000405311584
11,14,0.4362194538116455,-0.020043253898620605,0.4362194538116455,0.4362194538116455,0.0,0.1062999963760376
11,15,0.3831433057785034,-0.010954208672046661,0.3831433057785034,0.3831433057785034,0.0,0.39469999074935913
11,16,0.2929050922393799,0.02374509535729885,0.2929050922393799,0.2929050922393799,0.0,0.07580000162124634
11,17,0.12494166195392609,0.1250862181186676,0.1250862181186676,0.1250862181186676,0.0,0.0
11,18,,,,,,
11,19,,,,,,
11,20,0.5633973479270935,0.06786651909351349,0.5633973479270935,0.5633973479270935,0.0,0.00839999970048666
11,21,0.31959468126296997,0.22255802154541016,0.31959468126296997,0.31959468126296997,0.0,0.0
11,22,0.33325427770614624,-0.009557794779539108,0.33325427770614624,0.33325427770614624,0.0,0.4943000078201294
11,23,0.27878040075302124,0.04799983650445938,0.27878040075302124,0.27878040075302124,0.0,0.008799999952316284
11,24,0.38455766439437866,0.11537718772888184,0.38455766439437866,0.38455766439437866,0.0,9.999999747378752e-05
11,25,0.17480722069740295,-0.002562127076089382,0.17480722069740295,0.17480722069740295,0.0,0.8522999882698059
11,26,0.13906148076057434,-0.014264004305005074,0.13906148076057434,0.13906148076057434,0.0,0.14239999651908875
11,27,0.0828368067741394,0.008414968848228455,0.0828368067741394,0.0828368067741394,0.0,0.45989999175071716
11,28,0.4277372360229492,0.03925211727619171,0.4277372360229492,0.4277372360229492,0.0,0.01850000023841858
11,29,0.10854709893465042,0.12697114050388336,0.12697114050388336,0.12697114050388336,0.0,0.0
11,30,,,,,,
11,31,0.4921380281448364,-0.010414712131023407,0.4921380281448364,0.4921380281448364,0.0,0.43479999899864197
12,0,0.08424589037895203,0.11582857370376587,0.11582857370376587,0.11582857370376587,0.0,0.0
12,1,0.46282705664634705,0.0037722494453191757,0.46282705664634705,0.46282705664634705,0.0,0.8226000070571899
12,2,0.4810171127319336,0.05730924382805824,0.4810171127319336,0.4810171127319336,0.0,0.014800000004470348
12,3,0.3951968550682068,0.08862204849720001,0.3951968550682068,0.3951968550682068,0.0,0.0010999999940395355
12,4,0.39150452613830566,-0.0015587769448757172,0.39150452613830566,0.39150452613830566,0.0,0.9214000105857849
12,5,0.4797098636627197,0.034541450440883636,0.4797098636627197,0.4797098636627197,0.0,0.04830000177025795
12,6,0.24701929092407227,-0.00449146144092083,0.24701929092407227,0.24701929092407227,0.0,0.7838000059127808
12,7,0.20312057435512543,-0.011232789605855942,0.20312057435512543,0.20312057435512543,0.0,0.4318000078201294
12,8,0.4979899823665619,0.08182070404291153,0.4979899823665619,0.4979899823665619,0.0,0.0031999999191612005
12,9,0.4870244264602661,0.07364965230226517,0.4870244264602661,0.4870244264602661,0.0,0.004800000227987766
12,10,0.4897456169128418,0.06773608922958374,0.4897456169128418,0.4897456169128418,0.0,0.00800000037997961
12,11,0.48975810408592224,0.09545085579156876,0.48975810408592224,0.48975810408592224,0.0,0.002300000051036477
12,12,0.3900073170661926,0.4700930714607239,0.4700930714607239,0.4700930714607239,0.0,0.0
12,13,0.5913637280464172,0.17113111913204193,0.5913637280464172,0.5913637280464172,0.0,0.0
12,14,0.2046457678079605,0.013896577060222626,0.2046457678079605,0.2046457678079605,0.0,0.24619999527931213
12,15,0.49036088585853577,0.05423188954591751,0.49036088585853577,0.49036088585853577,0.0,0.01759999990463257
12,16,0.13741128146648407,-0.0057855285704135895,0.13741128146648407,0.13741128146648407,0.0,0.6477000117301941
12,17,0.010191597044467926,-0.01696733385324478,0.010191597044467926,0.010191597044467926,0.3458000123500824,0.09049999713897705
12,18,0.5390567183494568,0.10978144407272339,0.5390567183494568,0.5390567183494568,0.0,0.00019999999494757503
12,19,0.40683454275131226,0.12440624833106995,0.40683454275131226,0.40683454275131226,0.0,0.00039999998989515007
12,20,0.37015655636787415,0.7185775637626648,0.7185775637626648,0.7185775637626648,0.0,0.0
12,21,0.2413719743490219,0.8364025950431824,0.8364025950431824,0.8364025950431824,0.0,0.0
12,22,0.49718689918518066,0.1120895966887474,0.49718689918518066,0.49718689918518066,0.0,0.0006000000284984708
12,23,0.47917377948760986,0.01579779013991356,0.47917377948760986,0.47917377948760986,0.0,0.20319999754428864
12,24,0.6006187200546265,0.27218395471572876,0.6006187200546265,0.6006187200546265,0.0,0.0
12,25,0.3627791404724121,-0.020813124254345894,0.3627791404724121,0.3627791404724121,0.0,0.13349999487400055
12,26,0.19807550311088562,0.37001925706863403,0.37001925706863403,0.37001925706863403,0.0,0.0
12,27,0.4995427131652832,0.06256531178951263,0.4995427131652832,0.4995427131652832,0.0,0.011099999770522118
12,28,,,,,,
12,29,,,,,,
12,30,,,,,,
12,31,,,,,,
13,0,0.5031116604804993,0.1122908666729927,0.5031116604804993,0.5031116604804993,0.0,0.000699999975040555
13,1,0.6435748934745789,0.01337442360818386,0.6435748934745789,0.6435748934745789,0.0,0.3003000020980835
13,2,0.4450364112854004,0.028614016249775887,0.4450364112854004,0.4450364112854004,0.0,0.05719999969005585
13,3,0.004213086329400539,-0.01624048873782158,0.004213086329400539,0.004213086329400539,0.6923999786376953,0.08619999885559082
13,4,0.08348207920789719,0.2848176956176758,0.2848176956176758,0.2848176956176758,0.0,0.0
13,5,0.46179497241973877,0.05536220595240593,0.46179497241973877,0.46179497241973877,0.0,0.01549999974668026
13,6,0.24910618364810944,-0.019837558269500732,0.24910618364810944,0.24910618364810944,0.0,0.093299999833107
13,7,0.516074538230896,0.1744682788848877,0.516074538230896,0.516074538230896,0.0,0.0
13,8,0.13795879483222961,0.3038482069969177,0.3038482069969177,0.3038482069969177,0.0,0.0
13,9,0.5193358659744263,0.1057410016655922,0.5193358659744263,0.5193358659744263,0.0,0.0010000000474974513
13,10,0.4612259566783905,0.08997755497694016,0.4612259566783905,0.4612259566783905,0.0,0.0010000000474974513
13,11,0.554214596748352,0.07651394605636597,0.554214596748352,0.554214596748352,0.0,0.004100000020116568
13,12,0.4457470774650574,0.003558531403541565,0.4457470774650574,0.4457470774650574,0.0,0.8065999746322632
13,13,0.3745397627353668,0.05423915386199951,0.3745397627353668,0.3745397627353668,0.0,0.012400000356137753
13,14,0.29504504799842834,0.5290067791938782,0.5290067791938782,0.5290067791938782,0.0,0.0
13,15,0.35921698808670044,0.1526910364627838,0.35921698808670044,0.35921698808670044,0.0,0.0
13,16,0.4109501838684082,0.16726413369178772,0.4109501838684082,0.4109501838684082,0.0,0.0
13,17,0.30893880128860474,0.6367809772491455,0.6367809772491455,0.6367809772491455,0.0,0.0
13,18,0.49032843112945557,0.016321690753102303,0.49032843112945557,0.49032843112945557,0.0,0.1459999978542328
13,19,0.272390753030777,0.03599441424012184,0.272390753030777,0.272390753030777,0.0,0.023399999365210533
13,20,0.138148695230484,0.06299206614494324,0.138148695230484,0.138148695230484,0.0,0.001500000013038516
13,21,0.21979397535324097,-0.010988887399435043,0.21979397535324097,0.21979397535324097,0.0,0.313400000333786
13,22,0.518909215927124,0.19397065043449402,0.518909215927124,0.518909215927124,0.0,0.0
13,23,0.4812338352203369,-0.016596797853708267,0.4812338352203369,0.4812338352203369,0.0,0.15410000085830688
13,24,0.607208788394928,0.005285236984491348,0.607208788394928,0.607208788394928,0.0,0.7354999780654907
13,25,0.4920710325241089,0.14740748703479767,0.4920710325241089,0.4920710325241089,0.0,0.00019999999494757503
13,26,0.4932948350906372,0.1091916561126709,0.4932948350906372,0.4932948350906372,0.0,0.0007999999797903001
13,27,0.2441856861114502,0.1962982565164566,0.2441856861114502,0.2441856861114502,0.0,0.0
13,28,0.49396753311157227,0.11985860764980316,0.49396753311157227,0.49396753311157227,0.0,0.00039999998989515007
13,29,0.49789461493492126,0.2346130758523941,0.49789461493492126,0.49789461493492126,0.0,0.0
13,30,0.014762310311198235,0.04821515083312988,0.04821515083312988,0.04821515083312988,0.09629999846220016,0.0010000000474974513
13,31,0.4256129860877991,0.11878550052642822,0.4256129860877991,0.4256129860877991,0.0,0.00039999998989515007
14,0,0.3892102539539337,-0.017150506377220154,0.3892102539539337,0.3892102539539337,0.0,0.18930000066757202
14,1,0.47061166167259216,-0.021624278277158737,0.47061166167259216,0.47061166167259216,0.0,0.09529999643564224
14,2,0.3123309314250946,0.13680057227611542,0.3123309314250946,0.3123309314250946,0.0,0.0
14,3,-0.06017689406871796,-0.030835092067718506,0.0,-0.030835092067718506,0.0003000000142492354,0.024000000208616257
14,4,0.3695649206638336,0.012036990374326706,0.3695649206638336,0.3695649206638336,0.0,0.30880001187324524
14,5,0.5019481182098389,0.2432202398777008,0.5019481182098389,0.5019481182098389,0.0,0.0
14,6,0.34821051359176636,-0.012362771667540073,0.34821051359176636,0.34821051359176636,0.0,0.3903000056743622
14,7,0.46435585618019104,0.08269982039928436,0.46435585618019104,0.46435585618019104,0.0,0.003100000089034438
14,8,0.48565706610679626,0.06794080138206482,0.48565706610679626,0.48565706610679626,0.0,0.00570000009611249
14,9,0.24690242111682892,0.0028491243720054626,0.24690242111682892,0.24690242111682892,0.0,0.7778000235557556
14,10,0.2641317844390869,0.017723655328154564,0.2641317844390869,0.2641317844390869,0.0,0.12680000066757202
14,11,0.3175009787082672,0.15952849388122559,0.3175009787082672,0.3175009787082672,0.0,0.0
14,12,0.3010365962982178,0.03674865514039993,0.3010365962982178,0.3010365962982178,0.0,0.024399999529123306
14,13,0.49290356040000916,0.034176476299762726,0.49290356040000916,0.49290356040000916,0.0,0.04529999941587448
14,14,0.2284928858280182,0.033087439835071564,0.2284928858280182,0.2284928858280182,0.0,0.03530000150203705
14,15,0.48647814989089966,0.0648617148399353,0.48647814989089966,0.48647814989089966,0.0,0.009100000374019146
14,16,0.5019547343254089,0.17049309611320496,0.5019547343254089,0.5019547343254089,0.0,0.0
14,17,0.18721875548362732,0.014228623360395432,0.18721875548362732,0.18721875548362732,0.0,0.13089999556541443
14,18,0.25066137313842773,0.13428111374378204,0.25066137313842773,0.25066137313842773,0.0,0.0
14,19,0.49895912408828735,0.1377699226140976,0.49895912408828735,0.49895912408828735,0.0,0.00019999999494757503
14,20,,,,,,
14,21,,,,,,
14,22,0.46856850385665894,0.10914863646030426,0.46856850385665894,0.46856850385665894,0.0,0.0003000000142492354
14,23,0.46100878715515137,0.1353028416633606,0.46100878715515137,0.46100878715515137,0.0,0.00019999999494757503
14,24,0.2173917591571808,0.023920655250549316,0.2173917591571808,0.2173917591571808,0.0,0.05480000004172325
14,25,0.31887513399124146,-0.021559391170740128,0.31887513399124146,0.31887513399124146,0.0,0.11089999973773956
14,26,0.48762497305870056,0.17492347955703735,0.48762497305870056,0.48762497305870056,0.0,0.0
14,27,0.2712978720664978,-0.0164084043353796,0.2712978720664978,0.2712978720664978,0.0,0.2468000054359436
14,28,0.2818218767642975,0.17278148233890533,0.2818218767642975,0.2818218767642975,0.0,0.0
14,29,0.2949383556842804,-0.01723133772611618,0.2949383556842804,0.2949383556842804,0.0,0.1436000019311905
14,30,0.4054262936115265,0.08231129497289658,0.4054262936115265,0.4054262936115265,0.0,0.002300000051036477
14,31,0.5058844685554504,0.05598356947302818,0.5058844685554504,0.5058844685554504,0.0,0.016499999910593033
15,0,0.4980228543281555,0.10739275068044662,0.4980228543281555,0.4980228543281555,0.0,0.0007999999797903001
15,1,0.5243731737136841,0.16379684209823608,0.5243731737136841,0.5243731737136841,0.0,0.00019999999494757503
15,2,,,,,,
15,3,,,,,,
15,4,,,,,,
15,5,,,,,,
15,6,0.22257888317108154,0.020721517503261566,0.22257888317108154,0.22257888317108154,0.0,0.08219999819993973
15,7,0.31618762016296387,0.010504936799407005,0.31618762016296387,0.31618762016296387,0.0,0.4629000127315521
15,8,0.18385791778564453,-0.015882113948464394,0.18385791778564453,0.18385791778564453,0.0,0.1973000019788742
15,9,0.10525858402252197,-0.0035169152542948723,0.10525858402252197,0.10525858402252197,9.999999747378752e-05,0.8033000230789185
15,10,0.5128393769264221,0.13586077094078064,0.5128393769264221,0.5128393769264221,0.0,0.00019999999494757503
15,11,0.5118820667266846,0.14681248366832733,0.5118820667266846,0.5118820667266846,0.0,0.0003000000142492354
15,12,0.489474892616272,0.11818255484104156,0.489474892616272,0.489474892616272,0.0,0.0005000000237487257
15,13,0.49056175351142883,0.27970415353775024,0.49056175351142883,0.49056175351142883,0.0,0.0
15,14,0.5590572357177734,0.04672693833708763,0.5590572357177734,0.5590572357177734,0.0,0.024000000208616257
15,15,0.5270371437072754,-0.013406030833721161,0.5270371437072754,0.5270371437072754,0.0,0.32839998602867126
15,16,0.5088581442832947,0.07848349213600159,0.5088581442832947,0.5088581442832947,0.0,0.004100000020116568
15,17,0.4988832473754883,0.29035237431526184,0.4988832473754883,0.4988832473754883,0.0,0.0
15,18,0.509205162525177,0.2035885453224182,0.509205162525177,0.509205162525177,0.0,0.0
15,19,0.4090133607387543,0.031802691519260406,0.4090133607387543,0.4090133607387543,0.0,0.040699999779462814
15,20,0.5335785150527954,-0.015598315745592117,0.5335785150527954,0.5335785150527954,0.0,0.1599999964237213
15,21,0.4981311857700348,0.04126372188329697,0.4981311857700348,0.4981311857700348,0.0,0.031300000846385956
15,22,0.47828567028045654,0.12690694630146027,0.47828567028045654,0.47828567028045654,0.0,0.0003000000142492354
15,23,0.4192976653575897,0.07633213698863983,0.4192976653575897,0.4192976653575897,0.0,0.0024999999441206455
15,24,0.4192327558994293,0.11111193895339966,0.4192327558994293,0.4192327558994293,0.0,0.00019999999494757503
15,25,0.455699622631073,0.060632526874542236,0.455699622631073,0.455699622631073,0.0,0.008500000461935997
15,26,0.5021442174911499,0.2928083539009094,0.5021442174911499,0.5021442174911499,0.0,0.0
15,27,0.33376607298851013,0.018428955227136612,0.33376607298851013,0.33376607298851013,0.0,0.1185000017285347
15,28,0.3272111713886261,0.03519228845834732,0.3272111713886261,0.3272111713886261,0.0,0.028300000354647636
15,29,0.011889442801475525,0.004240475594997406,0.011889442801475525,0.011889442801475525,0.026599999517202377,0.36419999599456787
15,30,0.4769630432128906,0.2517930269241333,0.4769630432128906,0.4769630432128906,0.0,0.0
15,31,0.49490875005722046,0.20020586252212524,0.49490875005722046,0.49490875005722046,0.0,0.0
16,0,0.2786148190498352,0.664456844329834,0.664456844329834,0.664456844329834,0.0,0.0
16,1,0.5069664716720581,0.19474992156028748,0.5069664716720581,0.5069664716720581,0.0,0.0
16,2,,,,,,
16,3,0.3992915153503418,0.00035456428304314613,0.3992915153503418,0.3992915153503418,0.0,0.9815000295639038
16,4,,,,,,
16,5,,,,,,
16,6,0.4976782202720642,0.16561931371688843,0.4976782202720642,0.4976782202720642,0.0,0.0
16,7,0.5545332431793213,0.09153009951114655,0.5545332431793213,0.5545332431793213,0.0,0.0020000000949949026
16,8,,,,,,
16,9,,,,,,
16,10,0.49915677309036255,0.16257980465888977,0.49915677309036255,0.49915677309036255,0.0,9.999999747378752e-05
16,11,0.49811089038848877,0.17661544680595398,0.49811089038848877,0.49811089038848877,0.0,0.0
16,12,0.43615564703941345,-0.0024469438940286636,0.43615564703941345,0.43615564703941345,0.0,0.8848000168800354
16,13,0.19664964079856873,0.05910123139619827,0.19664964079856873,0.19664964079856873,0.0,0.0038999998942017555
16,14,0.5006580948829651,0.16868865489959717,0.5006580948829651,0.5006580948829651,0.0,9.999999747378752e-05
16,15,0.5165882110595703,0.21454653143882751,0.5165882110595703,0.5165882110595703,0.0,0.0
16,16,0.4701879322528839,0.2007404863834381,0.4701879322528839,0.4701879322528839,0.0,0.0
16,17,0.49743884801864624,0.18625614047050476,0.49743884801864624,0.49743884801864624,0.0,0.0
16,18,0.2749626040458679,0.02832464873790741,0.2749626040458679,0.2749626040458679,0.0,0.029200000688433647
16,19,-0.013417174108326435,0.002671189606189728,0.002671189606189728,0.002671189606189728,0.014299999922513962,0.5080000162124634
16,20,0.49673348665237427,0.18694865703582764,0.49673348665237427,0.49673348665237427,0.0,0.0
16,21,0.5159859657287598,0.31192076206207275,0.5159859657287598,0.5159859657287598,0.0,0.0
16,22,0.5255103707313538,0.21873754262924194,0.5255103707313538,0.5255103707313538,0.0,0.0
16,23,0.521605372428894,0.16101372241973877,0.521605372428894,0.521605372428894,0.0,9.999999747378752e-05
16,24,0.3865138590335846,0.07786529511213303,0.3865138590335846,0.3865138590335846,0.0,0.0027000000700354576
16,25,0.5153017044067383,0.25220760703086853,0.5153017044067383,0.5153017044067383,0.0,0.0
16,26,0.5387258529663086,-0.01860833913087845,0.5387258529663086,0.5387258529663086,0.0,0.1264999955892563
16,27,0.2748178243637085,0.04719843715429306,0.2748178243637085,0.2748178243637085,0.0,0.013199999928474426
16,28,0.34008389711380005,0.09103575348854065,0.34008389711380005,0.34008389711380005,0.0,0.0007999999797903001
16,29,0.4904850721359253,0.05161318928003311,0.4904850721359253,0.4904850721359253,0.0,0.019099999219179153
16,30,0.4994185268878937,0.12039076536893845,0.4994185268878937,0.4994185268878937,0.0,0.0005000000237487257
16,31,0.5023746490478516,0.1535479724407196,0.5023746490478516,0.5023746490478516,0.0,9.999999747378752e-05
17,0,0.31982648372650146,0.12469357252120972,0.31982648372650146,0.31982648372650146,0.0,0.0
17,1,0.49912625551223755,0.12409751117229462,0.49912625551223755,0.49912625551223755,0.0,0.0006000000284984708
17,2,0.4671553075313568,0.1430249810218811,0.4671553075313568,0.4671553075313568,0.0,0.00019999999494757503
17,3,0.4303196370601654,0.19610890746116638,0.4303196370601654,0.4303196370601654,0.0,0.0
17,4,0.48306819796562195,0.3078452944755554,0.48306819796562195,0.48306819796562195,0.0,0.0
17,5,0.09996510297060013,0.013932999223470688,0.09996510297060013,0.09996510297060013,0.0,0.19900000095367432
17,6,0.6064020395278931,0.07146496325731277,0.6064020395278931,0.6064020395278931,0.0,0.006599999964237213
17,7,0.6294621229171753,0.15488123893737793,0.6294621229171753,0.6294621229171753,0.0,0.00019999999494757503
17,8,0.412631630897522,0.055105116218328476,0.412631630897522,0.412631630897522,0.0,0.012900000438094139
17,9,0.5050220489501953,0.22510002553462982,0.5050220489501953,0.5050220489501953,0.0,0.0
17,10,0.12888287007808685,0.027442414313554764,0.12888287007808685,0.12888287007808685,0.0,0.02850000001490116
17,11,0.10645498335361481,0.03137494623661041,0.10645498335361481,0.10645498335361481,0.0,0.027799999341368675
17,12,0.49530524015426636,0.1887637972831726,0.49530524015426636,0.49530524015426636,0.0,0.0
17,13,0.2039964199066162,0.033091261982917786,0.2039964199066162,0.2039964199066162,0.0,0.02319999970495701
17,14,0.4209659695625305,0.13729530572891235,0.4209659695625305,0.4209659695625305,0.0,0.0003000000142492354
17,15,0.29495251178741455,0.18294915556907654,0.29495251178741455,0.29495251178741455,0.0,0.0
17,16,0.24943412840366364,0.14969070255756378,0.24943412840366364,0.24943412840366364,0.0,0.0
17,17,0.4743729531764984,0.3288474678993225,0.4743729531764984,0.4743729531764984,0.0,0.0
17,18,0.25486308336257935,0.0006268993020057678,0.25486308336257935,0.25486308336257935,0.0,0.9624999761581421
17,19,0.07137205451726913,0.002177376300096512,0.07137205451726913,0.07137205451726913,9.999999747378752e-05,0.866599977016449
17,20,0.5039737224578857,0.26341333985328674,0.5039737224578857,0.5039737224578857,0.0,0.0
17,21,0.5139421224594116,0.16246841847896576,0.5139421224594116,0.5139421224594116,0.0,0.0
17,22,0.5071723461151123,0.2098420262336731,0.5071723461151123,0.5071723461151123,0.0,0.0
17,23,0.5253740549087524,0.15918046236038208,0.5253740549087524,0.5253740549087524,0.0,9.999999747378752e-05
17,24,0.5027488470077515,0.24218837916851044,0.5027488470077515,0.5027488470077515,0.0,0.0
17,25,0.4937865734100342,0.19325460493564606,0.4937865734100342,0.4937865734100342,0.0,0.0
17,26,0.43022584915161133,0.036615412682294846,0.43022584915161133,0.43022584915161133,0.0,0.03359999880194664
17,27,0.5452592968940735,0.03058219701051712,0.5452592968940735,0.5452592968940735,0.0,0.059300001710653305
17,28,0.49960118532180786,0.23743055760860443,0.49960118532180786,0.49960118532180786,0.0,0.0
17,29,0.41835036873817444,0.2575487494468689,0.41835036873817444,0.41835036873817444,0.0,0.0
17,30,0.5534326434135437,0.03434403985738754,0.5534326434135437,0.5534326434135437,0.0,0.04360000044107437
17,31,0.3931052088737488,0.0398818701505661,0.3931052088737488,0.3931052088737488,0.0,0.026900000870227814
18,0,0.5037358403205872,0.2962104082107544,0.5037358403205872,0.5037358403205872,0.0,0.0
18,1,0.3826083838939667,0.18944281339645386,0.3826083838939667,0.3826083838939667,0.0,0.0
18,2,0.5118873715400696,0.18225321173667908,0.5118873715400696,0.5118873715400696,0.0,0.0
18,3,0.5080516934394836,0.17324186861515045,0.5080516934394836,0.5080516934394836,0.0,9.999999747378752e-05
18,4,0.5130119323730469,0.11806561797857285,0.5130119323730469,0.5130119323730469,0.0,0.0006000000284984708
18,5,0.4698481559753418,0.052719924598932266,0.4698481559753418,0.4698481559753418,0.0,0.016100000590085983
18,6,0.5531204342842102,0.028684817254543304,0.5531204342842102,0.5531204342842102,0.0,0.0640999972820282
18,7,0.5302234888076782,0.22181205451488495,0.5302234888076782,0.5302234888076782,0.0,0.0
18,8,0.5197720527648926,0.17593024671077728,0.5197720527648926,0.5197720527648926,0.0,9.999999747378752e-05
18,9,0.5077915191650391,0.21235214173793793,0.5077915191650391,0.5077915191650391,0.0,0.0
18,10,0.5099728107452393,0.16472171247005463,0.5099728107452393,0.5099728107452393,0.0,9.999999747378752e-05
18,11,0.4951503276824951,0.07234414666891098,0.4951503276824951,0.4951503276824951,0.0,0.004999999888241291
18,12,0.46169930696487427,0.06542444229125977,0.46169930696487427,0.46169930696487427,0.0,0.005900000222027302
18,13,0.509643018245697,0.17293760180473328,0.509643018245697,0.509643018245697,0.0,9.999999747378752e-05
18,14,0.511289119720459,0.18565180897712708,0.511289119720459,0.511289119720459,0.0,0.0
18,15,0.46248048543930054,0.17661894857883453,0.46248048543930054,0.46248048543930054,0.0,0.0
18,16,0.5649008750915527,0.12888869643211365,0.5649008750915527,0.5649008750915527,0.0,0.00039999998989515007
18,17,0.517581582069397,0.17606070637702942,0.517581582069397,0.517581582069397,0.0,9.999999747378752e-05
18,18,0.43454405665397644,0.057270027697086334,0.43454405665397644,0.43454405665397644,0.0,0.007899999618530273
18,19,0.537895917892456,0.011635573580861092,0.537895917892456,0.537895917892456,0.0,0.3921999931335449
18,20,0.4374462962150574,0.07479973882436752,0.4374462962150574,0.4374462962150574,0.0,0.004000000189989805
18,21,0.38882553577423096,0.10013310611248016,0.38882553577423096,0.38882553577423096,0.0,0.00039999998989515007
18,22,0.5135979652404785,0.20396976172924042,0.5135979652404785,0.5135979652404785,0.0,0.0
18,23,0.5007489323616028,0.16076214611530304,0.5007489323616028,0.5007489323616028,0.0,0.00019999999494757503
18,24,0.2807496190071106,0.10591099411249161,0.2807496190071106,0.2807496190071106,0.0,0.00019999999494757503
18,25,0.4460189938545227,0.13015568256378174,0.4460189938545227,0.4460189938545227,0.0,0.00019999999494757503
18,26,0.5117075443267822,0.3761802911758423,0.5117075443267822,0.5117075443267822,0.0,0.0
18,27,0.502723753452301,0.08234387636184692,0.502723753452301,0.502723753452301,0.0,0.0024999999441206455
18,28,0.5356596112251282,0.07769663631916046,0.5356596112251282,0.5356596112251282,0.0,0.005400000140070915
18,29,0.4992635250091553,0.30943283438682556,0.4992635250091553,0.4992635250091553,0.0,0.0
18,30,0.5217248797416687,0.08358800411224365,0.5217248797416687,0.5217248797416687,0.0,0.003599999938160181
18,31,0.50018310546875,0.02489345893263817,0.50018310546875,0.50018310546875,0.0,0.07760000228881836
19,0,0.49089738726615906,0.17484958469867706,0.49089738726615906,0.49089738726615906,0.0,0.0
19,1,0.5150663256645203,-0.000982537865638733,0.5150663256645203,0.5150663256645203,0.0,0.9514999985694885
19,2,0.4641432762145996,0.09127543121576309,0.4641432762145996,0.4641432762145996,0.0,0.00139999995008111
19,3,0.5046592354774475,0.12222470343112946,0.5046592354774475,0.5046592354774475,0.0,0.0006000000284984708
19,4,0.4811590313911438,0.07815011590719223,0.4811590313911438,0.4811590313911438,0.0,0.0024999999441206455
19,5,0.32180172204971313,0.051289863884449005,0.32180172204971313,0.32180172204971313,0.0,0.011699999682605267
19,6,0.3488537669181824,0.19139674305915833,0.3488537669181824,0.3488537669181824,0.0,0.0
19,7,0.38509970903396606,0.14569447934627533,0.38509970903396606,0.38509970903396606,0.0,0.0003000000142492354
19,8,0.5111393332481384,0.21387135982513428,0.5111393332481384,0.5111393332481384,0.0,0.0
19,9,0.1803027242422104,0.08797673135995865,0.1803027242422104,0.1803027242422104,0.0,0.00019999999494757503
19,10,0.525377631187439,0.1790284514427185,0.525377631187439,0.525377631187439,0.0,0.0
19,11,0.3133544325828552,0.23213237524032593,0.3133544325828552,0.3133544325828552,0.0,0.0
19,12,0.5036652684211731,0.1671537607908249,0.5036652684211731,0.5036652684211731,0.0,9.999999747378752e-05
19,13,0.511547327041626,0.16313937306404114,0.511547327041626,0.511547327041626,0.0,9.999999747378752e-05
19,14,0.5048113465309143,0.1465543806552887,0.5048113465309143,0.5048113465309143,0.0,0.00019999999494757503
19,15,0.5306365489959717,0.060098953545093536,0.5306365489959717,0.5306365489959717,0.0,0.014600000344216824
19,16,0.5125731229782104,0.1371295005083084,0.5125731229782104,0.5125731229782104,0.0,0.0003000000142492354
19,17,0.5215603113174438,-0.005925695411860943,0.5215603113174438,0.5215603113174438,0.0,0.6854000091552734
19,18,0.48161929845809937,0.2131427675485611,0.48161929845809937,0.48161929845809937,0.0,0.0
19,19,0.529369592666626,0.20287519693374634,0.529369592666626,0.529369592666626,0.0,0.0
19,20,0.18328648805618286,0.00597255676984787,0.18328648805618286,0.18328648805618286,0.0,0.5745999813079834
19,21,0.5078138113021851,0.23108609020709991,0.5078138113021851,0.5078138113021851,0.0,0.0
19,22,0.5147176384925842,0.10734941065311432,0.5147176384925842,0.5147176384925842,0.0,0.0008999999845400453
19,23,0.46232667565345764,0.03362864628434181,0.46232667565345764,0.46232667565345764,0.0,0.04230000078678131
19,24,0.5137068033218384,0.17296157777309418,0.5137068033218384,0.5137068033218384,0.0,0.00019999999494757503
19,25,0.5209599733352661,0.2259763926267624,0.5209599733352661,0.5209599733352661,0.0,0.0
19,26,0.17652863264083862,0.07122176885604858,0.17652863264083862,0.17652863264083862,0.0,9.999999747378752e-05
19,27,0.3884594142436981,0.01026830729097128,0.3884594142436981,0.3884594142436981,0.0,0.46399998664855957
19,28,0.49626031517982483,0.1615455597639084,0.49626031517982483,0.49626031517982483,0.0,0.0
19,29,0.516294002532959,0.18189936876296997,0.516294002532959,0.516294002532959,0.0,0.0
19,30,0.5206751227378845,0.15043625235557556,0.5206751227378845,0.5206751227378845,0.0,0.00019999999494757503
19,31,0.5573165416717529,0.1526799201965332,0.5573165416717529,0.5573165416717529,0.0,0.00019999999494757503
20,0,0.4609447121620178,0.035366490483284,0.4609447121620178,0.4609447121620178,0.0,0.030400000512599945
20,1,0.6956100463867188,-0.004949048161506653,0.6956100463867188,0.6956100463867188,0.0,0.7605999708175659
20,2,0.5390205383300781,0.11946623027324677,0.5390205383300781,0.5390205383300781,0.0,0.00039999998989515007
20,3,0.5189673900604248,0.14829842746257782,0.5189673900604248,0.5189673900604248,0.0,0.00019999999494757503
20,4,0.566010594367981,0.04504013806581497,0.566010594367981,0.566010594367981,0.0,0.0272000003606081
20,5,0.6016238927841187,0.0064093321561813354,0.6016238927841187,0.6016238927841187,0.0,0.680400013923645
20,6,0.5200509428977966,0.1917548030614853,0.5200509428977966,0.5200509428977966,0.0,0.0
20,7,0.6148110628128052,0.12874574959278107,0.6148110628128052,0.6148110628128052,0.0,0.0005000000237487257
20,8,0.5130449533462524,0.04614719748497009,0.5130449533462524,0.5130449533462524,0.0,0.028200000524520874
20,9,0.518822431564331,0.16393214464187622,0.518822431564331,0.518822431564331,0.0,9.999999747378752e-05
20,10,0.5067610740661621,0.06717579066753387,0.5067610740661621,0.5067610740661621,0.0,0.010099999606609344
20,11,0.5753032565116882,0.01072002574801445,0.5753032565116882,0.5753032565116882,0.0,0.44359999895095825
20,12,0.5183752775192261,0.15299183130264282,0.5183752775192261,0.5183752775192261,0.0,0.00019999999494757503
20,13,0.49308526515960693,0.1027146577835083,0.49308526515960693,0.49308526515960693,0.0,0.001500000013038516
20,14,0.5135034322738647,0.1426662802696228,0.5135034322738647,0.5135034322738647,0.0,9.999999747378752e-05
20,15,0.4996582865715027,0.16496813297271729,0.4996582865715027,0.4996582865715027,0.0,0.0
20,16,0.5256235003471375,0.1843351423740387,0.5256235003471375,0.5256235003471375,0.0,0.0
20,17,0.5404559969902039,0.03001496195793152,0.5404559969902039,0.5404559969902039,0.0,0.058800000697374344
20,18,0.5162980556488037,0.16714408993721008,0.5162980556488037,0.5162980556488037,0.0,0.0
20,19,0.521491289138794,0.16075730323791504,0.521491289138794,0.521491289138794,0.0,9.999999747378752e-05
20,20,0.5309335589408875,0.12633243203163147,0.5309335589408875,0.5309335589408875,0.0,0.0003000000142492354
20,21,0.5026340484619141,0.1126905009150505,0.5026340484619141,0.5026340484619141,0.0,0.000699999975040555
20,22,0.6088013648986816,0.24018487334251404,0.6088013648986816,0.6088013648986816,0.0,0.0
20,23,0.5181776285171509,0.13284379243850708,0.5181776285171509,0.5181776285171509,0.0,0.00019999999494757503
20,24,0.41053342819213867,0.035897962749004364,0.41053342819213867,0.41053342819213867,0.0,0.035999998450279236
20,25,0.5962371230125427,0.10827954113483429,0.5962371230125427,0.5962371230125427,0.0,0.0010000000474974513
20,26,0.5270719528198242,0.23977889120578766,0.5270719528198242,0.5270719528198242,0.0,0.0
20,27,0.5359162092208862,0.01623079925775528,0.5359162092208862,0.5359162092208862,0.0,0.1858000010251999
20,28,0.5235756635665894,0.20639660954475403,0.5235756635665894,0.5235756635665894,0.0,0.0
20,29,0.5115301012992859,0.09977436065673828,0.5115301012992859,0.5115301012992859,0.0,0.0019000000320374966
20,30,0.5197858810424805,0.09091705083847046,0.5197858810424805,0.5197858810424805,0.0,0.002300000051036477
20,31,0.5481999516487122,0.12805712223052979,0.5481999516487122,0.5481999516487122,0.0,0.0003000000142492354
21,0,0.5407608151435852,0.17340943217277527,0.5407608151435852,0.5407608151435852,0.0,0.0
21,1,0.5984145402908325,0.16279764473438263,0.5984145402908325,0.5984145402908325,0.0,9.999999747378752e-05
21,2,0.42922258377075195,0.024176016449928284,0.42922258377075195,0.42922258377075195,0.0,0.06599999964237213
21,3,0.5529555678367615,0.02278476022183895,0.5529555678367615,0.5529555678367615,0.0,0.08709999918937683
21,4,0.5632606148719788,0.10524936765432358,0.5632606148719788,0.5632606148719788,0.0,0.0006000000284984708
21,5,0.5420083999633789,0.16378119587898254,0.5420083999633789,0.5420083999633789,0.0,0.0003000000142492354
21,6,0.5644415020942688,0.0987616628408432,0.5644415020942688,0.5644415020942688,0.0,0.0010999999940395355
21,7,0.6301966905593872,0.1283259391784668,0.6301966905593872,0.6301966905593872,0.0,0.00039999998989515007
21,8,0.6362981796264648,0.1266328990459442,0.6362981796264648,0.6362981796264648,0.0,0.00039999998989515007
21,9,0.5235457420349121,0.1770915389060974,0.5235457420349121,0.5235457420349121,0.0,0.0
21,10,0.5391642451286316,0.15236838161945343,0.5391642451286316,0.5391642451286316,0.0,0.0003000000142492354
21,11,0.5029109120368958,0.12553344666957855,0.5029109120368958,0.5029109120368958,0.0,0.00039999998989515007
21,12,0.439313143491745,-0.0184799712151289,0.439313143491745,0.439313143491745,0.0,0.15240000188350677
21,13,0.5218172073364258,0.1430836170911789,0.5218172073364258,0.5218172073364258,0.0,9.999999747378752e-05
21,14,0.5424823760986328,0.11348255723714828,0.5424823760986328,0.5424823760986328,0.0,0.0007999999797903001
21,15,0.5768015384674072,0.04368116334080696,0.5768015384674072,0.5768015384674072,0.0,0.030799999833106995
21,16,0.5371004939079285,0.18403679132461548,0.5371004939079285,0.5371004939079285,0.0,0.0
21,17,0.4519016742706299,0.05437343195080757,0.4519016742706299,0.4519016742706299,0.0,0.011800000444054604
21,18,0.5330062508583069,0.18091723322868347,0.5330062508583069,0.5330062508583069,0.0,9.999999747378752e-05
21,19,0.5382883548736572,0.13931934535503387,0.5382883548736572,0.5382883548736572,0.0,0.00019999999494757503
21,20,0.6415002346038818,0.02435915917158127,0.6415002346038818,0.6415002346038818,0.0,0.07129999995231628
21,21,0.5459389686584473,0.10806930065155029,0.5459389686584473,0.5459389686584473,0.0,0.0008999999845400453
21,22,0.5832812786102295,0.05982868745923042,0.5832812786102295,0.5832812786102295,0.0,0.01269999984651804
21,23,0.6394776105880737,0.0858212485909462,0.6394776105880737,0.6394776105880737,0.0,0.003100000089034438
21,24,0.524315595626831,0.10221125930547714,0.524315595626831,0.524315595626831,0.0,0.001500000013038516
21,25,0.5253950357437134,0.1552666872739792,0.5253950357437134,0.5253950357437134,0.0,9.999999747378752e-05
21,26,0.3477579951286316,0.04422726109623909,0.3477579951286316,0.3477579951286316,0.0,0.015599999576807022
21,27,0.5472089648246765,0.09844595193862915,0.5472089648246765,0.5472089648246765,0.0,0.001500000013038516
21,28,0.48219847679138184,0.028821423649787903,0.48219847679138184,0.48219847679138184,0.0,0.061000000685453415
21,29,0.6133037209510803,-0.0006341561675071716,0.6133037209510803,0.6133037209510803,0.0,0.9710000157356262
21,30,0.5332028269767761,0.1708362102508545,0.5332028269767761,0.5332028269767761,0.0,0.0
21,31,0.5523489713668823,0.11768432706594467,0.5523489713668823,0.5523489713668823,0.0,0.0006000000284984708
22,0,0.5373870134353638,0.1317203938961029,0.5373870134353638,0.5373870134353638,0.0,0.00019999999494757503
22,1,0.6027973294258118,0.11494076997041702,0.6027973294258118,0.6027973294258118,0.0,0.000699999975040555
22,2,0.412949800491333,0.16875073313713074,0.412949800491333,0.412949800491333,0.0,0.0
22,3,0.5645161867141724,0.18552693724632263,0.5645161867141724,0.5645161867141724,0.0,0.0
22,4,0.5266239643096924,0.07676616311073303,0.5266239643096924,0.5266239643096924,0.0,0.0044999998062849045
22,5,0.5343996286392212,0.030359482392668724,0.5343996286392212,0.5343996286392212,0.0,0.054099999368190765
22,6,0.5527389645576477,0.13920451700687408,0.5527389645576477,0.5527389645576477,0.0,0.00019999999494757503
22,7,0.5784302949905396,0.1037721335887909,0.5784302949905396,0.5784302949905396,0.0,0.0013000000035390258
22,8,0.5737743973731995,0.034868597984313965,0.5737743973731995,0.5737743973731995,0.0,0.04859999939799309
22,9,0.5541996359825134,0.22213609516620636,0.5541996359825134,0.5541996359825134,0.0,0.0
22,10,0.528384268283844,0.11425658315420151,0.528384268283844,0.528384268283844,0.0,0.0010999999940395355
22,11,0.5189847946166992,0.21224597096443176,0.5189847946166992,0.5189847946166992,0.0,0.0
22,12,0.615485668182373,0.126666858792305,0.615485668182373,0.615485668182373,0.0,0.00039999998989515007
22,13,0.607374370098114,0.11405540257692337,0.607374370098114,0.607374370098114,0.0,0.0007999999797903001
22,14,0.5918417572975159,0.2882263660430908,0.5918417572975159,0.5918417572975159,0.0,0.0
22,15,0.5440794229507446,0.0929594561457634,0.5440794229507446,0.5440794229507446,0.0,0.0017999999690800905
22,16,0.5795291662216187,0.20717792212963104,0.5795291662216187,0.5795291662216187,0.0,0.0
22,17,0.5638253092765808,0.15407702326774597,0.5638253092765808,0.5638253092765808,0.0,0.00019999999494757503
22,18,0.5653769969940186,0.15908023715019226,0.5653769969940186,0.5653769969940186,0.0,0.00019999999494757503
22,19,0.7069756984710693,-0.016360200941562653,0.7069756984710693,0.7069756984710693,0.0,0.1867000013589859
22,20,0.5449531674385071,0.0969540923833847,0.5449531674385071,0.5449531674385071,0.0,0.0012000000569969416
22,21,0.5491403341293335,0.15597060322761536,0.5491403341293335,0.5491403341293335,0.0,9.999999747378752e-05
22,22,0.5782288312911987,0.2950020432472229,0.5782288312911987,0.5782288312911987,0.0,0.0
22,23,0.5255496501922607,0.23678211867809296,0.5255496501922607,0.5255496501922607,0.0,0.0
22,24,0.544912576675415,0.030026057735085487,0.544912576675415,0.544912576675415,0.0,0.0632999986410141
22,25,0.5623059272766113,0.10287217050790787,0.5623059272766113,0.5623059272766113,0.0,0.0010000000474974513
22,26,0.5844212770462036,0.16637977957725525,0.5844212770462036,0.5844212770462036,0.0,0.00019999999494757503
22,27,0.6200295686721802,0.15580686926841736,0.6200295686721802,0.6200295686721802,0.0,0.00019999999494757503
22,28,0.6108779907226562,0.13657017052173615,0.6108779907226562,0.6108779907226562,0.0,0.00019999999494757503
22,29,0.5608522891998291,0.19440537691116333,0.5608522891998291,0.5608522891998291,0.0,0.0
22,30,0.5846047401428223,0.1841961145401001,0.5846047401428223,0.5846047401428223,0.0,0.0
22,31,0.5795626640319824,0.13498610258102417,0.5795626640319824,0.5795626640319824,0.0,0.00039999998989515007
23,0,0.5599191784858704,0.17392534017562866,0.5599191784858704,0.5599191784858704,0.0,9.999999747378752e-05
23,1,0.5458120107650757,0.12336651235818863,0.5458120107650757,0.5458120107650757,0.0,0.0006000000284984708
23,2,0.6868293285369873,0.10612297058105469,0.6868293285369873,0.6868293285369873,0.0,0.0008999999845400453
23,3,0.6547743678092957,0.07267718017101288,0.6547743678092957,0.6547743678092957,0.0,0.005799999926239252
23,4,0.5085220336914062,0.23386220633983612,0.5085220336914062,0.5085220336914062,0.0,0.0
23,5,0.5008007287979126,0.039600152522325516,0.5008007287979126,0.5008007287979126,0.0,0.03310000151395798
23,6,0.5996206402778625,0.14118242263793945,0.5996206402778625,0.5996206402778625,0.0,0.0003000000142492354
23,7,0.6531595587730408,0.08330146223306656,0.6531595587730408,0.6531595587730408,0.0,0.003599999938160181
23,8,0.6783246397972107,0.08511972427368164,0.6783246397972107,0.6783246397972107,0.0,0.00279999990016222
23,9,0.6196694374084473,0.13243192434310913,0.6196694374084473,0.6196694374084473,0.0,0.00019999999494757503
23,10,0.5889354944229126,0.13765403628349304,0.5889354944229126,0.5889354944229126,0.0,0.0003000000142492354
23,11,0.6174203157424927,0.07193402200937271,0.6174203157424927,0.6174203157424927,0.0,0.005799999926239252
23,12,0.6259353160858154,0.043126046657562256,0.6259353160858154,0.6259353160858154,0.0,0.02979999966919422
23,13,0.5487238764762878,0.04350249469280243,0.5487238764762878,0.5487238764762878,0.0,0.02969999983906746
23,14,0.5343103408813477,0.055707067251205444,0.5343103408813477,0.5343103408813477,0.0,0.016300000250339508
23,15,0.5494446754455566,0.06711611896753311,0.5494446754455566,0.5494446754455566,0.0,0.009399999864399433
23,16,0.5864688754081726,0.1846141815185547,0.5864688754081726,0.5864688754081726,0.0,0.0
23,17,0.5790686011314392,0.10044188797473907,0.5790686011314392,0.5790686011314392,0.0,0.0017000000225380063
23,18,0.6015293002128601,-0.01768026500940323,0.6015293002128601,0.6015293002128601,0.0,0.13369999825954437
23,19,0.5934364199638367,-0.014405880123376846,0.5934364199638367,0.5934364199638367,0.0,0.24779999256134033
23,20,0.7166212201118469,0.008158580400049686,0.7166212201118469,0.7166212201118469,0.0,0.5995000004768372
23,21,0.6074725389480591,0.023365553468465805,0.6074725389480591,0.6074725389480591,0.0,0.08959999680519104
23,22,0.5527133941650391,0.1113603487610817,0.5527133941650391,0.5527133941650391,0.0,0.000699999975040555
23,23,0.5706607103347778,0.06312598288059235,0.5706607103347778,0.5706607103347778,0.0,0.012799999676644802
23,24,0.5428481698036194,0.05857831612229347,0.5428481698036194,0.5428481698036194,0.0,0.011900000274181366
23,25,0.5805982947349548,0.2010783851146698,0.5805982947349548,0.5805982947349548,0.0,0.0
23,26,0.6053013801574707,0.13088980317115784,0.6053013801574707,0.6053013801574707,0.0,0.00039999998989515007
23,27,0.6323127150535583,0.0627308338880539,0.6323127150535583,0.6323127150535583,0.0,0.010900000110268593
23,28,0.5658177137374878,0.16191227734088898,0.5658177137374878,0.5658177137374878,0.0,0.0
23,29,0.5970049500465393,0.07109686732292175,0.5970049500465393,0.5970049500465393,0.0,0.007300000172108412
23,30,0.5766071081161499,0.18106356263160706,0.5766071081161499,0.5766071081161499,0.0,0.0
23,31,0.540072500705719,0.10640988498926163,0.540072500705719,0.540072500705719,0.0,0.0010000000474974513
24,0,0.6074308753013611,0.14276789128780365,0.6074308753013611,0.6074308753013611,0.0,0.00019999999494757503
24,1,0.5693956613540649,0.14642606675624847,0.5693956613540649,0.5693956613540649,0.0,0.00019999999494757503
24,2,0.5599443316459656,0.12203596532344818,0.5599443316459656,0.5599443316459656,0.0,0.000699999975040555
24,3,0.5755889415740967,0.06998874992132187,0.5755889415740967,0.5755889415740967,0.0,0.006599999964237213
24,4,0.6461260318756104,0.08986619114875793,0.6461260318756104,0.6461260318756104,0.0,0.002400000113993883
24,5,0.6524101495742798,0.06474823504686356,0.6524101495742798,0.6524101495742798,0.0,0.007699999958276749
24,6,0.5797918438911438,0.1578253209590912,0.5797918438911438,0.5797918438911438,0.0,9.999999747378752e-05
24,7,0.5676225423812866,0.07519907504320145,0.5676225423812866,0.5676225423812866,0.0,0.006399999838322401
24,8,0.6605100631713867,0.12179312109947205,0.6605100631713867,0.6605100631713867,0.0,0.00039999998989515007
24,9,0.5887196660041809,0.07523098587989807,0.5887196660041809,0.5887196660041809,0.0,0.004900000058114529
24,10,0.38265055418014526,-0.00020608678460121155,0.38265055418014526,0.38265055418014526,0.0,0.9883000254631042
24,11,0.5777281522750854,0.0527581050992012,0.5777281522750854,0.5777281522750854,0.0,0.018200000748038292
24,12,0.6099846363067627,0.1200036108493805,0.6099846363067627,0.6099846363067627,0.0,0.0005000000237487257
24,13,0.5624025464057922,0.1630096286535263,0.5624025464057922,0.5624025464057922,0.0,9.999999747378752e-05
24,14,0.6532097458839417,0.04566459357738495,0.6532097458839417,0.6532097458839417,0.0,0.026599999517202377
24,15,0.6137405037879944,0.014644235372543335,0.6137405037879944,0.6137405037879944,0.0,0.2142000049352646
24,16,0.5882416367530823,0.05546454340219498,0.5882416367530823,0.5882416367530823,0.0,0.01679999940097332
24,17,0.5715775489807129,0.09838244318962097,0.5715775489807129,0.5715775489807129,0.0,0.0017999999690800905
24,18,0.5869712829589844,0.03718406707048416,0.5869712829589844,0.5869712829589844,0.0,0.039900001138448715
24,19,0.5736140012741089,0.053725000470876694,0.5736140012741089,0.5736140012741089,0.0,0.019099999219179153
24,20,0.5330817699432373,0.03268428519368172,0.5330817699432373,0.5330817699432373,0.0,0.05380000174045563
24,21,0.6291933059692383,-0.005446206778287888,0.6291933059692383,0.6291933059692383,0.0,0.7279999852180481
24,22,0.6644719839096069,0.08864358067512512,0.6644719839096069,0.6644719839096069,0.0,0.0020000000949949026
24,23,0.6098220348358154,0.10370725393295288,0.6098220348358154,0.6098220348358154,0.0,0.001500000013038516
24,24,0.6317583322525024,0.20596987009048462,0.6317583322525024,0.6317583322525024,0.0,0.0
24,25,0.622227132320404,0.1452721357345581,0.622227132320404,0.622227132320404,0.0,9.999999747378752e-05
24,26,0.6358087062835693,0.07076482474803925,0.6358087062835693,0.6358087062835693,0.0,0.0066999997943639755
24,27,0.7100743651390076,0.040452226996421814,0.7100743651390076,0.7100743651390076,0.0,0.03610000014305115
24,28,0.6342145800590515,0.048372797667980194,0.6342145800590515,0.6342145800590515,0.0,0.02370000071823597
24,29,0.6187264919281006,0.09142359346151352,0.6187264919281006,0.6187264919281006,0.0,0.002099999925121665
24,30,0.614931583404541,0.09511743485927582,0.614931583404541,0.614931583404541,0.0,0.0019000000320374966
24,31,0.5768653154373169,0.004293002188205719,0.5768653154373169,0.5768653154373169,0.0,0.7896000146865845
25,0,0.6631895899772644,0.12337654083967209,0.6631895899772644,0.6631895899772644,0.0,0.00039999998989515007
25,1,0.5870828628540039,0.14437627792358398,0.5870828628540039,0.5870828628540039,0.0,0.00019999999494757503
25,2,0.5711899995803833,0.08551593124866486,0.5711899995803833,0.5711899995803833,0.0,0.0020000000949949026
25,3,0.5987204909324646,0.10425470024347305,0.5987204909324646,0.5987204909324646,0.0,0.0010999999940395355
25,4,0.6310632228851318,0.22277933359146118,0.6310632228851318,0.6310632228851318,0.0,0.0
25,5,0.6380019187927246,0.1382761001586914,0.6380019187927246,0.6380019187927246,0.0,0.0003000000142492354
25,6,0.6073209047317505,0.1579558253288269,0.6073209047317505,0.6073209047317505,0.0,0.00019999999494757503
25,7,0.615530252456665,0.058744147419929504,0.615530252456665,0.615530252456665,0.0,0.008299999870359898
25,8,0.6624776124954224,0.08028965443372726,0.6624776124954224,0.6624776124954224,0.0,0.004600000102072954
25,9,0.7099924087524414,0.06555905193090439,0.7099924087524414,0.7099924087524414,0.0,0.00860000029206276
25,10,0.6097640991210938,0.06267251074314117,0.6097640991210938,0.6097640991210938,0.0,0.010999999940395355
25,11,0.6180838346481323,0.10902336984872818,0.6180838346481323,0.6180838346481323,0.0,0.0012000000569969416
25,12,0.6110725402832031,0.13348838686943054,0.6110725402832031,0.6110725402832031,0.0,0.00019999999494757503
25,13,0.6250513792037964,0.11801044642925262,0.6250513792037964,0.6250513792037964,0.0,0.0006000000284984708
25,14,0.652215838432312,0.025122787803411484,0.652215838432312,0.652215838432312,0.0,0.07680000364780426
25,15,0.5732081532478333,0.14294414222240448,0.5732081532478333,0.5732081532478333,0.0,0.00019999999494757503
25,16,0.638742208480835,0.07041996717453003,0.638742208480835,0.638742208480835,0.0,0.006899999920278788
25,17,0.6158183813095093,0.07006125152111053,0.6158183813095093,0.6158183813095093,0.0,0.0071000000461936
25,18,0.597484290599823,0.14792616665363312,0.597484290599823,0.597484290599823,0.0,0.0003000000142492354
25,19,0.6070119738578796,0.10765679180622101,0.6070119738578796,0.6070119738578796,0.0,0.0010000000474974513
25,20,0.6583079099655151,0.1365768015384674,0.6583079099655151,0.6583079099655151,0.0,0.0003000000142492354
25,21,0.6153572797775269,0.142813041806221,0.6153572797775269,0.6153572797775269,0.0,0.00019999999494757503
25,22,0.6050853133201599,0.1072886735200882,0.6050853133201599,0.6050853133201599,0.0,0.0010999999940395355
25,23,0.613818347454071,0.05485394597053528,0.613818347454071,0.613818347454071,0.0,0.015799999237060547
25,24,0.7212465405464172,0.0535019226372242,0.7212465405464172,0.7212465405464172,0.0,0.01860000006854534
25,25,0.7260462045669556,0.08532200008630753,0.7260462045669556,0.7260462045669556,0.0,0.00279999990016222
25,26,0.48702770471572876,-0.011044062674045563,0.48702770471572876,0.48702770471572876,0.0,0.4214000105857849
25,27,0.5998945236206055,0.21960031986236572,0.5998945236206055,0.5998945236206055,0.0,0.0
25,28,0.623662531375885,0.16136550903320312,0.623662531375885,0.623662531375885,0.0,9.999999747378752e-05
25,29,0.47825801372528076,0.051034845411777496,0.47825801372528076,0.47825801372528076,0.0,0.015399999916553497
25,30,0.5790799856185913,0.09522497653961182,0.5790799856185913,0.5790799856185913,0.0,0.0005000000237487257
25,31,0.12935039401054382,0.08494800329208374,0.12935039401054382,0.12935039401054382,0.0,9.999999747378752e-05
26,0,0.6302486658096313,0.11138984560966492,0.6302486658096313,0.6302486658096313,0.0,0.000699999975040555
26,1,0.6325676441192627,0.09315863251686096,0.6325676441192627,0.6325676441192627,0.0,0.0020000000949949026
26,2,0.7191054821014404,0.07964020222425461,0.7191054821014404,0.7191054821014404,0.0,0.0013000000035390258
26,3,0.6997677087783813,0.10087762773036957,0.6997677087783813,0.6997677087783813,0.0,0.0015999999595806003
26,4,0.6673071384429932,0.2665597200393677,0.6673071384429932,0.6673071384429932,0.0,0.0
26,5,0.6365400552749634,0.11500319093465805,0.6365400552749634,0.6365400552749634,0.0,0.0006000000284984708
26,6,0.6001884937286377,0.09905725717544556,0.6001884937286377,0.6001884937286377,0.0,0.0017999999690800905
26,7,0.6500998735427856,0.1110047772526741,0.6500998735427856,0.6500998735427856,0.0,0.0008999999845400453
26,8,0.6086989641189575,0.04393615573644638,0.6086989641189575,0.6086989641189575,0.0,0.01720000058412552
26,9,0.6848056316375732,0.21439144015312195,0.6848056316375732,0.6848056316375732,0.0,0.0
26,10,0.5845098495483398,0.060297735035419464,0.5845098495483398,0.5845098495483398,0.0,0.010499999858438969
26,11,0.5521780848503113,0.0010321438312530518,0.5521780848503113,0.5521780848503113,0.0,0.9423999786376953
26,12,0.6366406679153442,0.10805228352546692,0.6366406679153442,0.6366406679153442,0.0,0.0010000000474974513
26,13,0.6471264958381653,0.13961529731750488,0.6471264958381653,0.6471264958381653,0.0,0.00019999999494757503
26,14,0.6368818283081055,0.11829321086406708,0.6368818283081055,0.6368818283081055,0.0,0.0005000000237487257
26,15,0.671821117401123,0.1195886954665184,0.671821117401123,0.671821117401123,0.0,0.00039999998989515007
26,16,0.683706521987915,0.025157472118735313,0.683706521987915,0.683706521987915,0.0,0.07959999889135361
26,17,0.6815077066421509,0.11480201035737991,0.6815077066421509,0.6815077066421509,0.0,0.000699999975040555
26,18,0.6238142251968384,0.09876584261655807,0.6238142251968384,0.6238142251968384,0.0,0.0013000000035390258
26,19,0.5522162914276123,0.021563543006777763,0.5522162914276123,0.5522162914276123,0.0,0.09910000115633011
26,20,0.6173556447029114,0.07427377998828888,0.6173556447029114,0.6173556447029114,0.0,0.005200000014156103
26,21,0.6838990449905396,0.10389012843370438,0.6838990449905396,0.6838990449905396,0.0,0.0010000000474974513
26,22,0.6590246558189392,0.19852598011493683,0.6590246558189392,0.6590246558189392,0.0,0.0
26,23,0.509215235710144,0.05287226289510727,0.509215235710144,0.509215235710144,0.0,0.012400000356137753
26,24,0.7178828716278076,0.049272067844867706,0.7178828716278076,0.7178828716278076,0.0,0.020400000736117363
26,25,0.7364228367805481,0.008459036238491535,0.7364228367805481,0.7364228367805481,0.0,0.5911999940872192
26,26,0.6959559321403503,0.018378999084234238,0.6959559321403503,0.6959559321403503,0.0,0.12099999934434891
26,27,0.6190886497497559,0.006567865610122681,0.6190886497497559,0.6190886497497559,0.0,0.6549000144004822
26,28,0.6653931736946106,0.13223803043365479,0.6653931736946106,0.6653931736946106,0.0,0.00039999998989515007
26,29,0.704940915107727,0.08032955229282379,0.704940915107727,0.704940915107727,0.0,0.004900000058114529
26,30,0.7146662473678589,0.06832170486450195,0.7146662473678589,0.7146662473678589,0.0,0.00860000029206276
26,31,0.7070304751396179,0.07957670092582703,0.7070304751396179,0.7070304751396179,0.0,0.00430000014603138
27,0,0.6924558877944946,0.12220317125320435,0.6924558877944946,0.6924558877944946,0.0,0.00019999999494757503
27,1,0.7387678027153015,0.005303984507918358,0.7387678027153015,0.7387678027153015,0.0,0.7419999837875366
27,2,0.6166434288024902,0.10248325765132904,0.6166434288024902,0.6166434288024902,0.0,0.000699999975040555
27,3,0.6661452054977417,0.10101224482059479,0.6661452054977417,0.6661452054977417,0.0,0.0012000000569969416
27,4,0.7402124404907227,0.07719913125038147,0.7402124404907227,0.7402124404907227,0.0,0.00279999990016222
27,5,0.7350397706031799,0.04553762078285217,0.7350397706031799,0.7350397706031799,0.0,0.02459999918937683
27,6,0.6968754529953003,0.0002727024257183075,0.6968754529953003,0.6968754529953003,0.0,0.986299991607666
27,7,0.6198817491531372,0.020861349999904633,0.6198817491531372,0.6198817491531372,0.0,0.093299999833107
27,8,0.7172239422798157,0.04064372926950455,0.7172239422798157,0.7172239422798157,0.0,0.033399999141693115
27,9,0.6169447898864746,0.1226864829659462,0.6169447898864746,0.6169447898864746,0.0,0.0005000000237487257
27,10,0.6262351274490356,0.11547920107841492,0.6262351274490356,0.6262351274490356,0.0,0.000699999975040555
27,11,0.6195254325866699,0.13008835911750793,0.6195254325866699,0.6195254325866699,0.0,0.00039999998989515007
27,12,0.6745686531066895,0.1293063759803772,0.6745686531066895,0.6745686531066895,0.0,0.00019999999494757503
27,13,0.6513144969940186,0.08350855857133865,0.6513144969940186,0.6513144969940186,0.0,0.0038999998942017555
27,14,0.6263436079025269,0.12733787298202515,0.6263436079025269,0.6263436079025269,0.0,0.0005000000237487257
27,15,0.7226702570915222,0.07416623085737228,0.7226702570915222,0.7226702570915222,0.0,0.005100000184029341
27,16,0.6415002942085266,0.1383194774389267,0.6415002942085266,0.6415002942085266,0.0,0.0003000000142492354
27,17,0.5697722434997559,0.023234762251377106,0.5697722434997559,0.5697722434997559,0.0,0.07940000295639038
27,18,0.6349815130233765,0.11997930705547333,0.6349815130233765,0.6349815130233765,0.0,0.0005000000237487257
27,19,0.6989526748657227,0.05157747119665146,0.6989526748657227,0.6989526748657227,0.0,0.019899999722838402
27,20,0.6922773122787476,0.049251947551965714,0.6922773122787476,0.6922773122787476,0.0,0.018799999728798866
27,21,0.6857277154922485,0.16257250308990479,0.6857277154922485,0.6857277154922485,0.0,0.0
27,22,0.6748693585395813,0.12154679745435715,0.6748693585395813,0.6748693585395813,0.0,0.0003000000142492354
27,23,0.6727381944656372,0.17027276754379272,0.6727381944656372,0.6727381944656372,0.0,0.0
27,24,0.6983230113983154,0.07573573291301727,0.6983230113983154,0.6983230113983154,0.0,0.0027000000700354576
27,25,0.7401436567306519,0.045697569847106934,0.7401436567306519,0.7401436567306519,0.0,0.02759999968111515
27,26,0.6312018632888794,0.04962144419550896,0.6312018632888794,0.6312018632888794,0.0,0.021800000220537186
27,27,0.6316651105880737,0.08989014476537704,0.6316651105880737,0.6316651105880737,0.0,0.002400000113993883
27,28,0.6799266338348389,0.25877687335014343,0.6799266338348389,0.6799266338348389,0.0,0.0
27,29,0.6508697271347046,0.2603703439235687,0.6508697271347046,0.6508697271347046,0.0,0.0
27,30,0.6335490942001343,0.03662341833114624,0.6335490942001343,0.6335490942001343,0.0,0.035100001841783524
27,31,0.6491634845733643,0.06692390143871307,0.6491634845733643,0.6491634845733643,0.0,0.006300000008195639
28,0,0.6106584072113037,0.08639300614595413,0.6106584072113037,0.6106584072113037,0.0,0.0020000000949949026
28,1,0.6765572428703308,0.16708789765834808,0.6765572428703308,0.6765572428703308,0.0,9.999999747378752e-05
28,2,0.727473795413971,0.13912369310855865,0.727473795413971,0.727473795413971,0.0,0.00019999999494757503
28,3,0.6609995365142822,0.1574103832244873,0.6609995365142822,0.6609995365142822,0.0,0.00019999999494757503
28,4,0.738553524017334,0.02279726415872574,0.738553524017334,0.738553524017334,0.0,0.09139999747276306
28,5,0.6935774683952332,0.029446657747030258,0.6935774683952332,0.6935774683952332,0.0,0.061400000005960464
28,6,0.7206078767776489,0.15288707613945007,0.7206078767776489,0.7206078767776489,0.0,0.0
28,7,0.6731432676315308,0.11631914973258972,0.6731432676315308,0.6731432676315308,0.0,0.0006000000284984708
28,8,0.7023910880088806,0.16304053366184235,0.7023910880088806,0.7023910880088806,0.0,0.0
28,9,0.5897102355957031,0.19164550304412842,0.5897102355957031,0.5897102355957031,0.0,0.0
28,10,0.6502795815467834,0.17132021486759186,0.6502795815467834,0.6502795815467834,0.0,9.999999747378752e-05
28,11,0.6104775071144104,0.27401262521743774,0.6104775071144104,0.6104775071144104,0.0,0.0
28,12,0.6964331269264221,0.12155544757843018,0.6964331269264221,0.6964331269264221,0.0,0.00039999998989515007
28,13,0.7012896537780762,0.09139028191566467,0.7012896537780762,0.7012896537780762,0.0,0.0012000000569969416
28,14,0.2375602424144745,0.784847617149353,0.784847617149353,0.784847617149353,0.0,0.0
28,15,0.5996495485305786,0.20470976829528809,0.5996495485305786,0.5996495485305786,0.0,0.0
28,16,0.688548743724823,0.03089793026447296,0.688548743724823,0.688548743724823,0.0,0.04749999940395355
28,17,0.7240208387374878,0.12477676570415497,0.7240208387374878,0.7240208387374878,0.0,0.0006000000284984708
28,18,0.6202802658081055,0.07275523245334625,0.6202802658081055,0.6202802658081055,0.0,0.006899999920278788
28,19,0.639694333076477,0.10263731330633163,0.639694333076477,0.639694333076477,0.0,0.0012000000569969416
28,20,0.5087078809738159,0.11349821090698242,0.5087078809738159,0.5087078809738159,0.0,0.0005000000237487257
28,21,0.639324426651001,0.14059226214885712,0.639324426651001,0.639324426651001,0.0,9.999999747378752e-05
28,22,0.6552601456642151,0.12167932093143463,0.6552601456642151,0.6552601456642151,0.0,0.0006000000284984708
28,23,0.6925954818725586,0.05380619689822197,0.6925954818725586,0.6925954818725586,0.0,0.017100000753998756
28,24,0.6396593451499939,0.23497873544692993,0.6396593451499939,0.6396593451499939,0.0,0.0
28,25,0.6824213266372681,0.10882426798343658,0.6824213266372681,0.6824213266372681,0.0,0.000699999975040555
28,26,0.4084213376045227,0.7493691444396973,0.7493691444396973,0.7493691444396973,0.0,0.0
28,27,0.461064875125885,0.6067114472389221,0.6067114472389221,0.6067114472389221,0.0,0.0
28,28,0.6662127375602722,0.18899944424629211,0.6662127375602722,0.6662127375602722,0.0,0.0
28,29,0.6181926131248474,0.1899823099374771,0.6181926131248474,0.6181926131248474,0.0,0.0
28,30,0.6692380905151367,0.05227271467447281,0.6692380905151367,0.6692380905151367,0.0,0.008799999952316284
28,31,0.6740823984146118,0.17865340411663055,0.6740823984146118,0.6740823984146118,0.0,0.0
29,0,0.6270709037780762,0.26835620403289795,0.6270709037780762,0.6270709037780762,0.0,0.0
29,1,0.7398943901062012,0.08738383650779724,0.7398943901062012,0.7398943901062012,0.0,0.00279999990016222
29,2,0.7289390563964844,0.008779935538768768,0.7289390563964844,0.7289390563964844,0.0,0.5350000262260437
29,3,0.6844425201416016,-0.008480891585350037,0.6844425201416016,0.6844425201416016,0.0,0.5615000128746033
29,4,0.566551148891449,0.1158958226442337,0.566551148891449,0.566551148891449,0.0,9.999999747378752e-05
29,5,0.5829358696937561,0.1051279827952385,0.5829358696937561,0.5829358696937561,0.0,0.0
29,6,0.6294116377830505,0.14351418614387512,0.6294116377830505,0.6294116377830505,0.0,0.0003000000142492354
29,7,0.6041421890258789,0.15072110295295715,0.6041421890258789,0.6041421890258789,0.0,9.999999747378752e-05
29,8,0.630561888217926,0.04816984385251999,0.630561888217926,0.630561888217926,0.0,0.021700000390410423
29,9,0.6137043237686157,0.049685634672641754,0.6137043237686157,0.6137043237686157,0.0,0.02070000022649765
29,10,0.553120493888855,0.09083971381187439,0.553120493888855,0.553120493888855,0.0,0.0012000000569969416
29,11,0.7209235429763794,0.03993389010429382,0.7209235429763794,0.7209235429763794,0.0,0.03660000115633011
29,12,0.5356877446174622,0.1971968561410904,0.5356877446174622,0.5356877446174622,0.0,0.0
29,13,0.6510353088378906,0.04932307451963425,0.6510353088378906,0.6510353088378906,0.0,0.017899999395012856
29,14,0.5306130647659302,0.462063193321228,0.5306130647659302,0.5306130647659302,0.0,0.0
29,15,0.503929853439331,0.3836990296840668,0.503929853439331,0.503929853439331,0.0,0.0
29,16,0.7045629024505615,0.06585357338190079,0.7045629024505615,0.7045629024505615,0.0,0.008799999952316284
29,17,0.6961303949356079,0.07591687142848969,0.6961303949356079,0.6961303949356079,0.0,0.006099999882280827
29,18,0.6835752129554749,0.24616575241088867,0.6835752129554749,0.6835752129554749,0.0,0.0
29,19,0.6698323488235474,0.247616246342659,0.6698323488235474,0.6698323488235474,0.0,0.0
29,20,0.7250217199325562,0.07138171046972275,0.7250217199325562,0.7250217199325562,0.0,0.007199999876320362
29,21,0.7295445203781128,0.05488448962569237,0.7295445203781128,0.7295445203781128,0.0,0.013899999670684338
29,22,0.5855580568313599,0.09584323316812515,0.5855580568313599,0.5855580568313599,0.0,0.0010000000474974513
29,23,0.5552170276641846,0.06911171972751617,0.5552170276641846,0.5552170276641846,0.0,0.002300000051036477
29,24,0.5787264704704285,0.04244086146354675,0.5787264704704285,0.5787264704704285,0.0,0.025299999862909317
29,25,0.5577060580253601,0.28254449367523193,0.5577060580253601,0.5577060580253601,0.0,0.0
29,26,0.43239232897758484,0.09128589183092117,0.43239232897758484,0.43239232897758484,0.0,9.999999747378752e-05
29,27,0.6317502856254578,0.021523308008909225,0.6317502856254578,0.6317502856254578,0.0,0.10639999806880951
29,28,0.5709699392318726,0.2045578509569168,0.5709699392318726,0.5709699392318726,0.0,0.0
29,29,0.5632009506225586,0.2268301546573639,0.5632009506225586,0.5632009506225586,0.0,0.0
29,30,0.5939432382583618,0.350972443819046,0.5939432382583618,0.5939432382583618,0.0,0.0
29,31,0.6574621200561523,0.29584163427352905,0.6574621200561523,0.6574621200561523,0.0,0.0
30,0,0.7381274104118347,0.07023125886917114,0.7381274104118347,0.7381274104118347,0.0,0.007600000128149986
30,1,0.7000685930252075,0.1941760629415512,0.7000685930252075,0.7000685930252075,0.0,0.0
30,2,0.7350972890853882,0.1781316101551056,0.7350972890853882,0.7350972890853882,0.0,0.0
30,3,0.7246191501617432,0.06965116411447525,0.7246191501617432,0.7246191501617432,0.0,0.004600000102072954
30,4,0.3791874945163727,0.2095898538827896,0.3791874945163727,0.3791874945163727,0.0,0.0
30,5,0.3883749842643738,0.32346755266189575,0.3883749842643738,0.3883749842643738,0.0,0.0
30,6,0.5726319551467896,0.08150359988212585,0.5726319551467896,0.5726319551467896,0.0,0.001500000013038516
30,7,0.5963418483734131,0.11342117190361023,0.5963418483734131,0.5963418483734131,0.0,9.999999747378752e-05
30,8,0.739689826965332,0.06375116109848022,0.739689826965332,0.739689826965332,0.0,0.008899999782443047
30,9,0.7342725992202759,0.08870914578437805,0.7342725992202759,0.7342725992202759,0.0,0.0013000000035390258
30,10,0.7048205137252808,0.10176858305931091,0.7048205137252808,0.7048205137252808,0.0,0.0005000000237487257
30,11,0.7073066234588623,0.044863536953926086,0.7073066234588623,0.7073066234588623,0.0,0.02449999935925007
30,12,0.6218370199203491,0.028329923748970032,0.6218370199203491,0.6218370199203491,0.0,0.05290000140666962
30,13,0.6055706739425659,0.13011613488197327,0.6055706739425659,0.6055706739425659,0.0,0.0
30,14,0.7288643717765808,0.04772680252790451,0.7288643717765808,0.7288643717765808,0.0,0.02500000037252903
30,15,0.7313797473907471,0.03342258930206299,0.7313797473907471,0.7313797473907471,0.0,0.05139999836683273
30,16,0.5992704629898071,0.2783854603767395,0.5992704629898071,0.5992704629898071,0.0,0.0
30,17,0.5129525661468506,0.19088643789291382,0.5129525661468506,0.5129525661468506,0.0,0.0
30,18,0.7180916666984558,0.05945642292499542,0.7180916666984558,0.7180916666984558,0.0,0.015599999576807022
30,19,0.7378262281417847,0.04541413486003876,0.7378262281417847,0.7378262281417847,0.0,0.0284000001847744
30,20,0.7004088163375854,0.09651800990104675,0.7004088163375854,0.7004088163375854,0.0,0.0007999999797903001
30,21,0.7342879176139832,0.0686430037021637,0.7342879176139832,0.7342879176139832,0.0,0.00570000009611249
30,22,0.6842451691627502,0.13286806643009186,0.6842451691627502,0.6842451691627502,0.0,0.00019999999494757503
30,23,0.7367841005325317,0.0894259437918663,0.7367841005325317,0.7367841005325317,0.0,0.0020000000949949026
30,24,0.4786149263381958,0.3460105061531067,0.4786149263381958,0.4786149263381958,0.0,0.0
30,25,0.7069895267486572,0.07007479667663574,0.7069895267486572,0.7069895267486572,0.0,0.005200000014156103
30,26,0.7257100939750671,0.05732518434524536,0.7257100939750671,0.7257100939750671,0.0,0.01080000028014183
30,27,0.7379543781280518,0.16410285234451294,0.7379543781280518,0.7379543781280518,0.0,0.0
30,28,0.6001023054122925,0.14154499769210815,0.6001023054122925,0.6001023054122925,0.0,9.999999747378752e-05
30,29,0.681794285774231,0.07327944040298462,0.681794285774231,0.681794285774231,0.0,0.0031999999191612005
30,30,0.6371326446533203,0.0709296390414238,0.6371326446533203,0.6371326446533203,0.0,0.007600000128149986
30,31,0.5709351301193237,0.08682946115732193,0.5709351301193237,0.5709351301193237,0.0,0.0013000000035390258
31,0,0.7338448762893677,0.012749951332807541,0.7338448762893677,0.7338448762893677,0.0,0.39469999074935913
31,1,0.740126371383667,0.031930722296237946,0.740126371383667,0.740126371383667,0.0,0.04360000044107437
31,2,0.7373603582382202,0.0005880594253540039,0.7373603582382202,0.7373603582382202,0.0,0.9696999788284302
31,3,0.7391557097434998,0.05006241798400879,0.7391557097434998,0.7391557097434998,0.0,0.017100000753998756
31,4,0.6557551622390747,0.1496168076992035,0.6557551622390747,0.6557551622390747,0.0,9.999999747378752e-05
31,5,0.5315842032432556,0.0947926938533783,0.5315842032432556,0.5315842032432556,0.0,9.999999747378752e-05
31,6,0.5867443680763245,0.4213257431983948,0.5867443680763245,0.5867443680763245,0.0,0.0
31,7,0.7122189998626709,0.12659232318401337,0.7122189998626709,0.7122189998626709,0.0,0.00039999998989515007
31,8,0.5784366130828857,0.3945339322090149,0.5784366130828857,0.5784366130828857,0.0,0.0
31,9,0.5953320860862732,0.3381631672382355,0.5953320860862732,0.5953320860862732,0.0,0.0
31,10,0.667221188545227,0.27845481038093567,0.667221188545227,0.667221188545227,0.0,0.0
31,11,0.7290006875991821,0.045264922082424164,0.7290006875991821,0.7290006875991821,0.0,0.021900000050663948
31,12,0.547265350818634,0.10499647259712219,0.547265350818634,0.547265350818634,0.0,9.999999747378752e-05
31,13,0.5503347516059875,-0.003259137272834778,0.5503347516059875,0.5503347516059875,0.0,0.8199999928474426
31,14,0.734716534614563,0.0034849941730499268,0.734716534614563,0.734716534614563,0.0,0.8337000012397766
31,15,0.7347507476806641,0.06654608249664307,0.7347507476806641,0.7347507476806641,0.0,0.008700000122189522
31,16,0.6877561807632446,0.057616621255874634,0.6877561807632446,0.6877561807632446,0.0,0.008299999870359898
31,17,0.6687856316566467,0.1074923500418663,0.6687856316566467,0.6687856316566467,0.0,0.0006000000284984708
31,18,0.6623096466064453,0.10256516188383102,0.6623096466064453,0.6623096466064453,0.0,0.000699999975040555
31,19,0.319577693939209,0.6738865971565247,0.6738865971565247,0.6738865971565247,0.0,0.0
31,20,0.6747114658355713,0.07442954927682877,0.6747114658355713,0.6747114658355713,0.0,0.005900000222027302
31,21,0.7126410007476807,0.03722843527793884,0.7126410007476807,0.7126410007476807,0.0,0.03350000083446503
31,22,0.6606107950210571,0.2393501102924347,0.6606107950210571,0.6606107950210571,0.0,0.0
31,23,0.5883069634437561,0.0395120233297348,0.5883069634437561,0.5883069634437561,0.0,0.02280000038444996
31,24,0.6888535618782043,0.1330827921628952,0.6888535618782043,0.6888535618782043,0.0,9.999999747378752e-05
31,25,0.5637264251708984,0.0974780023097992,0.5637264251708984,0.5637264251708984,0.0,0.00019999999494757503
31,26,0.6848398447036743,0.0847124457359314,0.6848398447036743,0.6848398447036743,0.0,0.0034000000450760126
31,27,0.46095365285873413,0.22140717506408691,0.46095365285873413,0.46095365285873413,0.0,0.0
31,28,0.536962628364563,0.08005999773740768,0.536962628364563,0.536962628364563,0.0,0.0024999999441206455
31,29,0.5284827947616577,0.41512322425842285,0.5284827947616577,0.5284827947616577,0.0,0.0
31,30,0.739787220954895,0.03440789505839348,0.739787220954895,0.739787220954895,0.0,0.04960000142455101
31,31,0.7382539510726929,0.002755027264356613,0.7382539510726929,0.7382539510726929,0.0,0.8769000172615051
32,0,0.7061632871627808,0.07248598337173462,0.7061632871627808,0.7061632871627808,0.0,0.003599999938160181
32,1,0.7123861312866211,0.06784050911664963,0.7123861312866211,0.7123861312866211,0.0,0.008500000461935997
32,2,0.622724175453186,0.2966412603855133,0.622724175453186,0.622724175453186,0.0,0.0
32,3,0.7365493774414062,0.07475465536117554,0.7365493774414062,0.7365493774414062,0.0,0.003700000001117587
32,4,0.726926863193512,0.060795627534389496,0.726926863193512,0.726926863193512,0.0,0.010700000450015068
32,5,0.35056596994400024,0.16914208233356476,0.35056596994400024,0.35056596994400024,0.0,0.0
32,6,0.7204803824424744,0.07797908782958984,0.7204803824424744,0.7204803824424744,0.0,0.004000000189989805
32,7,0.5811648368835449,0.07702533900737762,0.5811648368835449,0.5811648368835449,0.0,0.004999999888241291
32,8,0.7352190613746643,0.06688851118087769,0.7352190613746643,0.7352190613746643,0.0,0.007699999958276749
32,9,0.7285842895507812,0.05531850457191467,0.7285842895507812,0.7285842895507812,0.0,0.016899999231100082
32,10,0.6399719715118408,0.05418433994054794,0.6399719715118408,0.6399719715118408,0.0,0.01119999960064888
32,11,0.6998569369316101,0.11817662417888641,0.6998569369316101,0.6998569369316101,0.0,0.0003000000142492354
32,12,0.5538351535797119,0.08078093081712723,0.5538351535797119,0.5538351535797119,0.0,0.0031999999191612005
32,13,0.5374267101287842,0.08342112600803375,0.5374267101287842,0.5374267101287842,0.0,0.0012000000569969416
32,14,0.6704431772232056,0.07209083437919617,0.6704431772232056,0.6704431772232056,0.0,0.0031999999191612005
32,15,0.7090604305267334,0.03631913661956787,0.7090604305267334,0.7090604305267334,0.0,0.03830000013113022
32,16,0.6932456493377686,0.12894415855407715,0.6932456493377686,0.6932456493377686,0.0,0.00039999998989515007
32,17,0.6805037260055542,0.11286157369613647,0.6805037260055542,0.6805037260055542,0.0,0.0003000000142492354
32,18,0.7397215366363525,0.07857166230678558,0.7397215366363525,0.7397215366363525,0.0,0.0034000000450760126
32,19,0.6904842853546143,0.1988455355167389,0.6904842853546143,0.6904842853546143,0.0,0.0
32,20,0.7240338325500488,0.07632762938737869,0.7240338325500488,0.7240338325500488,0.0,0.002300000051036477
32,21,0.7067611813545227,0.08847393840551376,0.7067611813545227,0.7067611813545227,0.0,0.0017000000225380063
32,22,0.6277310848236084,0.1417388916015625,0.6277310848236084,0.6277310848236084,0.0,0.00019999999494757503
32,23,0.7393904328346252,0.07780002802610397,0.7393904328346252,0.7393904328346252,0.0,0.004999999888241291
32,24,0.659643292427063,0.11324696242809296,0.659643292427063,0.659643292427063,0.0,0.000699999975040555
32,25,0.6159567832946777,0.0838843360543251,0.6159567832946777,0.6159567832946777,0.0,0.0005000000237487257
32,26,0.6932771801948547,0.07450760900974274,0.6932771801948547,0.6932771801948547,0.0,0.0026000000070780516
32,27,0.5740211009979248,0.03960014879703522,0.5740211009979248,0.5740211009979248,0.0,0.017100000753998756
32,28,0.7090201377868652,0.13166210055351257,0.7090201377868652,0.7090201377868652,0.0,0.00019999999494757503
32,29,0.7314187288284302,0.05284205451607704,0.7314187288284302,0.7314187288284302,0.0,0.01889999955892563
32,30,0.7381637096405029,0.07665377110242844,0.7381637096405029,0.7381637096405029,0.0,0.003100000089034438
32,31,0.7402629852294922,0.06822942197322845,0.7402629852294922,0.7402629852294922,0.0,0.005100000184029341
33,0,0.6201642155647278,0.27451086044311523,0.6201642155647278,0.6201642155647278,0.0,0.0
33,1,0.7382134199142456,0.06804417818784714,0.7382134199142456,0.7382134199142456,0.0,0.007600000128149986
33,2,0.7383330464363098,0.07877739518880844,0.7383330464363098,0.7383330464363098,0.0,0.0044999998062849045
33,3,0.7083665728569031,0.09372380375862122,0.7083665728569031,0.7083665728569031,0.0,0.002099999925121665
33,4,0.29897287487983704,0.06396068632602692,0.29897287487983704,0.29897287487983704,0.0,0.0013000000035390258
33,5,0.5255923867225647,0.12086502462625504,0.5255923867225647,0.5255923867225647,0.0,0.0
33,6,0.7382994890213013,0.05416528135538101,0.7382994890213013,0.7382994890213013,0.0,0.01640000008046627
33,7,0.6762367486953735,0.10213840007781982,0.6762367486953735,0.6762367486953735,0.0,0.0013000000035390258
33,8,0.7341663241386414,0.22099608182907104,0.7341663241386414,0.7341663241386414,0.0,0.0
33,9,0.7170257568359375,0.23315691947937012,0.7170257568359375,0.7170257568359375,0.0,0.0
33,10,0.46146371960639954,0.06907904893159866,0.46146371960639954,0.46146371960639954,0.0,0.003800000064074993
33,11,0.6220886707305908,0.08588165044784546,0.6220886707305908,0.6220886707305908,0.0,0.002099999925121665
33,12,0.7354024648666382,0.02922738716006279,0.7354024648666382,0.7354024648666382,0.0,0.060499999672174454
33,13,0.7400558590888977,0.01223859190940857,0.7400558590888977,0.7400558590888977,0.0,0.37950000166893005
33,14,0.6809746026992798,0.14929690957069397,0.6809746026992798,0.6809746026992798,0.0,0.0
33,15,0.578275203704834,0.353485643863678,0.578275203704834,0.578275203704834,0.0,0.0
33,16,0.7260826826095581,0.07877007126808167,0.7260826826095581,0.7260826826095581,0.0,0.003100000089034438
33,17,0.7233018279075623,0.06580504029989243,0.7233018279075623,0.7233018279075623,0.0,0.009800000116229057
33,18,0.5689593553543091,0.09693677723407745,0.5689593553543091,0.5689593553543091,0.0,0.0006000000284984708
33,19,0.6732572913169861,0.0736430287361145,0.6732572913169861,0.6732572913169861,0.0,0.005100000184029341
33,20,0.3039022982120514,0.04050980508327484,0.3039022982120514,0.3039022982120514,0.0,0.006000000052154064
33,21,0.6548573970794678,-0.007066413760185242,0.6548573970794678,0.6548573970794678,0.0,0.6299999952316284
33,22,0.7227945327758789,0.12231352925300598,0.7227945327758789,0.7227945327758789,0.0,0.0003000000142492354
33,23,0.7078017592430115,0.13846971094608307,0.7078017592430115,0.7078017592430115,0.0,0.00039999998989515007
33,24,0.7139697670936584,0.10020872950553894,0.7139697670936584,0.7139697670936584,0.0,0.0012000000569969416
33,25,0.6901580095291138,0.020120274275541306,0.6901580095291138,0.6901580095291138,0.0,0.10599999874830246
33,26,0.4034518003463745,0.01769241690635681,0.4034518003463745,0.4034518003463745,0.0,0.07190000265836716
33,27,0.4593019485473633,0.12065617740154266,0.4593019485473633,0.4593019485473633,0.0,0.0
33,28,0.649131715297699,0.06601875275373459,0.649131715297699,0.649131715297699,0.0,0.0052999998442828655
33,29,0.7115419507026672,0.10546623170375824,0.7115419507026672,0.7115419507026672,0.0,0.00039999998989515007
33,30,0.7382580041885376,0.07079712301492691,0.7382580041885376,0.7382580041885376,0.0,0.006899999920278788
33,31,0.6874193549156189,0.06434445083141327,0.6874193549156189,0.6874193549156189,0.0,0.008100000210106373
34,0,0.7262189984321594,0.09535649418830872,0.7262189984321594,0.7262189984321594,0.0,0.0017999999690800905
34,1,0.7359583973884583,0.08736685663461685,0.7359583973884583,0.7359583973884583,0.0,0.002099999925121665
34,2,0.7372255325317383,0.2039112150669098,0.7372255325317383,0.7372255325317383,0.0,0.0
34,3,0.7273619174957275,0.1788254827260971,0.7273619174957275,0.7273619174957275,0.0,0.0
34,4,0.7358513474464417,0.07027047872543335,0.7358513474464417,0.7358513474464417,0.0,0.005400000140070915
34,5,0.7154364585876465,0.03627578541636467,0.7154364585876465,0.7154364585876465,0.0,0.045499999076128006
34,6,0.6732115745544434,0.21817165613174438,0.6732115745544434,0.6732115745544434,0.0,0.0
34,7,0.7124048471450806,0.08958584070205688,0.7124048471450806,0.7124048471450806,0.0,0.002199999988079071
34,8,0.6519670486450195,0.16533654928207397,0.6519670486450195,0.6519670486450195,0.0,0.0
34,9,0.3034217357635498,0.22812530398368835,0.3034217357635498,0.3034217357635498,0.0,0.0
34,10,0.7331119775772095,0.09282349050045013,0.7331119775772095,0.7331119775772095,0.0,0.0008999999845400453
34,11,0.739371657371521,0.07814107090234756,0.739371657371521,0.739371657371521,0.0,0.004000000189989805
34,12,0.4387587904930115,0.18438097834587097,0.4387587904930115,0.4387587904930115,0.0,0.0
34,13,0.6617216467857361,0.13559046387672424,0.6617216467857361,0.6617216467857361,0.0,0.00019999999494757503
34,14,0.7122108936309814,0.0038170143961906433,0.7122108936309814,0.7122108936309814,0.0,0.8162999749183655
34,15,0.7230973243713379,0.014159895479679108,0.7230973243713379,0.7230973243713379,0.0,0.28630000352859497
34,16,0.7300209403038025,0.003894719760864973,0.7300209403038025,0.7300209403038025,0.0,0.8220000267028809
34,17,0.40122857689857483,-0.011766018345952034,0.40122857689857483,0.40122857689857483,0.0,0.2533999979496002
34,18,0.6191649436950684,0.20123344659805298,0.6191649436950684,0.6191649436950684,0.0,0.0
34,19,0.46012288331985474,0.3959466218948364,0.46012288331985474,0.46012288331985474,0.0,0.0
34,20,0.7315932512283325,0.2901889681816101,0.7315932512283325,0.7315932512283325,0.0,0.0
34,21,0.7033182978630066,0.35714414715766907,0.7033182978630066,0.7033182978630066,0.0,0.0
34,22,0.5994693040847778,0.08775505423545837,0.5994693040847778,0.5994693040847778,0.0,0.0008999999845400453
34,23,0.630493700504303,0.11274082958698273,0.630493700504303,0.630493700504303,0.0,0.00019999999494757503
34,24,0.6346065402030945,0.05687277391552925,0.6346065402030945,0.6346065402030945,0.0,0.008500000461935997
34,25,0.5980009436607361,0.1078944206237793,0.5980009436607361,0.5980009436607361,0.0,0.0006000000284984708
34,26,0.6954190135002136,0.07976473122835159,0.6954190135002136,0.6954190135002136,0.0,0.0032999999821186066
34,27,0.623234748840332,0.013559004291892052,0.623234748840332,0.623234748840332,0.0,0.3095000088214874
34,28,0.5761282444000244,0.17450851202011108,0.5761282444000244,0.5761282444000244,0.0,0.0
34,29,0.7398310899734497,0.11476276814937592,0.7398310899734497,0.7398310899734497,0.0,0.0006000000284984708
34,30,0.7373747229576111,0.3051593005657196,0.7373747229576111,0.7373747229576111,0.0,0.0
34,31,0.6454095840454102,0.4416910409927368,0.6454095840454102,0.6454095840454102,0.0,0.0
35,0,0.7021532654762268,0.08832821995019913,0.7021532654762268,0.7021532654762268,0.0,0.0010999999940395355
35,1,0.5124274492263794,0.4155825078487396,0.5124274492263794,0.5124274492263794,0.0,0.0
35,2,0.5994505882263184,0.3992356061935425,0.5994505882263184,0.5994505882263184,0.0,0.0
35,3,0.737934947013855,0.07394208014011383,0.737934947013855,0.737934947013855,0.0,0.003000000026077032
35,4,0.6737808585166931,0.03278142958879471,0.6737808585166931,0.6737808585166931,0.0,0.0414000004529953
35,5,0.5586873888969421,0.07811152935028076,0.5586873888969421,0.5586873888969421,0.0,0.0020000000949949026
35,6,0.6749802827835083,0.004473408684134483,0.6749802827835083,0.6749802827835083,0.0,0.7876999974250793
35,7,0.6213857531547546,0.04451553151011467,0.6213857531547546,0.6213857531547546,0.0,0.021299999207258224
35,8,0.7022803425788879,0.05387800931930542,0.7022803425788879,0.7022803425788879,0.0,0.018200000748038292
35,9,0.7248870134353638,0.04470498114824295,0.7248870134353638,0.7248870134353638,0.0,0.029400000348687172
35,10,0.573878288269043,0.3438026010990143,0.573878288269043,0.573878288269043,0.0,0.0
35,11,0.6177420616149902,0.3238210678100586,0.6177420616149902,0.6177420616149902,0.0,0.0
35,12,0.6918681263923645,0.05627324432134628,0.6918681263923645,0.6918681263923645,0.0,0.009200000204145908
35,13,0.6184830665588379,0.10137444734573364,0.6184830665588379,0.6184830665588379,0.0,0.0015999999595806003
35,14,0.6335277557373047,0.16931071877479553,0.6335277557373047,0.6335277557373047,0.0,0.0
35,15,0.4744216799736023,0.18682339787483215,0.4744216799736023,0.4744216799736023,0.0,0.0
35,16,0.7068167924880981,0.10282982885837555,0.7068167924880981,0.7068167924880981,0.0,0.0010000000474974513
35,17,0.6543915271759033,0.08910329639911652,0.6543915271759033,0.6543915271759033,0.0,0.0017999999690800905
35,18,0.5322116613388062,0.15560182929039001,0.5322116613388062,0.5322116613388062,0.0,0.0
35,19,0.7079957723617554,0.05014080926775932,0.7079957723617554,0.7079957723617554,0.0,0.019700000062584877
35,20,0.6895103454589844,0.05513321980834007,0.6895103454589844,0.6895103454589844,0.0,0.015300000086426735
35,21,0.6911911964416504,0.12579399347305298,0.6911911964416504,0.6911911964416504,0.0,0.00039999998989515007
35,22,0.6887245774269104,0.09876756370067596,0.6887245774269104,0.6887245774269104,0.0,0.0010999999940395355
35,23,0.7008419036865234,0.10385261476039886,0.7008419036865234,0.7008419036865234,0.0,0.0010999999940395355
35,24,0.662743091583252,0.31020587682724,0.662743091583252,0.662743091583252,0.0,0.0
35,25,0.6363387107849121,0.38469573855400085,0.6363387107849121,0.6363387107849121,0.0,0.0
35,26,0.6603850722312927,0.21826112270355225,0.6603850722312927,0.6603850722312927,0.0,0.0
35,27,0.6354625821113586,0.10171060264110565,0.6354625821113586,0.6354625821113586,0.0,0.0007999999797903001
35,28,0.7127760648727417,0.12708911299705505,0.7127760648727417,0.7127760648727417,0.0,0.00019999999494757503
35,29,0.5781511068344116,0.18777094781398773,0.5781511068344116,0.5781511068344116,0.0,0.0
35,30,0.6519736051559448,0.16375207901000977,0.6519736051559448,0.6519736051559448,0.0,0.0
35,31,0.48720377683639526,0.0481674000620842,0.48720377683639526,0.48720377683639526,0.0,0.00930000003427267
36,0,0.680894136428833,0.08945126831531525,0.680894136428833,0.680894136428833,0.0,0.0020000000949949026
36,1,0.7369277477264404,0.046705055981874466,0.7369277477264404,0.7369277477264404,0.0,0.02710000053048134
36,2,0.7289048433303833,0.04543562978506088,0.7289048433303833,0.7289048433303833,0.0,0.027499999850988388
36,3,0.7045387029647827,0.09621793031692505,0.7045387029647827,0.7045387029647827,0.0,0.00139999995008111
36,4,0.7173545360565186,0.08959179371595383,0.7173545360565186,0.7173545360565186,0.0,0.002099999925121665
36,5,0.6856323480606079,0.056216031312942505,0.6856323480606079,0.6856323480606079,0.0,0.017100000753998756
36,6,0.7156403064727783,0.1029682457447052,0.7156403064727783,0.7156403064727783,0.0,0.00139999995008111
36,7,0.501003623008728,0.07815256714820862,0.501003623008728,0.501003623008728,0.0,0.000699999975040555
36,8,0.7386549711227417,0.07005360722541809,0.7386549711227417,0.7386549711227417,0.0,0.005400000140070915
36,9,0.7397392988204956,0.14134997129440308,0.7397392988204956,0.7397392988204956,0.0,0.0
36,10,0.6224288940429688,0.15383973717689514,0.6224288940429688,0.6224288940429688,0.0,0.00019999999494757503
36,11,0.5925472378730774,0.16686305403709412,0.5925472378730774,0.5925472378730774,0.0,0.0
36,12,0.6786742210388184,0.1498367339372635,0.6786742210388184,0.6786742210388184,0.0,9.999999747378752e-05
36,13,0.740257203578949,0.05989181622862816,0.740257203578949,0.740257203578949,0.0,0.011500000022351742
36,14,0.7002220153808594,0.06195160746574402,0.7002220153808594,0.7002220153808594,0.0,0.012600000016391277
36,15,0.5943807363510132,0.09608572721481323,0.5943807363510132,0.5943807363510132,0.0,0.002300000051036477
36,16,0.5863351821899414,0.03973960876464844,0.5863351821899414,0.5863351821899414,0.0,0.01850000023841858
36,17,0.7362060546875,0.0531921423971653,0.7362060546875,0.7362060546875,0.0,0.015200000256299973
36,18,0.7398554682731628,0.09657076746225357,0.7398554682731628,0.7398554682731628,0.0,0.0006000000284984708
36,19,0.7157766222953796,0.12630534172058105,0.7157766222953796,0.7157766222953796,0.0,9.999999747378752e-05
36,20,0.4519970417022705,0.1035987138748169,0.4519970417022705,0.4519970417022705,0.0,9.999999747378752e-05
36,21,0.6472296118736267,0.13753953576087952,0.6472296118736267,0.6472296118736267,0.0,0.00039999998989515007
36,22,0.7395820617675781,0.04726262763142586,0.7395820617675781,0.7395820617675781,0.0,0.025100000202655792
36,23,0.7261574864387512,0.07048626989126205,0.7261574864387512,0.7261574864387512,0.0,0.006200000178068876
36,24,0.7402629852294922,0.05124164745211601,0.7402629852294922,0.7402629852294922,0.0,0.018400000408291817
36,25,0.6085789203643799,0.06726597249507904,0.6085789203643799,0.6085789203643799,0.0,0.006000000052154064
36,26,0.731339156627655,0.0655701756477356,0.731339156627655,0.731339156627655,0.0,0.009100000374019146
36,27,0.7218213081359863,0.06740231812000275,0.7218213081359863,0.7218213081359863,0.0,0.003800000064074993
36,28,0.7360501885414124,0.25919249653816223,0.7360501885414124,0.7360501885414124,0.0,0.0
36,29,0.7391711473464966,0.10063408315181732,0.7391711473464966,0.7391711473464966,0.0,0.0005000000237487257
36,30,0.6932545304298401,0.25340592861175537,0.6932545304298401,0.6932545304298401,0.0,0.0
36,31,0.6458419561386108,0.2842039465904236,0.6458419561386108,0.6458419561386108,0.0,0.0
37,0,0.6497300863265991,0.06172993779182434,0.6497300863265991,0.6497300863265991,0.0,0.005799999926239252
37,1,0.5553262233734131,0.10226470232009888,0.5553262233734131,0.5553262233734131,0.0,0.00019999999494757503
37,2,0.5918815732002258,-0.008617252111434937,0.5918815732002258,0.5918815732002258,0.0,0.5515999794006348
37,3,0.6161024570465088,0.07826629281044006,0.6161024570465088,0.6161024570465088,0.0,0.0012000000569969416
37,4,0.6639038324356079,0.014128707349300385,0.6639038324356079,0.6639038324356079,0.0,0.2581999897956848
37,5,0.4394312798976898,0.01670641079545021,0.4394312798976898,0.4394312798976898,0.0,0.20919999480247498
37,6,0.6549516916275024,0.052931562066078186,0.6549516916275024,0.6549516916275024,0.0,0.01899999938905239
37,7,0.720430850982666,0.035237766802310944,0.720430850982666,0.720430850982666,0.0,0.04839999973773956
37,8,0.33563217520713806,0.1272806078195572,0.33563217520713806,0.33563217520713806,0.0,0.0
37,9,0.6164077520370483,0.18639427423477173,0.6164077520370483,0.6164077520370483,0.0,0.0
37,10,0.5683100819587708,0.1519017517566681,0.5683100819587708,0.5683100819587708,0.0,0.00019999999494757503
37,11,0.586490273475647,0.21217556297779083,0.586490273475647,0.586490273475647,0.0,0.0
37,12,0.6700677871704102,0.07709506899118423,0.6700677871704102,0.6700677871704102,0.0,0.00139999995008111
37,13,0.6645506620407104,0.08316372334957123,0.6645506620407104,0.6645506620407104,0.0,0.0010999999940395355
37,14,0.6347672343254089,0.1684805452823639,0.6347672343254089,0.6347672343254089,0.0,9.999999747378752e-05
37,15,0.6474654674530029,0.10110625624656677,0.6474654674530029,0.6474654674530029,0.0,0.0012000000569969416
37,16,0.4895175099372864,0.09739261120557785,0.4895175099372864,0.4895175099372864,0.0,0.0003000000142492354
37,17,0.7393382787704468,0.08494244515895844,0.7393382787704468,0.7393382787704468,0.0,0.0019000000320374966
37,18,0.5655750632286072,0.24069590866565704,0.5655750632286072,0.5655750632286072,0.0,0.0
37,19,0.486792653799057,0.40244126319885254,0.486792653799057,0.486792653799057,0.0,0.0
37,20,0.6095293760299683,0.28250086307525635,0.6095293760299683,0.6095293760299683,0.0,0.0
37,21,0.5963881015777588,0.22806774079799652,0.5963881015777588,0.5963881015777588,0.0,0.0
37,22,0.34446126222610474,0.001658700406551361,0.34446126222610474,0.34446126222610474,0.0,0.8622000217437744
37,23,0.6498557925224304,0.08384718000888824,0.6498557925224304,0.6498557925224304,0.0,0.0008999999845400453
37,24,0.5766834616661072,0.035469505935907364,0.5766834616661072,0.5766834616661072,0.0,0.03849999979138374
37,25,0.5431240797042847,0.14176003634929657,0.5431240797042847,0.5431240797042847,0.0,0.0
37,26,0.6198230981826782,0.26670193672180176,0.6198230981826782,0.6198230981826782,0.0,0.0
37,27,0.5433602333068848,0.32777759432792664,0.5433602333068848,0.5433602333068848,0.0,0.0
37,28,0.5449573993682861,0.15816397964954376,0.5449573993682861,0.5449573993682861,0.0,0.0
37,29,0.5715535283088684,0.021449729800224304,0.5715535283088684,0.5715535283088684,0.0,0.07739999890327454
37,30,0.7402069568634033,0.08570189028978348,0.7402069568634033,0.7402069568634033,0.0,0.002099999925121665
37,31,0.7402629852294922,0.04190034419298172,0.7402629852294922,0.7402629852294922,0.0,0.027300000190734863
38,0,0.7239162921905518,0.08628198504447937,0.7239162921905518,0.7239162921905518,0.0,0.001500000013038516
38,1,0.7389163374900818,0.09986663609743118,0.7389163374900818,0.7389163374900818,0.0,0.00139999995008111
38,2,0.4351269006729126,0.0807948112487793,0.4351269006729126,0.4351269006729126,0.0,0.0005000000237487257
38,3,0.5929010510444641,0.046250905841588974,0.5929010510444641,0.5929010510444641,0.0,0.009700000286102295
38,4,0.4797987937927246,0.047494370490312576,0.4797987937927246,0.4797987937927246,0.0,0.0142000000923872
38,5,0.6717115640640259,0.08318034559488297,0.6717115640640259,0.6717115640640259,0.0,0.0026000000070780516
38,6,0.5037797093391418,0.05619489401578903,0.5037797093391418,0.5037797093391418,0.0,0.0066999997943639755
38,7,0.4122875928878784,0.017800644040107727,0.4122875928878784,0.4122875928878784,0.0,0.07699999958276749
38,8,0.7245518565177917,0.11068036407232285,0.7245518565177917,0.7245518565177917,0.0,0.00039999998989515007
38,9,0.6596828699111938,0.3282923698425293,0.6596828699111938,0.6596828699111938,0.0,0.0
38,10,0.668714702129364,0.0434265211224556,0.668714702129364,0.668714702129364,0.0,0.032499998807907104
38,11,0.7381589412689209,0.03157235309481621,0.7381589412689209,0.7381589412689209,0.0,0.05290000140666962
38,12,0.7180265188217163,0.07988651841878891,0.7180265188217163,0.7180265188217163,0.0,0.0027000000700354576
38,13,0.5816817283630371,0.10729213058948517,0.5816817283630371,0.5816817283630371,0.0,0.0003000000142492354
38,14,0.7402320504188538,0.04216260462999344,0.7402320504188538,0.7402320504188538,0.0,0.03460000082850456
38,15,0.4980313181877136,0.08244277536869049,0.4980313181877136,0.4980313181877136,0.0,0.000699999975040555
38,16,0.7402628660202026,0.05616673454642296,0.7402628660202026,0.7402628660202026,0.0,0.013199999928474426
38,17,0.7402628660202026,0.05267517268657684,0.7402628660202026,0.7402628660202026,0.0,0.01730000041425228
38,18,0.7394967079162598,0.17037412524223328,0.7394967079162598,0.7394967079162598,0.0,0.0
38,19,0.654750406742096,0.11063280701637268,0.654750406742096,0.654750406742096,0.0,0.0008999999845400453
38,20,0.7214665412902832,0.06560205668210983,0.7214665412902832,0.7214665412902832,0.0,0.009499999694526196
38,21,0.6184108257293701,0.07005497068166733,0.6184108257293701,0.6184108257293701,0.0,0.0024999999441206455
38,22,0.7402629852294922,0.038158614188432693,0.7402629852294922,0.7402629852294922,0.0,0.03909999877214432
38,23,0.7402628660202026,0.06485441327095032,0.7402628660202026,0.7402628660202026,0.0,0.007799999788403511
38,24,0.41622504591941833,0.09642469882965088,0.41622504591941833,0.41622504591941833,0.0,0.00019999999494757503
38,25,0.6202287673950195,0.042322538793087006,0.6202287673950195,0.6202287673950195,0.0,0.02449999935925007
38,26,0.15311306715011597,0.04489820450544357,0.15311306715011597,0.15311306715011597,0.0,0.001500000013038516
38,27,0.5528886914253235,0.08370007574558258,0.5528886914253235,0.5528886914253235,0.0,0.0010999999940395355
38,28,0.7264689803123474,0.054234303534030914,0.7264689803123474,0.7264689803123474,0.0,0.017999999225139618
38,29,0.7186701893806458,0.06493666023015976,0.7186701893806458,0.7186701893806458,0.0,0.008999999612569809
38,30,0.6244425773620605,0.09031063318252563,0.6244425773620605,0.6244425773620605,0.0,0.0003000000142492354
38,31,0.7202068567276001,0.03982219845056534,0.7202068567276001,0.7202068567276001,0.0,0.03709999844431877
39,0,0.7394885420799255,0.02692166343331337,0.7394885420799255,0.7394885420799255,0.0,0.07400000095367432
39,1,0.739655077457428,0.014352105557918549,0.739655077457428,0.739655077457428,0.0,0.275299996137619
39,2,0.2890811860561371,0.12448775768280029,0.2890811860561371,0.2890811860561371,0.0,0.0
39,3,0.5277578830718994,0.11641699075698853,0.5277578830718994,0.5277578830718994,0.0,0.00039999998989515007
39,4,0.7400696277618408,0.05895092710852623,0.7400696277618408,0.7400696277618408,0.0,0.013199999928474426
39,5,0.7190940380096436,0.08218812942504883,0.7190940380096436,0.7190940380096436,0.0,0.003800000064074993
39,6,0.10127030313014984,-0.007761690765619278,0.10127030313014984,0.10127030313014984,0.0,0.37619999051094055
39,7,0.06243697181344032,-0.005111766047775745,0.06243697181344032,0.06243697181344032,0.0003000000142492354,0.6807000041007996
39,8,0.6418273448944092,0.049211032688617706,0.6418273448944092,0.6418273448944092,0.0,0.013199999928474426
39,9,0.6958690881729126,0.046733543276786804,0.6958690881729126,0.6958690881729126,0.0,0.024900000542402267
39,10,0.7307531833648682,0.047628264874219894,0.7307531833648682,0.7307531833648682,0.0,0.025200000032782555
39,11,0.7402629852294922,0.03370358422398567,0.7402629852294922,0.7402629852294922,0.0,0.04650000110268593
39,12,0.25607454776763916,0.1944650560617447,0.25607454776763916,0.25607454776763916,0.0,0.0
39,13,0.5760488510131836,0.03384683281183243,0.5760488510131836,0.5760488510131836,0.0,0.030300000682473183
39,14,0.687780499458313,0.07485662400722504,0.687780499458313,0.687780499458313,0.0,0.005900000222027302
39,15,0.6559872627258301,0.1667194664478302,0.6559872627258301,0.6559872627258301,0.0,0.0
39,16,0.7042684555053711,0.09480692446231842,0.7042684555053711,0.7042684555053711,0.0,0.001500000013038516
39,17,0.6866717338562012,0.07870384305715561,0.6866717338562012,0.6866717338562012,0.0,0.0044999998062849045
39,18,0.6498444080352783,0.1910334825515747,0.6498444080352783,0.6498444080352783,0.0,0.0
39,19,0.6707714796066284,0.12409746646881104,0.6707714796066284,0.6707714796066284,0.0,0.00039999998989515007
39,20,0.6963585019111633,0.054954901337623596,0.6963585019111633,0.6963585019111633,0.0,0.013799999840557575
39,21,0.4102354943752289,0.022614076733589172,0.4102354943752289,0.4102354943752289,0.0,0.05889999866485596
39,22,0.6481903791427612,0.05078266188502312,0.6481903791427612,0.6481903791427612,0.0,0.022099999710917473
39,23,0.7099315524101257,0.08389782905578613,0.7099315524101257,0.7099315524101257,0.0,0.0035000001080334187
39,24,0.6433396935462952,0.012199010699987411,0.6433396935462952,0.6433396935462952,0.0,0.358599990606308
39,25,0.6606696248054504,0.07392960786819458,0.6606696248054504,0.6606696248054504,0.0,0.0031999999191612005
39,26,0.5828319787979126,0.14785298705101013,0.5828319787979126,0.5828319787979126,0.0,0.0
39,27,0.3396897614002228,0.15196764469146729,0.3396897614002228,0.3396897614002228,0.0,0.0
39,28,0.5747289657592773,0.019190475344657898,0.5747289657592773,0.5747289657592773,0.0,0.07689999788999557
39,29,0.675540566444397,0.012967482209205627,0.675540566444397,0.675540566444397,0.0,0.32600000500679016
39,30,0.5126703381538391,0.09409987926483154,0.5126703381538391,0.5126703381538391,0.0,0.0003000000142492354
39,31,0.5826461911201477,0.07792527228593826,0.5826461911201477,0.5826461911201477,0.0,0.0015999999595806003
40,0,0.7160956263542175,0.03275126963853836,0.7160956263542175,0.7160956263542175,0.0,0.047200001776218414
40,1,0.38256168365478516,0.04960580915212631,0.38256168365478516,0.38256168365478516,0.0,0.0026000000070780516
40,2,0.6074340343475342,0.031173720955848694,0.6074340343475342,0.6074340343475342,0.0,0.04039999842643738
40,3,0.5714796781539917,0.08623719215393066,0.5714796781539917,0.5714796781539917,0.0,0.0012000000569969416
40,4,0.521496593952179,0.0616726279258728,0.521496593952179,0.521496593952179,0.0,0.003100000089034438
40,5,0.4820718765258789,0.15334156155586243,0.4820718765258789,0.4820718765258789,0.0,0.0
40,6,0.6445168256759644,0.06159424036741257,0.6445168256759644,0.6445168256759644,0.0,0.010599999688565731
40,7,0.5126370191574097,0.1748051643371582,0.5126370191574097,0.5126370191574097,0.0,0.0
40,8,0.6748948693275452,0.027076423168182373,0.6748948693275452,0.6748948693275452,0.0,0.05480000004172325
40,9,0.41960281133651733,0.18610802292823792,0.41960281133651733,0.41960281133651733,0.0,0.0
40,10,0.3671858310699463,0.09947288781404495,0.3671858310699463,0.3671858310699463,0.0,0.0
40,11,0.5295550227165222,0.03930558264255524,0.5295550227165222,0.5295550227165222,0.0,0.021900000050663948
40,12,0.5538172721862793,0.3257583677768707,0.5538172721862793,0.5538172721862793,0.0,0.0
40,13,0.6360417008399963,0.16338329017162323,0.6360417008399963,0.6360417008399963,0.0,0.0
40,14,0.6623088121414185,0.03414420783519745,0.6623088121414185,0.6623088121414185,0.0,0.04560000076889992
40,15,0.5900599956512451,0.06717680394649506,0.5900599956512451,0.5900599956512451,0.0,0.0032999999821186066
40,16,0.30981093645095825,0.13113756477832794,0.30981093645095825,0.30981093645095825,0.0,0.0
40,17,0.49741846323013306,0.0315331369638443,0.49741846323013306,0.49741846323013306,0.0,0.026100000366568565
40,18,0.5692216157913208,0.01094692200422287,0.5692216157913208,0.5692216157913208,0.0,0.40799999237060547
40,19,0.5774474143981934,0.12080812454223633,0.5774474143981934,0.5774474143981934,0.0,0.0006000000284984708
40,20,0.7077571153640747,0.026102200150489807,0.7077571153640747,0.7077571153640747,0.0,0.07280000299215317
40,21,0.6774290204048157,0.11589102447032928,0.6774290204048157,0.6774290204048157,0.0,9.999999747378752e-05
40,22,0.5436062216758728,0.04461130127310753,0.5436062216758728,0.5436062216758728,0.0,0.01810000091791153
40,23,0.5136239528656006,0.0970165878534317,0.5136239528656006,0.5136239528656006,0.0,0.0
40,24,0.5942200422286987,0.073466457426548,0.5942200422286987,0.5942200422286987,0.0,0.0019000000320374966
40,25,0.5267230272293091,0.0947846993803978,0.5267230272293091,0.5267230272293091,0.0,0.0006000000284984708
40,26,0.6435035467147827,0.05049261823296547,0.6435035467147827,0.6435035467147827,0.0,0.013399999588727951
40,27,0.6531127691268921,0.06155436486005783,0.6531127691268921,0.6531127691268921,0.0,0.008100000210106373
40,28,0.7194957733154297,0.025391992181539536,0.7194957733154297,0.7194957733154297,0.0,0.07819999754428864
40,29,0.671532154083252,0.03860720247030258,0.671532154083252,0.671532154083252,0.0,0.03999999910593033
40,30,0.731434166431427,0.011618949472904205,0.731434166431427,0.731434166431427,0.0,0.4059999883174896
40,31,0.7402588129043579,0.01898512989282608,0.7402588129043579,0.7402588129043579,0.0,0.13910000026226044
41,0,0.4055260419845581,0.08278898894786835,0.4055260419845581,0.4055260419845581,0.0,0.0007999999797903001
41,1,0.6318050026893616,0.020053330808877945,0.6318050026893616,0.6318050026893616,0.0,0.10189999639987946
41,2,0.5623912811279297,0.06495121121406555,0.5623912811279297,0.5623912811279297,0.0,0.003800000064074993
41,3,0.7300648093223572,0.02284097857773304,0.7300648093223572,0.7300648093223572,0.0,0.08739999681711197
41,4,0.34316137433052063,0.031715311110019684,0.34316137433052063,0.34316137433052063,0.0,0.049800001084804535
41,5,0.6786043643951416,0.00457020103931427,0.6786043643951416,0.6786043643951416,0.0,0.7633000016212463
41,6,0.6268638968467712,0.14170315861701965,0.6268638968467712,0.6268638968467712,0.0,0.0003000000142492354
41,7,0.6518037915229797,0.07531388103961945,0.6518037915229797,0.6518037915229797,0.0,0.004800000227987766
41,8,0.5084226131439209,0.22278040647506714,0.5084226131439209,0.5084226131439209,0.0,0.0
41,9,0.5372368693351746,0.148898646235466,0.5372368693351746,0.5372368693351746,0.0,0.0
41,10,0.4343626797199249,0.1515277624130249,0.4343626797199249,0.4343626797199249,0.0,0.0
41,11,0.606471061706543,0.010045945644378662,0.606471061706543,0.606471061706543,0.0,0.47540000081062317
41,12,0.5627646446228027,0.03225339576601982,0.5627646446228027,0.5627646446228027,0.0,0.03909999877214432
41,13,0.5212745070457458,0.08720794320106506,0.5212745070457458,0.5212745070457458,0.0,0.0003000000142492354
41,14,0.4338265061378479,0.41041672229766846,0.4338265061378479,0.4338265061378479,0.0,0.0
41,15,0.46779340505599976,0.17656971514225006,0.46779340505599976,0.46779340505599976,0.0,0.0
41,16,0.7181606292724609,0.02560814842581749,0.7181606292724609,0.7181606292724609,0.0,0.07930000126361847
41,17,0.5317051410675049,0.0849515050649643,0.5317051410675049,0.5317051410675049,0.0,0.0005000000237487257
41,18,0.5710340142250061,0.3050774335861206,0.5710340142250061,0.5710340142250061,0.0,0.0
41,19,0.6845517158508301,0.08360640704631805,0.6845517158508301,0.6845517158508301,0.0,0.0026000000070780516
41,20,0.4420502781867981,-0.005820915102958679,0.4420502781867981,0.4420502781867981,0.0,0.5831999778747559
41,21,0.6060106754302979,0.02320350706577301,0.6060106754302979,0.6060106754302979,0.0,0.08030000329017639
41,22,0.3765697777271271,0.060414332896471024,0.3765697777271271,0.3765697777271271,0.0,0.001500000013038516
41,23,0.5650267004966736,0.0633806437253952,0.5650267004966736,0.5650267004966736,0.0,0.007000000216066837
41,24,0.7026489973068237,0.04941778630018234,0.7026489973068237,0.7026489973068237,0.0,0.022299999371170998
41,25,0.5568302869796753,0.1303395926952362,0.5568302869796753,0.5568302869796753,0.0,0.0003000000142492354
41,26,0.6719818115234375,0.08647762984037399,0.6719818115234375,0.6719818115234375,0.0,0.002400000113993883
41,27,0.6892862915992737,0.04402846470475197,0.6892862915992737,0.6892862915992737,0.0,0.02459999918937683
41,28,0.6195663213729858,0.13574935495853424,0.6195663213729858,0.6195663213729858,0.0,0.0
41,29,0.42361509799957275,0.011300787329673767,0.42361509799957275,0.42361509799957275,0.0,0.2662999927997589
41,30,0.5796874761581421,0.043713055551052094,0.5796874761581421,0.5796874761581421,0.0,0.014999999664723873
41,31,0.46387454867362976,-0.007840439677238464,0.46387454867362976,0.46387454867362976,0.0,0.5371999740600586
42,0,0.6053333282470703,0.10613476485013962,0.6053333282470703,0.6053333282470703,0.0,0.0003000000142492354
42,1,0.6551026105880737,0.14775028824806213,0.6551026105880737,0.6551026105880737,0.0,9.999999747378752e-05
42,2,0.17786477506160736,0.5766476988792419,0.5766476988792419,0.5766476988792419,0.0,0.0
42,3,0.2894062399864197,0.11900097876787186,0.2894062399864197,0.2894062399864197,0.0,0.0
42,4,0.5264502763748169,0.37891271710395813,0.5264502763748169,0.5264502763748169,0.0,0.0
42,5,0.6862009763717651,0.14937672019004822,0.6862009763717651,0.6862009763717651,0.0,9.999999747378752e-05
42,6,0.7084007263183594,0.04068191349506378,0.7084007263183594,0.7084007263183594,0.0,0.03539999946951866
42,7,0.6822707653045654,0.040400199592113495,0.6822707653045654,0.6822707653045654,0.0,0.026200000196695328
42,8,0.7261996269226074,0.0925341472029686,0.7261996269226074,0.7261996269226074,0.0,0.0019000000320374966
42,9,0.719038724899292,0.1881057322025299,0.719038724899292,0.719038724899292,0.0,0.0
42,10,0.6403200626373291,0.21055081486701965,0.6403200626373291,0.6403200626373291,0.0,0.0
42,11,0.5682045221328735,0.2859625816345215,0.5682045221328735,0.5682045221328735,0.0,0.0
42,12,0.42061781883239746,0.4394456148147583,0.4394456148147583,0.4394456148147583,0.0,0.0
42,13,0.44482898712158203,0.1907670795917511,0.44482898712158203,0.44482898712158203,0.0,0.0
42,14,0.27375322580337524,0.15910521149635315,0.27375322580337524,0.27375322580337524,0.0,0.0
42,15,0.4317649006843567,0.17699572443962097,0.4317649006843567,0.4317649006843567,0.0,0.0
42,16,0.547877311706543,0.2546195387840271,0.547877311706543,0.547877311706543,0.0,0.0
42,17,0.613735556602478,-0.0034145377576351166,0.613735556602478,0.613735556602478,0.0,0.8418999910354614
42,18,0.6824899315834045,0.07428107410669327,0.6824899315834045,0.6824899315834045,0.0,0.00570000009611249
42,19,0.6384338140487671,0.06109568476676941,0.6384338140487671,0.6384338140487671,0.0,0.011099999770522118
42,20,0.4741019010543823,0.05761933699250221,0.4741019010543823,0.4741019010543823,0.0,0.010300000198185444
42,21,0.0808173269033432,0.03491614758968353,0.0808173269033432,0.0808173269033432,0.0,0.005799999926239252
42,22,0.7394341230392456,0.037290915846824646,0.7394341230392456,0.7394341230392456,0.0,0.04619999974966049
42,23,0.7099754810333252,0.04032663628458977,0.7099754810333252,0.7099754810333252,0.0,0.031099999323487282
42,24,0.6843568086624146,0.018952473998069763,0.6843568086624146,0.6843568086624146,0.0,0.11500000208616257
42,25,0.6052472591400146,0.07124883681535721,0.6052472591400146,0.6052472591400146,0.0,0.005400000140070915
42,26,0.6750402450561523,0.007661072537302971,0.6750402450561523,0.6750402450561523,0.0,0.6273000240325928
42,27,0.6308727264404297,0.0351218618452549,0.6308727264404297,0.6308727264404297,0.0,0.03790000081062317
42,28,0.387479305267334,0.11158483475446701,0.387479305267334,0.387479305267334,0.0,0.0
42,29,0.33163538575172424,0.1278773695230484,0.33163538575172424,0.33163538575172424,0.0,0.0
42,30,0.5597240924835205,0.1724158227443695,0.5597240924835205,0.5597240924835205,0.0,0.0
42,31,0.46045368909835815,0.18846657872200012,0.46045368909835815,0.46045368909835815,0.0,0.0
43,0,0.41939663887023926,0.11793097853660583,0.41939663887023926,0.41939663887023926,0.0,0.00019999999494757503
43,1,0.6981970071792603,0.03300241380929947,0.6981970071792603,0.6981970071792603,0.0,0.04839999973773956
43,2,0.5495705604553223,0.17606386542320251,0.5495705604553223,0.5495705604553223,0.0,0.0
43,3,0.5689375400543213,0.061455123126506805,0.5689375400543213,0.5689375400543213,0.0,0.005900000222027302
43,4,0.7230387926101685,0.08909495174884796,0.7230387926101685,0.7230387926101685,0.0,0.002899999963119626
43,5,0.7346889972686768,0.09217192232608795,0.7346889972686768,0.7346889972686768,0.0,0.0020000000949949026
43,6,0.438279926776886,0.0727798193693161,0.438279926776886,0.438279926776886,0.0,0.000699999975040555
43,7,0.46323534846305847,0.05424407124519348,0.46323534846305847,0.46323534846305847,0.0,0.00800000037997961
43,8,0.1597977876663208,0.11433669179677963,0.1597977876663208,0.1597977876663208,0.0,0.0
43,9,0.27464890480041504,0.10582217574119568,0.27464890480041504,0.27464890480041504,0.0,0.0
43,10,0.6793810725212097,0.07736708968877792,0.6793810725212097,0.6793810725212097,0.0,0.003599999938160181
43,11,0.5384966135025024,0.0520906001329422,0.5384966135025024,0.5384966135025024,0.0,0.015599999576807022
43,12,0.5544478893280029,0.12381024658679962,0.5544478893280029,0.5544478893280029,0.0,0.00039999998989515007
43,13,0.6685898303985596,0.04633699357509613,0.6685898303985596,0.6685898303985596,0.0,0.02280000038444996
43,14,0.5065996050834656,0.1444578766822815,0.5065996050834656,0.5065996050834656,0.0,0.0
43,15,0.4100995361804962,0.118928462266922,0.4100995361804962,0.4100995361804962,0.0,0.00019999999494757503
43,16,0.599976658821106,0.035663776099681854,0.599976658821106,0.599976658821106,0.0,0.041999999433755875
43,17,0.42781513929367065,0.10470747947692871,0.42781513929367065,0.42781513929367065,0.0,0.0003000000142492354
43,18,0.39622730016708374,0.08120214194059372,0.39622730016708374,0.39622730016708374,0.0,0.0010000000474974513
43,19,0.5067229270935059,0.3337262272834778,0.5067229270935059,0.5067229270935059,0.0,0.0
43,20,0.43174734711647034,0.1149924248456955,0.43174734711647034,0.43174734711647034,0.0,0.0
43,21,0.49167537689208984,0.09370329976081848,0.49167537689208984,0.49167537689208984,0.0,0.0005000000237487257
43,22,0.5225784778594971,0.0830107182264328,0.5225784778594971,0.5225784778594971,0.0,0.0017999999690800905
43,23,0.5062752962112427,0.03358979523181915,0.5062752962112427,0.5062752962112427,0.0,0.038100000470876694
43,24,0.5128382444381714,0.18196386098861694,0.5128382444381714,0.5128382444381714,0.0,0.0
43,25,0.2849687337875366,0.1123262494802475,0.2849687337875366,0.2849687337875366,0.0,0.0
43,26,0.7173391580581665,0.030280008912086487,0.7173391580581665,0.7173391580581665,0.0,0.061900001019239426
43,27,0.6672179698944092,0.05723289027810097,0.6672179698944092,0.6672179698944092,0.0,0.00800000037997961
43,28,0.7230964303016663,0.06364567577838898,0.7230964303016663,0.7230964303016663,0.0,0.006200000178068876
43,29,0.5840791463851929,0.08114973455667496,0.5840791463851929,0.5840791463851929,0.0,0.0006000000284984708
43,30,0.569333553314209,0.01674109697341919,0.569333553314209,0.569333553314209,0.0,0.1476999968290329
43,31,0.6731876134872437,0.04641226679086685,0.6731876134872437,0.6731876134872437,0.0,0.019899999722838402
44,0,0.7398960590362549,0.06882476061582565,0.7398960590362549,0.7398960590362549,0.0,0.0044999998062849045
44,1,0.7402628064155579,0.044075630605220795,0.7402628064155579,0.7402628064155579,0.0,0.027400000020861626
44,2,0.5048154592514038,0.06499186158180237,0.5048154592514038,0.5048154592514038,0.0,0.005400000140070915
44,3,0.4032297432422638,0.05091241002082825,0.4032297432422638,0.4032297432422638,0.0,0.005799999926239252
44,4,0.5175114870071411,0.0593859925866127,0.5175114870071411,0.5175114870071411,0.0,0.004900000058114529
44,5,0.3823637366294861,0.06875993311405182,0.3823637366294861,0.3823637366294861,0.0,0.0006000000284984708
44,6,0.6559447646141052,0.08765169978141785,0.6559447646141052,0.6559447646141052,0.0,0.0013000000035390258
44,7,0.5279178619384766,0.07735665142536163,0.5279178619384766,0.5279178619384766,0.0,0.0010999999940395355
44,8,0.6203756928443909,0.011906184256076813,0.6203756928443909,0.6203756928443909,0.0,0.29600000381469727
44,9,0.7305624485015869,0.015310344286262989,0.7305624485015869,0.7305624485015869,0.0,0.2353000044822693
44,10,0.6397942304611206,0.034685421735048294,0.6397942304611206,0.6397942304611206,0.0,0.0502999983727932
44,11,0.5034420490264893,0.09630223363637924,0.5034420490264893,0.5034420490264893,0.0,0.0015999999595806003
44,12,0.34844064712524414,0.6029496192932129,0.6029496192932129,0.6029496192932129,0.0,0.0
44,13,0.6304312348365784,0.047495730221271515,0.6304312348365784,0.6304312348365784,0.0,0.01640000008046627
44,14,0.3773157000541687,-0.005569741129875183,0.3773157000541687,0.3773157000541687,0.0,0.6258999705314636
44,15,0.4206174910068512,0.010094836354255676,0.4206174910068512,0.4206174910068512,0.0,0.38580000400543213
44,16,0.6454012393951416,0.08167985081672668,0.6454012393951416,0.6454012393951416,0.0,0.0026000000070780516
44,17,0.4907512664794922,0.07752317190170288,0.4907512664794922,0.4907512664794922,0.0,0.0015999999595806003
44,18,0.7081776857376099,0.05038921535015106,0.7081776857376099,0.7081776857376099,0.0,0.019200000911951065
44,19,0.7329244017601013,0.055334098637104034,0.7329244017601013,0.7329244017601013,0.0,0.014399999752640724
44,20,0.6581188440322876,0.06969143450260162,0.6581188440322876,0.6581188440322876,0.0,0.006300000008195639
44,21,0.6467535495758057,0.07141049951314926,0.6467535495758057,0.6467535495758057,0.0,0.007400000002235174
44,22,0.29304105043411255,0.6945523023605347,0.6945523023605347,0.6945523023605347,0.0,0.0
44,23,0.6232055425643921,0.2812455892562866,0.6232055425643921,0.6232055425643921,0.0,0.0
44,24,0.6744107007980347,0.04823681339621544,0.6744107007980347,0.6744107007980347,0.0,0.01549999974668026
44,25,0.43914467096328735,0.06886296719312668,0.43914467096328735,0.43914467096328735,0.0,0.0017999999690800905
44,26,0.47311729192733765,0.00905783660709858,0.47311729192733765,0.47311729192733765,0.0,0.4918000102043152
44,27,0.7402628064155579,0.056977227330207825,0.7402628064155579,0.7402628064155579,0.0,0.014999999664723873
44,28,0.7093484997749329,0.04676997289061546,0.7093484997749329,0.7093484997749329,0.0,0.02419999986886978
44,29,0.6494622230529785,0.11070118099451065,0.6494622230529785,0.6494622230529785,0.0,0.0006000000284984708
44,30,0.7164106369018555,0.0538957342505455,0.7164106369018555,0.7164106369018555,0.0,0.014499999582767487
44,31,0.6688025593757629,0.05268870294094086,0.6688025593757629,0.6688025593757629,0.0,0.01720000058412552
45,0,0.7190444469451904,0.07953475415706635,0.7190444469451904,0.7190444469451904,0.0,0.0024999999441206455
45,1,0.5930902361869812,0.07288603484630585,0.5930902361869812,0.5930902361869812,0.0,0.00419999985024333
45,2,0.400542289018631,0.037987567484378815,0.400542289018631,0.400542289018631,0.0,0.016100000590085983
45,3,0.4688664376735687,0.08965977281332016,0.4688664376735687,0.4688664376735687,0.0,0.0010999999940395355
45,4,0.4419272541999817,0.1377987265586853,0.4419272541999817,0.4419272541999817,0.0,0.0
45,5,0.40481334924697876,0.34319403767585754,0.40481334924697876,0.40481334924697876,0.0,0.0
45,6,0.5463635325431824,0.022214755415916443,0.5463635325431824,0.5463635325431824,0.0,0.07760000228881836
45,7,0.5258890390396118,0.07151423394680023,0.5258890390396118,0.5258890390396118,0.0,0.00139999995008111
45,8,0.5283933877944946,0.15032869577407837,0.5283933877944946,0.5283933877944946,0.0,0.00019999999494757503
45,9,0.3111080527305603,0.051698483526706696,0.3111080527305603,0.3111080527305603,0.0,0.002099999925121665
45,10,0.3515550494194031,0.25825512409210205,0.3515550494194031,0.3515550494194031,0.0,0.0
45,11,0.156784325838089,0.493767648935318,0.493767648935318,0.493767648935318,0.0,0.0
45,12,0.5958077311515808,0.04756481200456619,0.5958077311515808,0.5958077311515808,0.0,0.01850000023841858
45,13,0.7059868574142456,0.020328465849161148,0.7059868574142456,0.7059868574142456,0.0,0.1006999984383583
45,14,0.7104518413543701,0.1128421202301979,0.7104518413543701,0.7104518413543701,0.0,0.0003000000142492354
45,15,0.6379523277282715,0.16995322704315186,0.6379523277282715,0.6379523277282715,0.0,0.0
45,16,0.39438480138778687,0.3373044729232788,0.39438480138778687,0.39438480138778687,0.0,0.0
45,17,0.45682018995285034,0.15683135390281677,0.45682018995285034,0.45682018995285034,0.0,0.0
45,18,0.15404164791107178,0.10760471969842911,0.15404164791107178,0.15404164791107178,0.0,0.0
45,19,0.27052101492881775,0.25715702772140503,0.27052101492881775,0.27052101492881775,0.0,0.0
45,20,0.739066481590271,0.0550832562148571,0.739066481590271,0.739066481590271,0.0,0.015200000256299973
45,21,0.6508420705795288,0.06644822657108307,0.6508420705795288,0.6508420705795288,0.0,0.008200000040233135
45,22,0.6371325254440308,0.08208126574754715,0.6371325254440308,0.6371325254440308,0.0,0.0035000001080334187
45,23,0.6287063360214233,0.1276542693376541,0.6287063360214233,0.6287063360214233,0.0,0.0003000000142492354
45,24,0.6332795023918152,0.14927886426448822,0.6332795023918152,0.6332795023918152,0.0,9.999999747378752e-05
45,25,0.49450451135635376,0.06011391058564186,0.49450451135635376,0.49450451135635376,0.0,0.007400000002235174
45,26,0.27003198862075806,0.08700525760650635,0.27003198862075806,0.27003198862075806,0.0,0.00039999998989515007
45,27,0.664279580116272,0.05978566035628319,0.664279580116272,0.664279580116272,0.0,0.012400000356137753
45,28,0.7234795689582825,0.035834815353155136,0.7234795689582825,0.7234795689582825,0.0,0.047600001096725464
45,29,0.5199548006057739,0.07478931546211243,0.5199548006057739,0.5199548006057739,0.0,0.0007999999797903001
45,30,0.15225712954998016,0.31249773502349854,0.31249773502349854,0.31249773502349854,0.0,0.0
45,31,0.2898900508880615,0.10130646079778671,0.2898900508880615,0.2898900508880615,0.0,0.0
46,0,0.525811493396759,0.04390735179185867,0.525811493396759,0.525811493396759,0.0,0.012199999764561653
46,1,0.7112067937850952,0.03809375315904617,0.7112067937850952,0.7112067937850952,0.0,0.035999998450279236
46,2,0.3418382704257965,0.28869467973709106,0.3418382704257965,0.3418382704257965,0.0,0.0
46,3,0.3604580760002136,0.23886406421661377,0.3604580760002136,0.3604580760002136,0.0,0.0
46,4,0.43119096755981445,0.08713961392641068,0.43119096755981445,0.43119096755981445,0.0,0.00039999998989515007
46,5,0.2898584008216858,0.1994064748287201,0.2898584008216858,0.2898584008216858,0.0,0.0
46,6,0.6005666851997375,0.038940995931625366,0.6005666851997375,0.6005666851997375,0.0,0.03669999912381172
46,7,0.29842376708984375,0.010212436318397522,0.29842376708984375,0.29842376708984375,0.0,0.16140000522136688
46,8,0.6984933018684387,0.07417698204517365,0.6984933018684387,0.6984933018684387,0.0,0.0038999998942017555
46,9,0.4501796364784241,0.11834490299224854,0.4501796364784241,0.4501796364784241,0.0,0.0
46,10,0.7066807746887207,0.096525639295578,0.7066807746887207,0.7066807746887207,0.0,0.0010999999940395355
46,11,0.5959408283233643,0.08985958993434906,0.5959408283233643,0.5959408283233643,0.0,0.002300000051036477
46,12,0.34118008613586426,0.07713223993778229,0.34118008613586426,0.34118008613586426,0.0,0.0010000000474974513
46,13,0.446280300617218,0.05597695708274841,0.446280300617218,0.446280300617218,0.0,0.0017999999690800905
46,14,0.7124574184417725,0.07778999954462051,0.7124574184417725,0.7124574184417725,0.0,0.005100000184029341
46,15,0.7090208530426025,0.07294222712516785,0.7090208530426025,0.7090208530426025,0.0,0.004699999932199717
46,16,0.5569431781768799,0.0765746608376503,0.5569431781768799,0.5569431781768799,0.0,0.002099999925121665
46,17,0.5840045213699341,0.06599617004394531,0.5840045213699341,0.5840045213699341,0.0,0.003100000089034438
46,18,0.3950357735157013,0.5812681913375854,0.5812681913375854,0.5812681913375854,0.0,0.0
46,19,0.4775499105453491,0.18009531497955322,0.4775499105453491,0.4775499105453491,0.0,0.0
46,20,0.4832572937011719,0.03295212984085083,0.4832572937011719,0.4832572937011719,0.0,0.029400000348687172
46,21,0.6053260564804077,0.013848699629306793,0.6053260564804077,0.6053260564804077,0.0,0.2493000030517578
46,22,0.29416927695274353,0.01974382996559143,0.29416927695274353,0.29416927695274353,0.0,0.03889999911189079
46,23,0.3078056871891022,0.0014217197895050049,0.3078056871891022,0.3078056871891022,0.0,0.8759999871253967
46,24,0.42173898220062256,0.09329986572265625,0.42173898220062256,0.42173898220062256,0.0,9.999999747378752e-05
46,25,0.5497872829437256,0.17675566673278809,0.5497872829437256,0.5497872829437256,0.0,0.0
46,26,0.2284676730632782,0.7201751470565796,0.7201751470565796,0.7201751470565796,0.0,0.0
46,27,0.12739259004592896,0.7888249754905701,0.7888249754905701,0.7888249754905701,0.0,0.0
46,28,0.699679970741272,0.10980813205242157,0.699679970741272,0.699679970741272,0.0,0.0010000000474974513
46,29,0.5387206673622131,0.054000124335289,0.5387206673622131,0.5387206673622131,0.0,0.01600000075995922
46,30,0.7381426692008972,0.02102334424853325,0.7381426692008972,0.7381426692008972,0.0,0.10440000146627426
46,31,0.6632463335990906,0.016042042523622513,0.6632463335990906,0.6632463335990906,0.0,0.19850000739097595
47,0,0.6340773701667786,0.05046068876981735,0.6340773701667786,0.6340773701667786,0.0,0.01810000091791153
47,1,0.6546390056610107,0.04726259410381317,0.6546390056610107,0.6546390056610107,0.0,0.02239999920129776
47,2,0.08359856903553009,0.17073975503444672,0.17073975503444672,0.17073975503444672,0.00019999999494757503,0.0
47,3,0.39515185356140137,0.057787343859672546,0.39515185356140137,0.39515185356140137,0.0,0.005499999970197678
47,4,0.4828469157218933,0.13321776688098907,0.4828469157218933,0.4828469157218933,0.0,0.00019999999494757503
47,5,0.5555161237716675,0.0618450790643692,0.5555161237716675,0.5555161237716675,0.0,0.00430000014603138
47,6,0.18894723057746887,0.268962562084198,0.268962562084198,0.268962562084198,0.0,0.0
47,7,0.18793506920337677,0.18840718269348145,0.18840718269348145,0.18840718269348145,0.0,0.0
47,8,0.1599203497171402,0.11870606243610382,0.1599203497171402,0.1599203497171402,0.0,0.0
47,9,0.33624494075775146,0.1094982773065567,0.33624494075775146,0.33624494075775146,0.0,9.999999747378752e-05
47,10,0.37805241346359253,0.22859014570713043,0.37805241346359253,0.37805241346359253,0.0,0.0
47,11,0.5015467405319214,0.18429253995418549,0.5015467405319214,0.5015467405319214,0.0,0.0
47,12,0.5210881233215332,0.11299964040517807,0.5210881233215332,0.5210881233215332,0.0,0.00019999999494757503
47,13,0.38894566893577576,0.06849100440740585,0.38894566893577576,0.38894566893577576,0.0,0.002400000113993883
47,14,0.20252397656440735,0.0704401284456253,0.20252397656440735,0.20252397656440735,0.0,0.00019999999494757503
47,15,0.27919113636016846,0.16859084367752075,0.27919113636016846,0.27919113636016846,0.0,0.0
47,16,0.22164465487003326,0.09507409483194351,0.22164465487003326,0.22164465487003326,0.0,0.0003000000142492354
47,17,0.2104189395904541,0.24980956315994263,0.24980956315994263,0.24980956315994263,0.0,0.0
47,18,0.575204610824585,0.11515100300312042,0.575204610824585,0.575204610824585,0.0,0.000699999975040555
47,19,0.4622507691383362,-0.0031730979681015015,0.4622507691383362,0.4622507691383362,0.0,0.8278999924659729
47,20,0.36553725600242615,0.14374801516532898,0.36553725600242615,0.36553725600242615,0.0,0.0
47,21,0.5356265306472778,0.03428089618682861,0.5356265306472778,0.5356265306472778,0.0,0.044199999421834946
47,22,0.19935636222362518,0.03306177258491516,0.19935636222362518,0.19935636222362518,0.0,0.011099999770522118
47,23,0.3121693432331085,0.3048449754714966,0.3121693432331085,0.3121693432331085,0.0,0.0
47,24,0.40044575929641724,0.0015293210744857788,0.40044575929641724,0.40044575929641724,0.0,0.900600016117096
47,25,0.6387900114059448,0.0541517436504364,0.6387900114059448,0.6387900114059448,0.0,0.00839999970048666
47,26,0.14966052770614624,0.35857105255126953,0.35857105255126953,0.35857105255126953,0.0,0.0
47,27,0.1826152503490448,0.5372904539108276,0.5372904539108276,0.5372904539108276,0.0,0.0
47,28,0.22091412544250488,0.19147691130638123,0.22091412544250488,0.22091412544250488,0.0,0.0
47,29,0.2939688265323639,0.23176950216293335,0.2939688265323639,0.2939688265323639,0.0,0.0
47,30,0.7371847629547119,0.07463249564170837,0.7371847629547119,0.7371847629547119,0.0,0.006200000178068876
47,31,0.7389876842498779,0.02265153080224991,0.7389876842498779,0.7389876842498779,0.0,0.0917000025510788
48,0,0.2233869433403015,0.02077873796224594,0.2233869433403015,0.2233869433403015,0.0,0.035999998450279236
48,1,0.41576313972473145,0.01635117083787918,0.41576313972473145,0.41576313972473145,0.0,0.14059999585151672
48,2,0.16412612795829773,0.06393890082836151,0.16412612795829773,0.16412612795829773,0.0,0.0013000000035390258
48,3,0.49037057161331177,0.016557961702346802,0.49037057161331177,0.49037057161331177,0.0,0.1388999968767166
48,4,0.3965780436992645,0.15033012628555298,0.3965780436992645,0.3965780436992645,0.0,0.0
48,5,0.4063377380371094,0.24594473838806152,0.4063377380371094,0.4063377380371094,0.0,0.0
48,6,0.5465620756149292,0.11564851552248001,0.5465620756149292,0.5465620756149292,0.0,0.0006000000284984708
48,7,0.6824805736541748,0.1314275860786438,0.6824805736541748,0.6824805736541748,0.0,0.00019999999494757503
48,8,0.4617641568183899,0.017174452543258667,0.4617641568183899,0.4617641568183899,0.0,0.09290000051259995
48,9,0.28649917244911194,0.056549444794654846,0.28649917244911194,0.28649917244911194,0.0,0.004600000102072954
48,10,0.23102939128875732,0.06303782761096954,0.23102939128875732,0.23102939128875732,0.0,0.0006000000284984708
48,11,0.4384053945541382,0.05146650969982147,0.4384053945541382,0.4384053945541382,0.0,0.00419999985024333
48,12,0.5518100261688232,0.1523333042860031,0.5518100261688232,0.5518100261688232,0.0,0.0
48,13,0.34793490171432495,0.08446885645389557,0.34793490171432495,0.34793490171432495,0.0,0.0003000000142492354
48,14,0.20482999086380005,0.017290636897087097,0.20482999086380005,0.20482999086380005,0.0,0.05810000002384186
48,15,0.45089149475097656,0.06169211119413376,0.45089149475097656,0.45089149475097656,0.0,0.006300000008195639
48,16,0.31983739137649536,0.03346214443445206,0.31983739137649536,0.31983739137649536,0.0,0.04190000146627426
48,17,0.42490851879119873,0.03540080040693283,0.42490851879119873,0.42490851879119873,0.0,0.04769999906420708
48,18,0.2920929193496704,0.14340940117835999,0.2920929193496704,0.2920929193496704,0.0,0.0
48,19,0.2499576210975647,0.034915827214717865,0.2499576210975647,0.2499576210975647,0.0,0.010999999940395355
48,20,0.20846232771873474,0.08849404007196426,0.20846232771873474,0.20846232771873474,0.0,0.0
48,21,0.2369624376296997,0.21475708484649658,0.2369624376296997,0.2369624376296997,0.0,0.0
48,22,0.4168934226036072,0.04176676273345947,0.4168934226036072,0.4168934226036072,0.0,0.022199999541044235
48,23,0.28433725237846375,0.024783166125416756,0.28433725237846375,0.28433725237846375,0.0,0.041099999099969864
48,24,0.5961486101150513,0.05680200085043907,0.5961486101150513,0.5961486101150513,0.0,0.01600000075995922
48,25,0.5565088391304016,0.12955546379089355,0.5565088391304016,0.5565088391304016,0.0,0.00019999999494757503
48,26,0.45394060015678406,0.08948978036642075,0.45394060015678406,0.45394060015678406,0.0,0.0007999999797903001
48,27,0.6478867530822754,0.09420326352119446,0.6478867530822754,0.6478867530822754,0.0,0.0008999999845400453
48,28,0.25351205468177795,0.3886289596557617,0.3886289596557617,0.3886289596557617,0.0,0.0
48,29,0.5097376108169556,0.03518401086330414,0.5097376108169556,0.5097376108169556,0.0,0.024900000542402267
48,30,0.48026061058044434,0.03935907781124115,0.48026061058044434,0.48026061058044434,0.0,0.01979999989271164
48,31,0.21137870848178864,0.09494225680828094,0.21137870848178864,0.21137870848178864,0.0,0.0
49,0,0.10759705305099487,-0.00037469714879989624,0.10759705305099487,0.10759705305099487,0.0,0.9775000214576721
49,1,0.2310188114643097,0.16140156984329224,0.2310188114643097,0.2310188114643097,0.0,0.0
49,2,0.3299356698989868,0.06064849719405174,0.3299356698989868,0.3299356698989868,0.0,0.004999999888241291
49,3,0.29176217317581177,0.1036740094423294,0.29176217317581177,0.29176217317581177,0.0,0.0005000000237487257
49,4,0.2687479257583618,0.025260508060455322,0.2687479257583618,0.2687479257583618,0.0,0.030799999833106995
49,5,0.39002323150634766,0.07398858666419983,0.39002323150634766,0.39002323150634766,0.0,0.0006000000284984708
49,6,0.14666014909744263,0.00962023250758648,0.14666014909744263,0.14666014909744263,0.0,0.19030000269412994
49,7,0.33663618564605713,0.024663075804710388,0.33663618564605713,0.33663618564605713,0.0,0.050599999725818634
49,8,0.19226142764091492,0.07061011344194412,0.19226142764091492,0.19226142764091492,0.0,0.00019999999494757503
49,9,0.23793038725852966,0.03764098137617111,0.23793038725852966,0.23793038725852966,0.0,0.00559999980032444
49,10,0.5108195543289185,0.07392267882823944,0.5108195543289185,0.5108195543289185,0.0,0.0024999999441206455
49,11,0.3846108317375183,0.07075376063585281,0.3846108317375183,0.3846108317375183,0.0,0.0010000000474974513
49,12,0.36228927969932556,0.010701997205615044,0.36228927969932556,0.36228927969932556,0.0,0.23549999296665192
49,13,0.45453280210494995,0.17731425166130066,0.45453280210494995,0.45453280210494995,0.0,0.0
49,14,0.38267698884010315,0.044173505157232285,0.38267698884010315,0.38267698884010315,0.0,0.009999999776482582
49,15,0.4856181740760803,0.0108664371073246,0.4856181740760803,0.4856181740760803,0.0,0.3328999876976013
49,16,0.6316975355148315,0.049235984683036804,0.6316975355148315,0.6316975355148315,0.0,0.012500000186264515
49,17,0.7018716335296631,0.10437614470720291,0.7018716335296631,0.7018716335296631,0.0,0.0005000000237487257
49,18,0.4241681694984436,0.02700284868478775,0.4241681694984436,0.4241681694984436,0.0,0.05270000174641609
49,19,0.6221877336502075,0.04948818311095238,0.6221877336502075,0.6221877336502075,0.0,0.01759999990463257
49,20,0.616212010383606,0.033814266324043274,0.616212010383606,0.616212010383606,0.0,0.03840000182390213
49,21,0.5496156215667725,0.1989440619945526,0.5496156215667725,0.5496156215667725,0.0,0.0
49,22,0.21276232600212097,0.08117085695266724,0.21276232600212097,0.21276232600212097,0.0,0.00039999998989515007
49,23,0.33468618988990784,0.03962793946266174,0.33468618988990784,0.33468618988990784,0.0,0.016300000250339508
49,24,0.5526561737060547,0.056172288954257965,0.5526561737060547,0.5526561737060547,0.0,0.006899999920278788
49,25,0.3277900218963623,0.04249189794063568,0.3277900218963623,0.3277900218963623,0.0,0.006000000052154064
49,26,0.4832902252674103,0.0930451899766922,0.4832902252674103,0.4832902252674103,0.0,9.999999747378752e-05
49,27,0.23572704195976257,0.20204776525497437,0.23572704195976257,0.23572704195976257,0.0,0.0
49,28,0.20645418763160706,0.1868935227394104,0.20645418763160706,0.20645418763160706,0.0,0.0
49,29,0.2925613224506378,0.06886948645114899,0.2925613224506378,0.2925613224506378,0.0,0.0003000000142492354
49,30,0.48518022894859314,0.182277113199234,0.48518022894859314,0.48518022894859314,0.0,0.0
49,31,0.2842220067977905,0.05396329611539841,0.2842220067977905,0.2842220067977905,0.0,0.0026000000070780516
50,0,0.1712190806865692,0.11490295827388763,0.1712190806865692,0.1712190806865692,0.0,0.0
50,1,0.11731298267841339,0.10334298014640808,0.11731298267841339,0.11731298267841339,0.0,9.999999747378752e-05
50,2,0.5762289762496948,0.0590578056871891,0.5762289762496948,0.5762289762496948,0.0,0.005499999970197678
50,3,0.4813966155052185,0.001564323902130127,0.4813966155052185,0.4813966155052185,0.0,0.9021000266075134
50,4,0.35759279131889343,0.11286500841379166,0.35759279131889343,0.35759279131889343,0.0,0.0
50,5,0.41627371311187744,0.042161278426647186,0.41627371311187744,0.41627371311187744,0.0,0.011599999852478504
50,6,0.47799959778785706,0.006123114377260208,0.47799959778785706,0.47799959778785706,0.0,0.6353999972343445
50,7,0.18053972721099854,0.09965434670448303,0.18053972721099854,0.18053972721099854,0.0,0.0
50,8,0.6956368088722229,0.055350761860609055,0.6956368088722229,0.6956368088722229,0.0,0.017000000923871994
50,9,0.7206791043281555,0.045848481357097626,0.7206791043281555,0.7206791043281555,0.0,0.02800000086426735
50,10,0.5371930003166199,0.041685983538627625,0.5371930003166199,0.5371930003166199,0.0,0.025100000202655792
50,11,0.5135678052902222,0.09461021423339844,0.5135678052902222,0.5135678052902222,0.0,0.00039999998989515007
50,12,0.17528563737869263,0.0888138860464096,0.17528563737869263,0.17528563737869263,0.0,0.0
50,13,0.16319628059864044,0.12726016342639923,0.16319628059864044,0.16319628059864044,0.0,0.0
50,14,0.10406134277582169,0.02931205928325653,0.10406134277582169,0.10406134277582169,0.0,0.015200000256299973
50,15,0.34932777285575867,0.03348639979958534,0.34932777285575867,0.34932777285575867,0.0,0.042899999767541885
50,16,0.24538052082061768,0.11873000860214233,0.24538052082061768,0.24538052082061768,0.0,0.0
50,17,0.5493546724319458,0.07708191126585007,0.5493546724319458,0.5493546724319458,0.0,0.0024999999441206455
50,18,0.43029728531837463,0.04596056044101715,0.43029728531837463,0.43029728531837463,0.0,0.011300000362098217
50,19,0.34846049547195435,0.10703645646572113,0.34846049547195435,0.34846049547195435,0.0,9.999999747378752e-05
50,20,0.6888551712036133,0.07212171703577042,0.6888551712036133,0.6888551712036133,0.0,0.004000000189989805
50,21,0.6763191223144531,0.06834286451339722,0.6763191223144531,0.6763191223144531,0.0,0.003800000064074993
50,22,0.6498808860778809,0.033111706376075745,0.6498808860778809,0.6498808860778809,0.0,0.049300000071525574
50,23,0.41724973917007446,0.07266952842473984,0.41724973917007446,0.41724973917007446,0.0,0.0005000000237487257
50,24,0.5348395109176636,0.047940172255039215,0.5348395109176636,0.5348395109176636,0.0,0.011599999852478504
50,25,0.42818164825439453,0.11346039175987244,0.42818164825439453,0.42818164825439453,0.0,0.00019999999494757503
50,26,0.5479540824890137,0.16841980814933777,0.5479540824890137,0.5479540824890137,0.0,0.0
50,27,0.5669959187507629,0.03983224555850029,0.5669959187507629,0.5669959187507629,0.0,0.03009999915957451
50,28,0.5045033097267151,0.001523032784461975,0.5045033097267151,0.5045033097267151,0.0,0.927299976348877
50,29,0.2576139271259308,0.045998383313417435,0.2576139271259308,0.2576139271259308,0.0,0.01510000042617321
50,30,0.5617146492004395,0.12374529242515564,0.5617146492004395,0.5617146492004395,0.0,0.0006000000284984708
50,31,0.6797050833702087,0.11818182468414307,0.6797050833702087,0.6797050833702087,0.0,0.0003000000142492354
51,0,0.41917139291763306,0.2323722094297409,0.41917139291763306,0.41917139291763306,0.0,0.0
51,1,0.518717348575592,0.23626448214054108,0.518717348575592,0.518717348575592,0.0,0.0
51,2,0.2661501169204712,0.05455389618873596,0.2661501169204712,0.2661501169204712,0.0,0.002199999988079071
51,3,0.6120657324790955,0.01901841349899769,0.6120657324790955,0.6120657324790955,0.0,0.11129999905824661
51,4,0.4437384307384491,0.071389339864254,0.4437384307384491,0.4437384307384491,0.0,0.00279999990016222
51,5,0.32138770818710327,0.31708186864852905,0.32138770818710327,0.32138770818710327,0.0,0.0
51,6,0.3255171775817871,0.05426483973860741,0.3255171775817871,0.3255171775817871,0.0,0.0015999999595806003
51,7,0.4149985611438751,0.07337313890457153,0.4149985611438751,0.4149985611438751,0.0,0.0010999999940395355
51,8,0.22386257350444794,0.09845880419015884,0.22386257350444794,0.22386257350444794,0.0,0.0
51,9,0.24568656086921692,0.10203640908002853,0.24568656086921692,0.24568656086921692,0.0,0.0
51,10,0.448905348777771,0.08482692390680313,0.448905348777771,0.448905348777771,0.0,0.0007999999797903001
51,11,0.44298481941223145,0.10529793798923492,0.44298481941223145,0.44298481941223145,0.0,0.00039999998989515007
51,12,0.3768827021121979,0.0775342807173729,0.3768827021121979,0.3768827021121979,0.0,0.0010999999940395355
51,13,0.5977713465690613,0.10961907356977463,0.5977713465690613,0.5977713465690613,0.0,0.0003000000142492354
51,14,0.41853994131088257,0.10877948254346848,0.41853994131088257,0.41853994131088257,0.0,9.999999747378752e-05
51,15,0.5297353267669678,0.029564637690782547,0.5297353267669678,0.5297353267669678,0.0,0.051899999380111694
51,16,0.692245602607727,0.06892329454421997,0.692245602607727,0.692245602607727,0.0,0.007000000216066837
51,17,0.5046454668045044,0.2701984643936157,0.5046454668045044,0.5046454668045044,0.0,0.0
51,18,0.4921417832374573,0.04318394511938095,0.4921417832374573,0.4921417832374573,0.0,0.016300000250339508
51,19,0.4007861614227295,0.023664966225624084,0.4007861614227295,0.4007861614227295,0.0,0.035599999129772186
51,20,0.5026977062225342,0.02668295055627823,0.5026977062225342,0.5026977062225342,0.0,0.06800000369548798
51,21,0.21668919920921326,0.04858166351914406,0.21668919920921326,0.21668919920921326,0.0,0.000699999975040555
51,22,0.3818932771682739,0.09383656829595566,0.3818932771682739,0.3818932771682739,0.0,0.00019999999494757503
51,23,0.34174931049346924,0.08246072381734848,0.34174931049346924,0.34174931049346924,0.0,0.0003000000142492354
51,24,0.48101913928985596,0.1565406173467636,0.48101913928985596,0.48101913928985596,0.0,0.0
51,25,0.5797333717346191,0.0491083562374115,0.5797333717346191,0.5797333717346191,0.0,0.01850000023841858
51,26,0.6671043634414673,0.060609325766563416,0.6671043634414673,0.6671043634414673,0.0,0.00930000003427267
51,27,0.5637025237083435,0.020286791026592255,0.5637025237083435,0.5637025237083435,0.0,0.09449999779462814
51,28,0.32776114344596863,0.025999505072832108,0.32776114344596863,0.32776114344596863,0.0,0.04450000077486038
51,29,0.4585924744606018,0.09759561717510223,0.4585924744606018,0.4585924744606018,0.0,0.0003000000142492354
51,30,0.10580320656299591,0.003386806696653366,0.10580320656299591,0.10580320656299591,0.0,0.7954999804496765
51,31,0.24796374142169952,0.035574257373809814,0.24796374142169952,0.24796374142169952,0.0,0.008200000040233135
52,0,0.689749002456665,0.07529100030660629,0.689749002456665,0.689749002456665,0.0,0.00279999990016222
52,1,0.43902140855789185,0.08825741708278656,0.43902140855789185,0.43902140855789185,0.0,9.999999747378752e-05
52,2,0.6985346078872681,0.09226183593273163,0.6985346078872681,0.6985346078872681,0.0,0.0017999999690800905
52,3,0.5589553713798523,0.10535310953855515,0.5589553713798523,0.5589553713798523,0.0,0.00019999999494757503
52,4,0.689149022102356,0.07818930596113205,0.689149022102356,0.689149022102356,0.0,0.0035000001080334187
52,5,0.6157323122024536,0.13284412026405334,0.6157323122024536,0.6157323122024536,0.0,0.0
52,6,0.42993849515914917,0.06842508912086487,0.42993849515914917,0.42993849515914917,0.0,0.0027000000700354576
52,7,0.5960172414779663,0.02000787854194641,0.5960172414779663,0.5960172414779663,0.0,0.10339999943971634
52,8,0.4670870900154114,0.09681569784879684,0.4670870900154114,0.4670870900154114,0.0,0.00019999999494757503
52,9,0.4328199326992035,0.10234169661998749,0.4328199326992035,0.4328199326992035,0.0,0.0008999999845400453
52,10,0.7020257115364075,0.07249394059181213,0.7020257115364075,0.7020257115364075,0.0,0.003100000089034438
52,11,0.7134884595870972,0.07325518131256104,0.7134884595870972,0.7134884595870972,0.0,0.004100000020116568
52,12,0.33266863226890564,0.03692837059497833,0.33266863226890564,0.33266863226890564,0.0,0.010400000028312206
52,13,0.3563283085823059,0.06497582793235779,0.3563283085823059,0.3563283085823059,0.0,0.0010999999940395355
52,14,0.4205204248428345,0.16175130009651184,0.4205204248428345,0.4205204248428345,0.0,0.0
52,15,0.6123515963554382,0.14039799571037292,0.6123515963554382,0.6123515963554382,0.0,9.999999747378752e-05
52,16,0.35819751024246216,0.12726537883281708,0.35819751024246216,0.35819751024246216,0.0,9.999999747378752e-05
52,17,0.392944872379303,0.11013497412204742,0.392944872379303,0.392944872379303,0.0,0.0
52,18,0.5461857914924622,0.01791480928659439,0.5461857914924622,0.5461857914924622,0.0,0.11949999630451202
52,19,0.5295789837837219,0.035236723721027374,0.5295789837837219,0.5295789837837219,0.0,0.02239999920129776
52,20,0.7398366928100586,0.056380826979875565,0.7398366928100586,0.7398366928100586,0.0,0.013000000268220901
52,21,0.7402579188346863,0.0746137797832489,0.7402579188346863,0.7402579188346863,0.0,0.0032999999821186066
52,22,0.14551320672035217,0.025624744594097137,0.14551320672035217,0.14551320672035217,0.0,0.014600000344216824
52,23,0.1308114230632782,0.0860755667090416,0.1308114230632782,0.1308114230632782,0.0,0.0
52,24,0.37654292583465576,0.013540640473365784,0.37654292583465576,0.37654292583465576,0.0,0.15330000221729279
52,25,0.19204378128051758,0.19256837666034698,0.19256837666034698,0.19256837666034698,0.0,0.0
52,26,0.7027594447135925,0.04276562109589577,0.7027594447135925,0.7027594447135925,0.0,0.02449999935925007
52,27,0.6829590797424316,0.06247304379940033,0.6829590797424316,0.6829590797424316,0.0,0.010300000198185444
52,28,0.6122175455093384,0.15794122219085693,0.6122175455093384,0.6122175455093384,0.0,9.999999747378752e-05
52,29,0.510176956653595,0.10509045422077179,0.510176956653595,0.510176956653595,0.0,0.00019999999494757503
52,30,0.585732638835907,0.15078911185264587,0.585732638835907,0.585732638835907,0.0,0.0
52,31,0.5158114433288574,0.19160810112953186,0.5158114433288574,0.5158114433288574,0.0,0.0
53,0,0.48524799942970276,0.057574979960918427,0.48524799942970276,0.48524799942970276,0.0,0.007600000128149986
53,1,0.19748419523239136,0.05718051642179489,0.19748419523239136,0.19748419523239136,0.0,0.009800000116229057
53,2,0.6046409606933594,0.12059026211500168,0.6046409606933594,0.6046409606933594,0.0,0.00039999998989515007
53,3,0.2023807317018509,0.05911261588335037,0.2023807317018509,0.2023807317018509,0.0,0.0008999999845400453
53,4,0.5971580147743225,0.02428840659558773,0.5971580147743225,0.5971580147743225,0.0,0.08309999853372574
53,5,0.5628416538238525,0.10108648985624313,0.5628416538238525,0.5628416538238525,0.0,0.0003000000142492354
53,6,0.5872321724891663,0.11101412773132324,0.5872321724891663,0.5872321724891663,0.0,0.0003000000142492354
53,7,0.45448291301727295,0.08454664051532745,0.45448291301727295,0.45448291301727295,0.0,0.0003000000142492354
53,8,0.3831639885902405,0.10896959900856018,0.3831639885902405,0.3831639885902405,0.0,0.00019999999494757503
53,9,0.19881010055541992,0.31588590145111084,0.31588590145111084,0.31588590145111084,0.0,0.0
53,10,0.3029400110244751,0.1360907256603241,0.3029400110244751,0.3029400110244751,0.0,0.0
53,11,0.13911017775535583,0.024278707802295685,0.13911017775535583,0.13911017775535583,0.0,0.07020000368356705
53,12,0.21623995900154114,0.13633152842521667,0.21623995900154114,0.21623995900154114,0.0,0.0
53,13,0.16249260306358337,0.16970796883106232,0.16970796883106232,0.16970796883106232,0.0,0.0
53,14,0.47590383887290955,0.0915168970823288,0.47590383887290955,0.47590383887290955,0.0,0.0012000000569969416
53,15,0.38477998971939087,0.13616535067558289,0.38477998971939087,0.38477998971939087,0.0,0.0
53,16,0.17939116060733795,0.1642541140317917,0.17939116060733795,0.17939116060733795,0.0,0.0
53,17,0.20231576263904572,0.1138530969619751,0.20231576263904572,0.20231576263904572,0.0,0.0
53,18,0.3358103036880493,0.015934161841869354,0.3358103036880493,0.3358103036880493,0.0,0.08500000089406967
53,19,0.33119460940361023,0.20497281849384308,0.33119460940361023,0.33119460940361023,0.0,0.0
53,20,0.11593961715698242,0.019650543108582497,0.11593961715698242,0.11593961715698242,0.0,0.18639999628067017
53,21,0.22692953050136566,0.07989206910133362,0.22692953050136566,0.22692953050136566,0.0,0.00039999998989515007
53,22,0.4467165768146515,0.13279828429222107,0.4467165768146515,0.4467165768146515,0.0,0.0
53,23,0.46721792221069336,0.07072321325540543,0.46721792221069336,0.46721792221069336,0.0,0.003100000089034438
53,24,0.29730117321014404,0.1117662712931633,0.29730117321014404,0.29730117321014404,0.0,0.00039999998989515007
53,25,0.5473623871803284,0.016977034509181976,0.5473623871803284,0.5473623871803284,0.0,0.14229999482631683
53,26,0.06316991150379181,0.18300539255142212,0.18300539255142212,0.18300539255142212,0.002199999988079071,0.0
53,27,0.07245974242687225,0.015290927141904831,0.07245974242687225,0.07245974242687225,0.00039999998989515007,0.30489999055862427
53,28,0.445163369178772,0.10387203097343445,0.445163369178772,0.445163369178772,0.0,9.999999747378752e-05
53,29,0.2592235505580902,0.008472897112369537,0.2592235505580902,0.2592235505580902,0.0,0.4584999978542328
53,30,0.13453060388565063,0.19140474498271942,0.19140474498271942,0.19140474498271942,0.0,0.0
53,31,0.1721881777048111,0.2166631519794464,0.2166631519794464,0.2166631519794464,0.0,0.0
54,0,0.43754565715789795,0.07720540463924408,0.43754565715789795,0.43754565715789795,0.0,0.0008999999845400453
54,1,0.2922334372997284,0.15578126907348633,0.2922334372997284,0.2922334372997284,0.0,0.0
54,2,0.2704057991504669,0.14122961461544037,0.2704057991504669,0.2704057991504669,0.0,0.0
54,3,0.3838762044906616,0.03167779743671417,0.3838762044906616,0.3838762044906616,0.0,0.03310000151395798
54,4,0.45685750246047974,0.12386569380760193,0.45685750246047974,0.45685750246047974,0.0,0.0
54,5,0.18851742148399353,0.10165510326623917,0.18851742148399353,0.18851742148399353,0.0,0.0
54,6,0.6758987307548523,0.12001470476388931,0.6758987307548523,0.6758987307548523,0.0,0.0003000000142492354
54,7,0.6463274955749512,0.11014193296432495,0.6463274955749512,0.6463274955749512,0.0,0.00039999998989515007
54,8,0.3277643918991089,0.18261826038360596,0.3277643918991089,0.3277643918991089,0.0,0.0
54,9,0.3929107189178467,0.1421458125114441,0.3929107189178467,0.3929107189178467,0.0,0.0
54,10,0.5913978219032288,0.08126212656497955,0.5913978219032288,0.5913978219032288,0.0,0.00279999990016222
54,11,0.6705435514450073,0.10139526426792145,0.6705435514450073,0.6705435514450073,0.0,0.0007999999797903001
54,12,0.1971120536327362,0.12026795744895935,0.1971120536327362,0.1971120536327362,0.0,0.0
54,13,0.40265268087387085,0.17848823964595795,0.40265268087387085,0.40265268087387085,0.0,0.0
54,14,0.6445612907409668,0.05393700301647186,0.6445612907409668,0.6445612907409668,0.0,0.01679999940097332
54,15,0.33219781517982483,0.07298313826322556,0.33219781517982483,0.33219781517982483,0.0,0.000699999975040555
54,16,0.4526140093803406,0.10860012471675873,0.4526140093803406,0.4526140093803406,0.0,0.0
54,17,0.532890260219574,0.06053713709115982,0.532890260219574,0.532890260219574,0.0,0.006500000134110451
54,18,0.5662994384765625,0.09951210021972656,0.5662994384765625,0.5662994384765625,0.0,0.0010000000474974513
54,19,0.4875832200050354,0.10208984464406967,0.4875832200050354,0.4875832200050354,0.0,9.999999747378752e-05
54,20,0.24411019682884216,0.10253182053565979,0.24411019682884216,0.24411019682884216,0.0,0.0
54,21,0.47268545627593994,0.07029787451028824,0.47268545627593994,0.47268545627593994,0.0,0.0031999999191612005
54,22,0.4989655911922455,0.15280239284038544,0.4989655911922455,0.4989655911922455,0.0,0.0
54,23,0.21671435236930847,0.08539660274982452,0.21671435236930847,0.21671435236930847,0.0,9.999999747378752e-05
54,24,0.42412155866622925,0.039029721170663834,0.42412155866622925,0.42412155866622925,0.0,0.019899999722838402
54,25,0.501162052154541,0.20125950872898102,0.501162052154541,0.501162052154541,0.0,0.0
54,26,0.47329097986221313,0.022846169769763947,0.47329097986221313,0.47329097986221313,0.0,0.07890000194311142
54,27,0.6499848365783691,0.027048952877521515,0.6499848365783691,0.6499848365783691,0.0,0.06719999760389328
54,28,0.47516801953315735,0.04140874743461609,0.47516801953315735,0.47516801953315735,0.0,0.017100000753998756
54,29,0.40401601791381836,0.08263812214136124,0.40401601791381836,0.40401601791381836,0.0,0.0006000000284984708
54,30,0.7041856050491333,0.045246198773384094,0.7041856050491333,0.7041856050491333,0.0,0.027899999171495438
54,31,0.6882297396659851,0.06668728590011597,0.6882297396659851,0.6882297396659851,0.0,0.010499999858438969
55,0,0.3416934609413147,0.1465568095445633,0.3416934609413147,0.3416934609413147,0.0,0.0
55,1,0.362504780292511,0.06417512893676758,0.362504780292511,0.362504780292511,0.0,0.003000000026077032
55,2,0.46756941080093384,0.0784078910946846,0.46756941080093384,0.46756941080093384,0.0,0.00139999995008111
55,3,0.4564344882965088,0.1054280623793602,0.4564344882965088,0.4564344882965088,0.0,0.0005000000237487257
55,4,0.4648360013961792,0.09243074059486389,0.4648360013961792,0.4648360013961792,0.0,0.001500000013038516
55,5,0.23080618679523468,0.16819670796394348,0.23080618679523468,0.23080618679523468,0.0,0.0
55,6,0.5777379274368286,0.18915414810180664,0.5777379274368286,0.5777379274368286,0.0,0.0
55,7,0.5726696252822876,0.1192982867360115,0.5726696252822876,0.5726696252822876,0.0,9.999999747378752e-05
55,8,0.021160798147320747,0.08994147181510925,0.08994147181510925,0.08994147181510925,0.04809999838471413,0.0
55,9,0.14362803101539612,0.04312156140804291,0.14362803101539612,0.14362803101539612,0.0,0.011300000362098217
55,10,0.24918687343597412,0.28930070996284485,0.28930070996284485,0.28930070996284485,0.0,0.0
55,11,0.28017979860305786,0.275829553604126,0.28017979860305786,0.28017979860305786,0.0,0.0
55,12,0.13901764154434204,0.050350338220596313,0.13901764154434204,0.13901764154434204,0.0,0.00419999985024333
55,13,0.05341175198554993,0.21620450913906097,0.21620450913906097,0.21620450913906097,0.000699999975040555,0.0
55,14,0.42395028471946716,0.1502569019794464,0.42395028471946716,0.42395028471946716,0.0,0.0
55,15,0.3009103536605835,0.15901950001716614,0.3009103536605835,0.3009103536605835,0.0,0.0
55,16,0.12640029191970825,0.08162917196750641,0.12640029191970825,0.12640029191970825,0.0,0.0008999999845400453
55,17,0.11377846449613571,0.2313494235277176,0.2313494235277176,0.2313494235277176,0.0,0.0
55,18,0.24427132308483124,0.2021389901638031,0.24427132308483124,0.24427132308483124,0.0,0.0
55,19,0.25855064392089844,0.3887452185153961,0.3887452185153961,0.3887452185153961,0.0,0.0
55,20,0.4710085988044739,0.048238884657621384,0.4710085988044739,0.4710085988044739,0.0,0.01360000018030405
55,21,0.5299868583679199,0.03362588211894035,0.5299868583679199,0.5299868583679199,0.0,0.042500000447034836
55,22,0.44965896010398865,0.07696599513292313,0.44965896010398865,0.44965896010398865,0.0,9.999999747378752e-05
55,23,0.3078601360321045,0.04299250245094299,0.3078601360321045,0.3078601360321045,0.0,0.014100000262260437
55,24,0.14445921778678894,0.03275226801633835,0.14445921778678894,0.14445921778678894,0.0,0.025800000876188278
55,25,0.25521132349967957,0.0808115005493164,0.25521132349967957,0.25521132349967957,0.0,0.0
55,26,0.03930453956127167,0.02879859134554863,0.03930453956127167,0.03930453956127167,0.006200000178068876,0.026399999856948853
55,27,0.2998409867286682,0.08490704745054245,0.2998409867286682,0.2998409867286682,0.0,0.00019999999494757503
55,28,0.2272152602672577,0.19438700377941132,0.2272152602672577,0.2272152602672577,0.0,0.0
55,29,0.08764811605215073,0.09003442525863647,0.09003442525863647,0.09003442525863647,0.0,0.00039999998989515007
55,30,0.08312536031007767,0.19977426528930664,0.19977426528930664,0.19977426528930664,0.00019999999494757503,0.0
55,31,0.10085918754339218,0.13083431124687195,0.13083431124687195,0.13083431124687195,9.999999747378752e-05,0.0
56,0,0.2960256040096283,0.21104761958122253,0.2960256040096283,0.2960256040096283,0.0,0.0
56,1,0.20568999648094177,0.11004164069890976,0.20568999648094177,0.20568999648094177,0.0,9.999999747378752e-05
56,2,0.5530688762664795,0.06607493758201599,0.5530688762664795,0.5530688762664795,0.0,0.006200000178068876
56,3,0.5540445446968079,0.050464823842048645,0.5540445446968079,0.5540445446968079,0.0,0.013299999758601189
56,4,0.6183626651763916,0.119878388941288,0.6183626651763916,0.6183626651763916,0.0,0.00039999998989515007
56,5,0.6609151363372803,0.08793268352746964,0.6609151363372803,0.6609151363372803,0.0,0.0019000000320374966
56,6,0.5272473692893982,0.0469229593873024,0.5272473692893982,0.5272473692893982,0.0,0.01850000023841858
56,7,0.3248869478702545,0.20387643575668335,0.3248869478702545,0.3248869478702545,0.0,0.0
56,8,0.3950568437576294,0.04857300594449043,0.3950568437576294,0.3950568437576294,0.0,0.008799999952316284
56,9,0.29739126563072205,0.047851383686065674,0.29739126563072205,0.29739126563072205,0.0,0.00839999970048666
56,10,0.35396456718444824,0.21359315514564514,0.35396456718444824,0.35396456718444824,0.0,0.0
56,11,0.2826197147369385,0.08059532940387726,0.2826197147369385,0.2826197147369385,0.0,9.999999747378752e-05
56,12,0.17705512046813965,0.1471792310476303,0.17705512046813965,0.17705512046813965,0.0,0.0
56,13,0.2707081139087677,0.17081226408481598,0.2707081139087677,0.2707081139087677,0.0,0.0
56,14,0.6600475311279297,0.07034571468830109,0.6600475311279297,0.6600475311279297,0.0,0.006399999838322401
56,15,0.3223898112773895,0.018958397209644318,0.3223898112773895,0.3223898112773895,0.0,0.0828000009059906
56,16,0.57979416847229,0.06967408955097198,0.57979416847229,0.57979416847229,0.0,0.0066999997943639755
56,17,0.25196173787117004,0.23542967438697815,0.25196173787117004,0.25196173787117004,0.0,0.0
56,18,0.34491419792175293,0.16306686401367188,0.34491419792175293,0.34491419792175293,0.0,0.0
56,19,0.32885128259658813,0.05296975001692772,0.32885128259658813,0.32885128259658813,0.0,0.0038999998942017555
56,20,0.23503261804580688,0.13410070538520813,0.23503261804580688,0.23503261804580688,0.0,0.0
56,21,0.1674990952014923,0.028521031141281128,0.1674990952014923,0.1674990952014923,0.0,0.03240000084042549
56,22,0.6649971008300781,0.18280377984046936,0.6649971008300781,0.6649971008300781,0.0,0.0
56,23,0.5306985974311829,0.24215435981750488,0.5306985974311829,0.5306985974311829,0.0,0.0
56,24,0.2971782386302948,0.15755057334899902,0.2971782386302948,0.2971782386302948,0.0,0.0
56,25,0.2795182168483734,0.12077934294939041,0.2795182168483734,0.2795182168483734,0.0,0.0
56,26,0.6277283430099487,0.0727958232164383,0.6277283430099487,0.6277283430099487,0.0,0.005799999926239252
56,27,0.5911137461662292,0.1094331219792366,0.5911137461662292,0.5911137461662292,0.0,0.000699999975040555
56,28,0.3791159689426422,0.0531424954533577,0.3791159689426422,0.3791159689426422,0.0,0.011300000362098217
56,29,0.22119086980819702,0.0348651260137558,0.22119086980819702,0.22119086980819702,0.0,0.009700000286102295
56,30,0.6420400142669678,0.11628340184688568,0.6420400142669678,0.6420400142669678,0.0,0.0005000000237487257
56,31,0.48655158281326294,0.20058336853981018,0.48655158281326294,0.48655158281326294,0.0,0.0
57,0,0.348045289516449,0.07762689888477325,0.348045289516449,0.348045289516449,0.0,9.999999747378752e-05
57,1,0.2816489636898041,0.025325752794742584,0.2816489636898041,0.2816489636898041,0.0,0.07320000231266022
57,2,0.46652066707611084,0.11198831349611282,0.46652066707611084,0.46652066707611084,0.0,9.999999747378752e-05
57,3,0.2139599323272705,0.07788469642400742,0.2139599323272705,0.2139599323272705,0.0,0.0005000000237487257
57,4,0.06415166705846786,0.010273158550262451,0.06415166705846786,0.06415166705846786,0.0,0.08950000256299973
57,5,0.12040430307388306,0.004322156310081482,0.12040430307388306,0.12040430307388306,0.0,0.5684999823570251
57,6,0.35478153824806213,0.04390287771821022,0.35478153824806213,0.35478153824806213,0.0,0.01269999984651804
57,7,0.5651712417602539,0.08783039450645447,0.5651712417602539,0.5651712417602539,0.0,0.0010999999940395355
57,8,0.6652114987373352,0.08513221889734268,0.6652114987373352,0.6652114987373352,0.0,0.0010999999940395355
57,9,0.6603939533233643,0.09401591122150421,0.6603939533233643,0.6603939533233643,0.0,0.0013000000035390258
57,10,0.6623859405517578,0.10974501818418503,0.6623859405517578,0.6623859405517578,0.0,0.0006000000284984708
57,11,0.21795710921287537,0.023881088942289352,0.21795710921287537,0.21795710921287537,0.0,0.030899999663233757
57,12,0.18820777535438538,0.09199361503124237,0.18820777535438538,0.18820777535438538,0.0,0.0
57,13,0.2932650148868561,0.06661859899759293,0.2932650148868561,0.2932650148868561,0.0,0.0006000000284984708
57,14,0.1864127367734909,0.0818442776799202,0.1864127367734909,0.1864127367734909,0.0,9.999999747378752e-05
57,15,0.32073432207107544,0.0898311585187912,0.32073432207107544,0.32073432207107544,0.0,0.000699999975040555
57,16,0.1816614866256714,-0.01518268883228302,0.1816614866256714,0.1816614866256714,0.0,0.06499999761581421
57,17,0.14844787120819092,-0.010205499827861786,0.14844787120819092,0.14844787120819092,0.0,0.16869999468326569
57,18,0.2845498323440552,0.08440157771110535,0.2845498323440552,0.2845498323440552,0.0,0.00019999999494757503
57,19,0.38356173038482666,0.12290196120738983,0.38356173038482666,0.38356173038482666,0.0,0.00019999999494757503
57,20,0.14592838287353516,0.10725988447666168,0.14592838287353516,0.14592838287353516,0.0,0.0
57,21,0.3168795704841614,0.022243253886699677,0.3168795704841614,0.3168795704841614,0.0,0.03720000013709068
57,22,0.14929689466953278,0.048703789710998535,0.14929689466953278,0.14929689466953278,0.0,0.0010000000474974513
57,23,0.12504030764102936,0.025436408817768097,0.12504030764102936,0.12504030764102936,0.0,0.015599999576807022
57,24,0.19010025262832642,0.015288852155208588,0.19010025262832642,0.19010025262832642,0.0,0.06620000302791595
57,25,0.09338432550430298,0.002799801528453827,0.09338432550430298,0.09338432550430298,0.0,0.8359000086784363
57,26,0.19755728542804718,0.016159269958734512,0.19755728542804718,0.19755728542804718,0.0,0.0632999986410141
57,27,0.23901645839214325,0.07383693754673004,0.23901645839214325,0.23901645839214325,0.0,9.999999747378752e-05
57,28,0.21725499629974365,0.2212667167186737,0.2212667167186737,0.2212667167186737,0.0,0.0
57,29,0.3823847770690918,0.043492794036865234,0.3823847770690918,0.3823847770690918,0.0,0.01549999974668026
57,30,0.18575851619243622,0.048022057861089706,0.18575851619243622,0.18575851619243622,0.0,0.003800000064074993
57,31,0.26030224561691284,0.043136827647686005,0.26030224561691284,0.26030224561691284,0.0,0.004999999888241291
58,0,0.6568055152893066,0.08326847851276398,0.6568055152893066,0.6568055152893066,0.0,0.0015999999595806003
58,1,0.6482609510421753,0.0898352861404419,0.6482609510421753,0.6482609510421753,0.0,0.0031999999191612005
58,2,0.665833592414856,0.09606804698705673,0.665833592414856,0.665833592414856,0.0,0.0017999999690800905
58,3,0.6884282827377319,0.05870461463928223,0.6884282827377319,0.6884282827377319,0.0,0.01209999993443489
58,4,0.6716473698616028,0.09784678369760513,0.6716473698616028,0.6716473698616028,0.0,0.0010999999940395355
58,5,0.6080350279808044,0.09233810007572174,0.6080350279808044,0.6080350279808044,0.0,0.0007999999797903001
58,6,0.6230968236923218,0.07066492736339569,0.6230968236923218,0.6230968236923218,0.0,0.005200000014156103
58,7,0.6332584619522095,0.08518359065055847,0.6332584619522095,0.6332584619522095,0.0,0.0015999999595806003
58,8,0.2990264296531677,0.0792342871427536,0.2990264296531677,0.2990264296531677,0.0,0.0003000000142492354
58,9,0.29220330715179443,0.05931800231337547,0.29220330715179443,0.29220330715179443,0.0,0.0034000000450760126
58,10,0.5905821323394775,0.08066853135824203,0.5905821323394775,0.5905821323394775,0.0,0.003000000026077032
58,11,0.6785273551940918,0.06677854061126709,0.6785273551940918,0.6785273551940918,0.0,0.005799999926239252
58,12,0.3830389678478241,0.07809009402990341,0.3830389678478241,0.3830389678478241,0.0,0.0008999999845400453
58,13,0.11196636408567429,0.01534714549779892,0.11196636408567429,0.11196636408567429,0.0,0.10050000250339508
58,14,0.21657681465148926,0.13056540489196777,0.21657681465148926,0.21657681465148926,0.0,9.999999747378752e-05
58,15,0.4874258041381836,0.10037598013877869,0.4874258041381836,0.4874258041381836,0.0,0.0008999999845400453
58,16,0.5010604858398438,0.19571857154369354,0.5010604858398438,0.5010604858398438,0.0,0.0
58,17,0.45969027280807495,0.03232453763484955,0.45969027280807495,0.45969027280807495,0.0,0.04569999873638153
58,18,0.4427623748779297,0.04107983037829399,0.4427623748779297,0.4427623748779297,0.0,0.023000000044703484
58,19,0.5567588806152344,0.08663931488990784,0.5567588806152344,0.5567588806152344,0.0,0.00279999990016222
58,20,0.2705855369567871,0.24623820185661316,0.2705855369567871,0.2705855369567871,0.0,0.0
58,21,0.09637622535228729,0.1146995946764946,0.1146995946764946,0.1146995946764946,0.0,0.0
58,22,0.5254689455032349,0.07294844090938568,0.5254689455032349,0.5254689455032349,0.0,0.003000000026077032
58,23,0.4314044713973999,0.10893213748931885,0.4314044713973999,0.4314044713973999,0.0,0.00039999998989515007
58,24,0.46369919180870056,0.11748622357845306,0.46369919180870056,0.46369919180870056,0.0,0.0007999999797903001
58,25,0.5348966121673584,0.07122628390789032,0.5348966121673584,0.5348966121673584,0.0,0.003000000026077032
58,26,0.6133991479873657,0.08792124688625336,0.6133991479873657,0.6133991479873657,0.0,0.0024999999441206455
58,27,0.6684590578079224,0.04844675958156586,0.6684590578079224,0.6684590578079224,0.0,0.016300000250339508
58,28,0.42609602212905884,0.11446300148963928,0.42609602212905884,0.42609602212905884,0.0,9.999999747378752e-05
58,29,0.4267972707748413,0.13027434051036835,0.4267972707748413,0.4267972707748413,0.0,0.0
58,30,0.21944814920425415,0.04107392579317093,0.21944814920425415,0.21944814920425415,0.0,0.009399999864399433
58,31,0.3480720520019531,0.09693188965320587,0.3480720520019531,0.3480720520019531,0.0,0.0
59,0,0.22181876003742218,0.0753992348909378,0.22181876003742218,0.22181876003742218,0.0,0.00019999999494757503
59,1,0.2192201018333435,0.13001343607902527,0.2192201018333435,0.2192201018333435,0.0,0.0
59,2,0.4894140362739563,0.02181852236390114,0.4894140362739563,0.4894140362739563,0.0,0.0877000018954277
59,3,0.41095593571662903,0.03433777019381523,0.41095593571662903,0.41095593571662903,0.0,0.03310000151395798
59,4,0.09542940557003021,0.07726681977510452,0.09542940557003021,0.09542940557003021,0.0,0.0007999999797903001
59,5,0.30690714716911316,0.09305277466773987,0.30690714716911316,0.30690714716911316,0.0,0.00019999999494757503
59,6,0.703426718711853,0.055251866579055786,0.703426718711853,0.703426718711853,0.0,0.011099999770522118
59,7,0.5191483497619629,0.05016405135393143,0.5191483497619629,0.5191483497619629,0.0,0.010200000368058681
59,8,0.43705713748931885,0.09661584347486496,0.43705713748931885,0.43705713748931885,0.0,0.00019999999494757503
59,9,0.43722018599510193,0.07175707817077637,0.43722018599510193,0.43722018599510193,0.0,0.0027000000700354576
59,10,0.3367571532726288,0.15265285968780518,0.3367571532726288,0.3367571532726288,0.0,0.0
59,11,0.6365343928337097,0.021147239953279495,0.6365343928337097,0.6365343928337097,0.0,0.10440000146627426
59,12,0.614814281463623,0.1402706801891327,0.614814281463623,0.614814281463623,0.0,0.0
59,13,0.6049578189849854,0.12750403583049774,0.6049578189849854,0.6049578189849854,0.0,0.0003000000142492354
59,14,0.3021644949913025,0.05839581415057182,0.3021644949913025,0.3021644949913025,0.0,0.003599999938160181
59,15,0.49877333641052246,0.026375561952590942,0.49877333641052246,0.49877333641052246,0.0,0.0714000016450882
59,16,0.26589804887771606,0.09545498341321945,0.26589804887771606,0.26589804887771606,0.0,0.0003000000142492354
59,17,0.3155898451805115,0.17136912047863007,0.3155898451805115,0.3155898451805115,0.0,0.0
59,18,0.3277408480644226,0.1939617097377777,0.3277408480644226,0.3277408480644226,0.0,0.0
59,19,0.1916002631187439,0.09006114304065704,0.1916002631187439,0.1916002631187439,0.0,0.0
59,20,0.06071655452251434,0.04541826248168945,0.06071655452251434,0.06071655452251434,0.0006000000284984708,0.01360000018030405
59,21,0.14440567791461945,0.11879907548427582,0.14440567791461945,0.14440567791461945,0.0,0.0
59,22,0.28130394220352173,0.10139042139053345,0.28130394220352173,0.28130394220352173,0.0,0.0003000000142492354
59,23,0.5431270003318787,0.08912719786167145,0.5431270003318787,0.5431270003318787,0.0,0.00139999995008111
59,24,0.2905353307723999,0.10468563437461853,0.2905353307723999,0.2905353307723999,0.0,0.0
59,25,0.2320788949728012,0.053414493799209595,0.2320788949728012,0.2320788949728012,0.0,0.00019999999494757503
59,26,0.199078768491745,0.03194081783294678,0.199078768491745,0.199078768491745,0.0,0.00800000037997961
59,27,0.2983032166957855,0.13284096121788025,0.2983032166957855,0.2983032166957855,0.0,0.0
59,28,0.24797509610652924,0.06324394047260284,0.24797509610652924,0.24797509610652924,0.0,0.0008999999845400453
59,29,0.07845650613307953,0.09119461476802826,0.09119461476802826,0.09119461476802826,0.00019999999494757503,0.0003000000142492354
59,30,0.5891985297203064,-0.000771600753068924,0.5891985297203064,0.5891985297203064,0.0,0.958299994468689
59,31,0.29136723279953003,0.07373498380184174,0.29136723279953003,0.29136723279953003,0.0,0.0003000000142492354
60,0,0.5287871360778809,0.08621257543563843,0.5287871360778809,0.5287871360778809,0.0,0.002300000051036477
60,1,0.5163260698318481,0.08956150710582733,0.5163260698318481,0.5163260698318481,0.0,0.0013000000035390258
60,2,0.6721416711807251,0.0869171991944313,0.6721416711807251,0.6721416711807251,0.0,0.0017000000225380063
60,3,0.3658977150917053,0.08317965269088745,0.3658977150917053,0.3658977150917053,0.0,0.002099999925121665
60,4,0.4271377921104431,0.08889611065387726,0.4271377921104431,0.4271377921104431,0.0,0.0007999999797903001
60,5,0.6196510791778564,0.0955989807844162,0.6196510791778564,0.6196510791778564,0.0,0.000699999975040555
60,6,0.4396975040435791,0.06817430257797241,0.4396975040435791,0.4396975040435791,0.0,0.0020000000949949026
60,7,0.4632081687450409,0.1339074671268463,0.4632081687450409,0.4632081687450409,0.0,0.0
60,8,0.3014298379421234,0.17491064965724945,0.3014298379421234,0.3014298379421234,0.0,0.0
60,9,0.31240877509117126,0.17726080119609833,0.31240877509117126,0.31240877509117126,0.0,0.0
60,10,0.3262205719947815,0.06707555055618286,0.3262205719947815,0.3262205719947815,0.0,0.002199999988079071
60,11,0.1050710529088974,0.1574184000492096,0.1574184000492096,0.1574184000492096,0.0,0.0
60,12,0.4719996452331543,0.12594391405582428,0.4719996452331543,0.4719996452331543,0.0,9.999999747378752e-05
60,13,0.38296589255332947,0.11413899064064026,0.38296589255332947,0.38296589255332947,0.0,0.0
60,14,0.12575826048851013,0.017994940280914307,0.12575826048851013,0.12575826048851013,0.0,0.04690000042319298
60,15,0.2012297511100769,-0.006084933876991272,0.2012297511100769,0.2012297511100769,0.0,0.5008999705314636
60,16,0.3320249319076538,0.033346228301525116,0.3320249319076538,0.3320249319076538,0.0,0.025100000202655792
60,17,0.16022026538848877,0.07684458792209625,0.16022026538848877,0.16022026538848877,0.0,0.0
60,18,0.3603229522705078,0.044635578989982605,0.3603229522705078,0.3603229522705078,0.0,0.010599999688565731
60,19,0.331454336643219,0.026100803166627884,0.331454336643219,0.331454336643219,0.0,0.04639999940991402
60,20,0.4491325914859772,0.09251606464385986,0.4491325914859772,0.4491325914859772,0.0,0.000699999975040555
60,21,0.34981316328048706,0.18563443422317505,0.34981316328048706,0.34981316328048706,0.0,0.0
60,22,0.5302149057388306,0.16584548354148865,0.5302149057388306,0.5302149057388306,0.0,0.0
60,23,0.5923044085502625,0.19196780025959015,0.5923044085502625,0.5923044085502625,0.0,0.0
60,24,0.48875126242637634,0.05916811153292656,0.48875126242637634,0.48875126242637634,0.0,0.007699999958276749
60,25,0.44686153531074524,0.06302604079246521,0.44686153531074524,0.44686153531074524,0.0,0.004100000020116568
60,26,0.37491798400878906,0.03742758184671402,0.37491798400878906,0.37491798400878906,0.0,0.026100000366568565
60,27,0.5714278221130371,0.1615663766860962,0.5714278221130371,0.5714278221130371,0.0,0.0
60,28,0.25137650966644287,0.09494256973266602,0.25137650966644287,0.25137650966644287,0.0,0.0006000000284984708
60,29,0.19788923859596252,0.11928130686283112,0.19788923859596252,0.19788923859596252,0.0,0.0
60,30,0.43802952766418457,0.16610674560070038,0.43802952766418457,0.43802952766418457,0.0,0.0
60,31,0.36860954761505127,0.16145506501197815,0.36860954761505127,0.36860954761505127,0.0,0.0
61,0,0.17805519700050354,0.003483952023088932,0.17805519700050354,0.17805519700050354,0.0,0.8046000003814697
61,1,0.45918378233909607,0.002919146791100502,0.45918378233909607,0.45918378233909607,0.0,0.8443999886512756
61,2,0.21582596004009247,0.04492181912064552,0.21582596004009247,0.21582596004009247,0.0,0.008500000461935997
61,3,0.2050134539604187,0.04595153033733368,0.2050134539604187,0.2050134539604187,0.0,0.0019000000320374966
61,4,0.6398501396179199,0.13212144374847412,0.6398501396179199,0.6398501396179199,0.0,0.00039999998989515007
61,5,0.4173775911331177,0.098667673766613,0.4173775911331177,0.4173775911331177,0.0,0.00039999998989515007
61,6,0.3184364438056946,0.03686000779271126,0.3184364438056946,0.3184364438056946,0.0,0.017000000923871994
61,7,0.3267359733581543,0.16720685362815857,0.3267359733581543,0.3267359733581543,0.0,0.0
61,8,0.46502140164375305,0.14287199079990387,0.46502140164375305,0.46502140164375305,0.0,9.999999747378752e-05
61,9,0.39089009165763855,0.14797094464302063,0.39089009165763855,0.39089009165763855,0.0,0.0
61,10,0.2661650776863098,0.1795356273651123,0.2661650776863098,0.2661650776863098,0.0,0.0
61,11,0.3469259738922119,0.19284801185131073,0.3469259738922119,0.3469259738922119,0.0,0.0
61,12,0.47698497772216797,0.13629718124866486,0.47698497772216797,0.47698497772216797,0.0,0.0
61,13,0.44285908341407776,0.06733360886573792,0.44285908341407776,0.44285908341407776,0.0,0.002099999925121665
61,14,0.46245163679122925,0.08524009585380554,0.46245163679122925,0.46245163679122925,0.0,0.00139999995008111
61,15,0.3610559403896332,0.13101299107074738,0.3610559403896332,0.3610559403896332,0.0,0.0
61,16,0.3166981637477875,0.02592386305332184,0.3166981637477875,0.3166981637477875,0.0,0.05719999969005585
61,17,0.1782970428466797,0.045449160039424896,0.1782970428466797,0.1782970428466797,0.0,0.002099999925121665
61,18,0.2778623700141907,0.055051349103450775,0.2778623700141907,0.2778623700141907,0.0,0.006099999882280827
61,19,0.45256441831588745,0.058481164276599884,0.45256441831588745,0.45256441831588745,0.0,0.006500000134110451
61,20,0.1544012725353241,0.06187213957309723,0.1544012725353241,0.1544012725353241,0.0,0.00039999998989515007
61,21,0.23454812169075012,0.0599605068564415,0.23454812169075012,0.23454812169075012,0.0,0.000699999975040555
61,22,0.48779991269111633,0.07593351602554321,0.48779991269111633,0.48779991269111633,0.0,0.0024999999441206455
61,23,0.48737919330596924,0.08999449759721756,0.48737919330596924,0.48737919330596924,0.0,0.0008999999845400453
61,24,0.28666841983795166,0.04961207136511803,0.28666841983795166,0.28666841983795166,0.0,0.008799999952316284
61,25,0.42444664239883423,0.06289351731538773,0.42444664239883423,0.42444664239883423,0.0,0.005400000140070915
61,26,0.2437141090631485,0.01263338327407837,0.2437141090631485,0.2437141090631485,0.0,0.15279999375343323
61,27,0.24864232540130615,0.07844255119562149,0.24864232540130615,0.24864232540130615,0.0,0.0005000000237487257
61,28,0.3527039885520935,0.09020064026117325,0.3527039885520935,0.3527039885520935,0.0,9.999999747378752e-05
61,29,0.46252232789993286,0.09939202666282654,0.46252232789993286,0.46252232789993286,0.0,0.00039999998989515007
61,30,0.38217535614967346,0.034978237003088,0.38217535614967346,0.38217535614967346,0.0,0.04259999841451645
61,31,0.38567784428596497,0.027240144088864326,0.38567784428596497,0.38567784428596497,0.0,0.08160000294446945
