trial_id,crel,attr_dim,pair_id,word_a,word_b,correct_answer,incorrect_answer,correct_first_subtoken_id,incorrect_first_subtoken_id,answer_type,prompt
SAME_P_pair0,SAME,P,pair0,moungisgel,grodosplu,bold,cautious,14265,46878,attribute_word,"Definitions:
- moungisgel: something that is bold and complex
- grodosplu is the same as moungisgel

Q: Is grodosplu bold or cautious? (Answer EXACTLY ONE WORD)
A:"
OPP_P_pair0,OPP,P,pair0,moungisgel,grodosplu,cautious,bold,46878,14265,attribute_word,"Definitions:
- moungisgel: something that is bold and complex
- grodosplu is the opposite of moungisgel

Q: Is grodosplu bold or cautious? (Answer EXACTLY ONE WORD)
A:"
SAME_Q_pair0,SAME,Q,pair0,moungisgel,grodosplu,complex,simple,6485,4382,attribute_word,"Definitions:
- moungisgel: something that is bold and complex
- grodosplu is the same as moungisgel

Q: Is grodosplu complex or simple? (Answer EXACTLY ONE WORD)
A:"
OPP_Q_pair0,OPP,Q,pair0,moungisgel,grodosplu,simple,complex,4382,6485,attribute_word,"Definitions:
- moungisgel: something that is bold and complex
- grodosplu is the opposite of moungisgel

Q: Is grodosplu complex or simple? (Answer EXACTLY ONE WORD)
A:"
MORE_P_pair0,MORE,P,pair0,moungisgel,grodosplu,grodosplu,moungisgel,10707,54409,novel_word,"Definitions:
- moungisgel: something that is bold and complex
- grodosplu is more/greater than moungisgel in all respects

Q: Which is more bold, moungisgel or grodosplu? (Answer EXACTLY ONE WORD)
A:"
LESS_P_pair0,LESS,P,pair0,moungisgel,grodosplu,moungisgel,grodosplu,54409,10707,novel_word,"Definitions:
- moungisgel: something that is bold and complex
- grodosplu is less/smaller than moungisgel in all respects

Q: Which is more bold, moungisgel or grodosplu? (Answer EXACTLY ONE WORD)
A:"
MORE_Q_pair0,MORE,Q,pair0,moungisgel,grodosplu,grodosplu,moungisgel,10707,54409,novel_word,"Definitions:
- moungisgel: something that is bold and complex
- grodosplu is more/greater than moungisgel in all respects

Q: Which is more complex, moungisgel or grodosplu? (Answer EXACTLY ONE WORD)
A:"
LESS_Q_pair0,LESS,Q,pair0,moungisgel,grodosplu,moungisgel,grodosplu,54409,10707,novel_word,"Definitions:
- moungisgel: something that is bold and complex
- grodosplu is less/smaller than moungisgel in all respects

Q: Which is more complex, moungisgel or grodosplu? (Answer EXACTLY ONE WORD)
A:"
SAME_P_pair1,SAME,P,pair1,brairaisgor,nirfaigum,bold,cautious,14265,46878,attribute_word,"Definitions:
- brairaisgor: something that is bold and complex
- nirfaigum is the same as brairaisgor

Q: Is nirfaigum bold or cautious? (Answer EXACTLY ONE WORD)
A:"
OPP_P_pair1,OPP,P,pair1,brairaisgor,nirfaigum,cautious,bold,46878,14265,attribute_word,"Definitions:
- brairaisgor: something that is bold and complex
- nirfaigum is the opposite of brairaisgor

Q: Is nirfaigum bold or cautious? (Answer EXACTLY ONE WORD)
A:"
SAME_Q_pair1,SAME,Q,pair1,brairaisgor,nirfaigum,complex,simple,6485,4382,attribute_word,"Definitions:
- brairaisgor: something that is bold and complex
- nirfaigum is the same as brairaisgor

Q: Is nirfaigum complex or simple? (Answer EXACTLY ONE WORD)
A:"
OPP_Q_pair1,OPP,Q,pair1,brairaisgor,nirfaigum,simple,complex,4382,6485,attribute_word,"Definitions:
- brairaisgor: something that is bold and complex
- nirfaigum is the opposite of brairaisgor

Q: Is nirfaigum complex or simple? (Answer EXACTLY ONE WORD)
A:"
MORE_P_pair1,MORE,P,pair1,brairaisgor,nirfaigum,nirfaigum,brairaisgor,97924,20716,novel_word,"Definitions:
- brairaisgor: something that is bold and complex
- nirfaigum is more/greater than brairaisgor in all respects

Q: Which is more bold, brairaisgor or nirfaigum? (Answer EXACTLY ONE WORD)
A:"
LESS_P_pair1,LESS,P,pair1,brairaisgor,nirfaigum,brairaisgor,nirfaigum,20716,97924,novel_word,"Definitions:
- brairaisgor: something that is bold and complex
- nirfaigum is less/smaller than brairaisgor in all respects

Q: Which is more bold, brairaisgor or nirfaigum? (Answer EXACTLY ONE WORD)
A:"
MORE_Q_pair1,MORE,Q,pair1,brairaisgor,nirfaigum,nirfaigum,brairaisgor,97924,20716,novel_word,"Definitions:
- brairaisgor: something that is bold and complex
- nirfaigum is more/greater than brairaisgor in all respects

Q: Which is more complex, brairaisgor or nirfaigum? (Answer EXACTLY ONE WORD)
A:"
LESS_Q_pair1,LESS,Q,pair1,brairaisgor,nirfaigum,brairaisgor,nirfaigum,20716,97924,novel_word,"Definitions:
- brairaisgor: something that is bold and complex
- nirfaigum is less/smaller than brairaisgor in all respects

Q: Which is more complex, brairaisgor or nirfaigum? (Answer EXACTLY ONE WORD)
A:"
SAME_P_pair2,SAME,P,pair2,slelweisgem,tesflurfait,bold,cautious,14265,46878,attribute_word,"Definitions:
- slelweisgem: something that is bold and complex
- tesflurfait is the same as slelweisgem

Q: Is tesflurfait bold or cautious? (Answer EXACTLY ONE WORD)
A:"
OPP_P_pair2,OPP,P,pair2,slelweisgem,tesflurfait,cautious,bold,46878,14265,attribute_word,"Definitions:
- slelweisgem: something that is bold and complex
- tesflurfait is the opposite of slelweisgem

Q: Is tesflurfait bold or cautious? (Answer EXACTLY ONE WORD)
A:"
SAME_Q_pair2,SAME,Q,pair2,slelweisgem,tesflurfait,complex,simple,6485,4382,attribute_word,"Definitions:
- slelweisgem: something that is bold and complex
- tesflurfait is the same as slelweisgem

Q: Is tesflurfait complex or simple? (Answer EXACTLY ONE WORD)
A:"
OPP_Q_pair2,OPP,Q,pair2,slelweisgem,tesflurfait,simple,complex,4382,6485,attribute_word,"Definitions:
- slelweisgem: something that is bold and complex
- tesflurfait is the opposite of slelweisgem

Q: Is tesflurfait complex or simple? (Answer EXACTLY ONE WORD)
A:"
MORE_P_pair2,MORE,P,pair2,slelweisgem,tesflurfait,tesflurfait,slelweisgem,51309,20328,novel_word,"Definitions:
- slelweisgem: something that is bold and complex
- tesflurfait is more/greater than slelweisgem in all respects

Q: Which is more bold, slelweisgem or tesflurfait? (Answer EXACTLY ONE WORD)
A:"
LESS_P_pair2,LESS,P,pair2,slelweisgem,tesflurfait,slelweisgem,tesflurfait,20328,51309,novel_word,"Definitions:
- slelweisgem: something that is bold and complex
- tesflurfait is less/smaller than slelweisgem in all respects

Q: Which is more bold, slelweisgem or tesflurfait? (Answer EXACTLY ONE WORD)
A:"
MORE_Q_pair2,MORE,Q,pair2,slelweisgem,tesflurfait,tesflurfait,slelweisgem,51309,20328,novel_word,"Definitions:
- slelweisgem: something that is bold and complex
- tesflurfait is more/greater than slelweisgem in all respects

Q: Which is more complex, slelweisgem or tesflurfait? (Answer EXACTLY ONE WORD)
A:"
LESS_Q_pair2,LESS,Q,pair2,slelweisgem,tesflurfait,slelweisgem,tesflurfait,20328,51309,novel_word,"Definitions:
- slelweisgem: something that is bold and complex
- tesflurfait is less/smaller than slelweisgem in all respects

Q: Which is more complex, slelweisgem or tesflurfait? (Answer EXACTLY ONE WORD)
A:"
SAME_P_pair3,SAME,P,pair3,deborbul,setulvil,bold,cautious,14265,46878,attribute_word,"Definitions:
- deborbul: something that is bold and complex
- setulvil is the same as deborbul

Q: Is setulvil bold or cautious? (Answer EXACTLY ONE WORD)
A:"
OPP_P_pair3,OPP,P,pair3,deborbul,setulvil,cautious,bold,46878,14265,attribute_word,"Definitions:
- deborbul: something that is bold and complex
- setulvil is the opposite of deborbul

Q: Is setulvil bold or cautious? (Answer EXACTLY ONE WORD)
A:"
SAME_Q_pair3,SAME,Q,pair3,deborbul,setulvil,complex,simple,6485,4382,attribute_word,"Definitions:
- deborbul: something that is bold and complex
- setulvil is the same as deborbul

Q: Is setulvil complex or simple? (Answer EXACTLY ONE WORD)
A:"
OPP_Q_pair3,OPP,Q,pair3,deborbul,setulvil,simple,complex,4382,6485,attribute_word,"Definitions:
- deborbul: something that is bold and complex
- setulvil is the opposite of deborbul

Q: Is setulvil complex or simple? (Answer EXACTLY ONE WORD)
A:"
MORE_P_pair3,MORE,P,pair3,deborbul,setulvil,setulvil,deborbul,743,4316,novel_word,"Definitions:
- deborbul: something that is bold and complex
- setulvil is more/greater than deborbul in all respects

Q: Which is more bold, deborbul or setulvil? (Answer EXACTLY ONE WORD)
A:"
LESS_P_pair3,LESS,P,pair3,deborbul,setulvil,deborbul,setulvil,4316,743,novel_word,"Definitions:
- deborbul: something that is bold and complex
- setulvil is less/smaller than deborbul in all respects

Q: Which is more bold, deborbul or setulvil? (Answer EXACTLY ONE WORD)
A:"
MORE_Q_pair3,MORE,Q,pair3,deborbul,setulvil,setulvil,deborbul,743,4316,novel_word,"Definitions:
- deborbul: something that is bold and complex
- setulvil is more/greater than deborbul in all respects

Q: Which is more complex, deborbul or setulvil? (Answer EXACTLY ONE WORD)
A:"
LESS_Q_pair3,LESS,Q,pair3,deborbul,setulvil,deborbul,setulvil,4316,743,novel_word,"Definitions:
- deborbul: something that is bold and complex
- setulvil is less/smaller than deborbul in all respects

Q: Which is more complex, deborbul or setulvil? (Answer EXACTLY ONE WORD)
A:"
SAME_P_pair4,SAME,P,pair4,bolvonwai,fuslalspur,bold,cautious,14265,46878,attribute_word,"Definitions:
- bolvonwai: something that is bold and complex
- fuslalspur is the same as bolvonwai

Q: Is fuslalspur bold or cautious? (Answer EXACTLY ONE WORD)
A:"
OPP_P_pair4,OPP,P,pair4,bolvonwai,fuslalspur,cautious,bold,46878,14265,attribute_word,"Definitions:
- bolvonwai: something that is bold and complex
- fuslalspur is the opposite of bolvonwai

Q: Is fuslalspur bold or cautious? (Answer EXACTLY ONE WORD)
A:"
SAME_Q_pair4,SAME,Q,pair4,bolvonwai,fuslalspur,complex,simple,6485,4382,attribute_word,"Definitions:
- bolvonwai: something that is bold and complex
- fuslalspur is the same as bolvonwai

Q: Is fuslalspur complex or simple? (Answer EXACTLY ONE WORD)
A:"
OPP_Q_pair4,OPP,Q,pair4,bolvonwai,fuslalspur,simple,complex,4382,6485,attribute_word,"Definitions:
- bolvonwai: something that is bold and complex
- fuslalspur is the opposite of bolvonwai

Q: Is fuslalspur complex or simple? (Answer EXACTLY ONE WORD)
A:"
MORE_P_pair4,MORE,P,pair4,bolvonwai,fuslalspur,fuslalspur,bolvonwai,69578,21434,novel_word,"Definitions:
- bolvonwai: something that is bold and complex
- fuslalspur is more/greater than bolvonwai in all respects

Q: Which is more bold, bolvonwai or fuslalspur? (Answer EXACTLY ONE WORD)
A:"
LESS_P_pair4,LESS,P,pair4,bolvonwai,fuslalspur,bolvonwai,fuslalspur,21434,69578,novel_word,"Definitions:
- bolvonwai: something that is bold and complex
- fuslalspur is less/smaller than bolvonwai in all respects

Q: Which is more bold, bolvonwai or fuslalspur? (Answer EXACTLY ONE WORD)
A:"
MORE_Q_pair4,MORE,Q,pair4,bolvonwai,fuslalspur,fuslalspur,bolvonwai,69578,21434,novel_word,"Definitions:
- bolvonwai: something that is bold and complex
- fuslalspur is more/greater than bolvonwai in all respects

Q: Which is more complex, bolvonwai or fuslalspur? (Answer EXACTLY ONE WORD)
A:"
LESS_Q_pair4,LESS,Q,pair4,bolvonwai,fuslalspur,bolvonwai,fuslalspur,21434,69578,novel_word,"Definitions:
- bolvonwai: something that is bold and complex
- fuslalspur is less/smaller than bolvonwai in all respects

Q: Which is more complex, bolvonwai or fuslalspur? (Answer EXACTLY ONE WORD)
A:"
SAME_P_pair5,SAME,P,pair5,boulnoloun,runpourgrul,bold,cautious,14265,46878,attribute_word,"Definitions:
- boulnoloun: something that is bold and complex
- runpourgrul is the same as boulnoloun

Q: Is runpourgrul bold or cautious? (Answer EXACTLY ONE WORD)
A:"
OPP_P_pair5,OPP,P,pair5,boulnoloun,runpourgrul,cautious,bold,46878,14265,attribute_word,"Definitions:
- boulnoloun: something that is bold and complex
- runpourgrul is the opposite of boulnoloun

Q: Is runpourgrul bold or cautious? (Answer EXACTLY ONE WORD)
A:"
SAME_Q_pair5,SAME,Q,pair5,boulnoloun,runpourgrul,complex,simple,6485,4382,attribute_word,"Definitions:
- boulnoloun: something that is bold and complex
- runpourgrul is the same as boulnoloun

Q: Is runpourgrul complex or simple? (Answer EXACTLY ONE WORD)
A:"
OPP_Q_pair5,OPP,Q,pair5,boulnoloun,runpourgrul,simple,complex,4382,6485,attribute_word,"Definitions:
- boulnoloun: something that is bold and complex
- runpourgrul is the opposite of boulnoloun

Q: Is runpourgrul complex or simple? (Answer EXACTLY ONE WORD)
A:"
MORE_P_pair5,MORE,P,pair5,boulnoloun,runpourgrul,runpourgrul,boulnoloun,1629,30870,novel_word,"Definitions:
- boulnoloun: something that is bold and complex
- runpourgrul is more/greater than boulnoloun in all respects

Q: Which is more bold, boulnoloun or runpourgrul? (Answer EXACTLY ONE WORD)
A:"
LESS_P_pair5,LESS,P,pair5,boulnoloun,runpourgrul,boulnoloun,runpourgrul,30870,1629,novel_word,"Definitions:
- boulnoloun: something that is bold and complex
- runpourgrul is less/smaller than boulnoloun in all respects

Q: Which is more bold, boulnoloun or runpourgrul? (Answer EXACTLY ONE WORD)
A:"
MORE_Q_pair5,MORE,Q,pair5,boulnoloun,runpourgrul,runpourgrul,boulnoloun,1629,30870,novel_word,"Definitions:
- boulnoloun: something that is bold and complex
- runpourgrul is more/greater than boulnoloun in all respects

Q: Which is more complex, boulnoloun or runpourgrul? (Answer EXACTLY ONE WORD)
A:"
LESS_Q_pair5,LESS,Q,pair5,boulnoloun,runpourgrul,boulnoloun,runpourgrul,30870,1629,novel_word,"Definitions:
- boulnoloun: something that is bold and complex
- runpourgrul is less/smaller than boulnoloun in all respects

Q: Which is more complex, boulnoloun or runpourgrul? (Answer EXACTLY ONE WORD)
A:"
SAME_P_pair6,SAME,P,pair6,sinmoulsoun,tarbreinlom,bold,cautious,14265,46878,attribute_word,"Definitions:
- sinmoulsoun: something that is bold and complex
- tarbreinlom is the same as sinmoulsoun

Q: Is tarbreinlom bold or cautious? (Answer EXACTLY ONE WORD)
A:"
OPP_P_pair6,OPP,P,pair6,sinmoulsoun,tarbreinlom,cautious,bold,46878,14265,attribute_word,"Definitions:
- sinmoulsoun: something that is bold and complex
- tarbreinlom is the opposite of sinmoulsoun

Q: Is tarbreinlom bold or cautious? (Answer EXACTLY ONE WORD)
A:"
SAME_Q_pair6,SAME,Q,pair6,sinmoulsoun,tarbreinlom,complex,simple,6485,4382,attribute_word,"Definitions:
- sinmoulsoun: something that is bold and complex
- tarbreinlom is the same as sinmoulsoun

Q: Is tarbreinlom complex or simple? (Answer EXACTLY ONE WORD)
A:"
OPP_Q_pair6,OPP,Q,pair6,sinmoulsoun,tarbreinlom,simple,complex,4382,6485,attribute_word,"Definitions:
- sinmoulsoun: something that is bold and complex
- tarbreinlom is the opposite of sinmoulsoun

Q: Is tarbreinlom complex or simple? (Answer EXACTLY ONE WORD)
A:"
MORE_P_pair6,MORE,P,pair6,sinmoulsoun,tarbreinlom,tarbreinlom,sinmoulsoun,12460,7589,novel_word,"Definitions:
- sinmoulsoun: something that is bold and complex
- tarbreinlom is more/greater than sinmoulsoun in all respects

Q: Which is more bold, sinmoulsoun or tarbreinlom? (Answer EXACTLY ONE WORD)
A:"
LESS_P_pair6,LESS,P,pair6,sinmoulsoun,tarbreinlom,sinmoulsoun,tarbreinlom,7589,12460,novel_word,"Definitions:
- sinmoulsoun: something that is bold and complex
- tarbreinlom is less/smaller than sinmoulsoun in all respects

Q: Which is more bold, sinmoulsoun or tarbreinlom? (Answer EXACTLY ONE WORD)
A:"
MORE_Q_pair6,MORE,Q,pair6,sinmoulsoun,tarbreinlom,tarbreinlom,sinmoulsoun,12460,7589,novel_word,"Definitions:
- sinmoulsoun: something that is bold and complex
- tarbreinlom is more/greater than sinmoulsoun in all respects

Q: Which is more complex, sinmoulsoun or tarbreinlom? (Answer EXACTLY ONE WORD)
A:"
LESS_Q_pair6,LESS,Q,pair6,sinmoulsoun,tarbreinlom,sinmoulsoun,tarbreinlom,7589,12460,novel_word,"Definitions:
- sinmoulsoun: something that is bold and complex
- tarbreinlom is less/smaller than sinmoulsoun in all respects

Q: Which is more complex, sinmoulsoun or tarbreinlom? (Answer EXACTLY ONE WORD)
A:"
SAME_P_pair7,SAME,P,pair7,treleirspik,ferstolbrut,bold,cautious,14265,46878,attribute_word,"Definitions:
- treleirspik: something that is bold and complex
- ferstolbrut is the same as treleirspik

Q: Is ferstolbrut bold or cautious? (Answer EXACTLY ONE WORD)
A:"
OPP_P_pair7,OPP,P,pair7,treleirspik,ferstolbrut,cautious,bold,46878,14265,attribute_word,"Definitions:
- treleirspik: something that is bold and complex
- ferstolbrut is the opposite of treleirspik

Q: Is ferstolbrut bold or cautious? (Answer EXACTLY ONE WORD)
A:"
SAME_Q_pair7,SAME,Q,pair7,treleirspik,ferstolbrut,complex,simple,6485,4382,attribute_word,"Definitions:
- treleirspik: something that is bold and complex
- ferstolbrut is the same as treleirspik

Q: Is ferstolbrut complex or simple? (Answer EXACTLY ONE WORD)
A:"
OPP_Q_pair7,OPP,Q,pair7,treleirspik,ferstolbrut,simple,complex,4382,6485,attribute_word,"Definitions:
- treleirspik: something that is bold and complex
- ferstolbrut is the opposite of treleirspik

Q: Is ferstolbrut complex or simple? (Answer EXACTLY ONE WORD)
A:"
MORE_P_pair7,MORE,P,pair7,treleirspik,ferstolbrut,ferstolbrut,treleirspik,18728,4353,novel_word,"Definitions:
- treleirspik: something that is bold and complex
- ferstolbrut is more/greater than treleirspik in all respects

Q: Which is more bold, treleirspik or ferstolbrut? (Answer EXACTLY ONE WORD)
A:"
LESS_P_pair7,LESS,P,pair7,treleirspik,ferstolbrut,treleirspik,ferstolbrut,4353,18728,novel_word,"Definitions:
- treleirspik: something that is bold and complex
- ferstolbrut is less/smaller than treleirspik in all respects

Q: Which is more bold, treleirspik or ferstolbrut? (Answer EXACTLY ONE WORD)
A:"
MORE_Q_pair7,MORE,Q,pair7,treleirspik,ferstolbrut,ferstolbrut,treleirspik,18728,4353,novel_word,"Definitions:
- treleirspik: something that is bold and complex
- ferstolbrut is more/greater than treleirspik in all respects

Q: Which is more complex, treleirspik or ferstolbrut? (Answer EXACTLY ONE WORD)
A:"
LESS_Q_pair7,LESS,Q,pair7,treleirspik,ferstolbrut,treleirspik,ferstolbrut,4353,18728,novel_word,"Definitions:
- treleirspik: something that is bold and complex
- ferstolbrut is less/smaller than treleirspik in all respects

Q: Which is more complex, treleirspik or ferstolbrut? (Answer EXACTLY ONE WORD)
A:"
SAME_P_pair8,SAME,P,pair8,posflanoul,serlusteit,bold,cautious,14265,46878,attribute_word,"Definitions:
- posflanoul: something that is bold and complex
- serlusteit is the same as posflanoul

Q: Is serlusteit bold or cautious? (Answer EXACTLY ONE WORD)
A:"
OPP_P_pair8,OPP,P,pair8,posflanoul,serlusteit,cautious,bold,46878,14265,attribute_word,"Definitions:
- posflanoul: something that is bold and complex
- serlusteit is the opposite of posflanoul

Q: Is serlusteit bold or cautious? (Answer EXACTLY ONE WORD)
A:"
SAME_Q_pair8,SAME,Q,pair8,posflanoul,serlusteit,complex,simple,6485,4382,attribute_word,"Definitions:
- posflanoul: something that is bold and complex
- serlusteit is the same as posflanoul

Q: Is serlusteit complex or simple? (Answer EXACTLY ONE WORD)
A:"
OPP_Q_pair8,OPP,Q,pair8,posflanoul,serlusteit,simple,complex,4382,6485,attribute_word,"Definitions:
- posflanoul: something that is bold and complex
- serlusteit is the opposite of posflanoul

Q: Is serlusteit complex or simple? (Answer EXACTLY ONE WORD)
A:"
MORE_P_pair8,MORE,P,pair8,posflanoul,serlusteit,serlusteit,posflanoul,1446,1153,novel_word,"Definitions:
- posflanoul: something that is bold and complex
- serlusteit is more/greater than posflanoul in all respects

Q: Which is more bold, posflanoul or serlusteit? (Answer EXACTLY ONE WORD)
A:"
LESS_P_pair8,LESS,P,pair8,posflanoul,serlusteit,posflanoul,serlusteit,1153,1446,novel_word,"Definitions:
- posflanoul: something that is bold and complex
- serlusteit is less/smaller than posflanoul in all respects

Q: Which is more bold, posflanoul or serlusteit? (Answer EXACTLY ONE WORD)
A:"
MORE_Q_pair8,MORE,Q,pair8,posflanoul,serlusteit,serlusteit,posflanoul,1446,1153,novel_word,"Definitions:
- posflanoul: something that is bold and complex
- serlusteit is more/greater than posflanoul in all respects

Q: Which is more complex, posflanoul or serlusteit? (Answer EXACTLY ONE WORD)
A:"
LESS_Q_pair8,LESS,Q,pair8,posflanoul,serlusteit,posflanoul,serlusteit,1153,1446,novel_word,"Definitions:
- posflanoul: something that is bold and complex
- serlusteit is less/smaller than posflanoul in all respects

Q: Which is more complex, posflanoul or serlusteit? (Answer EXACTLY ONE WORD)
A:"
SAME_P_pair9,SAME,P,pair9,dilzairplan,birtrikul,bold,cautious,14265,46878,attribute_word,"Definitions:
- dilzairplan: something that is bold and complex
- birtrikul is the same as dilzairplan

Q: Is birtrikul bold or cautious? (Answer EXACTLY ONE WORD)
A:"
OPP_P_pair9,OPP,P,pair9,dilzairplan,birtrikul,cautious,bold,46878,14265,attribute_word,"Definitions:
- dilzairplan: something that is bold and complex
- birtrikul is the opposite of dilzairplan

Q: Is birtrikul bold or cautious? (Answer EXACTLY ONE WORD)
A:"
SAME_Q_pair9,SAME,Q,pair9,dilzairplan,birtrikul,complex,simple,6485,4382,attribute_word,"Definitions:
- dilzairplan: something that is bold and complex
- birtrikul is the same as dilzairplan

Q: Is birtrikul complex or simple? (Answer EXACTLY ONE WORD)
A:"
OPP_Q_pair9,OPP,Q,pair9,dilzairplan,birtrikul,simple,complex,4382,6485,attribute_word,"Definitions:
- dilzairplan: something that is bold and complex
- birtrikul is the opposite of dilzairplan

Q: Is birtrikul complex or simple? (Answer EXACTLY ONE WORD)
A:"
MORE_P_pair9,MORE,P,pair9,dilzairplan,birtrikul,birtrikul,dilzairplan,15606,19371,novel_word,"Definitions:
- dilzairplan: something that is bold and complex
- birtrikul is more/greater than dilzairplan in all respects

Q: Which is more bold, dilzairplan or birtrikul? (Answer EXACTLY ONE WORD)
A:"
LESS_P_pair9,LESS,P,pair9,dilzairplan,birtrikul,dilzairplan,birtrikul,19371,15606,novel_word,"Definitions:
- dilzairplan: something that is bold and complex
- birtrikul is less/smaller than dilzairplan in all respects

Q: Which is more bold, dilzairplan or birtrikul? (Answer EXACTLY ONE WORD)
A:"
MORE_Q_pair9,MORE,Q,pair9,dilzairplan,birtrikul,birtrikul,dilzairplan,15606,19371,novel_word,"Definitions:
- dilzairplan: something that is bold and complex
- birtrikul is more/greater than dilzairplan in all respects

Q: Which is more complex, dilzairplan or birtrikul? (Answer EXACTLY ONE WORD)
A:"
LESS_Q_pair9,LESS,Q,pair9,dilzairplan,birtrikul,dilzairplan,birtrikul,19371,15606,novel_word,"Definitions:
- dilzairplan: something that is bold and complex
- birtrikul is less/smaller than dilzairplan in all respects

Q: Which is more complex, dilzairplan or birtrikul? (Answer EXACTLY ONE WORD)
A:"
SAME_P_pair10,SAME,P,pair10,presdeidom,tinmoulrok,bold,cautious,14265,46878,attribute_word,"Definitions:
- presdeidom: something that is bold and complex
- tinmoulrok is the same as presdeidom

Q: Is tinmoulrok bold or cautious? (Answer EXACTLY ONE WORD)
A:"
OPP_P_pair10,OPP,P,pair10,presdeidom,tinmoulrok,cautious,bold,46878,14265,attribute_word,"Definitions:
- presdeidom: something that is bold and complex
- tinmoulrok is the opposite of presdeidom

Q: Is tinmoulrok bold or cautious? (Answer EXACTLY ONE WORD)
A:"
SAME_Q_pair10,SAME,Q,pair10,presdeidom,tinmoulrok,complex,simple,6485,4382,attribute_word,"Definitions:
- presdeidom: something that is bold and complex
- tinmoulrok is the same as presdeidom

Q: Is tinmoulrok complex or simple? (Answer EXACTLY ONE WORD)
A:"
OPP_Q_pair10,OPP,Q,pair10,presdeidom,tinmoulrok,simple,complex,4382,6485,attribute_word,"Definitions:
- presdeidom: something that is bold and complex
- tinmoulrok is the opposite of presdeidom

Q: Is tinmoulrok complex or simple? (Answer EXACTLY ONE WORD)
A:"
MORE_P_pair10,MORE,P,pair10,presdeidom,tinmoulrok,tinmoulrok,presdeidom,25826,1685,novel_word,"Definitions:
- presdeidom: something that is bold and complex
- tinmoulrok is more/greater than presdeidom in all respects

Q: Which is more bold, presdeidom or tinmoulrok? (Answer EXACTLY ONE WORD)
A:"
LESS_P_pair10,LESS,P,pair10,presdeidom,tinmoulrok,presdeidom,tinmoulrok,1685,25826,novel_word,"Definitions:
- presdeidom: something that is bold and complex
- tinmoulrok is less/smaller than presdeidom in all respects

Q: Which is more bold, presdeidom or tinmoulrok? (Answer EXACTLY ONE WORD)
A:"
MORE_Q_pair10,MORE,Q,pair10,presdeidom,tinmoulrok,tinmoulrok,presdeidom,25826,1685,novel_word,"Definitions:
- presdeidom: something that is bold and complex
- tinmoulrok is more/greater than presdeidom in all respects

Q: Which is more complex, presdeidom or tinmoulrok? (Answer EXACTLY ONE WORD)
A:"
LESS_Q_pair10,LESS,Q,pair10,presdeidom,tinmoulrok,presdeidom,tinmoulrok,1685,25826,novel_word,"Definitions:
- presdeidom: something that is bold and complex
- tinmoulrok is less/smaller than presdeidom in all respects

Q: Which is more complex, presdeidom or tinmoulrok? (Answer EXACTLY ONE WORD)
A:"
SAME_P_pair11,SAME,P,pair11,noudeitrek,wanprormu,bold,cautious,14265,46878,attribute_word,"Definitions:
- noudeitrek: something that is bold and complex
- wanprormu is the same as noudeitrek

Q: Is wanprormu bold or cautious? (Answer EXACTLY ONE WORD)
A:"
OPP_P_pair11,OPP,P,pair11,noudeitrek,wanprormu,cautious,bold,46878,14265,attribute_word,"Definitions:
- noudeitrek: something that is bold and complex
- wanprormu is the opposite of noudeitrek

Q: Is wanprormu bold or cautious? (Answer EXACTLY ONE WORD)
A:"
SAME_Q_pair11,SAME,Q,pair11,noudeitrek,wanprormu,complex,simple,6485,4382,attribute_word,"Definitions:
- noudeitrek: something that is bold and complex
- wanprormu is the same as noudeitrek

Q: Is wanprormu complex or simple? (Answer EXACTLY ONE WORD)
A:"
OPP_Q_pair11,OPP,Q,pair11,noudeitrek,wanprormu,simple,complex,4382,6485,attribute_word,"Definitions:
- noudeitrek: something that is bold and complex
- wanprormu is the opposite of noudeitrek

Q: Is wanprormu complex or simple? (Answer EXACTLY ONE WORD)
A:"
MORE_P_pair11,MORE,P,pair11,noudeitrek,wanprormu,wanprormu,noudeitrek,78853,20117,novel_word,"Definitions:
- noudeitrek: something that is bold and complex
- wanprormu is more/greater than noudeitrek in all respects

Q: Which is more bold, noudeitrek or wanprormu? (Answer EXACTLY ONE WORD)
A:"
LESS_P_pair11,LESS,P,pair11,noudeitrek,wanprormu,noudeitrek,wanprormu,20117,78853,novel_word,"Definitions:
- noudeitrek: something that is bold and complex
- wanprormu is less/smaller than noudeitrek in all respects

Q: Which is more bold, noudeitrek or wanprormu? (Answer EXACTLY ONE WORD)
A:"
MORE_Q_pair11,MORE,Q,pair11,noudeitrek,wanprormu,wanprormu,noudeitrek,78853,20117,novel_word,"Definitions:
- noudeitrek: something that is bold and complex
- wanprormu is more/greater than noudeitrek in all respects

Q: Which is more complex, noudeitrek or wanprormu? (Answer EXACTLY ONE WORD)
A:"
LESS_Q_pair11,LESS,Q,pair11,noudeitrek,wanprormu,noudeitrek,wanprormu,20117,78853,novel_word,"Definitions:
- noudeitrek: something that is bold and complex
- wanprormu is less/smaller than noudeitrek in all respects

Q: Which is more complex, noudeitrek or wanprormu? (Answer EXACTLY ONE WORD)
A:"
SAME_P_pair12,SAME,P,pair12,nosrilrait,firgresdin,bold,cautious,14265,46878,attribute_word,"Definitions:
- nosrilrait: something that is bold and complex
- firgresdin is the same as nosrilrait

Q: Is firgresdin bold or cautious? (Answer EXACTLY ONE WORD)
A:"
OPP_P_pair12,OPP,P,pair12,nosrilrait,firgresdin,cautious,bold,46878,14265,attribute_word,"Definitions:
- nosrilrait: something that is bold and complex
- firgresdin is the opposite of nosrilrait

Q: Is firgresdin bold or cautious? (Answer EXACTLY ONE WORD)
A:"
SAME_Q_pair12,SAME,Q,pair12,nosrilrait,firgresdin,complex,simple,6485,4382,attribute_word,"Definitions:
- nosrilrait: something that is bold and complex
- firgresdin is the same as nosrilrait

Q: Is firgresdin complex or simple? (Answer EXACTLY ONE WORD)
A:"
OPP_Q_pair12,OPP,Q,pair12,nosrilrait,firgresdin,simple,complex,4382,6485,attribute_word,"Definitions:
- nosrilrait: something that is bold and complex
- firgresdin is the opposite of nosrilrait

Q: Is firgresdin complex or simple? (Answer EXACTLY ONE WORD)
A:"
MORE_P_pair12,MORE,P,pair12,nosrilrait,firgresdin,firgresdin,nosrilrait,35092,12155,novel_word,"Definitions:
- nosrilrait: something that is bold and complex
- firgresdin is more/greater than nosrilrait in all respects

Q: Which is more bold, nosrilrait or firgresdin? (Answer EXACTLY ONE WORD)
A:"
LESS_P_pair12,LESS,P,pair12,nosrilrait,firgresdin,nosrilrait,firgresdin,12155,35092,novel_word,"Definitions:
- nosrilrait: something that is bold and complex
- firgresdin is less/smaller than nosrilrait in all respects

Q: Which is more bold, nosrilrait or firgresdin? (Answer EXACTLY ONE WORD)
A:"
MORE_Q_pair12,MORE,Q,pair12,nosrilrait,firgresdin,firgresdin,nosrilrait,35092,12155,novel_word,"Definitions:
- nosrilrait: something that is bold and complex
- firgresdin is more/greater than nosrilrait in all respects

Q: Which is more complex, nosrilrait or firgresdin? (Answer EXACTLY ONE WORD)
A:"
LESS_Q_pair12,LESS,Q,pair12,nosrilrait,firgresdin,nosrilrait,firgresdin,12155,35092,novel_word,"Definitions:
- nosrilrait: something that is bold and complex
- firgresdin is less/smaller than nosrilrait in all respects

Q: Which is more complex, nosrilrait or firgresdin? (Answer EXACTLY ONE WORD)
A:"
SAME_P_pair13,SAME,P,pair13,rabrosprei,wespleplim,bold,cautious,14265,46878,attribute_word,"Definitions:
- rabrosprei: something that is bold and complex
- wespleplim is the same as rabrosprei

Q: Is wespleplim bold or cautious? (Answer EXACTLY ONE WORD)
A:"
OPP_P_pair13,OPP,P,pair13,rabrosprei,wespleplim,cautious,bold,46878,14265,attribute_word,"Definitions:
- rabrosprei: something that is bold and complex
- wespleplim is the opposite of rabrosprei

Q: Is wespleplim bold or cautious? (Answer EXACTLY ONE WORD)
A:"
SAME_Q_pair13,SAME,Q,pair13,rabrosprei,wespleplim,complex,simple,6485,4382,attribute_word,"Definitions:
- rabrosprei: something that is bold and complex
- wespleplim is the same as rabrosprei

Q: Is wespleplim complex or simple? (Answer EXACTLY ONE WORD)
A:"
OPP_Q_pair13,OPP,Q,pair13,rabrosprei,wespleplim,simple,complex,4382,6485,attribute_word,"Definitions:
- rabrosprei: something that is bold and complex
- wespleplim is the opposite of rabrosprei

Q: Is wespleplim complex or simple? (Answer EXACTLY ONE WORD)
A:"
MORE_P_pair13,MORE,P,pair13,rabrosprei,wespleplim,wespleplim,rabrosprei,98268,31674,novel_word,"Definitions:
- rabrosprei: something that is bold and complex
- wespleplim is more/greater than rabrosprei in all respects

Q: Which is more bold, rabrosprei or wespleplim? (Answer EXACTLY ONE WORD)
A:"
LESS_P_pair13,LESS,P,pair13,rabrosprei,wespleplim,rabrosprei,wespleplim,31674,98268,novel_word,"Definitions:
- rabrosprei: something that is bold and complex
- wespleplim is less/smaller than rabrosprei in all respects

Q: Which is more bold, rabrosprei or wespleplim? (Answer EXACTLY ONE WORD)
A:"
MORE_Q_pair13,MORE,Q,pair13,rabrosprei,wespleplim,wespleplim,rabrosprei,98268,31674,novel_word,"Definitions:
- rabrosprei: something that is bold and complex
- wespleplim is more/greater than rabrosprei in all respects

Q: Which is more complex, rabrosprei or wespleplim? (Answer EXACTLY ONE WORD)
A:"
LESS_Q_pair13,LESS,Q,pair13,rabrosprei,wespleplim,rabrosprei,wespleplim,31674,98268,novel_word,"Definitions:
- rabrosprei: something that is bold and complex
- wespleplim is less/smaller than rabrosprei in all respects

Q: Which is more complex, rabrosprei or wespleplim? (Answer EXACTLY ONE WORD)
A:"
SAME_P_pair14,SAME,P,pair14,vaispizuk,nurdastrot,bold,cautious,14265,46878,attribute_word,"Definitions:
- vaispizuk: something that is bold and complex
- nurdastrot is the same as vaispizuk

Q: Is nurdastrot bold or cautious? (Answer EXACTLY ONE WORD)
A:"
OPP_P_pair14,OPP,P,pair14,vaispizuk,nurdastrot,cautious,bold,46878,14265,attribute_word,"Definitions:
- vaispizuk: something that is bold and complex
- nurdastrot is the opposite of vaispizuk

Q: Is nurdastrot bold or cautious? (Answer EXACTLY ONE WORD)
A:"
SAME_Q_pair14,SAME,Q,pair14,vaispizuk,nurdastrot,complex,simple,6485,4382,attribute_word,"Definitions:
- vaispizuk: something that is bold and complex
- nurdastrot is the same as vaispizuk

Q: Is nurdastrot complex or simple? (Answer EXACTLY ONE WORD)
A:"
OPP_Q_pair14,OPP,Q,pair14,vaispizuk,nurdastrot,simple,complex,4382,6485,attribute_word,"Definitions:
- vaispizuk: something that is bold and complex
- nurdastrot is the opposite of vaispizuk

Q: Is nurdastrot complex or simple? (Answer EXACTLY ONE WORD)
A:"
MORE_P_pair14,MORE,P,pair14,vaispizuk,nurdastrot,nurdastrot,vaispizuk,12500,91507,novel_word,"Definitions:
- vaispizuk: something that is bold and complex
- nurdastrot is more/greater than vaispizuk in all respects

Q: Which is more bold, vaispizuk or nurdastrot? (Answer EXACTLY ONE WORD)
A:"
LESS_P_pair14,LESS,P,pair14,vaispizuk,nurdastrot,vaispizuk,nurdastrot,91507,12500,novel_word,"Definitions:
- vaispizuk: something that is bold and complex
- nurdastrot is less/smaller than vaispizuk in all respects

Q: Which is more bold, vaispizuk or nurdastrot? (Answer EXACTLY ONE WORD)
A:"
MORE_Q_pair14,MORE,Q,pair14,vaispizuk,nurdastrot,nurdastrot,vaispizuk,12500,91507,novel_word,"Definitions:
- vaispizuk: something that is bold and complex
- nurdastrot is more/greater than vaispizuk in all respects

Q: Which is more complex, vaispizuk or nurdastrot? (Answer EXACTLY ONE WORD)
A:"
LESS_Q_pair14,LESS,Q,pair14,vaispizuk,nurdastrot,vaispizuk,nurdastrot,91507,12500,novel_word,"Definitions:
- vaispizuk: something that is bold and complex
- nurdastrot is less/smaller than vaispizuk in all respects

Q: Which is more complex, vaispizuk or nurdastrot? (Answer EXACTLY ONE WORD)
A:"
SAME_P_pair15,SAME,P,pair15,zagongei,genrilgot,bold,cautious,14265,46878,attribute_word,"Definitions:
- zagongei: something that is bold and complex
- genrilgot is the same as zagongei

Q: Is genrilgot bold or cautious? (Answer EXACTLY ONE WORD)
A:"
OPP_P_pair15,OPP,P,pair15,zagongei,genrilgot,cautious,bold,46878,14265,attribute_word,"Definitions:
- zagongei: something that is bold and complex
- genrilgot is the opposite of zagongei

Q: Is genrilgot bold or cautious? (Answer EXACTLY ONE WORD)
A:"
SAME_Q_pair15,SAME,Q,pair15,zagongei,genrilgot,complex,simple,6485,4382,attribute_word,"Definitions:
- zagongei: something that is bold and complex
- genrilgot is the same as zagongei

Q: Is genrilgot complex or simple? (Answer EXACTLY ONE WORD)
A:"
OPP_Q_pair15,OPP,Q,pair15,zagongei,genrilgot,simple,complex,4382,6485,attribute_word,"Definitions:
- zagongei: something that is bold and complex
- genrilgot is the opposite of zagongei

Q: Is genrilgot complex or simple? (Answer EXACTLY ONE WORD)
A:"
MORE_P_pair15,MORE,P,pair15,zagongei,genrilgot,genrilgot,zagongei,4173,90119,novel_word,"Definitions:
- zagongei: something that is bold and complex
- genrilgot is more/greater than zagongei in all respects

Q: Which is more bold, zagongei or genrilgot? (Answer EXACTLY ONE WORD)
A:"
LESS_P_pair15,LESS,P,pair15,zagongei,genrilgot,zagongei,genrilgot,90119,4173,novel_word,"Definitions:
- zagongei: something that is bold and complex
- genrilgot is less/smaller than zagongei in all respects

Q: Which is more bold, zagongei or genrilgot? (Answer EXACTLY ONE WORD)
A:"
MORE_Q_pair15,MORE,Q,pair15,zagongei,genrilgot,genrilgot,zagongei,4173,90119,novel_word,"Definitions:
- zagongei: something that is bold and complex
- genrilgot is more/greater than zagongei in all respects

Q: Which is more complex, zagongei or genrilgot? (Answer EXACTLY ONE WORD)
A:"
LESS_Q_pair15,LESS,Q,pair15,zagongei,genrilgot,zagongei,genrilgot,90119,4173,novel_word,"Definitions:
- zagongei: something that is bold and complex
- genrilgot is less/smaller than zagongei in all respects

Q: Which is more complex, zagongei or genrilgot? (Answer EXACTLY ONE WORD)
A:"
SAME_P_pair16,SAME,P,pair16,narplenril,zelfastrous,bold,cautious,14265,46878,attribute_word,"Definitions:
- narplenril: something that is bold and complex
- zelfastrous is the same as narplenril

Q: Is zelfastrous bold or cautious? (Answer EXACTLY ONE WORD)
A:"
OPP_P_pair16,OPP,P,pair16,narplenril,zelfastrous,cautious,bold,46878,14265,attribute_word,"Definitions:
- narplenril: something that is bold and complex
- zelfastrous is the opposite of narplenril

Q: Is zelfastrous bold or cautious? (Answer EXACTLY ONE WORD)
A:"
SAME_Q_pair16,SAME,Q,pair16,narplenril,zelfastrous,complex,simple,6485,4382,attribute_word,"Definitions:
- narplenril: something that is bold and complex
- zelfastrous is the same as narplenril

Q: Is zelfastrous complex or simple? (Answer EXACTLY ONE WORD)
A:"
OPP_Q_pair16,OPP,Q,pair16,narplenril,zelfastrous,simple,complex,4382,6485,attribute_word,"Definitions:
- narplenril: something that is bold and complex
- zelfastrous is the opposite of narplenril

Q: Is zelfastrous complex or simple? (Answer EXACTLY ONE WORD)
A:"
MORE_P_pair16,MORE,P,pair16,narplenril,zelfastrous,zelfastrous,narplenril,60111,44669,novel_word,"Definitions:
- narplenril: something that is bold and complex
- zelfastrous is more/greater than narplenril in all respects

Q: Which is more bold, narplenril or zelfastrous? (Answer EXACTLY ONE WORD)
A:"
LESS_P_pair16,LESS,P,pair16,narplenril,zelfastrous,narplenril,zelfastrous,44669,60111,novel_word,"Definitions:
- narplenril: something that is bold and complex
- zelfastrous is less/smaller than narplenril in all respects

Q: Which is more bold, narplenril or zelfastrous? (Answer EXACTLY ONE WORD)
A:"
MORE_Q_pair16,MORE,Q,pair16,narplenril,zelfastrous,zelfastrous,narplenril,60111,44669,novel_word,"Definitions:
- narplenril: something that is bold and complex
- zelfastrous is more/greater than narplenril in all respects

Q: Which is more complex, narplenril or zelfastrous? (Answer EXACTLY ONE WORD)
A:"
LESS_Q_pair16,LESS,Q,pair16,narplenril,zelfastrous,narplenril,zelfastrous,44669,60111,novel_word,"Definitions:
- narplenril: something that is bold and complex
- zelfastrous is less/smaller than narplenril in all respects

Q: Which is more complex, narplenril or zelfastrous? (Answer EXACTLY ONE WORD)
A:"
SAME_P_pair17,SAME,P,pair17,gonlikit,lolbitril,bold,cautious,14265,46878,attribute_word,"Definitions:
- gonlikit: something that is bold and complex
- lolbitril is the same as gonlikit

Q: Is lolbitril bold or cautious? (Answer EXACTLY ONE WORD)
A:"
OPP_P_pair17,OPP,P,pair17,gonlikit,lolbitril,cautious,bold,46878,14265,attribute_word,"Definitions:
- gonlikit: something that is bold and complex
- lolbitril is the opposite of gonlikit

Q: Is lolbitril bold or cautious? (Answer EXACTLY ONE WORD)
A:"
SAME_Q_pair17,SAME,Q,pair17,gonlikit,lolbitril,complex,simple,6485,4382,attribute_word,"Definitions:
- gonlikit: something that is bold and complex
- lolbitril is the same as gonlikit

Q: Is lolbitril complex or simple? (Answer EXACTLY ONE WORD)
A:"
OPP_Q_pair17,OPP,Q,pair17,gonlikit,lolbitril,simple,complex,4382,6485,attribute_word,"Definitions:
- gonlikit: something that is bold and complex
- lolbitril is the opposite of gonlikit

Q: Is lolbitril complex or simple? (Answer EXACTLY ONE WORD)
A:"
MORE_P_pair17,MORE,P,pair17,gonlikit,lolbitril,lolbitril,gonlikit,28509,64592,novel_word,"Definitions:
- gonlikit: something that is bold and complex
- lolbitril is more/greater than gonlikit in all respects

Q: Which is more bold, gonlikit or lolbitril? (Answer EXACTLY ONE WORD)
A:"
LESS_P_pair17,LESS,P,pair17,gonlikit,lolbitril,gonlikit,lolbitril,64592,28509,novel_word,"Definitions:
- gonlikit: something that is bold and complex
- lolbitril is less/smaller than gonlikit in all respects

Q: Which is more bold, gonlikit or lolbitril? (Answer EXACTLY ONE WORD)
A:"
MORE_Q_pair17,MORE,Q,pair17,gonlikit,lolbitril,lolbitril,gonlikit,28509,64592,novel_word,"Definitions:
- gonlikit: something that is bold and complex
- lolbitril is more/greater than gonlikit in all respects

Q: Which is more complex, gonlikit or lolbitril? (Answer EXACTLY ONE WORD)
A:"
LESS_Q_pair17,LESS,Q,pair17,gonlikit,lolbitril,gonlikit,lolbitril,64592,28509,novel_word,"Definitions:
- gonlikit: something that is bold and complex
- lolbitril is less/smaller than gonlikit in all respects

Q: Which is more complex, gonlikit or lolbitril? (Answer EXACTLY ONE WORD)
A:"
SAME_P_pair18,SAME,P,pair18,fleistrilzu,riprortrai,bold,cautious,14265,46878,attribute_word,"Definitions:
- fleistrilzu: something that is bold and complex
- riprortrai is the same as fleistrilzu

Q: Is riprortrai bold or cautious? (Answer EXACTLY ONE WORD)
A:"
OPP_P_pair18,OPP,P,pair18,fleistrilzu,riprortrai,cautious,bold,46878,14265,attribute_word,"Definitions:
- fleistrilzu: something that is bold and complex
- riprortrai is the opposite of fleistrilzu

Q: Is riprortrai bold or cautious? (Answer EXACTLY ONE WORD)
A:"
SAME_Q_pair18,SAME,Q,pair18,fleistrilzu,riprortrai,complex,simple,6485,4382,attribute_word,"Definitions:
- fleistrilzu: something that is bold and complex
- riprortrai is the same as fleistrilzu

Q: Is riprortrai complex or simple? (Answer EXACTLY ONE WORD)
A:"
OPP_Q_pair18,OPP,Q,pair18,fleistrilzu,riprortrai,simple,complex,4382,6485,attribute_word,"Definitions:
- fleistrilzu: something that is bold and complex
- riprortrai is the opposite of fleistrilzu

Q: Is riprortrai complex or simple? (Answer EXACTLY ONE WORD)
A:"
MORE_P_pair18,MORE,P,pair18,fleistrilzu,riprortrai,riprortrai,fleistrilzu,24169,13259,novel_word,"Definitions:
- fleistrilzu: something that is bold and complex
- riprortrai is more/greater than fleistrilzu in all respects

Q: Which is more bold, fleistrilzu or riprortrai? (Answer EXACTLY ONE WORD)
A:"
LESS_P_pair18,LESS,P,pair18,fleistrilzu,riprortrai,fleistrilzu,riprortrai,13259,24169,novel_word,"Definitions:
- fleistrilzu: something that is bold and complex
- riprortrai is less/smaller than fleistrilzu in all respects

Q: Which is more bold, fleistrilzu or riprortrai? (Answer EXACTLY ONE WORD)
A:"
MORE_Q_pair18,MORE,Q,pair18,fleistrilzu,riprortrai,riprortrai,fleistrilzu,24169,13259,novel_word,"Definitions:
- fleistrilzu: something that is bold and complex
- riprortrai is more/greater than fleistrilzu in all respects

Q: Which is more complex, fleistrilzu or riprortrai? (Answer EXACTLY ONE WORD)
A:"
LESS_Q_pair18,LESS,Q,pair18,fleistrilzu,riprortrai,fleistrilzu,riprortrai,13259,24169,novel_word,"Definitions:
- fleistrilzu: something that is bold and complex
- riprortrai is less/smaller than fleistrilzu in all respects

Q: Which is more complex, fleistrilzu or riprortrai? (Answer EXACTLY ONE WORD)
A:"
SAME_P_pair19,SAME,P,pair19,wonflanbras,keinweldok,bold,cautious,14265,46878,attribute_word,"Definitions:
- wonflanbras: something that is bold and complex
- keinweldok is the same as wonflanbras

Q: Is keinweldok bold or cautious? (Answer EXACTLY ONE WORD)
A:"
OPP_P_pair19,OPP,P,pair19,wonflanbras,keinweldok,cautious,bold,46878,14265,attribute_word,"Definitions:
- wonflanbras: something that is bold and complex
- keinweldok is the opposite of wonflanbras

Q: Is keinweldok bold or cautious? (Answer EXACTLY ONE WORD)
A:"
SAME_Q_pair19,SAME,Q,pair19,wonflanbras,keinweldok,complex,simple,6485,4382,attribute_word,"Definitions:
- wonflanbras: something that is bold and complex
- keinweldok is the same as wonflanbras

Q: Is keinweldok complex or simple? (Answer EXACTLY ONE WORD)
A:"
OPP_Q_pair19,OPP,Q,pair19,wonflanbras,keinweldok,simple,complex,4382,6485,attribute_word,"Definitions:
- wonflanbras: something that is bold and complex
- keinweldok is the opposite of wonflanbras

Q: Is keinweldok complex or simple? (Answer EXACTLY ONE WORD)
A:"
MORE_P_pair19,MORE,P,pair19,wonflanbras,keinweldok,keinweldok,wonflanbras,49903,2834,novel_word,"Definitions:
- wonflanbras: something that is bold and complex
- keinweldok is more/greater than wonflanbras in all respects

Q: Which is more bold, wonflanbras or keinweldok? (Answer EXACTLY ONE WORD)
A:"
LESS_P_pair19,LESS,P,pair19,wonflanbras,keinweldok,wonflanbras,keinweldok,2834,49903,novel_word,"Definitions:
- wonflanbras: something that is bold and complex
- keinweldok is less/smaller than wonflanbras in all respects

Q: Which is more bold, wonflanbras or keinweldok? (Answer EXACTLY ONE WORD)
A:"
MORE_Q_pair19,MORE,Q,pair19,wonflanbras,keinweldok,keinweldok,wonflanbras,49903,2834,novel_word,"Definitions:
- wonflanbras: something that is bold and complex
- keinweldok is more/greater than wonflanbras in all respects

Q: Which is more complex, wonflanbras or keinweldok? (Answer EXACTLY ONE WORD)
A:"
LESS_Q_pair19,LESS,Q,pair19,wonflanbras,keinweldok,wonflanbras,keinweldok,2834,49903,novel_word,"Definitions:
- wonflanbras: something that is bold and complex
- keinweldok is less/smaller than wonflanbras in all respects

Q: Which is more complex, wonflanbras or keinweldok? (Answer EXACTLY ONE WORD)
A:"
SAME_P_pair20,SAME,P,pair20,breinulde,dirwesmur,bold,cautious,14265,46878,attribute_word,"Definitions:
- breinulde: something that is bold and complex
- dirwesmur is the same as breinulde

Q: Is dirwesmur bold or cautious? (Answer EXACTLY ONE WORD)
A:"
OPP_P_pair20,OPP,P,pair20,breinulde,dirwesmur,cautious,bold,46878,14265,attribute_word,"Definitions:
- breinulde: something that is bold and complex
- dirwesmur is the opposite of breinulde

Q: Is dirwesmur bold or cautious? (Answer EXACTLY ONE WORD)
A:"
SAME_Q_pair20,SAME,Q,pair20,breinulde,dirwesmur,complex,simple,6485,4382,attribute_word,"Definitions:
- breinulde: something that is bold and complex
- dirwesmur is the same as breinulde

Q: Is dirwesmur complex or simple? (Answer EXACTLY ONE WORD)
A:"
OPP_Q_pair20,OPP,Q,pair20,breinulde,dirwesmur,simple,complex,4382,6485,attribute_word,"Definitions:
- breinulde: something that is bold and complex
- dirwesmur is the opposite of breinulde

Q: Is dirwesmur complex or simple? (Answer EXACTLY ONE WORD)
A:"
MORE_P_pair20,MORE,P,pair20,breinulde,dirwesmur,dirwesmur,breinulde,5534,5395,novel_word,"Definitions:
- breinulde: something that is bold and complex
- dirwesmur is more/greater than breinulde in all respects

Q: Which is more bold, breinulde or dirwesmur? (Answer EXACTLY ONE WORD)
A:"
LESS_P_pair20,LESS,P,pair20,breinulde,dirwesmur,breinulde,dirwesmur,5395,5534,novel_word,"Definitions:
- breinulde: something that is bold and complex
- dirwesmur is less/smaller than breinulde in all respects

Q: Which is more bold, breinulde or dirwesmur? (Answer EXACTLY ONE WORD)
A:"
MORE_Q_pair20,MORE,Q,pair20,breinulde,dirwesmur,dirwesmur,breinulde,5534,5395,novel_word,"Definitions:
- breinulde: something that is bold and complex
- dirwesmur is more/greater than breinulde in all respects

Q: Which is more complex, breinulde or dirwesmur? (Answer EXACTLY ONE WORD)
A:"
LESS_Q_pair20,LESS,Q,pair20,breinulde,dirwesmur,breinulde,dirwesmur,5395,5534,novel_word,"Definitions:
- breinulde: something that is bold and complex
- dirwesmur is less/smaller than breinulde in all respects

Q: Which is more complex, breinulde or dirwesmur? (Answer EXACTLY ONE WORD)
A:"
SAME_P_pair21,SAME,P,pair21,baikreflik,prinwantous,bold,cautious,14265,46878,attribute_word,"Definitions:
- baikreflik: something that is bold and complex
- prinwantous is the same as baikreflik

Q: Is prinwantous bold or cautious? (Answer EXACTLY ONE WORD)
A:"
OPP_P_pair21,OPP,P,pair21,baikreflik,prinwantous,cautious,bold,46878,14265,attribute_word,"Definitions:
- baikreflik: something that is bold and complex
- prinwantous is the opposite of baikreflik

Q: Is prinwantous bold or cautious? (Answer EXACTLY ONE WORD)
A:"
SAME_Q_pair21,SAME,Q,pair21,baikreflik,prinwantous,complex,simple,6485,4382,attribute_word,"Definitions:
- baikreflik: something that is bold and complex
- prinwantous is the same as baikreflik

Q: Is prinwantous complex or simple? (Answer EXACTLY ONE WORD)
A:"
OPP_Q_pair21,OPP,Q,pair21,baikreflik,prinwantous,simple,complex,4382,6485,attribute_word,"Definitions:
- baikreflik: something that is bold and complex
- prinwantous is the opposite of baikreflik

Q: Is prinwantous complex or simple? (Answer EXACTLY ONE WORD)
A:"
MORE_P_pair21,MORE,P,pair21,baikreflik,prinwantous,prinwantous,baikreflik,64127,80287,novel_word,"Definitions:
- baikreflik: something that is bold and complex
- prinwantous is more/greater than baikreflik in all respects

Q: Which is more bold, baikreflik or prinwantous? (Answer EXACTLY ONE WORD)
A:"
LESS_P_pair21,LESS,P,pair21,baikreflik,prinwantous,baikreflik,prinwantous,80287,64127,novel_word,"Definitions:
- baikreflik: something that is bold and complex
- prinwantous is less/smaller than baikreflik in all respects

Q: Which is more bold, baikreflik or prinwantous? (Answer EXACTLY ONE WORD)
A:"
MORE_Q_pair21,MORE,Q,pair21,baikreflik,prinwantous,prinwantous,baikreflik,64127,80287,novel_word,"Definitions:
- baikreflik: something that is bold and complex
- prinwantous is more/greater than baikreflik in all respects

Q: Which is more complex, baikreflik or prinwantous? (Answer EXACTLY ONE WORD)
A:"
LESS_Q_pair21,LESS,Q,pair21,baikreflik,prinwantous,baikreflik,prinwantous,80287,64127,novel_word,"Definitions:
- baikreflik: something that is bold and complex
- prinwantous is less/smaller than baikreflik in all respects

Q: Which is more complex, baikreflik or prinwantous? (Answer EXACTLY ONE WORD)
A:"
SAME_P_pair22,SAME,P,pair22,nilmelnik,brotonpram,bold,cautious,14265,46878,attribute_word,"Definitions:
- nilmelnik: something that is bold and complex
- brotonpram is the same as nilmelnik

Q: Is brotonpram bold or cautious? (Answer EXACTLY ONE WORD)
A:"
OPP_P_pair22,OPP,P,pair22,nilmelnik,brotonpram,cautious,bold,46878,14265,attribute_word,"Definitions:
- nilmelnik: something that is bold and complex
- brotonpram is the opposite of nilmelnik

Q: Is brotonpram bold or cautious? (Answer EXACTLY ONE WORD)
A:"
SAME_Q_pair22,SAME,Q,pair22,nilmelnik,brotonpram,complex,simple,6485,4382,attribute_word,"Definitions:
- nilmelnik: something that is bold and complex
- brotonpram is the same as nilmelnik

Q: Is brotonpram complex or simple? (Answer EXACTLY ONE WORD)
A:"
OPP_Q_pair22,OPP,Q,pair22,nilmelnik,brotonpram,simple,complex,4382,6485,attribute_word,"Definitions:
- nilmelnik: something that is bold and complex
- brotonpram is the opposite of nilmelnik

Q: Is brotonpram complex or simple? (Answer EXACTLY ONE WORD)
A:"
MORE_P_pair22,MORE,P,pair22,nilmelnik,brotonpram,brotonpram,nilmelnik,2967,2139,novel_word,"Definitions:
- nilmelnik: something that is bold and complex
- brotonpram is more/greater than nilmelnik in all respects

Q: Which is more bold, nilmelnik or brotonpram? (Answer EXACTLY ONE WORD)
A:"
LESS_P_pair22,LESS,P,pair22,nilmelnik,brotonpram,nilmelnik,brotonpram,2139,2967,novel_word,"Definitions:
- nilmelnik: something that is bold and complex
- brotonpram is less/smaller than nilmelnik in all respects

Q: Which is more bold, nilmelnik or brotonpram? (Answer EXACTLY ONE WORD)
A:"
MORE_Q_pair22,MORE,Q,pair22,nilmelnik,brotonpram,brotonpram,nilmelnik,2967,2139,novel_word,"Definitions:
- nilmelnik: something that is bold and complex
- brotonpram is more/greater than nilmelnik in all respects

Q: Which is more complex, nilmelnik or brotonpram? (Answer EXACTLY ONE WORD)
A:"
LESS_Q_pair22,LESS,Q,pair22,nilmelnik,brotonpram,nilmelnik,brotonpram,2139,2967,novel_word,"Definitions:
- nilmelnik: something that is bold and complex
- brotonpram is less/smaller than nilmelnik in all respects

Q: Which is more complex, nilmelnik or brotonpram? (Answer EXACTLY ONE WORD)
A:"
SAME_P_pair23,SAME,P,pair23,rouweisfaik,nosrilmeit,bold,cautious,14265,46878,attribute_word,"Definitions:
- rouweisfaik: something that is bold and complex
- nosrilmeit is the same as rouweisfaik

Q: Is nosrilmeit bold or cautious? (Answer EXACTLY ONE WORD)
A:"
OPP_P_pair23,OPP,P,pair23,rouweisfaik,nosrilmeit,cautious,bold,46878,14265,attribute_word,"Definitions:
- rouweisfaik: something that is bold and complex
- nosrilmeit is the opposite of rouweisfaik

Q: Is nosrilmeit bold or cautious? (Answer EXACTLY ONE WORD)
A:"
SAME_Q_pair23,SAME,Q,pair23,rouweisfaik,nosrilmeit,complex,simple,6485,4382,attribute_word,"Definitions:
- rouweisfaik: something that is bold and complex
- nosrilmeit is the same as rouweisfaik

Q: Is nosrilmeit complex or simple? (Answer EXACTLY ONE WORD)
A:"
OPP_Q_pair23,OPP,Q,pair23,rouweisfaik,nosrilmeit,simple,complex,4382,6485,attribute_word,"Definitions:
- rouweisfaik: something that is bold and complex
- nosrilmeit is the opposite of rouweisfaik

Q: Is nosrilmeit complex or simple? (Answer EXACTLY ONE WORD)
A:"
MORE_P_pair23,MORE,P,pair23,rouweisfaik,nosrilmeit,nosrilmeit,rouweisfaik,12155,29465,novel_word,"Definitions:
- rouweisfaik: something that is bold and complex
- nosrilmeit is more/greater than rouweisfaik in all respects

Q: Which is more bold, rouweisfaik or nosrilmeit? (Answer EXACTLY ONE WORD)
A:"
LESS_P_pair23,LESS,P,pair23,rouweisfaik,nosrilmeit,rouweisfaik,nosrilmeit,29465,12155,novel_word,"Definitions:
- rouweisfaik: something that is bold and complex
- nosrilmeit is less/smaller than rouweisfaik in all respects

Q: Which is more bold, rouweisfaik or nosrilmeit? (Answer EXACTLY ONE WORD)
A:"
MORE_Q_pair23,MORE,Q,pair23,rouweisfaik,nosrilmeit,nosrilmeit,rouweisfaik,12155,29465,novel_word,"Definitions:
- rouweisfaik: something that is bold and complex
- nosrilmeit is more/greater than rouweisfaik in all respects

Q: Which is more complex, rouweisfaik or nosrilmeit? (Answer EXACTLY ONE WORD)
A:"
LESS_Q_pair23,LESS,Q,pair23,rouweisfaik,nosrilmeit,rouweisfaik,nosrilmeit,29465,12155,novel_word,"Definitions:
- rouweisfaik: something that is bold and complex
- nosrilmeit is less/smaller than rouweisfaik in all respects

Q: Which is more complex, rouweisfaik or nosrilmeit? (Answer EXACTLY ONE WORD)
A:"
SAME_P_pair24,SAME,P,pair24,murmeinrim,krairutrout,bold,cautious,14265,46878,attribute_word,"Definitions:
- murmeinrim: something that is bold and complex
- krairutrout is the same as murmeinrim

Q: Is krairutrout bold or cautious? (Answer EXACTLY ONE WORD)
A:"
OPP_P_pair24,OPP,P,pair24,murmeinrim,krairutrout,cautious,bold,46878,14265,attribute_word,"Definitions:
- murmeinrim: something that is bold and complex
- krairutrout is the opposite of murmeinrim

Q: Is krairutrout bold or cautious? (Answer EXACTLY ONE WORD)
A:"
SAME_Q_pair24,SAME,Q,pair24,murmeinrim,krairutrout,complex,simple,6485,4382,attribute_word,"Definitions:
- murmeinrim: something that is bold and complex
- krairutrout is the same as murmeinrim

Q: Is krairutrout complex or simple? (Answer EXACTLY ONE WORD)
A:"
OPP_Q_pair24,OPP,Q,pair24,murmeinrim,krairutrout,simple,complex,4382,6485,attribute_word,"Definitions:
- murmeinrim: something that is bold and complex
- krairutrout is the opposite of murmeinrim

Q: Is krairutrout complex or simple? (Answer EXACTLY ONE WORD)
A:"
MORE_P_pair24,MORE,P,pair24,murmeinrim,krairutrout,krairutrout,murmeinrim,97511,8309,novel_word,"Definitions:
- murmeinrim: something that is bold and complex
- krairutrout is more/greater than murmeinrim in all respects

Q: Which is more bold, murmeinrim or krairutrout? (Answer EXACTLY ONE WORD)
A:"
LESS_P_pair24,LESS,P,pair24,murmeinrim,krairutrout,murmeinrim,krairutrout,8309,97511,novel_word,"Definitions:
- murmeinrim: something that is bold and complex
- krairutrout is less/smaller than murmeinrim in all respects

Q: Which is more bold, murmeinrim or krairutrout? (Answer EXACTLY ONE WORD)
A:"
MORE_Q_pair24,MORE,Q,pair24,murmeinrim,krairutrout,krairutrout,murmeinrim,97511,8309,novel_word,"Definitions:
- murmeinrim: something that is bold and complex
- krairutrout is more/greater than murmeinrim in all respects

Q: Which is more complex, murmeinrim or krairutrout? (Answer EXACTLY ONE WORD)
A:"
LESS_Q_pair24,LESS,Q,pair24,murmeinrim,krairutrout,murmeinrim,krairutrout,8309,97511,novel_word,"Definitions:
- murmeinrim: something that is bold and complex
- krairutrout is less/smaller than murmeinrim in all respects

Q: Which is more complex, murmeinrim or krairutrout? (Answer EXACTLY ONE WORD)
A:"
SAME_P_pair25,SAME,P,pair25,bronmikait,delpleilrim,bold,cautious,14265,46878,attribute_word,"Definitions:
- bronmikait: something that is bold and complex
- delpleilrim is the same as bronmikait

Q: Is delpleilrim bold or cautious? (Answer EXACTLY ONE WORD)
A:"
OPP_P_pair25,OPP,P,pair25,bronmikait,delpleilrim,cautious,bold,46878,14265,attribute_word,"Definitions:
- bronmikait: something that is bold and complex
- delpleilrim is the opposite of bronmikait

Q: Is delpleilrim bold or cautious? (Answer EXACTLY ONE WORD)
A:"
SAME_Q_pair25,SAME,Q,pair25,bronmikait,delpleilrim,complex,simple,6485,4382,attribute_word,"Definitions:
- bronmikait: something that is bold and complex
- delpleilrim is the same as bronmikait

Q: Is delpleilrim complex or simple? (Answer EXACTLY ONE WORD)
A:"
OPP_Q_pair25,OPP,Q,pair25,bronmikait,delpleilrim,simple,complex,4382,6485,attribute_word,"Definitions:
- bronmikait: something that is bold and complex
- delpleilrim is the opposite of bronmikait

Q: Is delpleilrim complex or simple? (Answer EXACTLY ONE WORD)
A:"
MORE_P_pair25,MORE,P,pair25,bronmikait,delpleilrim,delpleilrim,bronmikait,1624,31071,novel_word,"Definitions:
- bronmikait: something that is bold and complex
- delpleilrim is more/greater than bronmikait in all respects

Q: Which is more bold, bronmikait or delpleilrim? (Answer EXACTLY ONE WORD)
A:"
LESS_P_pair25,LESS,P,pair25,bronmikait,delpleilrim,bronmikait,delpleilrim,31071,1624,novel_word,"Definitions:
- bronmikait: something that is bold and complex
- delpleilrim is less/smaller than bronmikait in all respects

Q: Which is more bold, bronmikait or delpleilrim? (Answer EXACTLY ONE WORD)
A:"
MORE_Q_pair25,MORE,Q,pair25,bronmikait,delpleilrim,delpleilrim,bronmikait,1624,31071,novel_word,"Definitions:
- bronmikait: something that is bold and complex
- delpleilrim is more/greater than bronmikait in all respects

Q: Which is more complex, bronmikait or delpleilrim? (Answer EXACTLY ONE WORD)
A:"
LESS_Q_pair25,LESS,Q,pair25,bronmikait,delpleilrim,bronmikait,delpleilrim,31071,1624,novel_word,"Definitions:
- bronmikait: something that is bold and complex
- delpleilrim is less/smaller than bronmikait in all respects

Q: Which is more complex, bronmikait or delpleilrim? (Answer EXACTLY ONE WORD)
A:"
SAME_P_pair26,SAME,P,pair26,sageinmol,dingaltus,bold,cautious,14265,46878,attribute_word,"Definitions:
- sageinmol: something that is bold and complex
- dingaltus is the same as sageinmol

Q: Is dingaltus bold or cautious? (Answer EXACTLY ONE WORD)
A:"
OPP_P_pair26,OPP,P,pair26,sageinmol,dingaltus,cautious,bold,46878,14265,attribute_word,"Definitions:
- sageinmol: something that is bold and complex
- dingaltus is the opposite of sageinmol

Q: Is dingaltus bold or cautious? (Answer EXACTLY ONE WORD)
A:"
SAME_Q_pair26,SAME,Q,pair26,sageinmol,dingaltus,complex,simple,6485,4382,attribute_word,"Definitions:
- sageinmol: something that is bold and complex
- dingaltus is the same as sageinmol

Q: Is dingaltus complex or simple? (Answer EXACTLY ONE WORD)
A:"
OPP_Q_pair26,OPP,Q,pair26,sageinmol,dingaltus,simple,complex,4382,6485,attribute_word,"Definitions:
- sageinmol: something that is bold and complex
- dingaltus is the opposite of sageinmol

Q: Is dingaltus complex or simple? (Answer EXACTLY ONE WORD)
A:"
MORE_P_pair26,MORE,P,pair26,sageinmol,dingaltus,dingaltus,sageinmol,67542,39361,novel_word,"Definitions:
- sageinmol: something that is bold and complex
- dingaltus is more/greater than sageinmol in all respects

Q: Which is more bold, sageinmol or dingaltus? (Answer EXACTLY ONE WORD)
A:"
LESS_P_pair26,LESS,P,pair26,sageinmol,dingaltus,sageinmol,dingaltus,39361,67542,novel_word,"Definitions:
- sageinmol: something that is bold and complex
- dingaltus is less/smaller than sageinmol in all respects

Q: Which is more bold, sageinmol or dingaltus? (Answer EXACTLY ONE WORD)
A:"
MORE_Q_pair26,MORE,Q,pair26,sageinmol,dingaltus,dingaltus,sageinmol,67542,39361,novel_word,"Definitions:
- sageinmol: something that is bold and complex
- dingaltus is more/greater than sageinmol in all respects

Q: Which is more complex, sageinmol or dingaltus? (Answer EXACTLY ONE WORD)
A:"
LESS_Q_pair26,LESS,Q,pair26,sageinmol,dingaltus,sageinmol,dingaltus,39361,67542,novel_word,"Definitions:
- sageinmol: something that is bold and complex
- dingaltus is less/smaller than sageinmol in all respects

Q: Which is more complex, sageinmol or dingaltus? (Answer EXACTLY ONE WORD)
A:"
SAME_P_pair27,SAME,P,pair27,pelbeilkain,roubronlaim,bold,cautious,14265,46878,attribute_word,"Definitions:
- pelbeilkain: something that is bold and complex
- roubronlaim is the same as pelbeilkain

Q: Is roubronlaim bold or cautious? (Answer EXACTLY ONE WORD)
A:"
OPP_P_pair27,OPP,P,pair27,pelbeilkain,roubronlaim,cautious,bold,46878,14265,attribute_word,"Definitions:
- pelbeilkain: something that is bold and complex
- roubronlaim is the opposite of pelbeilkain

Q: Is roubronlaim bold or cautious? (Answer EXACTLY ONE WORD)
A:"
SAME_Q_pair27,SAME,Q,pair27,pelbeilkain,roubronlaim,complex,simple,6485,4382,attribute_word,"Definitions:
- pelbeilkain: something that is bold and complex
- roubronlaim is the same as pelbeilkain

Q: Is roubronlaim complex or simple? (Answer EXACTLY ONE WORD)
A:"
OPP_Q_pair27,OPP,Q,pair27,pelbeilkain,roubronlaim,simple,complex,4382,6485,attribute_word,"Definitions:
- pelbeilkain: something that is bold and complex
- roubronlaim is the opposite of pelbeilkain

Q: Is roubronlaim complex or simple? (Answer EXACTLY ONE WORD)
A:"
MORE_P_pair27,MORE,P,pair27,pelbeilkain,roubronlaim,roubronlaim,pelbeilkain,29465,12077,novel_word,"Definitions:
- pelbeilkain: something that is bold and complex
- roubronlaim is more/greater than pelbeilkain in all respects

Q: Which is more bold, pelbeilkain or roubronlaim? (Answer EXACTLY ONE WORD)
A:"
LESS_P_pair27,LESS,P,pair27,pelbeilkain,roubronlaim,pelbeilkain,roubronlaim,12077,29465,novel_word,"Definitions:
- pelbeilkain: something that is bold and complex
- roubronlaim is less/smaller than pelbeilkain in all respects

Q: Which is more bold, pelbeilkain or roubronlaim? (Answer EXACTLY ONE WORD)
A:"
MORE_Q_pair27,MORE,Q,pair27,pelbeilkain,roubronlaim,roubronlaim,pelbeilkain,29465,12077,novel_word,"Definitions:
- pelbeilkain: something that is bold and complex
- roubronlaim is more/greater than pelbeilkain in all respects

Q: Which is more complex, pelbeilkain or roubronlaim? (Answer EXACTLY ONE WORD)
A:"
LESS_Q_pair27,LESS,Q,pair27,pelbeilkain,roubronlaim,pelbeilkain,roubronlaim,12077,29465,novel_word,"Definitions:
- pelbeilkain: something that is bold and complex
- roubronlaim is less/smaller than pelbeilkain in all respects

Q: Which is more complex, pelbeilkain or roubronlaim? (Answer EXACTLY ONE WORD)
A:"
SAME_P_pair28,SAME,P,pair28,renslentrem,porstaiswil,bold,cautious,14265,46878,attribute_word,"Definitions:
- renslentrem: something that is bold and complex
- porstaiswil is the same as renslentrem

Q: Is porstaiswil bold or cautious? (Answer EXACTLY ONE WORD)
A:"
OPP_P_pair28,OPP,P,pair28,renslentrem,porstaiswil,cautious,bold,46878,14265,attribute_word,"Definitions:
- renslentrem: something that is bold and complex
- porstaiswil is the opposite of renslentrem

Q: Is porstaiswil bold or cautious? (Answer EXACTLY ONE WORD)
A:"
SAME_Q_pair28,SAME,Q,pair28,renslentrem,porstaiswil,complex,simple,6485,4382,attribute_word,"Definitions:
- renslentrem: something that is bold and complex
- porstaiswil is the same as renslentrem

Q: Is porstaiswil complex or simple? (Answer EXACTLY ONE WORD)
A:"
OPP_Q_pair28,OPP,Q,pair28,renslentrem,porstaiswil,simple,complex,4382,6485,attribute_word,"Definitions:
- renslentrem: something that is bold and complex
- porstaiswil is the opposite of renslentrem

Q: Is porstaiswil complex or simple? (Answer EXACTLY ONE WORD)
A:"
MORE_P_pair28,MORE,P,pair28,renslentrem,porstaiswil,porstaiswil,renslentrem,4247,5790,novel_word,"Definitions:
- renslentrem: something that is bold and complex
- porstaiswil is more/greater than renslentrem in all respects

Q: Which is more bold, renslentrem or porstaiswil? (Answer EXACTLY ONE WORD)
A:"
LESS_P_pair28,LESS,P,pair28,renslentrem,porstaiswil,renslentrem,porstaiswil,5790,4247,novel_word,"Definitions:
- renslentrem: something that is bold and complex
- porstaiswil is less/smaller than renslentrem in all respects

Q: Which is more bold, renslentrem or porstaiswil? (Answer EXACTLY ONE WORD)
A:"
MORE_Q_pair28,MORE,Q,pair28,renslentrem,porstaiswil,porstaiswil,renslentrem,4247,5790,novel_word,"Definitions:
- renslentrem: something that is bold and complex
- porstaiswil is more/greater than renslentrem in all respects

Q: Which is more complex, renslentrem or porstaiswil? (Answer EXACTLY ONE WORD)
A:"
LESS_Q_pair28,LESS,Q,pair28,renslentrem,porstaiswil,renslentrem,porstaiswil,5790,4247,novel_word,"Definitions:
- renslentrem: something that is bold and complex
- porstaiswil is less/smaller than renslentrem in all respects

Q: Which is more complex, renslentrem or porstaiswil? (Answer EXACTLY ONE WORD)
A:"
SAME_P_pair29,SAME,P,pair29,speifanbour,molpirbom,bold,cautious,14265,46878,attribute_word,"Definitions:
- speifanbour: something that is bold and complex
- molpirbom is the same as speifanbour

Q: Is molpirbom bold or cautious? (Answer EXACTLY ONE WORD)
A:"
OPP_P_pair29,OPP,P,pair29,speifanbour,molpirbom,cautious,bold,46878,14265,attribute_word,"Definitions:
- speifanbour: something that is bold and complex
- molpirbom is the opposite of speifanbour

Q: Is molpirbom bold or cautious? (Answer EXACTLY ONE WORD)
A:"
SAME_Q_pair29,SAME,Q,pair29,speifanbour,molpirbom,complex,simple,6485,4382,attribute_word,"Definitions:
- speifanbour: something that is bold and complex
- molpirbom is the same as speifanbour

Q: Is molpirbom complex or simple? (Answer EXACTLY ONE WORD)
A:"
OPP_Q_pair29,OPP,Q,pair29,speifanbour,molpirbom,simple,complex,4382,6485,attribute_word,"Definitions:
- speifanbour: something that is bold and complex
- molpirbom is the opposite of speifanbour

Q: Is molpirbom complex or simple? (Answer EXACTLY ONE WORD)
A:"
MORE_P_pair29,MORE,P,pair29,speifanbour,molpirbom,molpirbom,speifanbour,22337,2395,novel_word,"Definitions:
- speifanbour: something that is bold and complex
- molpirbom is more/greater than speifanbour in all respects

Q: Which is more bold, speifanbour or molpirbom? (Answer EXACTLY ONE WORD)
A:"
LESS_P_pair29,LESS,P,pair29,speifanbour,molpirbom,speifanbour,molpirbom,2395,22337,novel_word,"Definitions:
- speifanbour: something that is bold and complex
- molpirbom is less/smaller than speifanbour in all respects

Q: Which is more bold, speifanbour or molpirbom? (Answer EXACTLY ONE WORD)
A:"
MORE_Q_pair29,MORE,Q,pair29,speifanbour,molpirbom,molpirbom,speifanbour,22337,2395,novel_word,"Definitions:
- speifanbour: something that is bold and complex
- molpirbom is more/greater than speifanbour in all respects

Q: Which is more complex, speifanbour or molpirbom? (Answer EXACTLY ONE WORD)
A:"
LESS_Q_pair29,LESS,Q,pair29,speifanbour,molpirbom,speifanbour,molpirbom,2395,22337,novel_word,"Definitions:
- speifanbour: something that is bold and complex
- molpirbom is less/smaller than speifanbour in all respects

Q: Which is more complex, speifanbour or molpirbom? (Answer EXACTLY ONE WORD)
A:"
SAME_P_pair30,SAME,P,pair30,vaislenspar,nounzibrous,bold,cautious,14265,46878,attribute_word,"Definitions:
- vaislenspar: something that is bold and complex
- nounzibrous is the same as vaislenspar

Q: Is nounzibrous bold or cautious? (Answer EXACTLY ONE WORD)
A:"
OPP_P_pair30,OPP,P,pair30,vaislenspar,nounzibrous,cautious,bold,46878,14265,attribute_word,"Definitions:
- vaislenspar: something that is bold and complex
- nounzibrous is the opposite of vaislenspar

Q: Is nounzibrous bold or cautious? (Answer EXACTLY ONE WORD)
A:"
SAME_Q_pair30,SAME,Q,pair30,vaislenspar,nounzibrous,complex,simple,6485,4382,attribute_word,"Definitions:
- vaislenspar: something that is bold and complex
- nounzibrous is the same as vaislenspar

Q: Is nounzibrous complex or simple? (Answer EXACTLY ONE WORD)
A:"
OPP_Q_pair30,OPP,Q,pair30,vaislenspar,nounzibrous,simple,complex,4382,6485,attribute_word,"Definitions:
- vaislenspar: something that is bold and complex
- nounzibrous is the opposite of vaislenspar

Q: Is nounzibrous complex or simple? (Answer EXACTLY ONE WORD)
A:"
MORE_P_pair30,MORE,P,pair30,vaislenspar,nounzibrous,nounzibrous,vaislenspar,38021,91507,novel_word,"Definitions:
- vaislenspar: something that is bold and complex
- nounzibrous is more/greater than vaislenspar in all respects

Q: Which is more bold, vaislenspar or nounzibrous? (Answer EXACTLY ONE WORD)
A:"
LESS_P_pair30,LESS,P,pair30,vaislenspar,nounzibrous,vaislenspar,nounzibrous,91507,38021,novel_word,"Definitions:
- vaislenspar: something that is bold and complex
- nounzibrous is less/smaller than vaislenspar in all respects

Q: Which is more bold, vaislenspar or nounzibrous? (Answer EXACTLY ONE WORD)
A:"
MORE_Q_pair30,MORE,Q,pair30,vaislenspar,nounzibrous,nounzibrous,vaislenspar,38021,91507,novel_word,"Definitions:
- vaislenspar: something that is bold and complex
- nounzibrous is more/greater than vaislenspar in all respects

Q: Which is more complex, vaislenspar or nounzibrous? (Answer EXACTLY ONE WORD)
A:"
LESS_Q_pair30,LESS,Q,pair30,vaislenspar,nounzibrous,vaislenspar,nounzibrous,91507,38021,novel_word,"Definitions:
- vaislenspar: something that is bold and complex
- nounzibrous is less/smaller than vaislenspar in all respects

Q: Which is more complex, vaislenspar or nounzibrous? (Answer EXACTLY ONE WORD)
A:"
SAME_P_pair31,SAME,P,pair31,florwunbin,probreipan,bold,cautious,14265,46878,attribute_word,"Definitions:
- florwunbin: something that is bold and complex
- probreipan is the same as florwunbin

Q: Is probreipan bold or cautious? (Answer EXACTLY ONE WORD)
A:"
OPP_P_pair31,OPP,P,pair31,florwunbin,probreipan,cautious,bold,46878,14265,attribute_word,"Definitions:
- florwunbin: something that is bold and complex
- probreipan is the opposite of florwunbin

Q: Is probreipan bold or cautious? (Answer EXACTLY ONE WORD)
A:"
SAME_Q_pair31,SAME,Q,pair31,florwunbin,probreipan,complex,simple,6485,4382,attribute_word,"Definitions:
- florwunbin: something that is bold and complex
- probreipan is the same as florwunbin

Q: Is probreipan complex or simple? (Answer EXACTLY ONE WORD)
A:"
OPP_Q_pair31,OPP,Q,pair31,florwunbin,probreipan,simple,complex,4382,6485,attribute_word,"Definitions:
- florwunbin: something that is bold and complex
- probreipan is the opposite of florwunbin

Q: Is probreipan complex or simple? (Answer EXACTLY ONE WORD)
A:"
MORE_P_pair31,MORE,P,pair31,florwunbin,probreipan,probreipan,florwunbin,3650,70240,novel_word,"Definitions:
- florwunbin: something that is bold and complex
- probreipan is more/greater than florwunbin in all respects

Q: Which is more bold, florwunbin or probreipan? (Answer EXACTLY ONE WORD)
A:"
LESS_P_pair31,LESS,P,pair31,florwunbin,probreipan,florwunbin,probreipan,70240,3650,novel_word,"Definitions:
- florwunbin: something that is bold and complex
- probreipan is less/smaller than florwunbin in all respects

Q: Which is more bold, florwunbin or probreipan? (Answer EXACTLY ONE WORD)
A:"
MORE_Q_pair31,MORE,Q,pair31,florwunbin,probreipan,probreipan,florwunbin,3650,70240,novel_word,"Definitions:
- florwunbin: something that is bold and complex
- probreipan is more/greater than florwunbin in all respects

Q: Which is more complex, florwunbin or probreipan? (Answer EXACTLY ONE WORD)
A:"
LESS_Q_pair31,LESS,Q,pair31,florwunbin,probreipan,florwunbin,probreipan,70240,3650,novel_word,"Definitions:
- florwunbin: something that is bold and complex
- probreipan is less/smaller than florwunbin in all respects

Q: Which is more complex, florwunbin or probreipan? (Answer EXACTLY ONE WORD)
A:"
SAME_P_pair32,SAME,P,pair32,mouprosspot,tanilkreis,bold,cautious,14265,46878,attribute_word,"Definitions:
- mouprosspot: something that is bold and complex
- tanilkreis is the same as mouprosspot

Q: Is tanilkreis bold or cautious? (Answer EXACTLY ONE WORD)
A:"
OPP_P_pair32,OPP,P,pair32,mouprosspot,tanilkreis,cautious,bold,46878,14265,attribute_word,"Definitions:
- mouprosspot: something that is bold and complex
- tanilkreis is the opposite of mouprosspot

Q: Is tanilkreis bold or cautious? (Answer EXACTLY ONE WORD)
A:"
SAME_Q_pair32,SAME,Q,pair32,mouprosspot,tanilkreis,complex,simple,6485,4382,attribute_word,"Definitions:
- mouprosspot: something that is bold and complex
- tanilkreis is the same as mouprosspot

Q: Is tanilkreis complex or simple? (Answer EXACTLY ONE WORD)
A:"
OPP_Q_pair32,OPP,Q,pair32,mouprosspot,tanilkreis,simple,complex,4382,6485,attribute_word,"Definitions:
- mouprosspot: something that is bold and complex
- tanilkreis is the opposite of mouprosspot

Q: Is tanilkreis complex or simple? (Answer EXACTLY ONE WORD)
A:"
MORE_P_pair32,MORE,P,pair32,mouprosspot,tanilkreis,tanilkreis,mouprosspot,14531,54409,novel_word,"Definitions:
- mouprosspot: something that is bold and complex
- tanilkreis is more/greater than mouprosspot in all respects

Q: Which is more bold, mouprosspot or tanilkreis? (Answer EXACTLY ONE WORD)
A:"
LESS_P_pair32,LESS,P,pair32,mouprosspot,tanilkreis,mouprosspot,tanilkreis,54409,14531,novel_word,"Definitions:
- mouprosspot: something that is bold and complex
- tanilkreis is less/smaller than mouprosspot in all respects

Q: Which is more bold, mouprosspot or tanilkreis? (Answer EXACTLY ONE WORD)
A:"
MORE_Q_pair32,MORE,Q,pair32,mouprosspot,tanilkreis,tanilkreis,mouprosspot,14531,54409,novel_word,"Definitions:
- mouprosspot: something that is bold and complex
- tanilkreis is more/greater than mouprosspot in all respects

Q: Which is more complex, mouprosspot or tanilkreis? (Answer EXACTLY ONE WORD)
A:"
LESS_Q_pair32,LESS,Q,pair32,mouprosspot,tanilkreis,mouprosspot,tanilkreis,54409,14531,novel_word,"Definitions:
- mouprosspot: something that is bold and complex
- tanilkreis is less/smaller than mouprosspot in all respects

Q: Which is more complex, mouprosspot or tanilkreis? (Answer EXACTLY ONE WORD)
A:"
SAME_P_pair33,SAME,P,pair33,boszeistat,nounailslut,bold,cautious,14265,46878,attribute_word,"Definitions:
- boszeistat: something that is bold and complex
- nounailslut is the same as boszeistat

Q: Is nounailslut bold or cautious? (Answer EXACTLY ONE WORD)
A:"
OPP_P_pair33,OPP,P,pair33,boszeistat,nounailslut,cautious,bold,46878,14265,attribute_word,"Definitions:
- boszeistat: something that is bold and complex
- nounailslut is the opposite of boszeistat

Q: Is nounailslut bold or cautious? (Answer EXACTLY ONE WORD)
A:"
SAME_Q_pair33,SAME,Q,pair33,boszeistat,nounailslut,complex,simple,6485,4382,attribute_word,"Definitions:
- boszeistat: something that is bold and complex
- nounailslut is the same as boszeistat

Q: Is nounailslut complex or simple? (Answer EXACTLY ONE WORD)
A:"
OPP_Q_pair33,OPP,Q,pair33,boszeistat,nounailslut,simple,complex,4382,6485,attribute_word,"Definitions:
- boszeistat: something that is bold and complex
- nounailslut is the opposite of boszeistat

Q: Is nounailslut complex or simple? (Answer EXACTLY ONE WORD)
A:"
MORE_P_pair33,MORE,P,pair33,boszeistat,nounailslut,nounailslut,boszeistat,38021,43746,novel_word,"Definitions:
- boszeistat: something that is bold and complex
- nounailslut is more/greater than boszeistat in all respects

Q: Which is more bold, boszeistat or nounailslut? (Answer EXACTLY ONE WORD)
A:"
LESS_P_pair33,LESS,P,pair33,boszeistat,nounailslut,boszeistat,nounailslut,43746,38021,novel_word,"Definitions:
- boszeistat: something that is bold and complex
- nounailslut is less/smaller than boszeistat in all respects

Q: Which is more bold, boszeistat or nounailslut? (Answer EXACTLY ONE WORD)
A:"
MORE_Q_pair33,MORE,Q,pair33,boszeistat,nounailslut,nounailslut,boszeistat,38021,43746,novel_word,"Definitions:
- boszeistat: something that is bold and complex
- nounailslut is more/greater than boszeistat in all respects

Q: Which is more complex, boszeistat or nounailslut? (Answer EXACTLY ONE WORD)
A:"
LESS_Q_pair33,LESS,Q,pair33,boszeistat,nounailslut,boszeistat,nounailslut,43746,38021,novel_word,"Definitions:
- boszeistat: something that is bold and complex
- nounailslut is less/smaller than boszeistat in all respects

Q: Which is more complex, boszeistat or nounailslut? (Answer EXACTLY ONE WORD)
A:"
SAME_P_pair34,SAME,P,pair34,moskrador,zouvalgom,bold,cautious,14265,46878,attribute_word,"Definitions:
- moskrador: something that is bold and complex
- zouvalgom is the same as moskrador

Q: Is zouvalgom bold or cautious? (Answer EXACTLY ONE WORD)
A:"
OPP_P_pair34,OPP,P,pair34,moskrador,zouvalgom,cautious,bold,46878,14265,attribute_word,"Definitions:
- moskrador: something that is bold and complex
- zouvalgom is the opposite of moskrador

Q: Is zouvalgom bold or cautious? (Answer EXACTLY ONE WORD)
A:"
SAME_Q_pair34,SAME,Q,pair34,moskrador,zouvalgom,complex,simple,6485,4382,attribute_word,"Definitions:
- moskrador: something that is bold and complex
- zouvalgom is the same as moskrador

Q: Is zouvalgom complex or simple? (Answer EXACTLY ONE WORD)
A:"
OPP_Q_pair34,OPP,Q,pair34,moskrador,zouvalgom,simple,complex,4382,6485,attribute_word,"Definitions:
- moskrador: something that is bold and complex
- zouvalgom is the opposite of moskrador

Q: Is zouvalgom complex or simple? (Answer EXACTLY ONE WORD)
A:"
MORE_P_pair34,MORE,P,pair34,moskrador,zouvalgom,zouvalgom,moskrador,73221,23518,novel_word,"Definitions:
- moskrador: something that is bold and complex
- zouvalgom is more/greater than moskrador in all respects

Q: Which is more bold, moskrador or zouvalgom? (Answer EXACTLY ONE WORD)
A:"
LESS_P_pair34,LESS,P,pair34,moskrador,zouvalgom,moskrador,zouvalgom,23518,73221,novel_word,"Definitions:
- moskrador: something that is bold and complex
- zouvalgom is less/smaller than moskrador in all respects

Q: Which is more bold, moskrador or zouvalgom? (Answer EXACTLY ONE WORD)
A:"
MORE_Q_pair34,MORE,Q,pair34,moskrador,zouvalgom,zouvalgom,moskrador,73221,23518,novel_word,"Definitions:
- moskrador: something that is bold and complex
- zouvalgom is more/greater than moskrador in all respects

Q: Which is more complex, moskrador or zouvalgom? (Answer EXACTLY ONE WORD)
A:"
LESS_Q_pair34,LESS,Q,pair34,moskrador,zouvalgom,moskrador,zouvalgom,23518,73221,novel_word,"Definitions:
- moskrador: something that is bold and complex
- zouvalgom is less/smaller than moskrador in all respects

Q: Which is more complex, moskrador or zouvalgom? (Answer EXACTLY ONE WORD)
A:"
SAME_P_pair35,SAME,P,pair35,lolronpreis,kraizoulfun,bold,cautious,14265,46878,attribute_word,"Definitions:
- lolronpreis: something that is bold and complex
- kraizoulfun is the same as lolronpreis

Q: Is kraizoulfun bold or cautious? (Answer EXACTLY ONE WORD)
A:"
OPP_P_pair35,OPP,P,pair35,lolronpreis,kraizoulfun,cautious,bold,46878,14265,attribute_word,"Definitions:
- lolronpreis: something that is bold and complex
- kraizoulfun is the opposite of lolronpreis

Q: Is kraizoulfun bold or cautious? (Answer EXACTLY ONE WORD)
A:"
SAME_Q_pair35,SAME,Q,pair35,lolronpreis,kraizoulfun,complex,simple,6485,4382,attribute_word,"Definitions:
- lolronpreis: something that is bold and complex
- kraizoulfun is the same as lolronpreis

Q: Is kraizoulfun complex or simple? (Answer EXACTLY ONE WORD)
A:"
OPP_Q_pair35,OPP,Q,pair35,lolronpreis,kraizoulfun,simple,complex,4382,6485,attribute_word,"Definitions:
- lolronpreis: something that is bold and complex
- kraizoulfun is the opposite of lolronpreis

Q: Is kraizoulfun complex or simple? (Answer EXACTLY ONE WORD)
A:"
MORE_P_pair35,MORE,P,pair35,lolronpreis,kraizoulfun,kraizoulfun,lolronpreis,97511,28509,novel_word,"Definitions:
- lolronpreis: something that is bold and complex
- kraizoulfun is more/greater than lolronpreis in all respects

Q: Which is more bold, lolronpreis or kraizoulfun? (Answer EXACTLY ONE WORD)
A:"
LESS_P_pair35,LESS,P,pair35,lolronpreis,kraizoulfun,lolronpreis,kraizoulfun,28509,97511,novel_word,"Definitions:
- lolronpreis: something that is bold and complex
- kraizoulfun is less/smaller than lolronpreis in all respects

Q: Which is more bold, lolronpreis or kraizoulfun? (Answer EXACTLY ONE WORD)
A:"
MORE_Q_pair35,MORE,Q,pair35,lolronpreis,kraizoulfun,kraizoulfun,lolronpreis,97511,28509,novel_word,"Definitions:
- lolronpreis: something that is bold and complex
- kraizoulfun is more/greater than lolronpreis in all respects

Q: Which is more complex, lolronpreis or kraizoulfun? (Answer EXACTLY ONE WORD)
A:"
LESS_Q_pair35,LESS,Q,pair35,lolronpreis,kraizoulfun,lolronpreis,kraizoulfun,28509,97511,novel_word,"Definitions:
- lolronpreis: something that is bold and complex
- kraizoulfun is less/smaller than lolronpreis in all respects

Q: Which is more complex, lolronpreis or kraizoulfun? (Answer EXACTLY ONE WORD)
A:"
SAME_P_pair36,SAME,P,pair36,munbirstis,funfeiveir,bold,cautious,14265,46878,attribute_word,"Definitions:
- munbirstis: something that is bold and complex
- funfeiveir is the same as munbirstis

Q: Is funfeiveir bold or cautious? (Answer EXACTLY ONE WORD)
A:"
OPP_P_pair36,OPP,P,pair36,munbirstis,funfeiveir,cautious,bold,46878,14265,attribute_word,"Definitions:
- munbirstis: something that is bold and complex
- funfeiveir is the opposite of munbirstis

Q: Is funfeiveir bold or cautious? (Answer EXACTLY ONE WORD)
A:"
SAME_Q_pair36,SAME,Q,pair36,munbirstis,funfeiveir,complex,simple,6485,4382,attribute_word,"Definitions:
- munbirstis: something that is bold and complex
- funfeiveir is the same as munbirstis

Q: Is funfeiveir complex or simple? (Answer EXACTLY ONE WORD)
A:"
OPP_Q_pair36,OPP,Q,pair36,munbirstis,funfeiveir,simple,complex,4382,6485,attribute_word,"Definitions:
- munbirstis: something that is bold and complex
- funfeiveir is the opposite of munbirstis

Q: Is funfeiveir complex or simple? (Answer EXACTLY ONE WORD)
A:"
MORE_P_pair36,MORE,P,pair36,munbirstis,funfeiveir,funfeiveir,munbirstis,2523,51079,novel_word,"Definitions:
- munbirstis: something that is bold and complex
- funfeiveir is more/greater than munbirstis in all respects

Q: Which is more bold, munbirstis or funfeiveir? (Answer EXACTLY ONE WORD)
A:"
LESS_P_pair36,LESS,P,pair36,munbirstis,funfeiveir,munbirstis,funfeiveir,51079,2523,novel_word,"Definitions:
- munbirstis: something that is bold and complex
- funfeiveir is less/smaller than munbirstis in all respects

Q: Which is more bold, munbirstis or funfeiveir? (Answer EXACTLY ONE WORD)
A:"
MORE_Q_pair36,MORE,Q,pair36,munbirstis,funfeiveir,funfeiveir,munbirstis,2523,51079,novel_word,"Definitions:
- munbirstis: something that is bold and complex
- funfeiveir is more/greater than munbirstis in all respects

Q: Which is more complex, munbirstis or funfeiveir? (Answer EXACTLY ONE WORD)
A:"
LESS_Q_pair36,LESS,Q,pair36,munbirstis,funfeiveir,munbirstis,funfeiveir,51079,2523,novel_word,"Definitions:
- munbirstis: something that is bold and complex
- funfeiveir is less/smaller than munbirstis in all respects

Q: Which is more complex, munbirstis or funfeiveir? (Answer EXACTLY ONE WORD)
A:"
SAME_P_pair37,SAME,P,pair37,plaintaiwen,sostasnum,bold,cautious,14265,46878,attribute_word,"Definitions:
- plaintaiwen: something that is bold and complex
- sostasnum is the same as plaintaiwen

Q: Is sostasnum bold or cautious? (Answer EXACTLY ONE WORD)
A:"
OPP_P_pair37,OPP,P,pair37,plaintaiwen,sostasnum,cautious,bold,46878,14265,attribute_word,"Definitions:
- plaintaiwen: something that is bold and complex
- sostasnum is the opposite of plaintaiwen

Q: Is sostasnum bold or cautious? (Answer EXACTLY ONE WORD)
A:"
SAME_Q_pair37,SAME,Q,pair37,plaintaiwen,sostasnum,complex,simple,6485,4382,attribute_word,"Definitions:
- plaintaiwen: something that is bold and complex
- sostasnum is the same as plaintaiwen

Q: Is sostasnum complex or simple? (Answer EXACTLY ONE WORD)
A:"
OPP_Q_pair37,OPP,Q,pair37,plaintaiwen,sostasnum,simple,complex,4382,6485,attribute_word,"Definitions:
- plaintaiwen: something that is bold and complex
- sostasnum is the opposite of plaintaiwen

Q: Is sostasnum complex or simple? (Answer EXACTLY ONE WORD)
A:"
MORE_P_pair37,MORE,P,pair37,plaintaiwen,sostasnum,sostasnum,plaintaiwen,79048,24261,novel_word,"Definitions:
- plaintaiwen: something that is bold and complex
- sostasnum is more/greater than plaintaiwen in all respects

Q: Which is more bold, plaintaiwen or sostasnum? (Answer EXACTLY ONE WORD)
A:"
LESS_P_pair37,LESS,P,pair37,plaintaiwen,sostasnum,plaintaiwen,sostasnum,24261,79048,novel_word,"Definitions:
- plaintaiwen: something that is bold and complex
- sostasnum is less/smaller than plaintaiwen in all respects

Q: Which is more bold, plaintaiwen or sostasnum? (Answer EXACTLY ONE WORD)
A:"
MORE_Q_pair37,MORE,Q,pair37,plaintaiwen,sostasnum,sostasnum,plaintaiwen,79048,24261,novel_word,"Definitions:
- plaintaiwen: something that is bold and complex
- sostasnum is more/greater than plaintaiwen in all respects

Q: Which is more complex, plaintaiwen or sostasnum? (Answer EXACTLY ONE WORD)
A:"
LESS_Q_pair37,LESS,Q,pair37,plaintaiwen,sostasnum,plaintaiwen,sostasnum,24261,79048,novel_word,"Definitions:
- plaintaiwen: something that is bold and complex
- sostasnum is less/smaller than plaintaiwen in all respects

Q: Which is more complex, plaintaiwen or sostasnum? (Answer EXACTLY ONE WORD)
A:"
SAME_P_pair38,SAME,P,pair38,brairfogus,gesstounzor,bold,cautious,14265,46878,attribute_word,"Definitions:
- brairfogus: something that is bold and complex
- gesstounzor is the same as brairfogus

Q: Is gesstounzor bold or cautious? (Answer EXACTLY ONE WORD)
A:"
OPP_P_pair38,OPP,P,pair38,brairfogus,gesstounzor,cautious,bold,46878,14265,attribute_word,"Definitions:
- brairfogus: something that is bold and complex
- gesstounzor is the opposite of brairfogus

Q: Is gesstounzor bold or cautious? (Answer EXACTLY ONE WORD)
A:"
SAME_Q_pair38,SAME,Q,pair38,brairfogus,gesstounzor,complex,simple,6485,4382,attribute_word,"Definitions:
- brairfogus: something that is bold and complex
- gesstounzor is the same as brairfogus

Q: Is gesstounzor complex or simple? (Answer EXACTLY ONE WORD)
A:"
OPP_Q_pair38,OPP,Q,pair38,brairfogus,gesstounzor,simple,complex,4382,6485,attribute_word,"Definitions:
- brairfogus: something that is bold and complex
- gesstounzor is the opposite of brairfogus

Q: Is gesstounzor complex or simple? (Answer EXACTLY ONE WORD)
A:"
MORE_P_pair38,MORE,P,pair38,brairfogus,gesstounzor,gesstounzor,brairfogus,14748,20716,novel_word,"Definitions:
- brairfogus: something that is bold and complex
- gesstounzor is more/greater than brairfogus in all respects

Q: Which is more bold, brairfogus or gesstounzor? (Answer EXACTLY ONE WORD)
A:"
LESS_P_pair38,LESS,P,pair38,brairfogus,gesstounzor,brairfogus,gesstounzor,20716,14748,novel_word,"Definitions:
- brairfogus: something that is bold and complex
- gesstounzor is less/smaller than brairfogus in all respects

Q: Which is more bold, brairfogus or gesstounzor? (Answer EXACTLY ONE WORD)
A:"
MORE_Q_pair38,MORE,Q,pair38,brairfogus,gesstounzor,gesstounzor,brairfogus,14748,20716,novel_word,"Definitions:
- brairfogus: something that is bold and complex
- gesstounzor is more/greater than brairfogus in all respects

Q: Which is more complex, brairfogus or gesstounzor? (Answer EXACTLY ONE WORD)
A:"
LESS_Q_pair38,LESS,Q,pair38,brairfogus,gesstounzor,brairfogus,gesstounzor,20716,14748,novel_word,"Definitions:
- brairfogus: something that is bold and complex
- gesstounzor is less/smaller than brairfogus in all respects

Q: Which is more complex, brairfogus or gesstounzor? (Answer EXACTLY ONE WORD)
A:"
SAME_P_pair39,SAME,P,pair39,nunstonflal,filspasza,bold,cautious,14265,46878,attribute_word,"Definitions:
- nunstonflal: something that is bold and complex
- filspasza is the same as nunstonflal

Q: Is filspasza bold or cautious? (Answer EXACTLY ONE WORD)
A:"
OPP_P_pair39,OPP,P,pair39,nunstonflal,filspasza,cautious,bold,46878,14265,attribute_word,"Definitions:
- nunstonflal: something that is bold and complex
- filspasza is the opposite of nunstonflal

Q: Is filspasza bold or cautious? (Answer EXACTLY ONE WORD)
A:"
SAME_Q_pair39,SAME,Q,pair39,nunstonflal,filspasza,complex,simple,6485,4382,attribute_word,"Definitions:
- nunstonflal: something that is bold and complex
- filspasza is the same as nunstonflal

Q: Is filspasza complex or simple? (Answer EXACTLY ONE WORD)
A:"
OPP_Q_pair39,OPP,Q,pair39,nunstonflal,filspasza,simple,complex,4382,6485,attribute_word,"Definitions:
- nunstonflal: something that is bold and complex
- filspasza is the opposite of nunstonflal

Q: Is filspasza complex or simple? (Answer EXACTLY ONE WORD)
A:"
MORE_P_pair39,MORE,P,pair39,nunstonflal,filspasza,filspasza,nunstonflal,1488,29195,novel_word,"Definitions:
- nunstonflal: something that is bold and complex
- filspasza is more/greater than nunstonflal in all respects

Q: Which is more bold, nunstonflal or filspasza? (Answer EXACTLY ONE WORD)
A:"
LESS_P_pair39,LESS,P,pair39,nunstonflal,filspasza,nunstonflal,filspasza,29195,1488,novel_word,"Definitions:
- nunstonflal: something that is bold and complex
- filspasza is less/smaller than nunstonflal in all respects

Q: Which is more bold, nunstonflal or filspasza? (Answer EXACTLY ONE WORD)
A:"
MORE_Q_pair39,MORE,Q,pair39,nunstonflal,filspasza,filspasza,nunstonflal,1488,29195,novel_word,"Definitions:
- nunstonflal: something that is bold and complex
- filspasza is more/greater than nunstonflal in all respects

Q: Which is more complex, nunstonflal or filspasza? (Answer EXACTLY ONE WORD)
A:"
LESS_Q_pair39,LESS,Q,pair39,nunstonflal,filspasza,nunstonflal,filspasza,29195,1488,novel_word,"Definitions:
- nunstonflal: something that is bold and complex
- filspasza is less/smaller than nunstonflal in all respects

Q: Which is more complex, nunstonflal or filspasza? (Answer EXACTLY ONE WORD)
A:"
SAME_P_pair40,SAME,P,pair40,spermirrom,traslusset,bold,cautious,14265,46878,attribute_word,"Definitions:
- spermirrom: something that is bold and complex
- traslusset is the same as spermirrom

Q: Is traslusset bold or cautious? (Answer EXACTLY ONE WORD)
A:"
OPP_P_pair40,OPP,P,pair40,spermirrom,traslusset,cautious,bold,46878,14265,attribute_word,"Definitions:
- spermirrom: something that is bold and complex
- traslusset is the opposite of spermirrom

Q: Is traslusset bold or cautious? (Answer EXACTLY ONE WORD)
A:"
SAME_Q_pair40,SAME,Q,pair40,spermirrom,traslusset,complex,simple,6485,4382,attribute_word,"Definitions:
- spermirrom: something that is bold and complex
- traslusset is the same as spermirrom

Q: Is traslusset complex or simple? (Answer EXACTLY ONE WORD)
A:"
OPP_Q_pair40,OPP,Q,pair40,spermirrom,traslusset,simple,complex,4382,6485,attribute_word,"Definitions:
- spermirrom: something that is bold and complex
- traslusset is the opposite of spermirrom

Q: Is traslusset complex or simple? (Answer EXACTLY ONE WORD)
A:"
MORE_P_pair40,MORE,P,pair40,spermirrom,traslusset,traslusset,spermirrom,34264,40699,novel_word,"Definitions:
- spermirrom: something that is bold and complex
- traslusset is more/greater than spermirrom in all respects

Q: Which is more bold, spermirrom or traslusset? (Answer EXACTLY ONE WORD)
A:"
LESS_P_pair40,LESS,P,pair40,spermirrom,traslusset,spermirrom,traslusset,40699,34264,novel_word,"Definitions:
- spermirrom: something that is bold and complex
- traslusset is less/smaller than spermirrom in all respects

Q: Which is more bold, spermirrom or traslusset? (Answer EXACTLY ONE WORD)
A:"
MORE_Q_pair40,MORE,Q,pair40,spermirrom,traslusset,traslusset,spermirrom,34264,40699,novel_word,"Definitions:
- spermirrom: something that is bold and complex
- traslusset is more/greater than spermirrom in all respects

Q: Which is more complex, spermirrom or traslusset? (Answer EXACTLY ONE WORD)
A:"
LESS_Q_pair40,LESS,Q,pair40,spermirrom,traslusset,spermirrom,traslusset,40699,34264,novel_word,"Definitions:
- spermirrom: something that is bold and complex
- traslusset is less/smaller than spermirrom in all respects

Q: Which is more complex, spermirrom or traslusset? (Answer EXACTLY ONE WORD)
A:"
SAME_P_pair41,SAME,P,pair41,boslesstek,resgruzam,bold,cautious,14265,46878,attribute_word,"Definitions:
- boslesstek: something that is bold and complex
- resgruzam is the same as boslesstek

Q: Is resgruzam bold or cautious? (Answer EXACTLY ONE WORD)
A:"
OPP_P_pair41,OPP,P,pair41,boslesstek,resgruzam,cautious,bold,46878,14265,attribute_word,"Definitions:
- boslesstek: something that is bold and complex
- resgruzam is the opposite of boslesstek

Q: Is resgruzam bold or cautious? (Answer EXACTLY ONE WORD)
A:"
SAME_Q_pair41,SAME,Q,pair41,boslesstek,resgruzam,complex,simple,6485,4382,attribute_word,"Definitions:
- boslesstek: something that is bold and complex
- resgruzam is the same as boslesstek

Q: Is resgruzam complex or simple? (Answer EXACTLY ONE WORD)
A:"
OPP_Q_pair41,OPP,Q,pair41,boslesstek,resgruzam,simple,complex,4382,6485,attribute_word,"Definitions:
- boslesstek: something that is bold and complex
- resgruzam is the opposite of boslesstek

Q: Is resgruzam complex or simple? (Answer EXACTLY ONE WORD)
A:"
MORE_P_pair41,MORE,P,pair41,boslesstek,resgruzam,resgruzam,boslesstek,594,43746,novel_word,"Definitions:
- boslesstek: something that is bold and complex
- resgruzam is more/greater than boslesstek in all respects

Q: Which is more bold, boslesstek or resgruzam? (Answer EXACTLY ONE WORD)
A:"
LESS_P_pair41,LESS,P,pair41,boslesstek,resgruzam,boslesstek,resgruzam,43746,594,novel_word,"Definitions:
- boslesstek: something that is bold and complex
- resgruzam is less/smaller than boslesstek in all respects

Q: Which is more bold, boslesstek or resgruzam? (Answer EXACTLY ONE WORD)
A:"
MORE_Q_pair41,MORE,Q,pair41,boslesstek,resgruzam,resgruzam,boslesstek,594,43746,novel_word,"Definitions:
- boslesstek: something that is bold and complex
- resgruzam is more/greater than boslesstek in all respects

Q: Which is more complex, boslesstek or resgruzam? (Answer EXACTLY ONE WORD)
A:"
LESS_Q_pair41,LESS,Q,pair41,boslesstek,resgruzam,boslesstek,resgruzam,43746,594,novel_word,"Definitions:
- boslesstek: something that is bold and complex
- resgruzam is less/smaller than boslesstek in all respects

Q: Which is more complex, boslesstek or resgruzam? (Answer EXACTLY ONE WORD)
A:"
SAME_P_pair42,SAME,P,pair42,nilspulsoul,soukasmil,bold,cautious,14265,46878,attribute_word,"Definitions:
- nilspulsoul: something that is bold and complex
- soukasmil is the same as nilspulsoul

Q: Is soukasmil bold or cautious? (Answer EXACTLY ONE WORD)
A:"
OPP_P_pair42,OPP,P,pair42,nilspulsoul,soukasmil,cautious,bold,46878,14265,attribute_word,"Definitions:
- nilspulsoul: something that is bold and complex
- soukasmil is the opposite of nilspulsoul

Q: Is soukasmil bold or cautious? (Answer EXACTLY ONE WORD)
A:"
SAME_Q_pair42,SAME,Q,pair42,nilspulsoul,soukasmil,complex,simple,6485,4382,attribute_word,"Definitions:
- nilspulsoul: something that is bold and complex
- soukasmil is the same as nilspulsoul

Q: Is soukasmil complex or simple? (Answer EXACTLY ONE WORD)
A:"
OPP_Q_pair42,OPP,Q,pair42,nilspulsoul,soukasmil,simple,complex,4382,6485,attribute_word,"Definitions:
- nilspulsoul: something that is bold and complex
- soukasmil is the opposite of nilspulsoul

Q: Is soukasmil complex or simple? (Answer EXACTLY ONE WORD)
A:"
MORE_P_pair42,MORE,P,pair42,nilspulsoul,soukasmil,soukasmil,nilspulsoul,5945,2139,novel_word,"Definitions:
- nilspulsoul: something that is bold and complex
- soukasmil is more/greater than nilspulsoul in all respects

Q: Which is more bold, nilspulsoul or soukasmil? (Answer EXACTLY ONE WORD)
A:"
LESS_P_pair42,LESS,P,pair42,nilspulsoul,soukasmil,nilspulsoul,soukasmil,2139,5945,novel_word,"Definitions:
- nilspulsoul: something that is bold and complex
- soukasmil is less/smaller than nilspulsoul in all respects

Q: Which is more bold, nilspulsoul or soukasmil? (Answer EXACTLY ONE WORD)
A:"
MORE_Q_pair42,MORE,Q,pair42,nilspulsoul,soukasmil,soukasmil,nilspulsoul,5945,2139,novel_word,"Definitions:
- nilspulsoul: something that is bold and complex
- soukasmil is more/greater than nilspulsoul in all respects

Q: Which is more complex, nilspulsoul or soukasmil? (Answer EXACTLY ONE WORD)
A:"
LESS_Q_pair42,LESS,Q,pair42,nilspulsoul,soukasmil,nilspulsoul,soukasmil,2139,5945,novel_word,"Definitions:
- nilspulsoul: something that is bold and complex
- soukasmil is less/smaller than nilspulsoul in all respects

Q: Which is more complex, nilspulsoul or soukasmil? (Answer EXACTLY ONE WORD)
A:"
SAME_P_pair43,SAME,P,pair43,doulenleis,graigrennut,bold,cautious,14265,46878,attribute_word,"Definitions:
- doulenleis: something that is bold and complex
- graigrennut is the same as doulenleis

Q: Is graigrennut bold or cautious? (Answer EXACTLY ONE WORD)
A:"
OPP_P_pair43,OPP,P,pair43,doulenleis,graigrennut,cautious,bold,46878,14265,attribute_word,"Definitions:
- doulenleis: something that is bold and complex
- graigrennut is the opposite of doulenleis

Q: Is graigrennut bold or cautious? (Answer EXACTLY ONE WORD)
A:"
SAME_Q_pair43,SAME,Q,pair43,doulenleis,graigrennut,complex,simple,6485,4382,attribute_word,"Definitions:
- doulenleis: something that is bold and complex
- graigrennut is the same as doulenleis

Q: Is graigrennut complex or simple? (Answer EXACTLY ONE WORD)
A:"
OPP_Q_pair43,OPP,Q,pair43,doulenleis,graigrennut,simple,complex,4382,6485,attribute_word,"Definitions:
- doulenleis: something that is bold and complex
- graigrennut is the opposite of doulenleis

Q: Is graigrennut complex or simple? (Answer EXACTLY ONE WORD)
A:"
MORE_P_pair43,MORE,P,pair43,doulenleis,graigrennut,graigrennut,doulenleis,28699,25595,novel_word,"Definitions:
- doulenleis: something that is bold and complex
- graigrennut is more/greater than doulenleis in all respects

Q: Which is more bold, doulenleis or graigrennut? (Answer EXACTLY ONE WORD)
A:"
LESS_P_pair43,LESS,P,pair43,doulenleis,graigrennut,doulenleis,graigrennut,25595,28699,novel_word,"Definitions:
- doulenleis: something that is bold and complex
- graigrennut is less/smaller than doulenleis in all respects

Q: Which is more bold, doulenleis or graigrennut? (Answer EXACTLY ONE WORD)
A:"
MORE_Q_pair43,MORE,Q,pair43,doulenleis,graigrennut,graigrennut,doulenleis,28699,25595,novel_word,"Definitions:
- doulenleis: something that is bold and complex
- graigrennut is more/greater than doulenleis in all respects

Q: Which is more complex, doulenleis or graigrennut? (Answer EXACTLY ONE WORD)
A:"
LESS_Q_pair43,LESS,Q,pair43,doulenleis,graigrennut,doulenleis,graigrennut,25595,28699,novel_word,"Definitions:
- doulenleis: something that is bold and complex
- graigrennut is less/smaller than doulenleis in all respects

Q: Which is more complex, doulenleis or graigrennut? (Answer EXACTLY ONE WORD)
A:"
SAME_P_pair44,SAME,P,pair44,silmespout,murunfoul,bold,cautious,14265,46878,attribute_word,"Definitions:
- silmespout: something that is bold and complex
- murunfoul is the same as silmespout

Q: Is murunfoul bold or cautious? (Answer EXACTLY ONE WORD)
A:"
OPP_P_pair44,OPP,P,pair44,silmespout,murunfoul,cautious,bold,46878,14265,attribute_word,"Definitions:
- silmespout: something that is bold and complex
- murunfoul is the opposite of silmespout

Q: Is murunfoul bold or cautious? (Answer EXACTLY ONE WORD)
A:"
SAME_Q_pair44,SAME,Q,pair44,silmespout,murunfoul,complex,simple,6485,4382,attribute_word,"Definitions:
- silmespout: something that is bold and complex
- murunfoul is the same as silmespout

Q: Is murunfoul complex or simple? (Answer EXACTLY ONE WORD)
A:"
OPP_Q_pair44,OPP,Q,pair44,silmespout,murunfoul,simple,complex,4382,6485,attribute_word,"Definitions:
- silmespout: something that is bold and complex
- murunfoul is the opposite of silmespout

Q: Is murunfoul complex or simple? (Answer EXACTLY ONE WORD)
A:"
MORE_P_pair44,MORE,P,pair44,silmespout,murunfoul,murunfoul,silmespout,8309,5554,novel_word,"Definitions:
- silmespout: something that is bold and complex
- murunfoul is more/greater than silmespout in all respects

Q: Which is more bold, silmespout or murunfoul? (Answer EXACTLY ONE WORD)
A:"
LESS_P_pair44,LESS,P,pair44,silmespout,murunfoul,silmespout,murunfoul,5554,8309,novel_word,"Definitions:
- silmespout: something that is bold and complex
- murunfoul is less/smaller than silmespout in all respects

Q: Which is more bold, silmespout or murunfoul? (Answer EXACTLY ONE WORD)
A:"
MORE_Q_pair44,MORE,Q,pair44,silmespout,murunfoul,murunfoul,silmespout,8309,5554,novel_word,"Definitions:
- silmespout: something that is bold and complex
- murunfoul is more/greater than silmespout in all respects

Q: Which is more complex, silmespout or murunfoul? (Answer EXACTLY ONE WORD)
A:"
LESS_Q_pair44,LESS,Q,pair44,silmespout,murunfoul,silmespout,murunfoul,5554,8309,novel_word,"Definitions:
- silmespout: something that is bold and complex
- murunfoul is less/smaller than silmespout in all respects

Q: Which is more complex, silmespout or murunfoul? (Answer EXACTLY ONE WORD)
A:"
SAME_P_pair45,SAME,P,pair45,fastorprait,dirsurkrel,bold,cautious,14265,46878,attribute_word,"Definitions:
- fastorprait: something that is bold and complex
- dirsurkrel is the same as fastorprait

Q: Is dirsurkrel bold or cautious? (Answer EXACTLY ONE WORD)
A:"
OPP_P_pair45,OPP,P,pair45,fastorprait,dirsurkrel,cautious,bold,46878,14265,attribute_word,"Definitions:
- fastorprait: something that is bold and complex
- dirsurkrel is the opposite of fastorprait

Q: Is dirsurkrel bold or cautious? (Answer EXACTLY ONE WORD)
A:"
SAME_Q_pair45,SAME,Q,pair45,fastorprait,dirsurkrel,complex,simple,6485,4382,attribute_word,"Definitions:
- fastorprait: something that is bold and complex
- dirsurkrel is the same as fastorprait

Q: Is dirsurkrel complex or simple? (Answer EXACTLY ONE WORD)
A:"
OPP_Q_pair45,OPP,Q,pair45,fastorprait,dirsurkrel,simple,complex,4382,6485,attribute_word,"Definitions:
- fastorprait: something that is bold and complex
- dirsurkrel is the opposite of fastorprait

Q: Is dirsurkrel complex or simple? (Answer EXACTLY ONE WORD)
A:"
MORE_P_pair45,MORE,P,pair45,fastorprait,dirsurkrel,dirsurkrel,fastorprait,5534,5043,novel_word,"Definitions:
- fastorprait: something that is bold and complex
- dirsurkrel is more/greater than fastorprait in all respects

Q: Which is more bold, fastorprait or dirsurkrel? (Answer EXACTLY ONE WORD)
A:"
LESS_P_pair45,LESS,P,pair45,fastorprait,dirsurkrel,fastorprait,dirsurkrel,5043,5534,novel_word,"Definitions:
- fastorprait: something that is bold and complex
- dirsurkrel is less/smaller than fastorprait in all respects

Q: Which is more bold, fastorprait or dirsurkrel? (Answer EXACTLY ONE WORD)
A:"
MORE_Q_pair45,MORE,Q,pair45,fastorprait,dirsurkrel,dirsurkrel,fastorprait,5534,5043,novel_word,"Definitions:
- fastorprait: something that is bold and complex
- dirsurkrel is more/greater than fastorprait in all respects

Q: Which is more complex, fastorprait or dirsurkrel? (Answer EXACTLY ONE WORD)
A:"
LESS_Q_pair45,LESS,Q,pair45,fastorprait,dirsurkrel,fastorprait,dirsurkrel,5043,5534,novel_word,"Definitions:
- fastorprait: something that is bold and complex
- dirsurkrel is less/smaller than fastorprait in all respects

Q: Which is more complex, fastorprait or dirsurkrel? (Answer EXACTLY ONE WORD)
A:"
SAME_P_pair46,SAME,P,pair46,speistinkol,greprunpar,bold,cautious,14265,46878,attribute_word,"Definitions:
- speistinkol: something that is bold and complex
- greprunpar is the same as speistinkol

Q: Is greprunpar bold or cautious? (Answer EXACTLY ONE WORD)
A:"
OPP_P_pair46,OPP,P,pair46,speistinkol,greprunpar,cautious,bold,46878,14265,attribute_word,"Definitions:
- speistinkol: something that is bold and complex
- greprunpar is the opposite of speistinkol

Q: Is greprunpar bold or cautious? (Answer EXACTLY ONE WORD)
A:"
SAME_Q_pair46,SAME,Q,pair46,speistinkol,greprunpar,complex,simple,6485,4382,attribute_word,"Definitions:
- speistinkol: something that is bold and complex
- greprunpar is the same as speistinkol

Q: Is greprunpar complex or simple? (Answer EXACTLY ONE WORD)
A:"
OPP_Q_pair46,OPP,Q,pair46,speistinkol,greprunpar,simple,complex,4382,6485,attribute_word,"Definitions:
- speistinkol: something that is bold and complex
- greprunpar is the opposite of speistinkol

Q: Is greprunpar complex or simple? (Answer EXACTLY ONE WORD)
A:"
MORE_P_pair46,MORE,P,pair46,speistinkol,greprunpar,greprunpar,speistinkol,2886,2395,novel_word,"Definitions:
- speistinkol: something that is bold and complex
- greprunpar is more/greater than speistinkol in all respects

Q: Which is more bold, speistinkol or greprunpar? (Answer EXACTLY ONE WORD)
A:"
LESS_P_pair46,LESS,P,pair46,speistinkol,greprunpar,speistinkol,greprunpar,2395,2886,novel_word,"Definitions:
- speistinkol: something that is bold and complex
- greprunpar is less/smaller than speistinkol in all respects

Q: Which is more bold, speistinkol or greprunpar? (Answer EXACTLY ONE WORD)
A:"
MORE_Q_pair46,MORE,Q,pair46,speistinkol,greprunpar,greprunpar,speistinkol,2886,2395,novel_word,"Definitions:
- speistinkol: something that is bold and complex
- greprunpar is more/greater than speistinkol in all respects

Q: Which is more complex, speistinkol or greprunpar? (Answer EXACTLY ONE WORD)
A:"
LESS_Q_pair46,LESS,Q,pair46,speistinkol,greprunpar,speistinkol,greprunpar,2395,2886,novel_word,"Definitions:
- speistinkol: something that is bold and complex
- greprunpar is less/smaller than speistinkol in all respects

Q: Which is more complex, speistinkol or greprunpar? (Answer EXACTLY ONE WORD)
A:"
SAME_P_pair47,SAME,P,pair47,virflalmor,dolbounslek,bold,cautious,14265,46878,attribute_word,"Definitions:
- virflalmor: something that is bold and complex
- dolbounslek is the same as virflalmor

Q: Is dolbounslek bold or cautious? (Answer EXACTLY ONE WORD)
A:"
OPP_P_pair47,OPP,P,pair47,virflalmor,dolbounslek,cautious,bold,46878,14265,attribute_word,"Definitions:
- virflalmor: something that is bold and complex
- dolbounslek is the opposite of virflalmor

Q: Is dolbounslek bold or cautious? (Answer EXACTLY ONE WORD)
A:"
SAME_Q_pair47,SAME,Q,pair47,virflalmor,dolbounslek,complex,simple,6485,4382,attribute_word,"Definitions:
- virflalmor: something that is bold and complex
- dolbounslek is the same as virflalmor

Q: Is dolbounslek complex or simple? (Answer EXACTLY ONE WORD)
A:"
OPP_Q_pair47,OPP,Q,pair47,virflalmor,dolbounslek,simple,complex,4382,6485,attribute_word,"Definitions:
- virflalmor: something that is bold and complex
- dolbounslek is the opposite of virflalmor

Q: Is dolbounslek complex or simple? (Answer EXACTLY ONE WORD)
A:"
MORE_P_pair47,MORE,P,pair47,virflalmor,dolbounslek,dolbounslek,virflalmor,21968,9043,novel_word,"Definitions:
- virflalmor: something that is bold and complex
- dolbounslek is more/greater than virflalmor in all respects

Q: Which is more bold, virflalmor or dolbounslek? (Answer EXACTLY ONE WORD)
A:"
LESS_P_pair47,LESS,P,pair47,virflalmor,dolbounslek,virflalmor,dolbounslek,9043,21968,novel_word,"Definitions:
- virflalmor: something that is bold and complex
- dolbounslek is less/smaller than virflalmor in all respects

Q: Which is more bold, virflalmor or dolbounslek? (Answer EXACTLY ONE WORD)
A:"
MORE_Q_pair47,MORE,Q,pair47,virflalmor,dolbounslek,dolbounslek,virflalmor,21968,9043,novel_word,"Definitions:
- virflalmor: something that is bold and complex
- dolbounslek is more/greater than virflalmor in all respects

Q: Which is more complex, virflalmor or dolbounslek? (Answer EXACTLY ONE WORD)
A:"
LESS_Q_pair47,LESS,Q,pair47,virflalmor,dolbounslek,virflalmor,dolbounslek,9043,21968,novel_word,"Definitions:
- virflalmor: something that is bold and complex
- dolbounslek is less/smaller than virflalmor in all respects

Q: Which is more complex, virflalmor or dolbounslek? (Answer EXACTLY ONE WORD)
A:"
SAME_P_pair48,SAME,P,pair48,sleirgistim,masturspaim,bold,cautious,14265,46878,attribute_word,"Definitions:
- sleirgistim: something that is bold and complex
- masturspaim is the same as sleirgistim

Q: Is masturspaim bold or cautious? (Answer EXACTLY ONE WORD)
A:"
OPP_P_pair48,OPP,P,pair48,sleirgistim,masturspaim,cautious,bold,46878,14265,attribute_word,"Definitions:
- sleirgistim: something that is bold and complex
- masturspaim is the opposite of sleirgistim

Q: Is masturspaim bold or cautious? (Answer EXACTLY ONE WORD)
A:"
SAME_Q_pair48,SAME,Q,pair48,sleirgistim,masturspaim,complex,simple,6485,4382,attribute_word,"Definitions:
- sleirgistim: something that is bold and complex
- masturspaim is the same as sleirgistim

Q: Is masturspaim complex or simple? (Answer EXACTLY ONE WORD)
A:"
OPP_Q_pair48,OPP,Q,pair48,sleirgistim,masturspaim,simple,complex,4382,6485,attribute_word,"Definitions:
- sleirgistim: something that is bold and complex
- masturspaim is the opposite of sleirgistim

Q: Is masturspaim complex or simple? (Answer EXACTLY ONE WORD)
A:"
MORE_P_pair48,MORE,P,pair48,sleirgistim,masturspaim,masturspaim,sleirgistim,19218,20328,novel_word,"Definitions:
- sleirgistim: something that is bold and complex
- masturspaim is more/greater than sleirgistim in all respects

Q: Which is more bold, sleirgistim or masturspaim? (Answer EXACTLY ONE WORD)
A:"
LESS_P_pair48,LESS,P,pair48,sleirgistim,masturspaim,sleirgistim,masturspaim,20328,19218,novel_word,"Definitions:
- sleirgistim: something that is bold and complex
- masturspaim is less/smaller than sleirgistim in all respects

Q: Which is more bold, sleirgistim or masturspaim? (Answer EXACTLY ONE WORD)
A:"
MORE_Q_pair48,MORE,Q,pair48,sleirgistim,masturspaim,masturspaim,sleirgistim,19218,20328,novel_word,"Definitions:
- sleirgistim: something that is bold and complex
- masturspaim is more/greater than sleirgistim in all respects

Q: Which is more complex, sleirgistim or masturspaim? (Answer EXACTLY ONE WORD)
A:"
LESS_Q_pair48,LESS,Q,pair48,sleirgistim,masturspaim,sleirgistim,masturspaim,20328,19218,novel_word,"Definitions:
- sleirgistim: something that is bold and complex
- masturspaim is less/smaller than sleirgistim in all respects

Q: Which is more complex, sleirgistim or masturspaim? (Answer EXACTLY ONE WORD)
A:"
SAME_P_pair49,SAME,P,pair49,rolbrerlen,slaflotik,bold,cautious,14265,46878,attribute_word,"Definitions:
- rolbrerlen: something that is bold and complex
- slaflotik is the same as rolbrerlen

Q: Is slaflotik bold or cautious? (Answer EXACTLY ONE WORD)
A:"
OPP_P_pair49,OPP,P,pair49,rolbrerlen,slaflotik,cautious,bold,46878,14265,attribute_word,"Definitions:
- rolbrerlen: something that is bold and complex
- slaflotik is the opposite of rolbrerlen

Q: Is slaflotik bold or cautious? (Answer EXACTLY ONE WORD)
A:"
SAME_Q_pair49,SAME,Q,pair49,rolbrerlen,slaflotik,complex,simple,6485,4382,attribute_word,"Definitions:
- rolbrerlen: something that is bold and complex
- slaflotik is the same as rolbrerlen

Q: Is slaflotik complex or simple? (Answer EXACTLY ONE WORD)
A:"
OPP_Q_pair49,OPP,Q,pair49,rolbrerlen,slaflotik,simple,complex,4382,6485,attribute_word,"Definitions:
- rolbrerlen: something that is bold and complex
- slaflotik is the opposite of rolbrerlen

Q: Is slaflotik complex or simple? (Answer EXACTLY ONE WORD)
A:"
MORE_P_pair49,MORE,P,pair49,rolbrerlen,slaflotik,slaflotik,rolbrerlen,32993,18147,novel_word,"Definitions:
- rolbrerlen: something that is bold and complex
- slaflotik is more/greater than rolbrerlen in all respects

Q: Which is more bold, rolbrerlen or slaflotik? (Answer EXACTLY ONE WORD)
A:"
LESS_P_pair49,LESS,P,pair49,rolbrerlen,slaflotik,rolbrerlen,slaflotik,18147,32993,novel_word,"Definitions:
- rolbrerlen: something that is bold and complex
- slaflotik is less/smaller than rolbrerlen in all respects

Q: Which is more bold, rolbrerlen or slaflotik? (Answer EXACTLY ONE WORD)
A:"
MORE_Q_pair49,MORE,Q,pair49,rolbrerlen,slaflotik,slaflotik,rolbrerlen,32993,18147,novel_word,"Definitions:
- rolbrerlen: something that is bold and complex
- slaflotik is more/greater than rolbrerlen in all respects

Q: Which is more complex, rolbrerlen or slaflotik? (Answer EXACTLY ONE WORD)
A:"
LESS_Q_pair49,LESS,Q,pair49,rolbrerlen,slaflotik,rolbrerlen,slaflotik,18147,32993,novel_word,"Definitions:
- rolbrerlen: something that is bold and complex
- slaflotik is less/smaller than rolbrerlen in all respects

Q: Which is more complex, rolbrerlen or slaflotik? (Answer EXACTLY ONE WORD)
A:"
SAME_P_pair50,SAME,P,pair50,silmespout,ladoltrous,bold,cautious,14265,46878,attribute_word,"Definitions:
- silmespout: something that is bold and complex
- ladoltrous is the same as silmespout

Q: Is ladoltrous bold or cautious? (Answer EXACTLY ONE WORD)
A:"
OPP_P_pair50,OPP,P,pair50,silmespout,ladoltrous,cautious,bold,46878,14265,attribute_word,"Definitions:
- silmespout: something that is bold and complex
- ladoltrous is the opposite of silmespout

Q: Is ladoltrous bold or cautious? (Answer EXACTLY ONE WORD)
A:"
SAME_Q_pair50,SAME,Q,pair50,silmespout,ladoltrous,complex,simple,6485,4382,attribute_word,"Definitions:
- silmespout: something that is bold and complex
- ladoltrous is the same as silmespout

Q: Is ladoltrous complex or simple? (Answer EXACTLY ONE WORD)
A:"
OPP_Q_pair50,OPP,Q,pair50,silmespout,ladoltrous,simple,complex,4382,6485,attribute_word,"Definitions:
- silmespout: something that is bold and complex
- ladoltrous is the opposite of silmespout

Q: Is ladoltrous complex or simple? (Answer EXACTLY ONE WORD)
A:"
MORE_P_pair50,MORE,P,pair50,silmespout,ladoltrous,ladoltrous,silmespout,58725,5554,novel_word,"Definitions:
- silmespout: something that is bold and complex
- ladoltrous is more/greater than silmespout in all respects

Q: Which is more bold, silmespout or ladoltrous? (Answer EXACTLY ONE WORD)
A:"
LESS_P_pair50,LESS,P,pair50,silmespout,ladoltrous,silmespout,ladoltrous,5554,58725,novel_word,"Definitions:
- silmespout: something that is bold and complex
- ladoltrous is less/smaller than silmespout in all respects

Q: Which is more bold, silmespout or ladoltrous? (Answer EXACTLY ONE WORD)
A:"
MORE_Q_pair50,MORE,Q,pair50,silmespout,ladoltrous,ladoltrous,silmespout,58725,5554,novel_word,"Definitions:
- silmespout: something that is bold and complex
- ladoltrous is more/greater than silmespout in all respects

Q: Which is more complex, silmespout or ladoltrous? (Answer EXACTLY ONE WORD)
A:"
LESS_Q_pair50,LESS,Q,pair50,silmespout,ladoltrous,silmespout,ladoltrous,5554,58725,novel_word,"Definitions:
- silmespout: something that is bold and complex
- ladoltrous is less/smaller than silmespout in all respects

Q: Which is more complex, silmespout or ladoltrous? (Answer EXACTLY ONE WORD)
A:"
SAME_P_pair51,SAME,P,pair51,tousweinmu,paispainsik,bold,cautious,14265,46878,attribute_word,"Definitions:
- tousweinmu: something that is bold and complex
- paispainsik is the same as tousweinmu

Q: Is paispainsik bold or cautious? (Answer EXACTLY ONE WORD)
A:"
OPP_P_pair51,OPP,P,pair51,tousweinmu,paispainsik,cautious,bold,46878,14265,attribute_word,"Definitions:
- tousweinmu: something that is bold and complex
- paispainsik is the opposite of tousweinmu

Q: Is paispainsik bold or cautious? (Answer EXACTLY ONE WORD)
A:"
SAME_Q_pair51,SAME,Q,pair51,tousweinmu,paispainsik,complex,simple,6485,4382,attribute_word,"Definitions:
- tousweinmu: something that is bold and complex
- paispainsik is the same as tousweinmu

Q: Is paispainsik complex or simple? (Answer EXACTLY ONE WORD)
A:"
OPP_Q_pair51,OPP,Q,pair51,tousweinmu,paispainsik,simple,complex,4382,6485,attribute_word,"Definitions:
- tousweinmu: something that is bold and complex
- paispainsik is the opposite of tousweinmu

Q: Is paispainsik complex or simple? (Answer EXACTLY ONE WORD)
A:"
MORE_P_pair51,MORE,P,pair51,tousweinmu,paispainsik,paispainsik,tousweinmu,62383,26725,novel_word,"Definitions:
- tousweinmu: something that is bold and complex
- paispainsik is more/greater than tousweinmu in all respects

Q: Which is more bold, tousweinmu or paispainsik? (Answer EXACTLY ONE WORD)
A:"
LESS_P_pair51,LESS,P,pair51,tousweinmu,paispainsik,tousweinmu,paispainsik,26725,62383,novel_word,"Definitions:
- tousweinmu: something that is bold and complex
- paispainsik is less/smaller than tousweinmu in all respects

Q: Which is more bold, tousweinmu or paispainsik? (Answer EXACTLY ONE WORD)
A:"
MORE_Q_pair51,MORE,Q,pair51,tousweinmu,paispainsik,paispainsik,tousweinmu,62383,26725,novel_word,"Definitions:
- tousweinmu: something that is bold and complex
- paispainsik is more/greater than tousweinmu in all respects

Q: Which is more complex, tousweinmu or paispainsik? (Answer EXACTLY ONE WORD)
A:"
LESS_Q_pair51,LESS,Q,pair51,tousweinmu,paispainsik,tousweinmu,paispainsik,26725,62383,novel_word,"Definitions:
- tousweinmu: something that is bold and complex
- paispainsik is less/smaller than tousweinmu in all respects

Q: Which is more complex, tousweinmu or paispainsik? (Answer EXACTLY ONE WORD)
A:"
SAME_P_pair52,SAME,P,pair52,paplislei,brozarflam,bold,cautious,14265,46878,attribute_word,"Definitions:
- paplislei: something that is bold and complex
- brozarflam is the same as paplislei

Q: Is brozarflam bold or cautious? (Answer EXACTLY ONE WORD)
A:"
OPP_P_pair52,OPP,P,pair52,paplislei,brozarflam,cautious,bold,46878,14265,attribute_word,"Definitions:
- paplislei: something that is bold and complex
- brozarflam is the opposite of paplislei

Q: Is brozarflam bold or cautious? (Answer EXACTLY ONE WORD)
A:"
SAME_Q_pair52,SAME,Q,pair52,paplislei,brozarflam,complex,simple,6485,4382,attribute_word,"Definitions:
- paplislei: something that is bold and complex
- brozarflam is the same as paplislei

Q: Is brozarflam complex or simple? (Answer EXACTLY ONE WORD)
A:"
OPP_Q_pair52,OPP,Q,pair52,paplislei,brozarflam,simple,complex,4382,6485,attribute_word,"Definitions:
- paplislei: something that is bold and complex
- brozarflam is the opposite of paplislei

Q: Is brozarflam complex or simple? (Answer EXACTLY ONE WORD)
A:"
MORE_P_pair52,MORE,P,pair52,paplislei,brozarflam,brozarflam,paplislei,2967,26365,novel_word,"Definitions:
- paplislei: something that is bold and complex
- brozarflam is more/greater than paplislei in all respects

Q: Which is more bold, paplislei or brozarflam? (Answer EXACTLY ONE WORD)
A:"
LESS_P_pair52,LESS,P,pair52,paplislei,brozarflam,paplislei,brozarflam,26365,2967,novel_word,"Definitions:
- paplislei: something that is bold and complex
- brozarflam is less/smaller than paplislei in all respects

Q: Which is more bold, paplislei or brozarflam? (Answer EXACTLY ONE WORD)
A:"
MORE_Q_pair52,MORE,Q,pair52,paplislei,brozarflam,brozarflam,paplislei,2967,26365,novel_word,"Definitions:
- paplislei: something that is bold and complex
- brozarflam is more/greater than paplislei in all respects

Q: Which is more complex, paplislei or brozarflam? (Answer EXACTLY ONE WORD)
A:"
LESS_Q_pair52,LESS,Q,pair52,paplislei,brozarflam,paplislei,brozarflam,26365,2967,novel_word,"Definitions:
- paplislei: something that is bold and complex
- brozarflam is less/smaller than paplislei in all respects

Q: Which is more complex, paplislei or brozarflam? (Answer EXACTLY ONE WORD)
A:"
SAME_P_pair53,SAME,P,pair53,krairrorbil,pleikessein,bold,cautious,14265,46878,attribute_word,"Definitions:
- krairrorbil: something that is bold and complex
- pleikessein is the same as krairrorbil

Q: Is pleikessein bold or cautious? (Answer EXACTLY ONE WORD)
A:"
OPP_P_pair53,OPP,P,pair53,krairrorbil,pleikessein,cautious,bold,46878,14265,attribute_word,"Definitions:
- krairrorbil: something that is bold and complex
- pleikessein is the opposite of krairrorbil

Q: Is pleikessein bold or cautious? (Answer EXACTLY ONE WORD)
A:"
SAME_Q_pair53,SAME,Q,pair53,krairrorbil,pleikessein,complex,simple,6485,4382,attribute_word,"Definitions:
- krairrorbil: something that is bold and complex
- pleikessein is the same as krairrorbil

Q: Is pleikessein complex or simple? (Answer EXACTLY ONE WORD)
A:"
OPP_Q_pair53,OPP,Q,pair53,krairrorbil,pleikessein,simple,complex,4382,6485,attribute_word,"Definitions:
- krairrorbil: something that is bold and complex
- pleikessein is the opposite of krairrorbil

Q: Is pleikessein complex or simple? (Answer EXACTLY ONE WORD)
A:"
MORE_P_pair53,MORE,P,pair53,krairrorbil,pleikessein,pleikessein,krairrorbil,7245,97511,novel_word,"Definitions:
- krairrorbil: something that is bold and complex
- pleikessein is more/greater than krairrorbil in all respects

Q: Which is more bold, krairrorbil or pleikessein? (Answer EXACTLY ONE WORD)
A:"
LESS_P_pair53,LESS,P,pair53,krairrorbil,pleikessein,krairrorbil,pleikessein,97511,7245,novel_word,"Definitions:
- krairrorbil: something that is bold and complex
- pleikessein is less/smaller than krairrorbil in all respects

Q: Which is more bold, krairrorbil or pleikessein? (Answer EXACTLY ONE WORD)
A:"
MORE_Q_pair53,MORE,Q,pair53,krairrorbil,pleikessein,pleikessein,krairrorbil,7245,97511,novel_word,"Definitions:
- krairrorbil: something that is bold and complex
- pleikessein is more/greater than krairrorbil in all respects

Q: Which is more complex, krairrorbil or pleikessein? (Answer EXACTLY ONE WORD)
A:"
LESS_Q_pair53,LESS,Q,pair53,krairrorbil,pleikessein,krairrorbil,pleikessein,97511,7245,novel_word,"Definitions:
- krairrorbil: something that is bold and complex
- pleikessein is less/smaller than krairrorbil in all respects

Q: Which is more complex, krairrorbil or pleikessein? (Answer EXACTLY ONE WORD)
A:"
SAME_P_pair54,SAME,P,pair54,lunfourbrok,spurkuskoun,bold,cautious,14265,46878,attribute_word,"Definitions:
- lunfourbrok: something that is bold and complex
- spurkuskoun is the same as lunfourbrok

Q: Is spurkuskoun bold or cautious? (Answer EXACTLY ONE WORD)
A:"
OPP_P_pair54,OPP,P,pair54,lunfourbrok,spurkuskoun,cautious,bold,46878,14265,attribute_word,"Definitions:
- lunfourbrok: something that is bold and complex
- spurkuskoun is the opposite of lunfourbrok

Q: Is spurkuskoun bold or cautious? (Answer EXACTLY ONE WORD)
A:"
SAME_Q_pair54,SAME,Q,pair54,lunfourbrok,spurkuskoun,complex,simple,6485,4382,attribute_word,"Definitions:
- lunfourbrok: something that is bold and complex
- spurkuskoun is the same as lunfourbrok

Q: Is spurkuskoun complex or simple? (Answer EXACTLY ONE WORD)
A:"
OPP_Q_pair54,OPP,Q,pair54,lunfourbrok,spurkuskoun,simple,complex,4382,6485,attribute_word,"Definitions:
- lunfourbrok: something that is bold and complex
- spurkuskoun is the opposite of lunfourbrok

Q: Is spurkuskoun complex or simple? (Answer EXACTLY ONE WORD)
A:"
MORE_P_pair54,MORE,P,pair54,lunfourbrok,spurkuskoun,spurkuskoun,lunfourbrok,60131,33073,novel_word,"Definitions:
- lunfourbrok: something that is bold and complex
- spurkuskoun is more/greater than lunfourbrok in all respects

Q: Which is more bold, lunfourbrok or spurkuskoun? (Answer EXACTLY ONE WORD)
A:"
LESS_P_pair54,LESS,P,pair54,lunfourbrok,spurkuskoun,lunfourbrok,spurkuskoun,33073,60131,novel_word,"Definitions:
- lunfourbrok: something that is bold and complex
- spurkuskoun is less/smaller than lunfourbrok in all respects

Q: Which is more bold, lunfourbrok or spurkuskoun? (Answer EXACTLY ONE WORD)
A:"
MORE_Q_pair54,MORE,Q,pair54,lunfourbrok,spurkuskoun,spurkuskoun,lunfourbrok,60131,33073,novel_word,"Definitions:
- lunfourbrok: something that is bold and complex
- spurkuskoun is more/greater than lunfourbrok in all respects

Q: Which is more complex, lunfourbrok or spurkuskoun? (Answer EXACTLY ONE WORD)
A:"
LESS_Q_pair54,LESS,Q,pair54,lunfourbrok,spurkuskoun,lunfourbrok,spurkuskoun,33073,60131,novel_word,"Definitions:
- lunfourbrok: something that is bold and complex
- spurkuskoun is less/smaller than lunfourbrok in all respects

Q: Which is more complex, lunfourbrok or spurkuskoun? (Answer EXACTLY ONE WORD)
A:"
SAME_P_pair55,SAME,P,pair55,panprusloul,bulstargaim,bold,cautious,14265,46878,attribute_word,"Definitions:
- panprusloul: something that is bold and complex
- bulstargaim is the same as panprusloul

Q: Is bulstargaim bold or cautious? (Answer EXACTLY ONE WORD)
A:"
OPP_P_pair55,OPP,P,pair55,panprusloul,bulstargaim,cautious,bold,46878,14265,attribute_word,"Definitions:
- panprusloul: something that is bold and complex
- bulstargaim is the opposite of panprusloul

Q: Is bulstargaim bold or cautious? (Answer EXACTLY ONE WORD)
A:"
SAME_Q_pair55,SAME,Q,pair55,panprusloul,bulstargaim,complex,simple,6485,4382,attribute_word,"Definitions:
- panprusloul: something that is bold and complex
- bulstargaim is the same as panprusloul

Q: Is bulstargaim complex or simple? (Answer EXACTLY ONE WORD)
A:"
OPP_Q_pair55,OPP,Q,pair55,panprusloul,bulstargaim,simple,complex,4382,6485,attribute_word,"Definitions:
- panprusloul: something that is bold and complex
- bulstargaim is the opposite of panprusloul

Q: Is bulstargaim complex or simple? (Answer EXACTLY ONE WORD)
A:"
MORE_P_pair55,MORE,P,pair55,panprusloul,bulstargaim,bulstargaim,panprusloul,7173,7363,novel_word,"Definitions:
- panprusloul: something that is bold and complex
- bulstargaim is more/greater than panprusloul in all respects

Q: Which is more bold, panprusloul or bulstargaim? (Answer EXACTLY ONE WORD)
A:"
LESS_P_pair55,LESS,P,pair55,panprusloul,bulstargaim,panprusloul,bulstargaim,7363,7173,novel_word,"Definitions:
- panprusloul: something that is bold and complex
- bulstargaim is less/smaller than panprusloul in all respects

Q: Which is more bold, panprusloul or bulstargaim? (Answer EXACTLY ONE WORD)
A:"
MORE_Q_pair55,MORE,Q,pair55,panprusloul,bulstargaim,bulstargaim,panprusloul,7173,7363,novel_word,"Definitions:
- panprusloul: something that is bold and complex
- bulstargaim is more/greater than panprusloul in all respects

Q: Which is more complex, panprusloul or bulstargaim? (Answer EXACTLY ONE WORD)
A:"
LESS_Q_pair55,LESS,Q,pair55,panprusloul,bulstargaim,panprusloul,bulstargaim,7363,7173,novel_word,"Definitions:
- panprusloul: something that is bold and complex
- bulstargaim is less/smaller than panprusloul in all respects

Q: Which is more complex, panprusloul or bulstargaim? (Answer EXACTLY ONE WORD)
A:"
SAME_P_pair56,SAME,P,pair56,visleldes,nerbrasstas,bold,cautious,14265,46878,attribute_word,"Definitions:
- visleldes: something that is bold and complex
- nerbrasstas is the same as visleldes

Q: Is nerbrasstas bold or cautious? (Answer EXACTLY ONE WORD)
A:"
OPP_P_pair56,OPP,P,pair56,visleldes,nerbrasstas,cautious,bold,46878,14265,attribute_word,"Definitions:
- visleldes: something that is bold and complex
- nerbrasstas is the opposite of visleldes

Q: Is nerbrasstas bold or cautious? (Answer EXACTLY ONE WORD)
A:"
SAME_Q_pair56,SAME,Q,pair56,visleldes,nerbrasstas,complex,simple,6485,4382,attribute_word,"Definitions:
- visleldes: something that is bold and complex
- nerbrasstas is the same as visleldes

Q: Is nerbrasstas complex or simple? (Answer EXACTLY ONE WORD)
A:"
OPP_Q_pair56,OPP,Q,pair56,visleldes,nerbrasstas,simple,complex,4382,6485,attribute_word,"Definitions:
- visleldes: something that is bold and complex
- nerbrasstas is the opposite of visleldes

Q: Is nerbrasstas complex or simple? (Answer EXACTLY ONE WORD)
A:"
MORE_P_pair56,MORE,P,pair56,visleldes,nerbrasstas,nerbrasstas,visleldes,41283,2145,novel_word,"Definitions:
- visleldes: something that is bold and complex
- nerbrasstas is more/greater than visleldes in all respects

Q: Which is more bold, visleldes or nerbrasstas? (Answer EXACTLY ONE WORD)
A:"
LESS_P_pair56,LESS,P,pair56,visleldes,nerbrasstas,visleldes,nerbrasstas,2145,41283,novel_word,"Definitions:
- visleldes: something that is bold and complex
- nerbrasstas is less/smaller than visleldes in all respects

Q: Which is more bold, visleldes or nerbrasstas? (Answer EXACTLY ONE WORD)
A:"
MORE_Q_pair56,MORE,Q,pair56,visleldes,nerbrasstas,nerbrasstas,visleldes,41283,2145,novel_word,"Definitions:
- visleldes: something that is bold and complex
- nerbrasstas is more/greater than visleldes in all respects

Q: Which is more complex, visleldes or nerbrasstas? (Answer EXACTLY ONE WORD)
A:"
LESS_Q_pair56,LESS,Q,pair56,visleldes,nerbrasstas,visleldes,nerbrasstas,2145,41283,novel_word,"Definitions:
- visleldes: something that is bold and complex
- nerbrasstas is less/smaller than visleldes in all respects

Q: Which is more complex, visleldes or nerbrasstas? (Answer EXACTLY ONE WORD)
A:"
SAME_P_pair57,SAME,P,pair57,tolwalprus,seinmunstem,bold,cautious,14265,46878,attribute_word,"Definitions:
- tolwalprus: something that is bold and complex
- seinmunstem is the same as tolwalprus

Q: Is seinmunstem bold or cautious? (Answer EXACTLY ONE WORD)
A:"
OPP_P_pair57,OPP,P,pair57,tolwalprus,seinmunstem,cautious,bold,46878,14265,attribute_word,"Definitions:
- tolwalprus: something that is bold and complex
- seinmunstem is the opposite of tolwalprus

Q: Is seinmunstem bold or cautious? (Answer EXACTLY ONE WORD)
A:"
SAME_Q_pair57,SAME,Q,pair57,tolwalprus,seinmunstem,complex,simple,6485,4382,attribute_word,"Definitions:
- tolwalprus: something that is bold and complex
- seinmunstem is the same as tolwalprus

Q: Is seinmunstem complex or simple? (Answer EXACTLY ONE WORD)
A:"
OPP_Q_pair57,OPP,Q,pair57,tolwalprus,seinmunstem,simple,complex,4382,6485,attribute_word,"Definitions:
- tolwalprus: something that is bold and complex
- seinmunstem is the opposite of tolwalprus

Q: Is seinmunstem complex or simple? (Answer EXACTLY ONE WORD)
A:"
MORE_P_pair57,MORE,P,pair57,tolwalprus,seinmunstem,seinmunstem,tolwalprus,19910,39674,novel_word,"Definitions:
- tolwalprus: something that is bold and complex
- seinmunstem is more/greater than tolwalprus in all respects

Q: Which is more bold, tolwalprus or seinmunstem? (Answer EXACTLY ONE WORD)
A:"
LESS_P_pair57,LESS,P,pair57,tolwalprus,seinmunstem,tolwalprus,seinmunstem,39674,19910,novel_word,"Definitions:
- tolwalprus: something that is bold and complex
- seinmunstem is less/smaller than tolwalprus in all respects

Q: Which is more bold, tolwalprus or seinmunstem? (Answer EXACTLY ONE WORD)
A:"
MORE_Q_pair57,MORE,Q,pair57,tolwalprus,seinmunstem,seinmunstem,tolwalprus,19910,39674,novel_word,"Definitions:
- tolwalprus: something that is bold and complex
- seinmunstem is more/greater than tolwalprus in all respects

Q: Which is more complex, tolwalprus or seinmunstem? (Answer EXACTLY ONE WORD)
A:"
LESS_Q_pair57,LESS,Q,pair57,tolwalprus,seinmunstem,tolwalprus,seinmunstem,39674,19910,novel_word,"Definitions:
- tolwalprus: something that is bold and complex
- seinmunstem is less/smaller than tolwalprus in all respects

Q: Which is more complex, tolwalprus or seinmunstem? (Answer EXACTLY ONE WORD)
A:"
SAME_P_pair58,SAME,P,pair58,baswispeit,gingrinsler,bold,cautious,14265,46878,attribute_word,"Definitions:
- baswispeit: something that is bold and complex
- gingrinsler is the same as baswispeit

Q: Is gingrinsler bold or cautious? (Answer EXACTLY ONE WORD)
A:"
OPP_P_pair58,OPP,P,pair58,baswispeit,gingrinsler,cautious,bold,46878,14265,attribute_word,"Definitions:
- baswispeit: something that is bold and complex
- gingrinsler is the opposite of baswispeit

Q: Is gingrinsler bold or cautious? (Answer EXACTLY ONE WORD)
A:"
SAME_Q_pair58,SAME,Q,pair58,baswispeit,gingrinsler,complex,simple,6485,4382,attribute_word,"Definitions:
- baswispeit: something that is bold and complex
- gingrinsler is the same as baswispeit

Q: Is gingrinsler complex or simple? (Answer EXACTLY ONE WORD)
A:"
OPP_Q_pair58,OPP,Q,pair58,baswispeit,gingrinsler,simple,complex,4382,6485,attribute_word,"Definitions:
- baswispeit: something that is bold and complex
- gingrinsler is the opposite of baswispeit

Q: Is gingrinsler complex or simple? (Answer EXACTLY ONE WORD)
A:"
MORE_P_pair58,MORE,P,pair58,baswispeit,gingrinsler,gingrinsler,baswispeit,67193,3122,novel_word,"Definitions:
- baswispeit: something that is bold and complex
- gingrinsler is more/greater than baswispeit in all respects

Q: Which is more bold, baswispeit or gingrinsler? (Answer EXACTLY ONE WORD)
A:"
LESS_P_pair58,LESS,P,pair58,baswispeit,gingrinsler,baswispeit,gingrinsler,3122,67193,novel_word,"Definitions:
- baswispeit: something that is bold and complex
- gingrinsler is less/smaller than baswispeit in all respects

Q: Which is more bold, baswispeit or gingrinsler? (Answer EXACTLY ONE WORD)
A:"
MORE_Q_pair58,MORE,Q,pair58,baswispeit,gingrinsler,gingrinsler,baswispeit,67193,3122,novel_word,"Definitions:
- baswispeit: something that is bold and complex
- gingrinsler is more/greater than baswispeit in all respects

Q: Which is more complex, baswispeit or gingrinsler? (Answer EXACTLY ONE WORD)
A:"
LESS_Q_pair58,LESS,Q,pair58,baswispeit,gingrinsler,baswispeit,gingrinsler,3122,67193,novel_word,"Definitions:
- baswispeit: something that is bold and complex
- gingrinsler is less/smaller than baswispeit in all respects

Q: Which is more complex, baswispeit or gingrinsler? (Answer EXACTLY ONE WORD)
A:"
SAME_P_pair59,SAME,P,pair59,fibrosnouk,punfesvur,bold,cautious,14265,46878,attribute_word,"Definitions:
- fibrosnouk: something that is bold and complex
- punfesvur is the same as fibrosnouk

Q: Is punfesvur bold or cautious? (Answer EXACTLY ONE WORD)
A:"
OPP_P_pair59,OPP,P,pair59,fibrosnouk,punfesvur,cautious,bold,46878,14265,attribute_word,"Definitions:
- fibrosnouk: something that is bold and complex
- punfesvur is the opposite of fibrosnouk

Q: Is punfesvur bold or cautious? (Answer EXACTLY ONE WORD)
A:"
SAME_Q_pair59,SAME,Q,pair59,fibrosnouk,punfesvur,complex,simple,6485,4382,attribute_word,"Definitions:
- fibrosnouk: something that is bold and complex
- punfesvur is the same as fibrosnouk

Q: Is punfesvur complex or simple? (Answer EXACTLY ONE WORD)
A:"
OPP_Q_pair59,OPP,Q,pair59,fibrosnouk,punfesvur,simple,complex,4382,6485,attribute_word,"Definitions:
- fibrosnouk: something that is bold and complex
- punfesvur is the opposite of fibrosnouk

Q: Is punfesvur complex or simple? (Answer EXACTLY ONE WORD)
A:"
MORE_P_pair59,MORE,P,pair59,fibrosnouk,punfesvur,punfesvur,fibrosnouk,8474,16178,novel_word,"Definitions:
- fibrosnouk: something that is bold and complex
- punfesvur is more/greater than fibrosnouk in all respects

Q: Which is more bold, fibrosnouk or punfesvur? (Answer EXACTLY ONE WORD)
A:"
LESS_P_pair59,LESS,P,pair59,fibrosnouk,punfesvur,fibrosnouk,punfesvur,16178,8474,novel_word,"Definitions:
- fibrosnouk: something that is bold and complex
- punfesvur is less/smaller than fibrosnouk in all respects

Q: Which is more bold, fibrosnouk or punfesvur? (Answer EXACTLY ONE WORD)
A:"
MORE_Q_pair59,MORE,Q,pair59,fibrosnouk,punfesvur,punfesvur,fibrosnouk,8474,16178,novel_word,"Definitions:
- fibrosnouk: something that is bold and complex
- punfesvur is more/greater than fibrosnouk in all respects

Q: Which is more complex, fibrosnouk or punfesvur? (Answer EXACTLY ONE WORD)
A:"
LESS_Q_pair59,LESS,Q,pair59,fibrosnouk,punfesvur,fibrosnouk,punfesvur,16178,8474,novel_word,"Definitions:
- fibrosnouk: something that is bold and complex
- punfesvur is less/smaller than fibrosnouk in all respects

Q: Which is more complex, fibrosnouk or punfesvur? (Answer EXACTLY ONE WORD)
A:"
SAME_P_pair60,SAME,P,pair60,pingourbo,gigounplet,bold,cautious,14265,46878,attribute_word,"Definitions:
- pingourbo: something that is bold and complex
- gigounplet is the same as pingourbo

Q: Is gigounplet bold or cautious? (Answer EXACTLY ONE WORD)
A:"
OPP_P_pair60,OPP,P,pair60,pingourbo,gigounplet,cautious,bold,46878,14265,attribute_word,"Definitions:
- pingourbo: something that is bold and complex
- gigounplet is the opposite of pingourbo

Q: Is gigounplet bold or cautious? (Answer EXACTLY ONE WORD)
A:"
SAME_Q_pair60,SAME,Q,pair60,pingourbo,gigounplet,complex,simple,6485,4382,attribute_word,"Definitions:
- pingourbo: something that is bold and complex
- gigounplet is the same as pingourbo

Q: Is gigounplet complex or simple? (Answer EXACTLY ONE WORD)
A:"
OPP_Q_pair60,OPP,Q,pair60,pingourbo,gigounplet,simple,complex,4382,6485,attribute_word,"Definitions:
- pingourbo: something that is bold and complex
- gigounplet is the opposite of pingourbo

Q: Is gigounplet complex or simple? (Answer EXACTLY ONE WORD)
A:"
MORE_P_pair60,MORE,P,pair60,pingourbo,gigounplet,gigounplet,pingourbo,23401,31098,novel_word,"Definitions:
- pingourbo: something that is bold and complex
- gigounplet is more/greater than pingourbo in all respects

Q: Which is more bold, pingourbo or gigounplet? (Answer EXACTLY ONE WORD)
A:"
LESS_P_pair60,LESS,P,pair60,pingourbo,gigounplet,pingourbo,gigounplet,31098,23401,novel_word,"Definitions:
- pingourbo: something that is bold and complex
- gigounplet is less/smaller than pingourbo in all respects

Q: Which is more bold, pingourbo or gigounplet? (Answer EXACTLY ONE WORD)
A:"
MORE_Q_pair60,MORE,Q,pair60,pingourbo,gigounplet,gigounplet,pingourbo,23401,31098,novel_word,"Definitions:
- pingourbo: something that is bold and complex
- gigounplet is more/greater than pingourbo in all respects

Q: Which is more complex, pingourbo or gigounplet? (Answer EXACTLY ONE WORD)
A:"
LESS_Q_pair60,LESS,Q,pair60,pingourbo,gigounplet,pingourbo,gigounplet,31098,23401,novel_word,"Definitions:
- pingourbo: something that is bold and complex
- gigounplet is less/smaller than pingourbo in all respects

Q: Which is more complex, pingourbo or gigounplet? (Answer EXACTLY ONE WORD)
A:"
SAME_P_pair61,SAME,P,pair61,dabunprour,grisgineim,bold,cautious,14265,46878,attribute_word,"Definitions:
- dabunprour: something that is bold and complex
- grisgineim is the same as dabunprour

Q: Is grisgineim bold or cautious? (Answer EXACTLY ONE WORD)
A:"
OPP_P_pair61,OPP,P,pair61,dabunprour,grisgineim,cautious,bold,46878,14265,attribute_word,"Definitions:
- dabunprour: something that is bold and complex
- grisgineim is the opposite of dabunprour

Q: Is grisgineim bold or cautious? (Answer EXACTLY ONE WORD)
A:"
SAME_Q_pair61,SAME,Q,pair61,dabunprour,grisgineim,complex,simple,6485,4382,attribute_word,"Definitions:
- dabunprour: something that is bold and complex
- grisgineim is the same as dabunprour

Q: Is grisgineim complex or simple? (Answer EXACTLY ONE WORD)
A:"
OPP_Q_pair61,OPP,Q,pair61,dabunprour,grisgineim,simple,complex,4382,6485,attribute_word,"Definitions:
- dabunprour: something that is bold and complex
- grisgineim is the opposite of dabunprour

Q: Is grisgineim complex or simple? (Answer EXACTLY ONE WORD)
A:"
MORE_P_pair61,MORE,P,pair61,dabunprour,grisgineim,grisgineim,dabunprour,86930,83868,novel_word,"Definitions:
- dabunprour: something that is bold and complex
- grisgineim is more/greater than dabunprour in all respects

Q: Which is more bold, dabunprour or grisgineim? (Answer EXACTLY ONE WORD)
A:"
LESS_P_pair61,LESS,P,pair61,dabunprour,grisgineim,dabunprour,grisgineim,83868,86930,novel_word,"Definitions:
- dabunprour: something that is bold and complex
- grisgineim is less/smaller than dabunprour in all respects

Q: Which is more bold, dabunprour or grisgineim? (Answer EXACTLY ONE WORD)
A:"
MORE_Q_pair61,MORE,Q,pair61,dabunprour,grisgineim,grisgineim,dabunprour,86930,83868,novel_word,"Definitions:
- dabunprour: something that is bold and complex
- grisgineim is more/greater than dabunprour in all respects

Q: Which is more complex, dabunprour or grisgineim? (Answer EXACTLY ONE WORD)
A:"
LESS_Q_pair61,LESS,Q,pair61,dabunprour,grisgineim,dabunprour,grisgineim,83868,86930,novel_word,"Definitions:
- dabunprour: something that is bold and complex
- grisgineim is less/smaller than dabunprour in all respects

Q: Which is more complex, dabunprour or grisgineim? (Answer EXACTLY ONE WORD)
A:"
SAME_P_pair62,SAME,P,pair62,vanwelprou,lanbaswou,bold,cautious,14265,46878,attribute_word,"Definitions:
- vanwelprou: something that is bold and complex
- lanbaswou is the same as vanwelprou

Q: Is lanbaswou bold or cautious? (Answer EXACTLY ONE WORD)
A:"
OPP_P_pair62,OPP,P,pair62,vanwelprou,lanbaswou,cautious,bold,46878,14265,attribute_word,"Definitions:
- vanwelprou: something that is bold and complex
- lanbaswou is the opposite of vanwelprou

Q: Is lanbaswou bold or cautious? (Answer EXACTLY ONE WORD)
A:"
SAME_Q_pair62,SAME,Q,pair62,vanwelprou,lanbaswou,complex,simple,6485,4382,attribute_word,"Definitions:
- vanwelprou: something that is bold and complex
- lanbaswou is the same as vanwelprou

Q: Is lanbaswou complex or simple? (Answer EXACTLY ONE WORD)
A:"
OPP_Q_pair62,OPP,Q,pair62,vanwelprou,lanbaswou,simple,complex,4382,6485,attribute_word,"Definitions:
- vanwelprou: something that is bold and complex
- lanbaswou is the opposite of vanwelprou

Q: Is lanbaswou complex or simple? (Answer EXACTLY ONE WORD)
A:"
MORE_P_pair62,MORE,P,pair62,vanwelprou,lanbaswou,lanbaswou,vanwelprou,31791,5355,novel_word,"Definitions:
- vanwelprou: something that is bold and complex
- lanbaswou is more/greater than vanwelprou in all respects

Q: Which is more bold, vanwelprou or lanbaswou? (Answer EXACTLY ONE WORD)
A:"
LESS_P_pair62,LESS,P,pair62,vanwelprou,lanbaswou,vanwelprou,lanbaswou,5355,31791,novel_word,"Definitions:
- vanwelprou: something that is bold and complex
- lanbaswou is less/smaller than vanwelprou in all respects

Q: Which is more bold, vanwelprou or lanbaswou? (Answer EXACTLY ONE WORD)
A:"
MORE_Q_pair62,MORE,Q,pair62,vanwelprou,lanbaswou,lanbaswou,vanwelprou,31791,5355,novel_word,"Definitions:
- vanwelprou: something that is bold and complex
- lanbaswou is more/greater than vanwelprou in all respects

Q: Which is more complex, vanwelprou or lanbaswou? (Answer EXACTLY ONE WORD)
A:"
LESS_Q_pair62,LESS,Q,pair62,vanwelprou,lanbaswou,vanwelprou,lanbaswou,5355,31791,novel_word,"Definitions:
- vanwelprou: something that is bold and complex
- lanbaswou is less/smaller than vanwelprou in all respects

Q: Which is more complex, vanwelprou or lanbaswou? (Answer EXACTLY ONE WORD)
A:"
SAME_P_pair63,SAME,P,pair63,trafloutas,lilplilspek,bold,cautious,14265,46878,attribute_word,"Definitions:
- trafloutas: something that is bold and complex
- lilplilspek is the same as trafloutas

Q: Is lilplilspek bold or cautious? (Answer EXACTLY ONE WORD)
A:"
OPP_P_pair63,OPP,P,pair63,trafloutas,lilplilspek,cautious,bold,46878,14265,attribute_word,"Definitions:
- trafloutas: something that is bold and complex
- lilplilspek is the opposite of trafloutas

Q: Is lilplilspek bold or cautious? (Answer EXACTLY ONE WORD)
A:"
SAME_Q_pair63,SAME,Q,pair63,trafloutas,lilplilspek,complex,simple,6485,4382,attribute_word,"Definitions:
- trafloutas: something that is bold and complex
- lilplilspek is the same as trafloutas

Q: Is lilplilspek complex or simple? (Answer EXACTLY ONE WORD)
A:"
OPP_Q_pair63,OPP,Q,pair63,trafloutas,lilplilspek,simple,complex,4382,6485,attribute_word,"Definitions:
- trafloutas: something that is bold and complex
- lilplilspek is the opposite of trafloutas

Q: Is lilplilspek complex or simple? (Answer EXACTLY ONE WORD)
A:"
MORE_P_pair63,MORE,P,pair63,trafloutas,lilplilspek,lilplilspek,trafloutas,62471,9781,novel_word,"Definitions:
- trafloutas: something that is bold and complex
- lilplilspek is more/greater than trafloutas in all respects

Q: Which is more bold, trafloutas or lilplilspek? (Answer EXACTLY ONE WORD)
A:"
LESS_P_pair63,LESS,P,pair63,trafloutas,lilplilspek,trafloutas,lilplilspek,9781,62471,novel_word,"Definitions:
- trafloutas: something that is bold and complex
- lilplilspek is less/smaller than trafloutas in all respects

Q: Which is more bold, trafloutas or lilplilspek? (Answer EXACTLY ONE WORD)
A:"
MORE_Q_pair63,MORE,Q,pair63,trafloutas,lilplilspek,lilplilspek,trafloutas,62471,9781,novel_word,"Definitions:
- trafloutas: something that is bold and complex
- lilplilspek is more/greater than trafloutas in all respects

Q: Which is more complex, trafloutas or lilplilspek? (Answer EXACTLY ONE WORD)
A:"
LESS_Q_pair63,LESS,Q,pair63,trafloutas,lilplilspek,trafloutas,lilplilspek,9781,62471,novel_word,"Definitions:
- trafloutas: something that is bold and complex
- lilplilspek is less/smaller than trafloutas in all respects

Q: Which is more complex, trafloutas or lilplilspek? (Answer EXACTLY ONE WORD)
A:"
SAME_P_pair64,SAME,P,pair64,silzaimem,fenmankris,bold,cautious,14265,46878,attribute_word,"Definitions:
- silzaimem: something that is bold and complex
- fenmankris is the same as silzaimem

Q: Is fenmankris bold or cautious? (Answer EXACTLY ONE WORD)
A:"
OPP_P_pair64,OPP,P,pair64,silzaimem,fenmankris,cautious,bold,46878,14265,attribute_word,"Definitions:
- silzaimem: something that is bold and complex
- fenmankris is the opposite of silzaimem

Q: Is fenmankris bold or cautious? (Answer EXACTLY ONE WORD)
A:"
SAME_Q_pair64,SAME,Q,pair64,silzaimem,fenmankris,complex,simple,6485,4382,attribute_word,"Definitions:
- silzaimem: something that is bold and complex
- fenmankris is the same as silzaimem

Q: Is fenmankris complex or simple? (Answer EXACTLY ONE WORD)
A:"
OPP_Q_pair64,OPP,Q,pair64,silzaimem,fenmankris,simple,complex,4382,6485,attribute_word,"Definitions:
- silzaimem: something that is bold and complex
- fenmankris is the opposite of silzaimem

Q: Is fenmankris complex or simple? (Answer EXACTLY ONE WORD)
A:"
MORE_P_pair64,MORE,P,pair64,silzaimem,fenmankris,fenmankris,silzaimem,44585,5554,novel_word,"Definitions:
- silzaimem: something that is bold and complex
- fenmankris is more/greater than silzaimem in all respects

Q: Which is more bold, silzaimem or fenmankris? (Answer EXACTLY ONE WORD)
A:"
LESS_P_pair64,LESS,P,pair64,silzaimem,fenmankris,silzaimem,fenmankris,5554,44585,novel_word,"Definitions:
- silzaimem: something that is bold and complex
- fenmankris is less/smaller than silzaimem in all respects

Q: Which is more bold, silzaimem or fenmankris? (Answer EXACTLY ONE WORD)
A:"
MORE_Q_pair64,MORE,Q,pair64,silzaimem,fenmankris,fenmankris,silzaimem,44585,5554,novel_word,"Definitions:
- silzaimem: something that is bold and complex
- fenmankris is more/greater than silzaimem in all respects

Q: Which is more complex, silzaimem or fenmankris? (Answer EXACTLY ONE WORD)
A:"
LESS_Q_pair64,LESS,Q,pair64,silzaimem,fenmankris,silzaimem,fenmankris,5554,44585,novel_word,"Definitions:
- silzaimem: something that is bold and complex
- fenmankris is less/smaller than silzaimem in all respects

Q: Which is more complex, silzaimem or fenmankris? (Answer EXACTLY ONE WORD)
A:"
SAME_P_pair65,SAME,P,pair65,minwifel,proplanspom,bold,cautious,14265,46878,attribute_word,"Definitions:
- minwifel: something that is bold and complex
- proplanspom is the same as minwifel

Q: Is proplanspom bold or cautious? (Answer EXACTLY ONE WORD)
A:"
OPP_P_pair65,OPP,P,pair65,minwifel,proplanspom,cautious,bold,46878,14265,attribute_word,"Definitions:
- minwifel: something that is bold and complex
- proplanspom is the opposite of minwifel

Q: Is proplanspom bold or cautious? (Answer EXACTLY ONE WORD)
A:"
SAME_Q_pair65,SAME,Q,pair65,minwifel,proplanspom,complex,simple,6485,4382,attribute_word,"Definitions:
- minwifel: something that is bold and complex
- proplanspom is the same as minwifel

Q: Is proplanspom complex or simple? (Answer EXACTLY ONE WORD)
A:"
OPP_Q_pair65,OPP,Q,pair65,minwifel,proplanspom,simple,complex,4382,6485,attribute_word,"Definitions:
- minwifel: something that is bold and complex
- proplanspom is the opposite of minwifel

Q: Is proplanspom complex or simple? (Answer EXACTLY ONE WORD)
A:"
MORE_P_pair65,MORE,P,pair65,minwifel,proplanspom,proplanspom,minwifel,463,1332,novel_word,"Definitions:
- minwifel: something that is bold and complex
- proplanspom is more/greater than minwifel in all respects

Q: Which is more bold, minwifel or proplanspom? (Answer EXACTLY ONE WORD)
A:"
LESS_P_pair65,LESS,P,pair65,minwifel,proplanspom,minwifel,proplanspom,1332,463,novel_word,"Definitions:
- minwifel: something that is bold and complex
- proplanspom is less/smaller than minwifel in all respects

Q: Which is more bold, minwifel or proplanspom? (Answer EXACTLY ONE WORD)
A:"
MORE_Q_pair65,MORE,Q,pair65,minwifel,proplanspom,proplanspom,minwifel,463,1332,novel_word,"Definitions:
- minwifel: something that is bold and complex
- proplanspom is more/greater than minwifel in all respects

Q: Which is more complex, minwifel or proplanspom? (Answer EXACTLY ONE WORD)
A:"
LESS_Q_pair65,LESS,Q,pair65,minwifel,proplanspom,minwifel,proplanspom,1332,463,novel_word,"Definitions:
- minwifel: something that is bold and complex
- proplanspom is less/smaller than minwifel in all respects

Q: Which is more complex, minwifel or proplanspom? (Answer EXACTLY ONE WORD)
A:"
SAME_P_pair66,SAME,P,pair66,delbringrir,kazistou,bold,cautious,14265,46878,attribute_word,"Definitions:
- delbringrir: something that is bold and complex
- kazistou is the same as delbringrir

Q: Is kazistou bold or cautious? (Answer EXACTLY ONE WORD)
A:"
OPP_P_pair66,OPP,P,pair66,delbringrir,kazistou,cautious,bold,46878,14265,attribute_word,"Definitions:
- delbringrir: something that is bold and complex
- kazistou is the opposite of delbringrir

Q: Is kazistou bold or cautious? (Answer EXACTLY ONE WORD)
A:"
SAME_Q_pair66,SAME,Q,pair66,delbringrir,kazistou,complex,simple,6485,4382,attribute_word,"Definitions:
- delbringrir: something that is bold and complex
- kazistou is the same as delbringrir

Q: Is kazistou complex or simple? (Answer EXACTLY ONE WORD)
A:"
OPP_Q_pair66,OPP,Q,pair66,delbringrir,kazistou,simple,complex,4382,6485,attribute_word,"Definitions:
- delbringrir: something that is bold and complex
- kazistou is the opposite of delbringrir

Q: Is kazistou complex or simple? (Answer EXACTLY ONE WORD)
A:"
MORE_P_pair66,MORE,P,pair66,delbringrir,kazistou,kazistou,delbringrir,91825,1624,novel_word,"Definitions:
- delbringrir: something that is bold and complex
- kazistou is more/greater than delbringrir in all respects

Q: Which is more bold, delbringrir or kazistou? (Answer EXACTLY ONE WORD)
A:"
LESS_P_pair66,LESS,P,pair66,delbringrir,kazistou,delbringrir,kazistou,1624,91825,novel_word,"Definitions:
- delbringrir: something that is bold and complex
- kazistou is less/smaller than delbringrir in all respects

Q: Which is more bold, delbringrir or kazistou? (Answer EXACTLY ONE WORD)
A:"
MORE_Q_pair66,MORE,Q,pair66,delbringrir,kazistou,kazistou,delbringrir,91825,1624,novel_word,"Definitions:
- delbringrir: something that is bold and complex
- kazistou is more/greater than delbringrir in all respects

Q: Which is more complex, delbringrir or kazistou? (Answer EXACTLY ONE WORD)
A:"
LESS_Q_pair66,LESS,Q,pair66,delbringrir,kazistou,delbringrir,kazistou,1624,91825,novel_word,"Definitions:
- delbringrir: something that is bold and complex
- kazistou is less/smaller than delbringrir in all respects

Q: Which is more complex, delbringrir or kazistou? (Answer EXACTLY ONE WORD)
A:"
SAME_P_pair67,SAME,P,pair67,kurmoulpous,banfousmeir,bold,cautious,14265,46878,attribute_word,"Definitions:
- kurmoulpous: something that is bold and complex
- banfousmeir is the same as kurmoulpous

Q: Is banfousmeir bold or cautious? (Answer EXACTLY ONE WORD)
A:"
OPP_P_pair67,OPP,P,pair67,kurmoulpous,banfousmeir,cautious,bold,46878,14265,attribute_word,"Definitions:
- kurmoulpous: something that is bold and complex
- banfousmeir is the opposite of kurmoulpous

Q: Is banfousmeir bold or cautious? (Answer EXACTLY ONE WORD)
A:"
SAME_Q_pair67,SAME,Q,pair67,kurmoulpous,banfousmeir,complex,simple,6485,4382,attribute_word,"Definitions:
- kurmoulpous: something that is bold and complex
- banfousmeir is the same as kurmoulpous

Q: Is banfousmeir complex or simple? (Answer EXACTLY ONE WORD)
A:"
OPP_Q_pair67,OPP,Q,pair67,kurmoulpous,banfousmeir,simple,complex,4382,6485,attribute_word,"Definitions:
- kurmoulpous: something that is bold and complex
- banfousmeir is the opposite of kurmoulpous

Q: Is banfousmeir complex or simple? (Answer EXACTLY ONE WORD)
A:"
MORE_P_pair67,MORE,P,pair67,kurmoulpous,banfousmeir,banfousmeir,kurmoulpous,9120,28364,novel_word,"Definitions:
- kurmoulpous: something that is bold and complex
- banfousmeir is more/greater than kurmoulpous in all respects

Q: Which is more bold, kurmoulpous or banfousmeir? (Answer EXACTLY ONE WORD)
A:"
LESS_P_pair67,LESS,P,pair67,kurmoulpous,banfousmeir,kurmoulpous,banfousmeir,28364,9120,novel_word,"Definitions:
- kurmoulpous: something that is bold and complex
- banfousmeir is less/smaller than kurmoulpous in all respects

Q: Which is more bold, kurmoulpous or banfousmeir? (Answer EXACTLY ONE WORD)
A:"
MORE_Q_pair67,MORE,Q,pair67,kurmoulpous,banfousmeir,banfousmeir,kurmoulpous,9120,28364,novel_word,"Definitions:
- kurmoulpous: something that is bold and complex
- banfousmeir is more/greater than kurmoulpous in all respects

Q: Which is more complex, kurmoulpous or banfousmeir? (Answer EXACTLY ONE WORD)
A:"
LESS_Q_pair67,LESS,Q,pair67,kurmoulpous,banfousmeir,kurmoulpous,banfousmeir,28364,9120,novel_word,"Definitions:
- kurmoulpous: something that is bold and complex
- banfousmeir is less/smaller than kurmoulpous in all respects

Q: Which is more complex, kurmoulpous or banfousmeir? (Answer EXACTLY ONE WORD)
A:"
SAME_P_pair68,SAME,P,pair68,delnaibra,bagrelfler,bold,cautious,14265,46878,attribute_word,"Definitions:
- delnaibra: something that is bold and complex
- bagrelfler is the same as delnaibra

Q: Is bagrelfler bold or cautious? (Answer EXACTLY ONE WORD)
A:"
OPP_P_pair68,OPP,P,pair68,delnaibra,bagrelfler,cautious,bold,46878,14265,attribute_word,"Definitions:
- delnaibra: something that is bold and complex
- bagrelfler is the opposite of delnaibra

Q: Is bagrelfler bold or cautious? (Answer EXACTLY ONE WORD)
A:"
SAME_Q_pair68,SAME,Q,pair68,delnaibra,bagrelfler,complex,simple,6485,4382,attribute_word,"Definitions:
- delnaibra: something that is bold and complex
- bagrelfler is the same as delnaibra

Q: Is bagrelfler complex or simple? (Answer EXACTLY ONE WORD)
A:"
OPP_Q_pair68,OPP,Q,pair68,delnaibra,bagrelfler,simple,complex,4382,6485,attribute_word,"Definitions:
- delnaibra: something that is bold and complex
- bagrelfler is the opposite of delnaibra

Q: Is bagrelfler complex or simple? (Answer EXACTLY ONE WORD)
A:"
MORE_P_pair68,MORE,P,pair68,delnaibra,bagrelfler,bagrelfler,delnaibra,9145,1624,novel_word,"Definitions:
- delnaibra: something that is bold and complex
- bagrelfler is more/greater than delnaibra in all respects

Q: Which is more bold, delnaibra or bagrelfler? (Answer EXACTLY ONE WORD)
A:"
LESS_P_pair68,LESS,P,pair68,delnaibra,bagrelfler,delnaibra,bagrelfler,1624,9145,novel_word,"Definitions:
- delnaibra: something that is bold and complex
- bagrelfler is less/smaller than delnaibra in all respects

Q: Which is more bold, delnaibra or bagrelfler? (Answer EXACTLY ONE WORD)
A:"
MORE_Q_pair68,MORE,Q,pair68,delnaibra,bagrelfler,bagrelfler,delnaibra,9145,1624,novel_word,"Definitions:
- delnaibra: something that is bold and complex
- bagrelfler is more/greater than delnaibra in all respects

Q: Which is more complex, delnaibra or bagrelfler? (Answer EXACTLY ONE WORD)
A:"
LESS_Q_pair68,LESS,Q,pair68,delnaibra,bagrelfler,delnaibra,bagrelfler,1624,9145,novel_word,"Definitions:
- delnaibra: something that is bold and complex
- bagrelfler is less/smaller than delnaibra in all respects

Q: Which is more complex, delnaibra or bagrelfler? (Answer EXACTLY ONE WORD)
A:"
SAME_P_pair69,SAME,P,pair69,nikunsam,kosmonstor,bold,cautious,14265,46878,attribute_word,"Definitions:
- nikunsam: something that is bold and complex
- kosmonstor is the same as nikunsam

Q: Is kosmonstor bold or cautious? (Answer EXACTLY ONE WORD)
A:"
OPP_P_pair69,OPP,P,pair69,nikunsam,kosmonstor,cautious,bold,46878,14265,attribute_word,"Definitions:
- nikunsam: something that is bold and complex
- kosmonstor is the opposite of nikunsam

Q: Is kosmonstor bold or cautious? (Answer EXACTLY ONE WORD)
A:"
SAME_Q_pair69,SAME,Q,pair69,nikunsam,kosmonstor,complex,simple,6485,4382,attribute_word,"Definitions:
- nikunsam: something that is bold and complex
- kosmonstor is the same as nikunsam

Q: Is kosmonstor complex or simple? (Answer EXACTLY ONE WORD)
A:"
OPP_Q_pair69,OPP,Q,pair69,nikunsam,kosmonstor,simple,complex,4382,6485,attribute_word,"Definitions:
- nikunsam: something that is bold and complex
- kosmonstor is the opposite of nikunsam

Q: Is kosmonstor complex or simple? (Answer EXACTLY ONE WORD)
A:"
MORE_P_pair69,MORE,P,pair69,nikunsam,kosmonstor,kosmonstor,nikunsam,41497,76202,novel_word,"Definitions:
- nikunsam: something that is bold and complex
- kosmonstor is more/greater than nikunsam in all respects

Q: Which is more bold, nikunsam or kosmonstor? (Answer EXACTLY ONE WORD)
A:"
LESS_P_pair69,LESS,P,pair69,nikunsam,kosmonstor,nikunsam,kosmonstor,76202,41497,novel_word,"Definitions:
- nikunsam: something that is bold and complex
- kosmonstor is less/smaller than nikunsam in all respects

Q: Which is more bold, nikunsam or kosmonstor? (Answer EXACTLY ONE WORD)
A:"
MORE_Q_pair69,MORE,Q,pair69,nikunsam,kosmonstor,kosmonstor,nikunsam,41497,76202,novel_word,"Definitions:
- nikunsam: something that is bold and complex
- kosmonstor is more/greater than nikunsam in all respects

Q: Which is more complex, nikunsam or kosmonstor? (Answer EXACTLY ONE WORD)
A:"
LESS_Q_pair69,LESS,Q,pair69,nikunsam,kosmonstor,nikunsam,kosmonstor,76202,41497,novel_word,"Definitions:
- nikunsam: something that is bold and complex
- kosmonstor is less/smaller than nikunsam in all respects

Q: Which is more complex, nikunsam or kosmonstor? (Answer EXACTLY ONE WORD)
A:"
SAME_P_pair70,SAME,P,pair70,burwainplet,preilbringu,bold,cautious,14265,46878,attribute_word,"Definitions:
- burwainplet: something that is bold and complex
- preilbringu is the same as burwainplet

Q: Is preilbringu bold or cautious? (Answer EXACTLY ONE WORD)
A:"
OPP_P_pair70,OPP,P,pair70,burwainplet,preilbringu,cautious,bold,46878,14265,attribute_word,"Definitions:
- burwainplet: something that is bold and complex
- preilbringu is the opposite of burwainplet

Q: Is preilbringu bold or cautious? (Answer EXACTLY ONE WORD)
A:"
SAME_Q_pair70,SAME,Q,pair70,burwainplet,preilbringu,complex,simple,6485,4382,attribute_word,"Definitions:
- burwainplet: something that is bold and complex
- preilbringu is the same as burwainplet

Q: Is preilbringu complex or simple? (Answer EXACTLY ONE WORD)
A:"
OPP_Q_pair70,OPP,Q,pair70,burwainplet,preilbringu,simple,complex,4382,6485,attribute_word,"Definitions:
- burwainplet: something that is bold and complex
- preilbringu is the opposite of burwainplet

Q: Is preilbringu complex or simple? (Answer EXACTLY ONE WORD)
A:"
MORE_P_pair70,MORE,P,pair70,burwainplet,preilbringu,preilbringu,burwainplet,864,7951,novel_word,"Definitions:
- burwainplet: something that is bold and complex
- preilbringu is more/greater than burwainplet in all respects

Q: Which is more bold, burwainplet or preilbringu? (Answer EXACTLY ONE WORD)
A:"
LESS_P_pair70,LESS,P,pair70,burwainplet,preilbringu,burwainplet,preilbringu,7951,864,novel_word,"Definitions:
- burwainplet: something that is bold and complex
- preilbringu is less/smaller than burwainplet in all respects

Q: Which is more bold, burwainplet or preilbringu? (Answer EXACTLY ONE WORD)
A:"
MORE_Q_pair70,MORE,Q,pair70,burwainplet,preilbringu,preilbringu,burwainplet,864,7951,novel_word,"Definitions:
- burwainplet: something that is bold and complex
- preilbringu is more/greater than burwainplet in all respects

Q: Which is more complex, burwainplet or preilbringu? (Answer EXACTLY ONE WORD)
A:"
LESS_Q_pair70,LESS,Q,pair70,burwainplet,preilbringu,burwainplet,preilbringu,7951,864,novel_word,"Definitions:
- burwainplet: something that is bold and complex
- preilbringu is less/smaller than burwainplet in all respects

Q: Which is more complex, burwainplet or preilbringu? (Answer EXACTLY ONE WORD)
A:"
SAME_P_pair71,SAME,P,pair71,spanmorkur,groprortim,bold,cautious,14265,46878,attribute_word,"Definitions:
- spanmorkur: something that is bold and complex
- groprortim is the same as spanmorkur

Q: Is groprortim bold or cautious? (Answer EXACTLY ONE WORD)
A:"
OPP_P_pair71,OPP,P,pair71,spanmorkur,groprortim,cautious,bold,46878,14265,attribute_word,"Definitions:
- spanmorkur: something that is bold and complex
- groprortim is the opposite of spanmorkur

Q: Is groprortim bold or cautious? (Answer EXACTLY ONE WORD)
A:"
SAME_Q_pair71,SAME,Q,pair71,spanmorkur,groprortim,complex,simple,6485,4382,attribute_word,"Definitions:
- spanmorkur: something that is bold and complex
- groprortim is the same as spanmorkur

Q: Is groprortim complex or simple? (Answer EXACTLY ONE WORD)
A:"
OPP_Q_pair71,OPP,Q,pair71,spanmorkur,groprortim,simple,complex,4382,6485,attribute_word,"Definitions:
- spanmorkur: something that is bold and complex
- groprortim is the opposite of spanmorkur

Q: Is groprortim complex or simple? (Answer EXACTLY ONE WORD)
A:"
MORE_P_pair71,MORE,P,pair71,spanmorkur,groprortim,groprortim,spanmorkur,10707,9575,novel_word,"Definitions:
- spanmorkur: something that is bold and complex
- groprortim is more/greater than spanmorkur in all respects

Q: Which is more bold, spanmorkur or groprortim? (Answer EXACTLY ONE WORD)
A:"
LESS_P_pair71,LESS,P,pair71,spanmorkur,groprortim,spanmorkur,groprortim,9575,10707,novel_word,"Definitions:
- spanmorkur: something that is bold and complex
- groprortim is less/smaller than spanmorkur in all respects

Q: Which is more bold, spanmorkur or groprortim? (Answer EXACTLY ONE WORD)
A:"
MORE_Q_pair71,MORE,Q,pair71,spanmorkur,groprortim,groprortim,spanmorkur,10707,9575,novel_word,"Definitions:
- spanmorkur: something that is bold and complex
- groprortim is more/greater than spanmorkur in all respects

Q: Which is more complex, spanmorkur or groprortim? (Answer EXACTLY ONE WORD)
A:"
LESS_Q_pair71,LESS,Q,pair71,spanmorkur,groprortim,spanmorkur,groprortim,9575,10707,novel_word,"Definitions:
- spanmorkur: something that is bold and complex
- groprortim is less/smaller than spanmorkur in all respects

Q: Which is more complex, spanmorkur or groprortim? (Answer EXACTLY ONE WORD)
A:"
SAME_P_pair72,SAME,P,pair72,dusoulker,bogregen,bold,cautious,14265,46878,attribute_word,"Definitions:
- dusoulker: something that is bold and complex
- bogregen is the same as dusoulker

Q: Is bogregen bold or cautious? (Answer EXACTLY ONE WORD)
A:"
OPP_P_pair72,OPP,P,pair72,dusoulker,bogregen,cautious,bold,46878,14265,attribute_word,"Definitions:
- dusoulker: something that is bold and complex
- bogregen is the opposite of dusoulker

Q: Is bogregen bold or cautious? (Answer EXACTLY ONE WORD)
A:"
SAME_Q_pair72,SAME,Q,pair72,dusoulker,bogregen,complex,simple,6485,4382,attribute_word,"Definitions:
- dusoulker: something that is bold and complex
- bogregen is the same as dusoulker

Q: Is bogregen complex or simple? (Answer EXACTLY ONE WORD)
A:"
OPP_Q_pair72,OPP,Q,pair72,dusoulker,bogregen,simple,complex,4382,6485,attribute_word,"Definitions:
- dusoulker: something that is bold and complex
- bogregen is the opposite of dusoulker

Q: Is bogregen complex or simple? (Answer EXACTLY ONE WORD)
A:"
MORE_P_pair72,MORE,P,pair72,dusoulker,bogregen,bogregen,dusoulker,35519,53532,novel_word,"Definitions:
- dusoulker: something that is bold and complex
- bogregen is more/greater than dusoulker in all respects

Q: Which is more bold, dusoulker or bogregen? (Answer EXACTLY ONE WORD)
A:"
LESS_P_pair72,LESS,P,pair72,dusoulker,bogregen,dusoulker,bogregen,53532,35519,novel_word,"Definitions:
- dusoulker: something that is bold and complex
- bogregen is less/smaller than dusoulker in all respects

Q: Which is more bold, dusoulker or bogregen? (Answer EXACTLY ONE WORD)
A:"
MORE_Q_pair72,MORE,Q,pair72,dusoulker,bogregen,bogregen,dusoulker,35519,53532,novel_word,"Definitions:
- dusoulker: something that is bold and complex
- bogregen is more/greater than dusoulker in all respects

Q: Which is more complex, dusoulker or bogregen? (Answer EXACTLY ONE WORD)
A:"
LESS_Q_pair72,LESS,Q,pair72,dusoulker,bogregen,dusoulker,bogregen,53532,35519,novel_word,"Definitions:
- dusoulker: something that is bold and complex
- bogregen is less/smaller than dusoulker in all respects

Q: Which is more complex, dusoulker or bogregen? (Answer EXACTLY ONE WORD)
A:"
SAME_P_pair73,SAME,P,pair73,dortaistes,meroulfeit,bold,cautious,14265,46878,attribute_word,"Definitions:
- dortaistes: something that is bold and complex
- meroulfeit is the same as dortaistes

Q: Is meroulfeit bold or cautious? (Answer EXACTLY ONE WORD)
A:"
OPP_P_pair73,OPP,P,pair73,dortaistes,meroulfeit,cautious,bold,46878,14265,attribute_word,"Definitions:
- dortaistes: something that is bold and complex
- meroulfeit is the opposite of dortaistes

Q: Is meroulfeit bold or cautious? (Answer EXACTLY ONE WORD)
A:"
SAME_Q_pair73,SAME,Q,pair73,dortaistes,meroulfeit,complex,simple,6485,4382,attribute_word,"Definitions:
- dortaistes: something that is bold and complex
- meroulfeit is the same as dortaistes

Q: Is meroulfeit complex or simple? (Answer EXACTLY ONE WORD)
A:"
OPP_Q_pair73,OPP,Q,pair73,dortaistes,meroulfeit,simple,complex,4382,6485,attribute_word,"Definitions:
- dortaistes: something that is bold and complex
- meroulfeit is the opposite of dortaistes

Q: Is meroulfeit complex or simple? (Answer EXACTLY ONE WORD)
A:"
MORE_P_pair73,MORE,P,pair73,dortaistes,meroulfeit,meroulfeit,dortaistes,4809,53534,novel_word,"Definitions:
- dortaistes: something that is bold and complex
- meroulfeit is more/greater than dortaistes in all respects

Q: Which is more bold, dortaistes or meroulfeit? (Answer EXACTLY ONE WORD)
A:"
LESS_P_pair73,LESS,P,pair73,dortaistes,meroulfeit,dortaistes,meroulfeit,53534,4809,novel_word,"Definitions:
- dortaistes: something that is bold and complex
- meroulfeit is less/smaller than dortaistes in all respects

Q: Which is more bold, dortaistes or meroulfeit? (Answer EXACTLY ONE WORD)
A:"
MORE_Q_pair73,MORE,Q,pair73,dortaistes,meroulfeit,meroulfeit,dortaistes,4809,53534,novel_word,"Definitions:
- dortaistes: something that is bold and complex
- meroulfeit is more/greater than dortaistes in all respects

Q: Which is more complex, dortaistes or meroulfeit? (Answer EXACTLY ONE WORD)
A:"
LESS_Q_pair73,LESS,Q,pair73,dortaistes,meroulfeit,dortaistes,meroulfeit,53534,4809,novel_word,"Definitions:
- dortaistes: something that is bold and complex
- meroulfeit is less/smaller than dortaistes in all respects

Q: Which is more complex, dortaistes or meroulfeit? (Answer EXACTLY ONE WORD)
A:"
SAME_P_pair74,SAME,P,pair74,punenstut,zunpeingrir,bold,cautious,14265,46878,attribute_word,"Definitions:
- punenstut: something that is bold and complex
- zunpeingrir is the same as punenstut

Q: Is zunpeingrir bold or cautious? (Answer EXACTLY ONE WORD)
A:"
OPP_P_pair74,OPP,P,pair74,punenstut,zunpeingrir,cautious,bold,46878,14265,attribute_word,"Definitions:
- punenstut: something that is bold and complex
- zunpeingrir is the opposite of punenstut

Q: Is zunpeingrir bold or cautious? (Answer EXACTLY ONE WORD)
A:"
SAME_Q_pair74,SAME,Q,pair74,punenstut,zunpeingrir,complex,simple,6485,4382,attribute_word,"Definitions:
- punenstut: something that is bold and complex
- zunpeingrir is the same as punenstut

Q: Is zunpeingrir complex or simple? (Answer EXACTLY ONE WORD)
A:"
OPP_Q_pair74,OPP,Q,pair74,punenstut,zunpeingrir,simple,complex,4382,6485,attribute_word,"Definitions:
- punenstut: something that is bold and complex
- zunpeingrir is the opposite of punenstut

Q: Is zunpeingrir complex or simple? (Answer EXACTLY ONE WORD)
A:"
MORE_P_pair74,MORE,P,pair74,punenstut,zunpeingrir,zunpeingrir,punenstut,99275,8474,novel_word,"Definitions:
- punenstut: something that is bold and complex
- zunpeingrir is more/greater than punenstut in all respects

Q: Which is more bold, punenstut or zunpeingrir? (Answer EXACTLY ONE WORD)
A:"
LESS_P_pair74,LESS,P,pair74,punenstut,zunpeingrir,punenstut,zunpeingrir,8474,99275,novel_word,"Definitions:
- punenstut: something that is bold and complex
- zunpeingrir is less/smaller than punenstut in all respects

Q: Which is more bold, punenstut or zunpeingrir? (Answer EXACTLY ONE WORD)
A:"
MORE_Q_pair74,MORE,Q,pair74,punenstut,zunpeingrir,zunpeingrir,punenstut,99275,8474,novel_word,"Definitions:
- punenstut: something that is bold and complex
- zunpeingrir is more/greater than punenstut in all respects

Q: Which is more complex, punenstut or zunpeingrir? (Answer EXACTLY ONE WORD)
A:"
LESS_Q_pair74,LESS,Q,pair74,punenstut,zunpeingrir,punenstut,zunpeingrir,8474,99275,novel_word,"Definitions:
- punenstut: something that is bold and complex
- zunpeingrir is less/smaller than punenstut in all respects

Q: Which is more complex, punenstut or zunpeingrir? (Answer EXACTLY ONE WORD)
A:"
SAME_P_pair75,SAME,P,pair75,vaislultrem,roukrisbro,bold,cautious,14265,46878,attribute_word,"Definitions:
- vaislultrem: something that is bold and complex
- roukrisbro is the same as vaislultrem

Q: Is roukrisbro bold or cautious? (Answer EXACTLY ONE WORD)
A:"
OPP_P_pair75,OPP,P,pair75,vaislultrem,roukrisbro,cautious,bold,46878,14265,attribute_word,"Definitions:
- vaislultrem: something that is bold and complex
- roukrisbro is the opposite of vaislultrem

Q: Is roukrisbro bold or cautious? (Answer EXACTLY ONE WORD)
A:"
SAME_Q_pair75,SAME,Q,pair75,vaislultrem,roukrisbro,complex,simple,6485,4382,attribute_word,"Definitions:
- vaislultrem: something that is bold and complex
- roukrisbro is the same as vaislultrem

Q: Is roukrisbro complex or simple? (Answer EXACTLY ONE WORD)
A:"
OPP_Q_pair75,OPP,Q,pair75,vaislultrem,roukrisbro,simple,complex,4382,6485,attribute_word,"Definitions:
- vaislultrem: something that is bold and complex
- roukrisbro is the opposite of vaislultrem

Q: Is roukrisbro complex or simple? (Answer EXACTLY ONE WORD)
A:"
MORE_P_pair75,MORE,P,pair75,vaislultrem,roukrisbro,roukrisbro,vaislultrem,29465,91507,novel_word,"Definitions:
- vaislultrem: something that is bold and complex
- roukrisbro is more/greater than vaislultrem in all respects

Q: Which is more bold, vaislultrem or roukrisbro? (Answer EXACTLY ONE WORD)
A:"
LESS_P_pair75,LESS,P,pair75,vaislultrem,roukrisbro,vaislultrem,roukrisbro,91507,29465,novel_word,"Definitions:
- vaislultrem: something that is bold and complex
- roukrisbro is less/smaller than vaislultrem in all respects

Q: Which is more bold, vaislultrem or roukrisbro? (Answer EXACTLY ONE WORD)
A:"
MORE_Q_pair75,MORE,Q,pair75,vaislultrem,roukrisbro,roukrisbro,vaislultrem,29465,91507,novel_word,"Definitions:
- vaislultrem: something that is bold and complex
- roukrisbro is more/greater than vaislultrem in all respects

Q: Which is more complex, vaislultrem or roukrisbro? (Answer EXACTLY ONE WORD)
A:"
LESS_Q_pair75,LESS,Q,pair75,vaislultrem,roukrisbro,vaislultrem,roukrisbro,91507,29465,novel_word,"Definitions:
- vaislultrem: something that is bold and complex
- roukrisbro is less/smaller than vaislultrem in all respects

Q: Which is more complex, vaislultrem or roukrisbro? (Answer EXACTLY ONE WORD)
A:"
SAME_P_pair76,SAME,P,pair76,lainkunkir,risreinprim,bold,cautious,14265,46878,attribute_word,"Definitions:
- lainkunkir: something that is bold and complex
- risreinprim is the same as lainkunkir

Q: Is risreinprim bold or cautious? (Answer EXACTLY ONE WORD)
A:"
OPP_P_pair76,OPP,P,pair76,lainkunkir,risreinprim,cautious,bold,46878,14265,attribute_word,"Definitions:
- lainkunkir: something that is bold and complex
- risreinprim is the opposite of lainkunkir

Q: Is risreinprim bold or cautious? (Answer EXACTLY ONE WORD)
A:"
SAME_Q_pair76,SAME,Q,pair76,lainkunkir,risreinprim,complex,simple,6485,4382,attribute_word,"Definitions:
- lainkunkir: something that is bold and complex
- risreinprim is the same as lainkunkir

Q: Is risreinprim complex or simple? (Answer EXACTLY ONE WORD)
A:"
OPP_Q_pair76,OPP,Q,pair76,lainkunkir,risreinprim,simple,complex,4382,6485,attribute_word,"Definitions:
- lainkunkir: something that is bold and complex
- risreinprim is the opposite of lainkunkir

Q: Is risreinprim complex or simple? (Answer EXACTLY ONE WORD)
A:"
MORE_P_pair76,MORE,P,pair76,lainkunkir,risreinprim,risreinprim,lainkunkir,10025,51476,novel_word,"Definitions:
- lainkunkir: something that is bold and complex
- risreinprim is more/greater than lainkunkir in all respects

Q: Which is more bold, lainkunkir or risreinprim? (Answer EXACTLY ONE WORD)
A:"
LESS_P_pair76,LESS,P,pair76,lainkunkir,risreinprim,lainkunkir,risreinprim,51476,10025,novel_word,"Definitions:
- lainkunkir: something that is bold and complex
- risreinprim is less/smaller than lainkunkir in all respects

Q: Which is more bold, lainkunkir or risreinprim? (Answer EXACTLY ONE WORD)
A:"
MORE_Q_pair76,MORE,Q,pair76,lainkunkir,risreinprim,risreinprim,lainkunkir,10025,51476,novel_word,"Definitions:
- lainkunkir: something that is bold and complex
- risreinprim is more/greater than lainkunkir in all respects

Q: Which is more complex, lainkunkir or risreinprim? (Answer EXACTLY ONE WORD)
A:"
LESS_Q_pair76,LESS,Q,pair76,lainkunkir,risreinprim,lainkunkir,risreinprim,51476,10025,novel_word,"Definitions:
- lainkunkir: something that is bold and complex
- risreinprim is less/smaller than lainkunkir in all respects

Q: Which is more complex, lainkunkir or risreinprim? (Answer EXACTLY ONE WORD)
A:"
SAME_P_pair77,SAME,P,pair77,verpeisnat,morploulvat,bold,cautious,14265,46878,attribute_word,"Definitions:
- verpeisnat: something that is bold and complex
- morploulvat is the same as verpeisnat

Q: Is morploulvat bold or cautious? (Answer EXACTLY ONE WORD)
A:"
OPP_P_pair77,OPP,P,pair77,verpeisnat,morploulvat,cautious,bold,46878,14265,attribute_word,"Definitions:
- verpeisnat: something that is bold and complex
- morploulvat is the opposite of verpeisnat

Q: Is morploulvat bold or cautious? (Answer EXACTLY ONE WORD)
A:"
SAME_Q_pair77,SAME,Q,pair77,verpeisnat,morploulvat,complex,simple,6485,4382,attribute_word,"Definitions:
- verpeisnat: something that is bold and complex
- morploulvat is the same as verpeisnat

Q: Is morploulvat complex or simple? (Answer EXACTLY ONE WORD)
A:"
OPP_Q_pair77,OPP,Q,pair77,verpeisnat,morploulvat,simple,complex,4382,6485,attribute_word,"Definitions:
- verpeisnat: something that is bold and complex
- morploulvat is the opposite of verpeisnat

Q: Is morploulvat complex or simple? (Answer EXACTLY ONE WORD)
A:"
MORE_P_pair77,MORE,P,pair77,verpeisnat,morploulvat,morploulvat,verpeisnat,4411,2807,novel_word,"Definitions:
- verpeisnat: something that is bold and complex
- morploulvat is more/greater than verpeisnat in all respects

Q: Which is more bold, verpeisnat or morploulvat? (Answer EXACTLY ONE WORD)
A:"
LESS_P_pair77,LESS,P,pair77,verpeisnat,morploulvat,verpeisnat,morploulvat,2807,4411,novel_word,"Definitions:
- verpeisnat: something that is bold and complex
- morploulvat is less/smaller than verpeisnat in all respects

Q: Which is more bold, verpeisnat or morploulvat? (Answer EXACTLY ONE WORD)
A:"
MORE_Q_pair77,MORE,Q,pair77,verpeisnat,morploulvat,morploulvat,verpeisnat,4411,2807,novel_word,"Definitions:
- verpeisnat: something that is bold and complex
- morploulvat is more/greater than verpeisnat in all respects

Q: Which is more complex, verpeisnat or morploulvat? (Answer EXACTLY ONE WORD)
A:"
LESS_Q_pair77,LESS,Q,pair77,verpeisnat,morploulvat,verpeisnat,morploulvat,2807,4411,novel_word,"Definitions:
- verpeisnat: something that is bold and complex
- morploulvat is less/smaller than verpeisnat in all respects

Q: Which is more complex, verpeisnat or morploulvat? (Answer EXACTLY ONE WORD)
A:"
SAME_P_pair78,SAME,P,pair78,zalpeispok,vilwoustein,bold,cautious,14265,46878,attribute_word,"Definitions:
- zalpeispok: something that is bold and complex
- vilwoustein is the same as zalpeispok

Q: Is vilwoustein bold or cautious? (Answer EXACTLY ONE WORD)
A:"
OPP_P_pair78,OPP,P,pair78,zalpeispok,vilwoustein,cautious,bold,46878,14265,attribute_word,"Definitions:
- zalpeispok: something that is bold and complex
- vilwoustein is the opposite of zalpeispok

Q: Is vilwoustein bold or cautious? (Answer EXACTLY ONE WORD)
A:"
SAME_Q_pair78,SAME,Q,pair78,zalpeispok,vilwoustein,complex,simple,6485,4382,attribute_word,"Definitions:
- zalpeispok: something that is bold and complex
- vilwoustein is the same as zalpeispok

Q: Is vilwoustein complex or simple? (Answer EXACTLY ONE WORD)
A:"
OPP_Q_pair78,OPP,Q,pair78,zalpeispok,vilwoustein,simple,complex,4382,6485,attribute_word,"Definitions:
- zalpeispok: something that is bold and complex
- vilwoustein is the opposite of zalpeispok

Q: Is vilwoustein complex or simple? (Answer EXACTLY ONE WORD)
A:"
MORE_P_pair78,MORE,P,pair78,zalpeispok,vilwoustein,vilwoustein,zalpeispok,26886,66658,novel_word,"Definitions:
- zalpeispok: something that is bold and complex
- vilwoustein is more/greater than zalpeispok in all respects

Q: Which is more bold, zalpeispok or vilwoustein? (Answer EXACTLY ONE WORD)
A:"
LESS_P_pair78,LESS,P,pair78,zalpeispok,vilwoustein,zalpeispok,vilwoustein,66658,26886,novel_word,"Definitions:
- zalpeispok: something that is bold and complex
- vilwoustein is less/smaller than zalpeispok in all respects

Q: Which is more bold, zalpeispok or vilwoustein? (Answer EXACTLY ONE WORD)
A:"
MORE_Q_pair78,MORE,Q,pair78,zalpeispok,vilwoustein,vilwoustein,zalpeispok,26886,66658,novel_word,"Definitions:
- zalpeispok: something that is bold and complex
- vilwoustein is more/greater than zalpeispok in all respects

Q: Which is more complex, zalpeispok or vilwoustein? (Answer EXACTLY ONE WORD)
A:"
LESS_Q_pair78,LESS,Q,pair78,zalpeispok,vilwoustein,zalpeispok,vilwoustein,66658,26886,novel_word,"Definitions:
- zalpeispok: something that is bold and complex
- vilwoustein is less/smaller than zalpeispok in all respects

Q: Which is more complex, zalpeispok or vilwoustein? (Answer EXACTLY ONE WORD)
A:"
SAME_P_pair79,SAME,P,pair79,stertrismum,firpindein,bold,cautious,14265,46878,attribute_word,"Definitions:
- stertrismum: something that is bold and complex
- firpindein is the same as stertrismum

Q: Is firpindein bold or cautious? (Answer EXACTLY ONE WORD)
A:"
OPP_P_pair79,OPP,P,pair79,stertrismum,firpindein,cautious,bold,46878,14265,attribute_word,"Definitions:
- stertrismum: something that is bold and complex
- firpindein is the opposite of stertrismum

Q: Is firpindein bold or cautious? (Answer EXACTLY ONE WORD)
A:"
SAME_Q_pair79,SAME,Q,pair79,stertrismum,firpindein,complex,simple,6485,4382,attribute_word,"Definitions:
- stertrismum: something that is bold and complex
- firpindein is the same as stertrismum

Q: Is firpindein complex or simple? (Answer EXACTLY ONE WORD)
A:"
OPP_Q_pair79,OPP,Q,pair79,stertrismum,firpindein,simple,complex,4382,6485,attribute_word,"Definitions:
- stertrismum: something that is bold and complex
- firpindein is the opposite of stertrismum

Q: Is firpindein complex or simple? (Answer EXACTLY ONE WORD)
A:"
MORE_P_pair79,MORE,P,pair79,stertrismum,firpindein,firpindein,stertrismum,35092,22562,novel_word,"Definitions:
- stertrismum: something that is bold and complex
- firpindein is more/greater than stertrismum in all respects

Q: Which is more bold, stertrismum or firpindein? (Answer EXACTLY ONE WORD)
A:"
LESS_P_pair79,LESS,P,pair79,stertrismum,firpindein,stertrismum,firpindein,22562,35092,novel_word,"Definitions:
- stertrismum: something that is bold and complex
- firpindein is less/smaller than stertrismum in all respects

Q: Which is more bold, stertrismum or firpindein? (Answer EXACTLY ONE WORD)
A:"
MORE_Q_pair79,MORE,Q,pair79,stertrismum,firpindein,firpindein,stertrismum,35092,22562,novel_word,"Definitions:
- stertrismum: something that is bold and complex
- firpindein is more/greater than stertrismum in all respects

Q: Which is more complex, stertrismum or firpindein? (Answer EXACTLY ONE WORD)
A:"
LESS_Q_pair79,LESS,Q,pair79,stertrismum,firpindein,stertrismum,firpindein,22562,35092,novel_word,"Definitions:
- stertrismum: something that is bold and complex
- firpindein is less/smaller than stertrismum in all respects

Q: Which is more complex, stertrismum or firpindein? (Answer EXACTLY ONE WORD)
A:"
SAME_P_pair80,SAME,P,pair80,trosgoulpor,mesmainstik,bold,cautious,14265,46878,attribute_word,"Definitions:
- trosgoulpor: something that is bold and complex
- mesmainstik is the same as trosgoulpor

Q: Is mesmainstik bold or cautious? (Answer EXACTLY ONE WORD)
A:"
OPP_P_pair80,OPP,P,pair80,trosgoulpor,mesmainstik,cautious,bold,46878,14265,attribute_word,"Definitions:
- trosgoulpor: something that is bold and complex
- mesmainstik is the opposite of trosgoulpor

Q: Is mesmainstik bold or cautious? (Answer EXACTLY ONE WORD)
A:"
SAME_Q_pair80,SAME,Q,pair80,trosgoulpor,mesmainstik,complex,simple,6485,4382,attribute_word,"Definitions:
- trosgoulpor: something that is bold and complex
- mesmainstik is the same as trosgoulpor

Q: Is mesmainstik complex or simple? (Answer EXACTLY ONE WORD)
A:"
OPP_Q_pair80,OPP,Q,pair80,trosgoulpor,mesmainstik,simple,complex,4382,6485,attribute_word,"Definitions:
- trosgoulpor: something that is bold and complex
- mesmainstik is the opposite of trosgoulpor

Q: Is mesmainstik complex or simple? (Answer EXACTLY ONE WORD)
A:"
MORE_P_pair80,MORE,P,pair80,trosgoulpor,mesmainstik,mesmainstik,trosgoulpor,11083,8348,novel_word,"Definitions:
- trosgoulpor: something that is bold and complex
- mesmainstik is more/greater than trosgoulpor in all respects

Q: Which is more bold, trosgoulpor or mesmainstik? (Answer EXACTLY ONE WORD)
A:"
LESS_P_pair80,LESS,P,pair80,trosgoulpor,mesmainstik,trosgoulpor,mesmainstik,8348,11083,novel_word,"Definitions:
- trosgoulpor: something that is bold and complex
- mesmainstik is less/smaller than trosgoulpor in all respects

Q: Which is more bold, trosgoulpor or mesmainstik? (Answer EXACTLY ONE WORD)
A:"
MORE_Q_pair80,MORE,Q,pair80,trosgoulpor,mesmainstik,mesmainstik,trosgoulpor,11083,8348,novel_word,"Definitions:
- trosgoulpor: something that is bold and complex
- mesmainstik is more/greater than trosgoulpor in all respects

Q: Which is more complex, trosgoulpor or mesmainstik? (Answer EXACTLY ONE WORD)
A:"
LESS_Q_pair80,LESS,Q,pair80,trosgoulpor,mesmainstik,trosgoulpor,mesmainstik,8348,11083,novel_word,"Definitions:
- trosgoulpor: something that is bold and complex
- mesmainstik is less/smaller than trosgoulpor in all respects

Q: Which is more complex, trosgoulpor or mesmainstik? (Answer EXACTLY ONE WORD)
A:"
SAME_P_pair81,SAME,P,pair81,tusplukrait,karveinkran,bold,cautious,14265,46878,attribute_word,"Definitions:
- tusplukrait: something that is bold and complex
- karveinkran is the same as tusplukrait

Q: Is karveinkran bold or cautious? (Answer EXACTLY ONE WORD)
A:"
OPP_P_pair81,OPP,P,pair81,tusplukrait,karveinkran,cautious,bold,46878,14265,attribute_word,"Definitions:
- tusplukrait: something that is bold and complex
- karveinkran is the opposite of tusplukrait

Q: Is karveinkran bold or cautious? (Answer EXACTLY ONE WORD)
A:"
SAME_Q_pair81,SAME,Q,pair81,tusplukrait,karveinkran,complex,simple,6485,4382,attribute_word,"Definitions:
- tusplukrait: something that is bold and complex
- karveinkran is the same as tusplukrait

Q: Is karveinkran complex or simple? (Answer EXACTLY ONE WORD)
A:"
OPP_Q_pair81,OPP,Q,pair81,tusplukrait,karveinkran,simple,complex,4382,6485,attribute_word,"Definitions:
- tusplukrait: something that is bold and complex
- karveinkran is the opposite of tusplukrait

Q: Is karveinkran complex or simple? (Answer EXACTLY ONE WORD)
A:"
MORE_P_pair81,MORE,P,pair81,tusplukrait,karveinkran,karveinkran,tusplukrait,24318,41784,novel_word,"Definitions:
- tusplukrait: something that is bold and complex
- karveinkran is more/greater than tusplukrait in all respects

Q: Which is more bold, tusplukrait or karveinkran? (Answer EXACTLY ONE WORD)
A:"
LESS_P_pair81,LESS,P,pair81,tusplukrait,karveinkran,tusplukrait,karveinkran,41784,24318,novel_word,"Definitions:
- tusplukrait: something that is bold and complex
- karveinkran is less/smaller than tusplukrait in all respects

Q: Which is more bold, tusplukrait or karveinkran? (Answer EXACTLY ONE WORD)
A:"
MORE_Q_pair81,MORE,Q,pair81,tusplukrait,karveinkran,karveinkran,tusplukrait,24318,41784,novel_word,"Definitions:
- tusplukrait: something that is bold and complex
- karveinkran is more/greater than tusplukrait in all respects

Q: Which is more complex, tusplukrait or karveinkran? (Answer EXACTLY ONE WORD)
A:"
LESS_Q_pair81,LESS,Q,pair81,tusplukrait,karveinkran,tusplukrait,karveinkran,41784,24318,novel_word,"Definitions:
- tusplukrait: something that is bold and complex
- karveinkran is less/smaller than tusplukrait in all respects

Q: Which is more complex, tusplukrait or karveinkran? (Answer EXACTLY ONE WORD)
A:"
SAME_P_pair82,SAME,P,pair82,keinfekei,borprunteis,bold,cautious,14265,46878,attribute_word,"Definitions:
- keinfekei: something that is bold and complex
- borprunteis is the same as keinfekei

Q: Is borprunteis bold or cautious? (Answer EXACTLY ONE WORD)
A:"
OPP_P_pair82,OPP,P,pair82,keinfekei,borprunteis,cautious,bold,46878,14265,attribute_word,"Definitions:
- keinfekei: something that is bold and complex
- borprunteis is the opposite of keinfekei

Q: Is borprunteis bold or cautious? (Answer EXACTLY ONE WORD)
A:"
SAME_Q_pair82,SAME,Q,pair82,keinfekei,borprunteis,complex,simple,6485,4382,attribute_word,"Definitions:
- keinfekei: something that is bold and complex
- borprunteis is the same as keinfekei

Q: Is borprunteis complex or simple? (Answer EXACTLY ONE WORD)
A:"
OPP_Q_pair82,OPP,Q,pair82,keinfekei,borprunteis,simple,complex,4382,6485,attribute_word,"Definitions:
- keinfekei: something that is bold and complex
- borprunteis is the opposite of keinfekei

Q: Is borprunteis complex or simple? (Answer EXACTLY ONE WORD)
A:"
MORE_P_pair82,MORE,P,pair82,keinfekei,borprunteis,borprunteis,keinfekei,32732,49903,novel_word,"Definitions:
- keinfekei: something that is bold and complex
- borprunteis is more/greater than keinfekei in all respects

Q: Which is more bold, keinfekei or borprunteis? (Answer EXACTLY ONE WORD)
A:"
LESS_P_pair82,LESS,P,pair82,keinfekei,borprunteis,keinfekei,borprunteis,49903,32732,novel_word,"Definitions:
- keinfekei: something that is bold and complex
- borprunteis is less/smaller than keinfekei in all respects

Q: Which is more bold, keinfekei or borprunteis? (Answer EXACTLY ONE WORD)
A:"
MORE_Q_pair82,MORE,Q,pair82,keinfekei,borprunteis,borprunteis,keinfekei,32732,49903,novel_word,"Definitions:
- keinfekei: something that is bold and complex
- borprunteis is more/greater than keinfekei in all respects

Q: Which is more complex, keinfekei or borprunteis? (Answer EXACTLY ONE WORD)
A:"
LESS_Q_pair82,LESS,Q,pair82,keinfekei,borprunteis,keinfekei,borprunteis,49903,32732,novel_word,"Definitions:
- keinfekei: something that is bold and complex
- borprunteis is less/smaller than keinfekei in all respects

Q: Which is more complex, keinfekei or borprunteis? (Answer EXACTLY ONE WORD)
A:"
SAME_P_pair83,SAME,P,pair83,gerplotrot,mosounros,bold,cautious,14265,46878,attribute_word,"Definitions:
- gerplotrot: something that is bold and complex
- mosounros is the same as gerplotrot

Q: Is mosounros bold or cautious? (Answer EXACTLY ONE WORD)
A:"
OPP_P_pair83,OPP,P,pair83,gerplotrot,mosounros,cautious,bold,46878,14265,attribute_word,"Definitions:
- gerplotrot: something that is bold and complex
- mosounros is the opposite of gerplotrot

Q: Is mosounros bold or cautious? (Answer EXACTLY ONE WORD)
A:"
SAME_Q_pair83,SAME,Q,pair83,gerplotrot,mosounros,complex,simple,6485,4382,attribute_word,"Definitions:
- gerplotrot: something that is bold and complex
- mosounros is the same as gerplotrot

Q: Is mosounros complex or simple? (Answer EXACTLY ONE WORD)
A:"
OPP_Q_pair83,OPP,Q,pair83,gerplotrot,mosounros,simple,complex,4382,6485,attribute_word,"Definitions:
- gerplotrot: something that is bold and complex
- mosounros is the opposite of gerplotrot

Q: Is mosounros complex or simple? (Answer EXACTLY ONE WORD)
A:"
MORE_P_pair83,MORE,P,pair83,gerplotrot,mosounros,mosounros,gerplotrot,23518,17684,novel_word,"Definitions:
- gerplotrot: something that is bold and complex
- mosounros is more/greater than gerplotrot in all respects

Q: Which is more bold, gerplotrot or mosounros? (Answer EXACTLY ONE WORD)
A:"
LESS_P_pair83,LESS,P,pair83,gerplotrot,mosounros,gerplotrot,mosounros,17684,23518,novel_word,"Definitions:
- gerplotrot: something that is bold and complex
- mosounros is less/smaller than gerplotrot in all respects

Q: Which is more bold, gerplotrot or mosounros? (Answer EXACTLY ONE WORD)
A:"
MORE_Q_pair83,MORE,Q,pair83,gerplotrot,mosounros,mosounros,gerplotrot,23518,17684,novel_word,"Definitions:
- gerplotrot: something that is bold and complex
- mosounros is more/greater than gerplotrot in all respects

Q: Which is more complex, gerplotrot or mosounros? (Answer EXACTLY ONE WORD)
A:"
LESS_Q_pair83,LESS,Q,pair83,gerplotrot,mosounros,gerplotrot,mosounros,17684,23518,novel_word,"Definitions:
- gerplotrot: something that is bold and complex
- mosounros is less/smaller than gerplotrot in all respects

Q: Which is more complex, gerplotrot or mosounros? (Answer EXACTLY ONE WORD)
A:"
SAME_P_pair84,SAME,P,pair84,reintrulwi,wenpispeim,bold,cautious,14265,46878,attribute_word,"Definitions:
- reintrulwi: something that is bold and complex
- wenpispeim is the same as reintrulwi

Q: Is wenpispeim bold or cautious? (Answer EXACTLY ONE WORD)
A:"
OPP_P_pair84,OPP,P,pair84,reintrulwi,wenpispeim,cautious,bold,46878,14265,attribute_word,"Definitions:
- reintrulwi: something that is bold and complex
- wenpispeim is the opposite of reintrulwi

Q: Is wenpispeim bold or cautious? (Answer EXACTLY ONE WORD)
A:"
SAME_Q_pair84,SAME,Q,pair84,reintrulwi,wenpispeim,complex,simple,6485,4382,attribute_word,"Definitions:
- reintrulwi: something that is bold and complex
- wenpispeim is the same as reintrulwi

Q: Is wenpispeim complex or simple? (Answer EXACTLY ONE WORD)
A:"
OPP_Q_pair84,OPP,Q,pair84,reintrulwi,wenpispeim,simple,complex,4382,6485,attribute_word,"Definitions:
- reintrulwi: something that is bold and complex
- wenpispeim is the opposite of reintrulwi

Q: Is wenpispeim complex or simple? (Answer EXACTLY ONE WORD)
A:"
MORE_P_pair84,MORE,P,pair84,reintrulwi,wenpispeim,wenpispeim,reintrulwi,38457,15601,novel_word,"Definitions:
- reintrulwi: something that is bold and complex
- wenpispeim is more/greater than reintrulwi in all respects

Q: Which is more bold, reintrulwi or wenpispeim? (Answer EXACTLY ONE WORD)
A:"
LESS_P_pair84,LESS,P,pair84,reintrulwi,wenpispeim,reintrulwi,wenpispeim,15601,38457,novel_word,"Definitions:
- reintrulwi: something that is bold and complex
- wenpispeim is less/smaller than reintrulwi in all respects

Q: Which is more bold, reintrulwi or wenpispeim? (Answer EXACTLY ONE WORD)
A:"
MORE_Q_pair84,MORE,Q,pair84,reintrulwi,wenpispeim,wenpispeim,reintrulwi,38457,15601,novel_word,"Definitions:
- reintrulwi: something that is bold and complex
- wenpispeim is more/greater than reintrulwi in all respects

Q: Which is more complex, reintrulwi or wenpispeim? (Answer EXACTLY ONE WORD)
A:"
LESS_Q_pair84,LESS,Q,pair84,reintrulwi,wenpispeim,reintrulwi,wenpispeim,15601,38457,novel_word,"Definitions:
- reintrulwi: something that is bold and complex
- wenpispeim is less/smaller than reintrulwi in all respects

Q: Which is more complex, reintrulwi or wenpispeim? (Answer EXACTLY ONE WORD)
A:"
SAME_P_pair85,SAME,P,pair85,tousreifum,bourkeislor,bold,cautious,14265,46878,attribute_word,"Definitions:
- tousreifum: something that is bold and complex
- bourkeislor is the same as tousreifum

Q: Is bourkeislor bold or cautious? (Answer EXACTLY ONE WORD)
A:"
OPP_P_pair85,OPP,P,pair85,tousreifum,bourkeislor,cautious,bold,46878,14265,attribute_word,"Definitions:
- tousreifum: something that is bold and complex
- bourkeislor is the opposite of tousreifum

Q: Is bourkeislor bold or cautious? (Answer EXACTLY ONE WORD)
A:"
SAME_Q_pair85,SAME,Q,pair85,tousreifum,bourkeislor,complex,simple,6485,4382,attribute_word,"Definitions:
- tousreifum: something that is bold and complex
- bourkeislor is the same as tousreifum

Q: Is bourkeislor complex or simple? (Answer EXACTLY ONE WORD)
A:"
OPP_Q_pair85,OPP,Q,pair85,tousreifum,bourkeislor,simple,complex,4382,6485,attribute_word,"Definitions:
- tousreifum: something that is bold and complex
- bourkeislor is the opposite of tousreifum

Q: Is bourkeislor complex or simple? (Answer EXACTLY ONE WORD)
A:"
MORE_P_pair85,MORE,P,pair85,tousreifum,bourkeislor,bourkeislor,tousreifum,36679,26725,novel_word,"Definitions:
- tousreifum: something that is bold and complex
- bourkeislor is more/greater than tousreifum in all respects

Q: Which is more bold, tousreifum or bourkeislor? (Answer EXACTLY ONE WORD)
A:"
LESS_P_pair85,LESS,P,pair85,tousreifum,bourkeislor,tousreifum,bourkeislor,26725,36679,novel_word,"Definitions:
- tousreifum: something that is bold and complex
- bourkeislor is less/smaller than tousreifum in all respects

Q: Which is more bold, tousreifum or bourkeislor? (Answer EXACTLY ONE WORD)
A:"
MORE_Q_pair85,MORE,Q,pair85,tousreifum,bourkeislor,bourkeislor,tousreifum,36679,26725,novel_word,"Definitions:
- tousreifum: something that is bold and complex
- bourkeislor is more/greater than tousreifum in all respects

Q: Which is more complex, tousreifum or bourkeislor? (Answer EXACTLY ONE WORD)
A:"
LESS_Q_pair85,LESS,Q,pair85,tousreifum,bourkeislor,tousreifum,bourkeislor,26725,36679,novel_word,"Definitions:
- tousreifum: something that is bold and complex
- bourkeislor is less/smaller than tousreifum in all respects

Q: Which is more complex, tousreifum or bourkeislor? (Answer EXACTLY ONE WORD)
A:"
SAME_P_pair86,SAME,P,pair86,winnounkros,farpaiflan,bold,cautious,14265,46878,attribute_word,"Definitions:
- winnounkros: something that is bold and complex
- farpaiflan is the same as winnounkros

Q: Is farpaiflan bold or cautious? (Answer EXACTLY ONE WORD)
A:"
OPP_P_pair86,OPP,P,pair86,winnounkros,farpaiflan,cautious,bold,46878,14265,attribute_word,"Definitions:
- winnounkros: something that is bold and complex
- farpaiflan is the opposite of winnounkros

Q: Is farpaiflan bold or cautious? (Answer EXACTLY ONE WORD)
A:"
SAME_Q_pair86,SAME,Q,pair86,winnounkros,farpaiflan,complex,simple,6485,4382,attribute_word,"Definitions:
- winnounkros: something that is bold and complex
- farpaiflan is the same as winnounkros

Q: Is farpaiflan complex or simple? (Answer EXACTLY ONE WORD)
A:"
OPP_Q_pair86,OPP,Q,pair86,winnounkros,farpaiflan,simple,complex,4382,6485,attribute_word,"Definitions:
- winnounkros: something that is bold and complex
- farpaiflan is the opposite of winnounkros

Q: Is farpaiflan complex or simple? (Answer EXACTLY ONE WORD)
A:"
MORE_P_pair86,MORE,P,pair86,winnounkros,farpaiflan,farpaiflan,winnounkros,3117,3243,novel_word,"Definitions:
- winnounkros: something that is bold and complex
- farpaiflan is more/greater than winnounkros in all respects

Q: Which is more bold, winnounkros or farpaiflan? (Answer EXACTLY ONE WORD)
A:"
LESS_P_pair86,LESS,P,pair86,winnounkros,farpaiflan,winnounkros,farpaiflan,3243,3117,novel_word,"Definitions:
- winnounkros: something that is bold and complex
- farpaiflan is less/smaller than winnounkros in all respects

Q: Which is more bold, winnounkros or farpaiflan? (Answer EXACTLY ONE WORD)
A:"
MORE_Q_pair86,MORE,Q,pair86,winnounkros,farpaiflan,farpaiflan,winnounkros,3117,3243,novel_word,"Definitions:
- winnounkros: something that is bold and complex
- farpaiflan is more/greater than winnounkros in all respects

Q: Which is more complex, winnounkros or farpaiflan? (Answer EXACTLY ONE WORD)
A:"
LESS_Q_pair86,LESS,Q,pair86,winnounkros,farpaiflan,winnounkros,farpaiflan,3243,3117,novel_word,"Definitions:
- winnounkros: something that is bold and complex
- farpaiflan is less/smaller than winnounkros in all respects

Q: Which is more complex, winnounkros or farpaiflan? (Answer EXACTLY ONE WORD)
A:"
SAME_P_pair87,SAME,P,pair87,birtrikul,trotesbous,bold,cautious,14265,46878,attribute_word,"Definitions:
- birtrikul: something that is bold and complex
- trotesbous is the same as birtrikul

Q: Is trotesbous bold or cautious? (Answer EXACTLY ONE WORD)
A:"
OPP_P_pair87,OPP,P,pair87,birtrikul,trotesbous,cautious,bold,46878,14265,attribute_word,"Definitions:
- birtrikul: something that is bold and complex
- trotesbous is the opposite of birtrikul

Q: Is trotesbous bold or cautious? (Answer EXACTLY ONE WORD)
A:"
SAME_Q_pair87,SAME,Q,pair87,birtrikul,trotesbous,complex,simple,6485,4382,attribute_word,"Definitions:
- birtrikul: something that is bold and complex
- trotesbous is the same as birtrikul

Q: Is trotesbous complex or simple? (Answer EXACTLY ONE WORD)
A:"
OPP_Q_pair87,OPP,Q,pair87,birtrikul,trotesbous,simple,complex,4382,6485,attribute_word,"Definitions:
- birtrikul: something that is bold and complex
- trotesbous is the opposite of birtrikul

Q: Is trotesbous complex or simple? (Answer EXACTLY ONE WORD)
A:"
MORE_P_pair87,MORE,P,pair87,birtrikul,trotesbous,trotesbous,birtrikul,8348,15606,novel_word,"Definitions:
- birtrikul: something that is bold and complex
- trotesbous is more/greater than birtrikul in all respects

Q: Which is more bold, birtrikul or trotesbous? (Answer EXACTLY ONE WORD)
A:"
LESS_P_pair87,LESS,P,pair87,birtrikul,trotesbous,birtrikul,trotesbous,15606,8348,novel_word,"Definitions:
- birtrikul: something that is bold and complex
- trotesbous is less/smaller than birtrikul in all respects

Q: Which is more bold, birtrikul or trotesbous? (Answer EXACTLY ONE WORD)
A:"
MORE_Q_pair87,MORE,Q,pair87,birtrikul,trotesbous,trotesbous,birtrikul,8348,15606,novel_word,"Definitions:
- birtrikul: something that is bold and complex
- trotesbous is more/greater than birtrikul in all respects

Q: Which is more complex, birtrikul or trotesbous? (Answer EXACTLY ONE WORD)
A:"
LESS_Q_pair87,LESS,Q,pair87,birtrikul,trotesbous,birtrikul,trotesbous,15606,8348,novel_word,"Definitions:
- birtrikul: something that is bold and complex
- trotesbous is less/smaller than birtrikul in all respects

Q: Which is more complex, birtrikul or trotesbous? (Answer EXACTLY ONE WORD)
A:"
SAME_P_pair88,SAME,P,pair88,purdesgreim,winspurkrol,bold,cautious,14265,46878,attribute_word,"Definitions:
- purdesgreim: something that is bold and complex
- winspurkrol is the same as purdesgreim

Q: Is winspurkrol bold or cautious? (Answer EXACTLY ONE WORD)
A:"
OPP_P_pair88,OPP,P,pair88,purdesgreim,winspurkrol,cautious,bold,46878,14265,attribute_word,"Definitions:
- purdesgreim: something that is bold and complex
- winspurkrol is the opposite of purdesgreim

Q: Is winspurkrol bold or cautious? (Answer EXACTLY ONE WORD)
A:"
SAME_Q_pair88,SAME,Q,pair88,purdesgreim,winspurkrol,complex,simple,6485,4382,attribute_word,"Definitions:
- purdesgreim: something that is bold and complex
- winspurkrol is the same as purdesgreim

Q: Is winspurkrol complex or simple? (Answer EXACTLY ONE WORD)
A:"
OPP_Q_pair88,OPP,Q,pair88,purdesgreim,winspurkrol,simple,complex,4382,6485,attribute_word,"Definitions:
- purdesgreim: something that is bold and complex
- winspurkrol is the opposite of purdesgreim

Q: Is winspurkrol complex or simple? (Answer EXACTLY ONE WORD)
A:"
MORE_P_pair88,MORE,P,pair88,purdesgreim,winspurkrol,winspurkrol,purdesgreim,15160,4087,novel_word,"Definitions:
- purdesgreim: something that is bold and complex
- winspurkrol is more/greater than purdesgreim in all respects

Q: Which is more bold, purdesgreim or winspurkrol? (Answer EXACTLY ONE WORD)
A:"
LESS_P_pair88,LESS,P,pair88,purdesgreim,winspurkrol,purdesgreim,winspurkrol,4087,15160,novel_word,"Definitions:
- purdesgreim: something that is bold and complex
- winspurkrol is less/smaller than purdesgreim in all respects

Q: Which is more bold, purdesgreim or winspurkrol? (Answer EXACTLY ONE WORD)
A:"
MORE_Q_pair88,MORE,Q,pair88,purdesgreim,winspurkrol,winspurkrol,purdesgreim,15160,4087,novel_word,"Definitions:
- purdesgreim: something that is bold and complex
- winspurkrol is more/greater than purdesgreim in all respects

Q: Which is more complex, purdesgreim or winspurkrol? (Answer EXACTLY ONE WORD)
A:"
LESS_Q_pair88,LESS,Q,pair88,purdesgreim,winspurkrol,purdesgreim,winspurkrol,4087,15160,novel_word,"Definitions:
- purdesgreim: something that is bold and complex
- winspurkrol is less/smaller than purdesgreim in all respects

Q: Which is more complex, purdesgreim or winspurkrol? (Answer EXACTLY ONE WORD)
A:"
SAME_P_pair89,SAME,P,pair89,gunwezer,falmeiga,bold,cautious,14265,46878,attribute_word,"Definitions:
- gunwezer: something that is bold and complex
- falmeiga is the same as gunwezer

Q: Is falmeiga bold or cautious? (Answer EXACTLY ONE WORD)
A:"
OPP_P_pair89,OPP,P,pair89,gunwezer,falmeiga,cautious,bold,46878,14265,attribute_word,"Definitions:
- gunwezer: something that is bold and complex
- falmeiga is the opposite of gunwezer

Q: Is falmeiga bold or cautious? (Answer EXACTLY ONE WORD)
A:"
SAME_Q_pair89,SAME,Q,pair89,gunwezer,falmeiga,complex,simple,6485,4382,attribute_word,"Definitions:
- gunwezer: something that is bold and complex
- falmeiga is the same as gunwezer

Q: Is falmeiga complex or simple? (Answer EXACTLY ONE WORD)
A:"
OPP_Q_pair89,OPP,Q,pair89,gunwezer,falmeiga,simple,complex,4382,6485,attribute_word,"Definitions:
- gunwezer: something that is bold and complex
- falmeiga is the opposite of gunwezer

Q: Is falmeiga complex or simple? (Answer EXACTLY ONE WORD)
A:"
MORE_P_pair89,MORE,P,pair89,gunwezer,falmeiga,falmeiga,gunwezer,26564,6166,novel_word,"Definitions:
- gunwezer: something that is bold and complex
- falmeiga is more/greater than gunwezer in all respects

Q: Which is more bold, gunwezer or falmeiga? (Answer EXACTLY ONE WORD)
A:"
LESS_P_pair89,LESS,P,pair89,gunwezer,falmeiga,gunwezer,falmeiga,6166,26564,novel_word,"Definitions:
- gunwezer: something that is bold and complex
- falmeiga is less/smaller than gunwezer in all respects

Q: Which is more bold, gunwezer or falmeiga? (Answer EXACTLY ONE WORD)
A:"
MORE_Q_pair89,MORE,Q,pair89,gunwezer,falmeiga,falmeiga,gunwezer,26564,6166,novel_word,"Definitions:
- gunwezer: something that is bold and complex
- falmeiga is more/greater than gunwezer in all respects

Q: Which is more complex, gunwezer or falmeiga? (Answer EXACTLY ONE WORD)
A:"
LESS_Q_pair89,LESS,Q,pair89,gunwezer,falmeiga,gunwezer,falmeiga,6166,26564,novel_word,"Definitions:
- gunwezer: something that is bold and complex
- falmeiga is less/smaller than gunwezer in all respects

Q: Which is more complex, gunwezer or falmeiga? (Answer EXACTLY ONE WORD)
A:"
SAME_P_pair90,SAME,P,pair90,relfeinstin,funveimak,bold,cautious,14265,46878,attribute_word,"Definitions:
- relfeinstin: something that is bold and complex
- funveimak is the same as relfeinstin

Q: Is funveimak bold or cautious? (Answer EXACTLY ONE WORD)
A:"
OPP_P_pair90,OPP,P,pair90,relfeinstin,funveimak,cautious,bold,46878,14265,attribute_word,"Definitions:
- relfeinstin: something that is bold and complex
- funveimak is the opposite of relfeinstin

Q: Is funveimak bold or cautious? (Answer EXACTLY ONE WORD)
A:"
SAME_Q_pair90,SAME,Q,pair90,relfeinstin,funveimak,complex,simple,6485,4382,attribute_word,"Definitions:
- relfeinstin: something that is bold and complex
- funveimak is the same as relfeinstin

Q: Is funveimak complex or simple? (Answer EXACTLY ONE WORD)
A:"
OPP_Q_pair90,OPP,Q,pair90,relfeinstin,funveimak,simple,complex,4382,6485,attribute_word,"Definitions:
- relfeinstin: something that is bold and complex
- funveimak is the opposite of relfeinstin

Q: Is funveimak complex or simple? (Answer EXACTLY ONE WORD)
A:"
MORE_P_pair90,MORE,P,pair90,relfeinstin,funveimak,funveimak,relfeinstin,2523,1375,novel_word,"Definitions:
- relfeinstin: something that is bold and complex
- funveimak is more/greater than relfeinstin in all respects

Q: Which is more bold, relfeinstin or funveimak? (Answer EXACTLY ONE WORD)
A:"
LESS_P_pair90,LESS,P,pair90,relfeinstin,funveimak,relfeinstin,funveimak,1375,2523,novel_word,"Definitions:
- relfeinstin: something that is bold and complex
- funveimak is less/smaller than relfeinstin in all respects

Q: Which is more bold, relfeinstin or funveimak? (Answer EXACTLY ONE WORD)
A:"
MORE_Q_pair90,MORE,Q,pair90,relfeinstin,funveimak,funveimak,relfeinstin,2523,1375,novel_word,"Definitions:
- relfeinstin: something that is bold and complex
- funveimak is more/greater than relfeinstin in all respects

Q: Which is more complex, relfeinstin or funveimak? (Answer EXACTLY ONE WORD)
A:"
LESS_Q_pair90,LESS,Q,pair90,relfeinstin,funveimak,relfeinstin,funveimak,1375,2523,novel_word,"Definitions:
- relfeinstin: something that is bold and complex
- funveimak is less/smaller than relfeinstin in all respects

Q: Which is more complex, relfeinstin or funveimak? (Answer EXACTLY ONE WORD)
A:"
SAME_P_pair91,SAME,P,pair91,laplerdit,rububrim,bold,cautious,14265,46878,attribute_word,"Definitions:
- laplerdit: something that is bold and complex
- rububrim is the same as laplerdit

Q: Is rububrim bold or cautious? (Answer EXACTLY ONE WORD)
A:"
OPP_P_pair91,OPP,P,pair91,laplerdit,rububrim,cautious,bold,46878,14265,attribute_word,"Definitions:
- laplerdit: something that is bold and complex
- rububrim is the opposite of laplerdit

Q: Is rububrim bold or cautious? (Answer EXACTLY ONE WORD)
A:"
SAME_Q_pair91,SAME,Q,pair91,laplerdit,rububrim,complex,simple,6485,4382,attribute_word,"Definitions:
- laplerdit: something that is bold and complex
- rububrim is the same as laplerdit

Q: Is rububrim complex or simple? (Answer EXACTLY ONE WORD)
A:"
OPP_Q_pair91,OPP,Q,pair91,laplerdit,rububrim,simple,complex,4382,6485,attribute_word,"Definitions:
- laplerdit: something that is bold and complex
- rububrim is the opposite of laplerdit

Q: Is rububrim complex or simple? (Answer EXACTLY ONE WORD)
A:"
MORE_P_pair91,MORE,P,pair91,laplerdit,rububrim,rububrim,laplerdit,10485,24301,novel_word,"Definitions:
- laplerdit: something that is bold and complex
- rububrim is more/greater than laplerdit in all respects

Q: Which is more bold, laplerdit or rububrim? (Answer EXACTLY ONE WORD)
A:"
LESS_P_pair91,LESS,P,pair91,laplerdit,rububrim,laplerdit,rububrim,24301,10485,novel_word,"Definitions:
- laplerdit: something that is bold and complex
- rububrim is less/smaller than laplerdit in all respects

Q: Which is more bold, laplerdit or rububrim? (Answer EXACTLY ONE WORD)
A:"
MORE_Q_pair91,MORE,Q,pair91,laplerdit,rububrim,rububrim,laplerdit,10485,24301,novel_word,"Definitions:
- laplerdit: something that is bold and complex
- rububrim is more/greater than laplerdit in all respects

Q: Which is more complex, laplerdit or rububrim? (Answer EXACTLY ONE WORD)
A:"
LESS_Q_pair91,LESS,Q,pair91,laplerdit,rububrim,laplerdit,rububrim,24301,10485,novel_word,"Definitions:
- laplerdit: something that is bold and complex
- rububrim is less/smaller than laplerdit in all respects

Q: Which is more complex, laplerdit or rububrim? (Answer EXACTLY ONE WORD)
A:"
SAME_P_pair92,SAME,P,pair92,wasninnaik,prosdailvi,bold,cautious,14265,46878,attribute_word,"Definitions:
- wasninnaik: something that is bold and complex
- prosdailvi is the same as wasninnaik

Q: Is prosdailvi bold or cautious? (Answer EXACTLY ONE WORD)
A:"
OPP_P_pair92,OPP,P,pair92,wasninnaik,prosdailvi,cautious,bold,46878,14265,attribute_word,"Definitions:
- wasninnaik: something that is bold and complex
- prosdailvi is the opposite of wasninnaik

Q: Is prosdailvi bold or cautious? (Answer EXACTLY ONE WORD)
A:"
SAME_Q_pair92,SAME,Q,pair92,wasninnaik,prosdailvi,complex,simple,6485,4382,attribute_word,"Definitions:
- wasninnaik: something that is bold and complex
- prosdailvi is the same as wasninnaik

Q: Is prosdailvi complex or simple? (Answer EXACTLY ONE WORD)
A:"
OPP_Q_pair92,OPP,Q,pair92,wasninnaik,prosdailvi,simple,complex,4382,6485,attribute_word,"Definitions:
- wasninnaik: something that is bold and complex
- prosdailvi is the opposite of wasninnaik

Q: Is prosdailvi complex or simple? (Answer EXACTLY ONE WORD)
A:"
MORE_P_pair92,MORE,P,pair92,wasninnaik,prosdailvi,prosdailvi,wasninnaik,8882,5828,novel_word,"Definitions:
- wasninnaik: something that is bold and complex
- prosdailvi is more/greater than wasninnaik in all respects

Q: Which is more bold, wasninnaik or prosdailvi? (Answer EXACTLY ONE WORD)
A:"
LESS_P_pair92,LESS,P,pair92,wasninnaik,prosdailvi,wasninnaik,prosdailvi,5828,8882,novel_word,"Definitions:
- wasninnaik: something that is bold and complex
- prosdailvi is less/smaller than wasninnaik in all respects

Q: Which is more bold, wasninnaik or prosdailvi? (Answer EXACTLY ONE WORD)
A:"
MORE_Q_pair92,MORE,Q,pair92,wasninnaik,prosdailvi,prosdailvi,wasninnaik,8882,5828,novel_word,"Definitions:
- wasninnaik: something that is bold and complex
- prosdailvi is more/greater than wasninnaik in all respects

Q: Which is more complex, wasninnaik or prosdailvi? (Answer EXACTLY ONE WORD)
A:"
LESS_Q_pair92,LESS,Q,pair92,wasninnaik,prosdailvi,wasninnaik,prosdailvi,5828,8882,novel_word,"Definitions:
- wasninnaik: something that is bold and complex
- prosdailvi is less/smaller than wasninnaik in all respects

Q: Which is more complex, wasninnaik or prosdailvi? (Answer EXACTLY ONE WORD)
A:"
SAME_P_pair93,SAME,P,pair93,trosgogim,dilzairplan,bold,cautious,14265,46878,attribute_word,"Definitions:
- trosgogim: something that is bold and complex
- dilzairplan is the same as trosgogim

Q: Is dilzairplan bold or cautious? (Answer EXACTLY ONE WORD)
A:"
OPP_P_pair93,OPP,P,pair93,trosgogim,dilzairplan,cautious,bold,46878,14265,attribute_word,"Definitions:
- trosgogim: something that is bold and complex
- dilzairplan is the opposite of trosgogim

Q: Is dilzairplan bold or cautious? (Answer EXACTLY ONE WORD)
A:"
SAME_Q_pair93,SAME,Q,pair93,trosgogim,dilzairplan,complex,simple,6485,4382,attribute_word,"Definitions:
- trosgogim: something that is bold and complex
- dilzairplan is the same as trosgogim

Q: Is dilzairplan complex or simple? (Answer EXACTLY ONE WORD)
A:"
OPP_Q_pair93,OPP,Q,pair93,trosgogim,dilzairplan,simple,complex,4382,6485,attribute_word,"Definitions:
- trosgogim: something that is bold and complex
- dilzairplan is the opposite of trosgogim

Q: Is dilzairplan complex or simple? (Answer EXACTLY ONE WORD)
A:"
MORE_P_pair93,MORE,P,pair93,trosgogim,dilzairplan,dilzairplan,trosgogim,19371,8348,novel_word,"Definitions:
- trosgogim: something that is bold and complex
- dilzairplan is more/greater than trosgogim in all respects

Q: Which is more bold, trosgogim or dilzairplan? (Answer EXACTLY ONE WORD)
A:"
LESS_P_pair93,LESS,P,pair93,trosgogim,dilzairplan,trosgogim,dilzairplan,8348,19371,novel_word,"Definitions:
- trosgogim: something that is bold and complex
- dilzairplan is less/smaller than trosgogim in all respects

Q: Which is more bold, trosgogim or dilzairplan? (Answer EXACTLY ONE WORD)
A:"
MORE_Q_pair93,MORE,Q,pair93,trosgogim,dilzairplan,dilzairplan,trosgogim,19371,8348,novel_word,"Definitions:
- trosgogim: something that is bold and complex
- dilzairplan is more/greater than trosgogim in all respects

Q: Which is more complex, trosgogim or dilzairplan? (Answer EXACTLY ONE WORD)
A:"
LESS_Q_pair93,LESS,Q,pair93,trosgogim,dilzairplan,trosgogim,dilzairplan,8348,19371,novel_word,"Definitions:
- trosgogim: something that is bold and complex
- dilzairplan is less/smaller than trosgogim in all respects

Q: Which is more complex, trosgogim or dilzairplan? (Answer EXACTLY ONE WORD)
A:"
SAME_P_pair94,SAME,P,pair94,pronkrelze,nourormoum,bold,cautious,14265,46878,attribute_word,"Definitions:
- pronkrelze: something that is bold and complex
- nourormoum is the same as pronkrelze

Q: Is nourormoum bold or cautious? (Answer EXACTLY ONE WORD)
A:"
OPP_P_pair94,OPP,P,pair94,pronkrelze,nourormoum,cautious,bold,46878,14265,attribute_word,"Definitions:
- pronkrelze: something that is bold and complex
- nourormoum is the opposite of pronkrelze

Q: Is nourormoum bold or cautious? (Answer EXACTLY ONE WORD)
A:"
SAME_Q_pair94,SAME,Q,pair94,pronkrelze,nourormoum,complex,simple,6485,4382,attribute_word,"Definitions:
- pronkrelze: something that is bold and complex
- nourormoum is the same as pronkrelze

Q: Is nourormoum complex or simple? (Answer EXACTLY ONE WORD)
A:"
OPP_Q_pair94,OPP,Q,pair94,pronkrelze,nourormoum,simple,complex,4382,6485,attribute_word,"Definitions:
- pronkrelze: something that is bold and complex
- nourormoum is the opposite of pronkrelze

Q: Is nourormoum complex or simple? (Answer EXACTLY ONE WORD)
A:"
MORE_P_pair94,MORE,P,pair94,pronkrelze,nourormoum,nourormoum,pronkrelze,46798,19126,novel_word,"Definitions:
- pronkrelze: something that is bold and complex
- nourormoum is more/greater than pronkrelze in all respects

Q: Which is more bold, pronkrelze or nourormoum? (Answer EXACTLY ONE WORD)
A:"
LESS_P_pair94,LESS,P,pair94,pronkrelze,nourormoum,pronkrelze,nourormoum,19126,46798,novel_word,"Definitions:
- pronkrelze: something that is bold and complex
- nourormoum is less/smaller than pronkrelze in all respects

Q: Which is more bold, pronkrelze or nourormoum? (Answer EXACTLY ONE WORD)
A:"
MORE_Q_pair94,MORE,Q,pair94,pronkrelze,nourormoum,nourormoum,pronkrelze,46798,19126,novel_word,"Definitions:
- pronkrelze: something that is bold and complex
- nourormoum is more/greater than pronkrelze in all respects

Q: Which is more complex, pronkrelze or nourormoum? (Answer EXACTLY ONE WORD)
A:"
LESS_Q_pair94,LESS,Q,pair94,pronkrelze,nourormoum,pronkrelze,nourormoum,19126,46798,novel_word,"Definitions:
- pronkrelze: something that is bold and complex
- nourormoum is less/smaller than pronkrelze in all respects

Q: Which is more complex, pronkrelze or nourormoum? (Answer EXACTLY ONE WORD)
A:"
SAME_P_pair95,SAME,P,pair95,konzesmeim,tusgelspel,bold,cautious,14265,46878,attribute_word,"Definitions:
- konzesmeim: something that is bold and complex
- tusgelspel is the same as konzesmeim

Q: Is tusgelspel bold or cautious? (Answer EXACTLY ONE WORD)
A:"
OPP_P_pair95,OPP,P,pair95,konzesmeim,tusgelspel,cautious,bold,46878,14265,attribute_word,"Definitions:
- konzesmeim: something that is bold and complex
- tusgelspel is the opposite of konzesmeim

Q: Is tusgelspel bold or cautious? (Answer EXACTLY ONE WORD)
A:"
SAME_Q_pair95,SAME,Q,pair95,konzesmeim,tusgelspel,complex,simple,6485,4382,attribute_word,"Definitions:
- konzesmeim: something that is bold and complex
- tusgelspel is the same as konzesmeim

Q: Is tusgelspel complex or simple? (Answer EXACTLY ONE WORD)
A:"
OPP_Q_pair95,OPP,Q,pair95,konzesmeim,tusgelspel,simple,complex,4382,6485,attribute_word,"Definitions:
- konzesmeim: something that is bold and complex
- tusgelspel is the opposite of konzesmeim

Q: Is tusgelspel complex or simple? (Answer EXACTLY ONE WORD)
A:"
MORE_P_pair95,MORE,P,pair95,konzesmeim,tusgelspel,tusgelspel,konzesmeim,41784,16947,novel_word,"Definitions:
- konzesmeim: something that is bold and complex
- tusgelspel is more/greater than konzesmeim in all respects

Q: Which is more bold, konzesmeim or tusgelspel? (Answer EXACTLY ONE WORD)
A:"
LESS_P_pair95,LESS,P,pair95,konzesmeim,tusgelspel,konzesmeim,tusgelspel,16947,41784,novel_word,"Definitions:
- konzesmeim: something that is bold and complex
- tusgelspel is less/smaller than konzesmeim in all respects

Q: Which is more bold, konzesmeim or tusgelspel? (Answer EXACTLY ONE WORD)
A:"
MORE_Q_pair95,MORE,Q,pair95,konzesmeim,tusgelspel,tusgelspel,konzesmeim,41784,16947,novel_word,"Definitions:
- konzesmeim: something that is bold and complex
- tusgelspel is more/greater than konzesmeim in all respects

Q: Which is more complex, konzesmeim or tusgelspel? (Answer EXACTLY ONE WORD)
A:"
LESS_Q_pair95,LESS,Q,pair95,konzesmeim,tusgelspel,konzesmeim,tusgelspel,16947,41784,novel_word,"Definitions:
- konzesmeim: something that is bold and complex
- tusgelspel is less/smaller than konzesmeim in all respects

Q: Which is more complex, konzesmeim or tusgelspel? (Answer EXACTLY ONE WORD)
A:"
SAME_P_pair96,SAME,P,pair96,genanstem,vonbourtrak,bold,cautious,14265,46878,attribute_word,"Definitions:
- genanstem: something that is bold and complex
- vonbourtrak is the same as genanstem

Q: Is vonbourtrak bold or cautious? (Answer EXACTLY ONE WORD)
A:"
OPP_P_pair96,OPP,P,pair96,genanstem,vonbourtrak,cautious,bold,46878,14265,attribute_word,"Definitions:
- genanstem: something that is bold and complex
- vonbourtrak is the opposite of genanstem

Q: Is vonbourtrak bold or cautious? (Answer EXACTLY ONE WORD)
A:"
SAME_Q_pair96,SAME,Q,pair96,genanstem,vonbourtrak,complex,simple,6485,4382,attribute_word,"Definitions:
- genanstem: something that is bold and complex
- vonbourtrak is the same as genanstem

Q: Is vonbourtrak complex or simple? (Answer EXACTLY ONE WORD)
A:"
OPP_Q_pair96,OPP,Q,pair96,genanstem,vonbourtrak,simple,complex,4382,6485,attribute_word,"Definitions:
- genanstem: something that is bold and complex
- vonbourtrak is the opposite of genanstem

Q: Is vonbourtrak complex or simple? (Answer EXACTLY ONE WORD)
A:"
MORE_P_pair96,MORE,P,pair96,genanstem,vonbourtrak,vonbourtrak,genanstem,6675,4173,novel_word,"Definitions:
- genanstem: something that is bold and complex
- vonbourtrak is more/greater than genanstem in all respects

Q: Which is more bold, genanstem or vonbourtrak? (Answer EXACTLY ONE WORD)
A:"
LESS_P_pair96,LESS,P,pair96,genanstem,vonbourtrak,genanstem,vonbourtrak,4173,6675,novel_word,"Definitions:
- genanstem: something that is bold and complex
- vonbourtrak is less/smaller than genanstem in all respects

Q: Which is more bold, genanstem or vonbourtrak? (Answer EXACTLY ONE WORD)
A:"
MORE_Q_pair96,MORE,Q,pair96,genanstem,vonbourtrak,vonbourtrak,genanstem,6675,4173,novel_word,"Definitions:
- genanstem: something that is bold and complex
- vonbourtrak is more/greater than genanstem in all respects

Q: Which is more complex, genanstem or vonbourtrak? (Answer EXACTLY ONE WORD)
A:"
LESS_Q_pair96,LESS,Q,pair96,genanstem,vonbourtrak,genanstem,vonbourtrak,4173,6675,novel_word,"Definitions:
- genanstem: something that is bold and complex
- vonbourtrak is less/smaller than genanstem in all respects

Q: Which is more complex, genanstem or vonbourtrak? (Answer EXACTLY ONE WORD)
A:"
SAME_P_pair97,SAME,P,pair97,resgruzam,breinrinain,bold,cautious,14265,46878,attribute_word,"Definitions:
- resgruzam: something that is bold and complex
- breinrinain is the same as resgruzam

Q: Is breinrinain bold or cautious? (Answer EXACTLY ONE WORD)
A:"
OPP_P_pair97,OPP,P,pair97,resgruzam,breinrinain,cautious,bold,46878,14265,attribute_word,"Definitions:
- resgruzam: something that is bold and complex
- breinrinain is the opposite of resgruzam

Q: Is breinrinain bold or cautious? (Answer EXACTLY ONE WORD)
A:"
SAME_Q_pair97,SAME,Q,pair97,resgruzam,breinrinain,complex,simple,6485,4382,attribute_word,"Definitions:
- resgruzam: something that is bold and complex
- breinrinain is the same as resgruzam

Q: Is breinrinain complex or simple? (Answer EXACTLY ONE WORD)
A:"
OPP_Q_pair97,OPP,Q,pair97,resgruzam,breinrinain,simple,complex,4382,6485,attribute_word,"Definitions:
- resgruzam: something that is bold and complex
- breinrinain is the opposite of resgruzam

Q: Is breinrinain complex or simple? (Answer EXACTLY ONE WORD)
A:"
MORE_P_pair97,MORE,P,pair97,resgruzam,breinrinain,breinrinain,resgruzam,5395,594,novel_word,"Definitions:
- resgruzam: something that is bold and complex
- breinrinain is more/greater than resgruzam in all respects

Q: Which is more bold, resgruzam or breinrinain? (Answer EXACTLY ONE WORD)
A:"
LESS_P_pair97,LESS,P,pair97,resgruzam,breinrinain,resgruzam,breinrinain,594,5395,novel_word,"Definitions:
- resgruzam: something that is bold and complex
- breinrinain is less/smaller than resgruzam in all respects

Q: Which is more bold, resgruzam or breinrinain? (Answer EXACTLY ONE WORD)
A:"
MORE_Q_pair97,MORE,Q,pair97,resgruzam,breinrinain,breinrinain,resgruzam,5395,594,novel_word,"Definitions:
- resgruzam: something that is bold and complex
- breinrinain is more/greater than resgruzam in all respects

Q: Which is more complex, resgruzam or breinrinain? (Answer EXACTLY ONE WORD)
A:"
LESS_Q_pair97,LESS,Q,pair97,resgruzam,breinrinain,resgruzam,breinrinain,594,5395,novel_word,"Definitions:
- resgruzam: something that is bold and complex
- breinrinain is less/smaller than resgruzam in all respects

Q: Which is more complex, resgruzam or breinrinain? (Answer EXACTLY ONE WORD)
A:"
SAME_P_pair98,SAME,P,pair98,ranstunstis,nanwirtreit,bold,cautious,14265,46878,attribute_word,"Definitions:
- ranstunstis: something that is bold and complex
- nanwirtreit is the same as ranstunstis

Q: Is nanwirtreit bold or cautious? (Answer EXACTLY ONE WORD)
A:"
OPP_P_pair98,OPP,P,pair98,ranstunstis,nanwirtreit,cautious,bold,46878,14265,attribute_word,"Definitions:
- ranstunstis: something that is bold and complex
- nanwirtreit is the opposite of ranstunstis

Q: Is nanwirtreit bold or cautious? (Answer EXACTLY ONE WORD)
A:"
SAME_Q_pair98,SAME,Q,pair98,ranstunstis,nanwirtreit,complex,simple,6485,4382,attribute_word,"Definitions:
- ranstunstis: something that is bold and complex
- nanwirtreit is the same as ranstunstis

Q: Is nanwirtreit complex or simple? (Answer EXACTLY ONE WORD)
A:"
OPP_Q_pair98,OPP,Q,pair98,ranstunstis,nanwirtreit,simple,complex,4382,6485,attribute_word,"Definitions:
- ranstunstis: something that is bold and complex
- nanwirtreit is the opposite of ranstunstis

Q: Is nanwirtreit complex or simple? (Answer EXACTLY ONE WORD)
A:"
MORE_P_pair98,MORE,P,pair98,ranstunstis,nanwirtreit,nanwirtreit,ranstunstis,20622,10837,novel_word,"Definitions:
- ranstunstis: something that is bold and complex
- nanwirtreit is more/greater than ranstunstis in all respects

Q: Which is more bold, ranstunstis or nanwirtreit? (Answer EXACTLY ONE WORD)
A:"
LESS_P_pair98,LESS,P,pair98,ranstunstis,nanwirtreit,ranstunstis,nanwirtreit,10837,20622,novel_word,"Definitions:
- ranstunstis: something that is bold and complex
- nanwirtreit is less/smaller than ranstunstis in all respects

Q: Which is more bold, ranstunstis or nanwirtreit? (Answer EXACTLY ONE WORD)
A:"
MORE_Q_pair98,MORE,Q,pair98,ranstunstis,nanwirtreit,nanwirtreit,ranstunstis,20622,10837,novel_word,"Definitions:
- ranstunstis: something that is bold and complex
- nanwirtreit is more/greater than ranstunstis in all respects

Q: Which is more complex, ranstunstis or nanwirtreit? (Answer EXACTLY ONE WORD)
A:"
LESS_Q_pair98,LESS,Q,pair98,ranstunstis,nanwirtreit,ranstunstis,nanwirtreit,10837,20622,novel_word,"Definitions:
- ranstunstis: something that is bold and complex
- nanwirtreit is less/smaller than ranstunstis in all respects

Q: Which is more complex, ranstunstis or nanwirtreit? (Answer EXACTLY ONE WORD)
A:"
SAME_P_pair99,SAME,P,pair99,fuslalspur,mulninfam,bold,cautious,14265,46878,attribute_word,"Definitions:
- fuslalspur: something that is bold and complex
- mulninfam is the same as fuslalspur

Q: Is mulninfam bold or cautious? (Answer EXACTLY ONE WORD)
A:"
OPP_P_pair99,OPP,P,pair99,fuslalspur,mulninfam,cautious,bold,46878,14265,attribute_word,"Definitions:
- fuslalspur: something that is bold and complex
- mulninfam is the opposite of fuslalspur

Q: Is mulninfam bold or cautious? (Answer EXACTLY ONE WORD)
A:"
SAME_Q_pair99,SAME,Q,pair99,fuslalspur,mulninfam,complex,simple,6485,4382,attribute_word,"Definitions:
- fuslalspur: something that is bold and complex
- mulninfam is the same as fuslalspur

Q: Is mulninfam complex or simple? (Answer EXACTLY ONE WORD)
A:"
OPP_Q_pair99,OPP,Q,pair99,fuslalspur,mulninfam,simple,complex,4382,6485,attribute_word,"Definitions:
- fuslalspur: something that is bold and complex
- mulninfam is the opposite of fuslalspur

Q: Is mulninfam complex or simple? (Answer EXACTLY ONE WORD)
A:"
MORE_P_pair99,MORE,P,pair99,fuslalspur,mulninfam,mulninfam,fuslalspur,15975,69578,novel_word,"Definitions:
- fuslalspur: something that is bold and complex
- mulninfam is more/greater than fuslalspur in all respects

Q: Which is more bold, fuslalspur or mulninfam? (Answer EXACTLY ONE WORD)
A:"
LESS_P_pair99,LESS,P,pair99,fuslalspur,mulninfam,fuslalspur,mulninfam,69578,15975,novel_word,"Definitions:
- fuslalspur: something that is bold and complex
- mulninfam is less/smaller than fuslalspur in all respects

Q: Which is more bold, fuslalspur or mulninfam? (Answer EXACTLY ONE WORD)
A:"
MORE_Q_pair99,MORE,Q,pair99,fuslalspur,mulninfam,mulninfam,fuslalspur,15975,69578,novel_word,"Definitions:
- fuslalspur: something that is bold and complex
- mulninfam is more/greater than fuslalspur in all respects

Q: Which is more complex, fuslalspur or mulninfam? (Answer EXACTLY ONE WORD)
A:"
LESS_Q_pair99,LESS,Q,pair99,fuslalspur,mulninfam,fuslalspur,mulninfam,69578,15975,novel_word,"Definitions:
- fuslalspur: something that is bold and complex
- mulninfam is less/smaller than fuslalspur in all respects

Q: Which is more complex, fuslalspur or mulninfam? (Answer EXACTLY ONE WORD)
A:"
