trial_id,crel,attr_dim,pair_id,word_a,word_b,correct_answer,incorrect_answer,correct_first_subtoken_id,incorrect_first_subtoken_id,answer_type,prompt
SAME_P_pair0,SAME,P,pair0,spesluskru,gonmaisprel,bold,cautious,16627,50799,attribute_word,"Definitions:
- spesluskru: something that is bold and complex
- gonmaisprel is the same as spesluskru

Q: Is gonmaisprel bold or cautious? (Answer EXACTLY ONE WORD)
A:"
OPP_P_pair0,OPP,P,pair0,spesluskru,gonmaisprel,cautious,bold,50799,16627,attribute_word,"Definitions:
- spesluskru: something that is bold and complex
- gonmaisprel is the opposite of spesluskru

Q: Is gonmaisprel bold or cautious? (Answer EXACTLY ONE WORD)
A:"
SAME_Q_pair0,SAME,Q,pair0,spesluskru,gonmaisprel,complex,simple,3996,3606,attribute_word,"Definitions:
- spesluskru: something that is bold and complex
- gonmaisprel is the same as spesluskru

Q: Is gonmaisprel complex or simple? (Answer EXACTLY ONE WORD)
A:"
OPP_Q_pair0,OPP,Q,pair0,spesluskru,gonmaisprel,simple,complex,3606,3996,attribute_word,"Definitions:
- spesluskru: something that is bold and complex
- gonmaisprel is the opposite of spesluskru

Q: Is gonmaisprel complex or simple? (Answer EXACTLY ONE WORD)
A:"
MORE_P_pair0,MORE,P,pair0,spesluskru,gonmaisprel,gonmaisprel,spesluskru,41221,58316,novel_word,"Definitions:
- spesluskru: something that is bold and complex
- gonmaisprel is more/greater than spesluskru in all respects

Q: Which is more bold, spesluskru or gonmaisprel? (Answer EXACTLY ONE WORD)
A:"
LESS_P_pair0,LESS,P,pair0,spesluskru,gonmaisprel,spesluskru,gonmaisprel,58316,41221,novel_word,"Definitions:
- spesluskru: something that is bold and complex
- gonmaisprel is less/smaller than spesluskru in all respects

Q: Which is more bold, spesluskru or gonmaisprel? (Answer EXACTLY ONE WORD)
A:"
MORE_Q_pair0,MORE,Q,pair0,spesluskru,gonmaisprel,gonmaisprel,spesluskru,41221,58316,novel_word,"Definitions:
- spesluskru: something that is bold and complex
- gonmaisprel is more/greater than spesluskru in all respects

Q: Which is more complex, spesluskru or gonmaisprel? (Answer EXACTLY ONE WORD)
A:"
LESS_Q_pair0,LESS,Q,pair0,spesluskru,gonmaisprel,spesluskru,gonmaisprel,58316,41221,novel_word,"Definitions:
- spesluskru: something that is bold and complex
- gonmaisprel is less/smaller than spesluskru in all respects

Q: Which is more complex, spesluskru or gonmaisprel? (Answer EXACTLY ONE WORD)
A:"
SAME_P_pair1,SAME,P,pair1,tesflurfait,gurpuskaim,bold,cautious,16627,50799,attribute_word,"Definitions:
- tesflurfait: something that is bold and complex
- gurpuskaim is the same as tesflurfait

Q: Is gurpuskaim bold or cautious? (Answer EXACTLY ONE WORD)
A:"
OPP_P_pair1,OPP,P,pair1,tesflurfait,gurpuskaim,cautious,bold,50799,16627,attribute_word,"Definitions:
- tesflurfait: something that is bold and complex
- gurpuskaim is the opposite of tesflurfait

Q: Is gurpuskaim bold or cautious? (Answer EXACTLY ONE WORD)
A:"
SAME_Q_pair1,SAME,Q,pair1,tesflurfait,gurpuskaim,complex,simple,3996,3606,attribute_word,"Definitions:
- tesflurfait: something that is bold and complex
- gurpuskaim is the same as tesflurfait

Q: Is gurpuskaim complex or simple? (Answer EXACTLY ONE WORD)
A:"
OPP_Q_pair1,OPP,Q,pair1,tesflurfait,gurpuskaim,simple,complex,3606,3996,attribute_word,"Definitions:
- tesflurfait: something that is bold and complex
- gurpuskaim is the opposite of tesflurfait

Q: Is gurpuskaim complex or simple? (Answer EXACTLY ONE WORD)
A:"
MORE_P_pair1,MORE,P,pair1,tesflurfait,gurpuskaim,gurpuskaim,tesflurfait,76940,26465,novel_word,"Definitions:
- tesflurfait: something that is bold and complex
- gurpuskaim is more/greater than tesflurfait in all respects

Q: Which is more bold, tesflurfait or gurpuskaim? (Answer EXACTLY ONE WORD)
A:"
LESS_P_pair1,LESS,P,pair1,tesflurfait,gurpuskaim,tesflurfait,gurpuskaim,26465,76940,novel_word,"Definitions:
- tesflurfait: something that is bold and complex
- gurpuskaim is less/smaller than tesflurfait in all respects

Q: Which is more bold, tesflurfait or gurpuskaim? (Answer EXACTLY ONE WORD)
A:"
MORE_Q_pair1,MORE,Q,pair1,tesflurfait,gurpuskaim,gurpuskaim,tesflurfait,76940,26465,novel_word,"Definitions:
- tesflurfait: something that is bold and complex
- gurpuskaim is more/greater than tesflurfait in all respects

Q: Which is more complex, tesflurfait or gurpuskaim? (Answer EXACTLY ONE WORD)
A:"
LESS_Q_pair1,LESS,Q,pair1,tesflurfait,gurpuskaim,tesflurfait,gurpuskaim,26465,76940,novel_word,"Definitions:
- tesflurfait: something that is bold and complex
- gurpuskaim is less/smaller than tesflurfait in all respects

Q: Which is more complex, tesflurfait or gurpuskaim? (Answer EXACTLY ONE WORD)
A:"
SAME_P_pair2,SAME,P,pair2,steinbarbuk,desslikus,bold,cautious,16627,50799,attribute_word,"Definitions:
- steinbarbuk: something that is bold and complex
- desslikus is the same as steinbarbuk

Q: Is desslikus bold or cautious? (Answer EXACTLY ONE WORD)
A:"
OPP_P_pair2,OPP,P,pair2,steinbarbuk,desslikus,cautious,bold,50799,16627,attribute_word,"Definitions:
- steinbarbuk: something that is bold and complex
- desslikus is the opposite of steinbarbuk

Q: Is desslikus bold or cautious? (Answer EXACTLY ONE WORD)
A:"
SAME_Q_pair2,SAME,Q,pair2,steinbarbuk,desslikus,complex,simple,3996,3606,attribute_word,"Definitions:
- steinbarbuk: something that is bold and complex
- desslikus is the same as steinbarbuk

Q: Is desslikus complex or simple? (Answer EXACTLY ONE WORD)
A:"
OPP_Q_pair2,OPP,Q,pair2,steinbarbuk,desslikus,simple,complex,3606,3996,attribute_word,"Definitions:
- steinbarbuk: something that is bold and complex
- desslikus is the opposite of steinbarbuk

Q: Is desslikus complex or simple? (Answer EXACTLY ONE WORD)
A:"
MORE_P_pair2,MORE,P,pair2,steinbarbuk,desslikus,desslikus,steinbarbuk,11328,189387,novel_word,"Definitions:
- steinbarbuk: something that is bold and complex
- desslikus is more/greater than steinbarbuk in all respects

Q: Which is more bold, steinbarbuk or desslikus? (Answer EXACTLY ONE WORD)
A:"
LESS_P_pair2,LESS,P,pair2,steinbarbuk,desslikus,steinbarbuk,desslikus,189387,11328,novel_word,"Definitions:
- steinbarbuk: something that is bold and complex
- desslikus is less/smaller than steinbarbuk in all respects

Q: Which is more bold, steinbarbuk or desslikus? (Answer EXACTLY ONE WORD)
A:"
MORE_Q_pair2,MORE,Q,pair2,steinbarbuk,desslikus,desslikus,steinbarbuk,11328,189387,novel_word,"Definitions:
- steinbarbuk: something that is bold and complex
- desslikus is more/greater than steinbarbuk in all respects

Q: Which is more complex, steinbarbuk or desslikus? (Answer EXACTLY ONE WORD)
A:"
LESS_Q_pair2,LESS,Q,pair2,steinbarbuk,desslikus,steinbarbuk,desslikus,189387,11328,novel_word,"Definitions:
- steinbarbuk: something that is bold and complex
- desslikus is less/smaller than steinbarbuk in all respects

Q: Which is more complex, steinbarbuk or desslikus? (Answer EXACTLY ONE WORD)
A:"
SAME_P_pair3,SAME,P,pair3,trolmairkre,survinplai,bold,cautious,16627,50799,attribute_word,"Definitions:
- trolmairkre: something that is bold and complex
- survinplai is the same as trolmairkre

Q: Is survinplai bold or cautious? (Answer EXACTLY ONE WORD)
A:"
OPP_P_pair3,OPP,P,pair3,trolmairkre,survinplai,cautious,bold,50799,16627,attribute_word,"Definitions:
- trolmairkre: something that is bold and complex
- survinplai is the opposite of trolmairkre

Q: Is survinplai bold or cautious? (Answer EXACTLY ONE WORD)
A:"
SAME_Q_pair3,SAME,Q,pair3,trolmairkre,survinplai,complex,simple,3996,3606,attribute_word,"Definitions:
- trolmairkre: something that is bold and complex
- survinplai is the same as trolmairkre

Q: Is survinplai complex or simple? (Answer EXACTLY ONE WORD)
A:"
OPP_Q_pair3,OPP,Q,pair3,trolmairkre,survinplai,simple,complex,3606,3996,attribute_word,"Definitions:
- trolmairkre: something that is bold and complex
- survinplai is the opposite of trolmairkre

Q: Is survinplai complex or simple? (Answer EXACTLY ONE WORD)
A:"
MORE_P_pair3,MORE,P,pair3,trolmairkre,survinplai,survinplai,trolmairkre,6798,66049,novel_word,"Definitions:
- trolmairkre: something that is bold and complex
- survinplai is more/greater than trolmairkre in all respects

Q: Which is more bold, trolmairkre or survinplai? (Answer EXACTLY ONE WORD)
A:"
LESS_P_pair3,LESS,P,pair3,trolmairkre,survinplai,trolmairkre,survinplai,66049,6798,novel_word,"Definitions:
- trolmairkre: something that is bold and complex
- survinplai is less/smaller than trolmairkre in all respects

Q: Which is more bold, trolmairkre or survinplai? (Answer EXACTLY ONE WORD)
A:"
MORE_Q_pair3,MORE,Q,pair3,trolmairkre,survinplai,survinplai,trolmairkre,6798,66049,novel_word,"Definitions:
- trolmairkre: something that is bold and complex
- survinplai is more/greater than trolmairkre in all respects

Q: Which is more complex, trolmairkre or survinplai? (Answer EXACTLY ONE WORD)
A:"
LESS_Q_pair3,LESS,Q,pair3,trolmairkre,survinplai,trolmairkre,survinplai,66049,6798,novel_word,"Definitions:
- trolmairkre: something that is bold and complex
- survinplai is less/smaller than trolmairkre in all respects

Q: Which is more complex, trolmairkre or survinplai? (Answer EXACTLY ONE WORD)
A:"
SAME_P_pair4,SAME,P,pair4,woubesdeir,dunmivouk,bold,cautious,16627,50799,attribute_word,"Definitions:
- woubesdeir: something that is bold and complex
- dunmivouk is the same as woubesdeir

Q: Is dunmivouk bold or cautious? (Answer EXACTLY ONE WORD)
A:"
OPP_P_pair4,OPP,P,pair4,woubesdeir,dunmivouk,cautious,bold,50799,16627,attribute_word,"Definitions:
- woubesdeir: something that is bold and complex
- dunmivouk is the opposite of woubesdeir

Q: Is dunmivouk bold or cautious? (Answer EXACTLY ONE WORD)
A:"
SAME_Q_pair4,SAME,Q,pair4,woubesdeir,dunmivouk,complex,simple,3996,3606,attribute_word,"Definitions:
- woubesdeir: something that is bold and complex
- dunmivouk is the same as woubesdeir

Q: Is dunmivouk complex or simple? (Answer EXACTLY ONE WORD)
A:"
OPP_Q_pair4,OPP,Q,pair4,woubesdeir,dunmivouk,simple,complex,3606,3996,attribute_word,"Definitions:
- woubesdeir: something that is bold and complex
- dunmivouk is the opposite of woubesdeir

Q: Is dunmivouk complex or simple? (Answer EXACTLY ONE WORD)
A:"
MORE_P_pair4,MORE,P,pair4,woubesdeir,dunmivouk,dunmivouk,woubesdeir,33017,227558,novel_word,"Definitions:
- woubesdeir: something that is bold and complex
- dunmivouk is more/greater than woubesdeir in all respects

Q: Which is more bold, woubesdeir or dunmivouk? (Answer EXACTLY ONE WORD)
A:"
LESS_P_pair4,LESS,P,pair4,woubesdeir,dunmivouk,woubesdeir,dunmivouk,227558,33017,novel_word,"Definitions:
- woubesdeir: something that is bold and complex
- dunmivouk is less/smaller than woubesdeir in all respects

Q: Which is more bold, woubesdeir or dunmivouk? (Answer EXACTLY ONE WORD)
A:"
MORE_Q_pair4,MORE,Q,pair4,woubesdeir,dunmivouk,dunmivouk,woubesdeir,33017,227558,novel_word,"Definitions:
- woubesdeir: something that is bold and complex
- dunmivouk is more/greater than woubesdeir in all respects

Q: Which is more complex, woubesdeir or dunmivouk? (Answer EXACTLY ONE WORD)
A:"
LESS_Q_pair4,LESS,Q,pair4,woubesdeir,dunmivouk,woubesdeir,dunmivouk,227558,33017,novel_word,"Definitions:
- woubesdeir: something that is bold and complex
- dunmivouk is less/smaller than woubesdeir in all respects

Q: Which is more complex, woubesdeir or dunmivouk? (Answer EXACTLY ONE WORD)
A:"
SAME_P_pair5,SAME,P,pair5,moundouprok,rouboureim,bold,cautious,16627,50799,attribute_word,"Definitions:
- moundouprok: something that is bold and complex
- rouboureim is the same as moundouprok

Q: Is rouboureim bold or cautious? (Answer EXACTLY ONE WORD)
A:"
OPP_P_pair5,OPP,P,pair5,moundouprok,rouboureim,cautious,bold,50799,16627,attribute_word,"Definitions:
- moundouprok: something that is bold and complex
- rouboureim is the opposite of moundouprok

Q: Is rouboureim bold or cautious? (Answer EXACTLY ONE WORD)
A:"
SAME_Q_pair5,SAME,Q,pair5,moundouprok,rouboureim,complex,simple,3996,3606,attribute_word,"Definitions:
- moundouprok: something that is bold and complex
- rouboureim is the same as moundouprok

Q: Is rouboureim complex or simple? (Answer EXACTLY ONE WORD)
A:"
OPP_Q_pair5,OPP,Q,pair5,moundouprok,rouboureim,simple,complex,3606,3996,attribute_word,"Definitions:
- moundouprok: something that is bold and complex
- rouboureim is the opposite of moundouprok

Q: Is rouboureim complex or simple? (Answer EXACTLY ONE WORD)
A:"
MORE_P_pair5,MORE,P,pair5,moundouprok,rouboureim,rouboureim,moundouprok,14393,85618,novel_word,"Definitions:
- moundouprok: something that is bold and complex
- rouboureim is more/greater than moundouprok in all respects

Q: Which is more bold, moundouprok or rouboureim? (Answer EXACTLY ONE WORD)
A:"
LESS_P_pair5,LESS,P,pair5,moundouprok,rouboureim,moundouprok,rouboureim,85618,14393,novel_word,"Definitions:
- moundouprok: something that is bold and complex
- rouboureim is less/smaller than moundouprok in all respects

Q: Which is more bold, moundouprok or rouboureim? (Answer EXACTLY ONE WORD)
A:"
MORE_Q_pair5,MORE,Q,pair5,moundouprok,rouboureim,rouboureim,moundouprok,14393,85618,novel_word,"Definitions:
- moundouprok: something that is bold and complex
- rouboureim is more/greater than moundouprok in all respects

Q: Which is more complex, moundouprok or rouboureim? (Answer EXACTLY ONE WORD)
A:"
LESS_Q_pair5,LESS,Q,pair5,moundouprok,rouboureim,moundouprok,rouboureim,85618,14393,novel_word,"Definitions:
- moundouprok: something that is bold and complex
- rouboureim is less/smaller than moundouprok in all respects

Q: Which is more complex, moundouprok or rouboureim? (Answer EXACTLY ONE WORD)
A:"
SAME_P_pair6,SAME,P,pair6,vortasbreit,grenanprir,bold,cautious,16627,50799,attribute_word,"Definitions:
- vortasbreit: something that is bold and complex
- grenanprir is the same as vortasbreit

Q: Is grenanprir bold or cautious? (Answer EXACTLY ONE WORD)
A:"
OPP_P_pair6,OPP,P,pair6,vortasbreit,grenanprir,cautious,bold,50799,16627,attribute_word,"Definitions:
- vortasbreit: something that is bold and complex
- grenanprir is the opposite of vortasbreit

Q: Is grenanprir bold or cautious? (Answer EXACTLY ONE WORD)
A:"
SAME_Q_pair6,SAME,Q,pair6,vortasbreit,grenanprir,complex,simple,3996,3606,attribute_word,"Definitions:
- vortasbreit: something that is bold and complex
- grenanprir is the same as vortasbreit

Q: Is grenanprir complex or simple? (Answer EXACTLY ONE WORD)
A:"
OPP_Q_pair6,OPP,Q,pair6,vortasbreit,grenanprir,simple,complex,3606,3996,attribute_word,"Definitions:
- vortasbreit: something that is bold and complex
- grenanprir is the opposite of vortasbreit

Q: Is grenanprir complex or simple? (Answer EXACTLY ONE WORD)
A:"
MORE_P_pair6,MORE,P,pair6,vortasbreit,grenanprir,grenanprir,vortasbreit,47565,27149,novel_word,"Definitions:
- vortasbreit: something that is bold and complex
- grenanprir is more/greater than vortasbreit in all respects

Q: Which is more bold, vortasbreit or grenanprir? (Answer EXACTLY ONE WORD)
A:"
LESS_P_pair6,LESS,P,pair6,vortasbreit,grenanprir,vortasbreit,grenanprir,27149,47565,novel_word,"Definitions:
- vortasbreit: something that is bold and complex
- grenanprir is less/smaller than vortasbreit in all respects

Q: Which is more bold, vortasbreit or grenanprir? (Answer EXACTLY ONE WORD)
A:"
MORE_Q_pair6,MORE,Q,pair6,vortasbreit,grenanprir,grenanprir,vortasbreit,47565,27149,novel_word,"Definitions:
- vortasbreit: something that is bold and complex
- grenanprir is more/greater than vortasbreit in all respects

Q: Which is more complex, vortasbreit or grenanprir? (Answer EXACTLY ONE WORD)
A:"
LESS_Q_pair6,LESS,Q,pair6,vortasbreit,grenanprir,vortasbreit,grenanprir,27149,47565,novel_word,"Definitions:
- vortasbreit: something that is bold and complex
- grenanprir is less/smaller than vortasbreit in all respects

Q: Which is more complex, vortasbreit or grenanprir? (Answer EXACTLY ONE WORD)
A:"
SAME_P_pair7,SAME,P,pair7,kasosspem,duspoungon,bold,cautious,16627,50799,attribute_word,"Definitions:
- kasosspem: something that is bold and complex
- duspoungon is the same as kasosspem

Q: Is duspoungon bold or cautious? (Answer EXACTLY ONE WORD)
A:"
OPP_P_pair7,OPP,P,pair7,kasosspem,duspoungon,cautious,bold,50799,16627,attribute_word,"Definitions:
- kasosspem: something that is bold and complex
- duspoungon is the opposite of kasosspem

Q: Is duspoungon bold or cautious? (Answer EXACTLY ONE WORD)
A:"
SAME_Q_pair7,SAME,Q,pair7,kasosspem,duspoungon,complex,simple,3996,3606,attribute_word,"Definitions:
- kasosspem: something that is bold and complex
- duspoungon is the same as kasosspem

Q: Is duspoungon complex or simple? (Answer EXACTLY ONE WORD)
A:"
OPP_Q_pair7,OPP,Q,pair7,kasosspem,duspoungon,simple,complex,3606,3996,attribute_word,"Definitions:
- kasosspem: something that is bold and complex
- duspoungon is the opposite of kasosspem

Q: Is duspoungon complex or simple? (Answer EXACTLY ONE WORD)
A:"
MORE_P_pair7,MORE,P,pair7,kasosspem,duspoungon,duspoungon,kasosspem,33607,14749,novel_word,"Definitions:
- kasosspem: something that is bold and complex
- duspoungon is more/greater than kasosspem in all respects

Q: Which is more bold, kasosspem or duspoungon? (Answer EXACTLY ONE WORD)
A:"
LESS_P_pair7,LESS,P,pair7,kasosspem,duspoungon,kasosspem,duspoungon,14749,33607,novel_word,"Definitions:
- kasosspem: something that is bold and complex
- duspoungon is less/smaller than kasosspem in all respects

Q: Which is more bold, kasosspem or duspoungon? (Answer EXACTLY ONE WORD)
A:"
MORE_Q_pair7,MORE,Q,pair7,kasosspem,duspoungon,duspoungon,kasosspem,33607,14749,novel_word,"Definitions:
- kasosspem: something that is bold and complex
- duspoungon is more/greater than kasosspem in all respects

Q: Which is more complex, kasosspem or duspoungon? (Answer EXACTLY ONE WORD)
A:"
LESS_Q_pair7,LESS,Q,pair7,kasosspem,duspoungon,kasosspem,duspoungon,14749,33607,novel_word,"Definitions:
- kasosspem: something that is bold and complex
- duspoungon is less/smaller than kasosspem in all respects

Q: Which is more complex, kasosspem or duspoungon? (Answer EXACTLY ONE WORD)
A:"
SAME_P_pair8,SAME,P,pair8,nirsloulmas,sarleiltak,bold,cautious,16627,50799,attribute_word,"Definitions:
- nirsloulmas: something that is bold and complex
- sarleiltak is the same as nirsloulmas

Q: Is sarleiltak bold or cautious? (Answer EXACTLY ONE WORD)
A:"
OPP_P_pair8,OPP,P,pair8,nirsloulmas,sarleiltak,cautious,bold,50799,16627,attribute_word,"Definitions:
- nirsloulmas: something that is bold and complex
- sarleiltak is the opposite of nirsloulmas

Q: Is sarleiltak bold or cautious? (Answer EXACTLY ONE WORD)
A:"
SAME_Q_pair8,SAME,Q,pair8,nirsloulmas,sarleiltak,complex,simple,3996,3606,attribute_word,"Definitions:
- nirsloulmas: something that is bold and complex
- sarleiltak is the same as nirsloulmas

Q: Is sarleiltak complex or simple? (Answer EXACTLY ONE WORD)
A:"
OPP_Q_pair8,OPP,Q,pair8,nirsloulmas,sarleiltak,simple,complex,3606,3996,attribute_word,"Definitions:
- nirsloulmas: something that is bold and complex
- sarleiltak is the opposite of nirsloulmas

Q: Is sarleiltak complex or simple? (Answer EXACTLY ONE WORD)
A:"
MORE_P_pair8,MORE,P,pair8,nirsloulmas,sarleiltak,sarleiltak,nirsloulmas,15949,51515,novel_word,"Definitions:
- nirsloulmas: something that is bold and complex
- sarleiltak is more/greater than nirsloulmas in all respects

Q: Which is more bold, nirsloulmas or sarleiltak? (Answer EXACTLY ONE WORD)
A:"
LESS_P_pair8,LESS,P,pair8,nirsloulmas,sarleiltak,nirsloulmas,sarleiltak,51515,15949,novel_word,"Definitions:
- nirsloulmas: something that is bold and complex
- sarleiltak is less/smaller than nirsloulmas in all respects

Q: Which is more bold, nirsloulmas or sarleiltak? (Answer EXACTLY ONE WORD)
A:"
MORE_Q_pair8,MORE,Q,pair8,nirsloulmas,sarleiltak,sarleiltak,nirsloulmas,15949,51515,novel_word,"Definitions:
- nirsloulmas: something that is bold and complex
- sarleiltak is more/greater than nirsloulmas in all respects

Q: Which is more complex, nirsloulmas or sarleiltak? (Answer EXACTLY ONE WORD)
A:"
LESS_Q_pair8,LESS,Q,pair8,nirsloulmas,sarleiltak,nirsloulmas,sarleiltak,51515,15949,novel_word,"Definitions:
- nirsloulmas: something that is bold and complex
- sarleiltak is less/smaller than nirsloulmas in all respects

Q: Which is more complex, nirsloulmas or sarleiltak? (Answer EXACTLY ONE WORD)
A:"
SAME_P_pair9,SAME,P,pair9,pairneisguk,lenpurkros,bold,cautious,16627,50799,attribute_word,"Definitions:
- pairneisguk: something that is bold and complex
- lenpurkros is the same as pairneisguk

Q: Is lenpurkros bold or cautious? (Answer EXACTLY ONE WORD)
A:"
OPP_P_pair9,OPP,P,pair9,pairneisguk,lenpurkros,cautious,bold,50799,16627,attribute_word,"Definitions:
- pairneisguk: something that is bold and complex
- lenpurkros is the opposite of pairneisguk

Q: Is lenpurkros bold or cautious? (Answer EXACTLY ONE WORD)
A:"
SAME_Q_pair9,SAME,Q,pair9,pairneisguk,lenpurkros,complex,simple,3996,3606,attribute_word,"Definitions:
- pairneisguk: something that is bold and complex
- lenpurkros is the same as pairneisguk

Q: Is lenpurkros complex or simple? (Answer EXACTLY ONE WORD)
A:"
OPP_Q_pair9,OPP,Q,pair9,pairneisguk,lenpurkros,simple,complex,3606,3996,attribute_word,"Definitions:
- pairneisguk: something that is bold and complex
- lenpurkros is the opposite of pairneisguk

Q: Is lenpurkros complex or simple? (Answer EXACTLY ONE WORD)
A:"
MORE_P_pair9,MORE,P,pair9,pairneisguk,lenpurkros,lenpurkros,pairneisguk,5980,6727,novel_word,"Definitions:
- pairneisguk: something that is bold and complex
- lenpurkros is more/greater than pairneisguk in all respects

Q: Which is more bold, pairneisguk or lenpurkros? (Answer EXACTLY ONE WORD)
A:"
LESS_P_pair9,LESS,P,pair9,pairneisguk,lenpurkros,pairneisguk,lenpurkros,6727,5980,novel_word,"Definitions:
- pairneisguk: something that is bold and complex
- lenpurkros is less/smaller than pairneisguk in all respects

Q: Which is more bold, pairneisguk or lenpurkros? (Answer EXACTLY ONE WORD)
A:"
MORE_Q_pair9,MORE,Q,pair9,pairneisguk,lenpurkros,lenpurkros,pairneisguk,5980,6727,novel_word,"Definitions:
- pairneisguk: something that is bold and complex
- lenpurkros is more/greater than pairneisguk in all respects

Q: Which is more complex, pairneisguk or lenpurkros? (Answer EXACTLY ONE WORD)
A:"
LESS_Q_pair9,LESS,Q,pair9,pairneisguk,lenpurkros,pairneisguk,lenpurkros,6727,5980,novel_word,"Definitions:
- pairneisguk: something that is bold and complex
- lenpurkros is less/smaller than pairneisguk in all respects

Q: Which is more complex, pairneisguk or lenpurkros? (Answer EXACTLY ONE WORD)
A:"
SAME_P_pair10,SAME,P,pair10,turbulgot,fonprurut,bold,cautious,16627,50799,attribute_word,"Definitions:
- turbulgot: something that is bold and complex
- fonprurut is the same as turbulgot

Q: Is fonprurut bold or cautious? (Answer EXACTLY ONE WORD)
A:"
OPP_P_pair10,OPP,P,pair10,turbulgot,fonprurut,cautious,bold,50799,16627,attribute_word,"Definitions:
- turbulgot: something that is bold and complex
- fonprurut is the opposite of turbulgot

Q: Is fonprurut bold or cautious? (Answer EXACTLY ONE WORD)
A:"
SAME_Q_pair10,SAME,Q,pair10,turbulgot,fonprurut,complex,simple,3996,3606,attribute_word,"Definitions:
- turbulgot: something that is bold and complex
- fonprurut is the same as turbulgot

Q: Is fonprurut complex or simple? (Answer EXACTLY ONE WORD)
A:"
OPP_Q_pair10,OPP,Q,pair10,turbulgot,fonprurut,simple,complex,3606,3996,attribute_word,"Definitions:
- turbulgot: something that is bold and complex
- fonprurut is the opposite of turbulgot

Q: Is fonprurut complex or simple? (Answer EXACTLY ONE WORD)
A:"
MORE_P_pair10,MORE,P,pair10,turbulgot,fonprurut,fonprurut,turbulgot,12482,12843,novel_word,"Definitions:
- turbulgot: something that is bold and complex
- fonprurut is more/greater than turbulgot in all respects

Q: Which is more bold, turbulgot or fonprurut? (Answer EXACTLY ONE WORD)
A:"
LESS_P_pair10,LESS,P,pair10,turbulgot,fonprurut,turbulgot,fonprurut,12843,12482,novel_word,"Definitions:
- turbulgot: something that is bold and complex
- fonprurut is less/smaller than turbulgot in all respects

Q: Which is more bold, turbulgot or fonprurut? (Answer EXACTLY ONE WORD)
A:"
MORE_Q_pair10,MORE,Q,pair10,turbulgot,fonprurut,fonprurut,turbulgot,12482,12843,novel_word,"Definitions:
- turbulgot: something that is bold and complex
- fonprurut is more/greater than turbulgot in all respects

Q: Which is more complex, turbulgot or fonprurut? (Answer EXACTLY ONE WORD)
A:"
LESS_Q_pair10,LESS,Q,pair10,turbulgot,fonprurut,turbulgot,fonprurut,12843,12482,novel_word,"Definitions:
- turbulgot: something that is bold and complex
- fonprurut is less/smaller than turbulgot in all respects

Q: Which is more complex, turbulgot or fonprurut? (Answer EXACTLY ONE WORD)
A:"
SAME_P_pair11,SAME,P,pair11,brelbarstil,dalprorkis,bold,cautious,16627,50799,attribute_word,"Definitions:
- brelbarstil: something that is bold and complex
- dalprorkis is the same as brelbarstil

Q: Is dalprorkis bold or cautious? (Answer EXACTLY ONE WORD)
A:"
OPP_P_pair11,OPP,P,pair11,brelbarstil,dalprorkis,cautious,bold,50799,16627,attribute_word,"Definitions:
- brelbarstil: something that is bold and complex
- dalprorkis is the opposite of brelbarstil

Q: Is dalprorkis bold or cautious? (Answer EXACTLY ONE WORD)
A:"
SAME_Q_pair11,SAME,Q,pair11,brelbarstil,dalprorkis,complex,simple,3996,3606,attribute_word,"Definitions:
- brelbarstil: something that is bold and complex
- dalprorkis is the same as brelbarstil

Q: Is dalprorkis complex or simple? (Answer EXACTLY ONE WORD)
A:"
OPP_Q_pair11,OPP,Q,pair11,brelbarstil,dalprorkis,simple,complex,3606,3996,attribute_word,"Definitions:
- brelbarstil: something that is bold and complex
- dalprorkis is the opposite of brelbarstil

Q: Is dalprorkis complex or simple? (Answer EXACTLY ONE WORD)
A:"
MORE_P_pair11,MORE,P,pair11,brelbarstil,dalprorkis,dalprorkis,brelbarstil,11397,1802,novel_word,"Definitions:
- brelbarstil: something that is bold and complex
- dalprorkis is more/greater than brelbarstil in all respects

Q: Which is more bold, brelbarstil or dalprorkis? (Answer EXACTLY ONE WORD)
A:"
LESS_P_pair11,LESS,P,pair11,brelbarstil,dalprorkis,brelbarstil,dalprorkis,1802,11397,novel_word,"Definitions:
- brelbarstil: something that is bold and complex
- dalprorkis is less/smaller than brelbarstil in all respects

Q: Which is more bold, brelbarstil or dalprorkis? (Answer EXACTLY ONE WORD)
A:"
MORE_Q_pair11,MORE,Q,pair11,brelbarstil,dalprorkis,dalprorkis,brelbarstil,11397,1802,novel_word,"Definitions:
- brelbarstil: something that is bold and complex
- dalprorkis is more/greater than brelbarstil in all respects

Q: Which is more complex, brelbarstil or dalprorkis? (Answer EXACTLY ONE WORD)
A:"
LESS_Q_pair11,LESS,Q,pair11,brelbarstil,dalprorkis,brelbarstil,dalprorkis,1802,11397,novel_word,"Definitions:
- brelbarstil: something that is bold and complex
- dalprorkis is less/smaller than brelbarstil in all respects

Q: Which is more complex, brelbarstil or dalprorkis? (Answer EXACTLY ONE WORD)
A:"
SAME_P_pair12,SAME,P,pair12,fuslaifom,sleisdeikus,bold,cautious,16627,50799,attribute_word,"Definitions:
- fuslaifom: something that is bold and complex
- sleisdeikus is the same as fuslaifom

Q: Is sleisdeikus bold or cautious? (Answer EXACTLY ONE WORD)
A:"
OPP_P_pair12,OPP,P,pair12,fuslaifom,sleisdeikus,cautious,bold,50799,16627,attribute_word,"Definitions:
- fuslaifom: something that is bold and complex
- sleisdeikus is the opposite of fuslaifom

Q: Is sleisdeikus bold or cautious? (Answer EXACTLY ONE WORD)
A:"
SAME_Q_pair12,SAME,Q,pair12,fuslaifom,sleisdeikus,complex,simple,3996,3606,attribute_word,"Definitions:
- fuslaifom: something that is bold and complex
- sleisdeikus is the same as fuslaifom

Q: Is sleisdeikus complex or simple? (Answer EXACTLY ONE WORD)
A:"
OPP_Q_pair12,OPP,Q,pair12,fuslaifom,sleisdeikus,simple,complex,3606,3996,attribute_word,"Definitions:
- fuslaifom: something that is bold and complex
- sleisdeikus is the opposite of fuslaifom

Q: Is sleisdeikus complex or simple? (Answer EXACTLY ONE WORD)
A:"
MORE_P_pair12,MORE,P,pair12,fuslaifom,sleisdeikus,sleisdeikus,fuslaifom,20136,37095,novel_word,"Definitions:
- fuslaifom: something that is bold and complex
- sleisdeikus is more/greater than fuslaifom in all respects

Q: Which is more bold, fuslaifom or sleisdeikus? (Answer EXACTLY ONE WORD)
A:"
LESS_P_pair12,LESS,P,pair12,fuslaifom,sleisdeikus,fuslaifom,sleisdeikus,37095,20136,novel_word,"Definitions:
- fuslaifom: something that is bold and complex
- sleisdeikus is less/smaller than fuslaifom in all respects

Q: Which is more bold, fuslaifom or sleisdeikus? (Answer EXACTLY ONE WORD)
A:"
MORE_Q_pair12,MORE,Q,pair12,fuslaifom,sleisdeikus,sleisdeikus,fuslaifom,20136,37095,novel_word,"Definitions:
- fuslaifom: something that is bold and complex
- sleisdeikus is more/greater than fuslaifom in all respects

Q: Which is more complex, fuslaifom or sleisdeikus? (Answer EXACTLY ONE WORD)
A:"
LESS_Q_pair12,LESS,Q,pair12,fuslaifom,sleisdeikus,fuslaifom,sleisdeikus,37095,20136,novel_word,"Definitions:
- fuslaifom: something that is bold and complex
- sleisdeikus is less/smaller than fuslaifom in all respects

Q: Which is more complex, fuslaifom or sleisdeikus? (Answer EXACTLY ONE WORD)
A:"
SAME_P_pair13,SAME,P,pair13,traigarsain,rerfofin,bold,cautious,16627,50799,attribute_word,"Definitions:
- traigarsain: something that is bold and complex
- rerfofin is the same as traigarsain

Q: Is rerfofin bold or cautious? (Answer EXACTLY ONE WORD)
A:"
OPP_P_pair13,OPP,P,pair13,traigarsain,rerfofin,cautious,bold,50799,16627,attribute_word,"Definitions:
- traigarsain: something that is bold and complex
- rerfofin is the opposite of traigarsain

Q: Is rerfofin bold or cautious? (Answer EXACTLY ONE WORD)
A:"
SAME_Q_pair13,SAME,Q,pair13,traigarsain,rerfofin,complex,simple,3996,3606,attribute_word,"Definitions:
- traigarsain: something that is bold and complex
- rerfofin is the same as traigarsain

Q: Is rerfofin complex or simple? (Answer EXACTLY ONE WORD)
A:"
OPP_Q_pair13,OPP,Q,pair13,traigarsain,rerfofin,simple,complex,3606,3996,attribute_word,"Definitions:
- traigarsain: something that is bold and complex
- rerfofin is the opposite of traigarsain

Q: Is rerfofin complex or simple? (Answer EXACTLY ONE WORD)
A:"
MORE_P_pair13,MORE,P,pair13,traigarsain,rerfofin,rerfofin,traigarsain,58889,1664,novel_word,"Definitions:
- traigarsain: something that is bold and complex
- rerfofin is more/greater than traigarsain in all respects

Q: Which is more bold, traigarsain or rerfofin? (Answer EXACTLY ONE WORD)
A:"
LESS_P_pair13,LESS,P,pair13,traigarsain,rerfofin,traigarsain,rerfofin,1664,58889,novel_word,"Definitions:
- traigarsain: something that is bold and complex
- rerfofin is less/smaller than traigarsain in all respects

Q: Which is more bold, traigarsain or rerfofin? (Answer EXACTLY ONE WORD)
A:"
MORE_Q_pair13,MORE,Q,pair13,traigarsain,rerfofin,rerfofin,traigarsain,58889,1664,novel_word,"Definitions:
- traigarsain: something that is bold and complex
- rerfofin is more/greater than traigarsain in all respects

Q: Which is more complex, traigarsain or rerfofin? (Answer EXACTLY ONE WORD)
A:"
LESS_Q_pair13,LESS,Q,pair13,traigarsain,rerfofin,traigarsain,rerfofin,1664,58889,novel_word,"Definitions:
- traigarsain: something that is bold and complex
- rerfofin is less/smaller than traigarsain in all respects

Q: Which is more complex, traigarsain or rerfofin? (Answer EXACTLY ONE WORD)
A:"
SAME_P_pair14,SAME,P,pair14,rabrosprei,wespleplim,bold,cautious,16627,50799,attribute_word,"Definitions:
- rabrosprei: something that is bold and complex
- wespleplim is the same as rabrosprei

Q: Is wespleplim bold or cautious? (Answer EXACTLY ONE WORD)
A:"
OPP_P_pair14,OPP,P,pair14,rabrosprei,wespleplim,cautious,bold,50799,16627,attribute_word,"Definitions:
- rabrosprei: something that is bold and complex
- wespleplim is the opposite of rabrosprei

Q: Is wespleplim bold or cautious? (Answer EXACTLY ONE WORD)
A:"
SAME_Q_pair14,SAME,Q,pair14,rabrosprei,wespleplim,complex,simple,3996,3606,attribute_word,"Definitions:
- rabrosprei: something that is bold and complex
- wespleplim is the same as rabrosprei

Q: Is wespleplim complex or simple? (Answer EXACTLY ONE WORD)
A:"
OPP_Q_pair14,OPP,Q,pair14,rabrosprei,wespleplim,simple,complex,3606,3996,attribute_word,"Definitions:
- rabrosprei: something that is bold and complex
- wespleplim is the opposite of rabrosprei

Q: Is wespleplim complex or simple? (Answer EXACTLY ONE WORD)
A:"
MORE_P_pair14,MORE,P,pair14,rabrosprei,wespleplim,wespleplim,rabrosprei,72299,40581,novel_word,"Definitions:
- rabrosprei: something that is bold and complex
- wespleplim is more/greater than rabrosprei in all respects

Q: Which is more bold, rabrosprei or wespleplim? (Answer EXACTLY ONE WORD)
A:"
LESS_P_pair14,LESS,P,pair14,rabrosprei,wespleplim,rabrosprei,wespleplim,40581,72299,novel_word,"Definitions:
- rabrosprei: something that is bold and complex
- wespleplim is less/smaller than rabrosprei in all respects

Q: Which is more bold, rabrosprei or wespleplim? (Answer EXACTLY ONE WORD)
A:"
MORE_Q_pair14,MORE,Q,pair14,rabrosprei,wespleplim,wespleplim,rabrosprei,72299,40581,novel_word,"Definitions:
- rabrosprei: something that is bold and complex
- wespleplim is more/greater than rabrosprei in all respects

Q: Which is more complex, rabrosprei or wespleplim? (Answer EXACTLY ONE WORD)
A:"
LESS_Q_pair14,LESS,Q,pair14,rabrosprei,wespleplim,rabrosprei,wespleplim,40581,72299,novel_word,"Definitions:
- rabrosprei: something that is bold and complex
- wespleplim is less/smaller than rabrosprei in all respects

Q: Which is more complex, rabrosprei or wespleplim? (Answer EXACTLY ONE WORD)
A:"
SAME_P_pair15,SAME,P,pair15,tentrinflik,nelzanvok,bold,cautious,16627,50799,attribute_word,"Definitions:
- tentrinflik: something that is bold and complex
- nelzanvok is the same as tentrinflik

Q: Is nelzanvok bold or cautious? (Answer EXACTLY ONE WORD)
A:"
OPP_P_pair15,OPP,P,pair15,tentrinflik,nelzanvok,cautious,bold,50799,16627,attribute_word,"Definitions:
- tentrinflik: something that is bold and complex
- nelzanvok is the opposite of tentrinflik

Q: Is nelzanvok bold or cautious? (Answer EXACTLY ONE WORD)
A:"
SAME_Q_pair15,SAME,Q,pair15,tentrinflik,nelzanvok,complex,simple,3996,3606,attribute_word,"Definitions:
- tentrinflik: something that is bold and complex
- nelzanvok is the same as tentrinflik

Q: Is nelzanvok complex or simple? (Answer EXACTLY ONE WORD)
A:"
OPP_Q_pair15,OPP,Q,pair15,tentrinflik,nelzanvok,simple,complex,3606,3996,attribute_word,"Definitions:
- tentrinflik: something that is bold and complex
- nelzanvok is the opposite of tentrinflik

Q: Is nelzanvok complex or simple? (Answer EXACTLY ONE WORD)
A:"
MORE_P_pair15,MORE,P,pair15,tentrinflik,nelzanvok,nelzanvok,tentrinflik,9781,8336,novel_word,"Definitions:
- tentrinflik: something that is bold and complex
- nelzanvok is more/greater than tentrinflik in all respects

Q: Which is more bold, tentrinflik or nelzanvok? (Answer EXACTLY ONE WORD)
A:"
LESS_P_pair15,LESS,P,pair15,tentrinflik,nelzanvok,tentrinflik,nelzanvok,8336,9781,novel_word,"Definitions:
- tentrinflik: something that is bold and complex
- nelzanvok is less/smaller than tentrinflik in all respects

Q: Which is more bold, tentrinflik or nelzanvok? (Answer EXACTLY ONE WORD)
A:"
MORE_Q_pair15,MORE,Q,pair15,tentrinflik,nelzanvok,nelzanvok,tentrinflik,9781,8336,novel_word,"Definitions:
- tentrinflik: something that is bold and complex
- nelzanvok is more/greater than tentrinflik in all respects

Q: Which is more complex, tentrinflik or nelzanvok? (Answer EXACTLY ONE WORD)
A:"
LESS_Q_pair15,LESS,Q,pair15,tentrinflik,nelzanvok,tentrinflik,nelzanvok,8336,9781,novel_word,"Definitions:
- tentrinflik: something that is bold and complex
- nelzanvok is less/smaller than tentrinflik in all respects

Q: Which is more complex, tentrinflik or nelzanvok? (Answer EXACTLY ONE WORD)
A:"
SAME_P_pair16,SAME,P,pair16,baltarbras,tekourstes,bold,cautious,16627,50799,attribute_word,"Definitions:
- baltarbras: something that is bold and complex
- tekourstes is the same as baltarbras

Q: Is tekourstes bold or cautious? (Answer EXACTLY ONE WORD)
A:"
OPP_P_pair16,OPP,P,pair16,baltarbras,tekourstes,cautious,bold,50799,16627,attribute_word,"Definitions:
- baltarbras: something that is bold and complex
- tekourstes is the opposite of baltarbras

Q: Is tekourstes bold or cautious? (Answer EXACTLY ONE WORD)
A:"
SAME_Q_pair16,SAME,Q,pair16,baltarbras,tekourstes,complex,simple,3996,3606,attribute_word,"Definitions:
- baltarbras: something that is bold and complex
- tekourstes is the same as baltarbras

Q: Is tekourstes complex or simple? (Answer EXACTLY ONE WORD)
A:"
OPP_Q_pair16,OPP,Q,pair16,baltarbras,tekourstes,simple,complex,3606,3996,attribute_word,"Definitions:
- baltarbras: something that is bold and complex
- tekourstes is the opposite of baltarbras

Q: Is tekourstes complex or simple? (Answer EXACTLY ONE WORD)
A:"
MORE_P_pair16,MORE,P,pair16,baltarbras,tekourstes,tekourstes,baltarbras,22255,153549,novel_word,"Definitions:
- baltarbras: something that is bold and complex
- tekourstes is more/greater than baltarbras in all respects

Q: Which is more bold, baltarbras or tekourstes? (Answer EXACTLY ONE WORD)
A:"
LESS_P_pair16,LESS,P,pair16,baltarbras,tekourstes,baltarbras,tekourstes,153549,22255,novel_word,"Definitions:
- baltarbras: something that is bold and complex
- tekourstes is less/smaller than baltarbras in all respects

Q: Which is more bold, baltarbras or tekourstes? (Answer EXACTLY ONE WORD)
A:"
MORE_Q_pair16,MORE,Q,pair16,baltarbras,tekourstes,tekourstes,baltarbras,22255,153549,novel_word,"Definitions:
- baltarbras: something that is bold and complex
- tekourstes is more/greater than baltarbras in all respects

Q: Which is more complex, baltarbras or tekourstes? (Answer EXACTLY ONE WORD)
A:"
LESS_Q_pair16,LESS,Q,pair16,baltarbras,tekourstes,baltarbras,tekourstes,153549,22255,novel_word,"Definitions:
- baltarbras: something that is bold and complex
- tekourstes is less/smaller than baltarbras in all respects

Q: Which is more complex, baltarbras or tekourstes? (Answer EXACTLY ONE WORD)
A:"
SAME_P_pair17,SAME,P,pair17,prailzamom,greidasneit,bold,cautious,16627,50799,attribute_word,"Definitions:
- prailzamom: something that is bold and complex
- greidasneit is the same as prailzamom

Q: Is greidasneit bold or cautious? (Answer EXACTLY ONE WORD)
A:"
OPP_P_pair17,OPP,P,pair17,prailzamom,greidasneit,cautious,bold,50799,16627,attribute_word,"Definitions:
- prailzamom: something that is bold and complex
- greidasneit is the opposite of prailzamom

Q: Is greidasneit bold or cautious? (Answer EXACTLY ONE WORD)
A:"
SAME_Q_pair17,SAME,Q,pair17,prailzamom,greidasneit,complex,simple,3996,3606,attribute_word,"Definitions:
- prailzamom: something that is bold and complex
- greidasneit is the same as prailzamom

Q: Is greidasneit complex or simple? (Answer EXACTLY ONE WORD)
A:"
OPP_Q_pair17,OPP,Q,pair17,prailzamom,greidasneit,simple,complex,3606,3996,attribute_word,"Definitions:
- prailzamom: something that is bold and complex
- greidasneit is the opposite of prailzamom

Q: Is greidasneit complex or simple? (Answer EXACTLY ONE WORD)
A:"
MORE_P_pair17,MORE,P,pair17,prailzamom,greidasneit,greidasneit,prailzamom,2017,8034,novel_word,"Definitions:
- prailzamom: something that is bold and complex
- greidasneit is more/greater than prailzamom in all respects

Q: Which is more bold, prailzamom or greidasneit? (Answer EXACTLY ONE WORD)
A:"
LESS_P_pair17,LESS,P,pair17,prailzamom,greidasneit,prailzamom,greidasneit,8034,2017,novel_word,"Definitions:
- prailzamom: something that is bold and complex
- greidasneit is less/smaller than prailzamom in all respects

Q: Which is more bold, prailzamom or greidasneit? (Answer EXACTLY ONE WORD)
A:"
MORE_Q_pair17,MORE,Q,pair17,prailzamom,greidasneit,greidasneit,prailzamom,2017,8034,novel_word,"Definitions:
- prailzamom: something that is bold and complex
- greidasneit is more/greater than prailzamom in all respects

Q: Which is more complex, prailzamom or greidasneit? (Answer EXACTLY ONE WORD)
A:"
LESS_Q_pair17,LESS,Q,pair17,prailzamom,greidasneit,prailzamom,greidasneit,8034,2017,novel_word,"Definitions:
- prailzamom: something that is bold and complex
- greidasneit is less/smaller than prailzamom in all respects

Q: Which is more complex, prailzamom or greidasneit? (Answer EXACTLY ONE WORD)
A:"
SAME_P_pair18,SAME,P,pair18,zakaisgros,venkoudaim,bold,cautious,16627,50799,attribute_word,"Definitions:
- zakaisgros: something that is bold and complex
- venkoudaim is the same as zakaisgros

Q: Is venkoudaim bold or cautious? (Answer EXACTLY ONE WORD)
A:"
OPP_P_pair18,OPP,P,pair18,zakaisgros,venkoudaim,cautious,bold,50799,16627,attribute_word,"Definitions:
- zakaisgros: something that is bold and complex
- venkoudaim is the opposite of zakaisgros

Q: Is venkoudaim bold or cautious? (Answer EXACTLY ONE WORD)
A:"
SAME_Q_pair18,SAME,Q,pair18,zakaisgros,venkoudaim,complex,simple,3996,3606,attribute_word,"Definitions:
- zakaisgros: something that is bold and complex
- venkoudaim is the same as zakaisgros

Q: Is venkoudaim complex or simple? (Answer EXACTLY ONE WORD)
A:"
OPP_Q_pair18,OPP,Q,pair18,zakaisgros,venkoudaim,simple,complex,3606,3996,attribute_word,"Definitions:
- zakaisgros: something that is bold and complex
- venkoudaim is the opposite of zakaisgros

Q: Is venkoudaim complex or simple? (Answer EXACTLY ONE WORD)
A:"
MORE_P_pair18,MORE,P,pair18,zakaisgros,venkoudaim,venkoudaim,zakaisgros,7876,25585,novel_word,"Definitions:
- zakaisgros: something that is bold and complex
- venkoudaim is more/greater than zakaisgros in all respects

Q: Which is more bold, zakaisgros or venkoudaim? (Answer EXACTLY ONE WORD)
A:"
LESS_P_pair18,LESS,P,pair18,zakaisgros,venkoudaim,zakaisgros,venkoudaim,25585,7876,novel_word,"Definitions:
- zakaisgros: something that is bold and complex
- venkoudaim is less/smaller than zakaisgros in all respects

Q: Which is more bold, zakaisgros or venkoudaim? (Answer EXACTLY ONE WORD)
A:"
MORE_Q_pair18,MORE,Q,pair18,zakaisgros,venkoudaim,venkoudaim,zakaisgros,7876,25585,novel_word,"Definitions:
- zakaisgros: something that is bold and complex
- venkoudaim is more/greater than zakaisgros in all respects

Q: Which is more complex, zakaisgros or venkoudaim? (Answer EXACTLY ONE WORD)
A:"
LESS_Q_pair18,LESS,Q,pair18,zakaisgros,venkoudaim,zakaisgros,venkoudaim,25585,7876,novel_word,"Definitions:
- zakaisgros: something that is bold and complex
- venkoudaim is less/smaller than zakaisgros in all respects

Q: Which is more complex, zakaisgros or venkoudaim? (Answer EXACTLY ONE WORD)
A:"
SAME_P_pair19,SAME,P,pair19,fillintrit,parbiset,bold,cautious,16627,50799,attribute_word,"Definitions:
- fillintrit: something that is bold and complex
- parbiset is the same as fillintrit

Q: Is parbiset bold or cautious? (Answer EXACTLY ONE WORD)
A:"
OPP_P_pair19,OPP,P,pair19,fillintrit,parbiset,cautious,bold,50799,16627,attribute_word,"Definitions:
- fillintrit: something that is bold and complex
- parbiset is the opposite of fillintrit

Q: Is parbiset bold or cautious? (Answer EXACTLY ONE WORD)
A:"
SAME_Q_pair19,SAME,Q,pair19,fillintrit,parbiset,complex,simple,3996,3606,attribute_word,"Definitions:
- fillintrit: something that is bold and complex
- parbiset is the same as fillintrit

Q: Is parbiset complex or simple? (Answer EXACTLY ONE WORD)
A:"
OPP_Q_pair19,OPP,Q,pair19,fillintrit,parbiset,simple,complex,3606,3996,attribute_word,"Definitions:
- fillintrit: something that is bold and complex
- parbiset is the opposite of fillintrit

Q: Is parbiset complex or simple? (Answer EXACTLY ONE WORD)
A:"
MORE_P_pair19,MORE,P,pair19,fillintrit,parbiset,parbiset,fillintrit,944,5727,novel_word,"Definitions:
- fillintrit: something that is bold and complex
- parbiset is more/greater than fillintrit in all respects

Q: Which is more bold, fillintrit or parbiset? (Answer EXACTLY ONE WORD)
A:"
LESS_P_pair19,LESS,P,pair19,fillintrit,parbiset,fillintrit,parbiset,5727,944,novel_word,"Definitions:
- fillintrit: something that is bold and complex
- parbiset is less/smaller than fillintrit in all respects

Q: Which is more bold, fillintrit or parbiset? (Answer EXACTLY ONE WORD)
A:"
MORE_Q_pair19,MORE,Q,pair19,fillintrit,parbiset,parbiset,fillintrit,944,5727,novel_word,"Definitions:
- fillintrit: something that is bold and complex
- parbiset is more/greater than fillintrit in all respects

Q: Which is more complex, fillintrit or parbiset? (Answer EXACTLY ONE WORD)
A:"
LESS_Q_pair19,LESS,Q,pair19,fillintrit,parbiset,fillintrit,parbiset,5727,944,novel_word,"Definitions:
- fillintrit: something that is bold and complex
- parbiset is less/smaller than fillintrit in all respects

Q: Which is more complex, fillintrit or parbiset? (Answer EXACTLY ONE WORD)
A:"
SAME_P_pair20,SAME,P,pair20,tespasprok,finroulwas,bold,cautious,16627,50799,attribute_word,"Definitions:
- tespasprok: something that is bold and complex
- finroulwas is the same as tespasprok

Q: Is finroulwas bold or cautious? (Answer EXACTLY ONE WORD)
A:"
OPP_P_pair20,OPP,P,pair20,tespasprok,finroulwas,cautious,bold,50799,16627,attribute_word,"Definitions:
- tespasprok: something that is bold and complex
- finroulwas is the opposite of tespasprok

Q: Is finroulwas bold or cautious? (Answer EXACTLY ONE WORD)
A:"
SAME_Q_pair20,SAME,Q,pair20,tespasprok,finroulwas,complex,simple,3996,3606,attribute_word,"Definitions:
- tespasprok: something that is bold and complex
- finroulwas is the same as tespasprok

Q: Is finroulwas complex or simple? (Answer EXACTLY ONE WORD)
A:"
OPP_Q_pair20,OPP,Q,pair20,tespasprok,finroulwas,simple,complex,3606,3996,attribute_word,"Definitions:
- tespasprok: something that is bold and complex
- finroulwas is the opposite of tespasprok

Q: Is finroulwas complex or simple? (Answer EXACTLY ONE WORD)
A:"
MORE_P_pair20,MORE,P,pair20,tespasprok,finroulwas,finroulwas,tespasprok,1815,26465,novel_word,"Definitions:
- tespasprok: something that is bold and complex
- finroulwas is more/greater than tespasprok in all respects

Q: Which is more bold, tespasprok or finroulwas? (Answer EXACTLY ONE WORD)
A:"
LESS_P_pair20,LESS,P,pair20,tespasprok,finroulwas,tespasprok,finroulwas,26465,1815,novel_word,"Definitions:
- tespasprok: something that is bold and complex
- finroulwas is less/smaller than tespasprok in all respects

Q: Which is more bold, tespasprok or finroulwas? (Answer EXACTLY ONE WORD)
A:"
MORE_Q_pair20,MORE,Q,pair20,tespasprok,finroulwas,finroulwas,tespasprok,1815,26465,novel_word,"Definitions:
- tespasprok: something that is bold and complex
- finroulwas is more/greater than tespasprok in all respects

Q: Which is more complex, tespasprok or finroulwas? (Answer EXACTLY ONE WORD)
A:"
LESS_Q_pair20,LESS,Q,pair20,tespasprok,finroulwas,tespasprok,finroulwas,26465,1815,novel_word,"Definitions:
- tespasprok: something that is bold and complex
- finroulwas is less/smaller than tespasprok in all respects

Q: Which is more complex, tespasprok or finroulwas? (Answer EXACTLY ONE WORD)
A:"
SAME_P_pair21,SAME,P,pair21,deinwalpem,soslaisvir,bold,cautious,16627,50799,attribute_word,"Definitions:
- deinwalpem: something that is bold and complex
- soslaisvir is the same as deinwalpem

Q: Is soslaisvir bold or cautious? (Answer EXACTLY ONE WORD)
A:"
OPP_P_pair21,OPP,P,pair21,deinwalpem,soslaisvir,cautious,bold,50799,16627,attribute_word,"Definitions:
- deinwalpem: something that is bold and complex
- soslaisvir is the opposite of deinwalpem

Q: Is soslaisvir bold or cautious? (Answer EXACTLY ONE WORD)
A:"
SAME_Q_pair21,SAME,Q,pair21,deinwalpem,soslaisvir,complex,simple,3996,3606,attribute_word,"Definitions:
- deinwalpem: something that is bold and complex
- soslaisvir is the same as deinwalpem

Q: Is soslaisvir complex or simple? (Answer EXACTLY ONE WORD)
A:"
OPP_Q_pair21,OPP,Q,pair21,deinwalpem,soslaisvir,simple,complex,3606,3996,attribute_word,"Definitions:
- deinwalpem: something that is bold and complex
- soslaisvir is the opposite of deinwalpem

Q: Is soslaisvir complex or simple? (Answer EXACTLY ONE WORD)
A:"
MORE_P_pair21,MORE,P,pair21,deinwalpem,soslaisvir,soslaisvir,deinwalpem,27420,66275,novel_word,"Definitions:
- deinwalpem: something that is bold and complex
- soslaisvir is more/greater than deinwalpem in all respects

Q: Which is more bold, deinwalpem or soslaisvir? (Answer EXACTLY ONE WORD)
A:"
LESS_P_pair21,LESS,P,pair21,deinwalpem,soslaisvir,deinwalpem,soslaisvir,66275,27420,novel_word,"Definitions:
- deinwalpem: something that is bold and complex
- soslaisvir is less/smaller than deinwalpem in all respects

Q: Which is more bold, deinwalpem or soslaisvir? (Answer EXACTLY ONE WORD)
A:"
MORE_Q_pair21,MORE,Q,pair21,deinwalpem,soslaisvir,soslaisvir,deinwalpem,27420,66275,novel_word,"Definitions:
- deinwalpem: something that is bold and complex
- soslaisvir is more/greater than deinwalpem in all respects

Q: Which is more complex, deinwalpem or soslaisvir? (Answer EXACTLY ONE WORD)
A:"
LESS_Q_pair21,LESS,Q,pair21,deinwalpem,soslaisvir,deinwalpem,soslaisvir,66275,27420,novel_word,"Definitions:
- deinwalpem: something that is bold and complex
- soslaisvir is less/smaller than deinwalpem in all respects

Q: Which is more complex, deinwalpem or soslaisvir? (Answer EXACTLY ONE WORD)
A:"
SAME_P_pair22,SAME,P,pair22,kenflinwor,prolkonzat,bold,cautious,16627,50799,attribute_word,"Definitions:
- kenflinwor: something that is bold and complex
- prolkonzat is the same as kenflinwor

Q: Is prolkonzat bold or cautious? (Answer EXACTLY ONE WORD)
A:"
OPP_P_pair22,OPP,P,pair22,kenflinwor,prolkonzat,cautious,bold,50799,16627,attribute_word,"Definitions:
- kenflinwor: something that is bold and complex
- prolkonzat is the opposite of kenflinwor

Q: Is prolkonzat bold or cautious? (Answer EXACTLY ONE WORD)
A:"
SAME_Q_pair22,SAME,Q,pair22,kenflinwor,prolkonzat,complex,simple,3996,3606,attribute_word,"Definitions:
- kenflinwor: something that is bold and complex
- prolkonzat is the same as kenflinwor

Q: Is prolkonzat complex or simple? (Answer EXACTLY ONE WORD)
A:"
OPP_Q_pair22,OPP,Q,pair22,kenflinwor,prolkonzat,simple,complex,3606,3996,attribute_word,"Definitions:
- kenflinwor: something that is bold and complex
- prolkonzat is the opposite of kenflinwor

Q: Is prolkonzat complex or simple? (Answer EXACTLY ONE WORD)
A:"
MORE_P_pair22,MORE,P,pair22,kenflinwor,prolkonzat,prolkonzat,kenflinwor,18610,30002,novel_word,"Definitions:
- kenflinwor: something that is bold and complex
- prolkonzat is more/greater than kenflinwor in all respects

Q: Which is more bold, kenflinwor or prolkonzat? (Answer EXACTLY ONE WORD)
A:"
LESS_P_pair22,LESS,P,pair22,kenflinwor,prolkonzat,kenflinwor,prolkonzat,30002,18610,novel_word,"Definitions:
- kenflinwor: something that is bold and complex
- prolkonzat is less/smaller than kenflinwor in all respects

Q: Which is more bold, kenflinwor or prolkonzat? (Answer EXACTLY ONE WORD)
A:"
MORE_Q_pair22,MORE,Q,pair22,kenflinwor,prolkonzat,prolkonzat,kenflinwor,18610,30002,novel_word,"Definitions:
- kenflinwor: something that is bold and complex
- prolkonzat is more/greater than kenflinwor in all respects

Q: Which is more complex, kenflinwor or prolkonzat? (Answer EXACTLY ONE WORD)
A:"
LESS_Q_pair22,LESS,Q,pair22,kenflinwor,prolkonzat,kenflinwor,prolkonzat,30002,18610,novel_word,"Definitions:
- kenflinwor: something that is bold and complex
- prolkonzat is less/smaller than kenflinwor in all respects

Q: Which is more complex, kenflinwor or prolkonzat? (Answer EXACTLY ONE WORD)
A:"
SAME_P_pair23,SAME,P,pair23,fudunmet,grailgabrat,bold,cautious,16627,50799,attribute_word,"Definitions:
- fudunmet: something that is bold and complex
- grailgabrat is the same as fudunmet

Q: Is grailgabrat bold or cautious? (Answer EXACTLY ONE WORD)
A:"
OPP_P_pair23,OPP,P,pair23,fudunmet,grailgabrat,cautious,bold,50799,16627,attribute_word,"Definitions:
- fudunmet: something that is bold and complex
- grailgabrat is the opposite of fudunmet

Q: Is grailgabrat bold or cautious? (Answer EXACTLY ONE WORD)
A:"
SAME_Q_pair23,SAME,Q,pair23,fudunmet,grailgabrat,complex,simple,3996,3606,attribute_word,"Definitions:
- fudunmet: something that is bold and complex
- grailgabrat is the same as fudunmet

Q: Is grailgabrat complex or simple? (Answer EXACTLY ONE WORD)
A:"
OPP_Q_pair23,OPP,Q,pair23,fudunmet,grailgabrat,simple,complex,3606,3996,attribute_word,"Definitions:
- fudunmet: something that is bold and complex
- grailgabrat is the opposite of fudunmet

Q: Is grailgabrat complex or simple? (Answer EXACTLY ONE WORD)
A:"
MORE_P_pair23,MORE,P,pair23,fudunmet,grailgabrat,grailgabrat,fudunmet,236220,93441,novel_word,"Definitions:
- fudunmet: something that is bold and complex
- grailgabrat is more/greater than fudunmet in all respects

Q: Which is more bold, fudunmet or grailgabrat? (Answer EXACTLY ONE WORD)
A:"
LESS_P_pair23,LESS,P,pair23,fudunmet,grailgabrat,fudunmet,grailgabrat,93441,236220,novel_word,"Definitions:
- fudunmet: something that is bold and complex
- grailgabrat is less/smaller than fudunmet in all respects

Q: Which is more bold, fudunmet or grailgabrat? (Answer EXACTLY ONE WORD)
A:"
MORE_Q_pair23,MORE,Q,pair23,fudunmet,grailgabrat,grailgabrat,fudunmet,236220,93441,novel_word,"Definitions:
- fudunmet: something that is bold and complex
- grailgabrat is more/greater than fudunmet in all respects

Q: Which is more complex, fudunmet or grailgabrat? (Answer EXACTLY ONE WORD)
A:"
LESS_Q_pair23,LESS,Q,pair23,fudunmet,grailgabrat,fudunmet,grailgabrat,93441,236220,novel_word,"Definitions:
- fudunmet: something that is bold and complex
- grailgabrat is less/smaller than fudunmet in all respects

Q: Which is more complex, fudunmet or grailgabrat? (Answer EXACTLY ONE WORD)
A:"
SAME_P_pair24,SAME,P,pair24,nusilmat,sokrarut,bold,cautious,16627,50799,attribute_word,"Definitions:
- nusilmat: something that is bold and complex
- sokrarut is the same as nusilmat

Q: Is sokrarut bold or cautious? (Answer EXACTLY ONE WORD)
A:"
OPP_P_pair24,OPP,P,pair24,nusilmat,sokrarut,cautious,bold,50799,16627,attribute_word,"Definitions:
- nusilmat: something that is bold and complex
- sokrarut is the opposite of nusilmat

Q: Is sokrarut bold or cautious? (Answer EXACTLY ONE WORD)
A:"
SAME_Q_pair24,SAME,Q,pair24,nusilmat,sokrarut,complex,simple,3996,3606,attribute_word,"Definitions:
- nusilmat: something that is bold and complex
- sokrarut is the same as nusilmat

Q: Is sokrarut complex or simple? (Answer EXACTLY ONE WORD)
A:"
OPP_Q_pair24,OPP,Q,pair24,nusilmat,sokrarut,simple,complex,3606,3996,attribute_word,"Definitions:
- nusilmat: something that is bold and complex
- sokrarut is the opposite of nusilmat

Q: Is sokrarut complex or simple? (Answer EXACTLY ONE WORD)
A:"
MORE_P_pair24,MORE,P,pair24,nusilmat,sokrarut,sokrarut,nusilmat,45836,114829,novel_word,"Definitions:
- nusilmat: something that is bold and complex
- sokrarut is more/greater than nusilmat in all respects

Q: Which is more bold, nusilmat or sokrarut? (Answer EXACTLY ONE WORD)
A:"
LESS_P_pair24,LESS,P,pair24,nusilmat,sokrarut,nusilmat,sokrarut,114829,45836,novel_word,"Definitions:
- nusilmat: something that is bold and complex
- sokrarut is less/smaller than nusilmat in all respects

Q: Which is more bold, nusilmat or sokrarut? (Answer EXACTLY ONE WORD)
A:"
MORE_Q_pair24,MORE,Q,pair24,nusilmat,sokrarut,sokrarut,nusilmat,45836,114829,novel_word,"Definitions:
- nusilmat: something that is bold and complex
- sokrarut is more/greater than nusilmat in all respects

Q: Which is more complex, nusilmat or sokrarut? (Answer EXACTLY ONE WORD)
A:"
LESS_Q_pair24,LESS,Q,pair24,nusilmat,sokrarut,nusilmat,sokrarut,114829,45836,novel_word,"Definitions:
- nusilmat: something that is bold and complex
- sokrarut is less/smaller than nusilmat in all respects

Q: Which is more complex, nusilmat or sokrarut? (Answer EXACTLY ONE WORD)
A:"
SAME_P_pair25,SAME,P,pair25,brilzornes,zarbouspik,bold,cautious,16627,50799,attribute_word,"Definitions:
- brilzornes: something that is bold and complex
- zarbouspik is the same as brilzornes

Q: Is zarbouspik bold or cautious? (Answer EXACTLY ONE WORD)
A:"
OPP_P_pair25,OPP,P,pair25,brilzornes,zarbouspik,cautious,bold,50799,16627,attribute_word,"Definitions:
- brilzornes: something that is bold and complex
- zarbouspik is the opposite of brilzornes

Q: Is zarbouspik bold or cautious? (Answer EXACTLY ONE WORD)
A:"
SAME_Q_pair25,SAME,Q,pair25,brilzornes,zarbouspik,complex,simple,3996,3606,attribute_word,"Definitions:
- brilzornes: something that is bold and complex
- zarbouspik is the same as brilzornes

Q: Is zarbouspik complex or simple? (Answer EXACTLY ONE WORD)
A:"
OPP_Q_pair25,OPP,Q,pair25,brilzornes,zarbouspik,simple,complex,3606,3996,attribute_word,"Definitions:
- brilzornes: something that is bold and complex
- zarbouspik is the opposite of brilzornes

Q: Is zarbouspik complex or simple? (Answer EXACTLY ONE WORD)
A:"
MORE_P_pair25,MORE,P,pair25,brilzornes,zarbouspik,zarbouspik,brilzornes,33330,168911,novel_word,"Definitions:
- brilzornes: something that is bold and complex
- zarbouspik is more/greater than brilzornes in all respects

Q: Which is more bold, brilzornes or zarbouspik? (Answer EXACTLY ONE WORD)
A:"
LESS_P_pair25,LESS,P,pair25,brilzornes,zarbouspik,brilzornes,zarbouspik,168911,33330,novel_word,"Definitions:
- brilzornes: something that is bold and complex
- zarbouspik is less/smaller than brilzornes in all respects

Q: Which is more bold, brilzornes or zarbouspik? (Answer EXACTLY ONE WORD)
A:"
MORE_Q_pair25,MORE,Q,pair25,brilzornes,zarbouspik,zarbouspik,brilzornes,33330,168911,novel_word,"Definitions:
- brilzornes: something that is bold and complex
- zarbouspik is more/greater than brilzornes in all respects

Q: Which is more complex, brilzornes or zarbouspik? (Answer EXACTLY ONE WORD)
A:"
LESS_Q_pair25,LESS,Q,pair25,brilzornes,zarbouspik,brilzornes,zarbouspik,168911,33330,novel_word,"Definitions:
- brilzornes: something that is bold and complex
- zarbouspik is less/smaller than brilzornes in all respects

Q: Which is more complex, brilzornes or zarbouspik? (Answer EXACTLY ONE WORD)
A:"
SAME_P_pair26,SAME,P,pair26,lenflosgat,sulgralfai,bold,cautious,16627,50799,attribute_word,"Definitions:
- lenflosgat: something that is bold and complex
- sulgralfai is the same as lenflosgat

Q: Is sulgralfai bold or cautious? (Answer EXACTLY ONE WORD)
A:"
OPP_P_pair26,OPP,P,pair26,lenflosgat,sulgralfai,cautious,bold,50799,16627,attribute_word,"Definitions:
- lenflosgat: something that is bold and complex
- sulgralfai is the opposite of lenflosgat

Q: Is sulgralfai bold or cautious? (Answer EXACTLY ONE WORD)
A:"
SAME_Q_pair26,SAME,Q,pair26,lenflosgat,sulgralfai,complex,simple,3996,3606,attribute_word,"Definitions:
- lenflosgat: something that is bold and complex
- sulgralfai is the same as lenflosgat

Q: Is sulgralfai complex or simple? (Answer EXACTLY ONE WORD)
A:"
OPP_Q_pair26,OPP,Q,pair26,lenflosgat,sulgralfai,simple,complex,3606,3996,attribute_word,"Definitions:
- lenflosgat: something that is bold and complex
- sulgralfai is the opposite of lenflosgat

Q: Is sulgralfai complex or simple? (Answer EXACTLY ONE WORD)
A:"
MORE_P_pair26,MORE,P,pair26,lenflosgat,sulgralfai,sulgralfai,lenflosgat,11617,5980,novel_word,"Definitions:
- lenflosgat: something that is bold and complex
- sulgralfai is more/greater than lenflosgat in all respects

Q: Which is more bold, lenflosgat or sulgralfai? (Answer EXACTLY ONE WORD)
A:"
LESS_P_pair26,LESS,P,pair26,lenflosgat,sulgralfai,lenflosgat,sulgralfai,5980,11617,novel_word,"Definitions:
- lenflosgat: something that is bold and complex
- sulgralfai is less/smaller than lenflosgat in all respects

Q: Which is more bold, lenflosgat or sulgralfai? (Answer EXACTLY ONE WORD)
A:"
MORE_Q_pair26,MORE,Q,pair26,lenflosgat,sulgralfai,sulgralfai,lenflosgat,11617,5980,novel_word,"Definitions:
- lenflosgat: something that is bold and complex
- sulgralfai is more/greater than lenflosgat in all respects

Q: Which is more complex, lenflosgat or sulgralfai? (Answer EXACTLY ONE WORD)
A:"
LESS_Q_pair26,LESS,Q,pair26,lenflosgat,sulgralfai,lenflosgat,sulgralfai,5980,11617,novel_word,"Definitions:
- lenflosgat: something that is bold and complex
- sulgralfai is less/smaller than lenflosgat in all respects

Q: Which is more complex, lenflosgat or sulgralfai? (Answer EXACTLY ONE WORD)
A:"
SAME_P_pair27,SAME,P,pair27,wonflanbras,keinweldok,bold,cautious,16627,50799,attribute_word,"Definitions:
- wonflanbras: something that is bold and complex
- keinweldok is the same as wonflanbras

Q: Is keinweldok bold or cautious? (Answer EXACTLY ONE WORD)
A:"
OPP_P_pair27,OPP,P,pair27,wonflanbras,keinweldok,cautious,bold,50799,16627,attribute_word,"Definitions:
- wonflanbras: something that is bold and complex
- keinweldok is the opposite of wonflanbras

Q: Is keinweldok bold or cautious? (Answer EXACTLY ONE WORD)
A:"
SAME_Q_pair27,SAME,Q,pair27,wonflanbras,keinweldok,complex,simple,3996,3606,attribute_word,"Definitions:
- wonflanbras: something that is bold and complex
- keinweldok is the same as wonflanbras

Q: Is keinweldok complex or simple? (Answer EXACTLY ONE WORD)
A:"
OPP_Q_pair27,OPP,Q,pair27,wonflanbras,keinweldok,simple,complex,3606,3996,attribute_word,"Definitions:
- wonflanbras: something that is bold and complex
- keinweldok is the opposite of wonflanbras

Q: Is keinweldok complex or simple? (Answer EXACTLY ONE WORD)
A:"
MORE_P_pair27,MORE,P,pair27,wonflanbras,keinweldok,keinweldok,wonflanbras,39422,2810,novel_word,"Definitions:
- wonflanbras: something that is bold and complex
- keinweldok is more/greater than wonflanbras in all respects

Q: Which is more bold, wonflanbras or keinweldok? (Answer EXACTLY ONE WORD)
A:"
LESS_P_pair27,LESS,P,pair27,wonflanbras,keinweldok,wonflanbras,keinweldok,2810,39422,novel_word,"Definitions:
- wonflanbras: something that is bold and complex
- keinweldok is less/smaller than wonflanbras in all respects

Q: Which is more bold, wonflanbras or keinweldok? (Answer EXACTLY ONE WORD)
A:"
MORE_Q_pair27,MORE,Q,pair27,wonflanbras,keinweldok,keinweldok,wonflanbras,39422,2810,novel_word,"Definitions:
- wonflanbras: something that is bold and complex
- keinweldok is more/greater than wonflanbras in all respects

Q: Which is more complex, wonflanbras or keinweldok? (Answer EXACTLY ONE WORD)
A:"
LESS_Q_pair27,LESS,Q,pair27,wonflanbras,keinweldok,wonflanbras,keinweldok,2810,39422,novel_word,"Definitions:
- wonflanbras: something that is bold and complex
- keinweldok is less/smaller than wonflanbras in all respects

Q: Which is more complex, wonflanbras or keinweldok? (Answer EXACTLY ONE WORD)
A:"
SAME_P_pair28,SAME,P,pair28,pagrekum,torfanmek,bold,cautious,16627,50799,attribute_word,"Definitions:
- pagrekum: something that is bold and complex
- torfanmek is the same as pagrekum

Q: Is torfanmek bold or cautious? (Answer EXACTLY ONE WORD)
A:"
OPP_P_pair28,OPP,P,pair28,pagrekum,torfanmek,cautious,bold,50799,16627,attribute_word,"Definitions:
- pagrekum: something that is bold and complex
- torfanmek is the opposite of pagrekum

Q: Is torfanmek bold or cautious? (Answer EXACTLY ONE WORD)
A:"
SAME_Q_pair28,SAME,Q,pair28,pagrekum,torfanmek,complex,simple,3996,3606,attribute_word,"Definitions:
- pagrekum: something that is bold and complex
- torfanmek is the same as pagrekum

Q: Is torfanmek complex or simple? (Answer EXACTLY ONE WORD)
A:"
OPP_Q_pair28,OPP,Q,pair28,pagrekum,torfanmek,simple,complex,3606,3996,attribute_word,"Definitions:
- pagrekum: something that is bold and complex
- torfanmek is the opposite of pagrekum

Q: Is torfanmek complex or simple? (Answer EXACTLY ONE WORD)
A:"
MORE_P_pair28,MORE,P,pair28,pagrekum,torfanmek,torfanmek,pagrekum,6254,8564,novel_word,"Definitions:
- pagrekum: something that is bold and complex
- torfanmek is more/greater than pagrekum in all respects

Q: Which is more bold, pagrekum or torfanmek? (Answer EXACTLY ONE WORD)
A:"
LESS_P_pair28,LESS,P,pair28,pagrekum,torfanmek,pagrekum,torfanmek,8564,6254,novel_word,"Definitions:
- pagrekum: something that is bold and complex
- torfanmek is less/smaller than pagrekum in all respects

Q: Which is more bold, pagrekum or torfanmek? (Answer EXACTLY ONE WORD)
A:"
MORE_Q_pair28,MORE,Q,pair28,pagrekum,torfanmek,torfanmek,pagrekum,6254,8564,novel_word,"Definitions:
- pagrekum: something that is bold and complex
- torfanmek is more/greater than pagrekum in all respects

Q: Which is more complex, pagrekum or torfanmek? (Answer EXACTLY ONE WORD)
A:"
LESS_Q_pair28,LESS,Q,pair28,pagrekum,torfanmek,pagrekum,torfanmek,8564,6254,novel_word,"Definitions:
- pagrekum: something that is bold and complex
- torfanmek is less/smaller than pagrekum in all respects

Q: Which is more complex, pagrekum or torfanmek? (Answer EXACTLY ONE WORD)
A:"
SAME_P_pair29,SAME,P,pair29,barfunfum,soswisprem,bold,cautious,16627,50799,attribute_word,"Definitions:
- barfunfum: something that is bold and complex
- soswisprem is the same as barfunfum

Q: Is soswisprem bold or cautious? (Answer EXACTLY ONE WORD)
A:"
OPP_P_pair29,OPP,P,pair29,barfunfum,soswisprem,cautious,bold,50799,16627,attribute_word,"Definitions:
- barfunfum: something that is bold and complex
- soswisprem is the opposite of barfunfum

Q: Is soswisprem bold or cautious? (Answer EXACTLY ONE WORD)
A:"
SAME_Q_pair29,SAME,Q,pair29,barfunfum,soswisprem,complex,simple,3996,3606,attribute_word,"Definitions:
- barfunfum: something that is bold and complex
- soswisprem is the same as barfunfum

Q: Is soswisprem complex or simple? (Answer EXACTLY ONE WORD)
A:"
OPP_Q_pair29,OPP,Q,pair29,barfunfum,soswisprem,simple,complex,3606,3996,attribute_word,"Definitions:
- barfunfum: something that is bold and complex
- soswisprem is the opposite of barfunfum

Q: Is soswisprem complex or simple? (Answer EXACTLY ONE WORD)
A:"
MORE_P_pair29,MORE,P,pair29,barfunfum,soswisprem,soswisprem,barfunfum,27420,3029,novel_word,"Definitions:
- barfunfum: something that is bold and complex
- soswisprem is more/greater than barfunfum in all respects

Q: Which is more bold, barfunfum or soswisprem? (Answer EXACTLY ONE WORD)
A:"
LESS_P_pair29,LESS,P,pair29,barfunfum,soswisprem,barfunfum,soswisprem,3029,27420,novel_word,"Definitions:
- barfunfum: something that is bold and complex
- soswisprem is less/smaller than barfunfum in all respects

Q: Which is more bold, barfunfum or soswisprem? (Answer EXACTLY ONE WORD)
A:"
MORE_Q_pair29,MORE,Q,pair29,barfunfum,soswisprem,soswisprem,barfunfum,27420,3029,novel_word,"Definitions:
- barfunfum: something that is bold and complex
- soswisprem is more/greater than barfunfum in all respects

Q: Which is more complex, barfunfum or soswisprem? (Answer EXACTLY ONE WORD)
A:"
LESS_Q_pair29,LESS,Q,pair29,barfunfum,soswisprem,barfunfum,soswisprem,3029,27420,novel_word,"Definitions:
- barfunfum: something that is bold and complex
- soswisprem is less/smaller than barfunfum in all respects

Q: Which is more complex, barfunfum or soswisprem? (Answer EXACTLY ONE WORD)
A:"
SAME_P_pair30,SAME,P,pair30,sifesspon,bronlenlou,bold,cautious,16627,50799,attribute_word,"Definitions:
- sifesspon: something that is bold and complex
- bronlenlou is the same as sifesspon

Q: Is bronlenlou bold or cautious? (Answer EXACTLY ONE WORD)
A:"
OPP_P_pair30,OPP,P,pair30,sifesspon,bronlenlou,cautious,bold,50799,16627,attribute_word,"Definitions:
- sifesspon: something that is bold and complex
- bronlenlou is the opposite of sifesspon

Q: Is bronlenlou bold or cautious? (Answer EXACTLY ONE WORD)
A:"
SAME_Q_pair30,SAME,Q,pair30,sifesspon,bronlenlou,complex,simple,3996,3606,attribute_word,"Definitions:
- sifesspon: something that is bold and complex
- bronlenlou is the same as sifesspon

Q: Is bronlenlou complex or simple? (Answer EXACTLY ONE WORD)
A:"
OPP_Q_pair30,OPP,Q,pair30,sifesspon,bronlenlou,simple,complex,3606,3996,attribute_word,"Definitions:
- sifesspon: something that is bold and complex
- bronlenlou is the opposite of sifesspon

Q: Is bronlenlou complex or simple? (Answer EXACTLY ONE WORD)
A:"
MORE_P_pair30,MORE,P,pair30,sifesspon,bronlenlou,bronlenlou,sifesspon,17560,158379,novel_word,"Definitions:
- sifesspon: something that is bold and complex
- bronlenlou is more/greater than sifesspon in all respects

Q: Which is more bold, sifesspon or bronlenlou? (Answer EXACTLY ONE WORD)
A:"
LESS_P_pair30,LESS,P,pair30,sifesspon,bronlenlou,sifesspon,bronlenlou,158379,17560,novel_word,"Definitions:
- sifesspon: something that is bold and complex
- bronlenlou is less/smaller than sifesspon in all respects

Q: Which is more bold, sifesspon or bronlenlou? (Answer EXACTLY ONE WORD)
A:"
MORE_Q_pair30,MORE,Q,pair30,sifesspon,bronlenlou,bronlenlou,sifesspon,17560,158379,novel_word,"Definitions:
- sifesspon: something that is bold and complex
- bronlenlou is more/greater than sifesspon in all respects

Q: Which is more complex, sifesspon or bronlenlou? (Answer EXACTLY ONE WORD)
A:"
LESS_Q_pair30,LESS,Q,pair30,sifesspon,bronlenlou,sifesspon,bronlenlou,158379,17560,novel_word,"Definitions:
- sifesspon: something that is bold and complex
- bronlenlou is less/smaller than sifesspon in all respects

Q: Which is more complex, sifesspon or bronlenlou? (Answer EXACTLY ONE WORD)
A:"
SAME_P_pair31,SAME,P,pair31,mailpulgaim,dosstukroum,bold,cautious,16627,50799,attribute_word,"Definitions:
- mailpulgaim: something that is bold and complex
- dosstukroum is the same as mailpulgaim

Q: Is dosstukroum bold or cautious? (Answer EXACTLY ONE WORD)
A:"
OPP_P_pair31,OPP,P,pair31,mailpulgaim,dosstukroum,cautious,bold,50799,16627,attribute_word,"Definitions:
- mailpulgaim: something that is bold and complex
- dosstukroum is the opposite of mailpulgaim

Q: Is dosstukroum bold or cautious? (Answer EXACTLY ONE WORD)
A:"
SAME_Q_pair31,SAME,Q,pair31,mailpulgaim,dosstukroum,complex,simple,3996,3606,attribute_word,"Definitions:
- mailpulgaim: something that is bold and complex
- dosstukroum is the same as mailpulgaim

Q: Is dosstukroum complex or simple? (Answer EXACTLY ONE WORD)
A:"
OPP_Q_pair31,OPP,Q,pair31,mailpulgaim,dosstukroum,simple,complex,3606,3996,attribute_word,"Definitions:
- mailpulgaim: something that is bold and complex
- dosstukroum is the opposite of mailpulgaim

Q: Is dosstukroum complex or simple? (Answer EXACTLY ONE WORD)
A:"
MORE_P_pair31,MORE,P,pair31,mailpulgaim,dosstukroum,dosstukroum,mailpulgaim,4164,10658,novel_word,"Definitions:
- mailpulgaim: something that is bold and complex
- dosstukroum is more/greater than mailpulgaim in all respects

Q: Which is more bold, mailpulgaim or dosstukroum? (Answer EXACTLY ONE WORD)
A:"
LESS_P_pair31,LESS,P,pair31,mailpulgaim,dosstukroum,mailpulgaim,dosstukroum,10658,4164,novel_word,"Definitions:
- mailpulgaim: something that is bold and complex
- dosstukroum is less/smaller than mailpulgaim in all respects

Q: Which is more bold, mailpulgaim or dosstukroum? (Answer EXACTLY ONE WORD)
A:"
MORE_Q_pair31,MORE,Q,pair31,mailpulgaim,dosstukroum,dosstukroum,mailpulgaim,4164,10658,novel_word,"Definitions:
- mailpulgaim: something that is bold and complex
- dosstukroum is more/greater than mailpulgaim in all respects

Q: Which is more complex, mailpulgaim or dosstukroum? (Answer EXACTLY ONE WORD)
A:"
LESS_Q_pair31,LESS,Q,pair31,mailpulgaim,dosstukroum,mailpulgaim,dosstukroum,10658,4164,novel_word,"Definitions:
- mailpulgaim: something that is bold and complex
- dosstukroum is less/smaller than mailpulgaim in all respects

Q: Which is more complex, mailpulgaim or dosstukroum? (Answer EXACTLY ONE WORD)
A:"
SAME_P_pair32,SAME,P,pair32,desrisvon,wennargek,bold,cautious,16627,50799,attribute_word,"Definitions:
- desrisvon: something that is bold and complex
- wennargek is the same as desrisvon

Q: Is wennargek bold or cautious? (Answer EXACTLY ONE WORD)
A:"
OPP_P_pair32,OPP,P,pair32,desrisvon,wennargek,cautious,bold,50799,16627,attribute_word,"Definitions:
- desrisvon: something that is bold and complex
- wennargek is the opposite of desrisvon

Q: Is wennargek bold or cautious? (Answer EXACTLY ONE WORD)
A:"
SAME_Q_pair32,SAME,Q,pair32,desrisvon,wennargek,complex,simple,3996,3606,attribute_word,"Definitions:
- desrisvon: something that is bold and complex
- wennargek is the same as desrisvon

Q: Is wennargek complex or simple? (Answer EXACTLY ONE WORD)
A:"
OPP_Q_pair32,OPP,Q,pair32,desrisvon,wennargek,simple,complex,3606,3996,attribute_word,"Definitions:
- desrisvon: something that is bold and complex
- wennargek is the opposite of desrisvon

Q: Is wennargek complex or simple? (Answer EXACTLY ONE WORD)
A:"
MORE_P_pair32,MORE,P,pair32,desrisvon,wennargek,wennargek,desrisvon,15438,853,novel_word,"Definitions:
- desrisvon: something that is bold and complex
- wennargek is more/greater than desrisvon in all respects

Q: Which is more bold, desrisvon or wennargek? (Answer EXACTLY ONE WORD)
A:"
LESS_P_pair32,LESS,P,pair32,desrisvon,wennargek,desrisvon,wennargek,853,15438,novel_word,"Definitions:
- desrisvon: something that is bold and complex
- wennargek is less/smaller than desrisvon in all respects

Q: Which is more bold, desrisvon or wennargek? (Answer EXACTLY ONE WORD)
A:"
MORE_Q_pair32,MORE,Q,pair32,desrisvon,wennargek,wennargek,desrisvon,15438,853,novel_word,"Definitions:
- desrisvon: something that is bold and complex
- wennargek is more/greater than desrisvon in all respects

Q: Which is more complex, desrisvon or wennargek? (Answer EXACTLY ONE WORD)
A:"
LESS_Q_pair32,LESS,Q,pair32,desrisvon,wennargek,desrisvon,wennargek,853,15438,novel_word,"Definitions:
- desrisvon: something that is bold and complex
- wennargek is less/smaller than desrisvon in all respects

Q: Which is more complex, desrisvon or wennargek? (Answer EXACTLY ONE WORD)
A:"
SAME_P_pair33,SAME,P,pair33,sasflilveis,gusflurba,bold,cautious,16627,50799,attribute_word,"Definitions:
- sasflilveis: something that is bold and complex
- gusflurba is the same as sasflilveis

Q: Is gusflurba bold or cautious? (Answer EXACTLY ONE WORD)
A:"
OPP_P_pair33,OPP,P,pair33,sasflilveis,gusflurba,cautious,bold,50799,16627,attribute_word,"Definitions:
- sasflilveis: something that is bold and complex
- gusflurba is the opposite of sasflilveis

Q: Is gusflurba bold or cautious? (Answer EXACTLY ONE WORD)
A:"
SAME_Q_pair33,SAME,Q,pair33,sasflilveis,gusflurba,complex,simple,3996,3606,attribute_word,"Definitions:
- sasflilveis: something that is bold and complex
- gusflurba is the same as sasflilveis

Q: Is gusflurba complex or simple? (Answer EXACTLY ONE WORD)
A:"
OPP_Q_pair33,OPP,Q,pair33,sasflilveis,gusflurba,simple,complex,3606,3996,attribute_word,"Definitions:
- sasflilveis: something that is bold and complex
- gusflurba is the opposite of sasflilveis

Q: Is gusflurba complex or simple? (Answer EXACTLY ONE WORD)
A:"
MORE_P_pair33,MORE,P,pair33,sasflilveis,gusflurba,gusflurba,sasflilveis,116892,51800,novel_word,"Definitions:
- sasflilveis: something that is bold and complex
- gusflurba is more/greater than sasflilveis in all respects

Q: Which is more bold, sasflilveis or gusflurba? (Answer EXACTLY ONE WORD)
A:"
LESS_P_pair33,LESS,P,pair33,sasflilveis,gusflurba,sasflilveis,gusflurba,51800,116892,novel_word,"Definitions:
- sasflilveis: something that is bold and complex
- gusflurba is less/smaller than sasflilveis in all respects

Q: Which is more bold, sasflilveis or gusflurba? (Answer EXACTLY ONE WORD)
A:"
MORE_Q_pair33,MORE,Q,pair33,sasflilveis,gusflurba,gusflurba,sasflilveis,116892,51800,novel_word,"Definitions:
- sasflilveis: something that is bold and complex
- gusflurba is more/greater than sasflilveis in all respects

Q: Which is more complex, sasflilveis or gusflurba? (Answer EXACTLY ONE WORD)
A:"
LESS_Q_pair33,LESS,Q,pair33,sasflilveis,gusflurba,sasflilveis,gusflurba,51800,116892,novel_word,"Definitions:
- sasflilveis: something that is bold and complex
- gusflurba is less/smaller than sasflilveis in all respects

Q: Which is more complex, sasflilveis or gusflurba? (Answer EXACTLY ONE WORD)
A:"
SAME_P_pair34,SAME,P,pair34,fousstoupru,pouskresme,bold,cautious,16627,50799,attribute_word,"Definitions:
- fousstoupru: something that is bold and complex
- pouskresme is the same as fousstoupru

Q: Is pouskresme bold or cautious? (Answer EXACTLY ONE WORD)
A:"
OPP_P_pair34,OPP,P,pair34,fousstoupru,pouskresme,cautious,bold,50799,16627,attribute_word,"Definitions:
- fousstoupru: something that is bold and complex
- pouskresme is the opposite of fousstoupru

Q: Is pouskresme bold or cautious? (Answer EXACTLY ONE WORD)
A:"
SAME_Q_pair34,SAME,Q,pair34,fousstoupru,pouskresme,complex,simple,3996,3606,attribute_word,"Definitions:
- fousstoupru: something that is bold and complex
- pouskresme is the same as fousstoupru

Q: Is pouskresme complex or simple? (Answer EXACTLY ONE WORD)
A:"
OPP_Q_pair34,OPP,Q,pair34,fousstoupru,pouskresme,simple,complex,3606,3996,attribute_word,"Definitions:
- fousstoupru: something that is bold and complex
- pouskresme is the opposite of fousstoupru

Q: Is pouskresme complex or simple? (Answer EXACTLY ONE WORD)
A:"
MORE_P_pair34,MORE,P,pair34,fousstoupru,pouskresme,pouskresme,fousstoupru,89448,198474,novel_word,"Definitions:
- fousstoupru: something that is bold and complex
- pouskresme is more/greater than fousstoupru in all respects

Q: Which is more bold, fousstoupru or pouskresme? (Answer EXACTLY ONE WORD)
A:"
LESS_P_pair34,LESS,P,pair34,fousstoupru,pouskresme,fousstoupru,pouskresme,198474,89448,novel_word,"Definitions:
- fousstoupru: something that is bold and complex
- pouskresme is less/smaller than fousstoupru in all respects

Q: Which is more bold, fousstoupru or pouskresme? (Answer EXACTLY ONE WORD)
A:"
MORE_Q_pair34,MORE,Q,pair34,fousstoupru,pouskresme,pouskresme,fousstoupru,89448,198474,novel_word,"Definitions:
- fousstoupru: something that is bold and complex
- pouskresme is more/greater than fousstoupru in all respects

Q: Which is more complex, fousstoupru or pouskresme? (Answer EXACTLY ONE WORD)
A:"
LESS_Q_pair34,LESS,Q,pair34,fousstoupru,pouskresme,fousstoupru,pouskresme,198474,89448,novel_word,"Definitions:
- fousstoupru: something that is bold and complex
- pouskresme is less/smaller than fousstoupru in all respects

Q: Which is more complex, fousstoupru or pouskresme? (Answer EXACTLY ONE WORD)
A:"
SAME_P_pair35,SAME,P,pair35,murmeinrim,krairutrout,bold,cautious,16627,50799,attribute_word,"Definitions:
- murmeinrim: something that is bold and complex
- krairutrout is the same as murmeinrim

Q: Is krairutrout bold or cautious? (Answer EXACTLY ONE WORD)
A:"
OPP_P_pair35,OPP,P,pair35,murmeinrim,krairutrout,cautious,bold,50799,16627,attribute_word,"Definitions:
- murmeinrim: something that is bold and complex
- krairutrout is the opposite of murmeinrim

Q: Is krairutrout bold or cautious? (Answer EXACTLY ONE WORD)
A:"
SAME_Q_pair35,SAME,Q,pair35,murmeinrim,krairutrout,complex,simple,3996,3606,attribute_word,"Definitions:
- murmeinrim: something that is bold and complex
- krairutrout is the same as murmeinrim

Q: Is krairutrout complex or simple? (Answer EXACTLY ONE WORD)
A:"
OPP_Q_pair35,OPP,Q,pair35,murmeinrim,krairutrout,simple,complex,3606,3996,attribute_word,"Definitions:
- murmeinrim: something that is bold and complex
- krairutrout is the opposite of murmeinrim

Q: Is krairutrout complex or simple? (Answer EXACTLY ONE WORD)
A:"
MORE_P_pair35,MORE,P,pair35,murmeinrim,krairutrout,krairutrout,murmeinrim,39472,8962,novel_word,"Definitions:
- murmeinrim: something that is bold and complex
- krairutrout is more/greater than murmeinrim in all respects

Q: Which is more bold, murmeinrim or krairutrout? (Answer EXACTLY ONE WORD)
A:"
LESS_P_pair35,LESS,P,pair35,murmeinrim,krairutrout,murmeinrim,krairutrout,8962,39472,novel_word,"Definitions:
- murmeinrim: something that is bold and complex
- krairutrout is less/smaller than murmeinrim in all respects

Q: Which is more bold, murmeinrim or krairutrout? (Answer EXACTLY ONE WORD)
A:"
MORE_Q_pair35,MORE,Q,pair35,murmeinrim,krairutrout,krairutrout,murmeinrim,39472,8962,novel_word,"Definitions:
- murmeinrim: something that is bold and complex
- krairutrout is more/greater than murmeinrim in all respects

Q: Which is more complex, murmeinrim or krairutrout? (Answer EXACTLY ONE WORD)
A:"
LESS_Q_pair35,LESS,Q,pair35,murmeinrim,krairutrout,murmeinrim,krairutrout,8962,39472,novel_word,"Definitions:
- murmeinrim: something that is bold and complex
- krairutrout is less/smaller than murmeinrim in all respects

Q: Which is more complex, murmeinrim or krairutrout? (Answer EXACTLY ONE WORD)
A:"
SAME_P_pair36,SAME,P,pair36,graigeirkri,rasosnoum,bold,cautious,16627,50799,attribute_word,"Definitions:
- graigeirkri: something that is bold and complex
- rasosnoum is the same as graigeirkri

Q: Is rasosnoum bold or cautious? (Answer EXACTLY ONE WORD)
A:"
OPP_P_pair36,OPP,P,pair36,graigeirkri,rasosnoum,cautious,bold,50799,16627,attribute_word,"Definitions:
- graigeirkri: something that is bold and complex
- rasosnoum is the opposite of graigeirkri

Q: Is rasosnoum bold or cautious? (Answer EXACTLY ONE WORD)
A:"
SAME_Q_pair36,SAME,Q,pair36,graigeirkri,rasosnoum,complex,simple,3996,3606,attribute_word,"Definitions:
- graigeirkri: something that is bold and complex
- rasosnoum is the same as graigeirkri

Q: Is rasosnoum complex or simple? (Answer EXACTLY ONE WORD)
A:"
OPP_Q_pair36,OPP,Q,pair36,graigeirkri,rasosnoum,simple,complex,3606,3996,attribute_word,"Definitions:
- graigeirkri: something that is bold and complex
- rasosnoum is the opposite of graigeirkri

Q: Is rasosnoum complex or simple? (Answer EXACTLY ONE WORD)
A:"
MORE_P_pair36,MORE,P,pair36,graigeirkri,rasosnoum,rasosnoum,graigeirkri,24972,7859,novel_word,"Definitions:
- graigeirkri: something that is bold and complex
- rasosnoum is more/greater than graigeirkri in all respects

Q: Which is more bold, graigeirkri or rasosnoum? (Answer EXACTLY ONE WORD)
A:"
LESS_P_pair36,LESS,P,pair36,graigeirkri,rasosnoum,graigeirkri,rasosnoum,7859,24972,novel_word,"Definitions:
- graigeirkri: something that is bold and complex
- rasosnoum is less/smaller than graigeirkri in all respects

Q: Which is more bold, graigeirkri or rasosnoum? (Answer EXACTLY ONE WORD)
A:"
MORE_Q_pair36,MORE,Q,pair36,graigeirkri,rasosnoum,rasosnoum,graigeirkri,24972,7859,novel_word,"Definitions:
- graigeirkri: something that is bold and complex
- rasosnoum is more/greater than graigeirkri in all respects

Q: Which is more complex, graigeirkri or rasosnoum? (Answer EXACTLY ONE WORD)
A:"
LESS_Q_pair36,LESS,Q,pair36,graigeirkri,rasosnoum,graigeirkri,rasosnoum,7859,24972,novel_word,"Definitions:
- graigeirkri: something that is bold and complex
- rasosnoum is less/smaller than graigeirkri in all respects

Q: Which is more complex, graigeirkri or rasosnoum? (Answer EXACTLY ONE WORD)
A:"
SAME_P_pair37,SAME,P,pair37,sageinmol,dingaltus,bold,cautious,16627,50799,attribute_word,"Definitions:
- sageinmol: something that is bold and complex
- dingaltus is the same as sageinmol

Q: Is dingaltus bold or cautious? (Answer EXACTLY ONE WORD)
A:"
OPP_P_pair37,OPP,P,pair37,sageinmol,dingaltus,cautious,bold,50799,16627,attribute_word,"Definitions:
- sageinmol: something that is bold and complex
- dingaltus is the opposite of sageinmol

Q: Is dingaltus bold or cautious? (Answer EXACTLY ONE WORD)
A:"
SAME_Q_pair37,SAME,Q,pair37,sageinmol,dingaltus,complex,simple,3996,3606,attribute_word,"Definitions:
- sageinmol: something that is bold and complex
- dingaltus is the same as sageinmol

Q: Is dingaltus complex or simple? (Answer EXACTLY ONE WORD)
A:"
OPP_Q_pair37,OPP,Q,pair37,sageinmol,dingaltus,simple,complex,3606,3996,attribute_word,"Definitions:
- sageinmol: something that is bold and complex
- dingaltus is the opposite of sageinmol

Q: Is dingaltus complex or simple? (Answer EXACTLY ONE WORD)
A:"
MORE_P_pair37,MORE,P,pair37,sageinmol,dingaltus,dingaltus,sageinmol,52733,53184,novel_word,"Definitions:
- sageinmol: something that is bold and complex
- dingaltus is more/greater than sageinmol in all respects

Q: Which is more bold, sageinmol or dingaltus? (Answer EXACTLY ONE WORD)
A:"
LESS_P_pair37,LESS,P,pair37,sageinmol,dingaltus,sageinmol,dingaltus,53184,52733,novel_word,"Definitions:
- sageinmol: something that is bold and complex
- dingaltus is less/smaller than sageinmol in all respects

Q: Which is more bold, sageinmol or dingaltus? (Answer EXACTLY ONE WORD)
A:"
MORE_Q_pair37,MORE,Q,pair37,sageinmol,dingaltus,dingaltus,sageinmol,52733,53184,novel_word,"Definitions:
- sageinmol: something that is bold and complex
- dingaltus is more/greater than sageinmol in all respects

Q: Which is more complex, sageinmol or dingaltus? (Answer EXACTLY ONE WORD)
A:"
LESS_Q_pair37,LESS,Q,pair37,sageinmol,dingaltus,sageinmol,dingaltus,53184,52733,novel_word,"Definitions:
- sageinmol: something that is bold and complex
- dingaltus is less/smaller than sageinmol in all respects

Q: Which is more complex, sageinmol or dingaltus? (Answer EXACTLY ONE WORD)
A:"
SAME_P_pair38,SAME,P,pair38,spunbalstai,vesbroufis,bold,cautious,16627,50799,attribute_word,"Definitions:
- spunbalstai: something that is bold and complex
- vesbroufis is the same as spunbalstai

Q: Is vesbroufis bold or cautious? (Answer EXACTLY ONE WORD)
A:"
OPP_P_pair38,OPP,P,pair38,spunbalstai,vesbroufis,cautious,bold,50799,16627,attribute_word,"Definitions:
- spunbalstai: something that is bold and complex
- vesbroufis is the opposite of spunbalstai

Q: Is vesbroufis bold or cautious? (Answer EXACTLY ONE WORD)
A:"
SAME_Q_pair38,SAME,Q,pair38,spunbalstai,vesbroufis,complex,simple,3996,3606,attribute_word,"Definitions:
- spunbalstai: something that is bold and complex
- vesbroufis is the same as spunbalstai

Q: Is vesbroufis complex or simple? (Answer EXACTLY ONE WORD)
A:"
OPP_Q_pair38,OPP,Q,pair38,spunbalstai,vesbroufis,simple,complex,3606,3996,attribute_word,"Definitions:
- spunbalstai: something that is bold and complex
- vesbroufis is the opposite of spunbalstai

Q: Is vesbroufis complex or simple? (Answer EXACTLY ONE WORD)
A:"
MORE_P_pair38,MORE,P,pair38,spunbalstai,vesbroufis,vesbroufis,spunbalstai,27934,69597,novel_word,"Definitions:
- spunbalstai: something that is bold and complex
- vesbroufis is more/greater than spunbalstai in all respects

Q: Which is more bold, spunbalstai or vesbroufis? (Answer EXACTLY ONE WORD)
A:"
LESS_P_pair38,LESS,P,pair38,spunbalstai,vesbroufis,spunbalstai,vesbroufis,69597,27934,novel_word,"Definitions:
- spunbalstai: something that is bold and complex
- vesbroufis is less/smaller than spunbalstai in all respects

Q: Which is more bold, spunbalstai or vesbroufis? (Answer EXACTLY ONE WORD)
A:"
MORE_Q_pair38,MORE,Q,pair38,spunbalstai,vesbroufis,vesbroufis,spunbalstai,27934,69597,novel_word,"Definitions:
- spunbalstai: something that is bold and complex
- vesbroufis is more/greater than spunbalstai in all respects

Q: Which is more complex, spunbalstai or vesbroufis? (Answer EXACTLY ONE WORD)
A:"
LESS_Q_pair38,LESS,Q,pair38,spunbalstai,vesbroufis,spunbalstai,vesbroufis,69597,27934,novel_word,"Definitions:
- spunbalstai: something that is bold and complex
- vesbroufis is less/smaller than spunbalstai in all respects

Q: Which is more complex, spunbalstai or vesbroufis? (Answer EXACTLY ONE WORD)
A:"
SAME_P_pair39,SAME,P,pair39,vonvosgrim,denzouflu,bold,cautious,16627,50799,attribute_word,"Definitions:
- vonvosgrim: something that is bold and complex
- denzouflu is the same as vonvosgrim

Q: Is denzouflu bold or cautious? (Answer EXACTLY ONE WORD)
A:"
OPP_P_pair39,OPP,P,pair39,vonvosgrim,denzouflu,cautious,bold,50799,16627,attribute_word,"Definitions:
- vonvosgrim: something that is bold and complex
- denzouflu is the opposite of vonvosgrim

Q: Is denzouflu bold or cautious? (Answer EXACTLY ONE WORD)
A:"
SAME_Q_pair39,SAME,Q,pair39,vonvosgrim,denzouflu,complex,simple,3996,3606,attribute_word,"Definitions:
- vonvosgrim: something that is bold and complex
- denzouflu is the same as vonvosgrim

Q: Is denzouflu complex or simple? (Answer EXACTLY ONE WORD)
A:"
OPP_Q_pair39,OPP,Q,pair39,vonvosgrim,denzouflu,simple,complex,3606,3996,attribute_word,"Definitions:
- vonvosgrim: something that is bold and complex
- denzouflu is the opposite of vonvosgrim

Q: Is denzouflu complex or simple? (Answer EXACTLY ONE WORD)
A:"
MORE_P_pair39,MORE,P,pair39,vonvosgrim,denzouflu,denzouflu,vonvosgrim,2034,3564,novel_word,"Definitions:
- vonvosgrim: something that is bold and complex
- denzouflu is more/greater than vonvosgrim in all respects

Q: Which is more bold, vonvosgrim or denzouflu? (Answer EXACTLY ONE WORD)
A:"
LESS_P_pair39,LESS,P,pair39,vonvosgrim,denzouflu,vonvosgrim,denzouflu,3564,2034,novel_word,"Definitions:
- vonvosgrim: something that is bold and complex
- denzouflu is less/smaller than vonvosgrim in all respects

Q: Which is more bold, vonvosgrim or denzouflu? (Answer EXACTLY ONE WORD)
A:"
MORE_Q_pair39,MORE,Q,pair39,vonvosgrim,denzouflu,denzouflu,vonvosgrim,2034,3564,novel_word,"Definitions:
- vonvosgrim: something that is bold and complex
- denzouflu is more/greater than vonvosgrim in all respects

Q: Which is more complex, vonvosgrim or denzouflu? (Answer EXACTLY ONE WORD)
A:"
LESS_Q_pair39,LESS,Q,pair39,vonvosgrim,denzouflu,vonvosgrim,denzouflu,3564,2034,novel_word,"Definitions:
- vonvosgrim: something that is bold and complex
- denzouflu is less/smaller than vonvosgrim in all respects

Q: Which is more complex, vonvosgrim or denzouflu? (Answer EXACTLY ONE WORD)
A:"
SAME_P_pair40,SAME,P,pair40,rulgrosnar,kosnurbrail,bold,cautious,16627,50799,attribute_word,"Definitions:
- rulgrosnar: something that is bold and complex
- kosnurbrail is the same as rulgrosnar

Q: Is kosnurbrail bold or cautious? (Answer EXACTLY ONE WORD)
A:"
OPP_P_pair40,OPP,P,pair40,rulgrosnar,kosnurbrail,cautious,bold,50799,16627,attribute_word,"Definitions:
- rulgrosnar: something that is bold and complex
- kosnurbrail is the opposite of rulgrosnar

Q: Is kosnurbrail bold or cautious? (Answer EXACTLY ONE WORD)
A:"
SAME_Q_pair40,SAME,Q,pair40,rulgrosnar,kosnurbrail,complex,simple,3996,3606,attribute_word,"Definitions:
- rulgrosnar: something that is bold and complex
- kosnurbrail is the same as rulgrosnar

Q: Is kosnurbrail complex or simple? (Answer EXACTLY ONE WORD)
A:"
OPP_Q_pair40,OPP,Q,pair40,rulgrosnar,kosnurbrail,simple,complex,3606,3996,attribute_word,"Definitions:
- rulgrosnar: something that is bold and complex
- kosnurbrail is the opposite of rulgrosnar

Q: Is kosnurbrail complex or simple? (Answer EXACTLY ONE WORD)
A:"
MORE_P_pair40,MORE,P,pair40,rulgrosnar,kosnurbrail,kosnurbrail,rulgrosnar,22804,41996,novel_word,"Definitions:
- rulgrosnar: something that is bold and complex
- kosnurbrail is more/greater than rulgrosnar in all respects

Q: Which is more bold, rulgrosnar or kosnurbrail? (Answer EXACTLY ONE WORD)
A:"
LESS_P_pair40,LESS,P,pair40,rulgrosnar,kosnurbrail,rulgrosnar,kosnurbrail,41996,22804,novel_word,"Definitions:
- rulgrosnar: something that is bold and complex
- kosnurbrail is less/smaller than rulgrosnar in all respects

Q: Which is more bold, rulgrosnar or kosnurbrail? (Answer EXACTLY ONE WORD)
A:"
MORE_Q_pair40,MORE,Q,pair40,rulgrosnar,kosnurbrail,kosnurbrail,rulgrosnar,22804,41996,novel_word,"Definitions:
- rulgrosnar: something that is bold and complex
- kosnurbrail is more/greater than rulgrosnar in all respects

Q: Which is more complex, rulgrosnar or kosnurbrail? (Answer EXACTLY ONE WORD)
A:"
LESS_Q_pair40,LESS,Q,pair40,rulgrosnar,kosnurbrail,rulgrosnar,kosnurbrail,41996,22804,novel_word,"Definitions:
- rulgrosnar: something that is bold and complex
- kosnurbrail is less/smaller than rulgrosnar in all respects

Q: Which is more complex, rulgrosnar or kosnurbrail? (Answer EXACTLY ONE WORD)
A:"
SAME_P_pair41,SAME,P,pair41,pentroubil,keinzarvain,bold,cautious,16627,50799,attribute_word,"Definitions:
- pentroubil: something that is bold and complex
- keinzarvain is the same as pentroubil

Q: Is keinzarvain bold or cautious? (Answer EXACTLY ONE WORD)
A:"
OPP_P_pair41,OPP,P,pair41,pentroubil,keinzarvain,cautious,bold,50799,16627,attribute_word,"Definitions:
- pentroubil: something that is bold and complex
- keinzarvain is the opposite of pentroubil

Q: Is keinzarvain bold or cautious? (Answer EXACTLY ONE WORD)
A:"
SAME_Q_pair41,SAME,Q,pair41,pentroubil,keinzarvain,complex,simple,3996,3606,attribute_word,"Definitions:
- pentroubil: something that is bold and complex
- keinzarvain is the same as pentroubil

Q: Is keinzarvain complex or simple? (Answer EXACTLY ONE WORD)
A:"
OPP_Q_pair41,OPP,Q,pair41,pentroubil,keinzarvain,simple,complex,3606,3996,attribute_word,"Definitions:
- pentroubil: something that is bold and complex
- keinzarvain is the opposite of pentroubil

Q: Is keinzarvain complex or simple? (Answer EXACTLY ONE WORD)
A:"
MORE_P_pair41,MORE,P,pair41,pentroubil,keinzarvain,keinzarvain,pentroubil,39422,11573,novel_word,"Definitions:
- pentroubil: something that is bold and complex
- keinzarvain is more/greater than pentroubil in all respects

Q: Which is more bold, pentroubil or keinzarvain? (Answer EXACTLY ONE WORD)
A:"
LESS_P_pair41,LESS,P,pair41,pentroubil,keinzarvain,pentroubil,keinzarvain,11573,39422,novel_word,"Definitions:
- pentroubil: something that is bold and complex
- keinzarvain is less/smaller than pentroubil in all respects

Q: Which is more bold, pentroubil or keinzarvain? (Answer EXACTLY ONE WORD)
A:"
MORE_Q_pair41,MORE,Q,pair41,pentroubil,keinzarvain,keinzarvain,pentroubil,39422,11573,novel_word,"Definitions:
- pentroubil: something that is bold and complex
- keinzarvain is more/greater than pentroubil in all respects

Q: Which is more complex, pentroubil or keinzarvain? (Answer EXACTLY ONE WORD)
A:"
LESS_Q_pair41,LESS,Q,pair41,pentroubil,keinzarvain,pentroubil,keinzarvain,11573,39422,novel_word,"Definitions:
- pentroubil: something that is bold and complex
- keinzarvain is less/smaller than pentroubil in all respects

Q: Which is more complex, pentroubil or keinzarvain? (Answer EXACTLY ONE WORD)
A:"
SAME_P_pair42,SAME,P,pair42,bountrilgin,moussteilto,bold,cautious,16627,50799,attribute_word,"Definitions:
- bountrilgin: something that is bold and complex
- moussteilto is the same as bountrilgin

Q: Is moussteilto bold or cautious? (Answer EXACTLY ONE WORD)
A:"
OPP_P_pair42,OPP,P,pair42,bountrilgin,moussteilto,cautious,bold,50799,16627,attribute_word,"Definitions:
- bountrilgin: something that is bold and complex
- moussteilto is the opposite of bountrilgin

Q: Is moussteilto bold or cautious? (Answer EXACTLY ONE WORD)
A:"
SAME_Q_pair42,SAME,Q,pair42,bountrilgin,moussteilto,complex,simple,3996,3606,attribute_word,"Definitions:
- bountrilgin: something that is bold and complex
- moussteilto is the same as bountrilgin

Q: Is moussteilto complex or simple? (Answer EXACTLY ONE WORD)
A:"
OPP_Q_pair42,OPP,Q,pair42,bountrilgin,moussteilto,simple,complex,3606,3996,attribute_word,"Definitions:
- bountrilgin: something that is bold and complex
- moussteilto is the opposite of bountrilgin

Q: Is moussteilto complex or simple? (Answer EXACTLY ONE WORD)
A:"
MORE_P_pair42,MORE,P,pair42,bountrilgin,moussteilto,moussteilto,bountrilgin,158672,161257,novel_word,"Definitions:
- bountrilgin: something that is bold and complex
- moussteilto is more/greater than bountrilgin in all respects

Q: Which is more bold, bountrilgin or moussteilto? (Answer EXACTLY ONE WORD)
A:"
LESS_P_pair42,LESS,P,pair42,bountrilgin,moussteilto,bountrilgin,moussteilto,161257,158672,novel_word,"Definitions:
- bountrilgin: something that is bold and complex
- moussteilto is less/smaller than bountrilgin in all respects

Q: Which is more bold, bountrilgin or moussteilto? (Answer EXACTLY ONE WORD)
A:"
MORE_Q_pair42,MORE,Q,pair42,bountrilgin,moussteilto,moussteilto,bountrilgin,158672,161257,novel_word,"Definitions:
- bountrilgin: something that is bold and complex
- moussteilto is more/greater than bountrilgin in all respects

Q: Which is more complex, bountrilgin or moussteilto? (Answer EXACTLY ONE WORD)
A:"
LESS_Q_pair42,LESS,Q,pair42,bountrilgin,moussteilto,bountrilgin,moussteilto,161257,158672,novel_word,"Definitions:
- bountrilgin: something that is bold and complex
- moussteilto is less/smaller than bountrilgin in all respects

Q: Which is more complex, bountrilgin or moussteilto? (Answer EXACTLY ONE WORD)
A:"
SAME_P_pair43,SAME,P,pair43,gilforslam,brodonlok,bold,cautious,16627,50799,attribute_word,"Definitions:
- gilforslam: something that is bold and complex
- brodonlok is the same as gilforslam

Q: Is brodonlok bold or cautious? (Answer EXACTLY ONE WORD)
A:"
OPP_P_pair43,OPP,P,pair43,gilforslam,brodonlok,cautious,bold,50799,16627,attribute_word,"Definitions:
- gilforslam: something that is bold and complex
- brodonlok is the opposite of gilforslam

Q: Is brodonlok bold or cautious? (Answer EXACTLY ONE WORD)
A:"
SAME_Q_pair43,SAME,Q,pair43,gilforslam,brodonlok,complex,simple,3996,3606,attribute_word,"Definitions:
- gilforslam: something that is bold and complex
- brodonlok is the same as gilforslam

Q: Is brodonlok complex or simple? (Answer EXACTLY ONE WORD)
A:"
OPP_Q_pair43,OPP,Q,pair43,gilforslam,brodonlok,simple,complex,3606,3996,attribute_word,"Definitions:
- gilforslam: something that is bold and complex
- brodonlok is the opposite of gilforslam

Q: Is brodonlok complex or simple? (Answer EXACTLY ONE WORD)
A:"
MORE_P_pair43,MORE,P,pair43,gilforslam,brodonlok,brodonlok,gilforslam,2603,133078,novel_word,"Definitions:
- gilforslam: something that is bold and complex
- brodonlok is more/greater than gilforslam in all respects

Q: Which is more bold, gilforslam or brodonlok? (Answer EXACTLY ONE WORD)
A:"
LESS_P_pair43,LESS,P,pair43,gilforslam,brodonlok,gilforslam,brodonlok,133078,2603,novel_word,"Definitions:
- gilforslam: something that is bold and complex
- brodonlok is less/smaller than gilforslam in all respects

Q: Which is more bold, gilforslam or brodonlok? (Answer EXACTLY ONE WORD)
A:"
MORE_Q_pair43,MORE,Q,pair43,gilforslam,brodonlok,brodonlok,gilforslam,2603,133078,novel_word,"Definitions:
- gilforslam: something that is bold and complex
- brodonlok is more/greater than gilforslam in all respects

Q: Which is more complex, gilforslam or brodonlok? (Answer EXACTLY ONE WORD)
A:"
LESS_Q_pair43,LESS,Q,pair43,gilforslam,brodonlok,gilforslam,brodonlok,133078,2603,novel_word,"Definitions:
- gilforslam: something that is bold and complex
- brodonlok is less/smaller than gilforslam in all respects

Q: Which is more complex, gilforslam or brodonlok? (Answer EXACTLY ONE WORD)
A:"
SAME_P_pair44,SAME,P,pair44,milmilkrouk,besdousler,bold,cautious,16627,50799,attribute_word,"Definitions:
- milmilkrouk: something that is bold and complex
- besdousler is the same as milmilkrouk

Q: Is besdousler bold or cautious? (Answer EXACTLY ONE WORD)
A:"
OPP_P_pair44,OPP,P,pair44,milmilkrouk,besdousler,cautious,bold,50799,16627,attribute_word,"Definitions:
- milmilkrouk: something that is bold and complex
- besdousler is the opposite of milmilkrouk

Q: Is besdousler bold or cautious? (Answer EXACTLY ONE WORD)
A:"
SAME_Q_pair44,SAME,Q,pair44,milmilkrouk,besdousler,complex,simple,3996,3606,attribute_word,"Definitions:
- milmilkrouk: something that is bold and complex
- besdousler is the same as milmilkrouk

Q: Is besdousler complex or simple? (Answer EXACTLY ONE WORD)
A:"
OPP_Q_pair44,OPP,Q,pair44,milmilkrouk,besdousler,simple,complex,3606,3996,attribute_word,"Definitions:
- milmilkrouk: something that is bold and complex
- besdousler is the opposite of milmilkrouk

Q: Is besdousler complex or simple? (Answer EXACTLY ONE WORD)
A:"
MORE_P_pair44,MORE,P,pair44,milmilkrouk,besdousler,besdousler,milmilkrouk,5426,4743,novel_word,"Definitions:
- milmilkrouk: something that is bold and complex
- besdousler is more/greater than milmilkrouk in all respects

Q: Which is more bold, milmilkrouk or besdousler? (Answer EXACTLY ONE WORD)
A:"
LESS_P_pair44,LESS,P,pair44,milmilkrouk,besdousler,milmilkrouk,besdousler,4743,5426,novel_word,"Definitions:
- milmilkrouk: something that is bold and complex
- besdousler is less/smaller than milmilkrouk in all respects

Q: Which is more bold, milmilkrouk or besdousler? (Answer EXACTLY ONE WORD)
A:"
MORE_Q_pair44,MORE,Q,pair44,milmilkrouk,besdousler,besdousler,milmilkrouk,5426,4743,novel_word,"Definitions:
- milmilkrouk: something that is bold and complex
- besdousler is more/greater than milmilkrouk in all respects

Q: Which is more complex, milmilkrouk or besdousler? (Answer EXACTLY ONE WORD)
A:"
LESS_Q_pair44,LESS,Q,pair44,milmilkrouk,besdousler,milmilkrouk,besdousler,4743,5426,novel_word,"Definitions:
- milmilkrouk: something that is bold and complex
- besdousler is less/smaller than milmilkrouk in all respects

Q: Which is more complex, milmilkrouk or besdousler? (Answer EXACTLY ONE WORD)
A:"
SAME_P_pair45,SAME,P,pair45,nolveszek,gedolpri,bold,cautious,16627,50799,attribute_word,"Definitions:
- nolveszek: something that is bold and complex
- gedolpri is the same as nolveszek

Q: Is gedolpri bold or cautious? (Answer EXACTLY ONE WORD)
A:"
OPP_P_pair45,OPP,P,pair45,nolveszek,gedolpri,cautious,bold,50799,16627,attribute_word,"Definitions:
- nolveszek: something that is bold and complex
- gedolpri is the opposite of nolveszek

Q: Is gedolpri bold or cautious? (Answer EXACTLY ONE WORD)
A:"
SAME_Q_pair45,SAME,Q,pair45,nolveszek,gedolpri,complex,simple,3996,3606,attribute_word,"Definitions:
- nolveszek: something that is bold and complex
- gedolpri is the same as nolveszek

Q: Is gedolpri complex or simple? (Answer EXACTLY ONE WORD)
A:"
OPP_Q_pair45,OPP,Q,pair45,nolveszek,gedolpri,simple,complex,3606,3996,attribute_word,"Definitions:
- nolveszek: something that is bold and complex
- gedolpri is the opposite of nolveszek

Q: Is gedolpri complex or simple? (Answer EXACTLY ONE WORD)
A:"
MORE_P_pair45,MORE,P,pair45,nolveszek,gedolpri,gedolpri,nolveszek,31365,126530,novel_word,"Definitions:
- nolveszek: something that is bold and complex
- gedolpri is more/greater than nolveszek in all respects

Q: Which is more bold, nolveszek or gedolpri? (Answer EXACTLY ONE WORD)
A:"
LESS_P_pair45,LESS,P,pair45,nolveszek,gedolpri,nolveszek,gedolpri,126530,31365,novel_word,"Definitions:
- nolveszek: something that is bold and complex
- gedolpri is less/smaller than nolveszek in all respects

Q: Which is more bold, nolveszek or gedolpri? (Answer EXACTLY ONE WORD)
A:"
MORE_Q_pair45,MORE,Q,pair45,nolveszek,gedolpri,gedolpri,nolveszek,31365,126530,novel_word,"Definitions:
- nolveszek: something that is bold and complex
- gedolpri is more/greater than nolveszek in all respects

Q: Which is more complex, nolveszek or gedolpri? (Answer EXACTLY ONE WORD)
A:"
LESS_Q_pair45,LESS,Q,pair45,nolveszek,gedolpri,nolveszek,gedolpri,126530,31365,novel_word,"Definitions:
- nolveszek: something that is bold and complex
- gedolpri is less/smaller than nolveszek in all respects

Q: Which is more complex, nolveszek or gedolpri? (Answer EXACTLY ONE WORD)
A:"
SAME_P_pair46,SAME,P,pair46,volrouvouk,plusmaldous,bold,cautious,16627,50799,attribute_word,"Definitions:
- volrouvouk: something that is bold and complex
- plusmaldous is the same as volrouvouk

Q: Is plusmaldous bold or cautious? (Answer EXACTLY ONE WORD)
A:"
OPP_P_pair46,OPP,P,pair46,volrouvouk,plusmaldous,cautious,bold,50799,16627,attribute_word,"Definitions:
- volrouvouk: something that is bold and complex
- plusmaldous is the opposite of volrouvouk

Q: Is plusmaldous bold or cautious? (Answer EXACTLY ONE WORD)
A:"
SAME_Q_pair46,SAME,Q,pair46,volrouvouk,plusmaldous,complex,simple,3996,3606,attribute_word,"Definitions:
- volrouvouk: something that is bold and complex
- plusmaldous is the same as volrouvouk

Q: Is plusmaldous complex or simple? (Answer EXACTLY ONE WORD)
A:"
OPP_Q_pair46,OPP,Q,pair46,volrouvouk,plusmaldous,simple,complex,3606,3996,attribute_word,"Definitions:
- volrouvouk: something that is bold and complex
- plusmaldous is the opposite of volrouvouk

Q: Is plusmaldous complex or simple? (Answer EXACTLY ONE WORD)
A:"
MORE_P_pair46,MORE,P,pair46,volrouvouk,plusmaldous,plusmaldous,volrouvouk,2915,1970,novel_word,"Definitions:
- volrouvouk: something that is bold and complex
- plusmaldous is more/greater than volrouvouk in all respects

Q: Which is more bold, volrouvouk or plusmaldous? (Answer EXACTLY ONE WORD)
A:"
LESS_P_pair46,LESS,P,pair46,volrouvouk,plusmaldous,volrouvouk,plusmaldous,1970,2915,novel_word,"Definitions:
- volrouvouk: something that is bold and complex
- plusmaldous is less/smaller than volrouvouk in all respects

Q: Which is more bold, volrouvouk or plusmaldous? (Answer EXACTLY ONE WORD)
A:"
MORE_Q_pair46,MORE,Q,pair46,volrouvouk,plusmaldous,plusmaldous,volrouvouk,2915,1970,novel_word,"Definitions:
- volrouvouk: something that is bold and complex
- plusmaldous is more/greater than volrouvouk in all respects

Q: Which is more complex, volrouvouk or plusmaldous? (Answer EXACTLY ONE WORD)
A:"
LESS_Q_pair46,LESS,Q,pair46,volrouvouk,plusmaldous,volrouvouk,plusmaldous,1970,2915,novel_word,"Definitions:
- volrouvouk: something that is bold and complex
- plusmaldous is less/smaller than volrouvouk in all respects

Q: Which is more complex, volrouvouk or plusmaldous? (Answer EXACTLY ONE WORD)
A:"
SAME_P_pair47,SAME,P,pair47,bingelsik,plasposspi,bold,cautious,16627,50799,attribute_word,"Definitions:
- bingelsik: something that is bold and complex
- plasposspi is the same as bingelsik

Q: Is plasposspi bold or cautious? (Answer EXACTLY ONE WORD)
A:"
OPP_P_pair47,OPP,P,pair47,bingelsik,plasposspi,cautious,bold,50799,16627,attribute_word,"Definitions:
- bingelsik: something that is bold and complex
- plasposspi is the opposite of bingelsik

Q: Is plasposspi bold or cautious? (Answer EXACTLY ONE WORD)
A:"
SAME_Q_pair47,SAME,Q,pair47,bingelsik,plasposspi,complex,simple,3996,3606,attribute_word,"Definitions:
- bingelsik: something that is bold and complex
- plasposspi is the same as bingelsik

Q: Is plasposspi complex or simple? (Answer EXACTLY ONE WORD)
A:"
OPP_Q_pair47,OPP,Q,pair47,bingelsik,plasposspi,simple,complex,3606,3996,attribute_word,"Definitions:
- bingelsik: something that is bold and complex
- plasposspi is the opposite of bingelsik

Q: Is plasposspi complex or simple? (Answer EXACTLY ONE WORD)
A:"
MORE_P_pair47,MORE,P,pair47,bingelsik,plasposspi,plasposspi,bingelsik,10153,113345,novel_word,"Definitions:
- bingelsik: something that is bold and complex
- plasposspi is more/greater than bingelsik in all respects

Q: Which is more bold, bingelsik or plasposspi? (Answer EXACTLY ONE WORD)
A:"
LESS_P_pair47,LESS,P,pair47,bingelsik,plasposspi,bingelsik,plasposspi,113345,10153,novel_word,"Definitions:
- bingelsik: something that is bold and complex
- plasposspi is less/smaller than bingelsik in all respects

Q: Which is more bold, bingelsik or plasposspi? (Answer EXACTLY ONE WORD)
A:"
MORE_Q_pair47,MORE,Q,pair47,bingelsik,plasposspi,plasposspi,bingelsik,10153,113345,novel_word,"Definitions:
- bingelsik: something that is bold and complex
- plasposspi is more/greater than bingelsik in all respects

Q: Which is more complex, bingelsik or plasposspi? (Answer EXACTLY ONE WORD)
A:"
LESS_Q_pair47,LESS,Q,pair47,bingelsik,plasposspi,bingelsik,plasposspi,113345,10153,novel_word,"Definitions:
- bingelsik: something that is bold and complex
- plasposspi is less/smaller than bingelsik in all respects

Q: Which is more complex, bingelsik or plasposspi? (Answer EXACTLY ONE WORD)
A:"
SAME_P_pair48,SAME,P,pair48,lanseirken,firorfil,bold,cautious,16627,50799,attribute_word,"Definitions:
- lanseirken: something that is bold and complex
- firorfil is the same as lanseirken

Q: Is firorfil bold or cautious? (Answer EXACTLY ONE WORD)
A:"
OPP_P_pair48,OPP,P,pair48,lanseirken,firorfil,cautious,bold,50799,16627,attribute_word,"Definitions:
- lanseirken: something that is bold and complex
- firorfil is the opposite of lanseirken

Q: Is firorfil bold or cautious? (Answer EXACTLY ONE WORD)
A:"
SAME_Q_pair48,SAME,Q,pair48,lanseirken,firorfil,complex,simple,3996,3606,attribute_word,"Definitions:
- lanseirken: something that is bold and complex
- firorfil is the same as lanseirken

Q: Is firorfil complex or simple? (Answer EXACTLY ONE WORD)
A:"
OPP_Q_pair48,OPP,Q,pair48,lanseirken,firorfil,simple,complex,3606,3996,attribute_word,"Definitions:
- lanseirken: something that is bold and complex
- firorfil is the opposite of lanseirken

Q: Is firorfil complex or simple? (Answer EXACTLY ONE WORD)
A:"
MORE_P_pair48,MORE,P,pair48,lanseirken,firorfil,firorfil,lanseirken,10430,21389,novel_word,"Definitions:
- lanseirken: something that is bold and complex
- firorfil is more/greater than lanseirken in all respects

Q: Which is more bold, lanseirken or firorfil? (Answer EXACTLY ONE WORD)
A:"
LESS_P_pair48,LESS,P,pair48,lanseirken,firorfil,lanseirken,firorfil,21389,10430,novel_word,"Definitions:
- lanseirken: something that is bold and complex
- firorfil is less/smaller than lanseirken in all respects

Q: Which is more bold, lanseirken or firorfil? (Answer EXACTLY ONE WORD)
A:"
MORE_Q_pair48,MORE,Q,pair48,lanseirken,firorfil,firorfil,lanseirken,10430,21389,novel_word,"Definitions:
- lanseirken: something that is bold and complex
- firorfil is more/greater than lanseirken in all respects

Q: Which is more complex, lanseirken or firorfil? (Answer EXACTLY ONE WORD)
A:"
LESS_Q_pair48,LESS,Q,pair48,lanseirken,firorfil,lanseirken,firorfil,21389,10430,novel_word,"Definitions:
- lanseirken: something that is bold and complex
- firorfil is less/smaller than lanseirken in all respects

Q: Which is more complex, lanseirken or firorfil? (Answer EXACTLY ONE WORD)
A:"
SAME_P_pair49,SAME,P,pair49,reinseirpli,virtaistain,bold,cautious,16627,50799,attribute_word,"Definitions:
- reinseirpli: something that is bold and complex
- virtaistain is the same as reinseirpli

Q: Is virtaistain bold or cautious? (Answer EXACTLY ONE WORD)
A:"
OPP_P_pair49,OPP,P,pair49,reinseirpli,virtaistain,cautious,bold,50799,16627,attribute_word,"Definitions:
- reinseirpli: something that is bold and complex
- virtaistain is the opposite of reinseirpli

Q: Is virtaistain bold or cautious? (Answer EXACTLY ONE WORD)
A:"
SAME_Q_pair49,SAME,Q,pair49,reinseirpli,virtaistain,complex,simple,3996,3606,attribute_word,"Definitions:
- reinseirpli: something that is bold and complex
- virtaistain is the same as reinseirpli

Q: Is virtaistain complex or simple? (Answer EXACTLY ONE WORD)
A:"
OPP_Q_pair49,OPP,Q,pair49,reinseirpli,virtaistain,simple,complex,3606,3996,attribute_word,"Definitions:
- reinseirpli: something that is bold and complex
- virtaistain is the opposite of reinseirpli

Q: Is virtaistain complex or simple? (Answer EXACTLY ONE WORD)
A:"
MORE_P_pair49,MORE,P,pair49,reinseirpli,virtaistain,virtaistain,reinseirpli,5800,12379,novel_word,"Definitions:
- reinseirpli: something that is bold and complex
- virtaistain is more/greater than reinseirpli in all respects

Q: Which is more bold, reinseirpli or virtaistain? (Answer EXACTLY ONE WORD)
A:"
LESS_P_pair49,LESS,P,pair49,reinseirpli,virtaistain,reinseirpli,virtaistain,12379,5800,novel_word,"Definitions:
- reinseirpli: something that is bold and complex
- virtaistain is less/smaller than reinseirpli in all respects

Q: Which is more bold, reinseirpli or virtaistain? (Answer EXACTLY ONE WORD)
A:"
MORE_Q_pair49,MORE,Q,pair49,reinseirpli,virtaistain,virtaistain,reinseirpli,5800,12379,novel_word,"Definitions:
- reinseirpli: something that is bold and complex
- virtaistain is more/greater than reinseirpli in all respects

Q: Which is more complex, reinseirpli or virtaistain? (Answer EXACTLY ONE WORD)
A:"
LESS_Q_pair49,LESS,Q,pair49,reinseirpli,virtaistain,reinseirpli,virtaistain,12379,5800,novel_word,"Definitions:
- reinseirpli: something that is bold and complex
- virtaistain is less/smaller than reinseirpli in all respects

Q: Which is more complex, reinseirpli or virtaistain? (Answer EXACTLY ONE WORD)
A:"
SAME_P_pair50,SAME,P,pair50,menfokral,treikoufir,bold,cautious,16627,50799,attribute_word,"Definitions:
- menfokral: something that is bold and complex
- treikoufir is the same as menfokral

Q: Is treikoufir bold or cautious? (Answer EXACTLY ONE WORD)
A:"
OPP_P_pair50,OPP,P,pair50,menfokral,treikoufir,cautious,bold,50799,16627,attribute_word,"Definitions:
- menfokral: something that is bold and complex
- treikoufir is the opposite of menfokral

Q: Is treikoufir bold or cautious? (Answer EXACTLY ONE WORD)
A:"
SAME_Q_pair50,SAME,Q,pair50,menfokral,treikoufir,complex,simple,3996,3606,attribute_word,"Definitions:
- menfokral: something that is bold and complex
- treikoufir is the same as menfokral

Q: Is treikoufir complex or simple? (Answer EXACTLY ONE WORD)
A:"
OPP_Q_pair50,OPP,Q,pair50,menfokral,treikoufir,simple,complex,3606,3996,attribute_word,"Definitions:
- menfokral: something that is bold and complex
- treikoufir is the opposite of menfokral

Q: Is treikoufir complex or simple? (Answer EXACTLY ONE WORD)
A:"
MORE_P_pair50,MORE,P,pair50,menfokral,treikoufir,treikoufir,menfokral,2547,1758,novel_word,"Definitions:
- menfokral: something that is bold and complex
- treikoufir is more/greater than menfokral in all respects

Q: Which is more bold, menfokral or treikoufir? (Answer EXACTLY ONE WORD)
A:"
LESS_P_pair50,LESS,P,pair50,menfokral,treikoufir,menfokral,treikoufir,1758,2547,novel_word,"Definitions:
- menfokral: something that is bold and complex
- treikoufir is less/smaller than menfokral in all respects

Q: Which is more bold, menfokral or treikoufir? (Answer EXACTLY ONE WORD)
A:"
MORE_Q_pair50,MORE,Q,pair50,menfokral,treikoufir,treikoufir,menfokral,2547,1758,novel_word,"Definitions:
- menfokral: something that is bold and complex
- treikoufir is more/greater than menfokral in all respects

Q: Which is more complex, menfokral or treikoufir? (Answer EXACTLY ONE WORD)
A:"
LESS_Q_pair50,LESS,Q,pair50,menfokral,treikoufir,menfokral,treikoufir,1758,2547,novel_word,"Definitions:
- menfokral: something that is bold and complex
- treikoufir is less/smaller than menfokral in all respects

Q: Which is more complex, menfokral or treikoufir? (Answer EXACTLY ONE WORD)
A:"
SAME_P_pair51,SAME,P,pair51,sesslolbais,vipaisreik,bold,cautious,16627,50799,attribute_word,"Definitions:
- sesslolbais: something that is bold and complex
- vipaisreik is the same as sesslolbais

Q: Is vipaisreik bold or cautious? (Answer EXACTLY ONE WORD)
A:"
OPP_P_pair51,OPP,P,pair51,sesslolbais,vipaisreik,cautious,bold,50799,16627,attribute_word,"Definitions:
- sesslolbais: something that is bold and complex
- vipaisreik is the opposite of sesslolbais

Q: Is vipaisreik bold or cautious? (Answer EXACTLY ONE WORD)
A:"
SAME_Q_pair51,SAME,Q,pair51,sesslolbais,vipaisreik,complex,simple,3996,3606,attribute_word,"Definitions:
- sesslolbais: something that is bold and complex
- vipaisreik is the same as sesslolbais

Q: Is vipaisreik complex or simple? (Answer EXACTLY ONE WORD)
A:"
OPP_Q_pair51,OPP,Q,pair51,sesslolbais,vipaisreik,simple,complex,3606,3996,attribute_word,"Definitions:
- sesslolbais: something that is bold and complex
- vipaisreik is the opposite of sesslolbais

Q: Is vipaisreik complex or simple? (Answer EXACTLY ONE WORD)
A:"
MORE_P_pair51,MORE,P,pair51,sesslolbais,vipaisreik,vipaisreik,sesslolbais,77090,36051,novel_word,"Definitions:
- sesslolbais: something that is bold and complex
- vipaisreik is more/greater than sesslolbais in all respects

Q: Which is more bold, sesslolbais or vipaisreik? (Answer EXACTLY ONE WORD)
A:"
LESS_P_pair51,LESS,P,pair51,sesslolbais,vipaisreik,sesslolbais,vipaisreik,36051,77090,novel_word,"Definitions:
- sesslolbais: something that is bold and complex
- vipaisreik is less/smaller than sesslolbais in all respects

Q: Which is more bold, sesslolbais or vipaisreik? (Answer EXACTLY ONE WORD)
A:"
MORE_Q_pair51,MORE,Q,pair51,sesslolbais,vipaisreik,vipaisreik,sesslolbais,77090,36051,novel_word,"Definitions:
- sesslolbais: something that is bold and complex
- vipaisreik is more/greater than sesslolbais in all respects

Q: Which is more complex, sesslolbais or vipaisreik? (Answer EXACTLY ONE WORD)
A:"
LESS_Q_pair51,LESS,Q,pair51,sesslolbais,vipaisreik,sesslolbais,vipaisreik,36051,77090,novel_word,"Definitions:
- sesslolbais: something that is bold and complex
- vipaisreik is less/smaller than sesslolbais in all respects

Q: Which is more complex, sesslolbais or vipaisreik? (Answer EXACTLY ONE WORD)
A:"
SAME_P_pair52,SAME,P,pair52,bonslisroul,nulspousram,bold,cautious,16627,50799,attribute_word,"Definitions:
- bonslisroul: something that is bold and complex
- nulspousram is the same as bonslisroul

Q: Is nulspousram bold or cautious? (Answer EXACTLY ONE WORD)
A:"
OPP_P_pair52,OPP,P,pair52,bonslisroul,nulspousram,cautious,bold,50799,16627,attribute_word,"Definitions:
- bonslisroul: something that is bold and complex
- nulspousram is the opposite of bonslisroul

Q: Is nulspousram bold or cautious? (Answer EXACTLY ONE WORD)
A:"
SAME_Q_pair52,SAME,Q,pair52,bonslisroul,nulspousram,complex,simple,3996,3606,attribute_word,"Definitions:
- bonslisroul: something that is bold and complex
- nulspousram is the same as bonslisroul

Q: Is nulspousram complex or simple? (Answer EXACTLY ONE WORD)
A:"
OPP_Q_pair52,OPP,Q,pair52,bonslisroul,nulspousram,simple,complex,3606,3996,attribute_word,"Definitions:
- bonslisroul: something that is bold and complex
- nulspousram is the opposite of bonslisroul

Q: Is nulspousram complex or simple? (Answer EXACTLY ONE WORD)
A:"
MORE_P_pair52,MORE,P,pair52,bonslisroul,nulspousram,nulspousram,bonslisroul,78761,61397,novel_word,"Definitions:
- bonslisroul: something that is bold and complex
- nulspousram is more/greater than bonslisroul in all respects

Q: Which is more bold, bonslisroul or nulspousram? (Answer EXACTLY ONE WORD)
A:"
LESS_P_pair52,LESS,P,pair52,bonslisroul,nulspousram,bonslisroul,nulspousram,61397,78761,novel_word,"Definitions:
- bonslisroul: something that is bold and complex
- nulspousram is less/smaller than bonslisroul in all respects

Q: Which is more bold, bonslisroul or nulspousram? (Answer EXACTLY ONE WORD)
A:"
MORE_Q_pair52,MORE,Q,pair52,bonslisroul,nulspousram,nulspousram,bonslisroul,78761,61397,novel_word,"Definitions:
- bonslisroul: something that is bold and complex
- nulspousram is more/greater than bonslisroul in all respects

Q: Which is more complex, bonslisroul or nulspousram? (Answer EXACTLY ONE WORD)
A:"
LESS_Q_pair52,LESS,Q,pair52,bonslisroul,nulspousram,bonslisroul,nulspousram,61397,78761,novel_word,"Definitions:
- bonslisroul: something that is bold and complex
- nulspousram is less/smaller than bonslisroul in all respects

Q: Which is more complex, bonslisroul or nulspousram? (Answer EXACTLY ONE WORD)
A:"
SAME_P_pair53,SAME,P,pair53,respainweis,gilribrok,bold,cautious,16627,50799,attribute_word,"Definitions:
- respainweis: something that is bold and complex
- gilribrok is the same as respainweis

Q: Is gilribrok bold or cautious? (Answer EXACTLY ONE WORD)
A:"
OPP_P_pair53,OPP,P,pair53,respainweis,gilribrok,cautious,bold,50799,16627,attribute_word,"Definitions:
- respainweis: something that is bold and complex
- gilribrok is the opposite of respainweis

Q: Is gilribrok bold or cautious? (Answer EXACTLY ONE WORD)
A:"
SAME_Q_pair53,SAME,Q,pair53,respainweis,gilribrok,complex,simple,3996,3606,attribute_word,"Definitions:
- respainweis: something that is bold and complex
- gilribrok is the same as respainweis

Q: Is gilribrok complex or simple? (Answer EXACTLY ONE WORD)
A:"
OPP_Q_pair53,OPP,Q,pair53,respainweis,gilribrok,simple,complex,3606,3996,attribute_word,"Definitions:
- respainweis: something that is bold and complex
- gilribrok is the opposite of respainweis

Q: Is gilribrok complex or simple? (Answer EXACTLY ONE WORD)
A:"
MORE_P_pair53,MORE,P,pair53,respainweis,gilribrok,gilribrok,respainweis,133078,15916,novel_word,"Definitions:
- respainweis: something that is bold and complex
- gilribrok is more/greater than respainweis in all respects

Q: Which is more bold, respainweis or gilribrok? (Answer EXACTLY ONE WORD)
A:"
LESS_P_pair53,LESS,P,pair53,respainweis,gilribrok,respainweis,gilribrok,15916,133078,novel_word,"Definitions:
- respainweis: something that is bold and complex
- gilribrok is less/smaller than respainweis in all respects

Q: Which is more bold, respainweis or gilribrok? (Answer EXACTLY ONE WORD)
A:"
MORE_Q_pair53,MORE,Q,pair53,respainweis,gilribrok,gilribrok,respainweis,133078,15916,novel_word,"Definitions:
- respainweis: something that is bold and complex
- gilribrok is more/greater than respainweis in all respects

Q: Which is more complex, respainweis or gilribrok? (Answer EXACTLY ONE WORD)
A:"
LESS_Q_pair53,LESS,Q,pair53,respainweis,gilribrok,respainweis,gilribrok,15916,133078,novel_word,"Definitions:
- respainweis: something that is bold and complex
- gilribrok is less/smaller than respainweis in all respects

Q: Which is more complex, respainweis or gilribrok? (Answer EXACTLY ONE WORD)
A:"
SAME_P_pair54,SAME,P,pair54,bunpoultil,walweikren,bold,cautious,16627,50799,attribute_word,"Definitions:
- bunpoultil: something that is bold and complex
- walweikren is the same as bunpoultil

Q: Is walweikren bold or cautious? (Answer EXACTLY ONE WORD)
A:"
OPP_P_pair54,OPP,P,pair54,bunpoultil,walweikren,cautious,bold,50799,16627,attribute_word,"Definitions:
- bunpoultil: something that is bold and complex
- walweikren is the opposite of bunpoultil

Q: Is walweikren bold or cautious? (Answer EXACTLY ONE WORD)
A:"
SAME_Q_pair54,SAME,Q,pair54,bunpoultil,walweikren,complex,simple,3996,3606,attribute_word,"Definitions:
- bunpoultil: something that is bold and complex
- walweikren is the same as bunpoultil

Q: Is walweikren complex or simple? (Answer EXACTLY ONE WORD)
A:"
OPP_Q_pair54,OPP,Q,pair54,bunpoultil,walweikren,simple,complex,3606,3996,attribute_word,"Definitions:
- bunpoultil: something that is bold and complex
- walweikren is the opposite of bunpoultil

Q: Is walweikren complex or simple? (Answer EXACTLY ONE WORD)
A:"
MORE_P_pair54,MORE,P,pair54,bunpoultil,walweikren,walweikren,bunpoultil,12460,17213,novel_word,"Definitions:
- bunpoultil: something that is bold and complex
- walweikren is more/greater than bunpoultil in all respects

Q: Which is more bold, bunpoultil or walweikren? (Answer EXACTLY ONE WORD)
A:"
LESS_P_pair54,LESS,P,pair54,bunpoultil,walweikren,bunpoultil,walweikren,17213,12460,novel_word,"Definitions:
- bunpoultil: something that is bold and complex
- walweikren is less/smaller than bunpoultil in all respects

Q: Which is more bold, bunpoultil or walweikren? (Answer EXACTLY ONE WORD)
A:"
MORE_Q_pair54,MORE,Q,pair54,bunpoultil,walweikren,walweikren,bunpoultil,12460,17213,novel_word,"Definitions:
- bunpoultil: something that is bold and complex
- walweikren is more/greater than bunpoultil in all respects

Q: Which is more complex, bunpoultil or walweikren? (Answer EXACTLY ONE WORD)
A:"
LESS_Q_pair54,LESS,Q,pair54,bunpoultil,walweikren,bunpoultil,walweikren,17213,12460,novel_word,"Definitions:
- bunpoultil: something that is bold and complex
- walweikren is less/smaller than bunpoultil in all respects

Q: Which is more complex, bunpoultil or walweikren? (Answer EXACTLY ONE WORD)
A:"
SAME_P_pair55,SAME,P,pair55,genwourrek,nogreirrout,bold,cautious,16627,50799,attribute_word,"Definitions:
- genwourrek: something that is bold and complex
- nogreirrout is the same as genwourrek

Q: Is nogreirrout bold or cautious? (Answer EXACTLY ONE WORD)
A:"
OPP_P_pair55,OPP,P,pair55,genwourrek,nogreirrout,cautious,bold,50799,16627,attribute_word,"Definitions:
- genwourrek: something that is bold and complex
- nogreirrout is the opposite of genwourrek

Q: Is nogreirrout bold or cautious? (Answer EXACTLY ONE WORD)
A:"
SAME_Q_pair55,SAME,Q,pair55,genwourrek,nogreirrout,complex,simple,3996,3606,attribute_word,"Definitions:
- genwourrek: something that is bold and complex
- nogreirrout is the same as genwourrek

Q: Is nogreirrout complex or simple? (Answer EXACTLY ONE WORD)
A:"
OPP_Q_pair55,OPP,Q,pair55,genwourrek,nogreirrout,simple,complex,3606,3996,attribute_word,"Definitions:
- genwourrek: something that is bold and complex
- nogreirrout is the opposite of genwourrek

Q: Is nogreirrout complex or simple? (Answer EXACTLY ONE WORD)
A:"
MORE_P_pair55,MORE,P,pair55,genwourrek,nogreirrout,nogreirrout,genwourrek,21365,2824,novel_word,"Definitions:
- genwourrek: something that is bold and complex
- nogreirrout is more/greater than genwourrek in all respects

Q: Which is more bold, genwourrek or nogreirrout? (Answer EXACTLY ONE WORD)
A:"
LESS_P_pair55,LESS,P,pair55,genwourrek,nogreirrout,genwourrek,nogreirrout,2824,21365,novel_word,"Definitions:
- genwourrek: something that is bold and complex
- nogreirrout is less/smaller than genwourrek in all respects

Q: Which is more bold, genwourrek or nogreirrout? (Answer EXACTLY ONE WORD)
A:"
MORE_Q_pair55,MORE,Q,pair55,genwourrek,nogreirrout,nogreirrout,genwourrek,21365,2824,novel_word,"Definitions:
- genwourrek: something that is bold and complex
- nogreirrout is more/greater than genwourrek in all respects

Q: Which is more complex, genwourrek or nogreirrout? (Answer EXACTLY ONE WORD)
A:"
LESS_Q_pair55,LESS,Q,pair55,genwourrek,nogreirrout,genwourrek,nogreirrout,2824,21365,novel_word,"Definitions:
- genwourrek: something that is bold and complex
- nogreirrout is less/smaller than genwourrek in all respects

Q: Which is more complex, genwourrek or nogreirrout? (Answer EXACTLY ONE WORD)
A:"
SAME_P_pair56,SAME,P,pair56,nilspulsoul,soukasmil,bold,cautious,16627,50799,attribute_word,"Definitions:
- nilspulsoul: something that is bold and complex
- soukasmil is the same as nilspulsoul

Q: Is soukasmil bold or cautious? (Answer EXACTLY ONE WORD)
A:"
OPP_P_pair56,OPP,P,pair56,nilspulsoul,soukasmil,cautious,bold,50799,16627,attribute_word,"Definitions:
- nilspulsoul: something that is bold and complex
- soukasmil is the opposite of nilspulsoul

Q: Is soukasmil bold or cautious? (Answer EXACTLY ONE WORD)
A:"
SAME_Q_pair56,SAME,Q,pair56,nilspulsoul,soukasmil,complex,simple,3996,3606,attribute_word,"Definitions:
- nilspulsoul: something that is bold and complex
- soukasmil is the same as nilspulsoul

Q: Is soukasmil complex or simple? (Answer EXACTLY ONE WORD)
A:"
OPP_Q_pair56,OPP,Q,pair56,nilspulsoul,soukasmil,simple,complex,3606,3996,attribute_word,"Definitions:
- nilspulsoul: something that is bold and complex
- soukasmil is the opposite of nilspulsoul

Q: Is soukasmil complex or simple? (Answer EXACTLY ONE WORD)
A:"
MORE_P_pair56,MORE,P,pair56,nilspulsoul,soukasmil,soukasmil,nilspulsoul,4280,5030,novel_word,"Definitions:
- nilspulsoul: something that is bold and complex
- soukasmil is more/greater than nilspulsoul in all respects

Q: Which is more bold, nilspulsoul or soukasmil? (Answer EXACTLY ONE WORD)
A:"
LESS_P_pair56,LESS,P,pair56,nilspulsoul,soukasmil,nilspulsoul,soukasmil,5030,4280,novel_word,"Definitions:
- nilspulsoul: something that is bold and complex
- soukasmil is less/smaller than nilspulsoul in all respects

Q: Which is more bold, nilspulsoul or soukasmil? (Answer EXACTLY ONE WORD)
A:"
MORE_Q_pair56,MORE,Q,pair56,nilspulsoul,soukasmil,soukasmil,nilspulsoul,4280,5030,novel_word,"Definitions:
- nilspulsoul: something that is bold and complex
- soukasmil is more/greater than nilspulsoul in all respects

Q: Which is more complex, nilspulsoul or soukasmil? (Answer EXACTLY ONE WORD)
A:"
LESS_Q_pair56,LESS,Q,pair56,nilspulsoul,soukasmil,nilspulsoul,soukasmil,5030,4280,novel_word,"Definitions:
- nilspulsoul: something that is bold and complex
- soukasmil is less/smaller than nilspulsoul in all respects

Q: Which is more complex, nilspulsoul or soukasmil? (Answer EXACTLY ONE WORD)
A:"
SAME_P_pair57,SAME,P,pair57,masparslit,parsunsin,bold,cautious,16627,50799,attribute_word,"Definitions:
- masparslit: something that is bold and complex
- parsunsin is the same as masparslit

Q: Is parsunsin bold or cautious? (Answer EXACTLY ONE WORD)
A:"
OPP_P_pair57,OPP,P,pair57,masparslit,parsunsin,cautious,bold,50799,16627,attribute_word,"Definitions:
- masparslit: something that is bold and complex
- parsunsin is the opposite of masparslit

Q: Is parsunsin bold or cautious? (Answer EXACTLY ONE WORD)
A:"
SAME_Q_pair57,SAME,Q,pair57,masparslit,parsunsin,complex,simple,3996,3606,attribute_word,"Definitions:
- masparslit: something that is bold and complex
- parsunsin is the same as masparslit

Q: Is parsunsin complex or simple? (Answer EXACTLY ONE WORD)
A:"
OPP_Q_pair57,OPP,Q,pair57,masparslit,parsunsin,simple,complex,3606,3996,attribute_word,"Definitions:
- masparslit: something that is bold and complex
- parsunsin is the opposite of masparslit

Q: Is parsunsin complex or simple? (Answer EXACTLY ONE WORD)
A:"
MORE_P_pair57,MORE,P,pair57,masparslit,parsunsin,parsunsin,masparslit,944,4397,novel_word,"Definitions:
- masparslit: something that is bold and complex
- parsunsin is more/greater than masparslit in all respects

Q: Which is more bold, masparslit or parsunsin? (Answer EXACTLY ONE WORD)
A:"
LESS_P_pair57,LESS,P,pair57,masparslit,parsunsin,masparslit,parsunsin,4397,944,novel_word,"Definitions:
- masparslit: something that is bold and complex
- parsunsin is less/smaller than masparslit in all respects

Q: Which is more bold, masparslit or parsunsin? (Answer EXACTLY ONE WORD)
A:"
MORE_Q_pair57,MORE,Q,pair57,masparslit,parsunsin,parsunsin,masparslit,944,4397,novel_word,"Definitions:
- masparslit: something that is bold and complex
- parsunsin is more/greater than masparslit in all respects

Q: Which is more complex, masparslit or parsunsin? (Answer EXACTLY ONE WORD)
A:"
LESS_Q_pair57,LESS,Q,pair57,masparslit,parsunsin,masparslit,parsunsin,4397,944,novel_word,"Definitions:
- masparslit: something that is bold and complex
- parsunsin is less/smaller than masparslit in all respects

Q: Which is more complex, masparslit or parsunsin? (Answer EXACTLY ONE WORD)
A:"
SAME_P_pair58,SAME,P,pair58,sleirbeisgo,brailalbis,bold,cautious,16627,50799,attribute_word,"Definitions:
- sleirbeisgo: something that is bold and complex
- brailalbis is the same as sleirbeisgo

Q: Is brailalbis bold or cautious? (Answer EXACTLY ONE WORD)
A:"
OPP_P_pair58,OPP,P,pair58,sleirbeisgo,brailalbis,cautious,bold,50799,16627,attribute_word,"Definitions:
- sleirbeisgo: something that is bold and complex
- brailalbis is the opposite of sleirbeisgo

Q: Is brailalbis bold or cautious? (Answer EXACTLY ONE WORD)
A:"
SAME_Q_pair58,SAME,Q,pair58,sleirbeisgo,brailalbis,complex,simple,3996,3606,attribute_word,"Definitions:
- sleirbeisgo: something that is bold and complex
- brailalbis is the same as sleirbeisgo

Q: Is brailalbis complex or simple? (Answer EXACTLY ONE WORD)
A:"
OPP_Q_pair58,OPP,Q,pair58,sleirbeisgo,brailalbis,simple,complex,3606,3996,attribute_word,"Definitions:
- sleirbeisgo: something that is bold and complex
- brailalbis is the opposite of sleirbeisgo

Q: Is brailalbis complex or simple? (Answer EXACTLY ONE WORD)
A:"
MORE_P_pair58,MORE,P,pair58,sleirbeisgo,brailalbis,brailalbis,sleirbeisgo,8518,20136,novel_word,"Definitions:
- sleirbeisgo: something that is bold and complex
- brailalbis is more/greater than sleirbeisgo in all respects

Q: Which is more bold, sleirbeisgo or brailalbis? (Answer EXACTLY ONE WORD)
A:"
LESS_P_pair58,LESS,P,pair58,sleirbeisgo,brailalbis,sleirbeisgo,brailalbis,20136,8518,novel_word,"Definitions:
- sleirbeisgo: something that is bold and complex
- brailalbis is less/smaller than sleirbeisgo in all respects

Q: Which is more bold, sleirbeisgo or brailalbis? (Answer EXACTLY ONE WORD)
A:"
MORE_Q_pair58,MORE,Q,pair58,sleirbeisgo,brailalbis,brailalbis,sleirbeisgo,8518,20136,novel_word,"Definitions:
- sleirbeisgo: something that is bold and complex
- brailalbis is more/greater than sleirbeisgo in all respects

Q: Which is more complex, sleirbeisgo or brailalbis? (Answer EXACTLY ONE WORD)
A:"
LESS_Q_pair58,LESS,Q,pair58,sleirbeisgo,brailalbis,sleirbeisgo,brailalbis,20136,8518,novel_word,"Definitions:
- sleirbeisgo: something that is bold and complex
- brailalbis is less/smaller than sleirbeisgo in all respects

Q: Which is more complex, sleirbeisgo or brailalbis? (Answer EXACTLY ONE WORD)
A:"
SAME_P_pair59,SAME,P,pair59,gruprinslin,kiszirvun,bold,cautious,16627,50799,attribute_word,"Definitions:
- gruprinslin: something that is bold and complex
- kiszirvun is the same as gruprinslin

Q: Is kiszirvun bold or cautious? (Answer EXACTLY ONE WORD)
A:"
OPP_P_pair59,OPP,P,pair59,gruprinslin,kiszirvun,cautious,bold,50799,16627,attribute_word,"Definitions:
- gruprinslin: something that is bold and complex
- kiszirvun is the opposite of gruprinslin

Q: Is kiszirvun bold or cautious? (Answer EXACTLY ONE WORD)
A:"
SAME_Q_pair59,SAME,Q,pair59,gruprinslin,kiszirvun,complex,simple,3996,3606,attribute_word,"Definitions:
- gruprinslin: something that is bold and complex
- kiszirvun is the same as gruprinslin

Q: Is kiszirvun complex or simple? (Answer EXACTLY ONE WORD)
A:"
OPP_Q_pair59,OPP,Q,pair59,gruprinslin,kiszirvun,simple,complex,3606,3996,attribute_word,"Definitions:
- gruprinslin: something that is bold and complex
- kiszirvun is the opposite of gruprinslin

Q: Is kiszirvun complex or simple? (Answer EXACTLY ONE WORD)
A:"
MORE_P_pair59,MORE,P,pair59,gruprinslin,kiszirvun,kiszirvun,gruprinslin,43031,8908,novel_word,"Definitions:
- gruprinslin: something that is bold and complex
- kiszirvun is more/greater than gruprinslin in all respects

Q: Which is more bold, gruprinslin or kiszirvun? (Answer EXACTLY ONE WORD)
A:"
LESS_P_pair59,LESS,P,pair59,gruprinslin,kiszirvun,gruprinslin,kiszirvun,8908,43031,novel_word,"Definitions:
- gruprinslin: something that is bold and complex
- kiszirvun is less/smaller than gruprinslin in all respects

Q: Which is more bold, gruprinslin or kiszirvun? (Answer EXACTLY ONE WORD)
A:"
MORE_Q_pair59,MORE,Q,pair59,gruprinslin,kiszirvun,kiszirvun,gruprinslin,43031,8908,novel_word,"Definitions:
- gruprinslin: something that is bold and complex
- kiszirvun is more/greater than gruprinslin in all respects

Q: Which is more complex, gruprinslin or kiszirvun? (Answer EXACTLY ONE WORD)
A:"
LESS_Q_pair59,LESS,Q,pair59,gruprinslin,kiszirvun,gruprinslin,kiszirvun,8908,43031,novel_word,"Definitions:
- gruprinslin: something that is bold and complex
- kiszirvun is less/smaller than gruprinslin in all respects

Q: Which is more complex, gruprinslin or kiszirvun? (Answer EXACTLY ONE WORD)
A:"
SAME_P_pair60,SAME,P,pair60,likunmeit,teilkrewu,bold,cautious,16627,50799,attribute_word,"Definitions:
- likunmeit: something that is bold and complex
- teilkrewu is the same as likunmeit

Q: Is teilkrewu bold or cautious? (Answer EXACTLY ONE WORD)
A:"
OPP_P_pair60,OPP,P,pair60,likunmeit,teilkrewu,cautious,bold,50799,16627,attribute_word,"Definitions:
- likunmeit: something that is bold and complex
- teilkrewu is the opposite of likunmeit

Q: Is teilkrewu bold or cautious? (Answer EXACTLY ONE WORD)
A:"
SAME_Q_pair60,SAME,Q,pair60,likunmeit,teilkrewu,complex,simple,3996,3606,attribute_word,"Definitions:
- likunmeit: something that is bold and complex
- teilkrewu is the same as likunmeit

Q: Is teilkrewu complex or simple? (Answer EXACTLY ONE WORD)
A:"
OPP_Q_pair60,OPP,Q,pair60,likunmeit,teilkrewu,simple,complex,3606,3996,attribute_word,"Definitions:
- likunmeit: something that is bold and complex
- teilkrewu is the opposite of likunmeit

Q: Is teilkrewu complex or simple? (Answer EXACTLY ONE WORD)
A:"
MORE_P_pair60,MORE,P,pair60,likunmeit,teilkrewu,teilkrewu,likunmeit,51427,3172,novel_word,"Definitions:
- likunmeit: something that is bold and complex
- teilkrewu is more/greater than likunmeit in all respects

Q: Which is more bold, likunmeit or teilkrewu? (Answer EXACTLY ONE WORD)
A:"
LESS_P_pair60,LESS,P,pair60,likunmeit,teilkrewu,likunmeit,teilkrewu,3172,51427,novel_word,"Definitions:
- likunmeit: something that is bold and complex
- teilkrewu is less/smaller than likunmeit in all respects

Q: Which is more bold, likunmeit or teilkrewu? (Answer EXACTLY ONE WORD)
A:"
MORE_Q_pair60,MORE,Q,pair60,likunmeit,teilkrewu,teilkrewu,likunmeit,51427,3172,novel_word,"Definitions:
- likunmeit: something that is bold and complex
- teilkrewu is more/greater than likunmeit in all respects

Q: Which is more complex, likunmeit or teilkrewu? (Answer EXACTLY ONE WORD)
A:"
LESS_Q_pair60,LESS,Q,pair60,likunmeit,teilkrewu,likunmeit,teilkrewu,3172,51427,novel_word,"Definitions:
- likunmeit: something that is bold and complex
- teilkrewu is less/smaller than likunmeit in all respects

Q: Which is more complex, likunmeit or teilkrewu? (Answer EXACTLY ONE WORD)
A:"
SAME_P_pair61,SAME,P,pair61,sorgreilvim,lokraibek,bold,cautious,16627,50799,attribute_word,"Definitions:
- sorgreilvim: something that is bold and complex
- lokraibek is the same as sorgreilvim

Q: Is lokraibek bold or cautious? (Answer EXACTLY ONE WORD)
A:"
OPP_P_pair61,OPP,P,pair61,sorgreilvim,lokraibek,cautious,bold,50799,16627,attribute_word,"Definitions:
- sorgreilvim: something that is bold and complex
- lokraibek is the opposite of sorgreilvim

Q: Is lokraibek bold or cautious? (Answer EXACTLY ONE WORD)
A:"
SAME_Q_pair61,SAME,Q,pair61,sorgreilvim,lokraibek,complex,simple,3996,3606,attribute_word,"Definitions:
- sorgreilvim: something that is bold and complex
- lokraibek is the same as sorgreilvim

Q: Is lokraibek complex or simple? (Answer EXACTLY ONE WORD)
A:"
OPP_Q_pair61,OPP,Q,pair61,sorgreilvim,lokraibek,simple,complex,3606,3996,attribute_word,"Definitions:
- sorgreilvim: something that is bold and complex
- lokraibek is the opposite of sorgreilvim

Q: Is lokraibek complex or simple? (Answer EXACTLY ONE WORD)
A:"
MORE_P_pair61,MORE,P,pair61,sorgreilvim,lokraibek,lokraibek,sorgreilvim,20676,66723,novel_word,"Definitions:
- sorgreilvim: something that is bold and complex
- lokraibek is more/greater than sorgreilvim in all respects

Q: Which is more bold, sorgreilvim or lokraibek? (Answer EXACTLY ONE WORD)
A:"
LESS_P_pair61,LESS,P,pair61,sorgreilvim,lokraibek,sorgreilvim,lokraibek,66723,20676,novel_word,"Definitions:
- sorgreilvim: something that is bold and complex
- lokraibek is less/smaller than sorgreilvim in all respects

Q: Which is more bold, sorgreilvim or lokraibek? (Answer EXACTLY ONE WORD)
A:"
MORE_Q_pair61,MORE,Q,pair61,sorgreilvim,lokraibek,lokraibek,sorgreilvim,20676,66723,novel_word,"Definitions:
- sorgreilvim: something that is bold and complex
- lokraibek is more/greater than sorgreilvim in all respects

Q: Which is more complex, sorgreilvim or lokraibek? (Answer EXACTLY ONE WORD)
A:"
LESS_Q_pair61,LESS,Q,pair61,sorgreilvim,lokraibek,sorgreilvim,lokraibek,66723,20676,novel_word,"Definitions:
- sorgreilvim: something that is bold and complex
- lokraibek is less/smaller than sorgreilvim in all respects

Q: Which is more complex, sorgreilvim or lokraibek? (Answer EXACTLY ONE WORD)
A:"
SAME_P_pair62,SAME,P,pair62,kaltrourmit,nolspasnait,bold,cautious,16627,50799,attribute_word,"Definitions:
- kaltrourmit: something that is bold and complex
- nolspasnait is the same as kaltrourmit

Q: Is nolspasnait bold or cautious? (Answer EXACTLY ONE WORD)
A:"
OPP_P_pair62,OPP,P,pair62,kaltrourmit,nolspasnait,cautious,bold,50799,16627,attribute_word,"Definitions:
- kaltrourmit: something that is bold and complex
- nolspasnait is the opposite of kaltrourmit

Q: Is nolspasnait bold or cautious? (Answer EXACTLY ONE WORD)
A:"
SAME_Q_pair62,SAME,Q,pair62,kaltrourmit,nolspasnait,complex,simple,3996,3606,attribute_word,"Definitions:
- kaltrourmit: something that is bold and complex
- nolspasnait is the same as kaltrourmit

Q: Is nolspasnait complex or simple? (Answer EXACTLY ONE WORD)
A:"
OPP_Q_pair62,OPP,Q,pair62,kaltrourmit,nolspasnait,simple,complex,3606,3996,attribute_word,"Definitions:
- kaltrourmit: something that is bold and complex
- nolspasnait is the opposite of kaltrourmit

Q: Is nolspasnait complex or simple? (Answer EXACTLY ONE WORD)
A:"
MORE_P_pair62,MORE,P,pair62,kaltrourmit,nolspasnait,nolspasnait,kaltrourmit,126530,12128,novel_word,"Definitions:
- kaltrourmit: something that is bold and complex
- nolspasnait is more/greater than kaltrourmit in all respects

Q: Which is more bold, kaltrourmit or nolspasnait? (Answer EXACTLY ONE WORD)
A:"
LESS_P_pair62,LESS,P,pair62,kaltrourmit,nolspasnait,kaltrourmit,nolspasnait,12128,126530,novel_word,"Definitions:
- kaltrourmit: something that is bold and complex
- nolspasnait is less/smaller than kaltrourmit in all respects

Q: Which is more bold, kaltrourmit or nolspasnait? (Answer EXACTLY ONE WORD)
A:"
MORE_Q_pair62,MORE,Q,pair62,kaltrourmit,nolspasnait,nolspasnait,kaltrourmit,126530,12128,novel_word,"Definitions:
- kaltrourmit: something that is bold and complex
- nolspasnait is more/greater than kaltrourmit in all respects

Q: Which is more complex, kaltrourmit or nolspasnait? (Answer EXACTLY ONE WORD)
A:"
LESS_Q_pair62,LESS,Q,pair62,kaltrourmit,nolspasnait,kaltrourmit,nolspasnait,12128,126530,novel_word,"Definitions:
- kaltrourmit: something that is bold and complex
- nolspasnait is less/smaller than kaltrourmit in all respects

Q: Which is more complex, kaltrourmit or nolspasnait? (Answer EXACTLY ONE WORD)
A:"
SAME_P_pair63,SAME,P,pair63,brusweskrei,troumeskrot,bold,cautious,16627,50799,attribute_word,"Definitions:
- brusweskrei: something that is bold and complex
- troumeskrot is the same as brusweskrei

Q: Is troumeskrot bold or cautious? (Answer EXACTLY ONE WORD)
A:"
OPP_P_pair63,OPP,P,pair63,brusweskrei,troumeskrot,cautious,bold,50799,16627,attribute_word,"Definitions:
- brusweskrei: something that is bold and complex
- troumeskrot is the opposite of brusweskrei

Q: Is troumeskrot bold or cautious? (Answer EXACTLY ONE WORD)
A:"
SAME_Q_pair63,SAME,Q,pair63,brusweskrei,troumeskrot,complex,simple,3996,3606,attribute_word,"Definitions:
- brusweskrei: something that is bold and complex
- troumeskrot is the same as brusweskrei

Q: Is troumeskrot complex or simple? (Answer EXACTLY ONE WORD)
A:"
OPP_Q_pair63,OPP,Q,pair63,brusweskrei,troumeskrot,simple,complex,3606,3996,attribute_word,"Definitions:
- brusweskrei: something that is bold and complex
- troumeskrot is the opposite of brusweskrei

Q: Is troumeskrot complex or simple? (Answer EXACTLY ONE WORD)
A:"
MORE_P_pair63,MORE,P,pair63,brusweskrei,troumeskrot,troumeskrot,brusweskrei,5604,93932,novel_word,"Definitions:
- brusweskrei: something that is bold and complex
- troumeskrot is more/greater than brusweskrei in all respects

Q: Which is more bold, brusweskrei or troumeskrot? (Answer EXACTLY ONE WORD)
A:"
LESS_P_pair63,LESS,P,pair63,brusweskrei,troumeskrot,brusweskrei,troumeskrot,93932,5604,novel_word,"Definitions:
- brusweskrei: something that is bold and complex
- troumeskrot is less/smaller than brusweskrei in all respects

Q: Which is more bold, brusweskrei or troumeskrot? (Answer EXACTLY ONE WORD)
A:"
MORE_Q_pair63,MORE,Q,pair63,brusweskrei,troumeskrot,troumeskrot,brusweskrei,5604,93932,novel_word,"Definitions:
- brusweskrei: something that is bold and complex
- troumeskrot is more/greater than brusweskrei in all respects

Q: Which is more complex, brusweskrei or troumeskrot? (Answer EXACTLY ONE WORD)
A:"
LESS_Q_pair63,LESS,Q,pair63,brusweskrei,troumeskrot,brusweskrei,troumeskrot,93932,5604,novel_word,"Definitions:
- brusweskrei: something that is bold and complex
- troumeskrot is less/smaller than brusweskrei in all respects

Q: Which is more complex, brusweskrei or troumeskrot? (Answer EXACTLY ONE WORD)
A:"
SAME_P_pair64,SAME,P,pair64,pesbroslem,brusfekut,bold,cautious,16627,50799,attribute_word,"Definitions:
- pesbroslem: something that is bold and complex
- brusfekut is the same as pesbroslem

Q: Is brusfekut bold or cautious? (Answer EXACTLY ONE WORD)
A:"
OPP_P_pair64,OPP,P,pair64,pesbroslem,brusfekut,cautious,bold,50799,16627,attribute_word,"Definitions:
- pesbroslem: something that is bold and complex
- brusfekut is the opposite of pesbroslem

Q: Is brusfekut bold or cautious? (Answer EXACTLY ONE WORD)
A:"
SAME_Q_pair64,SAME,Q,pair64,pesbroslem,brusfekut,complex,simple,3996,3606,attribute_word,"Definitions:
- pesbroslem: something that is bold and complex
- brusfekut is the same as pesbroslem

Q: Is brusfekut complex or simple? (Answer EXACTLY ONE WORD)
A:"
OPP_Q_pair64,OPP,Q,pair64,pesbroslem,brusfekut,simple,complex,3606,3996,attribute_word,"Definitions:
- pesbroslem: something that is bold and complex
- brusfekut is the opposite of pesbroslem

Q: Is brusfekut complex or simple? (Answer EXACTLY ONE WORD)
A:"
MORE_P_pair64,MORE,P,pair64,pesbroslem,brusfekut,brusfekut,pesbroslem,93932,9736,novel_word,"Definitions:
- pesbroslem: something that is bold and complex
- brusfekut is more/greater than pesbroslem in all respects

Q: Which is more bold, pesbroslem or brusfekut? (Answer EXACTLY ONE WORD)
A:"
LESS_P_pair64,LESS,P,pair64,pesbroslem,brusfekut,pesbroslem,brusfekut,9736,93932,novel_word,"Definitions:
- pesbroslem: something that is bold and complex
- brusfekut is less/smaller than pesbroslem in all respects

Q: Which is more bold, pesbroslem or brusfekut? (Answer EXACTLY ONE WORD)
A:"
MORE_Q_pair64,MORE,Q,pair64,pesbroslem,brusfekut,brusfekut,pesbroslem,93932,9736,novel_word,"Definitions:
- pesbroslem: something that is bold and complex
- brusfekut is more/greater than pesbroslem in all respects

Q: Which is more complex, pesbroslem or brusfekut? (Answer EXACTLY ONE WORD)
A:"
LESS_Q_pair64,LESS,Q,pair64,pesbroslem,brusfekut,pesbroslem,brusfekut,9736,93932,novel_word,"Definitions:
- pesbroslem: something that is bold and complex
- brusfekut is less/smaller than pesbroslem in all respects

Q: Which is more complex, pesbroslem or brusfekut? (Answer EXACTLY ONE WORD)
A:"
SAME_P_pair65,SAME,P,pair65,trisvavas,fostountrei,bold,cautious,16627,50799,attribute_word,"Definitions:
- trisvavas: something that is bold and complex
- fostountrei is the same as trisvavas

Q: Is fostountrei bold or cautious? (Answer EXACTLY ONE WORD)
A:"
OPP_P_pair65,OPP,P,pair65,trisvavas,fostountrei,cautious,bold,50799,16627,attribute_word,"Definitions:
- trisvavas: something that is bold and complex
- fostountrei is the opposite of trisvavas

Q: Is fostountrei bold or cautious? (Answer EXACTLY ONE WORD)
A:"
SAME_Q_pair65,SAME,Q,pair65,trisvavas,fostountrei,complex,simple,3996,3606,attribute_word,"Definitions:
- trisvavas: something that is bold and complex
- fostountrei is the same as trisvavas

Q: Is fostountrei complex or simple? (Answer EXACTLY ONE WORD)
A:"
OPP_Q_pair65,OPP,Q,pair65,trisvavas,fostountrei,simple,complex,3606,3996,attribute_word,"Definitions:
- trisvavas: something that is bold and complex
- fostountrei is the opposite of trisvavas

Q: Is fostountrei complex or simple? (Answer EXACTLY ONE WORD)
A:"
MORE_P_pair65,MORE,P,pair65,trisvavas,fostountrei,fostountrei,trisvavas,22018,120117,novel_word,"Definitions:
- trisvavas: something that is bold and complex
- fostountrei is more/greater than trisvavas in all respects

Q: Which is more bold, trisvavas or fostountrei? (Answer EXACTLY ONE WORD)
A:"
LESS_P_pair65,LESS,P,pair65,trisvavas,fostountrei,trisvavas,fostountrei,120117,22018,novel_word,"Definitions:
- trisvavas: something that is bold and complex
- fostountrei is less/smaller than trisvavas in all respects

Q: Which is more bold, trisvavas or fostountrei? (Answer EXACTLY ONE WORD)
A:"
MORE_Q_pair65,MORE,Q,pair65,trisvavas,fostountrei,fostountrei,trisvavas,22018,120117,novel_word,"Definitions:
- trisvavas: something that is bold and complex
- fostountrei is more/greater than trisvavas in all respects

Q: Which is more complex, trisvavas or fostountrei? (Answer EXACTLY ONE WORD)
A:"
LESS_Q_pair65,LESS,Q,pair65,trisvavas,fostountrei,trisvavas,fostountrei,120117,22018,novel_word,"Definitions:
- trisvavas: something that is bold and complex
- fostountrei is less/smaller than trisvavas in all respects

Q: Which is more complex, trisvavas or fostountrei? (Answer EXACTLY ONE WORD)
A:"
SAME_P_pair66,SAME,P,pair66,sperfoulpri,gusbraisla,bold,cautious,16627,50799,attribute_word,"Definitions:
- sperfoulpri: something that is bold and complex
- gusbraisla is the same as sperfoulpri

Q: Is gusbraisla bold or cautious? (Answer EXACTLY ONE WORD)
A:"
OPP_P_pair66,OPP,P,pair66,sperfoulpri,gusbraisla,cautious,bold,50799,16627,attribute_word,"Definitions:
- sperfoulpri: something that is bold and complex
- gusbraisla is the opposite of sperfoulpri

Q: Is gusbraisla bold or cautious? (Answer EXACTLY ONE WORD)
A:"
SAME_Q_pair66,SAME,Q,pair66,sperfoulpri,gusbraisla,complex,simple,3996,3606,attribute_word,"Definitions:
- sperfoulpri: something that is bold and complex
- gusbraisla is the same as sperfoulpri

Q: Is gusbraisla complex or simple? (Answer EXACTLY ONE WORD)
A:"
OPP_Q_pair66,OPP,Q,pair66,sperfoulpri,gusbraisla,simple,complex,3606,3996,attribute_word,"Definitions:
- sperfoulpri: something that is bold and complex
- gusbraisla is the opposite of sperfoulpri

Q: Is gusbraisla complex or simple? (Answer EXACTLY ONE WORD)
A:"
MORE_P_pair66,MORE,P,pair66,sperfoulpri,gusbraisla,gusbraisla,sperfoulpri,116892,46403,novel_word,"Definitions:
- sperfoulpri: something that is bold and complex
- gusbraisla is more/greater than sperfoulpri in all respects

Q: Which is more bold, sperfoulpri or gusbraisla? (Answer EXACTLY ONE WORD)
A:"
LESS_P_pair66,LESS,P,pair66,sperfoulpri,gusbraisla,sperfoulpri,gusbraisla,46403,116892,novel_word,"Definitions:
- sperfoulpri: something that is bold and complex
- gusbraisla is less/smaller than sperfoulpri in all respects

Q: Which is more bold, sperfoulpri or gusbraisla? (Answer EXACTLY ONE WORD)
A:"
MORE_Q_pair66,MORE,Q,pair66,sperfoulpri,gusbraisla,gusbraisla,sperfoulpri,116892,46403,novel_word,"Definitions:
- sperfoulpri: something that is bold and complex
- gusbraisla is more/greater than sperfoulpri in all respects

Q: Which is more complex, sperfoulpri or gusbraisla? (Answer EXACTLY ONE WORD)
A:"
LESS_Q_pair66,LESS,Q,pair66,sperfoulpri,gusbraisla,sperfoulpri,gusbraisla,46403,116892,novel_word,"Definitions:
- sperfoulpri: something that is bold and complex
- gusbraisla is less/smaller than sperfoulpri in all respects

Q: Which is more complex, sperfoulpri or gusbraisla? (Answer EXACTLY ONE WORD)
A:"
SAME_P_pair67,SAME,P,pair67,sosprarlos,plasnislein,bold,cautious,16627,50799,attribute_word,"Definitions:
- sosprarlos: something that is bold and complex
- plasnislein is the same as sosprarlos

Q: Is plasnislein bold or cautious? (Answer EXACTLY ONE WORD)
A:"
OPP_P_pair67,OPP,P,pair67,sosprarlos,plasnislein,cautious,bold,50799,16627,attribute_word,"Definitions:
- sosprarlos: something that is bold and complex
- plasnislein is the opposite of sosprarlos

Q: Is plasnislein bold or cautious? (Answer EXACTLY ONE WORD)
A:"
SAME_Q_pair67,SAME,Q,pair67,sosprarlos,plasnislein,complex,simple,3996,3606,attribute_word,"Definitions:
- sosprarlos: something that is bold and complex
- plasnislein is the same as sosprarlos

Q: Is plasnislein complex or simple? (Answer EXACTLY ONE WORD)
A:"
OPP_Q_pair67,OPP,Q,pair67,sosprarlos,plasnislein,simple,complex,3606,3996,attribute_word,"Definitions:
- sosprarlos: something that is bold and complex
- plasnislein is the opposite of sosprarlos

Q: Is plasnislein complex or simple? (Answer EXACTLY ONE WORD)
A:"
MORE_P_pair67,MORE,P,pair67,sosprarlos,plasnislein,plasnislein,sosprarlos,10153,27420,novel_word,"Definitions:
- sosprarlos: something that is bold and complex
- plasnislein is more/greater than sosprarlos in all respects

Q: Which is more bold, sosprarlos or plasnislein? (Answer EXACTLY ONE WORD)
A:"
LESS_P_pair67,LESS,P,pair67,sosprarlos,plasnislein,sosprarlos,plasnislein,27420,10153,novel_word,"Definitions:
- sosprarlos: something that is bold and complex
- plasnislein is less/smaller than sosprarlos in all respects

Q: Which is more bold, sosprarlos or plasnislein? (Answer EXACTLY ONE WORD)
A:"
MORE_Q_pair67,MORE,Q,pair67,sosprarlos,plasnislein,plasnislein,sosprarlos,10153,27420,novel_word,"Definitions:
- sosprarlos: something that is bold and complex
- plasnislein is more/greater than sosprarlos in all respects

Q: Which is more complex, sosprarlos or plasnislein? (Answer EXACTLY ONE WORD)
A:"
LESS_Q_pair67,LESS,Q,pair67,sosprarlos,plasnislein,sosprarlos,plasnislein,27420,10153,novel_word,"Definitions:
- sosprarlos: something that is bold and complex
- plasnislein is less/smaller than sosprarlos in all respects

Q: Which is more complex, sosprarlos or plasnislein? (Answer EXACTLY ONE WORD)
A:"
SAME_P_pair68,SAME,P,pair68,tronstolvul,bistrailva,bold,cautious,16627,50799,attribute_word,"Definitions:
- tronstolvul: something that is bold and complex
- bistrailva is the same as tronstolvul

Q: Is bistrailva bold or cautious? (Answer EXACTLY ONE WORD)
A:"
OPP_P_pair68,OPP,P,pair68,tronstolvul,bistrailva,cautious,bold,50799,16627,attribute_word,"Definitions:
- tronstolvul: something that is bold and complex
- bistrailva is the opposite of tronstolvul

Q: Is bistrailva bold or cautious? (Answer EXACTLY ONE WORD)
A:"
SAME_Q_pair68,SAME,Q,pair68,tronstolvul,bistrailva,complex,simple,3996,3606,attribute_word,"Definitions:
- tronstolvul: something that is bold and complex
- bistrailva is the same as tronstolvul

Q: Is bistrailva complex or simple? (Answer EXACTLY ONE WORD)
A:"
OPP_Q_pair68,OPP,Q,pair68,tronstolvul,bistrailva,simple,complex,3606,3996,attribute_word,"Definitions:
- tronstolvul: something that is bold and complex
- bistrailva is the opposite of tronstolvul

Q: Is bistrailva complex or simple? (Answer EXACTLY ONE WORD)
A:"
MORE_P_pair68,MORE,P,pair68,tronstolvul,bistrailva,bistrailva,tronstolvul,50560,76446,novel_word,"Definitions:
- tronstolvul: something that is bold and complex
- bistrailva is more/greater than tronstolvul in all respects

Q: Which is more bold, tronstolvul or bistrailva? (Answer EXACTLY ONE WORD)
A:"
LESS_P_pair68,LESS,P,pair68,tronstolvul,bistrailva,tronstolvul,bistrailva,76446,50560,novel_word,"Definitions:
- tronstolvul: something that is bold and complex
- bistrailva is less/smaller than tronstolvul in all respects

Q: Which is more bold, tronstolvul or bistrailva? (Answer EXACTLY ONE WORD)
A:"
MORE_Q_pair68,MORE,Q,pair68,tronstolvul,bistrailva,bistrailva,tronstolvul,50560,76446,novel_word,"Definitions:
- tronstolvul: something that is bold and complex
- bistrailva is more/greater than tronstolvul in all respects

Q: Which is more complex, tronstolvul or bistrailva? (Answer EXACTLY ONE WORD)
A:"
LESS_Q_pair68,LESS,Q,pair68,tronstolvul,bistrailva,tronstolvul,bistrailva,76446,50560,novel_word,"Definitions:
- tronstolvul: something that is bold and complex
- bistrailva is less/smaller than tronstolvul in all respects

Q: Which is more complex, tronstolvul or bistrailva? (Answer EXACTLY ONE WORD)
A:"
SAME_P_pair69,SAME,P,pair69,grisdilgro,flaifurik,bold,cautious,16627,50799,attribute_word,"Definitions:
- grisdilgro: something that is bold and complex
- flaifurik is the same as grisdilgro

Q: Is flaifurik bold or cautious? (Answer EXACTLY ONE WORD)
A:"
OPP_P_pair69,OPP,P,pair69,grisdilgro,flaifurik,cautious,bold,50799,16627,attribute_word,"Definitions:
- grisdilgro: something that is bold and complex
- flaifurik is the opposite of grisdilgro

Q: Is flaifurik bold or cautious? (Answer EXACTLY ONE WORD)
A:"
SAME_Q_pair69,SAME,Q,pair69,grisdilgro,flaifurik,complex,simple,3996,3606,attribute_word,"Definitions:
- grisdilgro: something that is bold and complex
- flaifurik is the same as grisdilgro

Q: Is flaifurik complex or simple? (Answer EXACTLY ONE WORD)
A:"
OPP_Q_pair69,OPP,Q,pair69,grisdilgro,flaifurik,simple,complex,3606,3996,attribute_word,"Definitions:
- grisdilgro: something that is bold and complex
- flaifurik is the opposite of grisdilgro

Q: Is flaifurik complex or simple? (Answer EXACTLY ONE WORD)
A:"
MORE_P_pair69,MORE,P,pair69,grisdilgro,flaifurik,flaifurik,grisdilgro,110109,52006,novel_word,"Definitions:
- grisdilgro: something that is bold and complex
- flaifurik is more/greater than grisdilgro in all respects

Q: Which is more bold, grisdilgro or flaifurik? (Answer EXACTLY ONE WORD)
A:"
LESS_P_pair69,LESS,P,pair69,grisdilgro,flaifurik,grisdilgro,flaifurik,52006,110109,novel_word,"Definitions:
- grisdilgro: something that is bold and complex
- flaifurik is less/smaller than grisdilgro in all respects

Q: Which is more bold, grisdilgro or flaifurik? (Answer EXACTLY ONE WORD)
A:"
MORE_Q_pair69,MORE,Q,pair69,grisdilgro,flaifurik,flaifurik,grisdilgro,110109,52006,novel_word,"Definitions:
- grisdilgro: something that is bold and complex
- flaifurik is more/greater than grisdilgro in all respects

Q: Which is more complex, grisdilgro or flaifurik? (Answer EXACTLY ONE WORD)
A:"
LESS_Q_pair69,LESS,Q,pair69,grisdilgro,flaifurik,grisdilgro,flaifurik,52006,110109,novel_word,"Definitions:
- grisdilgro: something that is bold and complex
- flaifurik is less/smaller than grisdilgro in all respects

Q: Which is more complex, grisdilgro or flaifurik? (Answer EXACTLY ONE WORD)
A:"
SAME_P_pair70,SAME,P,pair70,malpronfoum,brelrusten,bold,cautious,16627,50799,attribute_word,"Definitions:
- malpronfoum: something that is bold and complex
- brelrusten is the same as malpronfoum

Q: Is brelrusten bold or cautious? (Answer EXACTLY ONE WORD)
A:"
OPP_P_pair70,OPP,P,pair70,malpronfoum,brelrusten,cautious,bold,50799,16627,attribute_word,"Definitions:
- malpronfoum: something that is bold and complex
- brelrusten is the opposite of malpronfoum

Q: Is brelrusten bold or cautious? (Answer EXACTLY ONE WORD)
A:"
SAME_Q_pair70,SAME,Q,pair70,malpronfoum,brelrusten,complex,simple,3996,3606,attribute_word,"Definitions:
- malpronfoum: something that is bold and complex
- brelrusten is the same as malpronfoum

Q: Is brelrusten complex or simple? (Answer EXACTLY ONE WORD)
A:"
OPP_Q_pair70,OPP,Q,pair70,malpronfoum,brelrusten,simple,complex,3606,3996,attribute_word,"Definitions:
- malpronfoum: something that is bold and complex
- brelrusten is the opposite of malpronfoum

Q: Is brelrusten complex or simple? (Answer EXACTLY ONE WORD)
A:"
MORE_P_pair70,MORE,P,pair70,malpronfoum,brelrusten,brelrusten,malpronfoum,1802,4405,novel_word,"Definitions:
- malpronfoum: something that is bold and complex
- brelrusten is more/greater than malpronfoum in all respects

Q: Which is more bold, malpronfoum or brelrusten? (Answer EXACTLY ONE WORD)
A:"
LESS_P_pair70,LESS,P,pair70,malpronfoum,brelrusten,malpronfoum,brelrusten,4405,1802,novel_word,"Definitions:
- malpronfoum: something that is bold and complex
- brelrusten is less/smaller than malpronfoum in all respects

Q: Which is more bold, malpronfoum or brelrusten? (Answer EXACTLY ONE WORD)
A:"
MORE_Q_pair70,MORE,Q,pair70,malpronfoum,brelrusten,brelrusten,malpronfoum,1802,4405,novel_word,"Definitions:
- malpronfoum: something that is bold and complex
- brelrusten is more/greater than malpronfoum in all respects

Q: Which is more complex, malpronfoum or brelrusten? (Answer EXACTLY ONE WORD)
A:"
LESS_Q_pair70,LESS,Q,pair70,malpronfoum,brelrusten,malpronfoum,brelrusten,4405,1802,novel_word,"Definitions:
- malpronfoum: something that is bold and complex
- brelrusten is less/smaller than malpronfoum in all respects

Q: Which is more complex, malpronfoum or brelrusten? (Answer EXACTLY ONE WORD)
A:"
SAME_P_pair71,SAME,P,pair71,zerpleinne,fosnaisfeit,bold,cautious,16627,50799,attribute_word,"Definitions:
- zerpleinne: something that is bold and complex
- fosnaisfeit is the same as zerpleinne

Q: Is fosnaisfeit bold or cautious? (Answer EXACTLY ONE WORD)
A:"
OPP_P_pair71,OPP,P,pair71,zerpleinne,fosnaisfeit,cautious,bold,50799,16627,attribute_word,"Definitions:
- zerpleinne: something that is bold and complex
- fosnaisfeit is the opposite of zerpleinne

Q: Is fosnaisfeit bold or cautious? (Answer EXACTLY ONE WORD)
A:"
SAME_Q_pair71,SAME,Q,pair71,zerpleinne,fosnaisfeit,complex,simple,3996,3606,attribute_word,"Definitions:
- zerpleinne: something that is bold and complex
- fosnaisfeit is the same as zerpleinne

Q: Is fosnaisfeit complex or simple? (Answer EXACTLY ONE WORD)
A:"
OPP_Q_pair71,OPP,Q,pair71,zerpleinne,fosnaisfeit,simple,complex,3606,3996,attribute_word,"Definitions:
- zerpleinne: something that is bold and complex
- fosnaisfeit is the opposite of zerpleinne

Q: Is fosnaisfeit complex or simple? (Answer EXACTLY ONE WORD)
A:"
MORE_P_pair71,MORE,P,pair71,zerpleinne,fosnaisfeit,fosnaisfeit,zerpleinne,31642,37847,novel_word,"Definitions:
- zerpleinne: something that is bold and complex
- fosnaisfeit is more/greater than zerpleinne in all respects

Q: Which is more bold, zerpleinne or fosnaisfeit? (Answer EXACTLY ONE WORD)
A:"
LESS_P_pair71,LESS,P,pair71,zerpleinne,fosnaisfeit,zerpleinne,fosnaisfeit,37847,31642,novel_word,"Definitions:
- zerpleinne: something that is bold and complex
- fosnaisfeit is less/smaller than zerpleinne in all respects

Q: Which is more bold, zerpleinne or fosnaisfeit? (Answer EXACTLY ONE WORD)
A:"
MORE_Q_pair71,MORE,Q,pair71,zerpleinne,fosnaisfeit,fosnaisfeit,zerpleinne,31642,37847,novel_word,"Definitions:
- zerpleinne: something that is bold and complex
- fosnaisfeit is more/greater than zerpleinne in all respects

Q: Which is more complex, zerpleinne or fosnaisfeit? (Answer EXACTLY ONE WORD)
A:"
LESS_Q_pair71,LESS,Q,pair71,zerpleinne,fosnaisfeit,zerpleinne,fosnaisfeit,37847,31642,novel_word,"Definitions:
- zerpleinne: something that is bold and complex
- fosnaisfeit is less/smaller than zerpleinne in all respects

Q: Which is more complex, zerpleinne or fosnaisfeit? (Answer EXACTLY ONE WORD)
A:"
SAME_P_pair72,SAME,P,pair72,sleirgistim,masturspaim,bold,cautious,16627,50799,attribute_word,"Definitions:
- sleirgistim: something that is bold and complex
- masturspaim is the same as sleirgistim

Q: Is masturspaim bold or cautious? (Answer EXACTLY ONE WORD)
A:"
OPP_P_pair72,OPP,P,pair72,sleirgistim,masturspaim,cautious,bold,50799,16627,attribute_word,"Definitions:
- sleirgistim: something that is bold and complex
- masturspaim is the opposite of sleirgistim

Q: Is masturspaim bold or cautious? (Answer EXACTLY ONE WORD)
A:"
SAME_Q_pair72,SAME,Q,pair72,sleirgistim,masturspaim,complex,simple,3996,3606,attribute_word,"Definitions:
- sleirgistim: something that is bold and complex
- masturspaim is the same as sleirgistim

Q: Is masturspaim complex or simple? (Answer EXACTLY ONE WORD)
A:"
OPP_Q_pair72,OPP,Q,pair72,sleirgistim,masturspaim,simple,complex,3606,3996,attribute_word,"Definitions:
- sleirgistim: something that is bold and complex
- masturspaim is the opposite of sleirgistim

Q: Is masturspaim complex or simple? (Answer EXACTLY ONE WORD)
A:"
MORE_P_pair72,MORE,P,pair72,sleirgistim,masturspaim,masturspaim,sleirgistim,36810,20136,novel_word,"Definitions:
- sleirgistim: something that is bold and complex
- masturspaim is more/greater than sleirgistim in all respects

Q: Which is more bold, sleirgistim or masturspaim? (Answer EXACTLY ONE WORD)
A:"
LESS_P_pair72,LESS,P,pair72,sleirgistim,masturspaim,sleirgistim,masturspaim,20136,36810,novel_word,"Definitions:
- sleirgistim: something that is bold and complex
- masturspaim is less/smaller than sleirgistim in all respects

Q: Which is more bold, sleirgistim or masturspaim? (Answer EXACTLY ONE WORD)
A:"
MORE_Q_pair72,MORE,Q,pair72,sleirgistim,masturspaim,masturspaim,sleirgistim,36810,20136,novel_word,"Definitions:
- sleirgistim: something that is bold and complex
- masturspaim is more/greater than sleirgistim in all respects

Q: Which is more complex, sleirgistim or masturspaim? (Answer EXACTLY ONE WORD)
A:"
LESS_Q_pair72,LESS,Q,pair72,sleirgistim,masturspaim,sleirgistim,masturspaim,20136,36810,novel_word,"Definitions:
- sleirgistim: something that is bold and complex
- masturspaim is less/smaller than sleirgistim in all respects

Q: Which is more complex, sleirgistim or masturspaim? (Answer EXACTLY ONE WORD)
A:"
SAME_P_pair73,SAME,P,pair73,fanlouspai,steilpoflit,bold,cautious,16627,50799,attribute_word,"Definitions:
- fanlouspai: something that is bold and complex
- steilpoflit is the same as fanlouspai

Q: Is steilpoflit bold or cautious? (Answer EXACTLY ONE WORD)
A:"
OPP_P_pair73,OPP,P,pair73,fanlouspai,steilpoflit,cautious,bold,50799,16627,attribute_word,"Definitions:
- fanlouspai: something that is bold and complex
- steilpoflit is the opposite of fanlouspai

Q: Is steilpoflit bold or cautious? (Answer EXACTLY ONE WORD)
A:"
SAME_Q_pair73,SAME,Q,pair73,fanlouspai,steilpoflit,complex,simple,3996,3606,attribute_word,"Definitions:
- fanlouspai: something that is bold and complex
- steilpoflit is the same as fanlouspai

Q: Is steilpoflit complex or simple? (Answer EXACTLY ONE WORD)
A:"
OPP_Q_pair73,OPP,Q,pair73,fanlouspai,steilpoflit,simple,complex,3606,3996,attribute_word,"Definitions:
- fanlouspai: something that is bold and complex
- steilpoflit is the opposite of fanlouspai

Q: Is steilpoflit complex or simple? (Answer EXACTLY ONE WORD)
A:"
MORE_P_pair73,MORE,P,pair73,fanlouspai,steilpoflit,steilpoflit,fanlouspai,2837,8340,novel_word,"Definitions:
- fanlouspai: something that is bold and complex
- steilpoflit is more/greater than fanlouspai in all respects

Q: Which is more bold, fanlouspai or steilpoflit? (Answer EXACTLY ONE WORD)
A:"
LESS_P_pair73,LESS,P,pair73,fanlouspai,steilpoflit,fanlouspai,steilpoflit,8340,2837,novel_word,"Definitions:
- fanlouspai: something that is bold and complex
- steilpoflit is less/smaller than fanlouspai in all respects

Q: Which is more bold, fanlouspai or steilpoflit? (Answer EXACTLY ONE WORD)
A:"
MORE_Q_pair73,MORE,Q,pair73,fanlouspai,steilpoflit,steilpoflit,fanlouspai,2837,8340,novel_word,"Definitions:
- fanlouspai: something that is bold and complex
- steilpoflit is more/greater than fanlouspai in all respects

Q: Which is more complex, fanlouspai or steilpoflit? (Answer EXACTLY ONE WORD)
A:"
LESS_Q_pair73,LESS,Q,pair73,fanlouspai,steilpoflit,fanlouspai,steilpoflit,8340,2837,novel_word,"Definitions:
- fanlouspai: something that is bold and complex
- steilpoflit is less/smaller than fanlouspai in all respects

Q: Which is more complex, fanlouspai or steilpoflit? (Answer EXACTLY ONE WORD)
A:"
SAME_P_pair74,SAME,P,pair74,troskispou,spokroustik,bold,cautious,16627,50799,attribute_word,"Definitions:
- troskispou: something that is bold and complex
- spokroustik is the same as troskispou

Q: Is spokroustik bold or cautious? (Answer EXACTLY ONE WORD)
A:"
OPP_P_pair74,OPP,P,pair74,troskispou,spokroustik,cautious,bold,50799,16627,attribute_word,"Definitions:
- troskispou: something that is bold and complex
- spokroustik is the opposite of troskispou

Q: Is spokroustik bold or cautious? (Answer EXACTLY ONE WORD)
A:"
SAME_Q_pair74,SAME,Q,pair74,troskispou,spokroustik,complex,simple,3996,3606,attribute_word,"Definitions:
- troskispou: something that is bold and complex
- spokroustik is the same as troskispou

Q: Is spokroustik complex or simple? (Answer EXACTLY ONE WORD)
A:"
OPP_Q_pair74,OPP,Q,pair74,troskispou,spokroustik,simple,complex,3606,3996,attribute_word,"Definitions:
- troskispou: something that is bold and complex
- spokroustik is the opposite of troskispou

Q: Is spokroustik complex or simple? (Answer EXACTLY ONE WORD)
A:"
MORE_P_pair74,MORE,P,pair74,troskispou,spokroustik,spokroustik,troskispou,138058,219177,novel_word,"Definitions:
- troskispou: something that is bold and complex
- spokroustik is more/greater than troskispou in all respects

Q: Which is more bold, troskispou or spokroustik? (Answer EXACTLY ONE WORD)
A:"
LESS_P_pair74,LESS,P,pair74,troskispou,spokroustik,troskispou,spokroustik,219177,138058,novel_word,"Definitions:
- troskispou: something that is bold and complex
- spokroustik is less/smaller than troskispou in all respects

Q: Which is more bold, troskispou or spokroustik? (Answer EXACTLY ONE WORD)
A:"
MORE_Q_pair74,MORE,Q,pair74,troskispou,spokroustik,spokroustik,troskispou,138058,219177,novel_word,"Definitions:
- troskispou: something that is bold and complex
- spokroustik is more/greater than troskispou in all respects

Q: Which is more complex, troskispou or spokroustik? (Answer EXACTLY ONE WORD)
A:"
LESS_Q_pair74,LESS,Q,pair74,troskispou,spokroustik,troskispou,spokroustik,219177,138058,novel_word,"Definitions:
- troskispou: something that is bold and complex
- spokroustik is less/smaller than troskispou in all respects

Q: Which is more complex, troskispou or spokroustik? (Answer EXACTLY ONE WORD)
A:"
SAME_P_pair75,SAME,P,pair75,dollousnoul,pulprurdoum,bold,cautious,16627,50799,attribute_word,"Definitions:
- dollousnoul: something that is bold and complex
- pulprurdoum is the same as dollousnoul

Q: Is pulprurdoum bold or cautious? (Answer EXACTLY ONE WORD)
A:"
OPP_P_pair75,OPP,P,pair75,dollousnoul,pulprurdoum,cautious,bold,50799,16627,attribute_word,"Definitions:
- dollousnoul: something that is bold and complex
- pulprurdoum is the opposite of dollousnoul

Q: Is pulprurdoum bold or cautious? (Answer EXACTLY ONE WORD)
A:"
SAME_Q_pair75,SAME,Q,pair75,dollousnoul,pulprurdoum,complex,simple,3996,3606,attribute_word,"Definitions:
- dollousnoul: something that is bold and complex
- pulprurdoum is the same as dollousnoul

Q: Is pulprurdoum complex or simple? (Answer EXACTLY ONE WORD)
A:"
OPP_Q_pair75,OPP,Q,pair75,dollousnoul,pulprurdoum,simple,complex,3606,3996,attribute_word,"Definitions:
- dollousnoul: something that is bold and complex
- pulprurdoum is the opposite of dollousnoul

Q: Is pulprurdoum complex or simple? (Answer EXACTLY ONE WORD)
A:"
MORE_P_pair75,MORE,P,pair75,dollousnoul,pulprurdoum,pulprurdoum,dollousnoul,5372,6600,novel_word,"Definitions:
- dollousnoul: something that is bold and complex
- pulprurdoum is more/greater than dollousnoul in all respects

Q: Which is more bold, dollousnoul or pulprurdoum? (Answer EXACTLY ONE WORD)
A:"
LESS_P_pair75,LESS,P,pair75,dollousnoul,pulprurdoum,dollousnoul,pulprurdoum,6600,5372,novel_word,"Definitions:
- dollousnoul: something that is bold and complex
- pulprurdoum is less/smaller than dollousnoul in all respects

Q: Which is more bold, dollousnoul or pulprurdoum? (Answer EXACTLY ONE WORD)
A:"
MORE_Q_pair75,MORE,Q,pair75,dollousnoul,pulprurdoum,pulprurdoum,dollousnoul,5372,6600,novel_word,"Definitions:
- dollousnoul: something that is bold and complex
- pulprurdoum is more/greater than dollousnoul in all respects

Q: Which is more complex, dollousnoul or pulprurdoum? (Answer EXACTLY ONE WORD)
A:"
LESS_Q_pair75,LESS,Q,pair75,dollousnoul,pulprurdoum,dollousnoul,pulprurdoum,6600,5372,novel_word,"Definitions:
- dollousnoul: something that is bold and complex
- pulprurdoum is less/smaller than dollousnoul in all respects

Q: Which is more complex, dollousnoul or pulprurdoum? (Answer EXACTLY ONE WORD)
A:"
SAME_P_pair76,SAME,P,pair76,bistrourgu,dailgredan,bold,cautious,16627,50799,attribute_word,"Definitions:
- bistrourgu: something that is bold and complex
- dailgredan is the same as bistrourgu

Q: Is dailgredan bold or cautious? (Answer EXACTLY ONE WORD)
A:"
OPP_P_pair76,OPP,P,pair76,bistrourgu,dailgredan,cautious,bold,50799,16627,attribute_word,"Definitions:
- bistrourgu: something that is bold and complex
- dailgredan is the opposite of bistrourgu

Q: Is dailgredan bold or cautious? (Answer EXACTLY ONE WORD)
A:"
SAME_Q_pair76,SAME,Q,pair76,bistrourgu,dailgredan,complex,simple,3996,3606,attribute_word,"Definitions:
- bistrourgu: something that is bold and complex
- dailgredan is the same as bistrourgu

Q: Is dailgredan complex or simple? (Answer EXACTLY ONE WORD)
A:"
OPP_Q_pair76,OPP,Q,pair76,bistrourgu,dailgredan,simple,complex,3606,3996,attribute_word,"Definitions:
- bistrourgu: something that is bold and complex
- dailgredan is the opposite of bistrourgu

Q: Is dailgredan complex or simple? (Answer EXACTLY ONE WORD)
A:"
MORE_P_pair76,MORE,P,pair76,bistrourgu,dailgredan,dailgredan,bistrourgu,172839,50560,novel_word,"Definitions:
- bistrourgu: something that is bold and complex
- dailgredan is more/greater than bistrourgu in all respects

Q: Which is more bold, bistrourgu or dailgredan? (Answer EXACTLY ONE WORD)
A:"
LESS_P_pair76,LESS,P,pair76,bistrourgu,dailgredan,bistrourgu,dailgredan,50560,172839,novel_word,"Definitions:
- bistrourgu: something that is bold and complex
- dailgredan is less/smaller than bistrourgu in all respects

Q: Which is more bold, bistrourgu or dailgredan? (Answer EXACTLY ONE WORD)
A:"
MORE_Q_pair76,MORE,Q,pair76,bistrourgu,dailgredan,dailgredan,bistrourgu,172839,50560,novel_word,"Definitions:
- bistrourgu: something that is bold and complex
- dailgredan is more/greater than bistrourgu in all respects

Q: Which is more complex, bistrourgu or dailgredan? (Answer EXACTLY ONE WORD)
A:"
LESS_Q_pair76,LESS,Q,pair76,bistrourgu,dailgredan,bistrourgu,dailgredan,50560,172839,novel_word,"Definitions:
- bistrourgu: something that is bold and complex
- dailgredan is less/smaller than bistrourgu in all respects

Q: Which is more complex, bistrourgu or dailgredan? (Answer EXACTLY ONE WORD)
A:"
SAME_P_pair77,SAME,P,pair77,duskrouswil,wurstalfaik,bold,cautious,16627,50799,attribute_word,"Definitions:
- duskrouswil: something that is bold and complex
- wurstalfaik is the same as duskrouswil

Q: Is wurstalfaik bold or cautious? (Answer EXACTLY ONE WORD)
A:"
OPP_P_pair77,OPP,P,pair77,duskrouswil,wurstalfaik,cautious,bold,50799,16627,attribute_word,"Definitions:
- duskrouswil: something that is bold and complex
- wurstalfaik is the opposite of duskrouswil

Q: Is wurstalfaik bold or cautious? (Answer EXACTLY ONE WORD)
A:"
SAME_Q_pair77,SAME,Q,pair77,duskrouswil,wurstalfaik,complex,simple,3996,3606,attribute_word,"Definitions:
- duskrouswil: something that is bold and complex
- wurstalfaik is the same as duskrouswil

Q: Is wurstalfaik complex or simple? (Answer EXACTLY ONE WORD)
A:"
OPP_Q_pair77,OPP,Q,pair77,duskrouswil,wurstalfaik,simple,complex,3606,3996,attribute_word,"Definitions:
- duskrouswil: something that is bold and complex
- wurstalfaik is the opposite of duskrouswil

Q: Is wurstalfaik complex or simple? (Answer EXACTLY ONE WORD)
A:"
MORE_P_pair77,MORE,P,pair77,duskrouswil,wurstalfaik,wurstalfaik,duskrouswil,9540,85083,novel_word,"Definitions:
- duskrouswil: something that is bold and complex
- wurstalfaik is more/greater than duskrouswil in all respects

Q: Which is more bold, duskrouswil or wurstalfaik? (Answer EXACTLY ONE WORD)
A:"
LESS_P_pair77,LESS,P,pair77,duskrouswil,wurstalfaik,duskrouswil,wurstalfaik,85083,9540,novel_word,"Definitions:
- duskrouswil: something that is bold and complex
- wurstalfaik is less/smaller than duskrouswil in all respects

Q: Which is more bold, duskrouswil or wurstalfaik? (Answer EXACTLY ONE WORD)
A:"
MORE_Q_pair77,MORE,Q,pair77,duskrouswil,wurstalfaik,wurstalfaik,duskrouswil,9540,85083,novel_word,"Definitions:
- duskrouswil: something that is bold and complex
- wurstalfaik is more/greater than duskrouswil in all respects

Q: Which is more complex, duskrouswil or wurstalfaik? (Answer EXACTLY ONE WORD)
A:"
LESS_Q_pair77,LESS,Q,pair77,duskrouswil,wurstalfaik,duskrouswil,wurstalfaik,85083,9540,novel_word,"Definitions:
- duskrouswil: something that is bold and complex
- wurstalfaik is less/smaller than duskrouswil in all respects

Q: Which is more complex, duskrouswil or wurstalfaik? (Answer EXACTLY ONE WORD)
A:"
SAME_P_pair78,SAME,P,pair78,kaiplaistum,pruvolzoun,bold,cautious,16627,50799,attribute_word,"Definitions:
- kaiplaistum: something that is bold and complex
- pruvolzoun is the same as kaiplaistum

Q: Is pruvolzoun bold or cautious? (Answer EXACTLY ONE WORD)
A:"
OPP_P_pair78,OPP,P,pair78,kaiplaistum,pruvolzoun,cautious,bold,50799,16627,attribute_word,"Definitions:
- kaiplaistum: something that is bold and complex
- pruvolzoun is the opposite of kaiplaistum

Q: Is pruvolzoun bold or cautious? (Answer EXACTLY ONE WORD)
A:"
SAME_Q_pair78,SAME,Q,pair78,kaiplaistum,pruvolzoun,complex,simple,3996,3606,attribute_word,"Definitions:
- kaiplaistum: something that is bold and complex
- pruvolzoun is the same as kaiplaistum

Q: Is pruvolzoun complex or simple? (Answer EXACTLY ONE WORD)
A:"
OPP_Q_pair78,OPP,Q,pair78,kaiplaistum,pruvolzoun,simple,complex,3606,3996,attribute_word,"Definitions:
- kaiplaistum: something that is bold and complex
- pruvolzoun is the opposite of kaiplaistum

Q: Is pruvolzoun complex or simple? (Answer EXACTLY ONE WORD)
A:"
MORE_P_pair78,MORE,P,pair78,kaiplaistum,pruvolzoun,pruvolzoun,kaiplaistum,83085,62757,novel_word,"Definitions:
- kaiplaistum: something that is bold and complex
- pruvolzoun is more/greater than kaiplaistum in all respects

Q: Which is more bold, kaiplaistum or pruvolzoun? (Answer EXACTLY ONE WORD)
A:"
LESS_P_pair78,LESS,P,pair78,kaiplaistum,pruvolzoun,kaiplaistum,pruvolzoun,62757,83085,novel_word,"Definitions:
- kaiplaistum: something that is bold and complex
- pruvolzoun is less/smaller than kaiplaistum in all respects

Q: Which is more bold, kaiplaistum or pruvolzoun? (Answer EXACTLY ONE WORD)
A:"
MORE_Q_pair78,MORE,Q,pair78,kaiplaistum,pruvolzoun,pruvolzoun,kaiplaistum,83085,62757,novel_word,"Definitions:
- kaiplaistum: something that is bold and complex
- pruvolzoun is more/greater than kaiplaistum in all respects

Q: Which is more complex, kaiplaistum or pruvolzoun? (Answer EXACTLY ONE WORD)
A:"
LESS_Q_pair78,LESS,Q,pair78,kaiplaistum,pruvolzoun,kaiplaistum,pruvolzoun,62757,83085,novel_word,"Definitions:
- kaiplaistum: something that is bold and complex
- pruvolzoun is less/smaller than kaiplaistum in all respects

Q: Which is more complex, kaiplaistum or pruvolzoun? (Answer EXACTLY ONE WORD)
A:"
SAME_P_pair79,SAME,P,pair79,wisbander,milvensoul,bold,cautious,16627,50799,attribute_word,"Definitions:
- wisbander: something that is bold and complex
- milvensoul is the same as wisbander

Q: Is milvensoul bold or cautious? (Answer EXACTLY ONE WORD)
A:"
OPP_P_pair79,OPP,P,pair79,wisbander,milvensoul,cautious,bold,50799,16627,attribute_word,"Definitions:
- wisbander: something that is bold and complex
- milvensoul is the opposite of wisbander

Q: Is milvensoul bold or cautious? (Answer EXACTLY ONE WORD)
A:"
SAME_Q_pair79,SAME,Q,pair79,wisbander,milvensoul,complex,simple,3996,3606,attribute_word,"Definitions:
- wisbander: something that is bold and complex
- milvensoul is the same as wisbander

Q: Is milvensoul complex or simple? (Answer EXACTLY ONE WORD)
A:"
OPP_Q_pair79,OPP,Q,pair79,wisbander,milvensoul,simple,complex,3606,3996,attribute_word,"Definitions:
- wisbander: something that is bold and complex
- milvensoul is the opposite of wisbander

Q: Is milvensoul complex or simple? (Answer EXACTLY ONE WORD)
A:"
MORE_P_pair79,MORE,P,pair79,wisbander,milvensoul,milvensoul,wisbander,4743,16765,novel_word,"Definitions:
- wisbander: something that is bold and complex
- milvensoul is more/greater than wisbander in all respects

Q: Which is more bold, wisbander or milvensoul? (Answer EXACTLY ONE WORD)
A:"
LESS_P_pair79,LESS,P,pair79,wisbander,milvensoul,wisbander,milvensoul,16765,4743,novel_word,"Definitions:
- wisbander: something that is bold and complex
- milvensoul is less/smaller than wisbander in all respects

Q: Which is more bold, wisbander or milvensoul? (Answer EXACTLY ONE WORD)
A:"
MORE_Q_pair79,MORE,Q,pair79,wisbander,milvensoul,milvensoul,wisbander,4743,16765,novel_word,"Definitions:
- wisbander: something that is bold and complex
- milvensoul is more/greater than wisbander in all respects

Q: Which is more complex, wisbander or milvensoul? (Answer EXACTLY ONE WORD)
A:"
LESS_Q_pair79,LESS,Q,pair79,wisbander,milvensoul,wisbander,milvensoul,16765,4743,novel_word,"Definitions:
- wisbander: something that is bold and complex
- milvensoul is less/smaller than wisbander in all respects

Q: Which is more complex, wisbander or milvensoul? (Answer EXACTLY ONE WORD)
A:"
SAME_P_pair80,SAME,P,pair80,foulkrarmok,prolvunras,bold,cautious,16627,50799,attribute_word,"Definitions:
- foulkrarmok: something that is bold and complex
- prolvunras is the same as foulkrarmok

Q: Is prolvunras bold or cautious? (Answer EXACTLY ONE WORD)
A:"
OPP_P_pair80,OPP,P,pair80,foulkrarmok,prolvunras,cautious,bold,50799,16627,attribute_word,"Definitions:
- foulkrarmok: something that is bold and complex
- prolvunras is the opposite of foulkrarmok

Q: Is prolvunras bold or cautious? (Answer EXACTLY ONE WORD)
A:"
SAME_Q_pair80,SAME,Q,pair80,foulkrarmok,prolvunras,complex,simple,3996,3606,attribute_word,"Definitions:
- foulkrarmok: something that is bold and complex
- prolvunras is the same as foulkrarmok

Q: Is prolvunras complex or simple? (Answer EXACTLY ONE WORD)
A:"
OPP_Q_pair80,OPP,Q,pair80,foulkrarmok,prolvunras,simple,complex,3606,3996,attribute_word,"Definitions:
- foulkrarmok: something that is bold and complex
- prolvunras is the opposite of foulkrarmok

Q: Is prolvunras complex or simple? (Answer EXACTLY ONE WORD)
A:"
MORE_P_pair80,MORE,P,pair80,foulkrarmok,prolvunras,prolvunras,foulkrarmok,18610,48690,novel_word,"Definitions:
- foulkrarmok: something that is bold and complex
- prolvunras is more/greater than foulkrarmok in all respects

Q: Which is more bold, foulkrarmok or prolvunras? (Answer EXACTLY ONE WORD)
A:"
LESS_P_pair80,LESS,P,pair80,foulkrarmok,prolvunras,foulkrarmok,prolvunras,48690,18610,novel_word,"Definitions:
- foulkrarmok: something that is bold and complex
- prolvunras is less/smaller than foulkrarmok in all respects

Q: Which is more bold, foulkrarmok or prolvunras? (Answer EXACTLY ONE WORD)
A:"
MORE_Q_pair80,MORE,Q,pair80,foulkrarmok,prolvunras,prolvunras,foulkrarmok,18610,48690,novel_word,"Definitions:
- foulkrarmok: something that is bold and complex
- prolvunras is more/greater than foulkrarmok in all respects

Q: Which is more complex, foulkrarmok or prolvunras? (Answer EXACTLY ONE WORD)
A:"
LESS_Q_pair80,LESS,Q,pair80,foulkrarmok,prolvunras,foulkrarmok,prolvunras,48690,18610,novel_word,"Definitions:
- foulkrarmok: something that is bold and complex
- prolvunras is less/smaller than foulkrarmok in all respects

Q: Which is more complex, foulkrarmok or prolvunras? (Answer EXACTLY ONE WORD)
A:"
SAME_P_pair81,SAME,P,pair81,lalzurkrei,belzeilsoum,bold,cautious,16627,50799,attribute_word,"Definitions:
- lalzurkrei: something that is bold and complex
- belzeilsoum is the same as lalzurkrei

Q: Is belzeilsoum bold or cautious? (Answer EXACTLY ONE WORD)
A:"
OPP_P_pair81,OPP,P,pair81,lalzurkrei,belzeilsoum,cautious,bold,50799,16627,attribute_word,"Definitions:
- lalzurkrei: something that is bold and complex
- belzeilsoum is the opposite of lalzurkrei

Q: Is belzeilsoum bold or cautious? (Answer EXACTLY ONE WORD)
A:"
SAME_Q_pair81,SAME,Q,pair81,lalzurkrei,belzeilsoum,complex,simple,3996,3606,attribute_word,"Definitions:
- lalzurkrei: something that is bold and complex
- belzeilsoum is the same as lalzurkrei

Q: Is belzeilsoum complex or simple? (Answer EXACTLY ONE WORD)
A:"
OPP_Q_pair81,OPP,Q,pair81,lalzurkrei,belzeilsoum,simple,complex,3606,3996,attribute_word,"Definitions:
- lalzurkrei: something that is bold and complex
- belzeilsoum is the opposite of lalzurkrei

Q: Is belzeilsoum complex or simple? (Answer EXACTLY ONE WORD)
A:"
MORE_P_pair81,MORE,P,pair81,lalzurkrei,belzeilsoum,belzeilsoum,lalzurkrei,1578,97703,novel_word,"Definitions:
- lalzurkrei: something that is bold and complex
- belzeilsoum is more/greater than lalzurkrei in all respects

Q: Which is more bold, lalzurkrei or belzeilsoum? (Answer EXACTLY ONE WORD)
A:"
LESS_P_pair81,LESS,P,pair81,lalzurkrei,belzeilsoum,lalzurkrei,belzeilsoum,97703,1578,novel_word,"Definitions:
- lalzurkrei: something that is bold and complex
- belzeilsoum is less/smaller than lalzurkrei in all respects

Q: Which is more bold, lalzurkrei or belzeilsoum? (Answer EXACTLY ONE WORD)
A:"
MORE_Q_pair81,MORE,Q,pair81,lalzurkrei,belzeilsoum,belzeilsoum,lalzurkrei,1578,97703,novel_word,"Definitions:
- lalzurkrei: something that is bold and complex
- belzeilsoum is more/greater than lalzurkrei in all respects

Q: Which is more complex, lalzurkrei or belzeilsoum? (Answer EXACTLY ONE WORD)
A:"
LESS_Q_pair81,LESS,Q,pair81,lalzurkrei,belzeilsoum,lalzurkrei,belzeilsoum,97703,1578,novel_word,"Definitions:
- lalzurkrei: something that is bold and complex
- belzeilsoum is less/smaller than lalzurkrei in all respects

Q: Which is more complex, lalzurkrei or belzeilsoum? (Answer EXACTLY ONE WORD)
A:"
SAME_P_pair82,SAME,P,pair82,palmisvur,romilvir,bold,cautious,16627,50799,attribute_word,"Definitions:
- palmisvur: something that is bold and complex
- romilvir is the same as palmisvur

Q: Is romilvir bold or cautious? (Answer EXACTLY ONE WORD)
A:"
OPP_P_pair82,OPP,P,pair82,palmisvur,romilvir,cautious,bold,50799,16627,attribute_word,"Definitions:
- palmisvur: something that is bold and complex
- romilvir is the opposite of palmisvur

Q: Is romilvir bold or cautious? (Answer EXACTLY ONE WORD)
A:"
SAME_Q_pair82,SAME,Q,pair82,palmisvur,romilvir,complex,simple,3996,3606,attribute_word,"Definitions:
- palmisvur: something that is bold and complex
- romilvir is the same as palmisvur

Q: Is romilvir complex or simple? (Answer EXACTLY ONE WORD)
A:"
OPP_Q_pair82,OPP,Q,pair82,palmisvur,romilvir,simple,complex,3606,3996,attribute_word,"Definitions:
- palmisvur: something that is bold and complex
- romilvir is the opposite of palmisvur

Q: Is romilvir complex or simple? (Answer EXACTLY ONE WORD)
A:"
MORE_P_pair82,MORE,P,pair82,palmisvur,romilvir,romilvir,palmisvur,8067,21573,novel_word,"Definitions:
- palmisvur: something that is bold and complex
- romilvir is more/greater than palmisvur in all respects

Q: Which is more bold, palmisvur or romilvir? (Answer EXACTLY ONE WORD)
A:"
LESS_P_pair82,LESS,P,pair82,palmisvur,romilvir,palmisvur,romilvir,21573,8067,novel_word,"Definitions:
- palmisvur: something that is bold and complex
- romilvir is less/smaller than palmisvur in all respects

Q: Which is more bold, palmisvur or romilvir? (Answer EXACTLY ONE WORD)
A:"
MORE_Q_pair82,MORE,Q,pair82,palmisvur,romilvir,romilvir,palmisvur,8067,21573,novel_word,"Definitions:
- palmisvur: something that is bold and complex
- romilvir is more/greater than palmisvur in all respects

Q: Which is more complex, palmisvur or romilvir? (Answer EXACTLY ONE WORD)
A:"
LESS_Q_pair82,LESS,Q,pair82,palmisvur,romilvir,palmisvur,romilvir,21573,8067,novel_word,"Definitions:
- palmisvur: something that is bold and complex
- romilvir is less/smaller than palmisvur in all respects

Q: Which is more complex, palmisvur or romilvir? (Answer EXACTLY ONE WORD)
A:"
SAME_P_pair83,SAME,P,pair83,sleirfussak,prilkreizor,bold,cautious,16627,50799,attribute_word,"Definitions:
- sleirfussak: something that is bold and complex
- prilkreizor is the same as sleirfussak

Q: Is prilkreizor bold or cautious? (Answer EXACTLY ONE WORD)
A:"
OPP_P_pair83,OPP,P,pair83,sleirfussak,prilkreizor,cautious,bold,50799,16627,attribute_word,"Definitions:
- sleirfussak: something that is bold and complex
- prilkreizor is the opposite of sleirfussak

Q: Is prilkreizor bold or cautious? (Answer EXACTLY ONE WORD)
A:"
SAME_Q_pair83,SAME,Q,pair83,sleirfussak,prilkreizor,complex,simple,3996,3606,attribute_word,"Definitions:
- sleirfussak: something that is bold and complex
- prilkreizor is the same as sleirfussak

Q: Is prilkreizor complex or simple? (Answer EXACTLY ONE WORD)
A:"
OPP_Q_pair83,OPP,Q,pair83,sleirfussak,prilkreizor,simple,complex,3606,3996,attribute_word,"Definitions:
- sleirfussak: something that is bold and complex
- prilkreizor is the opposite of sleirfussak

Q: Is prilkreizor complex or simple? (Answer EXACTLY ONE WORD)
A:"
MORE_P_pair83,MORE,P,pair83,sleirfussak,prilkreizor,prilkreizor,sleirfussak,103500,20136,novel_word,"Definitions:
- sleirfussak: something that is bold and complex
- prilkreizor is more/greater than sleirfussak in all respects

Q: Which is more bold, sleirfussak or prilkreizor? (Answer EXACTLY ONE WORD)
A:"
LESS_P_pair83,LESS,P,pair83,sleirfussak,prilkreizor,sleirfussak,prilkreizor,20136,103500,novel_word,"Definitions:
- sleirfussak: something that is bold and complex
- prilkreizor is less/smaller than sleirfussak in all respects

Q: Which is more bold, sleirfussak or prilkreizor? (Answer EXACTLY ONE WORD)
A:"
MORE_Q_pair83,MORE,Q,pair83,sleirfussak,prilkreizor,prilkreizor,sleirfussak,103500,20136,novel_word,"Definitions:
- sleirfussak: something that is bold and complex
- prilkreizor is more/greater than sleirfussak in all respects

Q: Which is more complex, sleirfussak or prilkreizor? (Answer EXACTLY ONE WORD)
A:"
LESS_Q_pair83,LESS,Q,pair83,sleirfussak,prilkreizor,sleirfussak,prilkreizor,20136,103500,novel_word,"Definitions:
- sleirfussak: something that is bold and complex
- prilkreizor is less/smaller than sleirfussak in all respects

Q: Which is more complex, sleirfussak or prilkreizor? (Answer EXACTLY ONE WORD)
A:"
SAME_P_pair84,SAME,P,pair84,runbouprei,nounzibrous,bold,cautious,16627,50799,attribute_word,"Definitions:
- runbouprei: something that is bold and complex
- nounzibrous is the same as runbouprei

Q: Is nounzibrous bold or cautious? (Answer EXACTLY ONE WORD)
A:"
OPP_P_pair84,OPP,P,pair84,runbouprei,nounzibrous,cautious,bold,50799,16627,attribute_word,"Definitions:
- runbouprei: something that is bold and complex
- nounzibrous is the opposite of runbouprei

Q: Is nounzibrous bold or cautious? (Answer EXACTLY ONE WORD)
A:"
SAME_Q_pair84,SAME,Q,pair84,runbouprei,nounzibrous,complex,simple,3996,3606,attribute_word,"Definitions:
- runbouprei: something that is bold and complex
- nounzibrous is the same as runbouprei

Q: Is nounzibrous complex or simple? (Answer EXACTLY ONE WORD)
A:"
OPP_Q_pair84,OPP,Q,pair84,runbouprei,nounzibrous,simple,complex,3606,3996,attribute_word,"Definitions:
- runbouprei: something that is bold and complex
- nounzibrous is the opposite of runbouprei

Q: Is nounzibrous complex or simple? (Answer EXACTLY ONE WORD)
A:"
MORE_P_pair84,MORE,P,pair84,runbouprei,nounzibrous,nounzibrous,runbouprei,34410,1845,novel_word,"Definitions:
- runbouprei: something that is bold and complex
- nounzibrous is more/greater than runbouprei in all respects

Q: Which is more bold, runbouprei or nounzibrous? (Answer EXACTLY ONE WORD)
A:"
LESS_P_pair84,LESS,P,pair84,runbouprei,nounzibrous,runbouprei,nounzibrous,1845,34410,novel_word,"Definitions:
- runbouprei: something that is bold and complex
- nounzibrous is less/smaller than runbouprei in all respects

Q: Which is more bold, runbouprei or nounzibrous? (Answer EXACTLY ONE WORD)
A:"
MORE_Q_pair84,MORE,Q,pair84,runbouprei,nounzibrous,nounzibrous,runbouprei,34410,1845,novel_word,"Definitions:
- runbouprei: something that is bold and complex
- nounzibrous is more/greater than runbouprei in all respects

Q: Which is more complex, runbouprei or nounzibrous? (Answer EXACTLY ONE WORD)
A:"
LESS_Q_pair84,LESS,Q,pair84,runbouprei,nounzibrous,runbouprei,nounzibrous,1845,34410,novel_word,"Definitions:
- runbouprei: something that is bold and complex
- nounzibrous is less/smaller than runbouprei in all respects

Q: Which is more complex, runbouprei or nounzibrous? (Answer EXACTLY ONE WORD)
A:"
SAME_P_pair85,SAME,P,pair85,pralbruszok,slurplurpre,bold,cautious,16627,50799,attribute_word,"Definitions:
- pralbruszok: something that is bold and complex
- slurplurpre is the same as pralbruszok

Q: Is slurplurpre bold or cautious? (Answer EXACTLY ONE WORD)
A:"
OPP_P_pair85,OPP,P,pair85,pralbruszok,slurplurpre,cautious,bold,50799,16627,attribute_word,"Definitions:
- pralbruszok: something that is bold and complex
- slurplurpre is the opposite of pralbruszok

Q: Is slurplurpre bold or cautious? (Answer EXACTLY ONE WORD)
A:"
SAME_Q_pair85,SAME,Q,pair85,pralbruszok,slurplurpre,complex,simple,3996,3606,attribute_word,"Definitions:
- pralbruszok: something that is bold and complex
- slurplurpre is the same as pralbruszok

Q: Is slurplurpre complex or simple? (Answer EXACTLY ONE WORD)
A:"
OPP_Q_pair85,OPP,Q,pair85,pralbruszok,slurplurpre,simple,complex,3606,3996,attribute_word,"Definitions:
- pralbruszok: something that is bold and complex
- slurplurpre is the opposite of pralbruszok

Q: Is slurplurpre complex or simple? (Answer EXACTLY ONE WORD)
A:"
MORE_P_pair85,MORE,P,pair85,pralbruszok,slurplurpre,slurplurpre,pralbruszok,185148,214549,novel_word,"Definitions:
- pralbruszok: something that is bold and complex
- slurplurpre is more/greater than pralbruszok in all respects

Q: Which is more bold, pralbruszok or slurplurpre? (Answer EXACTLY ONE WORD)
A:"
LESS_P_pair85,LESS,P,pair85,pralbruszok,slurplurpre,pralbruszok,slurplurpre,214549,185148,novel_word,"Definitions:
- pralbruszok: something that is bold and complex
- slurplurpre is less/smaller than pralbruszok in all respects

Q: Which is more bold, pralbruszok or slurplurpre? (Answer EXACTLY ONE WORD)
A:"
MORE_Q_pair85,MORE,Q,pair85,pralbruszok,slurplurpre,slurplurpre,pralbruszok,185148,214549,novel_word,"Definitions:
- pralbruszok: something that is bold and complex
- slurplurpre is more/greater than pralbruszok in all respects

Q: Which is more complex, pralbruszok or slurplurpre? (Answer EXACTLY ONE WORD)
A:"
LESS_Q_pair85,LESS,Q,pair85,pralbruszok,slurplurpre,pralbruszok,slurplurpre,214549,185148,novel_word,"Definitions:
- pralbruszok: something that is bold and complex
- slurplurpre is less/smaller than pralbruszok in all respects

Q: Which is more complex, pralbruszok or slurplurpre? (Answer EXACTLY ONE WORD)
A:"
SAME_P_pair86,SAME,P,pair86,sapolpouk,ninspirgein,bold,cautious,16627,50799,attribute_word,"Definitions:
- sapolpouk: something that is bold and complex
- ninspirgein is the same as sapolpouk

Q: Is ninspirgein bold or cautious? (Answer EXACTLY ONE WORD)
A:"
OPP_P_pair86,OPP,P,pair86,sapolpouk,ninspirgein,cautious,bold,50799,16627,attribute_word,"Definitions:
- sapolpouk: something that is bold and complex
- ninspirgein is the opposite of sapolpouk

Q: Is ninspirgein bold or cautious? (Answer EXACTLY ONE WORD)
A:"
SAME_Q_pair86,SAME,Q,pair86,sapolpouk,ninspirgein,complex,simple,3996,3606,attribute_word,"Definitions:
- sapolpouk: something that is bold and complex
- ninspirgein is the same as sapolpouk

Q: Is ninspirgein complex or simple? (Answer EXACTLY ONE WORD)
A:"
OPP_Q_pair86,OPP,Q,pair86,sapolpouk,ninspirgein,simple,complex,3606,3996,attribute_word,"Definitions:
- sapolpouk: something that is bold and complex
- ninspirgein is the opposite of sapolpouk

Q: Is ninspirgein complex or simple? (Answer EXACTLY ONE WORD)
A:"
MORE_P_pair86,MORE,P,pair86,sapolpouk,ninspirgein,ninspirgein,sapolpouk,17314,23588,novel_word,"Definitions:
- sapolpouk: something that is bold and complex
- ninspirgein is more/greater than sapolpouk in all respects

Q: Which is more bold, sapolpouk or ninspirgein? (Answer EXACTLY ONE WORD)
A:"
LESS_P_pair86,LESS,P,pair86,sapolpouk,ninspirgein,sapolpouk,ninspirgein,23588,17314,novel_word,"Definitions:
- sapolpouk: something that is bold and complex
- ninspirgein is less/smaller than sapolpouk in all respects

Q: Which is more bold, sapolpouk or ninspirgein? (Answer EXACTLY ONE WORD)
A:"
MORE_Q_pair86,MORE,Q,pair86,sapolpouk,ninspirgein,ninspirgein,sapolpouk,17314,23588,novel_word,"Definitions:
- sapolpouk: something that is bold and complex
- ninspirgein is more/greater than sapolpouk in all respects

Q: Which is more complex, sapolpouk or ninspirgein? (Answer EXACTLY ONE WORD)
A:"
LESS_Q_pair86,LESS,Q,pair86,sapolpouk,ninspirgein,sapolpouk,ninspirgein,23588,17314,novel_word,"Definitions:
- sapolpouk: something that is bold and complex
- ninspirgein is less/smaller than sapolpouk in all respects

Q: Which is more complex, sapolpouk or ninspirgein? (Answer EXACTLY ONE WORD)
A:"
SAME_P_pair87,SAME,P,pair87,lerpreiprik,fisturfeis,bold,cautious,16627,50799,attribute_word,"Definitions:
- lerpreiprik: something that is bold and complex
- fisturfeis is the same as lerpreiprik

Q: Is fisturfeis bold or cautious? (Answer EXACTLY ONE WORD)
A:"
OPP_P_pair87,OPP,P,pair87,lerpreiprik,fisturfeis,cautious,bold,50799,16627,attribute_word,"Definitions:
- lerpreiprik: something that is bold and complex
- fisturfeis is the opposite of lerpreiprik

Q: Is fisturfeis bold or cautious? (Answer EXACTLY ONE WORD)
A:"
SAME_Q_pair87,SAME,Q,pair87,lerpreiprik,fisturfeis,complex,simple,3996,3606,attribute_word,"Definitions:
- lerpreiprik: something that is bold and complex
- fisturfeis is the same as lerpreiprik

Q: Is fisturfeis complex or simple? (Answer EXACTLY ONE WORD)
A:"
OPP_Q_pair87,OPP,Q,pair87,lerpreiprik,fisturfeis,simple,complex,3606,3996,attribute_word,"Definitions:
- lerpreiprik: something that is bold and complex
- fisturfeis is the opposite of lerpreiprik

Q: Is fisturfeis complex or simple? (Answer EXACTLY ONE WORD)
A:"
MORE_P_pair87,MORE,P,pair87,lerpreiprik,fisturfeis,fisturfeis,lerpreiprik,44082,48216,novel_word,"Definitions:
- lerpreiprik: something that is bold and complex
- fisturfeis is more/greater than lerpreiprik in all respects

Q: Which is more bold, lerpreiprik or fisturfeis? (Answer EXACTLY ONE WORD)
A:"
LESS_P_pair87,LESS,P,pair87,lerpreiprik,fisturfeis,lerpreiprik,fisturfeis,48216,44082,novel_word,"Definitions:
- lerpreiprik: something that is bold and complex
- fisturfeis is less/smaller than lerpreiprik in all respects

Q: Which is more bold, lerpreiprik or fisturfeis? (Answer EXACTLY ONE WORD)
A:"
MORE_Q_pair87,MORE,Q,pair87,lerpreiprik,fisturfeis,fisturfeis,lerpreiprik,44082,48216,novel_word,"Definitions:
- lerpreiprik: something that is bold and complex
- fisturfeis is more/greater than lerpreiprik in all respects

Q: Which is more complex, lerpreiprik or fisturfeis? (Answer EXACTLY ONE WORD)
A:"
LESS_Q_pair87,LESS,Q,pair87,lerpreiprik,fisturfeis,lerpreiprik,fisturfeis,48216,44082,novel_word,"Definitions:
- lerpreiprik: something that is bold and complex
- fisturfeis is less/smaller than lerpreiprik in all respects

Q: Which is more complex, lerpreiprik or fisturfeis? (Answer EXACTLY ONE WORD)
A:"
SAME_P_pair88,SAME,P,pair88,destoulplo,plenproslo,bold,cautious,16627,50799,attribute_word,"Definitions:
- destoulplo: something that is bold and complex
- plenproslo is the same as destoulplo

Q: Is plenproslo bold or cautious? (Answer EXACTLY ONE WORD)
A:"
OPP_P_pair88,OPP,P,pair88,destoulplo,plenproslo,cautious,bold,50799,16627,attribute_word,"Definitions:
- destoulplo: something that is bold and complex
- plenproslo is the opposite of destoulplo

Q: Is plenproslo bold or cautious? (Answer EXACTLY ONE WORD)
A:"
SAME_Q_pair88,SAME,Q,pair88,destoulplo,plenproslo,complex,simple,3996,3606,attribute_word,"Definitions:
- destoulplo: something that is bold and complex
- plenproslo is the same as destoulplo

Q: Is plenproslo complex or simple? (Answer EXACTLY ONE WORD)
A:"
OPP_Q_pair88,OPP,Q,pair88,destoulplo,plenproslo,simple,complex,3606,3996,attribute_word,"Definitions:
- destoulplo: something that is bold and complex
- plenproslo is the opposite of destoulplo

Q: Is plenproslo complex or simple? (Answer EXACTLY ONE WORD)
A:"
MORE_P_pair88,MORE,P,pair88,destoulplo,plenproslo,plenproslo,destoulplo,100369,3427,novel_word,"Definitions:
- destoulplo: something that is bold and complex
- plenproslo is more/greater than destoulplo in all respects

Q: Which is more bold, destoulplo or plenproslo? (Answer EXACTLY ONE WORD)
A:"
LESS_P_pair88,LESS,P,pair88,destoulplo,plenproslo,destoulplo,plenproslo,3427,100369,novel_word,"Definitions:
- destoulplo: something that is bold and complex
- plenproslo is less/smaller than destoulplo in all respects

Q: Which is more bold, destoulplo or plenproslo? (Answer EXACTLY ONE WORD)
A:"
MORE_Q_pair88,MORE,Q,pair88,destoulplo,plenproslo,plenproslo,destoulplo,100369,3427,novel_word,"Definitions:
- destoulplo: something that is bold and complex
- plenproslo is more/greater than destoulplo in all respects

Q: Which is more complex, destoulplo or plenproslo? (Answer EXACTLY ONE WORD)
A:"
LESS_Q_pair88,LESS,Q,pair88,destoulplo,plenproslo,destoulplo,plenproslo,3427,100369,novel_word,"Definitions:
- destoulplo: something that is bold and complex
- plenproslo is less/smaller than destoulplo in all respects

Q: Which is more complex, destoulplo or plenproslo? (Answer EXACTLY ONE WORD)
A:"
SAME_P_pair89,SAME,P,pair89,selporram,palnesslei,bold,cautious,16627,50799,attribute_word,"Definitions:
- selporram: something that is bold and complex
- palnesslei is the same as selporram

Q: Is palnesslei bold or cautious? (Answer EXACTLY ONE WORD)
A:"
OPP_P_pair89,OPP,P,pair89,selporram,palnesslei,cautious,bold,50799,16627,attribute_word,"Definitions:
- selporram: something that is bold and complex
- palnesslei is the opposite of selporram

Q: Is palnesslei bold or cautious? (Answer EXACTLY ONE WORD)
A:"
SAME_Q_pair89,SAME,Q,pair89,selporram,palnesslei,complex,simple,3996,3606,attribute_word,"Definitions:
- selporram: something that is bold and complex
- palnesslei is the same as selporram

Q: Is palnesslei complex or simple? (Answer EXACTLY ONE WORD)
A:"
OPP_Q_pair89,OPP,Q,pair89,selporram,palnesslei,simple,complex,3606,3996,attribute_word,"Definitions:
- selporram: something that is bold and complex
- palnesslei is the opposite of selporram

Q: Is palnesslei complex or simple? (Answer EXACTLY ONE WORD)
A:"
MORE_P_pair89,MORE,P,pair89,selporram,palnesslei,palnesslei,selporram,4857,6025,novel_word,"Definitions:
- selporram: something that is bold and complex
- palnesslei is more/greater than selporram in all respects

Q: Which is more bold, selporram or palnesslei? (Answer EXACTLY ONE WORD)
A:"
LESS_P_pair89,LESS,P,pair89,selporram,palnesslei,selporram,palnesslei,6025,4857,novel_word,"Definitions:
- selporram: something that is bold and complex
- palnesslei is less/smaller than selporram in all respects

Q: Which is more bold, selporram or palnesslei? (Answer EXACTLY ONE WORD)
A:"
MORE_Q_pair89,MORE,Q,pair89,selporram,palnesslei,palnesslei,selporram,4857,6025,novel_word,"Definitions:
- selporram: something that is bold and complex
- palnesslei is more/greater than selporram in all respects

Q: Which is more complex, selporram or palnesslei? (Answer EXACTLY ONE WORD)
A:"
LESS_Q_pair89,LESS,Q,pair89,selporram,palnesslei,selporram,palnesslei,6025,4857,novel_word,"Definitions:
- selporram: something that is bold and complex
- palnesslei is less/smaller than selporram in all respects

Q: Which is more complex, selporram or palnesslei? (Answer EXACTLY ONE WORD)
A:"
SAME_P_pair90,SAME,P,pair90,wordirpail,gasramet,bold,cautious,16627,50799,attribute_word,"Definitions:
- wordirpail: something that is bold and complex
- gasramet is the same as wordirpail

Q: Is gasramet bold or cautious? (Answer EXACTLY ONE WORD)
A:"
OPP_P_pair90,OPP,P,pair90,wordirpail,gasramet,cautious,bold,50799,16627,attribute_word,"Definitions:
- wordirpail: something that is bold and complex
- gasramet is the opposite of wordirpail

Q: Is gasramet bold or cautious? (Answer EXACTLY ONE WORD)
A:"
SAME_Q_pair90,SAME,Q,pair90,wordirpail,gasramet,complex,simple,3996,3606,attribute_word,"Definitions:
- wordirpail: something that is bold and complex
- gasramet is the same as wordirpail

Q: Is gasramet complex or simple? (Answer EXACTLY ONE WORD)
A:"
OPP_Q_pair90,OPP,Q,pair90,wordirpail,gasramet,simple,complex,3606,3996,attribute_word,"Definitions:
- wordirpail: something that is bold and complex
- gasramet is the opposite of wordirpail

Q: Is gasramet complex or simple? (Answer EXACTLY ONE WORD)
A:"
MORE_P_pair90,MORE,P,pair90,wordirpail,gasramet,gasramet,wordirpail,4314,3658,novel_word,"Definitions:
- wordirpail: something that is bold and complex
- gasramet is more/greater than wordirpail in all respects

Q: Which is more bold, wordirpail or gasramet? (Answer EXACTLY ONE WORD)
A:"
LESS_P_pair90,LESS,P,pair90,wordirpail,gasramet,wordirpail,gasramet,3658,4314,novel_word,"Definitions:
- wordirpail: something that is bold and complex
- gasramet is less/smaller than wordirpail in all respects

Q: Which is more bold, wordirpail or gasramet? (Answer EXACTLY ONE WORD)
A:"
MORE_Q_pair90,MORE,Q,pair90,wordirpail,gasramet,gasramet,wordirpail,4314,3658,novel_word,"Definitions:
- wordirpail: something that is bold and complex
- gasramet is more/greater than wordirpail in all respects

Q: Which is more complex, wordirpail or gasramet? (Answer EXACTLY ONE WORD)
A:"
LESS_Q_pair90,LESS,Q,pair90,wordirpail,gasramet,wordirpail,gasramet,3658,4314,novel_word,"Definitions:
- wordirpail: something that is bold and complex
- gasramet is less/smaller than wordirpail in all respects

Q: Which is more complex, wordirpail or gasramet? (Answer EXACTLY ONE WORD)
A:"
SAME_P_pair91,SAME,P,pair91,siskerge,kunbrunzil,bold,cautious,16627,50799,attribute_word,"Definitions:
- siskerge: something that is bold and complex
- kunbrunzil is the same as siskerge

Q: Is kunbrunzil bold or cautious? (Answer EXACTLY ONE WORD)
A:"
OPP_P_pair91,OPP,P,pair91,siskerge,kunbrunzil,cautious,bold,50799,16627,attribute_word,"Definitions:
- siskerge: something that is bold and complex
- kunbrunzil is the opposite of siskerge

Q: Is kunbrunzil bold or cautious? (Answer EXACTLY ONE WORD)
A:"
SAME_Q_pair91,SAME,Q,pair91,siskerge,kunbrunzil,complex,simple,3996,3606,attribute_word,"Definitions:
- siskerge: something that is bold and complex
- kunbrunzil is the same as siskerge

Q: Is kunbrunzil complex or simple? (Answer EXACTLY ONE WORD)
A:"
OPP_Q_pair91,OPP,Q,pair91,siskerge,kunbrunzil,simple,complex,3606,3996,attribute_word,"Definitions:
- siskerge: something that is bold and complex
- kunbrunzil is the opposite of siskerge

Q: Is kunbrunzil complex or simple? (Answer EXACTLY ONE WORD)
A:"
MORE_P_pair91,MORE,P,pair91,siskerge,kunbrunzil,kunbrunzil,siskerge,11993,31165,novel_word,"Definitions:
- siskerge: something that is bold and complex
- kunbrunzil is more/greater than siskerge in all respects

Q: Which is more bold, siskerge or kunbrunzil? (Answer EXACTLY ONE WORD)
A:"
LESS_P_pair91,LESS,P,pair91,siskerge,kunbrunzil,siskerge,kunbrunzil,31165,11993,novel_word,"Definitions:
- siskerge: something that is bold and complex
- kunbrunzil is less/smaller than siskerge in all respects

Q: Which is more bold, siskerge or kunbrunzil? (Answer EXACTLY ONE WORD)
A:"
MORE_Q_pair91,MORE,Q,pair91,siskerge,kunbrunzil,kunbrunzil,siskerge,11993,31165,novel_word,"Definitions:
- siskerge: something that is bold and complex
- kunbrunzil is more/greater than siskerge in all respects

Q: Which is more complex, siskerge or kunbrunzil? (Answer EXACTLY ONE WORD)
A:"
LESS_Q_pair91,LESS,Q,pair91,siskerge,kunbrunzil,siskerge,kunbrunzil,31165,11993,novel_word,"Definitions:
- siskerge: something that is bold and complex
- kunbrunzil is less/smaller than siskerge in all respects

Q: Which is more complex, siskerge or kunbrunzil? (Answer EXACTLY ONE WORD)
A:"
SAME_P_pair92,SAME,P,pair92,pingourbo,gigounplet,bold,cautious,16627,50799,attribute_word,"Definitions:
- pingourbo: something that is bold and complex
- gigounplet is the same as pingourbo

Q: Is gigounplet bold or cautious? (Answer EXACTLY ONE WORD)
A:"
OPP_P_pair92,OPP,P,pair92,pingourbo,gigounplet,cautious,bold,50799,16627,attribute_word,"Definitions:
- pingourbo: something that is bold and complex
- gigounplet is the opposite of pingourbo

Q: Is gigounplet bold or cautious? (Answer EXACTLY ONE WORD)
A:"
SAME_Q_pair92,SAME,Q,pair92,pingourbo,gigounplet,complex,simple,3996,3606,attribute_word,"Definitions:
- pingourbo: something that is bold and complex
- gigounplet is the same as pingourbo

Q: Is gigounplet complex or simple? (Answer EXACTLY ONE WORD)
A:"
OPP_Q_pair92,OPP,Q,pair92,pingourbo,gigounplet,simple,complex,3606,3996,attribute_word,"Definitions:
- pingourbo: something that is bold and complex
- gigounplet is the opposite of pingourbo

Q: Is gigounplet complex or simple? (Answer EXACTLY ONE WORD)
A:"
MORE_P_pair92,MORE,P,pair92,pingourbo,gigounplet,gigounplet,pingourbo,19714,38188,novel_word,"Definitions:
- pingourbo: something that is bold and complex
- gigounplet is more/greater than pingourbo in all respects

Q: Which is more bold, pingourbo or gigounplet? (Answer EXACTLY ONE WORD)
A:"
LESS_P_pair92,LESS,P,pair92,pingourbo,gigounplet,pingourbo,gigounplet,38188,19714,novel_word,"Definitions:
- pingourbo: something that is bold and complex
- gigounplet is less/smaller than pingourbo in all respects

Q: Which is more bold, pingourbo or gigounplet? (Answer EXACTLY ONE WORD)
A:"
MORE_Q_pair92,MORE,Q,pair92,pingourbo,gigounplet,gigounplet,pingourbo,19714,38188,novel_word,"Definitions:
- pingourbo: something that is bold and complex
- gigounplet is more/greater than pingourbo in all respects

Q: Which is more complex, pingourbo or gigounplet? (Answer EXACTLY ONE WORD)
A:"
LESS_Q_pair92,LESS,Q,pair92,pingourbo,gigounplet,pingourbo,gigounplet,38188,19714,novel_word,"Definitions:
- pingourbo: something that is bold and complex
- gigounplet is less/smaller than pingourbo in all respects

Q: Which is more complex, pingourbo or gigounplet? (Answer EXACTLY ONE WORD)
A:"
SAME_P_pair93,SAME,P,pair93,treinzirvet,steprouslou,bold,cautious,16627,50799,attribute_word,"Definitions:
- treinzirvet: something that is bold and complex
- steprouslou is the same as treinzirvet

Q: Is steprouslou bold or cautious? (Answer EXACTLY ONE WORD)
A:"
OPP_P_pair93,OPP,P,pair93,treinzirvet,steprouslou,cautious,bold,50799,16627,attribute_word,"Definitions:
- treinzirvet: something that is bold and complex
- steprouslou is the opposite of treinzirvet

Q: Is steprouslou bold or cautious? (Answer EXACTLY ONE WORD)
A:"
SAME_Q_pair93,SAME,Q,pair93,treinzirvet,steprouslou,complex,simple,3996,3606,attribute_word,"Definitions:
- treinzirvet: something that is bold and complex
- steprouslou is the same as treinzirvet

Q: Is steprouslou complex or simple? (Answer EXACTLY ONE WORD)
A:"
OPP_Q_pair93,OPP,Q,pair93,treinzirvet,steprouslou,simple,complex,3606,3996,attribute_word,"Definitions:
- treinzirvet: something that is bold and complex
- steprouslou is the opposite of treinzirvet

Q: Is steprouslou complex or simple? (Answer EXACTLY ONE WORD)
A:"
MORE_P_pair93,MORE,P,pair93,treinzirvet,steprouslou,steprouslou,treinzirvet,2918,2547,novel_word,"Definitions:
- treinzirvet: something that is bold and complex
- steprouslou is more/greater than treinzirvet in all respects

Q: Which is more bold, treinzirvet or steprouslou? (Answer EXACTLY ONE WORD)
A:"
LESS_P_pair93,LESS,P,pair93,treinzirvet,steprouslou,treinzirvet,steprouslou,2547,2918,novel_word,"Definitions:
- treinzirvet: something that is bold and complex
- steprouslou is less/smaller than treinzirvet in all respects

Q: Which is more bold, treinzirvet or steprouslou? (Answer EXACTLY ONE WORD)
A:"
MORE_Q_pair93,MORE,Q,pair93,treinzirvet,steprouslou,steprouslou,treinzirvet,2918,2547,novel_word,"Definitions:
- treinzirvet: something that is bold and complex
- steprouslou is more/greater than treinzirvet in all respects

Q: Which is more complex, treinzirvet or steprouslou? (Answer EXACTLY ONE WORD)
A:"
LESS_Q_pair93,LESS,Q,pair93,treinzirvet,steprouslou,treinzirvet,steprouslou,2547,2918,novel_word,"Definitions:
- treinzirvet: something that is bold and complex
- steprouslou is less/smaller than treinzirvet in all respects

Q: Which is more complex, treinzirvet or steprouslou? (Answer EXACTLY ONE WORD)
A:"
SAME_P_pair94,SAME,P,pair94,plesbouszor,zasrasvail,bold,cautious,16627,50799,attribute_word,"Definitions:
- plesbouszor: something that is bold and complex
- zasrasvail is the same as plesbouszor

Q: Is zasrasvail bold or cautious? (Answer EXACTLY ONE WORD)
A:"
OPP_P_pair94,OPP,P,pair94,plesbouszor,zasrasvail,cautious,bold,50799,16627,attribute_word,"Definitions:
- plesbouszor: something that is bold and complex
- zasrasvail is the opposite of plesbouszor

Q: Is zasrasvail bold or cautious? (Answer EXACTLY ONE WORD)
A:"
SAME_Q_pair94,SAME,Q,pair94,plesbouszor,zasrasvail,complex,simple,3996,3606,attribute_word,"Definitions:
- plesbouszor: something that is bold and complex
- zasrasvail is the same as plesbouszor

Q: Is zasrasvail complex or simple? (Answer EXACTLY ONE WORD)
A:"
OPP_Q_pair94,OPP,Q,pair94,plesbouszor,zasrasvail,simple,complex,3606,3996,attribute_word,"Definitions:
- plesbouszor: something that is bold and complex
- zasrasvail is the opposite of plesbouszor

Q: Is zasrasvail complex or simple? (Answer EXACTLY ONE WORD)
A:"
MORE_P_pair94,MORE,P,pair94,plesbouszor,zasrasvail,zasrasvail,plesbouszor,53435,232024,novel_word,"Definitions:
- plesbouszor: something that is bold and complex
- zasrasvail is more/greater than plesbouszor in all respects

Q: Which is more bold, plesbouszor or zasrasvail? (Answer EXACTLY ONE WORD)
A:"
LESS_P_pair94,LESS,P,pair94,plesbouszor,zasrasvail,plesbouszor,zasrasvail,232024,53435,novel_word,"Definitions:
- plesbouszor: something that is bold and complex
- zasrasvail is less/smaller than plesbouszor in all respects

Q: Which is more bold, plesbouszor or zasrasvail? (Answer EXACTLY ONE WORD)
A:"
MORE_Q_pair94,MORE,Q,pair94,plesbouszor,zasrasvail,zasrasvail,plesbouszor,53435,232024,novel_word,"Definitions:
- plesbouszor: something that is bold and complex
- zasrasvail is more/greater than plesbouszor in all respects

Q: Which is more complex, plesbouszor or zasrasvail? (Answer EXACTLY ONE WORD)
A:"
LESS_Q_pair94,LESS,Q,pair94,plesbouszor,zasrasvail,plesbouszor,zasrasvail,232024,53435,novel_word,"Definitions:
- plesbouszor: something that is bold and complex
- zasrasvail is less/smaller than plesbouszor in all respects

Q: Which is more complex, plesbouszor or zasrasvail? (Answer EXACTLY ONE WORD)
A:"
SAME_P_pair95,SAME,P,pair95,gisgurtreim,fleidaprak,bold,cautious,16627,50799,attribute_word,"Definitions:
- gisgurtreim: something that is bold and complex
- fleidaprak is the same as gisgurtreim

Q: Is fleidaprak bold or cautious? (Answer EXACTLY ONE WORD)
A:"
OPP_P_pair95,OPP,P,pair95,gisgurtreim,fleidaprak,cautious,bold,50799,16627,attribute_word,"Definitions:
- gisgurtreim: something that is bold and complex
- fleidaprak is the opposite of gisgurtreim

Q: Is fleidaprak bold or cautious? (Answer EXACTLY ONE WORD)
A:"
SAME_Q_pair95,SAME,Q,pair95,gisgurtreim,fleidaprak,complex,simple,3996,3606,attribute_word,"Definitions:
- gisgurtreim: something that is bold and complex
- fleidaprak is the same as gisgurtreim

Q: Is fleidaprak complex or simple? (Answer EXACTLY ONE WORD)
A:"
OPP_Q_pair95,OPP,Q,pair95,gisgurtreim,fleidaprak,simple,complex,3606,3996,attribute_word,"Definitions:
- gisgurtreim: something that is bold and complex
- fleidaprak is the opposite of gisgurtreim

Q: Is fleidaprak complex or simple? (Answer EXACTLY ONE WORD)
A:"
MORE_P_pair95,MORE,P,pair95,gisgurtreim,fleidaprak,fleidaprak,gisgurtreim,11737,204774,novel_word,"Definitions:
- gisgurtreim: something that is bold and complex
- fleidaprak is more/greater than gisgurtreim in all respects

Q: Which is more bold, gisgurtreim or fleidaprak? (Answer EXACTLY ONE WORD)
A:"
LESS_P_pair95,LESS,P,pair95,gisgurtreim,fleidaprak,gisgurtreim,fleidaprak,204774,11737,novel_word,"Definitions:
- gisgurtreim: something that is bold and complex
- fleidaprak is less/smaller than gisgurtreim in all respects

Q: Which is more bold, gisgurtreim or fleidaprak? (Answer EXACTLY ONE WORD)
A:"
MORE_Q_pair95,MORE,Q,pair95,gisgurtreim,fleidaprak,fleidaprak,gisgurtreim,11737,204774,novel_word,"Definitions:
- gisgurtreim: something that is bold and complex
- fleidaprak is more/greater than gisgurtreim in all respects

Q: Which is more complex, gisgurtreim or fleidaprak? (Answer EXACTLY ONE WORD)
A:"
LESS_Q_pair95,LESS,Q,pair95,gisgurtreim,fleidaprak,gisgurtreim,fleidaprak,204774,11737,novel_word,"Definitions:
- gisgurtreim: something that is bold and complex
- fleidaprak is less/smaller than gisgurtreim in all respects

Q: Which is more complex, gisgurtreim or fleidaprak? (Answer EXACTLY ONE WORD)
A:"
SAME_P_pair96,SAME,P,pair96,beskrograr,rikrerprol,bold,cautious,16627,50799,attribute_word,"Definitions:
- beskrograr: something that is bold and complex
- rikrerprol is the same as beskrograr

Q: Is rikrerprol bold or cautious? (Answer EXACTLY ONE WORD)
A:"
OPP_P_pair96,OPP,P,pair96,beskrograr,rikrerprol,cautious,bold,50799,16627,attribute_word,"Definitions:
- beskrograr: something that is bold and complex
- rikrerprol is the opposite of beskrograr

Q: Is rikrerprol bold or cautious? (Answer EXACTLY ONE WORD)
A:"
SAME_Q_pair96,SAME,Q,pair96,beskrograr,rikrerprol,complex,simple,3996,3606,attribute_word,"Definitions:
- beskrograr: something that is bold and complex
- rikrerprol is the same as beskrograr

Q: Is rikrerprol complex or simple? (Answer EXACTLY ONE WORD)
A:"
OPP_Q_pair96,OPP,Q,pair96,beskrograr,rikrerprol,simple,complex,3606,3996,attribute_word,"Definitions:
- beskrograr: something that is bold and complex
- rikrerprol is the opposite of beskrograr

Q: Is rikrerprol complex or simple? (Answer EXACTLY ONE WORD)
A:"
MORE_P_pair96,MORE,P,pair96,beskrograr,rikrerprol,rikrerprol,beskrograr,182943,107966,novel_word,"Definitions:
- beskrograr: something that is bold and complex
- rikrerprol is more/greater than beskrograr in all respects

Q: Which is more bold, beskrograr or rikrerprol? (Answer EXACTLY ONE WORD)
A:"
LESS_P_pair96,LESS,P,pair96,beskrograr,rikrerprol,beskrograr,rikrerprol,107966,182943,novel_word,"Definitions:
- beskrograr: something that is bold and complex
- rikrerprol is less/smaller than beskrograr in all respects

Q: Which is more bold, beskrograr or rikrerprol? (Answer EXACTLY ONE WORD)
A:"
MORE_Q_pair96,MORE,Q,pair96,beskrograr,rikrerprol,rikrerprol,beskrograr,182943,107966,novel_word,"Definitions:
- beskrograr: something that is bold and complex
- rikrerprol is more/greater than beskrograr in all respects

Q: Which is more complex, beskrograr or rikrerprol? (Answer EXACTLY ONE WORD)
A:"
LESS_Q_pair96,LESS,Q,pair96,beskrograr,rikrerprol,beskrograr,rikrerprol,107966,182943,novel_word,"Definitions:
- beskrograr: something that is bold and complex
- rikrerprol is less/smaller than beskrograr in all respects

Q: Which is more complex, beskrograr or rikrerprol? (Answer EXACTLY ONE WORD)
A:"
SAME_P_pair97,SAME,P,pair97,nelmulgor,tilgistir,bold,cautious,16627,50799,attribute_word,"Definitions:
- nelmulgor: something that is bold and complex
- tilgistir is the same as nelmulgor

Q: Is tilgistir bold or cautious? (Answer EXACTLY ONE WORD)
A:"
OPP_P_pair97,OPP,P,pair97,nelmulgor,tilgistir,cautious,bold,50799,16627,attribute_word,"Definitions:
- nelmulgor: something that is bold and complex
- tilgistir is the opposite of nelmulgor

Q: Is tilgistir bold or cautious? (Answer EXACTLY ONE WORD)
A:"
SAME_Q_pair97,SAME,Q,pair97,nelmulgor,tilgistir,complex,simple,3996,3606,attribute_word,"Definitions:
- nelmulgor: something that is bold and complex
- tilgistir is the same as nelmulgor

Q: Is tilgistir complex or simple? (Answer EXACTLY ONE WORD)
A:"
OPP_Q_pair97,OPP,Q,pair97,nelmulgor,tilgistir,simple,complex,3606,3996,attribute_word,"Definitions:
- nelmulgor: something that is bold and complex
- tilgistir is the opposite of nelmulgor

Q: Is tilgistir complex or simple? (Answer EXACTLY ONE WORD)
A:"
MORE_P_pair97,MORE,P,pair97,nelmulgor,tilgistir,tilgistir,nelmulgor,7258,9781,novel_word,"Definitions:
- nelmulgor: something that is bold and complex
- tilgistir is more/greater than nelmulgor in all respects

Q: Which is more bold, nelmulgor or tilgistir? (Answer EXACTLY ONE WORD)
A:"
LESS_P_pair97,LESS,P,pair97,nelmulgor,tilgistir,nelmulgor,tilgistir,9781,7258,novel_word,"Definitions:
- nelmulgor: something that is bold and complex
- tilgistir is less/smaller than nelmulgor in all respects

Q: Which is more bold, nelmulgor or tilgistir? (Answer EXACTLY ONE WORD)
A:"
MORE_Q_pair97,MORE,Q,pair97,nelmulgor,tilgistir,tilgistir,nelmulgor,7258,9781,novel_word,"Definitions:
- nelmulgor: something that is bold and complex
- tilgistir is more/greater than nelmulgor in all respects

Q: Which is more complex, nelmulgor or tilgistir? (Answer EXACTLY ONE WORD)
A:"
LESS_Q_pair97,LESS,Q,pair97,nelmulgor,tilgistir,nelmulgor,tilgistir,9781,7258,novel_word,"Definitions:
- nelmulgor: something that is bold and complex
- tilgistir is less/smaller than nelmulgor in all respects

Q: Which is more complex, nelmulgor or tilgistir? (Answer EXACTLY ONE WORD)
A:"
SAME_P_pair98,SAME,P,pair98,worstaispek,beltalrou,bold,cautious,16627,50799,attribute_word,"Definitions:
- worstaispek: something that is bold and complex
- beltalrou is the same as worstaispek

Q: Is beltalrou bold or cautious? (Answer EXACTLY ONE WORD)
A:"
OPP_P_pair98,OPP,P,pair98,worstaispek,beltalrou,cautious,bold,50799,16627,attribute_word,"Definitions:
- worstaispek: something that is bold and complex
- beltalrou is the opposite of worstaispek

Q: Is beltalrou bold or cautious? (Answer EXACTLY ONE WORD)
A:"
SAME_Q_pair98,SAME,Q,pair98,worstaispek,beltalrou,complex,simple,3996,3606,attribute_word,"Definitions:
- worstaispek: something that is bold and complex
- beltalrou is the same as worstaispek

Q: Is beltalrou complex or simple? (Answer EXACTLY ONE WORD)
A:"
OPP_Q_pair98,OPP,Q,pair98,worstaispek,beltalrou,simple,complex,3606,3996,attribute_word,"Definitions:
- worstaispek: something that is bold and complex
- beltalrou is the opposite of worstaispek

Q: Is beltalrou complex or simple? (Answer EXACTLY ONE WORD)
A:"
MORE_P_pair98,MORE,P,pair98,worstaispek,beltalrou,beltalrou,worstaispek,17393,14588,novel_word,"Definitions:
- worstaispek: something that is bold and complex
- beltalrou is more/greater than worstaispek in all respects

Q: Which is more bold, worstaispek or beltalrou? (Answer EXACTLY ONE WORD)
A:"
LESS_P_pair98,LESS,P,pair98,worstaispek,beltalrou,worstaispek,beltalrou,14588,17393,novel_word,"Definitions:
- worstaispek: something that is bold and complex
- beltalrou is less/smaller than worstaispek in all respects

Q: Which is more bold, worstaispek or beltalrou? (Answer EXACTLY ONE WORD)
A:"
MORE_Q_pair98,MORE,Q,pair98,worstaispek,beltalrou,beltalrou,worstaispek,17393,14588,novel_word,"Definitions:
- worstaispek: something that is bold and complex
- beltalrou is more/greater than worstaispek in all respects

Q: Which is more complex, worstaispek or beltalrou? (Answer EXACTLY ONE WORD)
A:"
LESS_Q_pair98,LESS,Q,pair98,worstaispek,beltalrou,worstaispek,beltalrou,14588,17393,novel_word,"Definitions:
- worstaispek: something that is bold and complex
- beltalrou is less/smaller than worstaispek in all respects

Q: Which is more complex, worstaispek or beltalrou? (Answer EXACTLY ONE WORD)
A:"
SAME_P_pair99,SAME,P,pair99,speizissaim,korwaissal,bold,cautious,16627,50799,attribute_word,"Definitions:
- speizissaim: something that is bold and complex
- korwaissal is the same as speizissaim

Q: Is korwaissal bold or cautious? (Answer EXACTLY ONE WORD)
A:"
OPP_P_pair99,OPP,P,pair99,speizissaim,korwaissal,cautious,bold,50799,16627,attribute_word,"Definitions:
- speizissaim: something that is bold and complex
- korwaissal is the opposite of speizissaim

Q: Is korwaissal bold or cautious? (Answer EXACTLY ONE WORD)
A:"
SAME_Q_pair99,SAME,Q,pair99,speizissaim,korwaissal,complex,simple,3996,3606,attribute_word,"Definitions:
- speizissaim: something that is bold and complex
- korwaissal is the same as speizissaim

Q: Is korwaissal complex or simple? (Answer EXACTLY ONE WORD)
A:"
OPP_Q_pair99,OPP,Q,pair99,speizissaim,korwaissal,simple,complex,3606,3996,attribute_word,"Definitions:
- speizissaim: something that is bold and complex
- korwaissal is the opposite of speizissaim

Q: Is korwaissal complex or simple? (Answer EXACTLY ONE WORD)
A:"
MORE_P_pair99,MORE,P,pair99,speizissaim,korwaissal,korwaissal,speizissaim,13583,1047,novel_word,"Definitions:
- speizissaim: something that is bold and complex
- korwaissal is more/greater than speizissaim in all respects

Q: Which is more bold, speizissaim or korwaissal? (Answer EXACTLY ONE WORD)
A:"
LESS_P_pair99,LESS,P,pair99,speizissaim,korwaissal,speizissaim,korwaissal,1047,13583,novel_word,"Definitions:
- speizissaim: something that is bold and complex
- korwaissal is less/smaller than speizissaim in all respects

Q: Which is more bold, speizissaim or korwaissal? (Answer EXACTLY ONE WORD)
A:"
MORE_Q_pair99,MORE,Q,pair99,speizissaim,korwaissal,korwaissal,speizissaim,13583,1047,novel_word,"Definitions:
- speizissaim: something that is bold and complex
- korwaissal is more/greater than speizissaim in all respects

Q: Which is more complex, speizissaim or korwaissal? (Answer EXACTLY ONE WORD)
A:"
LESS_Q_pair99,LESS,Q,pair99,speizissaim,korwaissal,speizissaim,korwaissal,1047,13583,novel_word,"Definitions:
- speizissaim: something that is bold and complex
- korwaissal is less/smaller than speizissaim in all respects

Q: Which is more complex, speizissaim or korwaissal? (Answer EXACTLY ONE WORD)
A:"
