trial_id,cell,ordering,ratio,k,k_actual,argmax_preserved,target_preserved_top1,patched_argmax_id,patched_target_rank,patched_target_logit,patched_competitor_logit,patched_margin,clean_target_logit,delta_target_logit
P101_10027,hihp,hihp_imp_desc,0.05,99,99,False,False,2777,2644,8.875,11.25,-2.375,16.625,-7.75
P101_10027,hihp,hihp_imp_desc,0.1,198,198,False,False,2777,4016,8.0,11.375,-3.375,16.625,-8.625
P101_10027,hihp,hihp_imp_desc,0.2,396,396,False,False,2777,7862,6.375,9.4375,-3.0625,16.625,-10.25
P101_10027,hihp,hihp_imp_desc,0.3,595,595,False,False,2777,19177,4.8125,8.875,-4.0625,16.625,-11.8125
P101_10027,hihp,hihp_imp_desc,0.5,992,740,False,False,2777,21682,4.46875,9.125,-4.65625,16.625,-12.15625
P101_10027,hihp,hihp_imp_asc,0.05,99,99,True,False,5194,27,16.75,13.625,3.125,16.625,0.125
P101_10027,hihp,hihp_imp_asc,0.1,198,198,True,False,5194,39,16.375,13.9375,2.4375,16.625,-0.25
P101_10027,hihp,hihp_imp_asc,0.2,396,396,True,False,5194,37,16.125,13.75,2.375,16.625,-0.5
P101_10027,hihp,hihp_imp_asc,0.3,595,595,False,False,14739,73,15.375,15.6875,-0.3125,16.625,-1.25
P101_10027,hihp,hihp_imp_asc,0.5,992,740,False,False,2777,21682,4.46875,9.125,-4.65625,16.625,-12.15625
P101_10027,hilp,hilp_imp_desc,0.05,99,99,True,False,5194,44,16.0,13.75,2.25,16.625,-0.625
P101_10027,hilp,hilp_imp_desc,0.1,198,198,True,False,5194,38,16.25,13.5,2.75,16.625,-0.375
P101_10027,hilp,hilp_imp_desc,0.2,396,215,True,False,5194,38,16.25,13.4375,2.8125,16.625,-0.375
P101_10027,hilp,hilp_imp_desc,0.3,595,215,True,False,5194,38,16.25,13.4375,2.8125,16.625,-0.375
P101_10027,hilp,hilp_imp_desc,0.5,992,215,True,False,5194,38,16.25,13.4375,2.8125,16.625,-0.375
P101_10027,hilp,hilp_imp_asc,0.05,99,99,True,False,5194,30,16.625,13.375,3.25,16.625,0.0
P101_10027,hilp,hilp_imp_asc,0.1,198,198,True,False,5194,30,16.5,13.25,3.25,16.625,-0.125
P101_10027,hilp,hilp_imp_asc,0.2,396,215,True,False,5194,38,16.25,13.4375,2.8125,16.625,-0.375
P101_10027,hilp,hilp_imp_asc,0.3,595,215,True,False,5194,38,16.25,13.4375,2.8125,16.625,-0.375
P101_10027,hilp,hilp_imp_asc,0.5,992,215,True,False,5194,38,16.25,13.4375,2.8125,16.625,-0.375
P101_10027,C,C_imp_asc,0.05,99,99,True,False,5194,35,16.25,13.75,2.5,16.625,-0.375
P101_10027,C,C_imp_asc,0.1,198,198,True,False,5194,34,16.125,13.25,2.875,16.625,-0.5
P101_10027,C,C_imp_asc,0.2,396,252,True,False,5194,32,16.125,13.3125,2.8125,16.625,-0.5
P101_10027,C,C_imp_asc,0.3,595,252,True,False,5194,32,16.125,13.3125,2.8125,16.625,-0.5
P101_10027,C,C_imp_asc,0.5,992,252,True,False,5194,32,16.125,13.3125,2.8125,16.625,-0.5
P101_10027,D,D_imp_asc,0.05,99,99,True,False,5194,30,16.625,13.4375,3.1875,16.625,0.0
P101_10027,D,D_imp_asc,0.1,198,198,True,False,5194,29,16.625,13.4375,3.1875,16.625,0.0
P101_10027,D,D_imp_asc,0.2,396,396,True,False,5194,29,16.625,13.5625,3.0625,16.625,0.0
P101_10027,D,D_imp_asc,0.3,595,595,True,False,5194,31,16.5,13.6875,2.8125,16.625,-0.125
P101_10027,D,D_imp_asc,0.5,992,777,True,False,5194,30,16.5,13.5625,2.9375,16.625,-0.125
P101_10066,hihp,hihp_imp_desc,0.05,99,99,True,False,1791,147,15.25,13.375,1.875,17.375,-2.125
P101_10066,hihp,hihp_imp_desc,0.1,198,198,True,False,1791,141,15.125,13.625,1.5,17.375,-2.25
P101_10066,hihp,hihp_imp_desc,0.2,396,396,False,False,506,133,15.25,14.5,0.75,17.375,-2.125
P101_10066,hihp,hihp_imp_desc,0.3,595,595,False,False,506,166,14.875,14.5625,0.3125,17.375,-2.5
P101_10066,hihp,hihp_imp_desc,0.5,992,740,False,False,506,180,14.8125,14.625,0.1875,17.375,-2.5625
P101_10066,hihp,hihp_imp_asc,0.05,99,99,True,False,1791,50,17.625,6.21875,11.40625,17.375,0.25
P101_10066,hihp,hihp_imp_asc,0.1,198,198,True,False,1791,31,18.125,7.09375,11.03125,17.375,0.75
P101_10066,hihp,hihp_imp_asc,0.2,396,396,False,False,13336,32,18.0,8.0625,9.9375,17.375,0.625
P101_10066,hihp,hihp_imp_asc,0.3,595,595,False,False,506,28,17.75,11.6875,6.0625,17.375,0.375
P101_10066,hihp,hihp_imp_asc,0.5,992,740,False,False,506,180,14.8125,14.625,0.1875,17.375,-2.5625
P101_10066,hilp,hilp_imp_desc,0.05,99,99,True,False,1791,46,17.625,6.5,11.125,17.375,0.25
P101_10066,hilp,hilp_imp_desc,0.1,198,198,True,False,1791,47,17.625,6.59375,11.03125,17.375,0.25
P101_10066,hilp,hilp_imp_desc,0.2,396,215,True,False,1791,48,17.625,6.625,11.0,17.375,0.25
P101_10066,hilp,hilp_imp_desc,0.3,595,215,True,False,1791,48,17.625,6.625,11.0,17.375,0.25
P101_10066,hilp,hilp_imp_desc,0.5,992,215,True,False,1791,48,17.625,6.625,11.0,17.375,0.25
P101_10066,hilp,hilp_imp_asc,0.05,99,99,True,False,1791,54,17.25,6.0625,11.1875,17.375,-0.125
P101_10066,hilp,hilp_imp_asc,0.1,198,198,True,False,1791,50,17.5,6.4375,11.0625,17.375,0.125
P101_10066,hilp,hilp_imp_asc,0.2,396,215,True,False,1791,48,17.625,6.625,11.0,17.375,0.25
P101_10066,hilp,hilp_imp_asc,0.3,595,215,True,False,1791,48,17.625,6.625,11.0,17.375,0.25
P101_10066,hilp,hilp_imp_asc,0.5,992,215,True,False,1791,48,17.625,6.625,11.0,17.375,0.25
P101_10066,C,C_imp_asc,0.05,99,99,True,False,1791,52,17.375,6.09375,11.28125,17.375,0.0
P101_10066,C,C_imp_asc,0.1,198,198,True,False,1791,48,17.5,6.1875,11.3125,17.375,0.125
P101_10066,C,C_imp_asc,0.2,396,252,True,False,1791,42,17.75,6.5625,11.1875,17.375,0.375
P101_10066,C,C_imp_asc,0.3,595,252,True,False,1791,42,17.75,6.5625,11.1875,17.375,0.375
P101_10066,C,C_imp_asc,0.5,992,252,True,False,1791,42,17.75,6.5625,11.1875,17.375,0.375
P101_10066,D,D_imp_asc,0.05,99,99,True,False,1791,53,17.375,6.09375,11.28125,17.375,0.0
P101_10066,D,D_imp_asc,0.1,198,198,True,False,1791,54,17.375,6.09375,11.28125,17.375,0.0
P101_10066,D,D_imp_asc,0.2,396,396,True,False,1791,54,17.375,6.09375,11.28125,17.375,0.0
P101_10066,D,D_imp_asc,0.3,595,595,True,False,1791,55,17.25,6.0625,11.1875,17.375,-0.125
P101_10066,D,D_imp_asc,0.5,992,777,True,False,1791,55,17.25,6.34375,10.90625,17.375,-0.125
P103_0,hihp,hihp_imp_desc,0.05,99,99,False,False,23196,2,21.375,11.625,9.75,23.625,-2.25
P103_0,hihp,hihp_imp_desc,0.1,198,198,False,False,23196,2,20.125,12.125,8.0,23.625,-3.5
P103_0,hihp,hihp_imp_desc,0.2,396,396,False,False,23196,4,18.875,11.3125,7.5625,23.625,-4.75
P103_0,hihp,hihp_imp_desc,0.3,595,595,False,False,23196,8,18.25,11.1875,7.0625,23.625,-5.375
P103_0,hihp,hihp_imp_desc,0.5,992,740,False,False,23196,11,17.75,10.9375,6.8125,23.625,-5.875
P103_0,hihp,hihp_imp_asc,0.05,99,99,True,True,7830,1,23.875,11.375,12.5,23.625,0.25
P103_0,hihp,hihp_imp_asc,0.1,198,198,True,True,7830,1,24.0,11.6875,12.3125,23.625,0.375
P103_0,hihp,hihp_imp_asc,0.2,396,396,True,True,7830,1,24.0,12.4375,11.5625,23.625,0.375
P103_0,hihp,hihp_imp_asc,0.3,595,595,True,True,7830,1,23.5,12.0625,11.4375,23.625,-0.125
P103_0,hihp,hihp_imp_asc,0.5,992,740,False,False,23196,11,17.75,10.9375,6.8125,23.625,-5.875
P103_0,hilp,hilp_imp_desc,0.05,99,99,True,True,7830,1,23.875,11.125,12.75,23.625,0.25
P103_0,hilp,hilp_imp_desc,0.1,198,198,True,True,7830,1,23.875,11.0,12.875,23.625,0.25
P103_0,hilp,hilp_imp_desc,0.2,396,215,True,True,7830,1,23.875,11.0,12.875,23.625,0.25
P103_0,hilp,hilp_imp_desc,0.3,595,215,True,True,7830,1,23.875,11.0,12.875,23.625,0.25
P103_0,hilp,hilp_imp_desc,0.5,992,215,True,True,7830,1,23.875,11.0,12.875,23.625,0.25
P103_0,hilp,hilp_imp_asc,0.05,99,99,True,True,7830,1,23.625,11.375,12.25,23.625,0.0
P103_0,hilp,hilp_imp_asc,0.1,198,198,True,True,7830,1,23.75,11.3125,12.4375,23.625,0.125
P103_0,hilp,hilp_imp_asc,0.2,396,215,True,True,7830,1,23.875,11.0,12.875,23.625,0.25
P103_0,hilp,hilp_imp_asc,0.3,595,215,True,True,7830,1,23.875,11.0,12.875,23.625,0.25
P103_0,hilp,hilp_imp_asc,0.5,992,215,True,True,7830,1,23.875,11.0,12.875,23.625,0.25
P103_0,C,C_imp_asc,0.05,99,99,True,True,7830,1,23.875,11.125,12.75,23.625,0.25
P103_0,C,C_imp_asc,0.1,198,198,True,True,7830,1,24.0,11.1875,12.8125,23.625,0.375
P103_0,C,C_imp_asc,0.2,396,252,True,True,7830,1,24.0,11.125,12.875,23.625,0.375
P103_0,C,C_imp_asc,0.3,595,252,True,True,7830,1,24.0,11.125,12.875,23.625,0.375
P103_0,C,C_imp_asc,0.5,992,252,True,True,7830,1,24.0,11.125,12.875,23.625,0.375
P103_0,D,D_imp_asc,0.05,99,99,True,True,7830,1,23.5,11.3125,12.1875,23.625,-0.125
P103_0,D,D_imp_asc,0.1,198,198,True,True,7830,1,23.625,11.3125,12.3125,23.625,0.0
P103_0,D,D_imp_asc,0.2,396,396,True,True,7830,1,23.625,11.3125,12.3125,23.625,0.0
P103_0,D,D_imp_asc,0.3,595,595,True,True,7830,1,23.5,11.125,12.375,23.625,-0.125
P103_0,D,D_imp_asc,0.5,992,777,True,True,7830,1,23.5,11.25,12.25,23.625,-0.125
P103_10038,hihp,hihp_imp_desc,0.05,99,99,False,True,7830,1,24.25,19.0,5.25,25.0,-0.75
P103_10038,hihp,hihp_imp_desc,0.1,198,198,False,True,7830,1,23.5,19.875,3.625,25.0,-1.5
P103_10038,hihp,hihp_imp_desc,0.2,396,396,False,False,5422,2,21.5,19.375,2.125,25.0,-3.5
P103_10038,hihp,hihp_imp_desc,0.3,595,595,False,True,7830,1,21.0,19.0,2.0,25.0,-4.0
P103_10038,hihp,hihp_imp_desc,0.5,992,740,False,True,7830,1,18.625,16.625,2.0,25.0,-6.375
P103_10038,hihp,hihp_imp_asc,0.05,99,99,True,False,9115,2,25.0,16.625,8.375,25.0,0.0
P103_10038,hihp,hihp_imp_asc,0.1,198,198,True,False,9115,2,24.5,16.875,7.625,25.0,-0.5
P103_10038,hihp,hihp_imp_asc,0.2,396,396,True,False,9115,2,23.875,18.875,5.0,25.0,-1.125
P103_10038,hihp,hihp_imp_asc,0.3,595,595,False,True,7830,1,24.0,17.375,6.625,25.0,-1.0
P103_10038,hihp,hihp_imp_asc,0.5,992,740,False,True,7830,1,18.625,16.625,2.0,25.0,-6.375
P103_10038,hilp,hilp_imp_desc,0.05,99,99,True,False,9115,2,25.0,16.5,8.5,25.0,0.0
P103_10038,hilp,hilp_imp_desc,0.1,198,198,True,False,9115,2,24.375,16.25,8.125,25.0,-0.625
P103_10038,hilp,hilp_imp_desc,0.2,396,215,True,False,9115,2,24.5,16.0,8.5,25.0,-0.5
P103_10038,hilp,hilp_imp_desc,0.3,595,215,True,False,9115,2,24.5,16.0,8.5,25.0,-0.5
P103_10038,hilp,hilp_imp_desc,0.5,992,215,True,False,9115,2,24.5,16.0,8.5,25.0,-0.5
P103_10038,hilp,hilp_imp_asc,0.05,99,99,True,False,9115,2,24.625,15.75,8.875,25.0,-0.375
P103_10038,hilp,hilp_imp_asc,0.1,198,198,True,False,9115,2,24.375,15.6875,8.6875,25.0,-0.625
P103_10038,hilp,hilp_imp_asc,0.2,396,215,True,False,9115,2,24.5,16.0,8.5,25.0,-0.5
P103_10038,hilp,hilp_imp_asc,0.3,595,215,True,False,9115,2,24.5,16.0,8.5,25.0,-0.5
P103_10038,hilp,hilp_imp_asc,0.5,992,215,True,False,9115,2,24.5,16.0,8.5,25.0,-0.5
P103_10038,C,C_imp_asc,0.05,99,99,True,False,9115,2,24.25,15.8125,8.4375,25.0,-0.75
P103_10038,C,C_imp_asc,0.1,198,198,True,False,9115,2,23.875,15.75,8.125,25.0,-1.125
P103_10038,C,C_imp_asc,0.2,396,252,True,False,9115,2,23.75,16.25,7.5,25.0,-1.25
P103_10038,C,C_imp_asc,0.3,595,252,True,False,9115,2,23.75,16.25,7.5,25.0,-1.25
P103_10038,C,C_imp_asc,0.5,992,252,True,False,9115,2,23.75,16.25,7.5,25.0,-1.25
P103_10038,D,D_imp_asc,0.05,99,99,True,False,9115,2,25.0,16.25,8.75,25.0,0.0
P103_10038,D,D_imp_asc,0.1,198,198,True,False,9115,2,25.125,16.375,8.75,25.0,0.125
P103_10038,D,D_imp_asc,0.2,396,396,True,False,9115,2,24.875,16.625,8.25,25.0,-0.125
P103_10038,D,D_imp_asc,0.3,595,595,True,False,9115,2,24.125,16.375,7.75,25.0,-0.875
P103_10038,D,D_imp_asc,0.5,992,777,True,False,9115,2,23.875,16.625,7.25,25.0,-1.125
P106_10026,hihp,hihp_imp_desc,0.05,99,99,True,False,496,646,11.8125,15.0,-3.1875,15.8125,-4.0
P106_10026,hihp,hihp_imp_desc,0.1,198,198,True,False,496,929,11.125,17.0,-5.875,15.8125,-4.6875
P106_10026,hihp,hihp_imp_desc,0.2,396,396,True,False,496,2335,9.5,17.25,-7.75,15.8125,-6.3125
P106_10026,hihp,hihp_imp_desc,0.3,595,595,True,False,496,2931,8.8125,16.375,-7.5625,15.8125,-7.0
P106_10026,hihp,hihp_imp_desc,0.5,992,740,True,False,496,2956,8.6875,16.5,-7.8125,15.8125,-7.125
P106_10026,hihp,hihp_imp_asc,0.05,99,99,True,False,496,168,15.25,12.9375,2.3125,15.8125,-0.5625
P106_10026,hihp,hihp_imp_asc,0.1,198,198,True,False,496,174,15.0625,13.0625,2.0,15.8125,-0.75
P106_10026,hihp,hihp_imp_asc,0.2,396,396,True,False,496,56,16.75,12.1875,4.5625,15.8125,0.9375
P106_10026,hihp,hihp_imp_asc,0.3,595,595,True,False,496,53,16.5,16.75,-0.25,15.8125,0.6875
P106_10026,hihp,hihp_imp_asc,0.5,992,740,True,False,496,2956,8.6875,16.5,-7.8125,15.8125,-7.125
P106_10026,hilp,hilp_imp_desc,0.05,99,99,True,False,496,115,15.9375,12.3125,3.625,15.8125,0.125
P106_10026,hilp,hilp_imp_desc,0.1,198,198,True,False,496,104,16.125,12.0,4.125,15.8125,0.3125
P106_10026,hilp,hilp_imp_desc,0.2,396,215,True,False,496,105,16.125,12.0625,4.0625,15.8125,0.3125
P106_10026,hilp,hilp_imp_desc,0.3,595,215,True,False,496,105,16.125,12.0625,4.0625,15.8125,0.3125
P106_10026,hilp,hilp_imp_desc,0.5,992,215,True,False,496,105,16.125,12.0625,4.0625,15.8125,0.3125
P106_10026,hilp,hilp_imp_asc,0.05,99,99,True,False,496,122,15.8125,11.75,4.0625,15.8125,0.0
P106_10026,hilp,hilp_imp_asc,0.1,198,198,True,False,496,107,16.0,12.0,4.0,15.8125,0.1875
P106_10026,hilp,hilp_imp_asc,0.2,396,215,True,False,496,105,16.125,12.0625,4.0625,15.8125,0.3125
P106_10026,hilp,hilp_imp_asc,0.3,595,215,True,False,496,105,16.125,12.0625,4.0625,15.8125,0.3125
P106_10026,hilp,hilp_imp_asc,0.5,992,215,True,False,496,105,16.125,12.0625,4.0625,15.8125,0.3125
P106_10026,C,C_imp_asc,0.05,99,99,True,False,496,156,15.375,12.25,3.125,15.8125,-0.4375
P106_10026,C,C_imp_asc,0.1,198,198,True,False,496,174,15.0625,12.0,3.0625,15.8125,-0.75
P106_10026,C,C_imp_asc,0.2,396,252,True,False,496,174,14.875,12.3125,2.5625,15.8125,-0.9375
P106_10026,C,C_imp_asc,0.3,595,252,True,False,496,174,14.875,12.3125,2.5625,15.8125,-0.9375
P106_10026,C,C_imp_asc,0.5,992,252,True,False,496,174,14.875,12.3125,2.5625,15.8125,-0.9375
P106_10026,D,D_imp_asc,0.05,99,99,True,False,496,126,15.8125,12.125,3.6875,15.8125,0.0
P106_10026,D,D_imp_asc,0.1,198,198,True,False,496,123,15.9375,12.125,3.8125,15.8125,0.125
P106_10026,D,D_imp_asc,0.2,396,396,True,False,496,127,16.0,12.375,3.625,15.8125,0.1875
P106_10026,D,D_imp_asc,0.3,595,595,True,False,496,90,16.25,12.5,3.75,15.8125,0.4375
P106_10026,D,D_imp_asc,0.5,992,777,True,False,496,83,16.625,13.5625,3.0625,15.8125,0.8125
P106_10076,hihp,hihp_imp_desc,0.05,99,99,False,False,6121,3,21.875,5.78125,16.09375,22.625,-0.75
P106_10076,hihp,hihp_imp_desc,0.1,198,198,False,False,8325,7,20.875,5.59375,15.28125,22.625,-1.75
P106_10076,hihp,hihp_imp_desc,0.2,396,396,False,False,8325,4,20.75,6.65625,14.09375,22.625,-1.875
P106_10076,hihp,hihp_imp_desc,0.3,595,595,False,False,3668,5,20.75,5.34375,15.40625,22.625,-1.875
P106_10076,hihp,hihp_imp_desc,0.5,992,740,False,False,8325,5,20.25,6.375,13.875,22.625,-2.375
P106_10076,hihp,hihp_imp_asc,0.05,99,99,True,False,21075,3,22.625,5.4375,17.1875,22.625,0.0
P106_10076,hihp,hihp_imp_asc,0.1,198,198,True,False,21075,3,22.5,5.8125,16.6875,22.625,-0.125
P106_10076,hihp,hihp_imp_asc,0.2,396,396,False,False,6121,3,22.125,5.4375,16.6875,22.625,-0.5
P106_10076,hihp,hihp_imp_asc,0.3,595,595,False,False,6121,4,21.5,6.3125,15.1875,22.625,-1.125
P106_10076,hihp,hihp_imp_asc,0.5,992,740,False,False,8325,5,20.25,6.375,13.875,22.625,-2.375
P106_10076,hilp,hilp_imp_desc,0.05,99,99,True,False,21075,3,22.75,5.53125,17.21875,22.625,0.125
P106_10076,hilp,hilp_imp_desc,0.1,198,198,True,False,21075,3,23.0,5.46875,17.53125,22.625,0.375
P106_10076,hilp,hilp_imp_desc,0.2,396,215,True,False,21075,2,23.125,5.5,17.625,22.625,0.5
P106_10076,hilp,hilp_imp_desc,0.3,595,215,True,False,21075,2,23.125,5.5,17.625,22.625,0.5
P106_10076,hilp,hilp_imp_desc,0.5,992,215,True,False,21075,2,23.125,5.5,17.625,22.625,0.5
P106_10076,hilp,hilp_imp_asc,0.05,99,99,True,False,21075,2,22.875,5.625,17.25,22.625,0.25
P106_10076,hilp,hilp_imp_asc,0.1,198,198,True,False,21075,3,22.75,5.59375,17.15625,22.625,0.125
P106_10076,hilp,hilp_imp_asc,0.2,396,215,True,False,21075,2,23.125,5.5,17.625,22.625,0.5
P106_10076,hilp,hilp_imp_asc,0.3,595,215,True,False,21075,2,23.125,5.5,17.625,22.625,0.5
P106_10076,hilp,hilp_imp_asc,0.5,992,215,True,False,21075,2,23.125,5.5,17.625,22.625,0.5
P106_10076,C,C_imp_asc,0.05,99,99,True,False,21075,3,22.75,5.75,17.0,22.625,0.125
P106_10076,C,C_imp_asc,0.1,198,198,True,False,21075,2,22.875,5.59375,17.28125,22.625,0.25
P106_10076,C,C_imp_asc,0.2,396,252,True,False,21075,2,22.875,5.28125,17.59375,22.625,0.25
P106_10076,C,C_imp_asc,0.3,595,252,True,False,21075,2,22.875,5.28125,17.59375,22.625,0.25
P106_10076,C,C_imp_asc,0.5,992,252,True,False,21075,2,22.875,5.28125,17.59375,22.625,0.25
P106_10076,D,D_imp_asc,0.05,99,99,True,False,21075,3,22.75,5.65625,17.09375,22.625,0.125
P106_10076,D,D_imp_asc,0.1,198,198,True,False,21075,3,22.75,5.6875,17.0625,22.625,0.125
P106_10076,D,D_imp_asc,0.2,396,396,True,False,21075,2,23.0,5.875,17.125,22.625,0.375
P106_10076,D,D_imp_asc,0.3,595,595,True,False,21075,3,23.375,6.03125,17.34375,22.625,0.75
P106_10076,D,D_imp_asc,0.5,992,777,True,False,21075,2,23.25,5.5625,17.6875,22.625,0.625
P108_10032,hihp,hihp_imp_desc,0.05,99,99,False,True,6475,1,29.0,7.84375,21.15625,25.25,3.75
P108_10032,hihp,hihp_imp_desc,0.1,198,198,False,True,6475,1,27.875,9.0625,18.8125,25.25,2.625
P108_10032,hihp,hihp_imp_desc,0.2,396,396,False,True,6475,1,26.125,9.1875,16.9375,25.25,0.875
P108_10032,hihp,hihp_imp_desc,0.3,595,595,False,True,6475,1,25.25,9.5625,15.6875,25.25,0.0
P108_10032,hihp,hihp_imp_desc,0.5,992,740,False,True,6475,1,25.625,10.0,15.625,25.25,0.375
P108_10032,hihp,hihp_imp_asc,0.05,99,99,True,False,9265,5,25.125,4.34375,20.78125,25.25,-0.125
P108_10032,hihp,hihp_imp_asc,0.1,198,198,True,False,9265,5,23.25,4.625,18.625,25.25,-2.0
P108_10032,hihp,hihp_imp_asc,0.2,396,396,True,False,9265,5,22.5,5.28125,17.21875,25.25,-2.75
P108_10032,hihp,hihp_imp_asc,0.3,595,595,True,False,9265,4,22.625,8.5625,14.0625,25.25,-2.625
P108_10032,hihp,hihp_imp_asc,0.5,992,740,False,True,6475,1,25.625,10.0,15.625,25.25,0.375
P108_10032,hilp,hilp_imp_desc,0.05,99,99,True,False,9265,2,27.25,5.96875,21.28125,25.25,2.0
P108_10032,hilp,hilp_imp_desc,0.1,198,198,True,False,9265,2,27.25,5.28125,21.96875,25.25,2.0
P108_10032,hilp,hilp_imp_desc,0.2,396,215,True,False,9265,2,27.25,5.59375,21.65625,25.25,2.0
P108_10032,hilp,hilp_imp_desc,0.3,595,215,True,False,9265,2,27.25,5.59375,21.65625,25.25,2.0
P108_10032,hilp,hilp_imp_desc,0.5,992,215,True,False,9265,2,27.25,5.59375,21.65625,25.25,2.0
P108_10032,hilp,hilp_imp_asc,0.05,99,99,True,False,9265,6,23.5,4.0625,19.4375,25.25,-1.75
P108_10032,hilp,hilp_imp_asc,0.1,198,198,True,False,9265,3,30.25,6.71875,23.53125,25.25,5.0
P108_10032,hilp,hilp_imp_asc,0.2,396,215,True,False,9265,2,27.25,5.59375,21.65625,25.25,2.0
P108_10032,hilp,hilp_imp_asc,0.3,595,215,True,False,9265,2,27.25,5.59375,21.65625,25.25,2.0
P108_10032,hilp,hilp_imp_asc,0.5,992,215,True,False,9265,2,27.25,5.59375,21.65625,25.25,2.0
P108_10032,C,C_imp_asc,0.05,99,99,True,False,9265,5,24.875,4.8125,20.0625,25.25,-0.375
P108_10032,C,C_imp_asc,0.1,198,198,True,False,9265,5,25.875,4.5625,21.3125,25.25,0.625
P108_10032,C,C_imp_asc,0.2,396,252,True,False,9265,5,25.5,4.40625,21.09375,25.25,0.25
P108_10032,C,C_imp_asc,0.3,595,252,True,False,9265,5,25.5,4.40625,21.09375,25.25,0.25
P108_10032,C,C_imp_asc,0.5,992,252,True,False,9265,5,25.5,4.40625,21.09375,25.25,0.25
P108_10032,D,D_imp_asc,0.05,99,99,True,False,9265,5,25.125,4.65625,20.46875,25.25,-0.125
P108_10032,D,D_imp_asc,0.1,198,198,True,False,9265,5,24.875,4.40625,20.46875,25.25,-0.375
P108_10032,D,D_imp_asc,0.2,396,396,True,False,9265,5,25.5,4.46875,21.03125,25.25,0.25
P108_10032,D,D_imp_asc,0.3,595,595,True,False,9265,5,25.875,5.21875,20.65625,25.25,0.625
P108_10032,D,D_imp_asc,0.5,992,777,True,False,9265,3,27.0,5.25,21.75,25.25,1.75
P108_10064,hihp,hihp_imp_desc,0.05,99,99,False,False,506,8,19.625,21.875,-2.25,26.375,-6.75
P108_10064,hihp,hihp_imp_desc,0.1,198,198,False,False,506,268,14.4375,22.125,-7.6875,26.375,-11.9375
P108_10064,hihp,hihp_imp_desc,0.2,396,396,False,False,506,375,13.75,22.375,-8.625,26.375,-12.625
P108_10064,hihp,hihp_imp_desc,0.3,595,595,False,False,506,955,12.25,22.625,-10.375,26.375,-14.125
P108_10064,hihp,hihp_imp_desc,0.5,992,740,False,False,506,2458,9.1875,17.0,-7.8125,26.375,-17.1875
P108_10064,hihp,hihp_imp_asc,0.05,99,99,True,True,6475,1,26.375,9.75,16.625,26.375,0.0
P108_10064,hihp,hihp_imp_asc,0.1,198,198,True,True,6475,1,26.625,10.0,16.625,26.375,0.25
P108_10064,hihp,hihp_imp_asc,0.2,396,396,True,True,6475,1,26.875,10.8125,16.0625,26.375,0.5
P108_10064,hihp,hihp_imp_asc,0.3,595,595,True,True,6475,1,25.0,14.3125,10.6875,26.375,-1.375
P108_10064,hihp,hihp_imp_asc,0.5,992,740,False,False,506,2458,9.1875,17.0,-7.8125,26.375,-17.1875
P108_10064,hilp,hilp_imp_desc,0.05,99,99,True,True,6475,1,25.625,9.125,16.5,26.375,-0.75
P108_10064,hilp,hilp_imp_desc,0.1,198,198,True,True,6475,1,25.5,9.0,16.5,26.375,-0.875
P108_10064,hilp,hilp_imp_desc,0.2,396,215,True,True,6475,1,25.5,9.0,16.5,26.375,-0.875
P108_10064,hilp,hilp_imp_desc,0.3,595,215,True,True,6475,1,25.5,9.0,16.5,26.375,-0.875
P108_10064,hilp,hilp_imp_desc,0.5,992,215,True,True,6475,1,25.5,9.0,16.5,26.375,-0.875
P108_10064,hilp,hilp_imp_asc,0.05,99,99,True,True,6475,1,26.25,10.0625,16.1875,26.375,-0.125
P108_10064,hilp,hilp_imp_asc,0.1,198,198,True,True,6475,1,25.75,9.5625,16.1875,26.375,-0.625
P108_10064,hilp,hilp_imp_asc,0.2,396,215,True,True,6475,1,25.5,9.0,16.5,26.375,-0.875
P108_10064,hilp,hilp_imp_asc,0.3,595,215,True,True,6475,1,25.5,9.0,16.5,26.375,-0.875
P108_10064,hilp,hilp_imp_asc,0.5,992,215,True,True,6475,1,25.5,9.0,16.5,26.375,-0.875
P108_10064,C,C_imp_asc,0.05,99,99,True,True,6475,1,26.25,10.5,15.75,26.375,-0.125
P108_10064,C,C_imp_asc,0.1,198,198,True,True,6475,1,26.375,10.5625,15.8125,26.375,0.0
P108_10064,C,C_imp_asc,0.2,396,252,True,True,6475,1,26.125,10.4375,15.6875,26.375,-0.25
P108_10064,C,C_imp_asc,0.3,595,252,True,True,6475,1,26.125,10.4375,15.6875,26.375,-0.25
P108_10064,C,C_imp_asc,0.5,992,252,True,True,6475,1,26.125,10.4375,15.6875,26.375,-0.25
P108_10064,D,D_imp_asc,0.05,99,99,True,True,6475,1,26.25,10.1875,16.0625,26.375,-0.125
P108_10064,D,D_imp_asc,0.1,198,198,True,True,6475,1,26.375,10.0,16.375,26.375,0.0
P108_10064,D,D_imp_asc,0.2,396,396,True,True,6475,1,26.375,9.75,16.625,26.375,0.0
P108_10064,D,D_imp_asc,0.3,595,595,True,True,6475,1,26.5,9.75,16.75,26.375,0.125
P108_10064,D,D_imp_asc,0.5,992,777,True,True,6475,1,26.5,9.375,17.125,26.375,0.125
P127_10,hihp,hihp_imp_desc,0.05,99,99,True,False,506,53,14.25,12.1875,2.0625,16.75,-2.5
P127_10,hihp,hihp_imp_desc,0.1,198,198,False,False,9265,148,13.1875,11.4375,1.75,16.75,-3.5625
P127_10,hihp,hihp_imp_desc,0.2,396,396,False,False,9265,127,13.625,10.875,2.75,16.75,-3.125
P127_10,hihp,hihp_imp_desc,0.3,595,595,False,False,9265,169,13.375,10.4375,2.9375,16.75,-3.375
P127_10,hihp,hihp_imp_desc,0.5,992,740,False,False,9265,162,13.3125,10.0625,3.25,16.75,-3.4375
P127_10,hihp,hihp_imp_asc,0.05,99,99,True,False,506,13,16.625,9.0,7.625,16.75,-0.125
P127_10,hihp,hihp_imp_asc,0.1,198,198,True,False,506,12,17.25,9.75,7.5,16.75,0.5
P127_10,hihp,hihp_imp_asc,0.2,396,396,True,False,506,2,18.875,9.375,9.5,16.75,2.125
P127_10,hihp,hihp_imp_asc,0.3,595,595,False,True,23372,1,20.375,10.25,10.125,16.75,3.625
P127_10,hihp,hihp_imp_asc,0.5,992,740,False,False,9265,162,13.3125,10.0625,3.25,16.75,-3.4375
P127_10,hilp,hilp_imp_desc,0.05,99,99,True,False,506,20,16.0,8.9375,7.0625,16.75,-0.75
P127_10,hilp,hilp_imp_desc,0.1,198,198,True,False,506,16,16.25,9.0,7.25,16.75,-0.5
P127_10,hilp,hilp_imp_desc,0.2,396,215,True,False,506,18,16.125,9.0,7.125,16.75,-0.625
P127_10,hilp,hilp_imp_desc,0.3,595,215,True,False,506,18,16.125,9.0,7.125,16.75,-0.625
P127_10,hilp,hilp_imp_desc,0.5,992,215,True,False,506,18,16.125,9.0,7.125,16.75,-0.625
P127_10,hilp,hilp_imp_asc,0.05,99,99,True,False,506,13,16.625,9.25,7.375,16.75,-0.125
P127_10,hilp,hilp_imp_asc,0.1,198,198,True,False,506,18,16.125,9.125,7.0,16.75,-0.625
P127_10,hilp,hilp_imp_asc,0.2,396,215,True,False,506,18,16.125,9.0,7.125,16.75,-0.625
P127_10,hilp,hilp_imp_asc,0.3,595,215,True,False,506,18,16.125,9.0,7.125,16.75,-0.625
P127_10,hilp,hilp_imp_asc,0.5,992,215,True,False,506,18,16.125,9.0,7.125,16.75,-0.625
P127_10,C,C_imp_asc,0.05,99,99,True,False,506,10,17.0,9.75,7.25,16.75,0.25
P127_10,C,C_imp_asc,0.1,198,198,True,False,506,8,17.125,9.8125,7.3125,16.75,0.375
P127_10,C,C_imp_asc,0.2,396,252,True,False,506,5,17.375,9.4375,7.9375,16.75,0.625
P127_10,C,C_imp_asc,0.3,595,252,True,False,506,5,17.375,9.4375,7.9375,16.75,0.625
P127_10,C,C_imp_asc,0.5,992,252,True,False,506,5,17.375,9.4375,7.9375,16.75,0.625
P127_10,D,D_imp_asc,0.05,99,99,True,False,506,13,16.625,9.3125,7.3125,16.75,-0.125
P127_10,D,D_imp_asc,0.1,198,198,True,False,506,12,16.625,9.3125,7.3125,16.75,-0.125
P127_10,D,D_imp_asc,0.2,396,396,True,False,506,12,16.5,9.3125,7.1875,16.75,-0.25
P127_10,D,D_imp_asc,0.3,595,595,True,False,506,10,16.375,8.875,7.5,16.75,-0.375
P127_10,D,D_imp_asc,0.5,992,777,True,False,506,11,16.375,9.3125,7.0625,16.75,-0.375
P127_10040,hihp,hihp_imp_desc,0.05,99,99,True,False,236764,4588,6.1875,5.78125,0.40625,20.25,-14.0625
P127_10040,hihp,hihp_imp_desc,0.1,198,198,False,False,124851,7873,5.5,6.625,-1.125,20.25,-14.75
P127_10040,hihp,hihp_imp_desc,0.2,396,396,False,False,124851,24673,3.421875,5.625,-2.203125,20.25,-16.828125
P127_10040,hihp,hihp_imp_desc,0.3,595,595,False,False,124851,42398,2.515625,5.46875,-2.953125,20.25,-17.734375
P127_10040,hihp,hihp_imp_desc,0.5,992,740,False,False,529,10927,4.84375,6.53125,-1.6875,20.25,-15.40625
P127_10040,hihp,hihp_imp_asc,0.05,99,99,True,False,236764,2,20.375,9.75,10.625,20.25,0.125
P127_10040,hihp,hihp_imp_asc,0.1,198,198,True,False,236764,2,20.125,10.1875,9.9375,20.25,-0.125
P127_10040,hihp,hihp_imp_asc,0.2,396,396,False,True,31209,1,20.875,10.0625,10.8125,20.25,0.625
P127_10040,hihp,hihp_imp_asc,0.3,595,595,False,False,529,109,12.0,9.8125,2.1875,20.25,-8.25
P127_10040,hihp,hihp_imp_asc,0.5,992,740,False,False,529,10927,4.84375,6.53125,-1.6875,20.25,-15.40625
P127_10040,hilp,hilp_imp_desc,0.05,99,99,True,False,236764,2,20.625,9.6875,10.9375,20.25,0.375
P127_10040,hilp,hilp_imp_desc,0.1,198,198,True,False,236764,2,21.25,10.0625,11.1875,20.25,1.0
P127_10040,hilp,hilp_imp_desc,0.2,396,215,True,False,236764,2,21.375,10.25,11.125,20.25,1.125
P127_10040,hilp,hilp_imp_desc,0.3,595,215,True,False,236764,2,21.375,10.25,11.125,20.25,1.125
P127_10040,hilp,hilp_imp_desc,0.5,992,215,True,False,236764,2,21.375,10.25,11.125,20.25,1.125
P127_10040,hilp,hilp_imp_asc,0.05,99,99,True,False,236764,2,20.75,9.6875,11.0625,20.25,0.5
P127_10040,hilp,hilp_imp_asc,0.1,198,198,True,False,236764,2,21.25,9.8125,11.4375,20.25,1.0
P127_10040,hilp,hilp_imp_asc,0.2,396,215,True,False,236764,2,21.375,10.25,11.125,20.25,1.125
P127_10040,hilp,hilp_imp_asc,0.3,595,215,True,False,236764,2,21.375,10.25,11.125,20.25,1.125
P127_10040,hilp,hilp_imp_asc,0.5,992,215,True,False,236764,2,21.375,10.25,11.125,20.25,1.125
P127_10040,C,C_imp_asc,0.05,99,99,True,False,236764,2,20.375,9.6875,10.6875,20.25,0.125
P127_10040,C,C_imp_asc,0.1,198,198,True,False,236764,2,20.5,9.875,10.625,20.25,0.25
P127_10040,C,C_imp_asc,0.2,396,252,True,False,236764,2,20.75,10.0625,10.6875,20.25,0.5
P127_10040,C,C_imp_asc,0.3,595,252,True,False,236764,2,20.75,10.0625,10.6875,20.25,0.5
P127_10040,C,C_imp_asc,0.5,992,252,True,False,236764,2,20.75,10.0625,10.6875,20.25,0.5
P127_10040,D,D_imp_asc,0.05,99,99,True,False,236764,2,20.125,9.3125,10.8125,20.25,-0.125
P127_10040,D,D_imp_asc,0.1,198,198,True,False,236764,2,20.125,9.3125,10.8125,20.25,-0.125
P127_10040,D,D_imp_asc,0.2,396,396,True,False,236764,2,20.0,9.625,10.375,20.25,-0.25
P127_10040,D,D_imp_asc,0.3,595,595,True,False,236764,2,20.25,10.5625,9.6875,20.25,0.0
P127_10040,D,D_imp_asc,0.5,992,777,True,False,236764,2,20.375,10.5,9.875,20.25,0.125
P1303_10011,hihp,hihp_imp_desc,0.05,99,99,True,False,27639,17,17.75,19.625,-1.875,20.125,-2.375
P1303_10011,hihp,hihp_imp_desc,0.1,198,198,True,False,27639,8,18.25,19.375,-1.125,20.125,-1.875
P1303_10011,hihp,hihp_imp_desc,0.2,396,396,False,False,5693,29,16.5,18.875,-2.375,20.125,-3.625
P1303_10011,hihp,hihp_imp_desc,0.3,595,595,False,False,17840,16,17.75,19.125,-1.375,20.125,-2.375
P1303_10011,hihp,hihp_imp_desc,0.5,992,740,False,False,200388,21,16.125,17.0,-0.875,20.125,-4.0
P1303_10011,hihp,hihp_imp_asc,0.05,99,99,False,False,96800,2,20.25,18.875,1.375,20.125,0.125
P1303_10011,hihp,hihp_imp_asc,0.1,198,198,False,False,96800,5,19.25,18.75,0.5,20.125,-0.875
P1303_10011,hihp,hihp_imp_asc,0.2,396,396,False,False,96800,2,19.375,19.25,0.125,20.125,-0.75
P1303_10011,hihp,hihp_imp_asc,0.3,595,595,False,False,125509,3,18.375,18.25,0.125,20.125,-1.75
P1303_10011,hihp,hihp_imp_asc,0.5,992,740,False,False,200388,21,16.125,17.0,-0.875,20.125,-4.0
P1303_10011,hilp,hilp_imp_desc,0.05,99,99,True,False,27639,3,20.375,18.875,1.5,20.125,0.25
P1303_10011,hilp,hilp_imp_desc,0.1,198,198,True,False,27639,2,19.875,18.125,1.75,20.125,-0.25
P1303_10011,hilp,hilp_imp_desc,0.2,396,215,False,True,67748,1,19.875,18.0,1.875,20.125,-0.25
P1303_10011,hilp,hilp_imp_desc,0.3,595,215,False,True,67748,1,19.875,18.0,1.875,20.125,-0.25
P1303_10011,hilp,hilp_imp_desc,0.5,992,215,False,True,67748,1,19.875,18.0,1.875,20.125,-0.25
P1303_10011,hilp,hilp_imp_asc,0.05,99,99,False,True,67748,1,19.75,18.125,1.625,20.125,-0.375
P1303_10011,hilp,hilp_imp_asc,0.1,198,198,False,True,67748,1,20.125,18.25,1.875,20.125,0.0
P1303_10011,hilp,hilp_imp_asc,0.2,396,215,False,True,67748,1,19.875,18.0,1.875,20.125,-0.25
P1303_10011,hilp,hilp_imp_asc,0.3,595,215,False,True,67748,1,19.875,18.0,1.875,20.125,-0.25
P1303_10011,hilp,hilp_imp_asc,0.5,992,215,False,True,67748,1,19.875,18.0,1.875,20.125,-0.25
P1303_10011,C,C_imp_asc,0.05,99,99,False,False,96800,4,19.625,19.0,0.625,20.125,-0.5
P1303_10011,C,C_imp_asc,0.1,198,198,False,False,125509,5,19.875,19.5,0.375,20.125,-0.25
P1303_10011,C,C_imp_asc,0.2,396,252,False,False,125509,6,20.125,20.0,0.125,20.125,0.0
P1303_10011,C,C_imp_asc,0.3,595,252,False,False,125509,6,20.125,20.0,0.125,20.125,0.0
P1303_10011,C,C_imp_asc,0.5,992,252,False,False,125509,6,20.125,20.0,0.125,20.125,0.0
P1303_10011,D,D_imp_asc,0.05,99,99,True,False,27639,3,20.125,19.0,1.125,20.125,0.0
P1303_10011,D,D_imp_asc,0.1,198,198,True,False,27639,4,20.25,19.0,1.25,20.125,0.125
P1303_10011,D,D_imp_asc,0.2,396,396,False,False,96800,2,20.125,19.0,1.125,20.125,0.0
P1303_10011,D,D_imp_asc,0.3,595,595,True,False,27639,2,20.0,18.625,1.375,20.125,-0.125
P1303_10011,D,D_imp_asc,0.5,992,777,False,True,67748,1,20.0,18.5,1.5,20.125,-0.125
P1303_10017,hihp,hihp_imp_desc,0.05,99,99,False,False,496,7,18.875,16.0,2.875,18.625,0.25
P1303_10017,hihp,hihp_imp_desc,0.1,198,198,False,False,496,16,17.625,14.3125,3.3125,18.625,-1.0
P1303_10017,hihp,hihp_imp_desc,0.2,396,396,True,False,506,15,18.75,13.6875,5.0625,18.625,0.125
P1303_10017,hihp,hihp_imp_desc,0.3,595,595,True,False,506,13,19.0,12.625,6.375,18.625,0.375
P1303_10017,hihp,hihp_imp_desc,0.5,992,740,True,False,506,3,20.125,14.6875,5.4375,18.625,1.5
P1303_10017,hihp,hihp_imp_asc,0.05,99,99,True,False,506,7,18.375,17.75,0.625,18.625,-0.25
P1303_10017,hihp,hihp_imp_asc,0.1,198,198,True,False,506,6,18.75,17.75,1.0,18.625,0.125
P1303_10017,hihp,hihp_imp_asc,0.2,396,396,True,False,506,3,18.25,17.5,0.75,18.625,-0.375
P1303_10017,hihp,hihp_imp_asc,0.3,595,595,True,False,506,3,18.25,16.625,1.625,18.625,-0.375
P1303_10017,hihp,hihp_imp_asc,0.5,992,740,True,False,506,3,20.125,14.6875,5.4375,18.625,1.5
P1303_10017,hilp,hilp_imp_desc,0.05,99,99,True,False,506,9,18.25,17.625,0.625,18.625,-0.375
P1303_10017,hilp,hilp_imp_desc,0.1,198,198,True,False,506,9,18.25,17.5,0.75,18.625,-0.375
P1303_10017,hilp,hilp_imp_desc,0.2,396,215,True,False,506,9,18.25,17.5,0.75,18.625,-0.375
P1303_10017,hilp,hilp_imp_desc,0.3,595,215,True,False,506,9,18.25,17.5,0.75,18.625,-0.375
P1303_10017,hilp,hilp_imp_desc,0.5,992,215,True,False,506,9,18.25,17.5,0.75,18.625,-0.375
P1303_10017,hilp,hilp_imp_asc,0.05,99,99,True,False,506,7,18.5,18.0,0.5,18.625,-0.125
P1303_10017,hilp,hilp_imp_asc,0.1,198,198,True,False,506,8,18.375,17.5,0.875,18.625,-0.25
P1303_10017,hilp,hilp_imp_asc,0.2,396,215,True,False,506,9,18.25,17.5,0.75,18.625,-0.375
P1303_10017,hilp,hilp_imp_asc,0.3,595,215,True,False,506,9,18.25,17.5,0.75,18.625,-0.375
P1303_10017,hilp,hilp_imp_asc,0.5,992,215,True,False,506,9,18.25,17.5,0.75,18.625,-0.375
P1303_10017,C,C_imp_asc,0.05,99,99,True,False,506,6,18.75,17.75,1.0,18.625,0.125
P1303_10017,C,C_imp_asc,0.1,198,198,True,False,506,6,18.875,17.625,1.25,18.625,0.25
P1303_10017,C,C_imp_asc,0.2,396,252,True,False,506,8,18.625,17.125,1.5,18.625,0.0
P1303_10017,C,C_imp_asc,0.3,595,252,True,False,506,8,18.625,17.125,1.5,18.625,0.0
P1303_10017,C,C_imp_asc,0.5,992,252,True,False,506,8,18.625,17.125,1.5,18.625,0.0
P1303_10017,D,D_imp_asc,0.05,99,99,True,False,506,7,18.625,18.0,0.625,18.625,0.0
P1303_10017,D,D_imp_asc,0.1,198,198,True,False,506,8,18.5,18.125,0.375,18.625,-0.125
P1303_10017,D,D_imp_asc,0.2,396,396,True,False,506,5,18.75,18.375,0.375,18.625,0.125
P1303_10017,D,D_imp_asc,0.3,595,595,True,False,506,5,18.625,18.375,0.25,18.625,0.0
P1303_10017,D,D_imp_asc,0.5,992,777,True,False,506,5,18.875,18.25,0.625,18.625,0.25
P131_10018,hihp,hihp_imp_desc,0.05,99,99,True,False,496,8,17.75,9.625,8.125,25.375,-7.625
P131_10018,hihp,hihp_imp_desc,0.1,198,198,False,False,506,526,11.5,8.8125,2.6875,25.375,-13.875
P131_10018,hihp,hihp_imp_desc,0.2,396,396,True,False,496,3008,8.75,10.3125,-1.5625,25.375,-16.625
P131_10018,hihp,hihp_imp_desc,0.3,595,595,True,False,496,4176,7.75,11.4375,-3.6875,25.375,-17.625
P131_10018,hihp,hihp_imp_desc,0.5,992,740,True,False,496,8464,6.6875,10.875,-4.1875,25.375,-18.6875
P131_10018,hihp,hihp_imp_asc,0.05,99,99,True,False,496,2,24.75,7.0625,17.6875,25.375,-0.625
P131_10018,hihp,hihp_imp_asc,0.1,198,198,True,False,496,3,23.125,7.1875,15.9375,25.375,-2.25
P131_10018,hihp,hihp_imp_asc,0.2,396,396,True,False,496,4,21.625,7.5,14.125,25.375,-3.75
P131_10018,hihp,hihp_imp_asc,0.3,595,595,True,False,496,4,19.625,9.875,9.75,25.375,-5.75
P131_10018,hihp,hihp_imp_asc,0.5,992,740,True,False,496,8464,6.6875,10.875,-4.1875,25.375,-18.6875
P131_10018,hilp,hilp_imp_desc,0.05,99,99,True,False,496,2,24.375,7.53125,16.84375,25.375,-1.0
P131_10018,hilp,hilp_imp_desc,0.1,198,198,True,False,496,2,24.5,8.1875,16.3125,25.375,-0.875
P131_10018,hilp,hilp_imp_desc,0.2,396,215,True,False,496,2,24.375,8.1875,16.1875,25.375,-1.0
P131_10018,hilp,hilp_imp_desc,0.3,595,215,True,False,496,2,24.375,8.1875,16.1875,25.375,-1.0
P131_10018,hilp,hilp_imp_desc,0.5,992,215,True,False,496,2,24.375,8.1875,16.1875,25.375,-1.0
P131_10018,hilp,hilp_imp_asc,0.05,99,99,True,False,496,2,25.75,7.65625,18.09375,25.375,0.375
P131_10018,hilp,hilp_imp_asc,0.1,198,198,True,False,496,2,24.875,8.3125,16.5625,25.375,-0.5
P131_10018,hilp,hilp_imp_asc,0.2,396,215,True,False,496,2,24.375,8.1875,16.1875,25.375,-1.0
P131_10018,hilp,hilp_imp_asc,0.3,595,215,True,False,496,2,24.375,8.1875,16.1875,25.375,-1.0
P131_10018,hilp,hilp_imp_asc,0.5,992,215,True,False,496,2,24.375,8.1875,16.1875,25.375,-1.0
P131_10018,C,C_imp_asc,0.05,99,99,True,False,496,2,24.375,6.25,18.125,25.375,-1.0
P131_10018,C,C_imp_asc,0.1,198,198,True,False,496,2,24.375,6.75,17.625,25.375,-1.0
P131_10018,C,C_imp_asc,0.2,396,252,True,False,496,3,23.75,6.96875,16.78125,25.375,-1.625
P131_10018,C,C_imp_asc,0.3,595,252,True,False,496,3,23.75,6.96875,16.78125,25.375,-1.625
P131_10018,C,C_imp_asc,0.5,992,252,True,False,496,3,23.75,6.96875,16.78125,25.375,-1.625
P131_10018,D,D_imp_asc,0.05,99,99,True,False,496,2,25.5,7.15625,18.34375,25.375,0.125
P131_10018,D,D_imp_asc,0.1,198,198,True,False,496,2,25.5,7.25,18.25,25.375,0.125
P131_10018,D,D_imp_asc,0.2,396,396,True,False,496,2,25.875,7.25,18.625,25.375,0.5
P131_10018,D,D_imp_asc,0.3,595,595,True,False,496,2,25.125,6.8125,18.3125,25.375,-0.25
P131_10018,D,D_imp_asc,0.5,992,777,True,False,496,2,24.375,6.25,18.125,25.375,-1.0
P131_10045,hihp,hihp_imp_desc,0.05,99,99,True,False,496,49,15.8125,10.75,5.0625,19.125,-3.3125
P131_10045,hihp,hihp_imp_desc,0.1,198,198,True,False,496,222,12.25,10.5,1.75,19.125,-6.875
P131_10045,hihp,hihp_imp_desc,0.2,396,396,True,False,496,132,13.125,11.125,2.0,19.125,-6.0
P131_10045,hihp,hihp_imp_desc,0.3,595,595,True,False,496,146,12.8125,10.375,2.4375,19.125,-6.3125
P131_10045,hihp,hihp_imp_desc,0.5,992,740,True,False,496,150,12.875,10.25,2.625,19.125,-6.25
P131_10045,hihp,hihp_imp_asc,0.05,99,99,True,False,496,14,19.375,9.9375,9.4375,19.125,0.25
P131_10045,hihp,hihp_imp_asc,0.1,198,198,True,False,496,19,18.875,10.75,8.125,19.125,-0.25
P131_10045,hihp,hihp_imp_asc,0.2,396,396,False,False,506,6,19.875,11.5,8.375,19.125,0.75
P131_10045,hihp,hihp_imp_asc,0.3,595,595,False,False,506,2,21.625,12.6875,8.9375,19.125,2.5
P131_10045,hihp,hihp_imp_asc,0.5,992,740,True,False,496,150,12.875,10.25,2.625,19.125,-6.25
P131_10045,hilp,hilp_imp_desc,0.05,99,99,True,False,496,11,19.5,9.125,10.375,19.125,0.375
P131_10045,hilp,hilp_imp_desc,0.1,198,198,True,False,496,14,19.25,9.6875,9.5625,19.125,0.125
P131_10045,hilp,hilp_imp_desc,0.2,396,215,True,False,496,11,19.5,9.625,9.875,19.125,0.375
P131_10045,hilp,hilp_imp_desc,0.3,595,215,True,False,496,11,19.5,9.625,9.875,19.125,0.375
P131_10045,hilp,hilp_imp_desc,0.5,992,215,True,False,496,11,19.5,9.625,9.875,19.125,0.375
P131_10045,hilp,hilp_imp_asc,0.05,99,99,True,False,496,15,19.25,9.8125,9.4375,19.125,0.125
P131_10045,hilp,hilp_imp_asc,0.1,198,198,True,False,496,11,19.75,10.0625,9.6875,19.125,0.625
P131_10045,hilp,hilp_imp_asc,0.2,396,215,True,False,496,11,19.5,9.625,9.875,19.125,0.375
P131_10045,hilp,hilp_imp_asc,0.3,595,215,True,False,496,11,19.5,9.625,9.875,19.125,0.375
P131_10045,hilp,hilp_imp_asc,0.5,992,215,True,False,496,11,19.5,9.625,9.875,19.125,0.375
P131_10045,C,C_imp_asc,0.05,99,99,True,False,496,15,19.125,9.9375,9.1875,19.125,0.0
P131_10045,C,C_imp_asc,0.1,198,198,True,False,496,22,18.625,10.0,8.625,19.125,-0.5
P131_10045,C,C_imp_asc,0.2,396,252,True,False,496,17,18.875,10.25,8.625,19.125,-0.25
P131_10045,C,C_imp_asc,0.3,595,252,True,False,496,17,18.875,10.25,8.625,19.125,-0.25
P131_10045,C,C_imp_asc,0.5,992,252,True,False,496,17,18.875,10.25,8.625,19.125,-0.25
P131_10045,D,D_imp_asc,0.05,99,99,True,False,496,15,19.125,9.75,9.375,19.125,0.0
P131_10045,D,D_imp_asc,0.1,198,198,True,False,496,16,19.0,9.6875,9.3125,19.125,-0.125
P131_10045,D,D_imp_asc,0.2,396,396,True,False,496,20,18.75,10.25,8.5,19.125,-0.375
P131_10045,D,D_imp_asc,0.3,595,595,True,False,496,22,18.5,9.9375,8.5625,19.125,-0.625
P131_10045,D,D_imp_asc,0.5,992,777,True,False,496,28,18.125,10.3125,7.8125,19.125,-1.0
P136_10043,hihp,hihp_imp_desc,0.05,99,99,False,False,496,700,10.5625,15.625,-5.0625,13.625,-3.0625
P136_10043,hihp,hihp_imp_desc,0.1,198,198,False,False,496,1674,9.0625,14.75,-5.6875,13.625,-4.5625
P136_10043,hihp,hihp_imp_desc,0.2,396,396,False,False,657,4766,7.375,12.625,-5.25,13.625,-6.25
P136_10043,hihp,hihp_imp_desc,0.3,595,595,False,False,657,5588,7.46875,12.6875,-5.21875,13.625,-6.15625
P136_10043,hihp,hihp_imp_desc,0.5,992,740,False,False,657,6333,7.1875,12.4375,-5.25,13.625,-6.4375
P136_10043,hihp,hihp_imp_asc,0.05,99,99,False,False,496,227,13.75,17.25,-3.5,13.625,0.125
P136_10043,hihp,hihp_imp_asc,0.1,198,198,False,False,496,182,14.0,17.75,-3.75,13.625,0.375
P136_10043,hihp,hihp_imp_asc,0.2,396,396,False,False,496,202,13.875,17.875,-4.0,13.625,0.25
P136_10043,hihp,hihp_imp_asc,0.3,595,595,False,False,657,392,12.3125,17.0,-4.6875,13.625,-1.3125
P136_10043,hihp,hihp_imp_asc,0.5,992,740,False,False,657,6333,7.1875,12.4375,-5.25,13.625,-6.4375
P136_10043,hilp,hilp_imp_desc,0.05,99,99,False,False,496,276,13.5,17.125,-3.625,13.625,-0.125
P136_10043,hilp,hilp_imp_desc,0.1,198,198,False,False,496,222,13.6875,17.25,-3.5625,13.625,0.0625
P136_10043,hilp,hilp_imp_desc,0.2,396,215,False,False,496,213,13.75,17.25,-3.5,13.625,0.125
P136_10043,hilp,hilp_imp_desc,0.3,595,215,False,False,496,213,13.75,17.25,-3.5,13.625,0.125
P136_10043,hilp,hilp_imp_desc,0.5,992,215,False,False,496,213,13.75,17.25,-3.5,13.625,0.125
P136_10043,hilp,hilp_imp_asc,0.05,99,99,False,False,496,203,13.9375,17.5,-3.5625,13.625,0.3125
P136_10043,hilp,hilp_imp_asc,0.1,198,198,False,False,496,219,13.75,17.25,-3.5,13.625,0.125
P136_10043,hilp,hilp_imp_asc,0.2,396,215,False,False,496,213,13.75,17.25,-3.5,13.625,0.125
P136_10043,hilp,hilp_imp_asc,0.3,595,215,False,False,496,213,13.75,17.25,-3.5,13.625,0.125
P136_10043,hilp,hilp_imp_asc,0.5,992,215,False,False,496,213,13.75,17.25,-3.5,13.625,0.125
P136_10043,C,C_imp_asc,0.05,99,99,True,False,618,256,13.5625,17.25,-3.6875,13.625,-0.0625
P136_10043,C,C_imp_asc,0.1,198,198,True,False,618,232,13.625,17.375,-3.75,13.625,0.0
P136_10043,C,C_imp_asc,0.2,396,252,False,False,496,220,13.5625,17.5,-3.9375,13.625,-0.0625
P136_10043,C,C_imp_asc,0.3,595,252,False,False,496,220,13.5625,17.5,-3.9375,13.625,-0.0625
P136_10043,C,C_imp_asc,0.5,992,252,False,False,496,220,13.5625,17.5,-3.9375,13.625,-0.0625
P136_10043,D,D_imp_asc,0.05,99,99,True,False,618,256,13.6875,17.25,-3.5625,13.625,0.0625
P136_10043,D,D_imp_asc,0.1,198,198,True,False,618,246,13.6875,17.125,-3.4375,13.625,0.0625
P136_10043,D,D_imp_asc,0.2,396,396,True,False,618,276,13.5625,16.875,-3.3125,13.625,-0.0625
P136_10043,D,D_imp_asc,0.3,595,595,True,False,618,263,13.5625,17.125,-3.5625,13.625,-0.0625
P136_10043,D,D_imp_asc,0.5,992,777,True,False,618,242,13.6875,17.125,-3.4375,13.625,0.0625
P136_10065,hihp,hihp_imp_desc,0.05,99,99,False,False,496,20595,5.28125,13.125,-7.84375,17.375,-12.09375
P136_10065,hihp,hihp_imp_desc,0.1,198,198,False,False,496,32891,3.6875,12.875,-9.1875,17.375,-13.6875
P136_10065,hihp,hihp_imp_desc,0.2,396,396,False,False,496,73650,1.0546875,10.5,-9.4453125,17.375,-16.3203125
P136_10065,hihp,hihp_imp_desc,0.3,595,595,True,False,506,59679,1.65625,8.8125,-7.15625,17.375,-15.71875
P136_10065,hihp,hihp_imp_desc,0.5,992,740,True,False,506,66670,1.296875,8.75,-7.453125,17.375,-16.078125
P136_10065,hihp,hihp_imp_asc,0.05,99,99,True,False,506,21,17.375,15.875,1.5,17.375,0.0
P136_10065,hihp,hihp_imp_asc,0.1,198,198,True,False,506,22,17.375,16.0,1.375,17.375,0.0
P136_10065,hihp,hihp_imp_asc,0.2,396,396,True,False,506,259,13.6875,16.125,-2.4375,17.375,-3.6875
P136_10065,hihp,hihp_imp_asc,0.3,595,595,True,False,506,1678,11.0,15.9375,-4.9375,17.375,-6.375
P136_10065,hihp,hihp_imp_asc,0.5,992,740,True,False,506,66670,1.296875,8.75,-7.453125,17.375,-16.078125
P136_10065,hilp,hilp_imp_desc,0.05,99,99,True,False,506,21,17.75,15.875,1.875,17.375,0.375
P136_10065,hilp,hilp_imp_desc,0.1,198,198,True,False,506,22,17.625,15.8125,1.8125,17.375,0.25
P136_10065,hilp,hilp_imp_desc,0.2,396,215,True,False,506,21,17.625,15.875,1.75,17.375,0.25
P136_10065,hilp,hilp_imp_desc,0.3,595,215,True,False,506,21,17.625,15.875,1.75,17.375,0.25
P136_10065,hilp,hilp_imp_desc,0.5,992,215,True,False,506,21,17.625,15.875,1.75,17.375,0.25
P136_10065,hilp,hilp_imp_asc,0.05,99,99,True,False,506,18,17.75,15.75,2.0,17.375,0.375
P136_10065,hilp,hilp_imp_asc,0.1,198,198,True,False,506,22,17.375,15.75,1.625,17.375,0.0
P136_10065,hilp,hilp_imp_asc,0.2,396,215,True,False,506,21,17.625,15.875,1.75,17.375,0.25
P136_10065,hilp,hilp_imp_asc,0.3,595,215,True,False,506,21,17.625,15.875,1.75,17.375,0.25
P136_10065,hilp,hilp_imp_asc,0.5,992,215,True,False,506,21,17.625,15.875,1.75,17.375,0.25
P136_10065,C,C_imp_asc,0.05,99,99,True,False,506,20,17.625,15.625,2.0,17.375,0.25
P136_10065,C,C_imp_asc,0.1,198,198,False,False,496,17,18.125,15.6875,2.4375,17.375,0.75
P136_10065,C,C_imp_asc,0.2,396,252,False,False,496,21,17.625,15.625,2.0,17.375,0.25
P136_10065,C,C_imp_asc,0.3,595,252,False,False,496,21,17.625,15.625,2.0,17.375,0.25
P136_10065,C,C_imp_asc,0.5,992,252,False,False,496,21,17.625,15.625,2.0,17.375,0.25
P136_10065,D,D_imp_asc,0.05,99,99,True,False,506,20,17.375,15.8125,1.5625,17.375,0.0
P136_10065,D,D_imp_asc,0.1,198,198,True,False,506,20,17.375,15.8125,1.5625,17.375,0.0
P136_10065,D,D_imp_asc,0.2,396,396,True,False,506,21,17.25,15.75,1.5,17.375,-0.125
P136_10065,D,D_imp_asc,0.3,595,595,True,False,506,21,17.375,15.625,1.75,17.375,0.0
P136_10065,D,D_imp_asc,0.5,992,777,True,False,506,22,17.5,15.625,1.875,17.375,0.125
P138_10042,hihp,hihp_imp_desc,0.05,99,99,True,False,506,7,16.625,7.25,9.375,20.875,-4.25
P138_10042,hihp,hihp_imp_desc,0.1,198,198,True,False,506,45,14.375,8.0625,6.3125,20.875,-6.5
P138_10042,hihp,hihp_imp_desc,0.2,396,396,True,False,506,409,11.0,7.0,4.0,20.875,-9.875
P138_10042,hihp,hihp_imp_desc,0.3,595,595,True,False,506,1451,9.0625,7.0,2.0625,20.875,-11.8125
P138_10042,hihp,hihp_imp_desc,0.5,992,740,True,False,506,1055,9.8125,6.625,3.1875,20.875,-11.0625
P138_10042,hihp,hihp_imp_asc,0.05,99,99,True,False,506,2,21.0,5.5,15.5,20.875,0.125
P138_10042,hihp,hihp_imp_asc,0.1,198,198,True,False,506,2,20.875,5.75,15.125,20.875,0.0
P138_10042,hihp,hihp_imp_asc,0.2,396,396,True,False,506,2,20.625,5.5,15.125,20.875,-0.25
P138_10042,hihp,hihp_imp_asc,0.3,595,595,True,False,506,3,19.25,4.96875,14.28125,20.875,-1.625
P138_10042,hihp,hihp_imp_asc,0.5,992,740,True,False,506,1055,9.8125,6.625,3.1875,20.875,-11.0625
P138_10042,hilp,hilp_imp_desc,0.05,99,99,True,False,506,2,20.375,5.125,15.25,20.875,-0.5
P138_10042,hilp,hilp_imp_desc,0.1,198,198,True,False,506,2,20.5,4.90625,15.59375,20.875,-0.375
P138_10042,hilp,hilp_imp_desc,0.2,396,215,True,False,506,2,20.5,4.875,15.625,20.875,-0.375
P138_10042,hilp,hilp_imp_desc,0.3,595,215,True,False,506,2,20.5,4.875,15.625,20.875,-0.375
P138_10042,hilp,hilp_imp_desc,0.5,992,215,True,False,506,2,20.5,4.875,15.625,20.875,-0.375
P138_10042,hilp,hilp_imp_asc,0.05,99,99,True,False,506,2,20.875,5.1875,15.6875,20.875,0.0
P138_10042,hilp,hilp_imp_asc,0.1,198,198,True,False,506,2,21.0,4.78125,16.21875,20.875,0.125
P138_10042,hilp,hilp_imp_asc,0.2,396,215,True,False,506,2,20.5,4.875,15.625,20.875,-0.375
P138_10042,hilp,hilp_imp_asc,0.3,595,215,True,False,506,2,20.5,4.875,15.625,20.875,-0.375
P138_10042,hilp,hilp_imp_asc,0.5,992,215,True,False,506,2,20.5,4.875,15.625,20.875,-0.375
P138_10042,C,C_imp_asc,0.05,99,99,True,False,506,2,20.625,5.40625,15.21875,20.875,-0.25
P138_10042,C,C_imp_asc,0.1,198,198,True,False,506,2,20.75,5.46875,15.28125,20.875,-0.125
P138_10042,C,C_imp_asc,0.2,396,252,True,False,506,2,20.625,5.375,15.25,20.875,-0.25
P138_10042,C,C_imp_asc,0.3,595,252,True,False,506,2,20.625,5.375,15.25,20.875,-0.25
P138_10042,C,C_imp_asc,0.5,992,252,True,False,506,2,20.625,5.375,15.25,20.875,-0.25
P138_10042,D,D_imp_asc,0.05,99,99,True,False,506,2,20.875,5.15625,15.71875,20.875,0.0
P138_10042,D,D_imp_asc,0.1,198,198,True,False,506,2,20.875,4.96875,15.90625,20.875,0.0
P138_10042,D,D_imp_asc,0.2,396,396,True,False,506,2,20.75,5.1875,15.5625,20.875,-0.125
P138_10042,D,D_imp_asc,0.3,595,595,True,False,506,2,20.75,5.15625,15.59375,20.875,-0.125
P138_10042,D,D_imp_asc,0.5,992,777,True,False,506,2,20.375,5.5,14.875,20.875,-0.5
P138_1009,hihp,hihp_imp_desc,0.05,99,99,True,False,506,48,12.75,4.21875,8.53125,21.5,-8.75
P138_1009,hihp,hihp_imp_desc,0.1,198,198,True,False,506,18,13.8125,4.75,9.0625,21.5,-7.6875
P138_1009,hihp,hihp_imp_desc,0.2,396,396,True,False,506,354,8.9375,4.28125,4.65625,21.5,-12.5625
P138_1009,hihp,hihp_imp_desc,0.3,595,595,True,False,506,623,8.0625,3.703125,4.359375,21.5,-13.4375
P138_1009,hihp,hihp_imp_desc,0.5,992,740,True,False,506,614,8.0625,4.03125,4.03125,21.5,-13.4375
P138_1009,hihp,hihp_imp_asc,0.05,99,99,True,False,506,2,21.5,9.875,11.625,21.5,0.0
P138_1009,hihp,hihp_imp_asc,0.1,198,198,True,False,506,2,21.625,9.75,11.875,21.5,0.125
P138_1009,hihp,hihp_imp_asc,0.2,396,396,True,False,506,2,20.875,9.5,11.375,21.5,-0.625
P138_1009,hihp,hihp_imp_asc,0.3,595,595,True,False,506,2,19.625,8.625,11.0,21.5,-1.875
P138_1009,hihp,hihp_imp_asc,0.5,992,740,True,False,506,614,8.0625,4.03125,4.03125,21.5,-13.4375
P138_1009,hilp,hilp_imp_desc,0.05,99,99,True,False,506,2,23.125,9.125,14.0,21.5,1.625
P138_1009,hilp,hilp_imp_desc,0.1,198,198,True,False,506,2,23.375,9.1875,14.1875,21.5,1.875
P138_1009,hilp,hilp_imp_desc,0.2,396,215,True,False,506,2,23.375,9.25,14.125,21.5,1.875
P138_1009,hilp,hilp_imp_desc,0.3,595,215,True,False,506,2,23.375,9.25,14.125,21.5,1.875
P138_1009,hilp,hilp_imp_desc,0.5,992,215,True,False,506,2,23.375,9.25,14.125,21.5,1.875
P138_1009,hilp,hilp_imp_asc,0.05,99,99,True,False,506,2,21.875,9.6875,12.1875,21.5,0.375
P138_1009,hilp,hilp_imp_asc,0.1,198,198,True,False,506,2,24.75,10.125,14.625,21.5,3.25
P138_1009,hilp,hilp_imp_asc,0.2,396,215,True,False,506,2,23.375,9.25,14.125,21.5,1.875
P138_1009,hilp,hilp_imp_asc,0.3,595,215,True,False,506,2,23.375,9.25,14.125,21.5,1.875
P138_1009,hilp,hilp_imp_asc,0.5,992,215,True,False,506,2,23.375,9.25,14.125,21.5,1.875
P138_1009,C,C_imp_asc,0.05,99,99,True,False,506,2,21.875,9.625,12.25,21.5,0.375
P138_1009,C,C_imp_asc,0.1,198,198,True,False,506,2,21.875,9.625,12.25,21.5,0.375
P138_1009,C,C_imp_asc,0.2,396,252,True,False,506,2,21.625,9.4375,12.1875,21.5,0.125
P138_1009,C,C_imp_asc,0.3,595,252,True,False,506,2,21.625,9.4375,12.1875,21.5,0.125
P138_1009,C,C_imp_asc,0.5,992,252,True,False,506,2,21.625,9.4375,12.1875,21.5,0.125
P138_1009,D,D_imp_asc,0.05,99,99,True,False,506,2,21.625,9.3125,12.3125,21.5,0.125
P138_1009,D,D_imp_asc,0.1,198,198,True,False,506,2,21.375,9.3125,12.0625,21.5,-0.125
P138_1009,D,D_imp_asc,0.2,396,396,True,False,506,2,21.25,9.1875,12.0625,21.5,-0.25
P138_1009,D,D_imp_asc,0.3,595,595,True,False,506,2,21.0,9.375,11.625,21.5,-0.5
P138_1009,D,D_imp_asc,0.5,992,777,True,False,506,2,21.0,9.4375,11.5625,21.5,-0.5
P140_1,hihp,hihp_imp_desc,0.05,99,99,True,False,496,102,15.6875,22.625,-6.9375,18.25,-2.5625
P140_1,hihp,hihp_imp_desc,0.1,198,198,False,False,13623,183,14.25,23.75,-9.5,18.25,-4.0
P140_1,hihp,hihp_imp_desc,0.2,396,396,False,False,13623,184,13.6875,23.375,-9.6875,18.25,-4.5625
P140_1,hihp,hihp_imp_desc,0.3,595,595,False,False,13623,149,14.0625,23.625,-9.5625,18.25,-4.1875
P140_1,hihp,hihp_imp_desc,0.5,992,740,False,False,13623,131,14.4375,23.875,-9.4375,18.25,-3.8125
P140_1,hihp,hihp_imp_asc,0.05,99,99,True,False,496,17,18.75,14.4375,4.3125,18.25,0.5
P140_1,hihp,hihp_imp_asc,0.1,198,198,True,False,496,8,19.5,14.625,4.875,18.25,1.25
P140_1,hihp,hihp_imp_asc,0.2,396,396,True,False,496,7,19.5,15.3125,4.1875,18.25,1.25
P140_1,hihp,hihp_imp_asc,0.3,595,595,True,False,496,8,19.25,17.25,2.0,18.25,1.0
P140_1,hihp,hihp_imp_asc,0.5,992,740,False,False,13623,131,14.4375,23.875,-9.4375,18.25,-3.8125
P140_1,hilp,hilp_imp_desc,0.05,99,99,True,False,496,9,19.875,14.3125,5.5625,18.25,1.625
P140_1,hilp,hilp_imp_desc,0.1,198,198,True,False,496,4,20.625,14.5625,6.0625,18.25,2.375
P140_1,hilp,hilp_imp_desc,0.2,396,215,True,False,496,4,20.625,14.75,5.875,18.25,2.375
P140_1,hilp,hilp_imp_desc,0.3,595,215,True,False,496,4,20.625,14.75,5.875,18.25,2.375
P140_1,hilp,hilp_imp_desc,0.5,992,215,True,False,496,4,20.625,14.75,5.875,18.25,2.375
P140_1,hilp,hilp_imp_asc,0.05,99,99,True,False,496,16,18.875,14.375,4.5,18.25,0.625
P140_1,hilp,hilp_imp_asc,0.1,198,198,True,False,496,9,19.75,14.5,5.25,18.25,1.5
P140_1,hilp,hilp_imp_asc,0.2,396,215,True,False,496,4,20.625,14.75,5.875,18.25,2.375
P140_1,hilp,hilp_imp_asc,0.3,595,215,True,False,496,4,20.625,14.75,5.875,18.25,2.375
P140_1,hilp,hilp_imp_asc,0.5,992,215,True,False,496,4,20.625,14.75,5.875,18.25,2.375
P140_1,C,C_imp_asc,0.05,99,99,True,False,496,22,18.0,14.3125,3.6875,18.25,-0.25
P140_1,C,C_imp_asc,0.1,198,198,True,False,496,25,17.875,14.125,3.75,18.25,-0.375
P140_1,C,C_imp_asc,0.2,396,252,True,False,496,26,17.75,14.1875,3.5625,18.25,-0.5
P140_1,C,C_imp_asc,0.3,595,252,True,False,496,26,17.75,14.1875,3.5625,18.25,-0.5
P140_1,C,C_imp_asc,0.5,992,252,True,False,496,26,17.75,14.1875,3.5625,18.25,-0.5
P140_1,D,D_imp_asc,0.05,99,99,True,False,496,17,18.5,14.25,4.25,18.25,0.25
P140_1,D,D_imp_asc,0.1,198,198,True,False,496,18,18.125,14.0625,4.0625,18.25,-0.125
P140_1,D,D_imp_asc,0.2,396,396,True,False,496,19,18.25,14.0625,4.1875,18.25,0.0
P140_1,D,D_imp_asc,0.3,595,595,True,False,496,17,18.375,14.0625,4.3125,18.25,0.125
P140_1,D,D_imp_asc,0.5,992,777,True,False,496,10,19.0,13.9375,5.0625,18.25,0.75
P140_100,hihp,hihp_imp_desc,0.05,99,99,True,True,13623,1,22.5,14.875,7.625,24.0,-1.5
P140_100,hihp,hihp_imp_desc,0.1,198,198,True,True,13623,1,21.25,15.0625,6.1875,24.0,-2.75
P140_100,hihp,hihp_imp_desc,0.2,396,396,True,True,13623,1,19.25,14.5625,4.6875,24.0,-4.75
P140_100,hihp,hihp_imp_desc,0.3,595,595,False,False,496,7,16.75,12.5625,4.1875,24.0,-7.25
P140_100,hihp,hihp_imp_desc,0.5,992,740,False,False,496,8,16.25,11.875,4.375,24.0,-7.75
P140_100,hihp,hihp_imp_asc,0.05,99,99,True,True,13623,1,23.5,15.3125,8.1875,24.0,-0.5
P140_100,hihp,hihp_imp_asc,0.1,198,198,True,True,13623,1,22.75,15.1875,7.5625,24.0,-1.25
P140_100,hihp,hihp_imp_asc,0.2,396,396,True,True,13623,1,22.125,14.5,7.625,24.0,-1.875
P140_100,hihp,hihp_imp_asc,0.3,595,595,False,False,506,3,18.375,13.75,4.625,24.0,-5.625
P140_100,hihp,hihp_imp_asc,0.5,992,740,False,False,496,8,16.25,11.875,4.375,24.0,-7.75
P140_100,hilp,hilp_imp_desc,0.05,99,99,True,True,13623,1,24.25,14.9375,9.3125,24.0,0.25
P140_100,hilp,hilp_imp_desc,0.1,198,198,True,True,13623,1,23.75,15.0625,8.6875,24.0,-0.25
P140_100,hilp,hilp_imp_desc,0.2,396,215,True,True,13623,1,23.75,15.3125,8.4375,24.0,-0.25
P140_100,hilp,hilp_imp_desc,0.3,595,215,True,True,13623,1,23.75,15.3125,8.4375,24.0,-0.25
P140_100,hilp,hilp_imp_desc,0.5,992,215,True,True,13623,1,23.75,15.3125,8.4375,24.0,-0.25
P140_100,hilp,hilp_imp_asc,0.05,99,99,True,True,13623,1,23.625,15.1875,8.4375,24.0,-0.375
P140_100,hilp,hilp_imp_asc,0.1,198,198,True,True,13623,1,23.75,15.125,8.625,24.0,-0.25
P140_100,hilp,hilp_imp_asc,0.2,396,215,True,True,13623,1,23.75,15.3125,8.4375,24.0,-0.25
P140_100,hilp,hilp_imp_asc,0.3,595,215,True,True,13623,1,23.75,15.3125,8.4375,24.0,-0.25
P140_100,hilp,hilp_imp_asc,0.5,992,215,True,True,13623,1,23.75,15.3125,8.4375,24.0,-0.25
P140_100,C,C_imp_asc,0.05,99,99,True,True,13623,1,24.25,14.5625,9.6875,24.0,0.25
P140_100,C,C_imp_asc,0.1,198,198,True,True,13623,1,24.125,13.625,10.5,24.0,0.125
P140_100,C,C_imp_asc,0.2,396,252,True,True,13623,1,24.0,13.8125,10.1875,24.0,0.0
P140_100,C,C_imp_asc,0.3,595,252,True,True,13623,1,24.0,13.8125,10.1875,24.0,0.0
P140_100,C,C_imp_asc,0.5,992,252,True,True,13623,1,24.0,13.8125,10.1875,24.0,0.0
P140_100,D,D_imp_asc,0.05,99,99,True,True,13623,1,24.0,14.8125,9.1875,24.0,0.0
P140_100,D,D_imp_asc,0.1,198,198,True,True,13623,1,24.0,14.8125,9.1875,24.0,0.0
P140_100,D,D_imp_asc,0.2,396,396,True,True,13623,1,23.875,14.75,9.125,24.0,-0.125
P140_100,D,D_imp_asc,0.3,595,595,True,True,13623,1,23.875,14.625,9.25,24.0,-0.125
P140_100,D,D_imp_asc,0.5,992,777,True,True,13623,1,23.75,14.5625,9.1875,24.0,-0.25
P1412_10009,hihp,hihp_imp_desc,0.05,99,99,True,False,529,548,9.625,10.9375,-1.3125,13.8125,-4.1875
P1412_10009,hihp,hihp_imp_desc,0.1,198,198,True,False,529,603,9.6875,10.5625,-0.875,13.8125,-4.125
P1412_10009,hihp,hihp_imp_desc,0.2,396,396,True,False,529,607,9.9375,13.0,-3.0625,13.8125,-3.875
P1412_10009,hihp,hihp_imp_desc,0.3,595,595,True,False,529,794,9.375,13.125,-3.75,13.8125,-4.4375
P1412_10009,hihp,hihp_imp_desc,0.5,992,740,True,False,529,3609,7.21875,11.125,-3.90625,13.8125,-6.59375
P1412_10009,hihp,hihp_imp_asc,0.05,99,99,True,False,529,104,13.75,12.25,1.5,13.8125,-0.0625
P1412_10009,hihp,hihp_imp_asc,0.1,198,198,True,False,529,92,14.1875,12.75,1.4375,13.8125,0.375
P1412_10009,hihp,hihp_imp_asc,0.2,396,396,True,False,529,74,14.3125,13.375,0.9375,13.8125,0.5
P1412_10009,hihp,hihp_imp_asc,0.3,595,595,True,False,529,139,13.4375,12.4375,1.0,13.8125,-0.375
P1412_10009,hihp,hihp_imp_asc,0.5,992,740,True,False,529,3609,7.21875,11.125,-3.90625,13.8125,-6.59375
P1412_10009,hilp,hilp_imp_desc,0.05,99,99,True,False,529,109,13.875,12.5,1.375,13.8125,0.0625
P1412_10009,hilp,hilp_imp_desc,0.1,198,198,True,False,529,116,14.0,12.5,1.5,13.8125,0.1875
P1412_10009,hilp,hilp_imp_desc,0.2,396,215,True,False,529,117,13.9375,12.375,1.5625,13.8125,0.125
P1412_10009,hilp,hilp_imp_desc,0.3,595,215,True,False,529,117,13.9375,12.375,1.5625,13.8125,0.125
P1412_10009,hilp,hilp_imp_desc,0.5,992,215,True,False,529,117,13.9375,12.375,1.5625,13.8125,0.125
P1412_10009,hilp,hilp_imp_asc,0.05,99,99,True,False,529,104,13.875,12.3125,1.5625,13.8125,0.0625
P1412_10009,hilp,hilp_imp_asc,0.1,198,198,True,False,529,115,13.75,12.375,1.375,13.8125,-0.0625
P1412_10009,hilp,hilp_imp_asc,0.2,396,215,True,False,529,117,13.9375,12.375,1.5625,13.8125,0.125
P1412_10009,hilp,hilp_imp_asc,0.3,595,215,True,False,529,117,13.9375,12.375,1.5625,13.8125,0.125
P1412_10009,hilp,hilp_imp_asc,0.5,992,215,True,False,529,117,13.9375,12.375,1.5625,13.8125,0.125
P1412_10009,C,C_imp_asc,0.05,99,99,True,False,529,116,13.625,12.25,1.375,13.8125,-0.1875
P1412_10009,C,C_imp_asc,0.1,198,198,True,False,529,104,13.6875,12.4375,1.25,13.8125,-0.125
P1412_10009,C,C_imp_asc,0.2,396,252,True,False,529,115,13.625,12.25,1.375,13.8125,-0.1875
P1412_10009,C,C_imp_asc,0.3,595,252,True,False,529,115,13.625,12.25,1.375,13.8125,-0.1875
P1412_10009,C,C_imp_asc,0.5,992,252,True,False,529,115,13.625,12.25,1.375,13.8125,-0.1875
P1412_10009,D,D_imp_asc,0.05,99,99,True,False,529,103,13.8125,12.375,1.4375,13.8125,0.0
P1412_10009,D,D_imp_asc,0.1,198,198,True,False,529,106,13.75,12.5,1.25,13.8125,-0.0625
P1412_10009,D,D_imp_asc,0.2,396,396,True,False,529,87,14.0,12.625,1.375,13.8125,0.1875
P1412_10009,D,D_imp_asc,0.3,595,595,True,False,529,85,14.125,12.6875,1.4375,13.8125,0.3125
P1412_10009,D,D_imp_asc,0.5,992,777,True,False,529,88,14.1875,12.8125,1.375,13.8125,0.375
P1412_10036,hihp,hihp_imp_desc,0.05,99,99,True,False,496,213,15.0625,14.375,0.6875,17.0,-1.9375
P1412_10036,hihp,hihp_imp_desc,0.1,198,198,False,False,3187,255,14.6875,14.125,0.5625,17.0,-2.3125
P1412_10036,hihp,hihp_imp_desc,0.2,396,396,False,False,3187,879,12.375,13.1875,-0.8125,17.0,-4.625
P1412_10036,hihp,hihp_imp_desc,0.3,595,595,True,False,496,983,12.25,12.9375,-0.6875,17.0,-4.75
P1412_10036,hihp,hihp_imp_desc,0.5,992,740,True,False,496,954,12.3125,13.0625,-0.75,17.0,-4.6875
P1412_10036,hihp,hihp_imp_asc,0.05,99,99,True,False,496,44,17.0,14.0,3.0,17.0,0.0
P1412_10036,hihp,hihp_imp_asc,0.1,198,198,True,False,496,49,17.0,13.875,3.125,17.0,0.0
P1412_10036,hihp,hihp_imp_asc,0.2,396,396,False,False,3187,101,16.125,12.5,3.625,17.0,-0.875
P1412_10036,hihp,hihp_imp_asc,0.3,595,595,False,False,3187,187,15.25,12.3125,2.9375,17.0,-1.75
P1412_10036,hihp,hihp_imp_asc,0.5,992,740,True,False,496,954,12.3125,13.0625,-0.75,17.0,-4.6875
P1412_10036,hilp,hilp_imp_desc,0.05,99,99,False,False,3187,41,17.125,13.75,3.375,17.0,0.125
P1412_10036,hilp,hilp_imp_desc,0.1,198,198,False,False,3187,40,17.125,13.625,3.5,17.0,0.125
P1412_10036,hilp,hilp_imp_desc,0.2,396,215,False,False,3187,43,17.125,13.625,3.5,17.0,0.125
P1412_10036,hilp,hilp_imp_desc,0.3,595,215,False,False,3187,43,17.125,13.625,3.5,17.0,0.125
P1412_10036,hilp,hilp_imp_desc,0.5,992,215,False,False,3187,43,17.125,13.625,3.5,17.0,0.125
P1412_10036,hilp,hilp_imp_asc,0.05,99,99,True,False,496,40,17.0,14.0625,2.9375,17.0,0.0
P1412_10036,hilp,hilp_imp_asc,0.1,198,198,False,False,3187,48,16.875,13.5625,3.3125,17.0,-0.125
P1412_10036,hilp,hilp_imp_asc,0.2,396,215,False,False,3187,43,17.125,13.625,3.5,17.0,0.125
P1412_10036,hilp,hilp_imp_asc,0.3,595,215,False,False,3187,43,17.125,13.625,3.5,17.0,0.125
P1412_10036,hilp,hilp_imp_asc,0.5,992,215,False,False,3187,43,17.125,13.625,3.5,17.0,0.125
P1412_10036,C,C_imp_asc,0.05,99,99,True,False,496,43,17.125,14.0625,3.0625,17.0,0.125
P1412_10036,C,C_imp_asc,0.1,198,198,True,False,496,40,17.25,14.0625,3.1875,17.0,0.25
P1412_10036,C,C_imp_asc,0.2,396,252,True,False,496,38,17.375,14.125,3.25,17.0,0.375
P1412_10036,C,C_imp_asc,0.3,595,252,True,False,496,38,17.375,14.125,3.25,17.0,0.375
P1412_10036,C,C_imp_asc,0.5,992,252,True,False,496,38,17.375,14.125,3.25,17.0,0.375
P1412_10036,D,D_imp_asc,0.05,99,99,True,False,496,42,17.0,14.125,2.875,17.0,0.0
P1412_10036,D,D_imp_asc,0.1,198,198,True,False,496,43,17.0,14.1875,2.8125,17.0,0.0
P1412_10036,D,D_imp_asc,0.2,396,396,True,False,496,42,17.0,14.125,2.875,17.0,0.0
P1412_10036,D,D_imp_asc,0.3,595,595,True,False,496,42,17.125,14.125,3.0,17.0,0.125
P1412_10036,D,D_imp_asc,0.5,992,777,True,False,496,39,17.375,14.3125,3.0625,17.0,0.375
P159_1001,hihp,hihp_imp_desc,0.05,99,99,False,False,5860,711,12.0625,21.125,-9.0625,23.75,-11.6875
P159_1001,hihp,hihp_imp_desc,0.1,198,198,False,False,7286,1459,10.875,20.125,-9.25,23.75,-12.875
P159_1001,hihp,hihp_imp_desc,0.2,396,396,False,False,1799,1931,10.625,20.25,-9.625,23.75,-13.125
P159_1001,hihp,hihp_imp_desc,0.3,595,595,False,False,1799,2197,10.375,20.375,-10.0,23.75,-13.375
P159_1001,hihp,hihp_imp_desc,0.5,992,740,False,False,1799,2562,10.0625,20.625,-10.5625,23.75,-13.6875
P159_1001,hihp,hihp_imp_asc,0.05,99,99,True,False,206961,2,23.875,7.84375,16.03125,23.75,0.125
P159_1001,hihp,hihp_imp_asc,0.1,198,198,True,False,206961,2,23.625,8.1875,15.4375,23.75,-0.125
P159_1001,hihp,hihp_imp_asc,0.2,396,396,True,False,206961,2,24.125,8.1875,15.9375,23.75,0.375
P159_1001,hihp,hihp_imp_asc,0.3,595,595,True,False,206961,3,22.125,10.125,12.0,23.75,-1.625
P159_1001,hihp,hihp_imp_asc,0.5,992,740,False,False,1799,2562,10.0625,20.625,-10.5625,23.75,-13.6875
P159_1001,hilp,hilp_imp_desc,0.05,99,99,True,False,206961,3,24.5,7.96875,16.53125,23.75,0.75
P159_1001,hilp,hilp_imp_desc,0.1,198,198,True,False,206961,4,23.75,8.0625,15.6875,23.75,0.0
P159_1001,hilp,hilp_imp_desc,0.2,396,215,True,False,206961,4,24.125,8.0625,16.0625,23.75,0.375
P159_1001,hilp,hilp_imp_desc,0.3,595,215,True,False,206961,4,24.125,8.0625,16.0625,23.75,0.375
P159_1001,hilp,hilp_imp_desc,0.5,992,215,True,False,206961,4,24.125,8.0625,16.0625,23.75,0.375
P159_1001,hilp,hilp_imp_asc,0.05,99,99,True,False,206961,3,23.125,7.875,15.25,23.75,-0.625
P159_1001,hilp,hilp_imp_asc,0.1,198,198,True,False,206961,2,23.625,8.4375,15.1875,23.75,-0.125
P159_1001,hilp,hilp_imp_asc,0.2,396,215,True,False,206961,4,24.125,8.0625,16.0625,23.75,0.375
P159_1001,hilp,hilp_imp_asc,0.3,595,215,True,False,206961,4,24.125,8.0625,16.0625,23.75,0.375
P159_1001,hilp,hilp_imp_asc,0.5,992,215,True,False,206961,4,24.125,8.0625,16.0625,23.75,0.375
P159_1001,C,C_imp_asc,0.05,99,99,True,False,206961,2,24.375,8.25,16.125,23.75,0.625
P159_1001,C,C_imp_asc,0.1,198,198,True,False,206961,2,24.375,8.4375,15.9375,23.75,0.625
P159_1001,C,C_imp_asc,0.2,396,252,True,False,206961,3,24.125,8.5625,15.5625,23.75,0.375
P159_1001,C,C_imp_asc,0.3,595,252,True,False,206961,3,24.125,8.5625,15.5625,23.75,0.375
P159_1001,C,C_imp_asc,0.5,992,252,True,False,206961,3,24.125,8.5625,15.5625,23.75,0.375
P159_1001,D,D_imp_asc,0.05,99,99,True,False,206961,3,23.75,7.9375,15.8125,23.75,0.0
P159_1001,D,D_imp_asc,0.1,198,198,True,False,206961,3,23.625,7.75,15.875,23.75,-0.125
P159_1001,D,D_imp_asc,0.2,396,396,True,False,206961,3,23.875,7.71875,16.15625,23.75,0.125
P159_1001,D,D_imp_asc,0.3,595,595,True,False,206961,3,24.0,7.9375,16.0625,23.75,0.25
P159_1001,D,D_imp_asc,0.5,992,777,True,False,206961,2,24.0,8.125,15.875,23.75,0.25
P159_10015,hihp,hihp_imp_desc,0.05,99,99,False,False,26431,94,14.3125,14.5,-0.1875,26.125,-11.8125
P159_10015,hihp,hihp_imp_desc,0.1,198,198,False,False,26431,46,14.875,14.9375,-0.0625,26.125,-11.25
P159_10015,hihp,hihp_imp_desc,0.2,396,396,False,False,26431,78,14.1875,13.75,0.4375,26.125,-11.9375
P159_10015,hihp,hihp_imp_desc,0.3,595,595,False,False,26431,226,12.375,12.375,0.0,26.125,-13.75
P159_10015,hihp,hihp_imp_desc,0.5,992,740,False,False,26431,267,12.1875,12.0625,0.125,26.125,-13.9375
P159_10015,hihp,hihp_imp_asc,0.05,99,99,True,True,19029,1,25.75,16.75,9.0,26.125,-0.375
P159_10015,hihp,hihp_imp_asc,0.1,198,198,True,True,19029,1,25.375,16.0,9.375,26.125,-0.75
P159_10015,hihp,hihp_imp_asc,0.2,396,396,True,True,19029,1,24.75,15.875,8.875,26.125,-1.375
P159_10015,hihp,hihp_imp_asc,0.3,595,595,True,True,19029,1,25.0,15.1875,9.8125,26.125,-1.125
P159_10015,hihp,hihp_imp_asc,0.5,992,740,False,False,26431,267,12.1875,12.0625,0.125,26.125,-13.9375
P159_10015,hilp,hilp_imp_desc,0.05,99,99,True,True,19029,1,25.75,17.375,8.375,26.125,-0.375
P159_10015,hilp,hilp_imp_desc,0.1,198,198,True,True,19029,1,25.75,17.125,8.625,26.125,-0.375
P159_10015,hilp,hilp_imp_desc,0.2,396,215,True,True,19029,1,25.75,16.875,8.875,26.125,-0.375
P159_10015,hilp,hilp_imp_desc,0.3,595,215,True,True,19029,1,25.75,16.875,8.875,26.125,-0.375
P159_10015,hilp,hilp_imp_desc,0.5,992,215,True,True,19029,1,25.75,16.875,8.875,26.125,-0.375
P159_10015,hilp,hilp_imp_asc,0.05,99,99,True,True,19029,1,26.25,16.875,9.375,26.125,0.125
P159_10015,hilp,hilp_imp_asc,0.1,198,198,True,True,19029,1,25.875,17.0,8.875,26.125,-0.25
P159_10015,hilp,hilp_imp_asc,0.2,396,215,True,True,19029,1,25.75,16.875,8.875,26.125,-0.375
P159_10015,hilp,hilp_imp_asc,0.3,595,215,True,True,19029,1,25.75,16.875,8.875,26.125,-0.375
P159_10015,hilp,hilp_imp_asc,0.5,992,215,True,True,19029,1,25.75,16.875,8.875,26.125,-0.375
P159_10015,C,C_imp_asc,0.05,99,99,True,True,19029,1,26.375,17.25,9.125,26.125,0.25
P159_10015,C,C_imp_asc,0.1,198,198,True,True,19029,1,26.0,16.875,9.125,26.125,-0.125
P159_10015,C,C_imp_asc,0.2,396,252,True,True,19029,1,26.0,17.0,9.0,26.125,-0.125
P159_10015,C,C_imp_asc,0.3,595,252,True,True,19029,1,26.0,17.0,9.0,26.125,-0.125
P159_10015,C,C_imp_asc,0.5,992,252,True,True,19029,1,26.0,17.0,9.0,26.125,-0.125
P159_10015,D,D_imp_asc,0.05,99,99,True,True,19029,1,26.0,17.25,8.75,26.125,-0.125
P159_10015,D,D_imp_asc,0.1,198,198,True,True,19029,1,26.0,17.25,8.75,26.125,-0.125
P159_10015,D,D_imp_asc,0.2,396,396,True,True,19029,1,26.0,17.25,8.75,26.125,-0.125
P159_10015,D,D_imp_asc,0.3,595,595,True,True,19029,1,26.125,17.375,8.75,26.125,0.0
P159_10015,D,D_imp_asc,0.5,992,777,True,True,19029,1,25.625,17.0,8.625,26.125,-0.5
P17_10005,hihp,hihp_imp_desc,0.05,99,99,False,False,506,2271,9.625,12.25,-2.625,19.875,-10.25
P17_10005,hihp,hihp_imp_desc,0.1,198,198,False,False,506,3290,9.75,12.0625,-2.3125,19.875,-10.125
P17_10005,hihp,hihp_imp_desc,0.2,396,396,False,False,506,3093,9.6875,14.125,-4.4375,19.875,-10.1875
P17_10005,hihp,hihp_imp_desc,0.3,595,595,False,False,506,3046,9.5,15.25,-5.75,19.875,-10.375
P17_10005,hihp,hihp_imp_desc,0.5,992,740,False,False,506,4508,8.625,14.8125,-6.1875,19.875,-11.25
P17_10005,hihp,hihp_imp_asc,0.05,99,99,True,False,161967,25,19.5,13.4375,6.0625,19.875,-0.375
P17_10005,hihp,hihp_imp_asc,0.1,198,198,True,False,161967,36,19.0,13.375,5.625,19.875,-0.875
P17_10005,hihp,hihp_imp_asc,0.2,396,396,True,False,161967,36,19.0,13.8125,5.1875,19.875,-0.875
P17_10005,hihp,hihp_imp_asc,0.3,595,595,True,False,161967,159,15.875,13.5,2.375,19.875,-4.0
P17_10005,hihp,hihp_imp_asc,0.5,992,740,False,False,506,4508,8.625,14.8125,-6.1875,19.875,-11.25
P17_10005,hilp,hilp_imp_desc,0.05,99,99,True,False,161967,34,18.375,12.25,6.125,19.875,-1.5
P17_10005,hilp,hilp_imp_desc,0.1,198,198,True,False,161967,31,18.5,12.8125,5.6875,19.875,-1.375
P17_10005,hilp,hilp_imp_desc,0.2,396,215,True,False,161967,31,18.125,12.75,5.375,19.875,-1.75
P17_10005,hilp,hilp_imp_desc,0.3,595,215,True,False,161967,31,18.125,12.75,5.375,19.875,-1.75
P17_10005,hilp,hilp_imp_desc,0.5,992,215,True,False,161967,31,18.125,12.75,5.375,19.875,-1.75
P17_10005,hilp,hilp_imp_asc,0.05,99,99,True,False,161967,20,19.625,13.5,6.125,19.875,-0.25
P17_10005,hilp,hilp_imp_asc,0.1,198,198,True,False,161967,27,18.75,13.3125,5.4375,19.875,-1.125
P17_10005,hilp,hilp_imp_asc,0.2,396,215,True,False,161967,31,18.125,12.75,5.375,19.875,-1.75
P17_10005,hilp,hilp_imp_asc,0.3,595,215,True,False,161967,31,18.125,12.75,5.375,19.875,-1.75
P17_10005,hilp,hilp_imp_asc,0.5,992,215,True,False,161967,31,18.125,12.75,5.375,19.875,-1.75
P17_10005,C,C_imp_asc,0.05,99,99,True,False,161967,24,19.0,12.6875,6.3125,19.875,-0.875
P17_10005,C,C_imp_asc,0.1,198,198,True,False,161967,19,19.375,12.875,6.5,19.875,-0.5
P17_10005,C,C_imp_asc,0.2,396,252,True,False,161967,25,19.0,12.875,6.125,19.875,-0.875
P17_10005,C,C_imp_asc,0.3,595,252,True,False,161967,25,19.0,12.875,6.125,19.875,-0.875
P17_10005,C,C_imp_asc,0.5,992,252,True,False,161967,25,19.0,12.875,6.125,19.875,-0.875
P17_10005,D,D_imp_asc,0.05,99,99,True,False,161967,21,19.75,13.125,6.625,19.875,-0.125
P17_10005,D,D_imp_asc,0.1,198,198,True,False,161967,24,19.75,13.0625,6.6875,19.875,-0.125
P17_10005,D,D_imp_asc,0.2,396,396,True,False,161967,23,19.75,12.875,6.875,19.875,-0.125
P17_10005,D,D_imp_asc,0.3,595,595,True,False,161967,22,19.5,12.3125,7.1875,19.875,-0.375
P17_10005,D,D_imp_asc,0.5,992,777,True,False,161967,23,19.125,12.0625,7.0625,19.875,-0.75
P17_10034,hihp,hihp_imp_desc,0.05,99,99,True,False,506,925,11.5625,11.5625,0.0,16.125,-4.5625
P17_10034,hihp,hihp_imp_desc,0.1,198,198,True,False,506,1179,10.0,9.75,0.25,16.125,-6.125
P17_10034,hihp,hihp_imp_desc,0.2,396,396,True,False,506,2770,8.0625,8.5625,-0.5,16.125,-8.0625
P17_10034,hihp,hihp_imp_desc,0.3,595,595,False,False,54976,1796,9.0,9.9375,-0.9375,16.125,-7.125
P17_10034,hihp,hihp_imp_desc,0.5,992,740,False,False,54976,1794,9.0,10.1875,-1.1875,16.125,-7.125
P17_10034,hihp,hihp_imp_asc,0.05,99,99,True,False,506,71,15.3125,13.75,1.5625,16.125,-0.8125
P17_10034,hihp,hihp_imp_asc,0.1,198,198,True,False,506,41,16.25,14.5625,1.6875,16.125,0.125
P17_10034,hihp,hihp_imp_asc,0.2,396,396,True,False,506,28,16.75,14.8125,1.9375,16.125,0.625
P17_10034,hihp,hihp_imp_asc,0.3,595,595,True,False,506,209,14.5,13.9375,0.5625,16.125,-1.625
P17_10034,hihp,hihp_imp_asc,0.5,992,740,False,False,54976,1794,9.0,10.1875,-1.1875,16.125,-7.125
P17_10034,hilp,hilp_imp_desc,0.05,99,99,True,False,506,61,15.5625,13.875,1.6875,16.125,-0.5625
P17_10034,hilp,hilp_imp_desc,0.1,198,198,True,False,506,87,15.0625,13.875,1.1875,16.125,-1.0625
P17_10034,hilp,hilp_imp_desc,0.2,396,215,True,False,506,84,15.1875,13.875,1.3125,16.125,-0.9375
P17_10034,hilp,hilp_imp_desc,0.3,595,215,True,False,506,84,15.1875,13.875,1.3125,16.125,-0.9375
P17_10034,hilp,hilp_imp_desc,0.5,992,215,True,False,506,84,15.1875,13.875,1.3125,16.125,-0.9375
P17_10034,hilp,hilp_imp_asc,0.05,99,99,True,False,506,56,15.75,14.625,1.125,16.125,-0.375
P17_10034,hilp,hilp_imp_asc,0.1,198,198,True,False,506,75,15.1875,13.8125,1.375,16.125,-0.9375
P17_10034,hilp,hilp_imp_asc,0.2,396,215,True,False,506,84,15.1875,13.875,1.3125,16.125,-0.9375
P17_10034,hilp,hilp_imp_asc,0.3,595,215,True,False,506,84,15.1875,13.875,1.3125,16.125,-0.9375
P17_10034,hilp,hilp_imp_asc,0.5,992,215,True,False,506,84,15.1875,13.875,1.3125,16.125,-0.9375
P17_10034,C,C_imp_asc,0.05,99,99,True,False,506,34,16.625,15.125,1.5,16.125,0.5
P17_10034,C,C_imp_asc,0.1,198,198,True,False,506,42,16.125,15.1875,0.9375,16.125,0.0
P17_10034,C,C_imp_asc,0.2,396,252,True,False,506,39,16.0,15.0,1.0,16.125,-0.125
P17_10034,C,C_imp_asc,0.3,595,252,True,False,506,39,16.0,15.0,1.0,16.125,-0.125
P17_10034,C,C_imp_asc,0.5,992,252,True,False,506,39,16.0,15.0,1.0,16.125,-0.125
P17_10034,D,D_imp_asc,0.05,99,99,True,False,506,47,16.125,14.75,1.375,16.125,0.0
P17_10034,D,D_imp_asc,0.1,198,198,True,False,506,37,16.375,14.875,1.5,16.125,0.25
P17_10034,D,D_imp_asc,0.2,396,396,True,False,506,37,16.375,14.875,1.5,16.125,0.25
P17_10034,D,D_imp_asc,0.3,595,595,True,False,506,39,16.25,15.25,1.0,16.125,0.125
P17_10034,D,D_imp_asc,0.5,992,777,True,False,506,71,15.4375,14.75,0.6875,16.125,-0.6875
P176_10014,hihp,hihp_imp_desc,0.05,99,99,False,False,31601,8,17.25,24.875,-7.625,23.875,-6.625
P176_10014,hihp,hihp_imp_desc,0.1,198,198,False,False,31601,8,17.75,25.625,-7.875,23.875,-6.125
P176_10014,hihp,hihp_imp_desc,0.2,396,396,False,False,31601,8,17.75,26.0,-8.25,23.875,-6.125
P176_10014,hihp,hihp_imp_desc,0.3,595,595,False,False,31601,11,17.125,26.0,-8.875,23.875,-6.75
P176_10014,hihp,hihp_imp_desc,0.5,992,740,False,False,31601,15,16.5,24.75,-8.25,23.875,-7.375
P176_10014,hihp,hihp_imp_asc,0.05,99,99,True,True,31171,1,23.75,13.9375,9.8125,23.875,-0.125
P176_10014,hihp,hihp_imp_asc,0.1,198,198,True,True,31171,1,23.625,14.375,9.25,23.875,-0.25
P176_10014,hihp,hihp_imp_asc,0.2,396,396,True,True,31171,1,23.875,14.625,9.25,23.875,0.0
P176_10014,hihp,hihp_imp_asc,0.3,595,595,True,True,31171,1,23.75,14.125,9.625,23.875,-0.125
P176_10014,hihp,hihp_imp_asc,0.5,992,740,False,False,31601,15,16.5,24.75,-8.25,23.875,-7.375
P176_10014,hilp,hilp_imp_desc,0.05,99,99,True,True,31171,1,23.875,14.0625,9.8125,23.875,0.0
P176_10014,hilp,hilp_imp_desc,0.1,198,198,True,True,31171,1,23.875,14.1875,9.6875,23.875,0.0
P176_10014,hilp,hilp_imp_desc,0.2,396,215,True,True,31171,1,23.875,14.0,9.875,23.875,0.0
P176_10014,hilp,hilp_imp_desc,0.3,595,215,True,True,31171,1,23.875,14.0,9.875,23.875,0.0
P176_10014,hilp,hilp_imp_desc,0.5,992,215,True,True,31171,1,23.875,14.0,9.875,23.875,0.0
P176_10014,hilp,hilp_imp_asc,0.05,99,99,True,True,31171,1,23.875,14.0,9.875,23.875,0.0
P176_10014,hilp,hilp_imp_asc,0.1,198,198,True,True,31171,1,23.875,14.0625,9.8125,23.875,0.0
P176_10014,hilp,hilp_imp_asc,0.2,396,215,True,True,31171,1,23.875,14.0,9.875,23.875,0.0
P176_10014,hilp,hilp_imp_asc,0.3,595,215,True,True,31171,1,23.875,14.0,9.875,23.875,0.0
P176_10014,hilp,hilp_imp_asc,0.5,992,215,True,True,31171,1,23.875,14.0,9.875,23.875,0.0
P176_10014,C,C_imp_asc,0.05,99,99,True,True,31171,1,23.875,14.125,9.75,23.875,0.0
P176_10014,C,C_imp_asc,0.1,198,198,True,True,31171,1,23.625,13.9375,9.6875,23.875,-0.25
P176_10014,C,C_imp_asc,0.2,396,252,True,True,31171,1,23.5,14.0,9.5,23.875,-0.375
P176_10014,C,C_imp_asc,0.3,595,252,True,True,31171,1,23.5,14.0,9.5,23.875,-0.375
P176_10014,C,C_imp_asc,0.5,992,252,True,True,31171,1,23.5,14.0,9.5,23.875,-0.375
P176_10014,D,D_imp_asc,0.05,99,99,True,True,31171,1,23.875,14.0,9.875,23.875,0.0
P176_10014,D,D_imp_asc,0.1,198,198,True,True,31171,1,23.875,14.25,9.625,23.875,0.0
P176_10014,D,D_imp_asc,0.2,396,396,True,True,31171,1,23.625,14.375,9.25,23.875,-0.25
P176_10014,D,D_imp_asc,0.3,595,595,True,True,31171,1,23.375,14.5,8.875,23.875,-0.5
P176_10014,D,D_imp_asc,0.5,992,777,True,True,31171,1,23.5,15.0,8.5,23.875,-0.375
P176_10044,hihp,hihp_imp_desc,0.05,99,99,False,False,44590,7,17.5,15.1875,2.3125,24.125,-6.625
P176_10044,hihp,hihp_imp_desc,0.1,198,198,False,False,44590,5,18.0,15.0,3.0,24.125,-6.125
P176_10044,hihp,hihp_imp_desc,0.2,396,396,False,False,44590,5,18.375,16.125,2.25,24.125,-5.75
P176_10044,hihp,hihp_imp_desc,0.3,595,595,False,False,44590,5,18.25,17.0,1.25,24.125,-5.875
P176_10044,hihp,hihp_imp_desc,0.5,992,740,False,False,44590,4,18.875,17.625,1.25,24.125,-5.25
P176_10044,hihp,hihp_imp_asc,0.05,99,99,True,True,31601,1,24.125,14.9375,9.1875,24.125,0.0
P176_10044,hihp,hihp_imp_asc,0.1,198,198,True,True,31601,1,24.125,15.125,9.0,24.125,0.0
P176_10044,hihp,hihp_imp_asc,0.2,396,396,True,True,31601,1,24.0,16.0,8.0,24.125,-0.125
P176_10044,hihp,hihp_imp_asc,0.3,595,595,True,True,31601,1,24.125,17.5,6.625,24.125,0.0
P176_10044,hihp,hihp_imp_asc,0.5,992,740,False,False,44590,4,18.875,17.625,1.25,24.125,-5.25
P176_10044,hilp,hilp_imp_desc,0.05,99,99,True,True,31601,1,24.25,15.5,8.75,24.125,0.125
P176_10044,hilp,hilp_imp_desc,0.1,198,198,True,True,31601,1,24.25,15.5,8.75,24.125,0.125
P176_10044,hilp,hilp_imp_desc,0.2,396,215,True,True,31601,1,24.25,15.5625,8.6875,24.125,0.125
P176_10044,hilp,hilp_imp_desc,0.3,595,215,True,True,31601,1,24.25,15.5625,8.6875,24.125,0.125
P176_10044,hilp,hilp_imp_desc,0.5,992,215,True,True,31601,1,24.25,15.5625,8.6875,24.125,0.125
P176_10044,hilp,hilp_imp_asc,0.05,99,99,True,True,31601,1,24.25,15.375,8.875,24.125,0.125
P176_10044,hilp,hilp_imp_asc,0.1,198,198,True,True,31601,1,24.125,15.6875,8.4375,24.125,0.0
P176_10044,hilp,hilp_imp_asc,0.2,396,215,True,True,31601,1,24.25,15.5625,8.6875,24.125,0.125
P176_10044,hilp,hilp_imp_asc,0.3,595,215,True,True,31601,1,24.25,15.5625,8.6875,24.125,0.125
P176_10044,hilp,hilp_imp_asc,0.5,992,215,True,True,31601,1,24.25,15.5625,8.6875,24.125,0.125
P176_10044,C,C_imp_asc,0.05,99,99,True,True,31601,1,24.125,15.0,9.125,24.125,0.0
P176_10044,C,C_imp_asc,0.1,198,198,True,True,31601,1,24.375,14.9375,9.4375,24.125,0.25
P176_10044,C,C_imp_asc,0.2,396,252,True,True,31601,1,24.375,15.0,9.375,24.125,0.25
P176_10044,C,C_imp_asc,0.3,595,252,True,True,31601,1,24.375,15.0,9.375,24.125,0.25
P176_10044,C,C_imp_asc,0.5,992,252,True,True,31601,1,24.375,15.0,9.375,24.125,0.25
P176_10044,D,D_imp_asc,0.05,99,99,True,True,31601,1,24.125,15.125,9.0,24.125,0.0
P176_10044,D,D_imp_asc,0.1,198,198,True,True,31601,1,24.0,15.1875,8.8125,24.125,-0.125
P176_10044,D,D_imp_asc,0.2,396,396,True,True,31601,1,24.0,15.125,8.875,24.125,-0.125
P176_10044,D,D_imp_asc,0.3,595,595,True,True,31601,1,24.0,15.1875,8.8125,24.125,-0.125
P176_10044,D,D_imp_asc,0.5,992,777,True,True,31601,1,24.125,15.0,9.125,24.125,0.0
P178_10019,hihp,hihp_imp_desc,0.05,99,99,False,False,9265,7,16.625,25.0,-8.375,24.5,-7.875
P178_10019,hihp,hihp_imp_desc,0.1,198,198,False,False,9265,13,16.25,24.75,-8.5,24.5,-8.25
P178_10019,hihp,hihp_imp_desc,0.2,396,396,False,False,9265,8,16.875,24.5,-7.625,24.5,-7.625
P178_10019,hihp,hihp_imp_desc,0.3,595,595,False,False,9265,12,15.75,24.0,-8.25,24.5,-8.75
P178_10019,hihp,hihp_imp_desc,0.5,992,740,False,False,9265,11,16.125,24.125,-8.0,24.5,-8.375
P178_10019,hihp,hihp_imp_asc,0.05,99,99,True,True,6475,1,24.375,16.125,8.25,24.5,-0.125
P178_10019,hihp,hihp_imp_asc,0.1,198,198,True,True,6475,1,24.0,16.625,7.375,24.5,-0.5
P178_10019,hihp,hihp_imp_asc,0.2,396,396,True,True,6475,1,23.5,16.875,6.625,24.5,-1.0
P178_10019,hihp,hihp_imp_asc,0.3,595,595,True,True,6475,1,23.75,17.625,6.125,24.5,-0.75
P178_10019,hihp,hihp_imp_asc,0.5,992,740,False,False,9265,11,16.125,24.125,-8.0,24.5,-8.375
P178_10019,hilp,hilp_imp_desc,0.05,99,99,True,True,6475,1,24.375,15.9375,8.4375,24.5,-0.125
P178_10019,hilp,hilp_imp_desc,0.1,198,198,True,True,6475,1,24.5,16.0,8.5,24.5,0.0
P178_10019,hilp,hilp_imp_desc,0.2,396,215,True,True,6475,1,24.375,15.9375,8.4375,24.5,-0.125
P178_10019,hilp,hilp_imp_desc,0.3,595,215,True,True,6475,1,24.375,15.9375,8.4375,24.5,-0.125
P178_10019,hilp,hilp_imp_desc,0.5,992,215,True,True,6475,1,24.375,15.9375,8.4375,24.5,-0.125
P178_10019,hilp,hilp_imp_asc,0.05,99,99,True,True,6475,1,24.5,16.0,8.5,24.5,0.0
P178_10019,hilp,hilp_imp_asc,0.1,198,198,True,True,6475,1,24.25,16.125,8.125,24.5,-0.25
P178_10019,hilp,hilp_imp_asc,0.2,396,215,True,True,6475,1,24.375,15.9375,8.4375,24.5,-0.125
P178_10019,hilp,hilp_imp_asc,0.3,595,215,True,True,6475,1,24.375,15.9375,8.4375,24.5,-0.125
P178_10019,hilp,hilp_imp_asc,0.5,992,215,True,True,6475,1,24.375,15.9375,8.4375,24.5,-0.125
P178_10019,C,C_imp_asc,0.05,99,99,True,True,6475,1,24.5,16.375,8.125,24.5,0.0
P178_10019,C,C_imp_asc,0.1,198,198,True,True,6475,1,24.5,16.25,8.25,24.5,0.0
P178_10019,C,C_imp_asc,0.2,396,252,True,True,6475,1,24.5,16.375,8.125,24.5,0.0
P178_10019,C,C_imp_asc,0.3,595,252,True,True,6475,1,24.5,16.375,8.125,24.5,0.0
P178_10019,C,C_imp_asc,0.5,992,252,True,True,6475,1,24.5,16.375,8.125,24.5,0.0
P178_10019,D,D_imp_asc,0.05,99,99,True,True,6475,1,24.5,16.125,8.375,24.5,0.0
P178_10019,D,D_imp_asc,0.1,198,198,True,True,6475,1,24.5,16.25,8.25,24.5,0.0
P178_10019,D,D_imp_asc,0.2,396,396,True,True,6475,1,24.5,16.125,8.375,24.5,0.0
P178_10019,D,D_imp_asc,0.3,595,595,True,True,6475,1,24.25,16.125,8.125,24.5,-0.25
P178_10019,D,D_imp_asc,0.5,992,777,True,True,6475,1,24.0,16.125,7.875,24.5,-0.5
P178_10020,hihp,hihp_imp_desc,0.05,99,99,False,False,9947,2,20.875,23.125,-2.25,23.75,-2.875
P178_10020,hihp,hihp_imp_desc,0.1,198,198,False,False,9947,7,19.0,24.375,-5.375,23.75,-4.75
P178_10020,hihp,hihp_imp_desc,0.2,396,396,False,False,9947,5,19.375,26.25,-6.875,23.75,-4.375
P178_10020,hihp,hihp_imp_desc,0.3,595,595,False,False,9947,5,18.625,26.5,-7.875,23.75,-5.125
P178_10020,hihp,hihp_imp_desc,0.5,992,740,False,False,9947,7,18.875,28.5,-9.625,23.75,-4.875
P178_10020,hihp,hihp_imp_asc,0.05,99,99,True,True,9265,1,24.25,15.5,8.75,23.75,0.5
P178_10020,hihp,hihp_imp_asc,0.1,198,198,True,True,9265,1,24.0,15.9375,8.0625,23.75,0.25
P178_10020,hihp,hihp_imp_asc,0.2,396,396,True,True,9265,1,24.625,16.125,8.5,23.75,0.875
P178_10020,hihp,hihp_imp_asc,0.3,595,595,True,True,9265,1,25.875,16.875,9.0,23.75,2.125
P178_10020,hihp,hihp_imp_asc,0.5,992,740,False,False,9947,7,18.875,28.5,-9.625,23.75,-4.875
P178_10020,hilp,hilp_imp_desc,0.05,99,99,True,True,9265,1,24.125,15.125,9.0,23.75,0.375
P178_10020,hilp,hilp_imp_desc,0.1,198,198,True,True,9265,1,24.25,15.0,9.25,23.75,0.5
P178_10020,hilp,hilp_imp_desc,0.2,396,215,True,True,9265,1,24.125,14.9375,9.1875,23.75,0.375
P178_10020,hilp,hilp_imp_desc,0.3,595,215,True,True,9265,1,24.125,14.9375,9.1875,23.75,0.375
P178_10020,hilp,hilp_imp_desc,0.5,992,215,True,True,9265,1,24.125,14.9375,9.1875,23.75,0.375
P178_10020,hilp,hilp_imp_asc,0.05,99,99,True,True,9265,1,24.0,15.3125,8.6875,23.75,0.25
P178_10020,hilp,hilp_imp_asc,0.1,198,198,True,True,9265,1,24.125,15.125,9.0,23.75,0.375
P178_10020,hilp,hilp_imp_asc,0.2,396,215,True,True,9265,1,24.125,14.9375,9.1875,23.75,0.375
P178_10020,hilp,hilp_imp_asc,0.3,595,215,True,True,9265,1,24.125,14.9375,9.1875,23.75,0.375
P178_10020,hilp,hilp_imp_asc,0.5,992,215,True,True,9265,1,24.125,14.9375,9.1875,23.75,0.375
P178_10020,C,C_imp_asc,0.05,99,99,True,True,9265,1,23.875,15.3125,8.5625,23.75,0.125
P178_10020,C,C_imp_asc,0.1,198,198,True,True,9265,1,24.0,15.6875,8.3125,23.75,0.25
P178_10020,C,C_imp_asc,0.2,396,252,True,True,9265,1,24.0,15.6875,8.3125,23.75,0.25
P178_10020,C,C_imp_asc,0.3,595,252,True,True,9265,1,24.0,15.6875,8.3125,23.75,0.25
P178_10020,C,C_imp_asc,0.5,992,252,True,True,9265,1,24.0,15.6875,8.3125,23.75,0.25
P178_10020,D,D_imp_asc,0.05,99,99,True,True,9265,1,23.875,15.25,8.625,23.75,0.125
P178_10020,D,D_imp_asc,0.1,198,198,True,True,9265,1,23.875,15.3125,8.5625,23.75,0.125
P178_10020,D,D_imp_asc,0.2,396,396,True,True,9265,1,24.0,15.5625,8.4375,23.75,0.25
P178_10020,D,D_imp_asc,0.3,595,595,True,True,9265,1,23.625,15.25,8.375,23.75,-0.125
P178_10020,D,D_imp_asc,0.5,992,777,True,True,9265,1,23.625,15.4375,8.1875,23.75,-0.125
P19_1002,hihp,hihp_imp_desc,0.05,99,99,False,False,20616,24,18.5,18.875,-0.375,32.5,-14.0
P19_1002,hihp,hihp_imp_desc,0.1,198,198,False,False,20616,413,14.75,19.25,-4.5,32.5,-17.75
P19_1002,hihp,hihp_imp_desc,0.2,396,396,False,False,20616,634,13.9375,18.375,-4.4375,32.5,-18.5625
P19_1002,hihp,hihp_imp_desc,0.3,595,595,False,False,20616,545,13.875,18.0,-4.125,32.5,-18.625
P19_1002,hihp,hihp_imp_desc,0.5,992,740,False,False,20616,626,13.6875,17.875,-4.1875,32.5,-18.8125
P19_1002,hihp,hihp_imp_asc,0.05,99,99,True,True,34483,1,32.75,15.8125,16.9375,32.5,0.25
P19_1002,hihp,hihp_imp_asc,0.1,198,198,True,True,34483,1,32.25,15.875,16.375,32.5,-0.25
P19_1002,hihp,hihp_imp_asc,0.2,396,396,True,True,34483,1,28.625,13.625,15.0,32.5,-3.875
P19_1002,hihp,hihp_imp_asc,0.3,595,595,True,True,34483,1,25.875,13.6875,12.1875,32.5,-6.625
P19_1002,hihp,hihp_imp_asc,0.5,992,740,False,False,20616,626,13.6875,17.875,-4.1875,32.5,-18.8125
P19_1002,hilp,hilp_imp_desc,0.05,99,99,True,True,34483,1,29.625,14.25,15.375,32.5,-2.875
P19_1002,hilp,hilp_imp_desc,0.1,198,198,True,True,34483,1,29.25,13.9375,15.3125,32.5,-3.25
P19_1002,hilp,hilp_imp_desc,0.2,396,215,True,True,34483,1,29.75,13.75,16.0,32.5,-2.75
P19_1002,hilp,hilp_imp_desc,0.3,595,215,True,True,34483,1,29.75,13.75,16.0,32.5,-2.75
P19_1002,hilp,hilp_imp_desc,0.5,992,215,True,True,34483,1,29.75,13.75,16.0,32.5,-2.75
P19_1002,hilp,hilp_imp_asc,0.05,99,99,True,True,34483,1,34.0,16.75,17.25,32.5,1.5
P19_1002,hilp,hilp_imp_asc,0.1,198,198,True,True,34483,1,31.125,15.1875,15.9375,32.5,-1.375
P19_1002,hilp,hilp_imp_asc,0.2,396,215,True,True,34483,1,29.75,13.75,16.0,32.5,-2.75
P19_1002,hilp,hilp_imp_asc,0.3,595,215,True,True,34483,1,29.75,13.75,16.0,32.5,-2.75
P19_1002,hilp,hilp_imp_asc,0.5,992,215,True,True,34483,1,29.75,13.75,16.0,32.5,-2.75
P19_1002,C,C_imp_asc,0.05,99,99,True,True,34483,1,30.625,14.875,15.75,32.5,-1.875
P19_1002,C,C_imp_asc,0.1,198,198,True,True,34483,1,30.875,14.8125,16.0625,32.5,-1.625
P19_1002,C,C_imp_asc,0.2,396,252,True,True,34483,1,30.5,14.375,16.125,32.5,-2.0
P19_1002,C,C_imp_asc,0.3,595,252,True,True,34483,1,30.5,14.375,16.125,32.5,-2.0
P19_1002,C,C_imp_asc,0.5,992,252,True,True,34483,1,30.5,14.375,16.125,32.5,-2.0
P19_1002,D,D_imp_asc,0.05,99,99,True,True,34483,1,32.5,15.875,16.625,32.5,0.0
P19_1002,D,D_imp_asc,0.1,198,198,True,True,34483,1,32.5,15.75,16.75,32.5,0.0
P19_1002,D,D_imp_asc,0.2,396,396,True,True,34483,1,32.0,15.9375,16.0625,32.5,-0.5
P19_1002,D,D_imp_asc,0.3,595,595,True,True,34483,1,30.75,15.4375,15.3125,32.5,-1.75
P19_1002,D,D_imp_asc,0.5,992,777,True,True,34483,1,29.875,15.3125,14.5625,32.5,-2.625
P19_10031,hihp,hihp_imp_desc,0.05,99,99,True,False,496,910,10.875,13.9375,-3.0625,19.125,-8.25
P19_10031,hihp,hihp_imp_desc,0.1,198,198,False,False,8187,2839,9.1875,14.6875,-5.5,19.125,-9.9375
P19_10031,hihp,hihp_imp_desc,0.2,396,396,False,False,20616,4522,7.65625,13.875,-6.21875,19.125,-11.46875
P19_10031,hihp,hihp_imp_desc,0.3,595,595,False,False,20616,4449,7.59375,13.375,-5.78125,19.125,-11.53125
P19_10031,hihp,hihp_imp_desc,0.5,992,740,False,False,20616,4019,7.875,13.5,-5.625,19.125,-11.25
P19_10031,hihp,hihp_imp_asc,0.05,99,99,True,False,496,5,19.125,12.875,6.25,19.125,0.0
P19_10031,hihp,hihp_imp_asc,0.1,198,198,True,False,496,5,19.25,12.375,6.875,19.125,0.125
P19_10031,hihp,hihp_imp_asc,0.2,396,396,False,False,6056,3,20.25,11.1875,9.0625,19.125,1.125
P19_10031,hihp,hihp_imp_asc,0.3,595,595,False,False,6056,4,20.0,13.625,6.375,19.125,0.875
P19_10031,hihp,hihp_imp_asc,0.5,992,740,False,False,20616,4019,7.875,13.5,-5.625,19.125,-11.25
P19_10031,hilp,hilp_imp_desc,0.05,99,99,True,False,496,5,19.0,12.125,6.875,19.125,-0.125
P19_10031,hilp,hilp_imp_desc,0.1,198,198,True,False,496,5,18.875,11.9375,6.9375,19.125,-0.25
P19_10031,hilp,hilp_imp_desc,0.2,396,215,True,False,496,6,18.75,11.8125,6.9375,19.125,-0.375
P19_10031,hilp,hilp_imp_desc,0.3,595,215,True,False,496,6,18.75,11.8125,6.9375,19.125,-0.375
P19_10031,hilp,hilp_imp_desc,0.5,992,215,True,False,496,6,18.75,11.8125,6.9375,19.125,-0.375
P19_10031,hilp,hilp_imp_asc,0.05,99,99,True,False,496,6,19.0,12.3125,6.6875,19.125,-0.125
P19_10031,hilp,hilp_imp_asc,0.1,198,198,True,False,496,5,18.75,12.0,6.75,19.125,-0.375
P19_10031,hilp,hilp_imp_asc,0.2,396,215,True,False,496,6,18.75,11.8125,6.9375,19.125,-0.375
P19_10031,hilp,hilp_imp_asc,0.3,595,215,True,False,496,6,18.75,11.8125,6.9375,19.125,-0.375
P19_10031,hilp,hilp_imp_asc,0.5,992,215,True,False,496,6,18.75,11.8125,6.9375,19.125,-0.375
P19_10031,C,C_imp_asc,0.05,99,99,False,False,6056,5,19.625,12.8125,6.8125,19.125,0.5
P19_10031,C,C_imp_asc,0.1,198,198,False,False,6056,5,20.0,13.0,7.0,19.125,0.875
P19_10031,C,C_imp_asc,0.2,396,252,False,False,6056,5,20.375,12.875,7.5,19.125,1.25
P19_10031,C,C_imp_asc,0.3,595,252,False,False,6056,5,20.375,12.875,7.5,19.125,1.25
P19_10031,C,C_imp_asc,0.5,992,252,False,False,6056,5,20.375,12.875,7.5,19.125,1.25
P19_10031,D,D_imp_asc,0.05,99,99,True,False,496,5,19.125,12.5625,6.5625,19.125,0.0
P19_10031,D,D_imp_asc,0.1,198,198,True,False,496,5,19.125,12.625,6.5,19.125,0.0
P19_10031,D,D_imp_asc,0.2,396,396,True,False,496,5,19.125,12.4375,6.6875,19.125,0.0
P19_10031,D,D_imp_asc,0.3,595,595,True,False,496,5,19.125,12.4375,6.6875,19.125,0.0
P19_10031,D,D_imp_asc,0.5,992,777,True,False,496,5,19.125,12.625,6.5,19.125,0.0
P190_10000,hihp,hihp_imp_desc,0.05,99,99,False,False,506,30,17.75,15.375,2.375,8.375,9.375
P190_10000,hihp,hihp_imp_desc,0.1,198,198,False,False,528,64,16.375,13.6875,2.6875,8.375,8.0
P190_10000,hihp,hihp_imp_desc,0.2,396,396,False,False,43594,49,16.625,16.375,0.25,8.375,8.25
P190_10000,hihp,hihp_imp_desc,0.3,595,595,False,False,13706,64,16.625,17.25,-0.625,8.375,8.25
P190_10000,hihp,hihp_imp_desc,0.5,992,740,False,False,496,137,14.9375,16.5,-1.5625,8.375,6.5625
P190_10000,hihp,hihp_imp_asc,0.05,99,99,True,False,160685,1287,9.875,8.6875,1.1875,8.375,1.5
P190_10000,hihp,hihp_imp_asc,0.1,198,198,False,False,59397,47,17.125,11.0625,6.0625,8.375,8.75
P190_10000,hihp,hihp_imp_asc,0.2,396,396,False,False,59397,25,19.0,12.0625,6.9375,8.375,10.625
P190_10000,hihp,hihp_imp_asc,0.3,595,595,False,False,496,359,12.9375,10.9375,2.0,8.375,4.5625
P190_10000,hihp,hihp_imp_asc,0.5,992,740,False,False,496,137,14.9375,16.5,-1.5625,8.375,6.5625
P190_10000,hilp,hilp_imp_desc,0.05,99,99,True,False,160685,242,13.3125,10.5625,2.75,8.375,4.9375
P190_10000,hilp,hilp_imp_desc,0.1,198,198,True,False,160685,344,12.5625,10.1875,2.375,8.375,4.1875
P190_10000,hilp,hilp_imp_desc,0.2,396,215,True,False,160685,248,13.375,10.5625,2.8125,8.375,5.0
P190_10000,hilp,hilp_imp_desc,0.3,595,215,True,False,160685,248,13.375,10.5625,2.8125,8.375,5.0
P190_10000,hilp,hilp_imp_desc,0.5,992,215,True,False,160685,248,13.375,10.5625,2.8125,8.375,5.0
P190_10000,hilp,hilp_imp_asc,0.05,99,99,True,False,160685,3479,8.0625,8.0625,0.0,8.375,-0.3125
P190_10000,hilp,hilp_imp_asc,0.1,198,198,True,False,160685,774,10.9375,9.3125,1.625,8.375,2.5625
P190_10000,hilp,hilp_imp_asc,0.2,396,215,True,False,160685,248,13.375,10.5625,2.8125,8.375,5.0
P190_10000,hilp,hilp_imp_asc,0.3,595,215,True,False,160685,248,13.375,10.5625,2.8125,8.375,5.0
P190_10000,hilp,hilp_imp_asc,0.5,992,215,True,False,160685,248,13.375,10.5625,2.8125,8.375,5.0
P190_10000,C,C_imp_asc,0.05,99,99,True,False,160685,1852,9.3125,8.75,0.5625,8.375,0.9375
P190_10000,C,C_imp_asc,0.1,198,198,True,False,160685,1985,9.1875,8.5625,0.625,8.375,0.8125
P190_10000,C,C_imp_asc,0.2,396,252,True,False,160685,1436,9.875,9.0,0.875,8.375,1.5
P190_10000,C,C_imp_asc,0.3,595,252,True,False,160685,1436,9.875,9.0,0.875,8.375,1.5
P190_10000,C,C_imp_asc,0.5,992,252,True,False,160685,1436,9.875,9.0,0.875,8.375,1.5
P190_10000,D,D_imp_asc,0.05,99,99,True,False,160685,3150,8.375,8.25,0.125,8.375,0.0
P190_10000,D,D_imp_asc,0.1,198,198,True,False,160685,3060,8.4375,8.25,0.1875,8.375,0.0625
P190_10000,D,D_imp_asc,0.2,396,396,False,False,59397,3122,8.5,8.375,0.125,8.375,0.125
P190_10000,D,D_imp_asc,0.3,595,595,False,False,59397,3297,8.4375,8.0625,0.375,8.375,0.0625
P190_10000,D,D_imp_asc,0.5,992,777,False,False,59397,2461,9.0,8.1875,0.8125,8.375,0.625
P190_10006,hihp,hihp_imp_desc,0.05,99,99,True,False,496,1702,10.0625,15.0625,-5.0,11.1875,-1.125
P190_10006,hihp,hihp_imp_desc,0.1,198,198,True,False,496,1529,10.3125,15.1875,-4.875,11.1875,-0.875
P190_10006,hihp,hihp_imp_desc,0.2,396,396,True,False,496,1762,10.0625,14.1875,-4.125,11.1875,-1.125
P190_10006,hihp,hihp_imp_desc,0.3,595,595,False,False,25818,1621,10.0,13.6875,-3.6875,11.1875,-1.1875
P190_10006,hihp,hihp_imp_desc,0.5,992,740,False,False,25818,1657,10.0,13.8125,-3.8125,11.1875,-1.1875
P190_10006,hihp,hihp_imp_asc,0.05,99,99,False,False,13706,975,11.5,16.875,-5.375,11.1875,0.3125
P190_10006,hihp,hihp_imp_asc,0.1,198,198,False,False,13706,987,11.4375,17.0,-5.5625,11.1875,0.25
P190_10006,hihp,hihp_imp_asc,0.2,396,396,False,False,13706,971,11.4375,17.0,-5.5625,11.1875,0.25
P190_10006,hihp,hihp_imp_asc,0.3,595,595,False,False,13706,838,11.8125,16.875,-5.0625,11.1875,0.625
P190_10006,hihp,hihp_imp_asc,0.5,992,740,False,False,25818,1657,10.0,13.8125,-3.8125,11.1875,-1.1875
P190_10006,hilp,hilp_imp_desc,0.05,99,99,True,False,496,1062,11.1875,16.375,-5.1875,11.1875,0.0
P190_10006,hilp,hilp_imp_desc,0.1,198,198,False,False,13706,1064,11.1875,16.375,-5.1875,11.1875,0.0
P190_10006,hilp,hilp_imp_desc,0.2,396,215,False,False,13706,1005,11.3125,16.375,-5.0625,11.1875,0.125
P190_10006,hilp,hilp_imp_desc,0.3,595,215,False,False,13706,1005,11.3125,16.375,-5.0625,11.1875,0.125
P190_10006,hilp,hilp_imp_desc,0.5,992,215,False,False,13706,1005,11.3125,16.375,-5.0625,11.1875,0.125
P190_10006,hilp,hilp_imp_asc,0.05,99,99,False,False,13706,1043,11.3125,16.75,-5.4375,11.1875,0.125
P190_10006,hilp,hilp_imp_asc,0.1,198,198,False,False,13706,964,11.4375,16.75,-5.3125,11.1875,0.25
P190_10006,hilp,hilp_imp_asc,0.2,396,215,False,False,13706,1005,11.3125,16.375,-5.0625,11.1875,0.125
P190_10006,hilp,hilp_imp_asc,0.3,595,215,False,False,13706,1005,11.3125,16.375,-5.0625,11.1875,0.125
P190_10006,hilp,hilp_imp_asc,0.5,992,215,False,False,13706,1005,11.3125,16.375,-5.0625,11.1875,0.125
P190_10006,C,C_imp_asc,0.05,99,99,True,False,496,1118,11.125,16.875,-5.75,11.1875,-0.0625
P190_10006,C,C_imp_asc,0.1,198,198,True,False,496,1135,11.125,16.875,-5.75,11.1875,-0.0625
P190_10006,C,C_imp_asc,0.2,396,252,True,False,496,1301,10.8125,16.875,-6.0625,11.1875,-0.375
P190_10006,C,C_imp_asc,0.3,595,252,True,False,496,1301,10.8125,16.875,-6.0625,11.1875,-0.375
P190_10006,C,C_imp_asc,0.5,992,252,True,False,496,1301,10.8125,16.875,-6.0625,11.1875,-0.375
P190_10006,D,D_imp_asc,0.05,99,99,True,False,496,1101,11.125,16.625,-5.5,11.1875,-0.0625
P190_10006,D,D_imp_asc,0.1,198,198,True,False,496,1100,11.1875,16.75,-5.5625,11.1875,0.0
P190_10006,D,D_imp_asc,0.2,396,396,True,False,496,1127,11.1875,16.75,-5.5625,11.1875,0.0
P190_10006,D,D_imp_asc,0.3,595,595,True,False,496,1082,11.1875,16.625,-5.4375,11.1875,0.0
P190_10006,D,D_imp_asc,0.5,992,777,False,False,13706,895,11.625,16.625,-5.0,11.1875,0.4375
P20_10007,hihp,hihp_imp_desc,0.05,99,99,True,False,236743,28,16.375,15.5,0.875,20.0,-3.625
P20_10007,hihp,hihp_imp_desc,0.1,198,198,True,False,236743,46,15.0625,15.9375,-0.875,20.0,-4.9375
P20_10007,hihp,hihp_imp_desc,0.2,396,396,True,False,236743,82,14.625,11.625,3.0,20.0,-5.375
P20_10007,hihp,hihp_imp_desc,0.3,595,595,True,False,236743,125,13.8125,11.8125,2.0,20.0,-6.1875
P20_10007,hihp,hihp_imp_desc,0.5,992,740,True,False,236743,148,13.0,11.8125,1.1875,20.0,-7.0
P20_10007,hihp,hihp_imp_asc,0.05,99,99,True,False,236743,4,19.75,12.5,7.25,20.0,-0.25
P20_10007,hihp,hihp_imp_asc,0.1,198,198,True,False,236743,4,19.25,11.0625,8.1875,20.0,-0.75
P20_10007,hihp,hihp_imp_asc,0.2,396,396,True,False,236743,5,19.0,11.1875,7.8125,20.0,-1.0
P20_10007,hihp,hihp_imp_asc,0.3,595,595,True,False,236743,7,18.625,10.8125,7.8125,20.0,-1.375
P20_10007,hihp,hihp_imp_asc,0.5,992,740,True,False,236743,148,13.0,11.8125,1.1875,20.0,-7.0
P20_10007,hilp,hilp_imp_desc,0.05,99,99,True,False,236743,4,20.375,12.25,8.125,20.0,0.375
P20_10007,hilp,hilp_imp_desc,0.1,198,198,True,False,236743,4,20.25,12.0625,8.1875,20.0,0.25
P20_10007,hilp,hilp_imp_desc,0.2,396,215,True,False,236743,4,20.25,12.0625,8.1875,20.0,0.25
P20_10007,hilp,hilp_imp_desc,0.3,595,215,True,False,236743,4,20.25,12.0625,8.1875,20.0,0.25
P20_10007,hilp,hilp_imp_desc,0.5,992,215,True,False,236743,4,20.25,12.0625,8.1875,20.0,0.25
P20_10007,hilp,hilp_imp_asc,0.05,99,99,True,False,236743,4,20.0,12.0625,7.9375,20.0,0.0
P20_10007,hilp,hilp_imp_asc,0.1,198,198,True,False,236743,4,20.25,11.8125,8.4375,20.0,0.25
P20_10007,hilp,hilp_imp_asc,0.2,396,215,True,False,236743,4,20.25,12.0625,8.1875,20.0,0.25
P20_10007,hilp,hilp_imp_asc,0.3,595,215,True,False,236743,4,20.25,12.0625,8.1875,20.0,0.25
P20_10007,hilp,hilp_imp_asc,0.5,992,215,True,False,236743,4,20.25,12.0625,8.1875,20.0,0.25
P20_10007,C,C_imp_asc,0.05,99,99,True,False,236743,4,19.625,12.5,7.125,20.0,-0.375
P20_10007,C,C_imp_asc,0.1,198,198,True,False,236743,4,19.375,12.5625,6.8125,20.0,-0.625
P20_10007,C,C_imp_asc,0.2,396,252,True,False,236743,4,19.375,12.75,6.625,20.0,-0.625
P20_10007,C,C_imp_asc,0.3,595,252,True,False,236743,4,19.375,12.75,6.625,20.0,-0.625
P20_10007,C,C_imp_asc,0.5,992,252,True,False,236743,4,19.375,12.75,6.625,20.0,-0.625
P20_10007,D,D_imp_asc,0.05,99,99,True,False,236743,4,20.0,12.4375,7.5625,20.0,0.0
P20_10007,D,D_imp_asc,0.1,198,198,True,False,236743,4,19.875,12.375,7.5,20.0,-0.125
P20_10007,D,D_imp_asc,0.2,396,396,True,False,236743,4,19.875,12.3125,7.5625,20.0,-0.125
P20_10007,D,D_imp_asc,0.3,595,595,True,False,236743,4,19.375,11.9375,7.4375,20.0,-0.625
P20_10007,D,D_imp_asc,0.5,992,777,True,False,236743,4,19.375,11.6875,7.6875,20.0,-0.625
P20_1008,hihp,hihp_imp_desc,0.05,99,99,True,False,1799,40,15.25,17.5,-2.25,19.25,-4.0
P20_1008,hihp,hihp_imp_desc,0.1,198,198,False,False,30318,57,15.3125,17.375,-2.0625,19.25,-3.9375
P20_1008,hihp,hihp_imp_desc,0.2,396,396,False,False,30318,133,13.6875,16.25,-2.5625,19.25,-5.5625
P20_1008,hihp,hihp_imp_desc,0.3,595,595,False,False,7923,210,12.8125,16.875,-4.0625,19.25,-6.4375
P20_1008,hihp,hihp_imp_desc,0.5,992,740,False,False,212528,6947,7.28125,10.4375,-3.15625,19.25,-11.96875
P20_1008,hihp,hihp_imp_asc,0.05,99,99,True,False,1799,4,20.25,13.875,6.375,19.25,1.0
P20_1008,hihp,hihp_imp_asc,0.1,198,198,True,False,1799,3,22.125,14.6875,7.4375,19.25,2.875
P20_1008,hihp,hihp_imp_asc,0.2,396,396,True,False,1799,11,16.875,12.375,4.5,19.25,-2.375
P20_1008,hihp,hihp_imp_asc,0.3,595,595,False,False,31094,203,13.625,12.625,1.0,19.25,-5.625
P20_1008,hihp,hihp_imp_asc,0.5,992,740,False,False,212528,6947,7.28125,10.4375,-3.15625,19.25,-11.96875
P20_1008,hilp,hilp_imp_desc,0.05,99,99,True,False,1799,5,18.625,14.125,4.5,19.25,-0.625
P20_1008,hilp,hilp_imp_desc,0.1,198,198,True,False,1799,7,17.875,14.5625,3.3125,19.25,-1.375
P20_1008,hilp,hilp_imp_desc,0.2,396,215,True,False,1799,7,17.875,14.5625,3.3125,19.25,-1.375
P20_1008,hilp,hilp_imp_desc,0.3,595,215,True,False,1799,7,17.875,14.5625,3.3125,19.25,-1.375
P20_1008,hilp,hilp_imp_desc,0.5,992,215,True,False,1799,7,17.875,14.5625,3.3125,19.25,-1.375
P20_1008,hilp,hilp_imp_asc,0.05,99,99,True,False,1799,11,18.875,14.375,4.5,19.25,-0.375
P20_1008,hilp,hilp_imp_asc,0.1,198,198,True,False,1799,10,17.375,14.375,3.0,19.25,-1.875
P20_1008,hilp,hilp_imp_asc,0.2,396,215,True,False,1799,7,17.875,14.5625,3.3125,19.25,-1.375
P20_1008,hilp,hilp_imp_asc,0.3,595,215,True,False,1799,7,17.875,14.5625,3.3125,19.25,-1.375
P20_1008,hilp,hilp_imp_asc,0.5,992,215,True,False,1799,7,17.875,14.5625,3.3125,19.25,-1.375
P20_1008,C,C_imp_asc,0.05,99,99,True,False,1799,12,19.125,13.375,5.75,19.25,-0.125
P20_1008,C,C_imp_asc,0.1,198,198,True,False,1799,13,19.75,13.75,6.0,19.25,0.5
P20_1008,C,C_imp_asc,0.2,396,252,True,False,1799,9,21.0,13.375,7.625,19.25,1.75
P20_1008,C,C_imp_asc,0.3,595,252,True,False,1799,9,21.0,13.375,7.625,19.25,1.75
P20_1008,C,C_imp_asc,0.5,992,252,True,False,1799,9,21.0,13.375,7.625,19.25,1.75
P20_1008,D,D_imp_asc,0.05,99,99,True,False,1799,9,19.375,13.5,5.875,19.25,0.125
P20_1008,D,D_imp_asc,0.1,198,198,True,False,1799,10,19.25,13.125,6.125,19.25,0.0
P20_1008,D,D_imp_asc,0.2,396,396,True,False,1799,12,18.25,12.8125,5.4375,19.25,-1.0
P20_1008,D,D_imp_asc,0.3,595,595,True,False,1799,10,18.5,13.3125,5.1875,19.25,-0.75
P20_1008,D,D_imp_asc,0.5,992,777,True,False,1799,11,17.75,13.1875,4.5625,19.25,-1.5
P264_1000,hihp,hihp_imp_desc,0.05,99,99,True,False,13668,3319,10.3125,9.75,0.5625,9.375,0.9375
P264_1000,hihp,hihp_imp_desc,0.1,198,198,True,False,13668,4427,9.5625,8.9375,0.625,9.375,0.1875
P264_1000,hihp,hihp_imp_desc,0.2,396,396,False,False,496,3385,10.375,13.875,-3.5,9.375,1.0
P264_1000,hihp,hihp_imp_desc,0.3,595,595,False,False,496,3484,9.3125,11.0,-1.6875,9.375,-0.0625
P264_1000,hihp,hihp_imp_desc,0.5,992,740,False,False,496,2933,9.3125,11.0,-1.6875,9.375,-0.0625
P264_1000,hihp,hihp_imp_asc,0.05,99,99,True,False,13668,3528,9.4375,7.3125,2.125,9.375,0.0625
P264_1000,hihp,hihp_imp_asc,0.1,198,198,False,False,236743,6512,9.3125,10.5,-1.1875,9.375,-0.0625
P264_1000,hihp,hihp_imp_asc,0.2,396,396,False,False,9145,10100,8.25,11.1875,-2.9375,9.375,-1.125
P264_1000,hihp,hihp_imp_asc,0.3,595,595,False,False,236743,11215,7.5,10.125,-2.625,9.375,-1.875
P264_1000,hihp,hihp_imp_asc,0.5,992,740,False,False,496,2933,9.3125,11.0,-1.6875,9.375,-0.0625
P264_1000,hilp,hilp_imp_desc,0.05,99,99,True,False,13668,4438,9.3125,7.75,1.5625,9.375,-0.0625
P264_1000,hilp,hilp_imp_desc,0.1,198,198,True,False,13668,3560,9.3125,6.34375,2.96875,9.375,-0.0625
P264_1000,hilp,hilp_imp_desc,0.2,396,215,True,False,13668,3453,9.4375,6.53125,2.90625,9.375,0.0625
P264_1000,hilp,hilp_imp_desc,0.3,595,215,True,False,13668,3453,9.4375,6.53125,2.90625,9.375,0.0625
P264_1000,hilp,hilp_imp_desc,0.5,992,215,True,False,13668,3453,9.4375,6.53125,2.90625,9.375,0.0625
P264_1000,hilp,hilp_imp_asc,0.05,99,99,True,False,13668,3214,9.1875,4.9375,4.25,9.375,-0.1875
P264_1000,hilp,hilp_imp_asc,0.1,198,198,True,False,13668,3115,9.4375,5.8125,3.625,9.375,0.0625
P264_1000,hilp,hilp_imp_asc,0.2,396,215,True,False,13668,3453,9.4375,6.53125,2.90625,9.375,0.0625
P264_1000,hilp,hilp_imp_asc,0.3,595,215,True,False,13668,3453,9.4375,6.53125,2.90625,9.375,0.0625
P264_1000,hilp,hilp_imp_asc,0.5,992,215,True,False,13668,3453,9.4375,6.53125,2.90625,9.375,0.0625
P264_1000,C,C_imp_asc,0.05,99,99,True,False,13668,3750,9.1875,6.53125,2.65625,9.375,-0.1875
P264_1000,C,C_imp_asc,0.1,198,198,True,False,13668,4433,8.75,5.8125,2.9375,9.375,-0.625
P264_1000,C,C_imp_asc,0.2,396,252,True,False,13668,4455,8.6875,5.5,3.1875,9.375,-0.6875
P264_1000,C,C_imp_asc,0.3,595,252,True,False,13668,4455,8.6875,5.5,3.1875,9.375,-0.6875
P264_1000,C,C_imp_asc,0.5,992,252,True,False,13668,4455,8.6875,5.5,3.1875,9.375,-0.6875
P264_1000,D,D_imp_asc,0.05,99,99,True,False,13668,3191,9.4375,5.96875,3.46875,9.375,0.0625
P264_1000,D,D_imp_asc,0.1,198,198,True,False,13668,2993,9.5,6.03125,3.46875,9.375,0.125
P264_1000,D,D_imp_asc,0.2,396,396,True,False,13668,3329,9.4375,6.25,3.1875,9.375,0.0625
P264_1000,D,D_imp_asc,0.3,595,595,True,False,13668,3769,9.375,7.15625,2.21875,9.375,0.0
P264_1000,D,D_imp_asc,0.5,992,777,True,False,13668,4975,9.0,7.46875,1.53125,9.375,-0.375
P264_10597,hihp,hihp_imp_desc,0.05,99,99,False,False,506,534,12.9375,11.6875,1.25,21.0,-8.0625
P264_10597,hihp,hihp_imp_desc,0.1,198,198,False,False,506,176,15.3125,10.5,4.8125,21.0,-5.6875
P264_10597,hihp,hihp_imp_desc,0.2,396,396,False,False,506,1215,12.375,11.5625,0.8125,21.0,-8.625
P264_10597,hihp,hihp_imp_desc,0.3,595,595,False,False,506,1842,11.0625,9.9375,1.125,21.0,-9.9375
P264_10597,hihp,hihp_imp_desc,0.5,992,740,False,False,506,3117,10.125,9.9375,0.1875,21.0,-10.875
P264_10597,hihp,hihp_imp_asc,0.05,99,99,True,True,11685,1,21.0,10.625,10.375,21.0,0.0
P264_10597,hihp,hihp_imp_asc,0.1,198,198,False,False,18693,2,21.25,10.25,11.0,21.0,0.25
P264_10597,hihp,hihp_imp_asc,0.2,396,396,False,False,18693,5,20.5,10.375,10.125,21.0,-0.5
P264_10597,hihp,hihp_imp_asc,0.3,595,595,False,False,506,24,17.5,10.1875,7.3125,21.0,-3.5
P264_10597,hihp,hihp_imp_asc,0.5,992,740,False,False,506,3117,10.125,9.9375,0.1875,21.0,-10.875
P264_10597,hilp,hilp_imp_desc,0.05,99,99,False,False,15519,6,20.0,10.375,9.625,21.0,-1.0
P264_10597,hilp,hilp_imp_desc,0.1,198,198,False,False,15519,6,19.75,10.0625,9.6875,21.0,-1.25
P264_10597,hilp,hilp_imp_desc,0.2,396,215,False,False,15519,6,19.875,10.0,9.875,21.0,-1.125
P264_10597,hilp,hilp_imp_desc,0.3,595,215,False,False,15519,6,19.875,10.0,9.875,21.0,-1.125
P264_10597,hilp,hilp_imp_desc,0.5,992,215,False,False,15519,6,19.875,10.0,9.875,21.0,-1.125
P264_10597,hilp,hilp_imp_asc,0.05,99,99,True,True,11685,1,21.125,10.4375,10.6875,21.0,0.125
P264_10597,hilp,hilp_imp_asc,0.1,198,198,False,False,15519,5,20.25,10.0,10.25,21.0,-0.75
P264_10597,hilp,hilp_imp_asc,0.2,396,215,False,False,15519,6,19.875,10.0,9.875,21.0,-1.125
P264_10597,hilp,hilp_imp_asc,0.3,595,215,False,False,15519,6,19.875,10.0,9.875,21.0,-1.125
P264_10597,hilp,hilp_imp_asc,0.5,992,215,False,False,15519,6,19.875,10.0,9.875,21.0,-1.125
P264_10597,C,C_imp_asc,0.05,99,99,False,False,18693,3,20.875,10.3125,10.5625,21.0,-0.125
P264_10597,C,C_imp_asc,0.1,198,198,False,False,148718,3,20.375,10.1875,10.1875,21.0,-0.625
P264_10597,C,C_imp_asc,0.2,396,252,False,False,231530,4,20.125,10.3125,9.8125,21.0,-0.875
P264_10597,C,C_imp_asc,0.3,595,252,False,False,231530,4,20.125,10.3125,9.8125,21.0,-0.875
P264_10597,C,C_imp_asc,0.5,992,252,False,False,231530,4,20.125,10.3125,9.8125,21.0,-0.875
P264_10597,D,D_imp_asc,0.05,99,99,True,True,11685,1,21.0,10.5625,10.4375,21.0,0.0
P264_10597,D,D_imp_asc,0.1,198,198,True,True,11685,2,21.0,10.6875,10.3125,21.0,0.0
P264_10597,D,D_imp_asc,0.2,396,396,True,True,11685,1,20.875,11.0,9.875,21.0,-0.125
P264_10597,D,D_imp_asc,0.3,595,595,False,False,148718,8,20.5,10.6875,9.8125,21.0,-0.5
P264_10597,D,D_imp_asc,0.5,992,777,False,False,103589,5,20.25,11.0625,9.1875,21.0,-0.75
P27_10002,hihp,hihp_imp_desc,0.05,99,99,False,False,11702,23,16.875,16.75,0.125,21.25,-4.375
P27_10002,hihp,hihp_imp_desc,0.1,198,198,False,False,11702,32,16.625,17.25,-0.625,21.25,-4.625
P27_10002,hihp,hihp_imp_desc,0.2,396,396,False,False,11702,40,16.25,17.0,-0.75,21.25,-5.0
P27_10002,hihp,hihp_imp_desc,0.3,595,595,False,False,11702,41,16.25,17.0,-0.75,21.25,-5.0
P27_10002,hihp,hihp_imp_desc,0.5,992,740,False,False,11702,40,16.25,17.0,-0.75,21.25,-5.0
P27_10002,hihp,hihp_imp_asc,0.05,99,99,True,True,9405,1,21.25,14.6875,6.5625,21.25,0.0
P27_10002,hihp,hihp_imp_asc,0.1,198,198,True,True,9405,1,21.25,14.875,6.375,21.25,0.0
P27_10002,hihp,hihp_imp_asc,0.2,396,396,True,True,9405,1,21.0,14.6875,6.3125,21.25,-0.25
P27_10002,hihp,hihp_imp_asc,0.3,595,595,True,True,9405,1,20.875,15.625,5.25,21.25,-0.375
P27_10002,hihp,hihp_imp_asc,0.5,992,740,False,False,11702,40,16.25,17.0,-0.75,21.25,-5.0
P27_10002,hilp,hilp_imp_desc,0.05,99,99,True,True,9405,1,21.5,15.0625,6.4375,21.25,0.25
P27_10002,hilp,hilp_imp_desc,0.1,198,198,True,True,9405,1,21.5,15.125,6.375,21.25,0.25
P27_10002,hilp,hilp_imp_desc,0.2,396,215,True,True,9405,1,21.375,15.125,6.25,21.25,0.125
P27_10002,hilp,hilp_imp_desc,0.3,595,215,True,True,9405,1,21.375,15.125,6.25,21.25,0.125
P27_10002,hilp,hilp_imp_desc,0.5,992,215,True,True,9405,1,21.375,15.125,6.25,21.25,0.125
P27_10002,hilp,hilp_imp_asc,0.05,99,99,True,True,9405,1,21.0,14.75,6.25,21.25,-0.25
P27_10002,hilp,hilp_imp_asc,0.1,198,198,True,True,9405,1,21.375,14.9375,6.4375,21.25,0.125
P27_10002,hilp,hilp_imp_asc,0.2,396,215,True,True,9405,1,21.375,15.125,6.25,21.25,0.125
P27_10002,hilp,hilp_imp_asc,0.3,595,215,True,True,9405,1,21.375,15.125,6.25,21.25,0.125
P27_10002,hilp,hilp_imp_asc,0.5,992,215,True,True,9405,1,21.375,15.125,6.25,21.25,0.125
P27_10002,C,C_imp_asc,0.05,99,99,True,True,9405,1,21.375,14.875,6.5,21.25,0.125
P27_10002,C,C_imp_asc,0.1,198,198,True,True,9405,1,21.375,15.0,6.375,21.25,0.125
P27_10002,C,C_imp_asc,0.2,396,252,True,True,9405,1,21.625,15.125,6.5,21.25,0.375
P27_10002,C,C_imp_asc,0.3,595,252,True,True,9405,1,21.625,15.125,6.5,21.25,0.375
P27_10002,C,C_imp_asc,0.5,992,252,True,True,9405,1,21.625,15.125,6.5,21.25,0.375
P27_10002,D,D_imp_asc,0.05,99,99,True,True,9405,1,21.25,14.75,6.5,21.25,0.0
P27_10002,D,D_imp_asc,0.1,198,198,True,True,9405,1,21.375,14.75,6.625,21.25,0.125
P27_10002,D,D_imp_asc,0.2,396,396,True,True,9405,1,21.375,14.9375,6.4375,21.25,0.125
P27_10002,D,D_imp_asc,0.3,595,595,True,True,9405,1,21.375,15.0,6.375,21.25,0.125
P27_10002,D,D_imp_asc,0.5,992,777,True,True,9405,1,21.375,15.0625,6.3125,21.25,0.125
P27_10008,hihp,hihp_imp_desc,0.05,99,99,False,False,7203,12,18.25,24.25,-6.0,21.625,-3.375
P27_10008,hihp,hihp_imp_desc,0.1,198,198,False,False,7203,136,14.8125,24.25,-9.4375,21.625,-6.8125
P27_10008,hihp,hihp_imp_desc,0.2,396,396,False,False,7203,124,14.6875,24.625,-9.9375,21.625,-6.9375
P27_10008,hihp,hihp_imp_desc,0.3,595,595,False,False,7203,98,15.0625,24.5,-9.4375,21.625,-6.5625
P27_10008,hihp,hihp_imp_desc,0.5,992,740,False,False,7203,85,15.3125,25.0,-9.6875,21.625,-6.3125
P27_10008,hihp,hihp_imp_asc,0.05,99,99,True,True,11702,1,21.625,17.5,4.125,21.625,0.0
P27_10008,hihp,hihp_imp_asc,0.1,198,198,True,True,11702,1,21.75,17.625,4.125,21.625,0.125
P27_10008,hihp,hihp_imp_asc,0.2,396,396,True,True,11702,1,21.5,17.75,3.75,21.625,-0.125
P27_10008,hihp,hihp_imp_asc,0.3,595,595,True,True,11702,1,21.875,19.625,2.25,21.625,0.25
P27_10008,hihp,hihp_imp_asc,0.5,992,740,False,False,7203,85,15.3125,25.0,-9.6875,21.625,-6.3125
P27_10008,hilp,hilp_imp_desc,0.05,99,99,True,True,11702,1,22.25,17.125,5.125,21.625,0.625
P27_10008,hilp,hilp_imp_desc,0.1,198,198,True,True,11702,1,22.25,17.0,5.25,21.625,0.625
P27_10008,hilp,hilp_imp_desc,0.2,396,215,True,True,11702,1,22.375,17.125,5.25,21.625,0.75
P27_10008,hilp,hilp_imp_desc,0.3,595,215,True,True,11702,1,22.375,17.125,5.25,21.625,0.75
P27_10008,hilp,hilp_imp_desc,0.5,992,215,True,True,11702,1,22.375,17.125,5.25,21.625,0.75
P27_10008,hilp,hilp_imp_asc,0.05,99,99,True,True,11702,1,21.875,17.5,4.375,21.625,0.25
P27_10008,hilp,hilp_imp_asc,0.1,198,198,True,True,11702,1,21.875,17.375,4.5,21.625,0.25
P27_10008,hilp,hilp_imp_asc,0.2,396,215,True,True,11702,1,22.375,17.125,5.25,21.625,0.75
P27_10008,hilp,hilp_imp_asc,0.3,595,215,True,True,11702,1,22.375,17.125,5.25,21.625,0.75
P27_10008,hilp,hilp_imp_asc,0.5,992,215,True,True,11702,1,22.375,17.125,5.25,21.625,0.75
P27_10008,C,C_imp_asc,0.05,99,99,True,True,11702,1,21.75,17.375,4.375,21.625,0.125
P27_10008,C,C_imp_asc,0.1,198,198,True,True,11702,1,21.625,17.625,4.0,21.625,0.0
P27_10008,C,C_imp_asc,0.2,396,252,True,True,11702,1,21.375,17.25,4.125,21.625,-0.25
P27_10008,C,C_imp_asc,0.3,595,252,True,True,11702,1,21.375,17.25,4.125,21.625,-0.25
P27_10008,C,C_imp_asc,0.5,992,252,True,True,11702,1,21.375,17.25,4.125,21.625,-0.25
P27_10008,D,D_imp_asc,0.05,99,99,True,True,11702,1,21.625,17.375,4.25,21.625,0.0
P27_10008,D,D_imp_asc,0.1,198,198,True,True,11702,1,21.75,17.375,4.375,21.625,0.125
P27_10008,D,D_imp_asc,0.2,396,396,True,True,11702,1,21.625,17.25,4.375,21.625,0.0
P27_10008,D,D_imp_asc,0.3,595,595,True,True,11702,1,21.625,17.5,4.125,21.625,0.0
P27_10008,D,D_imp_asc,0.5,992,777,True,True,11702,1,21.5,17.625,3.875,21.625,-0.125
P276_10021,hihp,hihp_imp_desc,0.05,99,99,True,False,506,715,11.0625,6.03125,5.03125,8.9375,2.125
P276_10021,hihp,hihp_imp_desc,0.1,198,198,True,False,506,691,10.6875,6.5,4.1875,8.9375,1.75
P276_10021,hihp,hihp_imp_desc,0.2,396,396,True,False,506,1579,9.25,5.59375,3.65625,8.9375,0.3125
P276_10021,hihp,hihp_imp_desc,0.3,595,595,True,False,506,2004,8.9375,5.59375,3.34375,8.9375,0.0
P276_10021,hihp,hihp_imp_desc,0.5,992,740,True,False,506,2452,8.625,5.1875,3.4375,8.9375,-0.3125
P276_10021,hihp,hihp_imp_asc,0.05,99,99,True,False,506,6759,7.71875,4.875,2.84375,8.9375,-1.21875
P276_10021,hihp,hihp_imp_asc,0.1,198,198,True,False,506,4636,8.375,4.4375,3.9375,8.9375,-0.5625
P276_10021,hihp,hihp_imp_asc,0.2,396,396,True,False,506,340,12.4375,4.15625,8.28125,8.9375,3.5
P276_10021,hihp,hihp_imp_asc,0.3,595,595,True,False,506,164,13.625,5.53125,8.09375,8.9375,4.6875
P276_10021,hihp,hihp_imp_asc,0.5,992,740,True,False,506,2452,8.625,5.1875,3.4375,8.9375,-0.3125
P276_10021,hilp,hilp_imp_desc,0.05,99,99,True,False,506,906,11.3125,5.15625,6.15625,8.9375,2.375
P276_10021,hilp,hilp_imp_desc,0.1,198,198,True,False,506,854,11.375,5.125,6.25,8.9375,2.4375
P276_10021,hilp,hilp_imp_desc,0.2,396,215,True,False,506,1038,11.0625,4.90625,6.15625,8.9375,2.125
P276_10021,hilp,hilp_imp_desc,0.3,595,215,True,False,506,1038,11.0625,4.90625,6.15625,8.9375,2.125
P276_10021,hilp,hilp_imp_desc,0.5,992,215,True,False,506,1038,11.0625,4.90625,6.15625,8.9375,2.125
P276_10021,hilp,hilp_imp_asc,0.05,99,99,True,False,506,3895,8.8125,5.1875,3.625,8.9375,-0.125
P276_10021,hilp,hilp_imp_asc,0.1,198,198,True,False,506,1821,10.125,4.9375,5.1875,8.9375,1.1875
P276_10021,hilp,hilp_imp_asc,0.2,396,215,True,False,506,1038,11.0625,4.90625,6.15625,8.9375,2.125
P276_10021,hilp,hilp_imp_asc,0.3,595,215,True,False,506,1038,11.0625,4.90625,6.15625,8.9375,2.125
P276_10021,hilp,hilp_imp_asc,0.5,992,215,True,False,506,1038,11.0625,4.90625,6.15625,8.9375,2.125
P276_10021,C,C_imp_asc,0.05,99,99,True,False,506,4187,8.625,5.25,3.375,8.9375,-0.3125
P276_10021,C,C_imp_asc,0.1,198,198,True,False,506,3733,8.75,5.46875,3.28125,8.9375,-0.1875
P276_10021,C,C_imp_asc,0.2,396,252,True,False,506,3437,8.875,5.21875,3.65625,8.9375,-0.0625
P276_10021,C,C_imp_asc,0.3,595,252,True,False,506,3437,8.875,5.21875,3.65625,8.9375,-0.0625
P276_10021,C,C_imp_asc,0.5,992,252,True,False,506,3437,8.875,5.21875,3.65625,8.9375,-0.0625
P276_10021,D,D_imp_asc,0.05,99,99,True,False,506,3630,9.0,5.21875,3.78125,8.9375,0.0625
P276_10021,D,D_imp_asc,0.1,198,198,True,False,506,3345,9.125,5.1875,3.9375,8.9375,0.1875
P276_10021,D,D_imp_asc,0.2,396,396,True,False,506,3315,9.125,5.375,3.75,8.9375,0.1875
P276_10021,D,D_imp_asc,0.3,595,595,True,False,506,3104,9.375,5.65625,3.71875,8.9375,0.4375
P276_10021,D,D_imp_asc,0.5,992,777,True,False,506,3015,9.3125,5.40625,3.90625,8.9375,0.375
P276_10062,hihp,hihp_imp_desc,0.05,99,99,False,False,496,1220,10.25,10.375,-0.125,14.25,-4.0
P276_10062,hihp,hihp_imp_desc,0.1,198,198,False,False,496,1109,10.3125,11.9375,-1.625,14.25,-3.9375
P276_10062,hihp,hihp_imp_desc,0.2,396,396,False,False,496,1749,9.5,11.0,-1.5,14.25,-4.75
P276_10062,hihp,hihp_imp_desc,0.3,595,595,False,False,496,1568,9.5,9.5,0.0,14.25,-4.75
P276_10062,hihp,hihp_imp_desc,0.5,992,740,False,False,496,1839,9.1875,9.625,-0.4375,14.25,-5.0625
P276_10062,hihp,hihp_imp_asc,0.05,99,99,True,False,9460,168,15.0,6.3125,8.6875,14.25,0.75
P276_10062,hihp,hihp_imp_asc,0.1,198,198,False,False,496,45,17.125,5.5625,11.5625,14.25,2.875
P276_10062,hihp,hihp_imp_asc,0.2,396,396,False,False,496,26,17.75,5.96875,11.78125,14.25,3.5
P276_10062,hihp,hihp_imp_asc,0.3,595,595,False,False,496,9,17.625,8.375,9.25,14.25,3.375
P276_10062,hihp,hihp_imp_asc,0.5,992,740,False,False,496,1839,9.1875,9.625,-0.4375,14.25,-5.0625
P276_10062,hilp,hilp_imp_desc,0.05,99,99,False,False,496,110,15.9375,6.65625,9.28125,14.25,1.6875
P276_10062,hilp,hilp_imp_desc,0.1,198,198,False,False,496,176,15.3125,6.1875,9.125,14.25,1.0625
P276_10062,hilp,hilp_imp_desc,0.2,396,215,False,False,496,166,15.25,6.21875,9.03125,14.25,1.0
P276_10062,hilp,hilp_imp_desc,0.3,595,215,False,False,496,166,15.25,6.21875,9.03125,14.25,1.0
P276_10062,hilp,hilp_imp_desc,0.5,992,215,False,False,496,166,15.25,6.21875,9.03125,14.25,1.0
P276_10062,hilp,hilp_imp_asc,0.05,99,99,True,False,9460,244,14.5625,6.09375,8.46875,14.25,0.3125
P276_10062,hilp,hilp_imp_asc,0.1,198,198,False,False,496,205,14.875,6.125,8.75,14.25,0.625
P276_10062,hilp,hilp_imp_asc,0.2,396,215,False,False,496,166,15.25,6.21875,9.03125,14.25,1.0
P276_10062,hilp,hilp_imp_asc,0.3,595,215,False,False,496,166,15.25,6.21875,9.03125,14.25,1.0
P276_10062,hilp,hilp_imp_asc,0.5,992,215,False,False,496,166,15.25,6.21875,9.03125,14.25,1.0
P276_10062,C,C_imp_asc,0.05,99,99,True,False,9460,285,14.1875,6.125,8.0625,14.25,-0.0625
P276_10062,C,C_imp_asc,0.1,198,198,False,False,1492,309,13.8125,5.90625,7.90625,14.25,-0.4375
P276_10062,C,C_imp_asc,0.2,396,252,False,False,1492,223,14.375,6.21875,8.15625,14.25,0.125
P276_10062,C,C_imp_asc,0.3,595,252,False,False,1492,223,14.375,6.21875,8.15625,14.25,0.125
P276_10062,C,C_imp_asc,0.5,992,252,False,False,1492,223,14.375,6.21875,8.15625,14.25,0.125
P276_10062,D,D_imp_asc,0.05,99,99,True,False,9460,267,14.3125,6.3125,8.0,14.25,0.0625
P276_10062,D,D_imp_asc,0.1,198,198,True,False,9460,280,14.1875,6.3125,7.875,14.25,-0.0625
P276_10062,D,D_imp_asc,0.2,396,396,False,False,6185,277,14.25,6.21875,8.03125,14.25,0.0
P276_10062,D,D_imp_asc,0.3,595,595,False,False,6185,291,14.25,6.15625,8.09375,14.25,0.0
P276_10062,D,D_imp_asc,0.5,992,777,False,False,6185,352,13.75,5.65625,8.09375,14.25,-0.5
P30_10003,hihp,hihp_imp_desc,0.05,99,99,True,False,506,2,22.25,12.125,10.125,15.0625,7.1875
P30_10003,hihp,hihp_imp_desc,0.1,198,198,False,True,96919,1,23.125,11.25,11.875,15.0625,8.0625
P30_10003,hihp,hihp_imp_desc,0.2,396,396,False,False,4844,2,22.25,12.8125,9.4375,15.0625,7.1875
P30_10003,hihp,hihp_imp_desc,0.3,595,595,False,False,4844,2,23.0,12.9375,10.0625,15.0625,7.9375
P30_10003,hihp,hihp_imp_desc,0.5,992,740,False,False,4844,2,24.125,13.9375,10.1875,15.0625,9.0625
P30_10003,hihp,hihp_imp_asc,0.05,99,99,True,False,506,219,14.75,11.6875,3.0625,15.0625,-0.3125
P30_10003,hihp,hihp_imp_asc,0.1,198,198,True,False,506,73,15.9375,12.75,3.1875,15.0625,0.875
P30_10003,hihp,hihp_imp_asc,0.2,396,396,True,False,506,49,16.25,13.125,3.125,15.0625,1.1875
P30_10003,hihp,hihp_imp_asc,0.3,595,595,True,False,506,12,17.75,13.1875,4.5625,15.0625,2.6875
P30_10003,hihp,hihp_imp_asc,0.5,992,740,False,False,4844,2,24.125,13.9375,10.1875,15.0625,9.0625
P30_10003,hilp,hilp_imp_desc,0.05,99,99,True,False,506,212,14.8125,11.6875,3.125,15.0625,-0.25
P30_10003,hilp,hilp_imp_desc,0.1,198,198,True,False,506,296,14.375,11.5625,2.8125,15.0625,-0.6875
P30_10003,hilp,hilp_imp_desc,0.2,396,215,True,False,506,321,14.3125,11.5,2.8125,15.0625,-0.75
P30_10003,hilp,hilp_imp_desc,0.3,595,215,True,False,506,321,14.3125,11.5,2.8125,15.0625,-0.75
P30_10003,hilp,hilp_imp_desc,0.5,992,215,True,False,506,321,14.3125,11.5,2.8125,15.0625,-0.75
P30_10003,hilp,hilp_imp_asc,0.05,99,99,True,False,506,343,14.375,11.75,2.625,15.0625,-0.6875
P30_10003,hilp,hilp_imp_asc,0.1,198,198,True,False,506,304,14.625,11.5625,3.0625,15.0625,-0.4375
P30_10003,hilp,hilp_imp_asc,0.2,396,215,True,False,506,321,14.3125,11.5,2.8125,15.0625,-0.75
P30_10003,hilp,hilp_imp_asc,0.3,595,215,True,False,506,321,14.3125,11.5,2.8125,15.0625,-0.75
P30_10003,hilp,hilp_imp_asc,0.5,992,215,True,False,506,321,14.3125,11.5,2.8125,15.0625,-0.75
P30_10003,C,C_imp_asc,0.05,99,99,True,False,506,117,15.5,12.0625,3.4375,15.0625,0.4375
P30_10003,C,C_imp_asc,0.1,198,198,True,False,506,119,15.5625,12.125,3.4375,15.0625,0.5
P30_10003,C,C_imp_asc,0.2,396,252,True,False,506,118,15.5,11.9375,3.5625,15.0625,0.4375
P30_10003,C,C_imp_asc,0.3,595,252,True,False,506,118,15.5,11.9375,3.5625,15.0625,0.4375
P30_10003,C,C_imp_asc,0.5,992,252,True,False,506,118,15.5,11.9375,3.5625,15.0625,0.4375
P30_10003,D,D_imp_asc,0.05,99,99,True,False,506,226,15.0,11.8125,3.1875,15.0625,-0.0625
P30_10003,D,D_imp_asc,0.1,198,198,True,False,506,259,14.8125,11.75,3.0625,15.0625,-0.25
P30_10003,D,D_imp_asc,0.2,396,396,True,False,506,285,14.6875,11.625,3.0625,15.0625,-0.375
P30_10003,D,D_imp_asc,0.3,595,595,True,False,506,255,14.5,12.375,2.125,15.0625,-0.5625
P30_10003,D,D_imp_asc,0.5,992,777,True,False,506,221,14.75,12.625,2.125,15.0625,-0.3125
P30_10028,hihp,hihp_imp_desc,0.05,99,99,True,True,96919,1,25.25,19.125,6.125,25.875,-0.625
P30_10028,hihp,hihp_imp_desc,0.1,198,198,True,True,96919,1,24.875,20.75,4.125,25.875,-1.0
P30_10028,hihp,hihp_imp_desc,0.2,396,396,True,True,96919,1,24.375,19.5,4.875,25.875,-1.5
P30_10028,hihp,hihp_imp_desc,0.3,595,595,True,True,96919,1,22.875,21.875,1.0,25.875,-3.0
P30_10028,hihp,hihp_imp_desc,0.5,992,740,True,True,96919,1,22.25,21.75,0.5,25.875,-3.625
P30_10028,hihp,hihp_imp_asc,0.05,99,99,True,True,96919,1,25.875,14.5625,11.3125,25.875,0.0
P30_10028,hihp,hihp_imp_asc,0.1,198,198,True,True,96919,1,25.625,14.375,11.25,25.875,-0.25
P30_10028,hihp,hihp_imp_asc,0.2,396,396,True,True,96919,1,25.0,14.375,10.625,25.875,-0.875
P30_10028,hihp,hihp_imp_asc,0.3,595,595,True,True,96919,1,24.625,14.8125,9.8125,25.875,-1.25
P30_10028,hihp,hihp_imp_asc,0.5,992,740,True,True,96919,1,22.25,21.75,0.5,25.875,-3.625
P30_10028,hilp,hilp_imp_desc,0.05,99,99,True,True,96919,1,25.125,14.1875,10.9375,25.875,-0.75
P30_10028,hilp,hilp_imp_desc,0.1,198,198,True,True,96919,1,25.0,14.0625,10.9375,25.875,-0.875
P30_10028,hilp,hilp_imp_desc,0.2,396,215,True,True,96919,1,24.875,14.0,10.875,25.875,-1.0
P30_10028,hilp,hilp_imp_desc,0.3,595,215,True,True,96919,1,24.875,14.0,10.875,25.875,-1.0
P30_10028,hilp,hilp_imp_desc,0.5,992,215,True,True,96919,1,24.875,14.0,10.875,25.875,-1.0
P30_10028,hilp,hilp_imp_asc,0.05,99,99,True,True,96919,1,25.875,14.5,11.375,25.875,0.0
P30_10028,hilp,hilp_imp_asc,0.1,198,198,True,True,96919,1,25.375,14.375,11.0,25.875,-0.5
P30_10028,hilp,hilp_imp_asc,0.2,396,215,True,True,96919,1,24.875,14.0,10.875,25.875,-1.0
P30_10028,hilp,hilp_imp_asc,0.3,595,215,True,True,96919,1,24.875,14.0,10.875,25.875,-1.0
P30_10028,hilp,hilp_imp_asc,0.5,992,215,True,True,96919,1,24.875,14.0,10.875,25.875,-1.0
P30_10028,C,C_imp_asc,0.05,99,99,True,True,96919,1,25.5,14.4375,11.0625,25.875,-0.375
P30_10028,C,C_imp_asc,0.1,198,198,True,True,96919,1,25.875,14.625,11.25,25.875,0.0
P30_10028,C,C_imp_asc,0.2,396,252,True,True,96919,1,26.0,14.625,11.375,25.875,0.125
P30_10028,C,C_imp_asc,0.3,595,252,True,True,96919,1,26.0,14.625,11.375,25.875,0.125
P30_10028,C,C_imp_asc,0.5,992,252,True,True,96919,1,26.0,14.625,11.375,25.875,0.125
P30_10028,D,D_imp_asc,0.05,99,99,True,True,96919,1,25.75,14.4375,11.3125,25.875,-0.125
P30_10028,D,D_imp_asc,0.1,198,198,True,True,96919,1,26.0,14.5625,11.4375,25.875,0.125
P30_10028,D,D_imp_asc,0.2,396,396,True,True,96919,1,25.875,14.4375,11.4375,25.875,0.0
P30_10028,D,D_imp_asc,0.3,595,595,True,True,96919,1,25.625,14.5,11.125,25.875,-0.25
P30_10028,D,D_imp_asc,0.5,992,777,True,True,96919,1,25.5,14.6875,10.8125,25.875,-0.375
P36_10035,hihp,hihp_imp_desc,0.05,99,99,True,False,496,240,14.3125,22.625,-8.3125,21.375,-7.0625
P36_10035,hihp,hihp_imp_desc,0.1,198,198,True,False,496,2197,9.125,23.0,-13.875,21.375,-12.25
P36_10035,hihp,hihp_imp_desc,0.2,396,396,False,False,9079,1988,8.5,23.375,-14.875,21.375,-12.875
P36_10035,hihp,hihp_imp_desc,0.3,595,595,False,False,9079,1175,9.6875,22.625,-12.9375,21.375,-11.6875
P36_10035,hihp,hihp_imp_desc,0.5,992,740,False,False,9079,1373,9.625,22.375,-12.75,21.375,-11.75
P36_10035,hihp,hihp_imp_asc,0.05,99,99,True,False,496,3,21.25,9.875,11.375,21.375,-0.125
P36_10035,hihp,hihp_imp_asc,0.1,198,198,True,False,496,4,21.0,10.375,10.625,21.375,-0.375
P36_10035,hihp,hihp_imp_asc,0.2,396,396,True,False,496,2,21.5,10.25,11.25,21.375,0.125
P36_10035,hihp,hihp_imp_asc,0.3,595,595,False,True,79723,1,21.875,10.75,11.125,21.375,0.5
P36_10035,hihp,hihp_imp_asc,0.5,992,740,False,False,9079,1373,9.625,22.375,-12.75,21.375,-11.75
P36_10035,hilp,hilp_imp_desc,0.05,99,99,True,False,496,2,22.0,9.0,13.0,21.375,0.625
P36_10035,hilp,hilp_imp_desc,0.1,198,198,True,False,496,2,21.875,9.0625,12.8125,21.375,0.5
P36_10035,hilp,hilp_imp_desc,0.2,396,215,True,False,496,2,21.875,9.0,12.875,21.375,0.5
P36_10035,hilp,hilp_imp_desc,0.3,595,215,True,False,496,2,21.875,9.0,12.875,21.375,0.5
P36_10035,hilp,hilp_imp_desc,0.5,992,215,True,False,496,2,21.875,9.0,12.875,21.375,0.5
P36_10035,hilp,hilp_imp_asc,0.05,99,99,True,False,496,3,21.25,9.75,11.5,21.375,-0.125
P36_10035,hilp,hilp_imp_asc,0.1,198,198,True,False,496,2,21.75,9.8125,11.9375,21.375,0.375
P36_10035,hilp,hilp_imp_asc,0.2,396,215,True,False,496,2,21.875,9.0,12.875,21.375,0.5
P36_10035,hilp,hilp_imp_asc,0.3,595,215,True,False,496,2,21.875,9.0,12.875,21.375,0.5
P36_10035,hilp,hilp_imp_asc,0.5,992,215,True,False,496,2,21.875,9.0,12.875,21.375,0.5
P36_10035,C,C_imp_asc,0.05,99,99,True,False,496,4,21.0,9.625,11.375,21.375,-0.375
P36_10035,C,C_imp_asc,0.1,198,198,True,False,496,2,21.375,9.5625,11.8125,21.375,0.0
P36_10035,C,C_imp_asc,0.2,396,252,True,False,496,2,21.5,9.4375,12.0625,21.375,0.125
P36_10035,C,C_imp_asc,0.3,595,252,True,False,496,2,21.5,9.4375,12.0625,21.375,0.125
P36_10035,C,C_imp_asc,0.5,992,252,True,False,496,2,21.5,9.4375,12.0625,21.375,0.125
P36_10035,D,D_imp_asc,0.05,99,99,True,False,496,3,21.5,9.9375,11.5625,21.375,0.125
P36_10035,D,D_imp_asc,0.1,198,198,True,False,496,2,21.375,9.8125,11.5625,21.375,0.0
P36_10035,D,D_imp_asc,0.2,396,396,True,False,496,3,21.375,9.8125,11.5625,21.375,0.0
P36_10035,D,D_imp_asc,0.3,595,595,True,False,496,3,21.25,9.6875,11.5625,21.375,-0.125
P36_10035,D,D_imp_asc,0.5,992,777,True,False,496,2,21.875,10.0625,11.8125,21.375,0.5
P36_10369,hihp,hihp_imp_desc,0.05,99,99,False,False,72449,65,14.5625,13.1875,1.375,21.875,-7.3125
P36_10369,hihp,hihp_imp_desc,0.1,198,198,False,False,72449,84,14.0625,12.9375,1.125,21.875,-7.8125
P36_10369,hihp,hihp_imp_desc,0.2,396,396,False,False,72449,211,12.5625,12.25,0.3125,21.875,-9.3125
P36_10369,hihp,hihp_imp_desc,0.3,595,595,False,False,72449,245,12.375,12.4375,-0.0625,21.875,-9.5
P36_10369,hihp,hihp_imp_desc,0.5,992,740,False,False,72449,223,11.875,11.9375,-0.0625,21.875,-10.0
P36_10369,hihp,hihp_imp_asc,0.05,99,99,True,True,9079,1,22.0,11.75,10.25,21.875,0.125
P36_10369,hihp,hihp_imp_asc,0.1,198,198,True,True,9079,1,21.625,11.3125,10.3125,21.875,-0.25
P36_10369,hihp,hihp_imp_asc,0.2,396,396,True,True,9079,1,22.0,11.625,10.375,21.875,0.125
P36_10369,hihp,hihp_imp_asc,0.3,595,595,True,True,9079,1,22.125,10.6875,11.4375,21.875,0.25
P36_10369,hihp,hihp_imp_asc,0.5,992,740,False,False,72449,223,11.875,11.9375,-0.0625,21.875,-10.0
P36_10369,hilp,hilp_imp_desc,0.05,99,99,True,True,9079,1,22.125,12.125,10.0,21.875,0.25
P36_10369,hilp,hilp_imp_desc,0.1,198,198,True,True,9079,1,22.0,12.125,9.875,21.875,0.125
P36_10369,hilp,hilp_imp_desc,0.2,396,215,True,True,9079,1,22.125,12.125,10.0,21.875,0.25
P36_10369,hilp,hilp_imp_desc,0.3,595,215,True,True,9079,1,22.125,12.125,10.0,21.875,0.25
P36_10369,hilp,hilp_imp_desc,0.5,992,215,True,True,9079,1,22.125,12.125,10.0,21.875,0.25
P36_10369,hilp,hilp_imp_asc,0.05,99,99,True,True,9079,1,21.75,11.5,10.25,21.875,-0.125
P36_10369,hilp,hilp_imp_asc,0.1,198,198,True,True,9079,1,21.875,12.0,9.875,21.875,0.0
P36_10369,hilp,hilp_imp_asc,0.2,396,215,True,True,9079,1,22.125,12.125,10.0,21.875,0.25
P36_10369,hilp,hilp_imp_asc,0.3,595,215,True,True,9079,1,22.125,12.125,10.0,21.875,0.25
P36_10369,hilp,hilp_imp_asc,0.5,992,215,True,True,9079,1,22.125,12.125,10.0,21.875,0.25
P36_10369,C,C_imp_asc,0.05,99,99,True,True,9079,1,22.0,12.0625,9.9375,21.875,0.125
P36_10369,C,C_imp_asc,0.1,198,198,True,True,9079,1,22.0,12.1875,9.8125,21.875,0.125
P36_10369,C,C_imp_asc,0.2,396,252,True,True,9079,1,21.75,12.0625,9.6875,21.875,-0.125
P36_10369,C,C_imp_asc,0.3,595,252,True,True,9079,1,21.75,12.0625,9.6875,21.875,-0.125
P36_10369,C,C_imp_asc,0.5,992,252,True,True,9079,1,21.75,12.0625,9.6875,21.875,-0.125
P36_10369,D,D_imp_asc,0.05,99,99,True,True,9079,1,21.875,11.8125,10.0625,21.875,0.0
P36_10369,D,D_imp_asc,0.1,198,198,True,True,9079,1,21.875,11.75,10.125,21.875,0.0
P36_10369,D,D_imp_asc,0.2,396,396,True,True,9079,1,22.5,12.5,10.0,21.875,0.625
P36_10369,D,D_imp_asc,0.3,595,595,True,True,9079,1,22.75,12.375,10.375,21.875,0.875
P36_10369,D,D_imp_asc,0.5,992,777,True,True,9079,1,22.5,13.0625,9.4375,21.875,0.625
P364_10013,hihp,hihp_imp_desc,0.05,99,99,True,False,496,4,18.5,16.625,1.875,19.375,-0.875
P364_10013,hihp,hihp_imp_desc,0.1,198,198,True,False,496,6,18.0,16.375,1.625,19.375,-1.375
P364_10013,hihp,hihp_imp_desc,0.2,396,396,True,False,496,24,17.125,15.3125,1.8125,19.375,-2.25
P364_10013,hihp,hihp_imp_desc,0.3,595,595,True,False,496,61,16.125,14.5,1.625,19.375,-3.25
P364_10013,hihp,hihp_imp_desc,0.5,992,740,True,False,496,112,15.25,14.0,1.25,19.375,-4.125
P364_10013,hihp,hihp_imp_asc,0.05,99,99,True,False,496,2,19.625,17.125,2.5,19.375,0.25
P364_10013,hihp,hihp_imp_asc,0.1,198,198,True,False,496,2,19.5,17.25,2.25,19.375,0.125
P364_10013,hihp,hihp_imp_asc,0.2,396,396,True,False,496,4,18.875,16.25,2.625,19.375,-0.5
P364_10013,hihp,hihp_imp_asc,0.3,595,595,True,False,496,51,16.5,14.0625,2.4375,19.375,-2.875
P364_10013,hihp,hihp_imp_asc,0.5,992,740,True,False,496,112,15.25,14.0,1.25,19.375,-4.125
P364_10013,hilp,hilp_imp_desc,0.05,99,99,True,False,496,2,19.25,17.125,2.125,19.375,-0.125
P364_10013,hilp,hilp_imp_desc,0.1,198,198,True,False,496,4,19.125,17.125,2.0,19.375,-0.25
P364_10013,hilp,hilp_imp_desc,0.2,396,215,True,False,496,4,19.125,17.125,2.0,19.375,-0.25
P364_10013,hilp,hilp_imp_desc,0.3,595,215,True,False,496,4,19.125,17.125,2.0,19.375,-0.25
P364_10013,hilp,hilp_imp_desc,0.5,992,215,True,False,496,4,19.125,17.125,2.0,19.375,-0.25
P364_10013,hilp,hilp_imp_asc,0.05,99,99,True,False,496,1,19.5,17.25,2.25,19.375,0.125
P364_10013,hilp,hilp_imp_asc,0.1,198,198,True,False,496,4,19.0,17.0,2.0,19.375,-0.375
P364_10013,hilp,hilp_imp_asc,0.2,396,215,True,False,496,4,19.125,17.125,2.0,19.375,-0.25
P364_10013,hilp,hilp_imp_asc,0.3,595,215,True,False,496,4,19.125,17.125,2.0,19.375,-0.25
P364_10013,hilp,hilp_imp_asc,0.5,992,215,True,False,496,4,19.125,17.125,2.0,19.375,-0.25
P364_10013,C,C_imp_asc,0.05,99,99,False,True,5422,1,19.625,17.375,2.25,19.375,0.25
P364_10013,C,C_imp_asc,0.1,198,198,True,False,496,2,19.5,17.125,2.375,19.375,0.125
P364_10013,C,C_imp_asc,0.2,396,252,True,False,496,2,19.5,17.125,2.375,19.375,0.125
P364_10013,C,C_imp_asc,0.3,595,252,True,False,496,2,19.5,17.125,2.375,19.375,0.125
P364_10013,C,C_imp_asc,0.5,992,252,True,False,496,2,19.5,17.125,2.375,19.375,0.125
P364_10013,D,D_imp_asc,0.05,99,99,True,False,496,2,19.375,17.25,2.125,19.375,0.0
P364_10013,D,D_imp_asc,0.1,198,198,True,False,496,2,19.25,17.25,2.0,19.375,-0.125
P364_10013,D,D_imp_asc,0.2,396,396,True,False,496,2,19.25,17.25,2.0,19.375,-0.125
P364_10013,D,D_imp_asc,0.3,595,595,True,False,496,2,19.125,17.125,2.0,19.375,-0.25
P364_10013,D,D_imp_asc,0.5,992,777,True,False,496,4,19.0,17.0,2.0,19.375,-0.375
P364_10039,hihp,hihp_imp_desc,0.05,99,99,False,False,52825,226,12.9375,17.125,-4.1875,18.375,-5.4375
P364_10039,hihp,hihp_imp_desc,0.1,198,198,False,False,52825,296,11.625,16.75,-5.125,18.375,-6.75
P364_10039,hihp,hihp_imp_desc,0.2,396,396,False,False,52825,686,9.75,18.25,-8.5,18.375,-8.625
P364_10039,hihp,hihp_imp_desc,0.3,595,595,False,False,52825,870,9.0,17.875,-8.875,18.375,-9.375
P364_10039,hihp,hihp_imp_desc,0.5,992,740,False,False,52825,1131,8.4375,17.625,-9.1875,18.375,-9.9375
P364_10039,hihp,hihp_imp_asc,0.05,99,99,True,False,496,11,18.5,16.375,2.125,18.375,0.125
P364_10039,hihp,hihp_imp_asc,0.1,198,198,True,False,496,8,18.625,16.625,2.0,18.375,0.25
P364_10039,hihp,hihp_imp_asc,0.2,396,396,True,False,496,1,19.25,17.375,1.875,18.375,0.875
P364_10039,hihp,hihp_imp_asc,0.3,595,595,False,False,52825,2,19.5,19.0,0.5,18.375,1.125
P364_10039,hihp,hihp_imp_asc,0.5,992,740,False,False,52825,1131,8.4375,17.625,-9.1875,18.375,-9.9375
P364_10039,hilp,hilp_imp_desc,0.05,99,99,True,False,496,6,19.0,16.5,2.5,18.375,0.625
P364_10039,hilp,hilp_imp_desc,0.1,198,198,True,False,496,7,18.875,16.5,2.375,18.375,0.5
P364_10039,hilp,hilp_imp_desc,0.2,396,215,True,False,496,7,18.875,16.5,2.375,18.375,0.5
P364_10039,hilp,hilp_imp_desc,0.3,595,215,True,False,496,7,18.875,16.5,2.375,18.375,0.5
P364_10039,hilp,hilp_imp_desc,0.5,992,215,True,False,496,7,18.875,16.5,2.375,18.375,0.5
P364_10039,hilp,hilp_imp_asc,0.05,99,99,True,False,496,14,18.375,16.25,2.125,18.375,0.0
P364_10039,hilp,hilp_imp_asc,0.1,198,198,True,False,496,9,18.625,16.625,2.0,18.375,0.25
P364_10039,hilp,hilp_imp_asc,0.2,396,215,True,False,496,7,18.875,16.5,2.375,18.375,0.5
P364_10039,hilp,hilp_imp_asc,0.3,595,215,True,False,496,7,18.875,16.5,2.375,18.375,0.5
P364_10039,hilp,hilp_imp_asc,0.5,992,215,True,False,496,7,18.875,16.5,2.375,18.375,0.5
P364_10039,C,C_imp_asc,0.05,99,99,True,False,496,23,17.5,16.375,1.125,18.375,-0.875
P364_10039,C,C_imp_asc,0.1,198,198,True,False,496,26,17.25,16.375,0.875,18.375,-1.125
P364_10039,C,C_imp_asc,0.2,396,252,True,False,496,18,17.625,16.75,0.875,18.375,-0.75
P364_10039,C,C_imp_asc,0.3,595,252,True,False,496,18,17.625,16.75,0.875,18.375,-0.75
P364_10039,C,C_imp_asc,0.5,992,252,True,False,496,18,17.625,16.75,0.875,18.375,-0.75
P364_10039,D,D_imp_asc,0.05,99,99,True,False,496,15,18.375,16.25,2.125,18.375,0.0
P364_10039,D,D_imp_asc,0.1,198,198,True,False,496,14,18.375,16.25,2.125,18.375,0.0
P364_10039,D,D_imp_asc,0.2,396,396,True,False,496,15,18.375,16.25,2.125,18.375,0.0
P364_10039,D,D_imp_asc,0.3,595,595,True,False,496,12,18.5,16.375,2.125,18.375,0.125
P364_10039,D,D_imp_asc,0.5,992,777,True,False,496,9,18.625,16.375,2.25,18.375,0.25
P37_10078,hihp,hihp_imp_desc,0.05,99,99,False,True,5422,1,22.625,10.25,12.375,21.0,1.625
P37_10078,hihp,hihp_imp_desc,0.1,198,198,False,False,1705,2,22.125,9.125,13.0,21.0,1.125
P37_10078,hihp,hihp_imp_desc,0.2,396,396,False,False,1705,2,21.875,8.1875,13.6875,21.0,0.875
P37_10078,hihp,hihp_imp_desc,0.3,595,595,False,False,1705,2,21.875,8.625,13.25,21.0,0.875
P37_10078,hihp,hihp_imp_desc,0.5,992,740,False,False,1705,2,21.625,8.8125,12.8125,21.0,0.625
P37_10078,hihp,hihp_imp_asc,0.05,99,99,True,False,14873,2,21.375,5.53125,15.84375,21.0,0.375
P37_10078,hihp,hihp_imp_asc,0.1,198,198,True,False,14873,2,21.125,5.625,15.5,21.0,0.125
P37_10078,hihp,hihp_imp_asc,0.2,396,396,True,False,14873,2,22.25,5.5625,16.6875,21.0,1.25
P37_10078,hihp,hihp_imp_asc,0.3,595,595,True,False,14873,2,21.125,5.4375,15.6875,21.0,0.125
P37_10078,hihp,hihp_imp_asc,0.5,992,740,False,False,1705,2,21.625,8.8125,12.8125,21.0,0.625
P37_10078,hilp,hilp_imp_desc,0.05,99,99,True,False,14873,2,21.0,5.1875,15.8125,21.0,0.0
P37_10078,hilp,hilp_imp_desc,0.1,198,198,True,False,14873,2,20.625,4.78125,15.84375,21.0,-0.375
P37_10078,hilp,hilp_imp_desc,0.2,396,215,True,False,14873,2,20.75,4.875,15.875,21.0,-0.25
P37_10078,hilp,hilp_imp_desc,0.3,595,215,True,False,14873,2,20.75,4.875,15.875,21.0,-0.25
P37_10078,hilp,hilp_imp_desc,0.5,992,215,True,False,14873,2,20.75,4.875,15.875,21.0,-0.25
P37_10078,hilp,hilp_imp_asc,0.05,99,99,True,False,14873,2,20.75,4.8125,15.9375,21.0,-0.25
P37_10078,hilp,hilp_imp_asc,0.1,198,198,True,False,14873,2,20.875,4.75,16.125,21.0,-0.125
P37_10078,hilp,hilp_imp_asc,0.2,396,215,True,False,14873,2,20.75,4.875,15.875,21.0,-0.25
P37_10078,hilp,hilp_imp_asc,0.3,595,215,True,False,14873,2,20.75,4.875,15.875,21.0,-0.25
P37_10078,hilp,hilp_imp_asc,0.5,992,215,True,False,14873,2,20.75,4.875,15.875,21.0,-0.25
P37_10078,C,C_imp_asc,0.05,99,99,True,False,14873,3,20.375,4.8125,15.5625,21.0,-0.625
P37_10078,C,C_imp_asc,0.1,198,198,True,False,14873,3,20.25,4.75,15.5,21.0,-0.75
P37_10078,C,C_imp_asc,0.2,396,252,True,False,14873,3,20.25,4.78125,15.46875,21.0,-0.75
P37_10078,C,C_imp_asc,0.3,595,252,True,False,14873,3,20.25,4.78125,15.46875,21.0,-0.75
P37_10078,C,C_imp_asc,0.5,992,252,True,False,14873,3,20.25,4.78125,15.46875,21.0,-0.75
P37_10078,D,D_imp_asc,0.05,99,99,True,False,14873,3,21.0,4.96875,16.03125,21.0,0.0
P37_10078,D,D_imp_asc,0.1,198,198,True,False,14873,2,21.25,5.0,16.25,21.0,0.25
P37_10078,D,D_imp_asc,0.2,396,396,True,False,14873,2,21.125,5.09375,16.03125,21.0,0.125
P37_10078,D,D_imp_asc,0.3,595,595,True,False,14873,2,21.25,5.4375,15.8125,21.0,0.25
P37_10078,D,D_imp_asc,0.5,992,777,True,False,14873,2,21.375,5.34375,16.03125,21.0,0.375
P37_10134,hihp,hihp_imp_desc,0.05,99,99,False,True,5422,1,22.625,12.4375,10.1875,20.875,1.75
P37_10134,hihp,hihp_imp_desc,0.1,198,198,False,True,5422,1,23.0,10.4375,12.5625,20.875,2.125
P37_10134,hihp,hihp_imp_desc,0.2,396,396,False,True,5422,1,22.375,11.75,10.625,20.875,1.5
P37_10134,hihp,hihp_imp_desc,0.3,595,595,False,False,496,10,18.0,12.625,5.375,20.875,-2.875
P37_10134,hihp,hihp_imp_desc,0.5,992,740,False,False,496,136,13.875,8.5,5.375,20.875,-7.0
P37_10134,hihp,hihp_imp_asc,0.05,99,99,True,False,1705,5,21.0,8.5,12.5,20.875,0.125
P37_10134,hihp,hihp_imp_asc,0.1,198,198,True,False,1705,4,20.875,9.0,11.875,20.875,0.0
P37_10134,hihp,hihp_imp_asc,0.2,396,396,True,False,1705,2,20.875,8.75,12.125,20.875,0.0
P37_10134,hihp,hihp_imp_asc,0.3,595,595,True,False,1705,19,16.25,8.1875,8.0625,20.875,-4.625
P37_10134,hihp,hihp_imp_asc,0.5,992,740,False,False,496,136,13.875,8.5,5.375,20.875,-7.0
P37_10134,hilp,hilp_imp_desc,0.05,99,99,True,False,1705,2,21.25,8.6875,12.5625,20.875,0.375
P37_10134,hilp,hilp_imp_desc,0.1,198,198,True,False,1705,2,21.25,8.625,12.625,20.875,0.375
P37_10134,hilp,hilp_imp_desc,0.2,396,215,True,False,1705,3,21.125,8.75,12.375,20.875,0.25
P37_10134,hilp,hilp_imp_desc,0.3,595,215,True,False,1705,3,21.125,8.75,12.375,20.875,0.25
P37_10134,hilp,hilp_imp_desc,0.5,992,215,True,False,1705,3,21.125,8.75,12.375,20.875,0.25
P37_10134,hilp,hilp_imp_asc,0.05,99,99,True,False,1705,5,20.5,8.25,12.25,20.875,-0.375
P37_10134,hilp,hilp_imp_asc,0.1,198,198,True,False,1705,3,21.0,8.625,12.375,20.875,0.125
P37_10134,hilp,hilp_imp_asc,0.2,396,215,True,False,1705,3,21.125,8.75,12.375,20.875,0.25
P37_10134,hilp,hilp_imp_asc,0.3,595,215,True,False,1705,3,21.125,8.75,12.375,20.875,0.25
P37_10134,hilp,hilp_imp_asc,0.5,992,215,True,False,1705,3,21.125,8.75,12.375,20.875,0.25
P37_10134,C,C_imp_asc,0.05,99,99,True,False,1705,2,21.0,8.4375,12.5625,20.875,0.125
P37_10134,C,C_imp_asc,0.1,198,198,True,False,1705,3,21.25,8.5,12.75,20.875,0.375
P37_10134,C,C_imp_asc,0.2,396,252,True,False,1705,2,21.375,8.6875,12.6875,20.875,0.5
P37_10134,C,C_imp_asc,0.3,595,252,True,False,1705,2,21.375,8.6875,12.6875,20.875,0.5
P37_10134,C,C_imp_asc,0.5,992,252,True,False,1705,2,21.375,8.6875,12.6875,20.875,0.5
P37_10134,D,D_imp_asc,0.05,99,99,True,False,1705,5,20.875,8.4375,12.4375,20.875,0.0
P37_10134,D,D_imp_asc,0.1,198,198,True,False,1705,5,20.625,8.4375,12.1875,20.875,-0.25
P37_10134,D,D_imp_asc,0.2,396,396,True,False,1705,5,20.875,8.4375,12.4375,20.875,0.0
P37_10134,D,D_imp_asc,0.3,595,595,True,False,1705,3,20.875,8.25,12.625,20.875,0.0
P37_10134,D,D_imp_asc,0.5,992,777,True,False,1705,4,20.625,8.1875,12.4375,20.875,-0.25
P39_10010,hihp,hihp_imp_desc,0.05,99,99,False,False,17217,33,18.25,12.1875,6.0625,19.125,-0.875
P39_10010,hihp,hihp_imp_desc,0.1,198,198,False,False,17217,20,19.25,10.75,8.5,19.125,0.125
P39_10010,hihp,hihp_imp_desc,0.2,396,396,False,False,6672,8,20.875,13.5625,7.3125,19.125,1.75
P39_10010,hihp,hihp_imp_desc,0.3,595,595,False,False,6672,4,22.0,15.1875,6.8125,19.125,2.875
P39_10010,hihp,hihp_imp_desc,0.5,992,740,False,False,6672,4,22.125,14.0,8.125,19.125,3.0
P39_10010,hihp,hihp_imp_asc,0.05,99,99,True,False,52291,42,18.875,13.375,5.5,19.125,-0.25
P39_10010,hihp,hihp_imp_asc,0.1,198,198,True,False,52291,39,19.375,14.1875,5.1875,19.125,0.25
P39_10010,hihp,hihp_imp_asc,0.2,396,396,True,False,52291,15,21.25,14.5,6.75,19.125,2.125
P39_10010,hihp,hihp_imp_asc,0.3,595,595,False,True,54721,1,23.0,15.5625,7.4375,19.125,3.875
P39_10010,hihp,hihp_imp_asc,0.5,992,740,False,False,6672,4,22.125,14.0,8.125,19.125,3.0
P39_10010,hilp,hilp_imp_desc,0.05,99,99,True,False,52291,38,18.875,13.8125,5.0625,19.125,-0.25
P39_10010,hilp,hilp_imp_desc,0.1,198,198,True,False,52291,32,18.875,13.1875,5.6875,19.125,-0.25
P39_10010,hilp,hilp_imp_desc,0.2,396,215,True,False,52291,28,19.25,13.625,5.625,19.125,0.125
P39_10010,hilp,hilp_imp_desc,0.3,595,215,True,False,52291,28,19.25,13.625,5.625,19.125,0.125
P39_10010,hilp,hilp_imp_desc,0.5,992,215,True,False,52291,28,19.25,13.625,5.625,19.125,0.125
P39_10010,hilp,hilp_imp_asc,0.05,99,99,True,False,52291,36,18.875,13.0625,5.8125,19.125,-0.25
P39_10010,hilp,hilp_imp_asc,0.1,198,198,True,False,52291,27,19.5,13.625,5.875,19.125,0.375
P39_10010,hilp,hilp_imp_asc,0.2,396,215,True,False,52291,28,19.25,13.625,5.625,19.125,0.125
P39_10010,hilp,hilp_imp_asc,0.3,595,215,True,False,52291,28,19.25,13.625,5.625,19.125,0.125
P39_10010,hilp,hilp_imp_asc,0.5,992,215,True,False,52291,28,19.25,13.625,5.625,19.125,0.125
P39_10010,C,C_imp_asc,0.05,99,99,True,False,52291,37,19.125,13.0,6.125,19.125,0.0
P39_10010,C,C_imp_asc,0.1,198,198,True,False,52291,33,19.625,13.625,6.0,19.125,0.5
P39_10010,C,C_imp_asc,0.2,396,252,True,False,52291,34,19.5,13.8125,5.6875,19.125,0.375
P39_10010,C,C_imp_asc,0.3,595,252,True,False,52291,34,19.5,13.8125,5.6875,19.125,0.375
P39_10010,C,C_imp_asc,0.5,992,252,True,False,52291,34,19.5,13.8125,5.6875,19.125,0.375
P39_10010,D,D_imp_asc,0.05,99,99,True,False,52291,40,19.125,13.25,5.875,19.125,0.0
P39_10010,D,D_imp_asc,0.1,198,198,True,False,52291,41,18.875,13.1875,5.6875,19.125,-0.25
P39_10010,D,D_imp_asc,0.2,396,396,True,False,52291,47,18.5,12.8125,5.6875,19.125,-0.625
P39_10010,D,D_imp_asc,0.3,595,595,True,False,52291,35,18.375,13.1875,5.1875,19.125,-0.75
P39_10010,D,D_imp_asc,0.5,992,777,True,False,52291,32,18.625,12.9375,5.6875,19.125,-0.5
P39_10025,hihp,hihp_imp_desc,0.05,99,99,True,False,31873,3,22.625,11.3125,11.3125,21.125,1.5
P39_10025,hihp,hihp_imp_desc,0.1,198,198,True,False,31873,4,19.75,11.9375,7.8125,21.125,-1.375
P39_10025,hihp,hihp_imp_desc,0.2,396,396,True,False,31873,7,17.875,16.625,1.25,21.125,-3.25
P39_10025,hihp,hihp_imp_desc,0.3,595,595,False,False,506,36,15.1875,15.375,-0.1875,21.125,-5.9375
P39_10025,hihp,hihp_imp_desc,0.5,992,740,False,False,999,76,14.0,14.1875,-0.1875,21.125,-7.125
P39_10025,hihp,hihp_imp_asc,0.05,99,99,True,False,31873,3,21.625,9.8125,11.8125,21.125,0.5
P39_10025,hihp,hihp_imp_asc,0.1,198,198,True,False,31873,2,22.375,10.6875,11.6875,21.125,1.25
P39_10025,hihp,hihp_imp_asc,0.2,396,396,False,False,70355,74,16.5,11.9375,4.5625,21.125,-4.625
P39_10025,hihp,hihp_imp_asc,0.3,595,595,False,False,999,157,14.25,11.25,3.0,21.125,-6.875
P39_10025,hihp,hihp_imp_asc,0.5,992,740,False,False,999,76,14.0,14.1875,-0.1875,21.125,-7.125
P39_10025,hilp,hilp_imp_desc,0.05,99,99,True,False,31873,3,21.25,9.875,11.375,21.125,0.125
P39_10025,hilp,hilp_imp_desc,0.1,198,198,True,False,31873,3,21.125,10.5,10.625,21.125,0.0
P39_10025,hilp,hilp_imp_desc,0.2,396,215,True,False,31873,3,21.125,10.5625,10.5625,21.125,0.0
P39_10025,hilp,hilp_imp_desc,0.3,595,215,True,False,31873,3,21.125,10.5625,10.5625,21.125,0.0
P39_10025,hilp,hilp_imp_desc,0.5,992,215,True,False,31873,3,21.125,10.5625,10.5625,21.125,0.0
P39_10025,hilp,hilp_imp_asc,0.05,99,99,True,False,31873,3,20.875,10.4375,10.4375,21.125,-0.25
P39_10025,hilp,hilp_imp_asc,0.1,198,198,True,False,31873,3,21.625,10.625,11.0,21.125,0.5
P39_10025,hilp,hilp_imp_asc,0.2,396,215,True,False,31873,3,21.125,10.5625,10.5625,21.125,0.0
P39_10025,hilp,hilp_imp_asc,0.3,595,215,True,False,31873,3,21.125,10.5625,10.5625,21.125,0.0
P39_10025,hilp,hilp_imp_asc,0.5,992,215,True,False,31873,3,21.125,10.5625,10.5625,21.125,0.0
P39_10025,C,C_imp_asc,0.05,99,99,True,False,31873,4,20.625,10.1875,10.4375,21.125,-0.5
P39_10025,C,C_imp_asc,0.1,198,198,True,False,31873,6,19.875,10.25,9.625,21.125,-1.25
P39_10025,C,C_imp_asc,0.2,396,252,True,False,31873,4,20.125,10.4375,9.6875,21.125,-1.0
P39_10025,C,C_imp_asc,0.3,595,252,True,False,31873,4,20.125,10.4375,9.6875,21.125,-1.0
P39_10025,C,C_imp_asc,0.5,992,252,True,False,31873,4,20.125,10.4375,9.6875,21.125,-1.0
P39_10025,D,D_imp_asc,0.05,99,99,True,False,31873,3,21.125,9.875,11.25,21.125,0.0
P39_10025,D,D_imp_asc,0.1,198,198,True,False,31873,3,21.0,10.0,11.0,21.125,-0.125
P39_10025,D,D_imp_asc,0.2,396,396,True,False,31873,6,20.75,10.75,10.0,21.125,-0.375
P39_10025,D,D_imp_asc,0.3,595,595,True,False,31873,8,20.25,11.0,9.25,21.125,-0.875
P39_10025,D,D_imp_asc,0.5,992,777,True,False,31873,9,19.875,11.125,8.75,21.125,-1.25
P407_10033,hihp,hihp_imp_desc,0.05,99,99,False,False,496,2374,10.125,11.3125,-1.1875,14.125,-4.0
P407_10033,hihp,hihp_imp_desc,0.1,198,198,False,False,496,4312,8.5625,9.375,-0.8125,14.125,-5.5625
P407_10033,hihp,hihp_imp_desc,0.2,396,396,False,False,496,1649,10.0,10.5625,-0.5625,14.125,-4.125
P407_10033,hihp,hihp_imp_desc,0.3,595,595,False,False,496,1636,10.25,11.6875,-1.4375,14.125,-3.875
P407_10033,hihp,hihp_imp_desc,0.5,992,740,False,False,496,1952,9.75,11.5625,-1.8125,14.125,-4.375
P407_10033,hihp,hihp_imp_asc,0.05,99,99,True,False,3622,375,14.375,12.4375,1.9375,14.125,0.25
P407_10033,hihp,hihp_imp_asc,0.1,198,198,True,False,3622,276,15.0,13.25,1.75,14.125,0.875
P407_10033,hihp,hihp_imp_asc,0.2,396,396,False,False,496,16,18.25,16.25,2.0,14.125,4.125
P407_10033,hihp,hihp_imp_asc,0.3,595,595,False,False,496,7,18.875,16.125,2.75,14.125,4.75
P407_10033,hihp,hihp_imp_asc,0.5,992,740,False,False,496,1952,9.75,11.5625,-1.8125,14.125,-4.375
P407_10033,hilp,hilp_imp_desc,0.05,99,99,True,False,3622,248,15.0625,12.6875,2.375,14.125,0.9375
P407_10033,hilp,hilp_imp_desc,0.1,198,198,True,False,3622,176,15.5625,13.1875,2.375,14.125,1.4375
P407_10033,hilp,hilp_imp_desc,0.2,396,215,True,False,3622,170,15.625,13.25,2.375,14.125,1.5
P407_10033,hilp,hilp_imp_desc,0.3,595,215,True,False,3622,170,15.625,13.25,2.375,14.125,1.5
P407_10033,hilp,hilp_imp_desc,0.5,992,215,True,False,3622,170,15.625,13.25,2.375,14.125,1.5
P407_10033,hilp,hilp_imp_asc,0.05,99,99,True,False,3622,303,14.6875,12.5,2.1875,14.125,0.5625
P407_10033,hilp,hilp_imp_asc,0.1,198,198,True,False,3622,310,14.6875,12.625,2.0625,14.125,0.5625
P407_10033,hilp,hilp_imp_asc,0.2,396,215,True,False,3622,170,15.625,13.25,2.375,14.125,1.5
P407_10033,hilp,hilp_imp_asc,0.3,595,215,True,False,3622,170,15.625,13.25,2.375,14.125,1.5
P407_10033,hilp,hilp_imp_asc,0.5,992,215,True,False,3622,170,15.625,13.25,2.375,14.125,1.5
P407_10033,C,C_imp_asc,0.05,99,99,True,False,3622,350,14.375,12.875,1.5,14.125,0.25
P407_10033,C,C_imp_asc,0.1,198,198,True,False,3622,222,15.125,13.5,1.625,14.125,1.0
P407_10033,C,C_imp_asc,0.2,396,252,True,False,3622,153,15.625,14.0,1.625,14.125,1.5
P407_10033,C,C_imp_asc,0.3,595,252,True,False,3622,153,15.625,14.0,1.625,14.125,1.5
P407_10033,C,C_imp_asc,0.5,992,252,True,False,3622,153,15.625,14.0,1.625,14.125,1.5
P407_10033,D,D_imp_asc,0.05,99,99,True,False,3622,391,14.1875,12.0625,2.125,14.125,0.0625
P407_10033,D,D_imp_asc,0.1,198,198,True,False,3622,390,14.1875,12.125,2.0625,14.125,0.0625
P407_10033,D,D_imp_asc,0.2,396,396,True,False,3622,399,14.125,12.125,2.0,14.125,0.0
P407_10033,D,D_imp_asc,0.3,595,595,True,False,3622,391,14.125,12.125,2.0,14.125,0.0
P407_10033,D,D_imp_asc,0.5,992,777,True,False,3622,414,14.0625,12.4375,1.625,14.125,-0.0625
P407_10082,hihp,hihp_imp_desc,0.05,99,99,True,False,496,4174,8.125,15.125,-7.0,20.125,-12.0
P407_10082,hihp,hihp_imp_desc,0.1,198,198,True,False,496,5871,7.5,15.75,-8.25,20.125,-12.625
P407_10082,hihp,hihp_imp_desc,0.2,396,396,False,False,236743,6199,7.40625,15.5625,-8.15625,20.125,-12.71875
P407_10082,hihp,hihp_imp_desc,0.3,595,595,True,False,496,5408,6.875,13.875,-7.0,20.125,-13.25
P407_10082,hihp,hihp_imp_desc,0.5,992,740,True,False,496,4370,7.09375,13.75,-6.65625,20.125,-13.03125
P407_10082,hihp,hihp_imp_asc,0.05,99,99,True,False,496,2,20.75,13.4375,7.3125,20.125,0.625
P407_10082,hihp,hihp_imp_asc,0.1,198,198,True,False,496,2,21.125,13.125,8.0,20.125,1.0
P407_10082,hihp,hihp_imp_asc,0.2,396,396,True,False,496,6,19.375,12.6875,6.6875,20.125,-0.75
P407_10082,hihp,hihp_imp_asc,0.3,595,595,True,False,496,8,18.0,10.125,7.875,20.125,-2.125
P407_10082,hihp,hihp_imp_asc,0.5,992,740,True,False,496,4370,7.09375,13.75,-6.65625,20.125,-13.03125
P407_10082,hilp,hilp_imp_desc,0.05,99,99,True,False,496,5,19.625,12.1875,7.4375,20.125,-0.5
P407_10082,hilp,hilp_imp_desc,0.1,198,198,True,False,496,3,20.0,11.9375,8.0625,20.125,-0.125
P407_10082,hilp,hilp_imp_desc,0.2,396,215,True,False,496,3,19.875,11.8125,8.0625,20.125,-0.25
P407_10082,hilp,hilp_imp_desc,0.3,595,215,True,False,496,3,19.875,11.8125,8.0625,20.125,-0.25
P407_10082,hilp,hilp_imp_desc,0.5,992,215,True,False,496,3,19.875,11.8125,8.0625,20.125,-0.25
P407_10082,hilp,hilp_imp_asc,0.05,99,99,True,False,496,5,19.875,13.125,6.75,20.125,-0.25
P407_10082,hilp,hilp_imp_asc,0.1,198,198,True,False,496,3,19.875,12.5625,7.3125,20.125,-0.25
P407_10082,hilp,hilp_imp_asc,0.2,396,215,True,False,496,3,19.875,11.8125,8.0625,20.125,-0.25
P407_10082,hilp,hilp_imp_asc,0.3,595,215,True,False,496,3,19.875,11.8125,8.0625,20.125,-0.25
P407_10082,hilp,hilp_imp_asc,0.5,992,215,True,False,496,3,19.875,11.8125,8.0625,20.125,-0.25
P407_10082,C,C_imp_asc,0.05,99,99,True,False,496,4,20.125,13.3125,6.8125,20.125,0.0
P407_10082,C,C_imp_asc,0.1,198,198,True,False,496,2,21.0,13.4375,7.5625,20.125,0.875
P407_10082,C,C_imp_asc,0.2,396,252,True,False,496,2,21.5,13.75,7.75,20.125,1.375
P407_10082,C,C_imp_asc,0.3,595,252,True,False,496,2,21.5,13.75,7.75,20.125,1.375
P407_10082,C,C_imp_asc,0.5,992,252,True,False,496,2,21.5,13.75,7.75,20.125,1.375
P407_10082,D,D_imp_asc,0.05,99,99,True,False,496,5,20.0,13.375,6.625,20.125,-0.125
P407_10082,D,D_imp_asc,0.1,198,198,True,False,496,5,20.0,13.25,6.75,20.125,-0.125
P407_10082,D,D_imp_asc,0.2,396,396,True,False,496,5,20.0,13.375,6.625,20.125,-0.125
P407_10082,D,D_imp_asc,0.3,595,595,True,False,496,5,20.0,13.25,6.75,20.125,-0.125
P407_10082,D,D_imp_asc,0.5,992,777,True,False,496,2,20.625,13.0,7.625,20.125,0.5
P413_10029,hihp,hihp_imp_desc,0.05,99,99,True,False,529,79,14.375,13.3125,1.0625,17.125,-2.75
P413_10029,hihp,hihp_imp_desc,0.1,198,198,True,False,529,61,14.9375,13.5625,1.375,17.125,-2.1875
P413_10029,hihp,hihp_imp_desc,0.2,396,396,True,False,529,165,13.875,12.125,1.75,17.125,-3.25
P413_10029,hihp,hihp_imp_desc,0.3,595,595,True,False,529,49,13.8125,13.3125,0.5,17.125,-3.3125
P413_10029,hihp,hihp_imp_desc,0.5,992,740,True,False,529,38,13.9375,13.375,0.5625,17.125,-3.1875
P413_10029,hihp,hihp_imp_asc,0.05,99,99,True,False,529,15,17.0,13.4375,3.5625,17.125,-0.125
P413_10029,hihp,hihp_imp_asc,0.1,198,198,True,False,529,9,17.625,14.8125,2.8125,17.125,0.5
P413_10029,hihp,hihp_imp_asc,0.2,396,396,True,False,529,8,17.375,14.8125,2.5625,17.125,0.25
P413_10029,hihp,hihp_imp_asc,0.3,595,595,True,False,529,19,16.25,14.6875,1.5625,17.125,-0.875
P413_10029,hihp,hihp_imp_asc,0.5,992,740,True,False,529,38,13.9375,13.375,0.5625,17.125,-3.1875
P413_10029,hilp,hilp_imp_desc,0.05,99,99,True,False,529,15,17.125,13.9375,3.1875,17.125,0.0
P413_10029,hilp,hilp_imp_desc,0.1,198,198,True,False,529,13,17.25,14.125,3.125,17.125,0.125
P413_10029,hilp,hilp_imp_desc,0.2,396,215,True,False,529,13,17.25,14.0,3.25,17.125,0.125
P413_10029,hilp,hilp_imp_desc,0.3,595,215,True,False,529,13,17.25,14.0,3.25,17.125,0.125
P413_10029,hilp,hilp_imp_desc,0.5,992,215,True,False,529,13,17.25,14.0,3.25,17.125,0.125
P413_10029,hilp,hilp_imp_asc,0.05,99,99,True,False,529,13,17.25,13.25,4.0,17.125,0.125
P413_10029,hilp,hilp_imp_asc,0.1,198,198,True,False,529,12,17.5,14.0,3.5,17.125,0.375
P413_10029,hilp,hilp_imp_asc,0.2,396,215,True,False,529,13,17.25,14.0,3.25,17.125,0.125
P413_10029,hilp,hilp_imp_asc,0.3,595,215,True,False,529,13,17.25,14.0,3.25,17.125,0.125
P413_10029,hilp,hilp_imp_asc,0.5,992,215,True,False,529,13,17.25,14.0,3.25,17.125,0.125
P413_10029,C,C_imp_asc,0.05,99,99,True,False,529,18,17.125,12.9375,4.1875,17.125,0.0
P413_10029,C,C_imp_asc,0.1,198,198,True,False,529,19,17.125,13.6875,3.4375,17.125,0.0
P413_10029,C,C_imp_asc,0.2,396,252,True,False,529,19,16.875,14.0,2.875,17.125,-0.25
P413_10029,C,C_imp_asc,0.3,595,252,True,False,529,19,16.875,14.0,2.875,17.125,-0.25
P413_10029,C,C_imp_asc,0.5,992,252,True,False,529,19,16.875,14.0,2.875,17.125,-0.25
P413_10029,D,D_imp_asc,0.05,99,99,True,False,529,14,17.125,13.0,4.125,17.125,0.0
P413_10029,D,D_imp_asc,0.1,198,198,True,False,529,14,17.125,13.0625,4.0625,17.125,0.0
P413_10029,D,D_imp_asc,0.2,396,396,True,False,529,12,17.5,13.4375,4.0625,17.125,0.375
P413_10029,D,D_imp_asc,0.3,595,595,True,False,529,12,17.5,13.5625,3.9375,17.125,0.375
P413_10029,D,D_imp_asc,0.5,992,777,True,False,529,11,17.625,13.625,4.0,17.125,0.5
P413_1006,hihp,hihp_imp_desc,0.05,99,99,False,False,25501,39,15.9375,19.375,-3.4375,21.125,-5.1875
P413_1006,hihp,hihp_imp_desc,0.1,198,198,False,False,496,72,15.1875,19.125,-3.9375,21.125,-5.9375
P413_1006,hihp,hihp_imp_desc,0.2,396,396,False,False,19563,505,12.0,15.625,-3.625,21.125,-9.125
P413_1006,hihp,hihp_imp_desc,0.3,595,595,False,False,506,7518,6.28125,9.25,-2.96875,21.125,-14.84375
P413_1006,hihp,hihp_imp_desc,0.5,992,740,False,False,506,19539,5.0,4.96875,0.03125,21.125,-16.125
P413_1006,hihp,hihp_imp_asc,0.05,99,99,True,True,95534,1,21.25,18.25,3.0,21.125,0.125
P413_1006,hihp,hihp_imp_asc,0.1,198,198,True,True,95534,1,21.0,17.75,3.25,21.125,-0.125
P413_1006,hihp,hihp_imp_asc,0.2,396,396,True,True,95534,1,20.875,17.75,3.125,21.125,-0.25
P413_1006,hihp,hihp_imp_asc,0.3,595,595,False,False,506,178,13.0625,12.8125,0.25,21.125,-8.0625
P413_1006,hihp,hihp_imp_asc,0.5,992,740,False,False,506,19539,5.0,4.96875,0.03125,21.125,-16.125
P413_1006,hilp,hilp_imp_desc,0.05,99,99,True,True,95534,1,21.25,19.25,2.0,21.125,0.125
P413_1006,hilp,hilp_imp_desc,0.1,198,198,True,True,95534,1,21.25,19.25,2.0,21.125,0.125
P413_1006,hilp,hilp_imp_desc,0.2,396,215,True,True,95534,1,21.25,19.25,2.0,21.125,0.125
P413_1006,hilp,hilp_imp_desc,0.3,595,215,True,True,95534,1,21.25,19.25,2.0,21.125,0.125
P413_1006,hilp,hilp_imp_desc,0.5,992,215,True,True,95534,1,21.25,19.25,2.0,21.125,0.125
P413_1006,hilp,hilp_imp_asc,0.05,99,99,True,True,95534,1,21.25,18.625,2.625,21.125,0.125
P413_1006,hilp,hilp_imp_asc,0.1,198,198,True,True,95534,1,21.125,19.25,1.875,21.125,0.0
P413_1006,hilp,hilp_imp_asc,0.2,396,215,True,True,95534,1,21.25,19.25,2.0,21.125,0.125
P413_1006,hilp,hilp_imp_asc,0.3,595,215,True,True,95534,1,21.25,19.25,2.0,21.125,0.125
P413_1006,hilp,hilp_imp_asc,0.5,992,215,True,True,95534,1,21.25,19.25,2.0,21.125,0.125
P413_1006,C,C_imp_asc,0.05,99,99,True,True,95534,1,20.875,18.5,2.375,21.125,-0.25
P413_1006,C,C_imp_asc,0.1,198,198,False,False,6029,2,20.375,18.375,2.0,21.125,-0.75
P413_1006,C,C_imp_asc,0.2,396,252,False,False,6029,3,20.0,17.875,2.125,21.125,-1.125
P413_1006,C,C_imp_asc,0.3,595,252,False,False,6029,3,20.0,17.875,2.125,21.125,-1.125
P413_1006,C,C_imp_asc,0.5,992,252,False,False,6029,3,20.0,17.875,2.125,21.125,-1.125
P413_1006,D,D_imp_asc,0.05,99,99,True,True,95534,1,21.25,18.75,2.5,21.125,0.125
P413_1006,D,D_imp_asc,0.1,198,198,True,True,95534,1,21.25,18.875,2.375,21.125,0.125
P413_1006,D,D_imp_asc,0.2,396,396,True,True,95534,1,21.375,18.625,2.75,21.125,0.25
P413_1006,D,D_imp_asc,0.3,595,595,True,True,95534,1,21.25,18.75,2.5,21.125,0.125
P413_1006,D,D_imp_asc,0.5,992,777,True,True,95534,1,21.125,18.75,2.375,21.125,0.0
P449_10023,hihp,hihp_imp_desc,0.05,99,99,False,False,3353,150,13.375,12.9375,0.4375,11.1875,2.1875
P449_10023,hihp,hihp_imp_desc,0.1,198,198,False,False,3353,103,14.5625,14.3125,0.25,11.1875,3.375
P449_10023,hihp,hihp_imp_desc,0.2,396,396,False,False,3353,74,15.375,14.875,0.5,11.1875,4.1875
P449_10023,hihp,hihp_imp_desc,0.3,595,595,False,False,19047,52,16.5,15.5,1.0,11.1875,5.3125
P449_10023,hihp,hihp_imp_desc,0.5,992,740,False,False,19047,50,16.75,15.8125,0.9375,11.1875,5.5625
P449_10023,hihp,hihp_imp_asc,0.05,99,99,True,False,6243,490,10.875,10.6875,0.1875,11.1875,-0.3125
P449_10023,hihp,hihp_imp_asc,0.1,198,198,True,False,6243,376,11.375,11.0,0.375,11.1875,0.1875
P449_10023,hihp,hihp_imp_asc,0.2,396,396,True,False,6243,184,13.0625,12.6875,0.375,11.1875,1.875
P449_10023,hihp,hihp_imp_asc,0.3,595,595,True,False,6243,67,15.625,14.625,1.0,11.1875,4.4375
P449_10023,hihp,hihp_imp_asc,0.5,992,740,False,False,19047,50,16.75,15.8125,0.9375,11.1875,5.5625
P449_10023,hilp,hilp_imp_desc,0.05,99,99,True,False,6243,146,13.75,12.875,0.875,11.1875,2.5625
P449_10023,hilp,hilp_imp_desc,0.1,198,198,True,False,6243,142,13.75,13.0,0.75,11.1875,2.5625
P449_10023,hilp,hilp_imp_desc,0.2,396,215,True,False,6243,147,13.6875,13.0,0.6875,11.1875,2.5
P449_10023,hilp,hilp_imp_desc,0.3,595,215,True,False,6243,147,13.6875,13.0,0.6875,11.1875,2.5
P449_10023,hilp,hilp_imp_desc,0.5,992,215,True,False,6243,147,13.6875,13.0,0.6875,11.1875,2.5
P449_10023,hilp,hilp_imp_asc,0.05,99,99,True,False,6243,438,11.125,11.0625,0.0625,11.1875,-0.0625
P449_10023,hilp,hilp_imp_asc,0.1,198,198,True,False,6243,157,13.4375,12.5625,0.875,11.1875,2.25
P449_10023,hilp,hilp_imp_asc,0.2,396,215,True,False,6243,147,13.6875,13.0,0.6875,11.1875,2.5
P449_10023,hilp,hilp_imp_asc,0.3,595,215,True,False,6243,147,13.6875,13.0,0.6875,11.1875,2.5
P449_10023,hilp,hilp_imp_asc,0.5,992,215,True,False,6243,147,13.6875,13.0,0.6875,11.1875,2.5
P449_10023,C,C_imp_asc,0.05,99,99,True,False,6243,380,11.3125,11.0625,0.25,11.1875,0.125
P449_10023,C,C_imp_asc,0.1,198,198,True,False,6243,240,12.5,12.3125,0.1875,11.1875,1.3125
P449_10023,C,C_imp_asc,0.2,396,252,True,False,6243,181,12.8125,12.4375,0.375,11.1875,1.625
P449_10023,C,C_imp_asc,0.3,595,252,True,False,6243,181,12.8125,12.4375,0.375,11.1875,1.625
P449_10023,C,C_imp_asc,0.5,992,252,True,False,6243,181,12.8125,12.4375,0.375,11.1875,1.625
P449_10023,D,D_imp_asc,0.05,99,99,True,False,6243,464,11.125,11.0625,0.0625,11.1875,-0.0625
P449_10023,D,D_imp_asc,0.1,198,198,True,False,6243,432,11.1875,11.125,0.0625,11.1875,0.0
P449_10023,D,D_imp_asc,0.2,396,396,True,False,6243,407,11.25,11.0,0.25,11.1875,0.0625
P449_10023,D,D_imp_asc,0.3,595,595,True,False,6243,362,11.4375,11.1875,0.25,11.1875,0.25
P449_10023,D,D_imp_asc,0.5,992,777,True,False,6243,372,11.4375,11.3125,0.125,11.1875,0.25
P449_10104,hihp,hihp_imp_desc,0.05,99,99,True,False,19047,37,17.75,19.375,-1.625,18.0,-0.25
P449_10104,hihp,hihp_imp_desc,0.1,198,198,True,False,19047,28,18.25,19.75,-1.5,18.0,0.25
P449_10104,hihp,hihp_imp_desc,0.2,396,396,False,False,506,31,18.25,19.25,-1.0,18.0,0.25
P449_10104,hihp,hihp_imp_desc,0.3,595,595,False,False,506,24,18.625,19.125,-0.5,18.0,0.625
P449_10104,hihp,hihp_imp_desc,0.5,992,740,False,False,506,26,18.625,18.875,-0.25,18.0,0.625
P449_10104,hihp,hihp_imp_asc,0.05,99,99,True,False,19047,47,17.625,18.5,-0.875,18.0,-0.375
P449_10104,hihp,hihp_imp_asc,0.1,198,198,True,False,19047,38,18.0,18.75,-0.75,18.0,0.0
P449_10104,hihp,hihp_imp_asc,0.2,396,396,False,False,34033,28,18.375,18.5,-0.125,18.0,0.375
P449_10104,hihp,hihp_imp_asc,0.3,595,595,False,False,506,24,18.75,19.0,-0.25,18.0,0.75
P449_10104,hihp,hihp_imp_asc,0.5,992,740,False,False,506,26,18.625,18.875,-0.25,18.0,0.625
P449_10104,hilp,hilp_imp_desc,0.05,99,99,True,False,19047,40,17.875,18.75,-0.875,18.0,-0.125
P449_10104,hilp,hilp_imp_desc,0.1,198,198,True,False,19047,37,17.875,18.625,-0.75,18.0,-0.125
P449_10104,hilp,hilp_imp_desc,0.2,396,215,True,False,19047,41,17.875,18.75,-0.875,18.0,-0.125
P449_10104,hilp,hilp_imp_desc,0.3,595,215,True,False,19047,41,17.875,18.75,-0.875,18.0,-0.125
P449_10104,hilp,hilp_imp_desc,0.5,992,215,True,False,19047,41,17.875,18.75,-0.875,18.0,-0.125
P449_10104,hilp,hilp_imp_asc,0.05,99,99,True,False,19047,42,17.875,18.625,-0.75,18.0,-0.125
P449_10104,hilp,hilp_imp_asc,0.1,198,198,True,False,19047,38,18.0,18.75,-0.75,18.0,0.0
P449_10104,hilp,hilp_imp_asc,0.2,396,215,True,False,19047,41,17.875,18.75,-0.875,18.0,-0.125
P449_10104,hilp,hilp_imp_asc,0.3,595,215,True,False,19047,41,17.875,18.75,-0.875,18.0,-0.125
P449_10104,hilp,hilp_imp_asc,0.5,992,215,True,False,19047,41,17.875,18.75,-0.875,18.0,-0.125
P449_10104,C,C_imp_asc,0.05,99,99,True,False,19047,35,18.25,18.75,-0.5,18.0,0.25
P449_10104,C,C_imp_asc,0.1,198,198,True,False,19047,38,17.875,18.75,-0.875,18.0,-0.125
P449_10104,C,C_imp_asc,0.2,396,252,True,False,19047,41,17.875,18.875,-1.0,18.0,-0.125
P449_10104,C,C_imp_asc,0.3,595,252,True,False,19047,41,17.875,18.875,-1.0,18.0,-0.125
P449_10104,C,C_imp_asc,0.5,992,252,True,False,19047,41,17.875,18.875,-1.0,18.0,-0.125
P449_10104,D,D_imp_asc,0.05,99,99,True,False,19047,41,18.0,18.75,-0.75,18.0,0.0
P449_10104,D,D_imp_asc,0.1,198,198,True,False,19047,39,18.0,18.625,-0.625,18.0,0.0
P449_10104,D,D_imp_asc,0.2,396,396,True,False,19047,43,17.875,18.75,-0.875,18.0,-0.125
P449_10104,D,D_imp_asc,0.3,595,595,True,False,19047,44,17.75,18.625,-0.875,18.0,-0.25
P449_10104,D,D_imp_asc,0.5,992,777,True,False,19047,44,17.875,18.625,-0.75,18.0,-0.125
P463_10050,hihp,hihp_imp_desc,0.05,99,99,True,True,47652,1,23.125,7.59375,15.53125,22.5,0.625
P463_10050,hihp,hihp_imp_desc,0.1,198,198,True,True,47652,1,23.75,8.125,15.625,22.5,1.25
P463_10050,hihp,hihp_imp_desc,0.2,396,396,True,True,47652,1,24.0,8.75,15.25,22.5,1.5
P463_10050,hihp,hihp_imp_desc,0.3,595,595,False,False,14809,2,23.25,8.25,15.0,22.5,0.75
P463_10050,hihp,hihp_imp_desc,0.5,992,740,False,False,14809,2,23.125,8.0,15.125,22.5,0.625
P463_10050,hihp,hihp_imp_asc,0.05,99,99,True,True,47652,1,22.5,5.53125,16.96875,22.5,0.0
P463_10050,hihp,hihp_imp_asc,0.1,198,198,True,True,47652,1,22.5,5.71875,16.78125,22.5,0.0
P463_10050,hihp,hihp_imp_asc,0.2,396,396,True,True,47652,1,22.75,5.9375,16.8125,22.5,0.25
P463_10050,hihp,hihp_imp_asc,0.3,595,595,True,True,47652,1,22.5,6.71875,15.78125,22.5,0.0
P463_10050,hihp,hihp_imp_asc,0.5,992,740,False,False,14809,2,23.125,8.0,15.125,22.5,0.625
P463_10050,hilp,hilp_imp_desc,0.05,99,99,True,True,47652,1,22.5,5.75,16.75,22.5,0.0
P463_10050,hilp,hilp_imp_desc,0.1,198,198,True,True,47652,1,22.125,5.6875,16.4375,22.5,-0.375
P463_10050,hilp,hilp_imp_desc,0.2,396,215,True,True,47652,1,22.125,5.6875,16.4375,22.5,-0.375
P463_10050,hilp,hilp_imp_desc,0.3,595,215,True,True,47652,1,22.125,5.6875,16.4375,22.5,-0.375
P463_10050,hilp,hilp_imp_desc,0.5,992,215,True,True,47652,1,22.125,5.6875,16.4375,22.5,-0.375
P463_10050,hilp,hilp_imp_asc,0.05,99,99,True,True,47652,1,22.0,5.4375,16.5625,22.5,-0.5
P463_10050,hilp,hilp_imp_asc,0.1,198,198,True,True,47652,1,22.125,5.78125,16.34375,22.5,-0.375
P463_10050,hilp,hilp_imp_asc,0.2,396,215,True,True,47652,1,22.125,5.6875,16.4375,22.5,-0.375
P463_10050,hilp,hilp_imp_asc,0.3,595,215,True,True,47652,1,22.125,5.6875,16.4375,22.5,-0.375
P463_10050,hilp,hilp_imp_asc,0.5,992,215,True,True,47652,1,22.125,5.6875,16.4375,22.5,-0.375
P463_10050,C,C_imp_asc,0.05,99,99,True,True,47652,1,22.625,5.4375,17.1875,22.5,0.125
P463_10050,C,C_imp_asc,0.1,198,198,True,True,47652,1,22.75,5.59375,17.15625,22.5,0.25
P463_10050,C,C_imp_asc,0.2,396,252,True,True,47652,1,22.75,5.59375,17.15625,22.5,0.25
P463_10050,C,C_imp_asc,0.3,595,252,True,True,47652,1,22.75,5.59375,17.15625,22.5,0.25
P463_10050,C,C_imp_asc,0.5,992,252,True,True,47652,1,22.75,5.59375,17.15625,22.5,0.25
P463_10050,D,D_imp_asc,0.05,99,99,True,True,47652,1,22.5,5.59375,16.90625,22.5,0.0
P463_10050,D,D_imp_asc,0.1,198,198,True,True,47652,1,22.5,5.8125,16.6875,22.5,0.0
P463_10050,D,D_imp_asc,0.2,396,396,True,True,47652,1,22.625,5.75,16.875,22.5,0.125
P463_10050,D,D_imp_asc,0.3,595,595,True,True,47652,1,22.625,6.21875,16.40625,22.5,0.125
P463_10050,D,D_imp_asc,0.5,992,777,True,True,47652,1,22.625,6.875,15.75,22.5,0.125
P463_10121,hihp,hihp_imp_desc,0.05,99,99,True,False,14809,2,25.5,10.1875,15.3125,25.0,0.5
P463_10121,hihp,hihp_imp_desc,0.1,198,198,False,False,56588,2,24.625,10.0625,14.5625,25.0,-0.375
P463_10121,hihp,hihp_imp_desc,0.2,396,396,False,True,47652,1,24.625,10.875,13.75,25.0,-0.375
P463_10121,hihp,hihp_imp_desc,0.3,595,595,False,False,56588,2,22.625,10.8125,11.8125,25.0,-2.375
P463_10121,hihp,hihp_imp_desc,0.5,992,740,False,False,56588,2,21.75,10.5625,11.1875,25.0,-3.25
P463_10121,hihp,hihp_imp_asc,0.05,99,99,True,False,14809,2,25.25,8.3125,16.9375,25.0,0.25
P463_10121,hihp,hihp_imp_asc,0.1,198,198,True,False,14809,2,24.875,8.625,16.25,25.0,-0.125
P463_10121,hihp,hihp_imp_asc,0.2,396,396,True,False,14809,2,25.125,8.3125,16.8125,25.0,0.125
P463_10121,hihp,hihp_imp_asc,0.3,595,595,True,False,14809,2,23.125,8.1875,14.9375,25.0,-1.875
P463_10121,hihp,hihp_imp_asc,0.5,992,740,False,False,56588,2,21.75,10.5625,11.1875,25.0,-3.25
P463_10121,hilp,hilp_imp_desc,0.05,99,99,True,False,14809,2,25.0,8.25,16.75,25.0,0.0
P463_10121,hilp,hilp_imp_desc,0.1,198,198,True,False,14809,2,24.375,7.84375,16.53125,25.0,-0.625
P463_10121,hilp,hilp_imp_desc,0.2,396,215,True,False,14809,2,24.375,7.875,16.5,25.0,-0.625
P463_10121,hilp,hilp_imp_desc,0.3,595,215,True,False,14809,2,24.375,7.875,16.5,25.0,-0.625
P463_10121,hilp,hilp_imp_desc,0.5,992,215,True,False,14809,2,24.375,7.875,16.5,25.0,-0.625
P463_10121,hilp,hilp_imp_asc,0.05,99,99,True,False,14809,2,24.375,7.84375,16.53125,25.0,-0.625
P463_10121,hilp,hilp_imp_asc,0.1,198,198,True,False,14809,2,24.375,7.84375,16.53125,25.0,-0.625
P463_10121,hilp,hilp_imp_asc,0.2,396,215,True,False,14809,2,24.375,7.875,16.5,25.0,-0.625
P463_10121,hilp,hilp_imp_asc,0.3,595,215,True,False,14809,2,24.375,7.875,16.5,25.0,-0.625
P463_10121,hilp,hilp_imp_asc,0.5,992,215,True,False,14809,2,24.375,7.875,16.5,25.0,-0.625
P463_10121,C,C_imp_asc,0.05,99,99,True,False,14809,2,24.375,8.4375,15.9375,25.0,-0.625
P463_10121,C,C_imp_asc,0.1,198,198,True,False,14809,2,24.25,8.4375,15.8125,25.0,-0.75
P463_10121,C,C_imp_asc,0.2,396,252,True,False,14809,2,23.75,8.4375,15.3125,25.0,-1.25
P463_10121,C,C_imp_asc,0.3,595,252,True,False,14809,2,23.75,8.4375,15.3125,25.0,-1.25
P463_10121,C,C_imp_asc,0.5,992,252,True,False,14809,2,23.75,8.4375,15.3125,25.0,-1.25
P463_10121,D,D_imp_asc,0.05,99,99,True,False,14809,2,24.875,8.25,16.625,25.0,-0.125
P463_10121,D,D_imp_asc,0.1,198,198,True,False,14809,2,24.875,8.0,16.875,25.0,-0.125
P463_10121,D,D_imp_asc,0.2,396,396,True,False,14809,2,25.0,7.96875,17.03125,25.0,0.0
P463_10121,D,D_imp_asc,0.3,595,595,True,False,14809,2,23.875,7.3125,16.5625,25.0,-1.125
P463_10121,D,D_imp_asc,0.5,992,777,True,False,14809,2,23.625,7.03125,16.59375,25.0,-1.375
P495_10012,hihp,hihp_imp_desc,0.05,99,99,True,False,506,10,17.125,20.5,-3.375,21.125,-4.0
P495_10012,hihp,hihp_imp_desc,0.1,198,198,True,False,506,28,15.125,21.25,-6.125,21.125,-6.0
P495_10012,hihp,hihp_imp_desc,0.2,396,396,False,False,236743,134,13.125,19.75,-6.625,21.125,-8.0
P495_10012,hihp,hihp_imp_desc,0.3,595,595,False,False,236743,156,12.8125,19.0,-6.1875,21.125,-8.3125
P495_10012,hihp,hihp_imp_desc,0.5,992,740,False,False,236743,140,13.25,19.125,-5.875,21.125,-7.875
P495_10012,hihp,hihp_imp_asc,0.05,99,99,True,False,506,4,21.125,12.75,8.375,21.125,0.0
P495_10012,hihp,hihp_imp_asc,0.1,198,198,True,False,506,2,21.625,13.0,8.625,21.125,0.5
P495_10012,hihp,hihp_imp_asc,0.2,396,396,True,False,506,3,21.625,14.8125,6.8125,21.125,0.5
P495_10012,hihp,hihp_imp_asc,0.3,595,595,False,False,236743,3,21.875,15.9375,5.9375,21.125,0.75
P495_10012,hihp,hihp_imp_asc,0.5,992,740,False,False,236743,140,13.25,19.125,-5.875,21.125,-7.875
P495_10012,hilp,hilp_imp_desc,0.05,99,99,True,False,506,3,21.75,12.5,9.25,21.125,0.625
P495_10012,hilp,hilp_imp_desc,0.1,198,198,True,False,506,3,21.625,12.1875,9.4375,21.125,0.5
P495_10012,hilp,hilp_imp_desc,0.2,396,215,True,False,506,4,21.5,12.0625,9.4375,21.125,0.375
P495_10012,hilp,hilp_imp_desc,0.3,595,215,True,False,506,4,21.5,12.0625,9.4375,21.125,0.375
P495_10012,hilp,hilp_imp_desc,0.5,992,215,True,False,506,4,21.5,12.0625,9.4375,21.125,0.375
P495_10012,hilp,hilp_imp_asc,0.05,99,99,True,False,506,4,21.0,12.8125,8.1875,21.125,-0.125
P495_10012,hilp,hilp_imp_asc,0.1,198,198,True,False,506,4,21.0,12.4375,8.5625,21.125,-0.125
P495_10012,hilp,hilp_imp_asc,0.2,396,215,True,False,506,4,21.5,12.0625,9.4375,21.125,0.375
P495_10012,hilp,hilp_imp_asc,0.3,595,215,True,False,506,4,21.5,12.0625,9.4375,21.125,0.375
P495_10012,hilp,hilp_imp_asc,0.5,992,215,True,False,506,4,21.5,12.0625,9.4375,21.125,0.375
P495_10012,C,C_imp_asc,0.05,99,99,True,False,506,4,21.0,12.8125,8.1875,21.125,-0.125
P495_10012,C,C_imp_asc,0.1,198,198,True,False,506,3,20.75,12.9375,7.8125,21.125,-0.375
P495_10012,C,C_imp_asc,0.2,396,252,True,False,506,3,21.0,13.0,8.0,21.125,-0.125
P495_10012,C,C_imp_asc,0.3,595,252,True,False,506,3,21.0,13.0,8.0,21.125,-0.125
P495_10012,C,C_imp_asc,0.5,992,252,True,False,506,3,21.0,13.0,8.0,21.125,-0.125
P495_10012,D,D_imp_asc,0.05,99,99,True,False,506,3,21.125,12.75,8.375,21.125,0.0
P495_10012,D,D_imp_asc,0.1,198,198,True,False,506,4,21.125,12.6875,8.4375,21.125,0.0
P495_10012,D,D_imp_asc,0.2,396,396,True,False,506,4,20.875,12.875,8.0,21.125,-0.25
P495_10012,D,D_imp_asc,0.3,595,595,True,False,506,4,20.625,12.9375,7.6875,21.125,-0.5
P495_10012,D,D_imp_asc,0.5,992,777,True,False,506,3,20.875,13.3125,7.5625,21.125,-0.25
P495_1003,hihp,hihp_imp_desc,0.05,99,99,True,False,236743,19,17.625,17.125,0.5,18.0,-0.375
P495_1003,hihp,hihp_imp_desc,0.1,198,198,True,False,236743,29,16.125,16.875,-0.75,18.0,-1.875
P495_1003,hihp,hihp_imp_desc,0.2,396,396,True,False,236743,58,14.8125,17.25,-2.4375,18.0,-3.1875
P495_1003,hihp,hihp_imp_desc,0.3,595,595,True,False,236743,65,14.6875,17.125,-2.4375,18.0,-3.3125
P495_1003,hihp,hihp_imp_desc,0.5,992,740,True,False,236743,71,14.375,17.125,-2.75,18.0,-3.625
P495_1003,hihp,hihp_imp_asc,0.05,99,99,True,False,236743,7,18.125,14.5,3.625,18.0,0.125
P495_1003,hihp,hihp_imp_asc,0.1,198,198,True,False,236743,7,18.125,14.625,3.5,18.0,0.125
P495_1003,hihp,hihp_imp_asc,0.2,396,396,True,False,236743,7,18.375,14.375,4.0,18.0,0.375
P495_1003,hihp,hihp_imp_asc,0.3,595,595,True,False,236743,5,18.375,14.25,4.125,18.0,0.375
P495_1003,hihp,hihp_imp_asc,0.5,992,740,True,False,236743,71,14.375,17.125,-2.75,18.0,-3.625
P495_1003,hilp,hilp_imp_desc,0.05,99,99,True,False,236743,7,18.25,14.6875,3.5625,18.0,0.25
P495_1003,hilp,hilp_imp_desc,0.1,198,198,True,False,236743,7,18.5,14.75,3.75,18.0,0.5
P495_1003,hilp,hilp_imp_desc,0.2,396,215,True,False,236743,7,18.625,14.8125,3.8125,18.0,0.625
P495_1003,hilp,hilp_imp_desc,0.3,595,215,True,False,236743,7,18.625,14.8125,3.8125,18.0,0.625
P495_1003,hilp,hilp_imp_desc,0.5,992,215,True,False,236743,7,18.625,14.8125,3.8125,18.0,0.625
P495_1003,hilp,hilp_imp_asc,0.05,99,99,True,False,236743,7,18.25,14.375,3.875,18.0,0.25
P495_1003,hilp,hilp_imp_asc,0.1,198,198,True,False,236743,7,18.375,14.625,3.75,18.0,0.375
P495_1003,hilp,hilp_imp_asc,0.2,396,215,True,False,236743,7,18.625,14.8125,3.8125,18.0,0.625
P495_1003,hilp,hilp_imp_asc,0.3,595,215,True,False,236743,7,18.625,14.8125,3.8125,18.0,0.625
P495_1003,hilp,hilp_imp_asc,0.5,992,215,True,False,236743,7,18.625,14.8125,3.8125,18.0,0.625
P495_1003,C,C_imp_asc,0.05,99,99,True,False,236743,10,18.125,14.375,3.75,18.0,0.125
P495_1003,C,C_imp_asc,0.1,198,198,True,False,236743,10,18.125,14.8125,3.3125,18.0,0.125
P495_1003,C,C_imp_asc,0.2,396,252,True,False,236743,10,18.125,15.0,3.125,18.0,0.125
P495_1003,C,C_imp_asc,0.3,595,252,True,False,236743,10,18.125,15.0,3.125,18.0,0.125
P495_1003,C,C_imp_asc,0.5,992,252,True,False,236743,10,18.125,15.0,3.125,18.0,0.125
P495_1003,D,D_imp_asc,0.05,99,99,True,False,236743,10,18.125,14.25,3.875,18.0,0.125
P495_1003,D,D_imp_asc,0.1,198,198,True,False,236743,10,18.125,14.25,3.875,18.0,0.125
P495_1003,D,D_imp_asc,0.2,396,396,True,False,236743,10,18.125,14.0625,4.0625,18.0,0.125
P495_1003,D,D_imp_asc,0.3,595,595,True,False,236743,10,18.0,14.0,4.0,18.0,0.0
P495_1003,D,D_imp_asc,0.5,992,777,True,False,236743,8,18.25,14.1875,4.0625,18.0,0.25
P641_10047,hihp,hihp_imp_desc,0.05,99,99,True,True,21637,1,23.25,21.0,2.25,24.875,-1.625
P641_10047,hihp,hihp_imp_desc,0.1,198,198,True,True,21637,1,23.375,21.125,2.25,24.875,-1.5
P641_10047,hihp,hihp_imp_desc,0.2,396,396,True,True,21637,1,23.0,21.375,1.625,24.875,-1.875
P641_10047,hihp,hihp_imp_desc,0.3,595,595,True,True,21637,1,22.5,21.0,1.5,24.875,-2.375
P641_10047,hihp,hihp_imp_desc,0.5,992,740,True,True,21637,1,22.375,20.25,2.125,24.875,-2.5
P641_10047,hihp,hihp_imp_asc,0.05,99,99,True,True,21637,1,24.625,19.875,4.75,24.875,-0.25
P641_10047,hihp,hihp_imp_asc,0.1,198,198,True,True,21637,1,25.75,18.375,7.375,24.875,0.875
P641_10047,hihp,hihp_imp_asc,0.2,396,396,True,True,21637,1,25.25,20.125,5.125,24.875,0.375
P641_10047,hihp,hihp_imp_asc,0.3,595,595,True,True,21637,1,24.875,19.625,5.25,24.875,0.0
P641_10047,hihp,hihp_imp_asc,0.5,992,740,True,True,21637,1,22.375,20.25,2.125,24.875,-2.5
P641_10047,hilp,hilp_imp_desc,0.05,99,99,True,True,21637,1,23.875,19.875,4.0,24.875,-1.0
P641_10047,hilp,hilp_imp_desc,0.1,198,198,True,True,21637,1,23.75,19.75,4.0,24.875,-1.125
P641_10047,hilp,hilp_imp_desc,0.2,396,215,True,True,21637,1,23.5,19.625,3.875,24.875,-1.375
P641_10047,hilp,hilp_imp_desc,0.3,595,215,True,True,21637,1,23.5,19.625,3.875,24.875,-1.375
P641_10047,hilp,hilp_imp_desc,0.5,992,215,True,True,21637,1,23.5,19.625,3.875,24.875,-1.375
P641_10047,hilp,hilp_imp_asc,0.05,99,99,True,True,21637,1,24.375,19.75,4.625,24.875,-0.5
P641_10047,hilp,hilp_imp_asc,0.1,198,198,True,True,21637,1,23.625,19.75,3.875,24.875,-1.25
P641_10047,hilp,hilp_imp_asc,0.2,396,215,True,True,21637,1,23.5,19.625,3.875,24.875,-1.375
P641_10047,hilp,hilp_imp_asc,0.3,595,215,True,True,21637,1,23.5,19.625,3.875,24.875,-1.375
P641_10047,hilp,hilp_imp_asc,0.5,992,215,True,True,21637,1,23.5,19.625,3.875,24.875,-1.375
P641_10047,C,C_imp_asc,0.05,99,99,True,True,21637,1,24.625,19.875,4.75,24.875,-0.25
P641_10047,C,C_imp_asc,0.1,198,198,True,True,21637,1,25.125,19.625,5.5,24.875,0.25
P641_10047,C,C_imp_asc,0.2,396,252,True,True,21637,1,25.125,19.625,5.5,24.875,0.25
P641_10047,C,C_imp_asc,0.3,595,252,True,True,21637,1,25.125,19.625,5.5,24.875,0.25
P641_10047,C,C_imp_asc,0.5,992,252,True,True,21637,1,25.125,19.625,5.5,24.875,0.25
P641_10047,D,D_imp_asc,0.05,99,99,True,True,21637,1,24.75,19.875,4.875,24.875,-0.125
P641_10047,D,D_imp_asc,0.1,198,198,True,True,21637,1,24.625,19.75,4.875,24.875,-0.25
P641_10047,D,D_imp_asc,0.2,396,396,True,True,21637,1,24.875,20.0,4.875,24.875,0.0
P641_10047,D,D_imp_asc,0.3,595,595,True,True,21637,1,24.875,20.125,4.75,24.875,0.0
P641_10047,D,D_imp_asc,0.5,992,777,True,True,21637,1,25.125,20.625,4.5,24.875,0.25
P641_10270,hihp,hihp_imp_desc,0.05,99,99,True,False,529,24,15.6875,14.625,1.0625,17.375,-1.6875
P641_10270,hihp,hihp_imp_desc,0.1,198,198,True,False,529,58,13.375,13.4375,-0.0625,17.375,-4.0
P641_10270,hihp,hihp_imp_desc,0.2,396,396,True,False,529,173,11.4375,11.375,0.0625,17.375,-5.9375
P641_10270,hihp,hihp_imp_desc,0.3,595,595,True,False,529,680,8.3125,7.625,0.6875,17.375,-9.0625
P641_10270,hihp,hihp_imp_desc,0.5,992,740,True,False,529,3373,6.5625,6.40625,0.15625,17.375,-10.8125
P641_10270,hihp,hihp_imp_asc,0.05,99,99,True,False,529,10,17.375,15.625,1.75,17.375,0.0
P641_10270,hihp,hihp_imp_asc,0.1,198,198,True,False,529,6,17.5,15.9375,1.5625,17.375,0.125
P641_10270,hihp,hihp_imp_asc,0.2,396,396,True,False,529,17,15.8125,14.5625,1.25,17.375,-1.5625
P641_10270,hihp,hihp_imp_asc,0.3,595,595,True,False,529,228,10.6875,8.875,1.8125,17.375,-6.6875
P641_10270,hihp,hihp_imp_asc,0.5,992,740,True,False,529,3373,6.5625,6.40625,0.15625,17.375,-10.8125
P641_10270,hilp,hilp_imp_desc,0.05,99,99,True,False,529,14,16.75,14.9375,1.8125,17.375,-0.625
P641_10270,hilp,hilp_imp_desc,0.1,198,198,True,False,529,14,16.75,15.0625,1.6875,17.375,-0.625
P641_10270,hilp,hilp_imp_desc,0.2,396,215,True,False,529,13,16.875,15.125,1.75,17.375,-0.5
P641_10270,hilp,hilp_imp_desc,0.3,595,215,True,False,529,13,16.875,15.125,1.75,17.375,-0.5
P641_10270,hilp,hilp_imp_desc,0.5,992,215,True,False,529,13,16.875,15.125,1.75,17.375,-0.5
P641_10270,hilp,hilp_imp_asc,0.05,99,99,True,False,529,7,17.625,15.5625,2.0625,17.375,0.25
P641_10270,hilp,hilp_imp_asc,0.1,198,198,True,False,529,13,17.0,15.3125,1.6875,17.375,-0.375
P641_10270,hilp,hilp_imp_asc,0.2,396,215,True,False,529,13,16.875,15.125,1.75,17.375,-0.5
P641_10270,hilp,hilp_imp_asc,0.3,595,215,True,False,529,13,16.875,15.125,1.75,17.375,-0.5
P641_10270,hilp,hilp_imp_asc,0.5,992,215,True,False,529,13,16.875,15.125,1.75,17.375,-0.5
P641_10270,C,C_imp_asc,0.05,99,99,True,False,529,10,17.25,15.4375,1.8125,17.375,-0.125
P641_10270,C,C_imp_asc,0.1,198,198,True,False,529,8,17.5,15.625,1.875,17.375,0.125
P641_10270,C,C_imp_asc,0.2,396,252,True,False,529,9,17.375,15.5,1.875,17.375,0.0
P641_10270,C,C_imp_asc,0.3,595,252,True,False,529,9,17.375,15.5,1.875,17.375,0.0
P641_10270,C,C_imp_asc,0.5,992,252,True,False,529,9,17.375,15.5,1.875,17.375,0.0
P641_10270,D,D_imp_asc,0.05,99,99,True,False,529,10,17.375,15.5,1.875,17.375,0.0
P641_10270,D,D_imp_asc,0.1,198,198,True,False,529,8,17.75,15.8125,1.9375,17.375,0.375
P641_10270,D,D_imp_asc,0.2,396,396,True,False,529,8,17.625,15.5,2.125,17.375,0.25
P641_10270,D,D_imp_asc,0.3,595,595,True,False,529,6,17.625,15.75,1.875,17.375,0.25
P641_10270,D,D_imp_asc,0.5,992,777,True,False,529,8,17.5,15.375,2.125,17.375,0.125
P740_10016,hihp,hihp_imp_desc,0.05,99,99,True,False,236743,253,10.5,12.0625,-1.5625,25.625,-15.125
P740_10016,hihp,hihp_imp_desc,0.1,198,198,True,False,236743,1461,8.0625,12.9375,-4.875,25.625,-17.5625
P740_10016,hihp,hihp_imp_desc,0.2,396,396,True,False,236743,4786,6.1875,12.5625,-6.375,25.625,-19.4375
P740_10016,hihp,hihp_imp_desc,0.3,595,595,True,False,236743,11499,4.6875,13.0625,-8.375,25.625,-20.9375
P740_10016,hihp,hihp_imp_desc,0.5,992,740,True,False,236743,13334,4.34375,12.8125,-8.46875,25.625,-21.28125
P740_10016,hihp,hihp_imp_asc,0.05,99,99,True,False,236743,2,25.0,12.3125,12.6875,25.625,-0.625
P740_10016,hihp,hihp_imp_asc,0.1,198,198,True,False,236743,2,24.125,12.375,11.75,25.625,-1.5
P740_10016,hihp,hihp_imp_asc,0.2,396,396,True,False,236743,2,23.25,13.625,9.625,25.625,-2.375
P740_10016,hihp,hihp_imp_asc,0.3,595,595,True,False,236743,2,21.375,14.625,6.75,25.625,-4.25
P740_10016,hihp,hihp_imp_asc,0.5,992,740,True,False,236743,13334,4.34375,12.8125,-8.46875,25.625,-21.28125
P740_10016,hilp,hilp_imp_desc,0.05,99,99,True,False,236743,2,25.375,12.3125,13.0625,25.625,-0.25
P740_10016,hilp,hilp_imp_desc,0.1,198,198,True,False,236743,2,25.5,12.5625,12.9375,25.625,-0.125
P740_10016,hilp,hilp_imp_desc,0.2,396,215,True,False,236743,2,25.375,12.6875,12.6875,25.625,-0.25
P740_10016,hilp,hilp_imp_desc,0.3,595,215,True,False,236743,2,25.375,12.6875,12.6875,25.625,-0.25
P740_10016,hilp,hilp_imp_desc,0.5,992,215,True,False,236743,2,25.375,12.6875,12.6875,25.625,-0.25
P740_10016,hilp,hilp_imp_asc,0.05,99,99,True,False,236743,2,25.25,12.4375,12.8125,25.625,-0.375
P740_10016,hilp,hilp_imp_asc,0.1,198,198,True,False,236743,2,25.0,12.375,12.625,25.625,-0.625
P740_10016,hilp,hilp_imp_asc,0.2,396,215,True,False,236743,2,25.375,12.6875,12.6875,25.625,-0.25
P740_10016,hilp,hilp_imp_asc,0.3,595,215,True,False,236743,2,25.375,12.6875,12.6875,25.625,-0.25
P740_10016,hilp,hilp_imp_asc,0.5,992,215,True,False,236743,2,25.375,12.6875,12.6875,25.625,-0.25
P740_10016,C,C_imp_asc,0.05,99,99,True,False,236743,2,25.375,12.125,13.25,25.625,-0.25
P740_10016,C,C_imp_asc,0.1,198,198,True,False,236743,2,25.25,12.25,13.0,25.625,-0.375
P740_10016,C,C_imp_asc,0.2,396,252,True,False,236743,2,25.0,12.25,12.75,25.625,-0.625
P740_10016,C,C_imp_asc,0.3,595,252,True,False,236743,2,25.0,12.25,12.75,25.625,-0.625
P740_10016,C,C_imp_asc,0.5,992,252,True,False,236743,2,25.0,12.25,12.75,25.625,-0.625
P740_10016,D,D_imp_asc,0.05,99,99,True,False,236743,2,25.625,12.3125,13.3125,25.625,0.0
P740_10016,D,D_imp_asc,0.1,198,198,True,False,236743,2,25.75,12.375,13.375,25.625,0.125
P740_10016,D,D_imp_asc,0.2,396,396,False,True,79723,1,25.875,12.125,13.75,25.625,0.25
P740_10016,D,D_imp_asc,0.3,595,595,True,False,236743,2,25.375,12.625,12.75,25.625,-0.25
P740_10016,D,D_imp_asc,0.5,992,777,True,False,236743,2,25.625,13.625,12.0,25.625,0.0
P740_10054,hihp,hihp_imp_desc,0.05,99,99,True,False,236743,4,17.875,16.875,1.0,17.625,0.25
P740_10054,hihp,hihp_imp_desc,0.1,198,198,True,False,236743,10,17.625,17.75,-0.125,17.625,0.0
P740_10054,hihp,hihp_imp_desc,0.2,396,396,True,False,236743,106,14.3125,18.5,-4.1875,17.625,-3.3125
P740_10054,hihp,hihp_imp_desc,0.3,595,595,True,False,236743,180,13.625,18.625,-5.0,17.625,-4.0
P740_10054,hihp,hihp_imp_desc,0.5,992,740,True,False,236743,207,13.3125,18.625,-5.3125,17.625,-4.3125
P740_10054,hihp,hihp_imp_asc,0.05,99,99,True,False,236743,4,17.625,12.5625,5.0625,17.625,0.0
P740_10054,hihp,hihp_imp_asc,0.1,198,198,True,False,236743,4,17.875,12.4375,5.4375,17.625,0.25
P740_10054,hihp,hihp_imp_asc,0.2,396,396,True,False,236743,5,17.625,12.25,5.375,17.625,0.0
P740_10054,hihp,hihp_imp_asc,0.3,595,595,True,False,236743,10,17.5,14.4375,3.0625,17.625,-0.125
P740_10054,hihp,hihp_imp_asc,0.5,992,740,True,False,236743,207,13.3125,18.625,-5.3125,17.625,-4.3125
P740_10054,hilp,hilp_imp_desc,0.05,99,99,True,False,236743,6,16.625,12.0,4.625,17.625,-1.0
P740_10054,hilp,hilp_imp_desc,0.1,198,198,True,False,236743,6,17.0,12.25,4.75,17.625,-0.625
P740_10054,hilp,hilp_imp_desc,0.2,396,215,True,False,236743,6,17.25,12.375,4.875,17.625,-0.375
P740_10054,hilp,hilp_imp_desc,0.3,595,215,True,False,236743,6,17.25,12.375,4.875,17.625,-0.375
P740_10054,hilp,hilp_imp_desc,0.5,992,215,True,False,236743,6,17.25,12.375,4.875,17.625,-0.375
P740_10054,hilp,hilp_imp_asc,0.05,99,99,True,False,236743,5,17.875,12.5625,5.3125,17.625,0.25
P740_10054,hilp,hilp_imp_asc,0.1,198,198,True,False,236743,6,17.625,13.1875,4.4375,17.625,0.0
P740_10054,hilp,hilp_imp_asc,0.2,396,215,True,False,236743,6,17.25,12.375,4.875,17.625,-0.375
P740_10054,hilp,hilp_imp_asc,0.3,595,215,True,False,236743,6,17.25,12.375,4.875,17.625,-0.375
P740_10054,hilp,hilp_imp_asc,0.5,992,215,True,False,236743,6,17.25,12.375,4.875,17.625,-0.375
P740_10054,C,C_imp_asc,0.05,99,99,True,False,236743,4,17.625,12.375,5.25,17.625,0.0
P740_10054,C,C_imp_asc,0.1,198,198,True,False,236743,4,17.5,11.5625,5.9375,17.625,-0.125
P740_10054,C,C_imp_asc,0.2,396,252,True,False,236743,4,17.5,11.4375,6.0625,17.625,-0.125
P740_10054,C,C_imp_asc,0.3,595,252,True,False,236743,4,17.5,11.4375,6.0625,17.625,-0.125
P740_10054,C,C_imp_asc,0.5,992,252,True,False,236743,4,17.5,11.4375,6.0625,17.625,-0.125
P740_10054,D,D_imp_asc,0.05,99,99,True,False,236743,6,17.5,12.3125,5.1875,17.625,-0.125
P740_10054,D,D_imp_asc,0.1,198,198,True,False,236743,4,17.625,12.25,5.375,17.625,0.0
P740_10054,D,D_imp_asc,0.2,396,396,True,False,236743,5,17.875,12.6875,5.1875,17.625,0.25
P740_10054,D,D_imp_asc,0.3,595,595,True,False,236743,5,17.625,12.125,5.5,17.625,0.0
P740_10054,D,D_imp_asc,0.5,992,777,True,False,236743,4,18.0,11.8125,6.1875,17.625,0.375
P937_10004,hihp,hihp_imp_desc,0.05,99,99,True,False,506,77,14.3125,17.0,-2.6875,18.75,-4.4375
P937_10004,hihp,hihp_imp_desc,0.1,198,198,True,False,506,61,14.6875,17.125,-2.4375,18.75,-4.0625
P937_10004,hihp,hihp_imp_desc,0.2,396,396,True,False,506,82,14.375,17.125,-2.75,18.75,-4.375
P937_10004,hihp,hihp_imp_desc,0.3,595,595,True,False,506,62,14.75,17.375,-2.625,18.75,-4.0
P937_10004,hihp,hihp_imp_desc,0.5,992,740,True,False,506,77,14.3125,16.875,-2.5625,18.75,-4.4375
P937_10004,hihp,hihp_imp_asc,0.05,99,99,True,False,506,16,18.375,18.75,-0.375,18.75,-0.375
P937_10004,hihp,hihp_imp_asc,0.1,198,198,True,False,506,16,18.125,18.75,-0.625,18.75,-0.625
P937_10004,hihp,hihp_imp_asc,0.2,396,396,True,False,506,19,17.5,18.0,-0.5,18.75,-1.25
P937_10004,hihp,hihp_imp_asc,0.3,595,595,True,False,506,12,18.125,17.625,0.5,18.75,-0.625
P937_10004,hihp,hihp_imp_asc,0.5,992,740,True,False,506,77,14.3125,16.875,-2.5625,18.75,-4.4375
P937_10004,hilp,hilp_imp_desc,0.05,99,99,True,False,506,14,18.375,18.375,0.0,18.75,-0.375
P937_10004,hilp,hilp_imp_desc,0.1,198,198,True,False,506,17,18.0,18.625,-0.625,18.75,-0.75
P937_10004,hilp,hilp_imp_desc,0.2,396,215,True,False,506,18,17.875,18.375,-0.5,18.75,-0.875
P937_10004,hilp,hilp_imp_desc,0.3,595,215,True,False,506,18,17.875,18.375,-0.5,18.75,-0.875
P937_10004,hilp,hilp_imp_desc,0.5,992,215,True,False,506,18,17.875,18.375,-0.5,18.75,-0.875
P937_10004,hilp,hilp_imp_asc,0.05,99,99,True,False,506,12,18.625,18.75,-0.125,18.75,-0.125
P937_10004,hilp,hilp_imp_asc,0.1,198,198,True,False,506,16,18.125,18.5,-0.375,18.75,-0.625
P937_10004,hilp,hilp_imp_asc,0.2,396,215,True,False,506,18,17.875,18.375,-0.5,18.75,-0.875
P937_10004,hilp,hilp_imp_asc,0.3,595,215,True,False,506,18,17.875,18.375,-0.5,18.75,-0.875
P937_10004,hilp,hilp_imp_asc,0.5,992,215,True,False,506,18,17.875,18.375,-0.5,18.75,-0.875
P937_10004,C,C_imp_asc,0.05,99,99,True,False,506,10,18.875,18.75,0.125,18.75,0.125
P937_10004,C,C_imp_asc,0.1,198,198,True,False,506,13,18.5,18.5,0.0,18.75,-0.25
P937_10004,C,C_imp_asc,0.2,396,252,True,False,506,15,18.25,18.75,-0.5,18.75,-0.5
P937_10004,C,C_imp_asc,0.3,595,252,True,False,506,15,18.25,18.75,-0.5,18.75,-0.5
P937_10004,C,C_imp_asc,0.5,992,252,True,False,506,15,18.25,18.75,-0.5,18.75,-0.5
P937_10004,D,D_imp_asc,0.05,99,99,True,False,506,10,18.875,18.75,0.125,18.75,0.125
P937_10004,D,D_imp_asc,0.1,198,198,True,False,506,10,19.0,18.75,0.25,18.75,0.25
P937_10004,D,D_imp_asc,0.2,396,396,True,False,506,11,18.75,18.625,0.125,18.75,0.0
P937_10004,D,D_imp_asc,0.3,595,595,True,False,506,11,18.75,18.75,0.0,18.75,0.0
P937_10004,D,D_imp_asc,0.5,992,777,True,False,506,12,18.5,18.5,0.0,18.75,-0.25
P937_10060,hihp,hihp_imp_desc,0.05,99,99,True,False,506,98,14.3125,15.75,-1.4375,16.875,-2.5625
P937_10060,hihp,hihp_imp_desc,0.1,198,198,True,False,506,165,13.625,14.75,-1.125,16.875,-3.25
P937_10060,hihp,hihp_imp_desc,0.2,396,396,True,False,506,283,12.6875,14.25,-1.5625,16.875,-4.1875
P937_10060,hihp,hihp_imp_desc,0.3,595,595,True,False,506,429,12.1875,13.625,-1.4375,16.875,-4.6875
P937_10060,hihp,hihp_imp_desc,0.5,992,740,True,False,506,533,11.8125,14.125,-2.3125,16.875,-5.0625
P937_10060,hihp,hihp_imp_asc,0.05,99,99,True,False,506,16,17.0,17.0,0.0,16.875,0.125
P937_10060,hihp,hihp_imp_asc,0.1,198,198,True,False,506,12,17.125,17.125,0.0,16.875,0.25
P937_10060,hihp,hihp_imp_asc,0.2,396,396,True,False,506,10,17.375,17.25,0.125,16.875,0.5
P937_10060,hihp,hihp_imp_asc,0.3,595,595,True,False,506,9,17.375,16.375,1.0,16.875,0.5
P937_10060,hihp,hihp_imp_asc,0.5,992,740,True,False,506,533,11.8125,14.125,-2.3125,16.875,-5.0625
P937_10060,hilp,hilp_imp_desc,0.05,99,99,True,False,506,22,16.875,16.875,0.0,16.875,0.0
P937_10060,hilp,hilp_imp_desc,0.1,198,198,True,False,506,17,17.0,17.0,0.0,16.875,0.125
P937_10060,hilp,hilp_imp_desc,0.2,396,215,True,False,506,18,17.0,17.0,0.0,16.875,0.125
P937_10060,hilp,hilp_imp_desc,0.3,595,215,True,False,506,18,17.0,17.0,0.0,16.875,0.125
P937_10060,hilp,hilp_imp_desc,0.5,992,215,True,False,506,18,17.0,17.0,0.0,16.875,0.125
P937_10060,hilp,hilp_imp_asc,0.05,99,99,True,False,506,20,17.0,16.875,0.125,16.875,0.125
P937_10060,hilp,hilp_imp_asc,0.1,198,198,True,False,506,14,17.125,17.125,0.0,16.875,0.25
P937_10060,hilp,hilp_imp_asc,0.2,396,215,True,False,506,18,17.0,17.0,0.0,16.875,0.125
P937_10060,hilp,hilp_imp_asc,0.3,595,215,True,False,506,18,17.0,17.0,0.0,16.875,0.125
P937_10060,hilp,hilp_imp_asc,0.5,992,215,True,False,506,18,17.0,17.0,0.0,16.875,0.125
P937_10060,C,C_imp_asc,0.05,99,99,True,False,506,20,17.0,16.625,0.375,16.875,0.125
P937_10060,C,C_imp_asc,0.1,198,198,True,False,506,15,16.875,16.75,0.125,16.875,0.0
P937_10060,C,C_imp_asc,0.2,396,252,True,False,506,12,17.0,16.875,0.125,16.875,0.125
P937_10060,C,C_imp_asc,0.3,595,252,True,False,506,12,17.0,16.875,0.125,16.875,0.125
P937_10060,C,C_imp_asc,0.5,992,252,True,False,506,12,17.0,16.875,0.125,16.875,0.125
P937_10060,D,D_imp_asc,0.05,99,99,True,False,506,25,16.875,16.75,0.125,16.875,0.0
P937_10060,D,D_imp_asc,0.1,198,198,True,False,506,25,16.875,16.75,0.125,16.875,0.0
P937_10060,D,D_imp_asc,0.2,396,396,True,False,506,24,16.875,16.75,0.125,16.875,0.0
P937_10060,D,D_imp_asc,0.3,595,595,True,False,506,26,16.75,16.75,0.0,16.875,-0.125
P937_10060,D,D_imp_asc,0.5,992,777,True,False,506,22,16.75,16.875,-0.125,16.875,-0.125
P101_10027,diag,diag_rank_asc,0.05,99,99,True,False,5194,30,16.625,13.4375,3.1875,16.625,0.0
P101_10027,diag,diag_rank_asc,0.1,198,198,True,False,5194,29,16.625,13.4375,3.1875,16.625,0.0
P101_10027,diag,diag_rank_asc,0.2,396,396,True,False,5194,29,16.75,13.4375,3.3125,16.625,0.125
P101_10027,diag,diag_rank_asc,0.3,595,595,True,False,5194,30,16.5,13.6875,2.8125,16.625,-0.125
P101_10027,diag,diag_rank_asc,0.5,992,992,True,False,5194,32,16.25,13.4375,2.8125,16.625,-0.375
P101_10066,diag,diag_rank_asc,0.05,99,99,True,False,1791,52,17.375,6.09375,11.28125,17.375,0.0
P101_10066,diag,diag_rank_asc,0.1,198,198,True,False,1791,51,17.5,6.125,11.375,17.375,0.125
P101_10066,diag,diag_rank_asc,0.2,396,396,True,False,1791,50,17.5,6.125,11.375,17.375,0.125
P101_10066,diag,diag_rank_asc,0.3,595,595,True,False,1791,53,17.5,6.09375,11.40625,17.375,0.125
P101_10066,diag,diag_rank_asc,0.5,992,992,True,False,1791,44,17.5,6.5625,10.9375,17.375,0.125
P103_0,diag,diag_rank_asc,0.05,99,99,True,True,7830,1,23.625,11.3125,12.3125,23.625,0.0
P103_0,diag,diag_rank_asc,0.1,198,198,True,True,7830,1,23.75,11.375,12.375,23.625,0.125
P103_0,diag,diag_rank_asc,0.2,396,396,True,True,7830,1,23.625,11.3125,12.3125,23.625,0.0
P103_0,diag,diag_rank_asc,0.3,595,595,True,True,7830,1,23.5,11.1875,12.3125,23.625,-0.125
P103_0,diag,diag_rank_asc,0.5,992,992,True,True,7830,1,23.75,10.9375,12.8125,23.625,0.125
P103_10038,diag,diag_rank_asc,0.05,99,99,True,False,9115,2,25.125,16.0,9.125,25.0,0.125
P103_10038,diag,diag_rank_asc,0.1,198,198,True,False,9115,2,25.0,16.125,8.875,25.0,0.0
P103_10038,diag,diag_rank_asc,0.2,396,396,True,False,9115,2,25.125,16.375,8.75,25.0,0.125
P103_10038,diag,diag_rank_asc,0.3,595,595,True,False,9115,2,24.25,16.0,8.25,25.0,-0.75
P103_10038,diag,diag_rank_asc,0.5,992,992,True,False,9115,2,22.375,16.25,6.125,25.0,-2.625
P106_10026,diag,diag_rank_asc,0.05,99,99,True,False,496,124,15.8125,12.0625,3.75,15.8125,0.0
P106_10026,diag,diag_rank_asc,0.1,198,198,True,False,496,127,15.8125,12.125,3.6875,15.8125,0.0
P106_10026,diag,diag_rank_asc,0.2,396,396,True,False,496,120,15.9375,12.125,3.8125,15.8125,0.125
P106_10026,diag,diag_rank_asc,0.3,595,595,True,False,496,91,16.375,12.5625,3.8125,15.8125,0.5625
P106_10026,diag,diag_rank_asc,0.5,992,992,True,False,496,138,15.625,14.125,1.5,15.8125,-0.1875
P106_10076,diag,diag_rank_asc,0.05,99,99,True,False,21075,3,22.75,5.59375,17.15625,22.625,0.125
P106_10076,diag,diag_rank_asc,0.1,198,198,True,False,21075,3,22.625,5.65625,16.96875,22.625,0.0
P106_10076,diag,diag_rank_asc,0.2,396,396,True,False,21075,2,22.875,5.78125,17.09375,22.625,0.25
P106_10076,diag,diag_rank_asc,0.3,595,595,True,False,21075,3,23.0,5.65625,17.34375,22.625,0.375
P106_10076,diag,diag_rank_asc,0.5,992,992,True,False,21075,2,23.625,5.03125,18.59375,22.625,1.0
P108_10032,diag,diag_rank_asc,0.05,99,99,True,False,9265,5,25.375,4.53125,20.84375,25.25,0.125
P108_10032,diag,diag_rank_asc,0.1,198,198,True,False,9265,5,25.375,4.65625,20.71875,25.25,0.125
P108_10032,diag,diag_rank_asc,0.2,396,396,True,False,9265,5,25.5,4.21875,21.28125,25.25,0.25
P108_10032,diag,diag_rank_asc,0.3,595,595,True,False,9265,5,25.5,5.125,20.375,25.25,0.25
P108_10032,diag,diag_rank_asc,0.5,992,992,True,False,9265,3,25.75,4.8125,20.9375,25.25,0.5
P108_10064,diag,diag_rank_asc,0.05,99,99,True,True,6475,1,26.375,10.1875,16.1875,26.375,0.0
P108_10064,diag,diag_rank_asc,0.1,198,198,True,True,6475,1,26.375,10.1875,16.1875,26.375,0.0
P108_10064,diag,diag_rank_asc,0.2,396,396,True,True,6475,1,26.25,9.9375,16.3125,26.375,-0.125
P108_10064,diag,diag_rank_asc,0.3,595,595,True,True,6475,1,26.5,9.75,16.75,26.375,0.125
P108_10064,diag,diag_rank_asc,0.5,992,992,True,True,6475,1,26.125,9.625,16.5,26.375,-0.25
P127_10,diag,diag_rank_asc,0.05,99,99,True,False,506,12,16.625,9.3125,7.3125,16.75,-0.125
P127_10,diag,diag_rank_asc,0.1,198,198,True,False,506,11,16.75,9.375,7.375,16.75,0.0
P127_10,diag,diag_rank_asc,0.2,396,396,True,False,506,12,16.625,9.375,7.25,16.75,-0.125
P127_10,diag,diag_rank_asc,0.3,595,595,True,False,506,11,16.625,9.375,7.25,16.75,-0.125
P127_10,diag,diag_rank_asc,0.5,992,992,True,False,506,7,16.75,9.5,7.25,16.75,0.0
P127_10040,diag,diag_rank_asc,0.05,99,99,True,False,236764,2,20.25,9.375,10.875,20.25,0.0
P127_10040,diag,diag_rank_asc,0.1,198,198,True,False,236764,2,20.5,9.5,11.0,20.25,0.25
P127_10040,diag,diag_rank_asc,0.2,396,396,True,False,236764,2,20.5,9.5,11.0,20.25,0.25
P127_10040,diag,diag_rank_asc,0.3,595,595,True,False,236764,2,20.125,9.75,10.375,20.25,-0.125
P127_10040,diag,diag_rank_asc,0.5,992,992,True,False,236764,2,20.75,11.1875,9.5625,20.25,0.5
P1303_10011,diag,diag_rank_asc,0.05,99,99,True,False,27639,3,20.125,19.0,1.125,20.125,0.0
P1303_10011,diag,diag_rank_asc,0.1,198,198,True,False,27639,3,20.125,18.875,1.25,20.125,0.0
P1303_10011,diag,diag_rank_asc,0.2,396,396,False,False,96800,4,20.375,19.0,1.375,20.125,0.25
P1303_10011,diag,diag_rank_asc,0.3,595,595,True,False,27639,3,19.75,18.875,0.875,20.125,-0.375
P1303_10011,diag,diag_rank_asc,0.5,992,992,False,False,125509,3,19.75,19.125,0.625,20.125,-0.375
P1303_10017,diag,diag_rank_asc,0.05,99,99,True,False,506,7,18.625,18.0,0.625,18.625,0.0
P1303_10017,diag,diag_rank_asc,0.1,198,198,True,False,506,7,18.625,18.0,0.625,18.625,0.0
P1303_10017,diag,diag_rank_asc,0.2,396,396,True,False,506,8,18.5,18.0,0.5,18.625,-0.125
P1303_10017,diag,diag_rank_asc,0.3,595,595,True,False,506,6,18.625,18.25,0.375,18.625,0.0
P1303_10017,diag,diag_rank_asc,0.5,992,992,True,False,506,5,19.125,18.0,1.125,18.625,0.5
P131_10018,diag,diag_rank_asc,0.05,99,99,True,False,496,2,25.5,7.0625,18.4375,25.375,0.125
P131_10018,diag,diag_rank_asc,0.1,198,198,True,False,496,2,25.5,7.09375,18.40625,25.375,0.125
P131_10018,diag,diag_rank_asc,0.2,396,396,True,False,496,2,25.625,7.3125,18.3125,25.375,0.25
P131_10018,diag,diag_rank_asc,0.3,595,595,True,False,496,2,25.125,7.375,17.75,25.375,-0.25
P131_10018,diag,diag_rank_asc,0.5,992,992,True,False,496,3,23.125,6.1875,16.9375,25.375,-2.25
P131_10045,diag,diag_rank_asc,0.05,99,99,True,False,496,15,19.125,9.75,9.375,19.125,0.0
P131_10045,diag,diag_rank_asc,0.1,198,198,True,False,496,15,19.0,9.6875,9.3125,19.125,-0.125
P131_10045,diag,diag_rank_asc,0.2,396,396,True,False,496,16,19.0,9.8125,9.1875,19.125,-0.125
P131_10045,diag,diag_rank_asc,0.3,595,595,True,False,496,23,18.625,9.9375,8.6875,19.125,-0.5
P131_10045,diag,diag_rank_asc,0.5,992,992,True,False,496,31,17.875,10.75,7.125,19.125,-1.25
P136_10043,diag,diag_rank_asc,0.05,99,99,True,False,618,256,13.6875,17.25,-3.5625,13.625,0.0625
P136_10043,diag,diag_rank_asc,0.1,198,198,True,False,618,262,13.625,17.25,-3.625,13.625,0.0
P136_10043,diag,diag_rank_asc,0.2,396,396,True,False,618,266,13.6875,17.125,-3.4375,13.625,0.0625
P136_10043,diag,diag_rank_asc,0.3,595,595,True,False,618,279,13.4375,16.875,-3.4375,13.625,-0.1875
P136_10043,diag,diag_rank_asc,0.5,992,992,True,False,618,226,13.5625,17.25,-3.6875,13.625,-0.0625
P136_10065,diag,diag_rank_asc,0.05,99,99,True,False,506,21,17.25,15.6875,1.5625,17.375,-0.125
P136_10065,diag,diag_rank_asc,0.1,198,198,True,False,506,22,17.25,15.6875,1.5625,17.375,-0.125
P136_10065,diag,diag_rank_asc,0.2,396,396,True,False,506,20,17.375,15.8125,1.5625,17.375,0.0
P136_10065,diag,diag_rank_asc,0.3,595,595,True,False,506,21,17.5,15.75,1.75,17.375,0.125
P136_10065,diag,diag_rank_asc,0.5,992,992,False,False,496,21,17.5,15.625,1.875,17.375,0.125
P138_10042,diag,diag_rank_asc,0.05,99,99,True,False,506,2,20.875,5.1875,15.6875,20.875,0.0
P138_10042,diag,diag_rank_asc,0.1,198,198,True,False,506,2,20.875,5.15625,15.71875,20.875,0.0
P138_10042,diag,diag_rank_asc,0.2,396,396,True,False,506,2,21.0,5.15625,15.84375,20.875,0.125
P138_10042,diag,diag_rank_asc,0.3,595,595,True,False,506,2,20.625,5.3125,15.3125,20.875,-0.25
P138_10042,diag,diag_rank_asc,0.5,992,992,True,False,506,2,20.375,5.34375,15.03125,20.875,-0.5
P138_1009,diag,diag_rank_asc,0.05,99,99,True,False,506,2,21.5,9.3125,12.1875,21.5,0.0
P138_1009,diag,diag_rank_asc,0.1,198,198,True,False,506,2,21.375,9.25,12.125,21.5,-0.125
P138_1009,diag,diag_rank_asc,0.2,396,396,True,False,506,2,21.25,9.25,12.0,21.5,-0.25
P138_1009,diag,diag_rank_asc,0.3,595,595,True,False,506,2,20.625,9.3125,11.3125,21.5,-0.875
P138_1009,diag,diag_rank_asc,0.5,992,992,True,False,506,3,20.5,9.9375,10.5625,21.5,-1.0
P140_1,diag,diag_rank_asc,0.05,99,99,True,False,496,18,18.375,14.125,4.25,18.25,0.125
P140_1,diag,diag_rank_asc,0.1,198,198,True,False,496,18,18.375,14.1875,4.1875,18.25,0.125
P140_1,diag,diag_rank_asc,0.2,396,396,True,False,496,18,18.375,14.125,4.25,18.25,0.125
P140_1,diag,diag_rank_asc,0.3,595,595,True,False,496,17,18.375,13.9375,4.4375,18.25,0.125
P140_1,diag,diag_rank_asc,0.5,992,992,True,False,496,15,18.5,14.0,4.5,18.25,0.25
P140_100,diag,diag_rank_asc,0.05,99,99,True,True,13623,1,24.0,14.75,9.25,24.0,0.0
P140_100,diag,diag_rank_asc,0.1,198,198,True,True,13623,1,24.0,14.8125,9.1875,24.0,0.0
P140_100,diag,diag_rank_asc,0.2,396,396,True,True,13623,1,24.0,14.875,9.125,24.0,0.0
P140_100,diag,diag_rank_asc,0.3,595,595,True,True,13623,1,23.5,14.25,9.25,24.0,-0.5
P140_100,diag,diag_rank_asc,0.5,992,992,True,True,13623,1,23.875,13.75,10.125,24.0,-0.125
P1412_10009,diag,diag_rank_asc,0.05,99,99,True,False,529,107,13.8125,12.375,1.4375,13.8125,0.0
P1412_10009,diag,diag_rank_asc,0.1,198,198,True,False,529,108,13.8125,12.375,1.4375,13.8125,0.0
P1412_10009,diag,diag_rank_asc,0.2,396,396,True,False,529,95,13.8125,12.5,1.3125,13.8125,0.0
P1412_10009,diag,diag_rank_asc,0.3,595,595,True,False,529,79,14.25,12.75,1.5,13.8125,0.4375
P1412_10009,diag,diag_rank_asc,0.5,992,992,True,False,529,82,14.25,13.1875,1.0625,13.8125,0.4375
P1412_10036,diag,diag_rank_asc,0.05,99,99,True,False,496,43,17.0,14.0625,2.9375,17.0,0.0
P1412_10036,diag,diag_rank_asc,0.1,198,198,True,False,496,42,17.125,14.1875,2.9375,17.0,0.125
P1412_10036,diag,diag_rank_asc,0.2,396,396,True,False,496,42,17.125,14.125,3.0,17.0,0.125
P1412_10036,diag,diag_rank_asc,0.3,595,595,True,False,496,42,17.125,14.125,3.0,17.0,0.125
P1412_10036,diag,diag_rank_asc,0.5,992,992,True,False,496,32,17.5,14.25,3.25,17.0,0.5
P159_1001,diag,diag_rank_asc,0.05,99,99,True,False,206961,3,23.5,7.875,15.625,23.75,-0.25
P159_1001,diag,diag_rank_asc,0.1,198,198,True,False,206961,3,23.625,7.84375,15.78125,23.75,-0.125
P159_1001,diag,diag_rank_asc,0.2,396,396,True,False,206961,3,23.875,7.65625,16.21875,23.75,0.125
P159_1001,diag,diag_rank_asc,0.3,595,595,True,False,206961,3,23.875,7.8125,16.0625,23.75,0.125
P159_1001,diag,diag_rank_asc,0.5,992,992,True,False,206961,2,24.75,8.8125,15.9375,23.75,1.0
P159_10015,diag,diag_rank_asc,0.05,99,99,True,True,19029,1,26.0,17.125,8.875,26.125,-0.125
P159_10015,diag,diag_rank_asc,0.1,198,198,True,True,19029,1,26.0,17.25,8.75,26.125,-0.125
P159_10015,diag,diag_rank_asc,0.2,396,396,True,True,19029,1,26.125,17.375,8.75,26.125,0.0
P159_10015,diag,diag_rank_asc,0.3,595,595,True,True,19029,1,26.125,17.375,8.75,26.125,0.0
P159_10015,diag,diag_rank_asc,0.5,992,992,True,True,19029,1,25.75,17.0,8.75,26.125,-0.375
P17_10005,diag,diag_rank_asc,0.05,99,99,True,False,161967,22,19.875,13.1875,6.6875,19.875,0.0
P17_10005,diag,diag_rank_asc,0.1,198,198,True,False,161967,24,19.75,13.1875,6.5625,19.875,-0.125
P17_10005,diag,diag_rank_asc,0.2,396,396,True,False,161967,23,19.75,12.9375,6.8125,19.875,-0.125
P17_10005,diag,diag_rank_asc,0.3,595,595,True,False,161967,25,19.25,12.875,6.375,19.875,-0.625
P17_10005,diag,diag_rank_asc,0.5,992,992,True,False,161967,23,18.5,11.6875,6.8125,19.875,-1.375
P17_10034,diag,diag_rank_asc,0.05,99,99,True,False,506,40,16.125,14.75,1.375,16.125,0.0
P17_10034,diag,diag_rank_asc,0.1,198,198,True,False,506,40,16.25,14.875,1.375,16.125,0.125
P17_10034,diag,diag_rank_asc,0.2,396,396,True,False,506,39,16.375,14.9375,1.4375,16.125,0.25
P17_10034,diag,diag_rank_asc,0.3,595,595,True,False,506,39,16.375,15.125,1.25,16.125,0.25
P17_10034,diag,diag_rank_asc,0.5,992,992,True,False,506,51,15.625,15.125,0.5,16.125,-0.5
P176_10014,diag,diag_rank_asc,0.05,99,99,True,True,31171,1,23.875,14.0625,9.8125,23.875,0.0
P176_10014,diag,diag_rank_asc,0.1,198,198,True,True,31171,1,23.875,14.0,9.875,23.875,0.0
P176_10014,diag,diag_rank_asc,0.2,396,396,True,True,31171,1,23.75,14.3125,9.4375,23.875,-0.125
P176_10014,diag,diag_rank_asc,0.3,595,595,True,True,31171,1,23.625,14.5,9.125,23.875,-0.25
P176_10014,diag,diag_rank_asc,0.5,992,992,True,True,31171,1,23.25,15.1875,8.0625,23.875,-0.625
P176_10044,diag,diag_rank_asc,0.05,99,99,True,True,31601,1,24.125,15.125,9.0,24.125,0.0
P176_10044,diag,diag_rank_asc,0.1,198,198,True,True,31601,1,24.125,15.1875,8.9375,24.125,0.0
P176_10044,diag,diag_rank_asc,0.2,396,396,True,True,31601,1,24.125,15.0625,9.0625,24.125,0.0
P176_10044,diag,diag_rank_asc,0.3,595,595,True,True,31601,1,24.125,15.125,9.0,24.125,0.0
P176_10044,diag,diag_rank_asc,0.5,992,992,True,True,31601,1,24.375,15.0625,9.3125,24.125,0.25
P178_10019,diag,diag_rank_asc,0.05,99,99,True,True,6475,1,24.5,16.25,8.25,24.5,0.0
P178_10019,diag,diag_rank_asc,0.1,198,198,True,True,6475,1,24.5,16.25,8.25,24.5,0.0
P178_10019,diag,diag_rank_asc,0.2,396,396,True,True,6475,1,24.5,16.25,8.25,24.5,0.0
P178_10019,diag,diag_rank_asc,0.3,595,595,True,True,6475,1,24.375,16.25,8.125,24.5,-0.125
P178_10019,diag,diag_rank_asc,0.5,992,992,True,True,6475,1,24.0,16.25,7.75,24.5,-0.5
P178_10020,diag,diag_rank_asc,0.05,99,99,True,True,9265,1,23.75,15.3125,8.4375,23.75,0.0
P178_10020,diag,diag_rank_asc,0.1,198,198,True,True,9265,1,23.875,15.3125,8.5625,23.75,0.125
P178_10020,diag,diag_rank_asc,0.2,396,396,True,True,9265,1,23.875,15.3125,8.5625,23.75,0.125
P178_10020,diag,diag_rank_asc,0.3,595,595,True,True,9265,1,23.75,15.375,8.375,23.75,0.0
P178_10020,diag,diag_rank_asc,0.5,992,992,True,True,9265,1,23.75,15.8125,7.9375,23.75,0.0
P19_1002,diag,diag_rank_asc,0.05,99,99,True,True,34483,1,32.5,15.875,16.625,32.5,0.0
P19_1002,diag,diag_rank_asc,0.1,198,198,True,True,34483,1,32.25,15.8125,16.4375,32.5,-0.25
P19_1002,diag,diag_rank_asc,0.2,396,396,True,True,34483,1,32.25,15.9375,16.3125,32.5,-0.25
P19_1002,diag,diag_rank_asc,0.3,595,595,True,True,34483,1,31.25,15.6875,15.5625,32.5,-1.25
P19_1002,diag,diag_rank_asc,0.5,992,992,True,True,34483,1,28.625,14.375,14.25,32.5,-3.875
P19_10031,diag,diag_rank_asc,0.05,99,99,True,False,496,5,19.125,12.625,6.5,19.125,0.0
P19_10031,diag,diag_rank_asc,0.1,198,198,True,False,496,5,19.125,12.5,6.625,19.125,0.0
P19_10031,diag,diag_rank_asc,0.2,396,396,True,False,496,6,19.0,12.5625,6.4375,19.125,-0.125
P19_10031,diag,diag_rank_asc,0.3,595,595,True,False,496,5,19.25,12.5,6.75,19.125,0.125
P19_10031,diag,diag_rank_asc,0.5,992,992,False,False,6056,5,20.0,13.1875,6.8125,19.125,0.875
P190_10000,diag,diag_rank_asc,0.05,99,99,True,False,160685,2873,8.5625,8.375,0.1875,8.375,0.1875
P190_10000,diag,diag_rank_asc,0.1,198,198,True,False,160685,3189,8.375,8.1875,0.1875,8.375,0.0
P190_10000,diag,diag_rank_asc,0.2,396,396,True,False,160685,3452,8.25,8.375,-0.125,8.375,-0.125
P190_10000,diag,diag_rank_asc,0.3,595,595,False,False,59397,3690,8.125,8.125,0.0,8.375,-0.25
P190_10000,diag,diag_rank_asc,0.5,992,992,False,False,59397,1988,9.5,8.5625,0.9375,8.375,1.125
P190_10006,diag,diag_rank_asc,0.05,99,99,True,False,496,1097,11.1875,16.75,-5.5625,11.1875,0.0
P190_10006,diag,diag_rank_asc,0.1,198,198,True,False,496,1059,11.25,16.75,-5.5,11.1875,0.0625
P190_10006,diag,diag_rank_asc,0.2,396,396,True,False,496,1029,11.3125,16.625,-5.3125,11.1875,0.125
P190_10006,diag,diag_rank_asc,0.3,595,595,True,False,496,1176,11.0625,16.625,-5.5625,11.1875,-0.125
P190_10006,diag,diag_rank_asc,0.5,992,992,False,False,13706,1072,11.25,16.75,-5.5,11.1875,0.0625
P20_10007,diag,diag_rank_asc,0.05,99,99,True,False,236743,4,20.125,12.375,7.75,20.0,0.125
P20_10007,diag,diag_rank_asc,0.1,198,198,True,False,236743,4,20.0,12.375,7.625,20.0,0.0
P20_10007,diag,diag_rank_asc,0.2,396,396,True,False,236743,5,19.625,12.375,7.25,20.0,-0.375
P20_10007,diag,diag_rank_asc,0.3,595,595,True,False,236743,4,19.625,12.125,7.5,20.0,-0.375
P20_10007,diag,diag_rank_asc,0.5,992,992,True,False,236743,4,18.875,12.25,6.625,20.0,-1.125
P20_1008,diag,diag_rank_asc,0.05,99,99,True,False,1799,9,19.25,13.3125,5.9375,19.25,0.0
P20_1008,diag,diag_rank_asc,0.1,198,198,True,False,1799,6,19.5,13.5,6.0,19.25,0.25
P20_1008,diag,diag_rank_asc,0.2,396,396,True,False,1799,10,18.5,13.125,5.375,19.25,-0.75
P20_1008,diag,diag_rank_asc,0.3,595,595,True,False,1799,11,18.375,13.125,5.25,19.25,-0.875
P20_1008,diag,diag_rank_asc,0.5,992,992,True,False,1799,19,17.25,13.4375,3.8125,19.25,-2.0
P264_1000,diag,diag_rank_asc,0.05,99,99,True,False,13668,3252,9.4375,6.125,3.3125,9.375,0.0625
P264_1000,diag,diag_rank_asc,0.1,198,198,True,False,13668,3095,9.5,6.0625,3.4375,9.375,0.125
P264_1000,diag,diag_rank_asc,0.2,396,396,True,False,13668,3290,9.375,5.9375,3.4375,9.375,0.0
P264_1000,diag,diag_rank_asc,0.3,595,595,True,False,13668,3610,9.375,6.84375,2.53125,9.375,0.0
P264_1000,diag,diag_rank_asc,0.5,992,992,False,False,1492,6326,8.625,8.4375,0.1875,9.375,-0.75
P264_10597,diag,diag_rank_asc,0.05,99,99,True,True,11685,1,21.0,10.5,10.5,21.0,0.0
P264_10597,diag,diag_rank_asc,0.1,198,198,True,True,11685,1,21.125,10.5625,10.5625,21.0,0.125
P264_10597,diag,diag_rank_asc,0.2,396,396,True,True,11685,1,21.125,11.0,10.125,21.0,0.125
P264_10597,diag,diag_rank_asc,0.3,595,595,False,False,148718,3,20.75,10.9375,9.8125,21.0,-0.25
P264_10597,diag,diag_rank_asc,0.5,992,992,False,False,103589,5,19.5,11.0625,8.4375,21.0,-1.5
P27_10002,diag,diag_rank_asc,0.05,99,99,True,True,9405,1,21.25,14.75,6.5,21.25,0.0
P27_10002,diag,diag_rank_asc,0.1,198,198,True,True,9405,1,21.25,14.75,6.5,21.25,0.0
P27_10002,diag,diag_rank_asc,0.2,396,396,True,True,9405,1,21.375,14.75,6.625,21.25,0.125
P27_10002,diag,diag_rank_asc,0.3,595,595,True,True,9405,1,21.375,15.0,6.375,21.25,0.125
P27_10002,diag,diag_rank_asc,0.5,992,992,True,True,9405,1,21.625,15.4375,6.1875,21.25,0.375
P27_10008,diag,diag_rank_asc,0.05,99,99,True,True,11702,1,21.625,17.375,4.25,21.625,0.0
P27_10008,diag,diag_rank_asc,0.1,198,198,True,True,11702,1,21.625,17.375,4.25,21.625,0.0
P27_10008,diag,diag_rank_asc,0.2,396,396,True,True,11702,1,21.625,17.25,4.375,21.625,0.0
P27_10008,diag,diag_rank_asc,0.3,595,595,True,True,11702,1,21.625,17.375,4.25,21.625,0.0
P27_10008,diag,diag_rank_asc,0.5,992,992,True,True,11702,1,21.375,17.75,3.625,21.625,-0.25
P276_10021,diag,diag_rank_asc,0.05,99,99,True,False,506,3319,9.125,5.21875,3.90625,8.9375,0.1875
P276_10021,diag,diag_rank_asc,0.1,198,198,True,False,506,3652,8.9375,5.125,3.8125,8.9375,0.0
P276_10021,diag,diag_rank_asc,0.2,396,396,True,False,506,3073,9.25,5.1875,4.0625,8.9375,0.3125
P276_10021,diag,diag_rank_asc,0.3,595,595,True,False,506,2971,9.375,5.625,3.75,8.9375,0.4375
P276_10021,diag,diag_rank_asc,0.5,992,992,True,False,506,2513,9.5,5.6875,3.8125,8.9375,0.5625
P276_10062,diag,diag_rank_asc,0.05,99,99,True,False,9460,258,14.375,6.40625,7.96875,14.25,0.125
P276_10062,diag,diag_rank_asc,0.1,198,198,True,False,9460,265,14.25,6.375,7.875,14.25,0.0
P276_10062,diag,diag_rank_asc,0.2,396,396,True,False,9460,291,14.0625,6.3125,7.75,14.25,-0.1875
P276_10062,diag,diag_rank_asc,0.3,595,595,True,False,9460,308,14.125,6.25,7.875,14.25,-0.125
P276_10062,diag,diag_rank_asc,0.5,992,992,False,False,711,260,14.1875,5.5625,8.625,14.25,-0.0625
P30_10003,diag,diag_rank_asc,0.05,99,99,True,False,506,208,15.0625,11.6875,3.375,15.0625,0.0
P30_10003,diag,diag_rank_asc,0.1,198,198,True,False,506,214,15.0,11.75,3.25,15.0625,-0.0625
P30_10003,diag,diag_rank_asc,0.2,396,396,True,False,506,267,14.625,11.8125,2.8125,15.0625,-0.4375
P30_10003,diag,diag_rank_asc,0.3,595,595,True,False,506,212,14.8125,12.125,2.6875,15.0625,-0.25
P30_10003,diag,diag_rank_asc,0.5,992,992,True,False,506,82,15.5625,13.375,2.1875,15.0625,0.5
P30_10028,diag,diag_rank_asc,0.05,99,99,True,True,96919,1,25.75,14.4375,11.3125,25.875,-0.125
P30_10028,diag,diag_rank_asc,0.1,198,198,True,True,96919,1,25.875,14.5625,11.3125,25.875,0.0
P30_10028,diag,diag_rank_asc,0.2,396,396,True,True,96919,1,25.875,14.5,11.375,25.875,0.0
P30_10028,diag,diag_rank_asc,0.3,595,595,True,True,96919,1,26.125,14.625,11.5,25.875,0.25
P30_10028,diag,diag_rank_asc,0.5,992,992,True,True,96919,1,25.75,14.875,10.875,25.875,-0.125
P36_10035,diag,diag_rank_asc,0.05,99,99,True,False,496,3,21.375,9.875,11.5,21.375,0.0
P36_10035,diag,diag_rank_asc,0.1,198,198,True,False,496,2,21.5,9.9375,11.5625,21.375,0.125
P36_10035,diag,diag_rank_asc,0.2,396,396,True,False,496,3,21.375,9.8125,11.5625,21.375,0.0
P36_10035,diag,diag_rank_asc,0.3,595,595,True,False,496,3,21.5,9.875,11.625,21.375,0.125
P36_10035,diag,diag_rank_asc,0.5,992,992,True,False,496,2,21.875,9.8125,12.0625,21.375,0.5
P36_10369,diag,diag_rank_asc,0.05,99,99,True,True,9079,1,21.875,11.8125,10.0625,21.875,0.0
P36_10369,diag,diag_rank_asc,0.1,198,198,True,True,9079,1,21.875,11.75,10.125,21.875,0.0
P36_10369,diag,diag_rank_asc,0.2,396,396,True,True,9079,1,21.875,11.6875,10.1875,21.875,0.0
P36_10369,diag,diag_rank_asc,0.3,595,595,True,True,9079,1,22.625,12.1875,10.4375,21.875,0.75
P36_10369,diag,diag_rank_asc,0.5,992,992,True,True,9079,1,22.375,13.0625,9.3125,21.875,0.5
P364_10013,diag,diag_rank_asc,0.05,99,99,True,False,496,2,19.375,17.25,2.125,19.375,0.0
P364_10013,diag,diag_rank_asc,0.1,198,198,True,False,496,2,19.375,17.25,2.125,19.375,0.0
P364_10013,diag,diag_rank_asc,0.2,396,396,True,False,496,2,19.375,17.375,2.0,19.375,0.0
P364_10013,diag,diag_rank_asc,0.3,595,595,True,False,496,2,19.25,17.25,2.0,19.375,-0.125
P364_10013,diag,diag_rank_asc,0.5,992,992,True,False,496,4,18.875,16.75,2.125,19.375,-0.5
P364_10039,diag,diag_rank_asc,0.05,99,99,True,False,496,14,18.375,16.375,2.0,18.375,0.0
P364_10039,diag,diag_rank_asc,0.1,198,198,True,False,496,14,18.5,16.375,2.125,18.375,0.125
P364_10039,diag,diag_rank_asc,0.2,396,396,True,False,496,16,18.375,16.25,2.125,18.375,0.0
P364_10039,diag,diag_rank_asc,0.3,595,595,True,False,496,14,18.5,16.25,2.25,18.375,0.125
P364_10039,diag,diag_rank_asc,0.5,992,992,True,False,496,15,17.75,17.0,0.75,18.375,-0.625
P37_10078,diag,diag_rank_asc,0.05,99,99,True,False,14873,2,21.0,5.03125,15.96875,21.0,0.0
P37_10078,diag,diag_rank_asc,0.1,198,198,True,False,14873,2,21.0,5.0625,15.9375,21.0,0.0
P37_10078,diag,diag_rank_asc,0.2,396,396,True,False,14873,2,21.25,5.03125,16.21875,21.0,0.25
P37_10078,diag,diag_rank_asc,0.3,595,595,True,False,14873,2,21.25,5.3125,15.9375,21.0,0.25
P37_10078,diag,diag_rank_asc,0.5,992,992,True,False,14873,3,20.375,4.90625,15.46875,21.0,-0.625
P37_10134,diag,diag_rank_asc,0.05,99,99,True,False,1705,5,20.875,8.375,12.5,20.875,0.0
P37_10134,diag,diag_rank_asc,0.1,198,198,True,False,1705,5,20.75,8.375,12.375,20.875,-0.125
P37_10134,diag,diag_rank_asc,0.2,396,396,True,False,1705,5,20.75,8.5,12.25,20.875,-0.125
P37_10134,diag,diag_rank_asc,0.3,595,595,True,False,1705,5,20.875,8.3125,12.5625,20.875,0.0
P37_10134,diag,diag_rank_asc,0.5,992,992,True,False,1705,2,21.0,8.5625,12.4375,20.875,0.125
P39_10010,diag,diag_rank_asc,0.05,99,99,True,False,52291,40,19.0,13.0625,5.9375,19.125,-0.125
P39_10010,diag,diag_rank_asc,0.1,198,198,True,False,52291,37,19.125,13.1875,5.9375,19.125,0.0
P39_10010,diag,diag_rank_asc,0.2,396,396,True,False,52291,41,18.875,13.3125,5.5625,19.125,-0.25
P39_10010,diag,diag_rank_asc,0.3,595,595,True,False,52291,37,18.375,13.125,5.25,19.125,-0.75
P39_10010,diag,diag_rank_asc,0.5,992,992,True,False,52291,30,18.625,13.1875,5.4375,19.125,-0.5
P39_10025,diag,diag_rank_asc,0.05,99,99,True,False,31873,3,21.125,9.9375,11.1875,21.125,0.0
P39_10025,diag,diag_rank_asc,0.1,198,198,True,False,31873,3,20.875,10.0,10.875,21.125,-0.25
P39_10025,diag,diag_rank_asc,0.2,396,396,True,False,31873,3,21.125,10.0625,11.0625,21.125,0.0
P39_10025,diag,diag_rank_asc,0.3,595,595,True,False,31873,3,21.125,10.9375,10.1875,21.125,0.0
P39_10025,diag,diag_rank_asc,0.5,992,992,True,False,31873,7,19.125,11.1875,7.9375,21.125,-2.0
P407_10033,diag,diag_rank_asc,0.05,99,99,True,False,3622,399,14.1875,12.125,2.0625,14.125,0.0625
P407_10033,diag,diag_rank_asc,0.1,198,198,True,False,3622,402,14.1875,12.1875,2.0,14.125,0.0625
P407_10033,diag,diag_rank_asc,0.2,396,396,True,False,3622,402,14.125,12.1875,1.9375,14.125,0.0
P407_10033,diag,diag_rank_asc,0.3,595,595,True,False,3622,348,14.3125,12.125,2.1875,14.125,0.1875
P407_10033,diag,diag_rank_asc,0.5,992,992,True,False,3622,296,14.625,13.1875,1.4375,14.125,0.5
P407_10082,diag,diag_rank_asc,0.05,99,99,True,False,496,5,20.0,13.375,6.625,20.125,-0.125
P407_10082,diag,diag_rank_asc,0.1,198,198,True,False,496,5,20.0,13.3125,6.6875,20.125,-0.125
P407_10082,diag,diag_rank_asc,0.2,396,396,True,False,496,5,19.875,13.125,6.75,20.125,-0.25
P407_10082,diag,diag_rank_asc,0.3,595,595,True,False,496,4,20.25,13.5625,6.6875,20.125,0.125
P407_10082,diag,diag_rank_asc,0.5,992,992,True,False,496,2,21.75,13.625,8.125,20.125,1.625
P413_10029,diag,diag_rank_asc,0.05,99,99,True,False,529,15,17.125,13.0,4.125,17.125,0.0
P413_10029,diag,diag_rank_asc,0.1,198,198,True,False,529,18,17.0,13.0,4.0,17.125,-0.125
P413_10029,diag,diag_rank_asc,0.2,396,396,True,False,529,13,17.25,13.375,3.875,17.125,0.125
P413_10029,diag,diag_rank_asc,0.3,595,595,True,False,529,11,17.5,13.25,4.25,17.125,0.375
P413_10029,diag,diag_rank_asc,0.5,992,992,True,False,529,11,17.375,14.25,3.125,17.125,0.25
P413_1006,diag,diag_rank_asc,0.05,99,99,True,True,95534,1,21.125,18.75,2.375,21.125,0.0
P413_1006,diag,diag_rank_asc,0.1,198,198,True,True,95534,1,21.25,18.75,2.5,21.125,0.125
P413_1006,diag,diag_rank_asc,0.2,396,396,True,True,95534,1,21.25,18.625,2.625,21.125,0.125
P413_1006,diag,diag_rank_asc,0.3,595,595,True,True,95534,1,21.125,18.75,2.375,21.125,0.0
P413_1006,diag,diag_rank_asc,0.5,992,992,True,True,95534,1,19.875,17.75,2.125,21.125,-1.25
P449_10023,diag,diag_rank_asc,0.05,99,99,True,False,6243,445,11.125,11.0625,0.0625,11.1875,-0.0625
P449_10023,diag,diag_rank_asc,0.1,198,198,True,False,6243,469,11.0625,11.0625,0.0,11.1875,-0.125
P449_10023,diag,diag_rank_asc,0.2,396,396,True,False,6243,393,11.375,11.1875,0.1875,11.1875,0.1875
P449_10023,diag,diag_rank_asc,0.3,595,595,True,False,6243,377,11.4375,11.125,0.3125,11.1875,0.25
P449_10023,diag,diag_rank_asc,0.5,992,992,True,False,6243,214,12.5,12.1875,0.3125,11.1875,1.3125
P449_10104,diag,diag_rank_asc,0.05,99,99,True,False,19047,41,18.0,18.75,-0.75,18.0,0.0
P449_10104,diag,diag_rank_asc,0.1,198,198,True,False,19047,40,18.0,18.75,-0.75,18.0,0.0
P449_10104,diag,diag_rank_asc,0.2,396,396,True,False,19047,45,17.75,18.625,-0.875,18.0,-0.25
P449_10104,diag,diag_rank_asc,0.3,595,595,True,False,19047,46,17.875,18.75,-0.875,18.0,-0.125
P449_10104,diag,diag_rank_asc,0.5,992,992,True,False,19047,36,17.75,18.75,-1.0,18.0,-0.25
P463_10050,diag,diag_rank_asc,0.05,99,99,True,True,47652,1,22.375,5.5625,16.8125,22.5,-0.125
P463_10050,diag,diag_rank_asc,0.1,198,198,True,True,47652,1,22.375,5.53125,16.84375,22.5,-0.125
P463_10050,diag,diag_rank_asc,0.2,396,396,True,True,47652,1,22.5,5.5625,16.9375,22.5,0.0
P463_10050,diag,diag_rank_asc,0.3,595,595,True,True,47652,1,22.625,5.875,16.75,22.5,0.125
P463_10050,diag,diag_rank_asc,0.5,992,992,True,True,47652,1,22.875,6.90625,15.96875,22.5,0.375
P463_10121,diag,diag_rank_asc,0.05,99,99,True,False,14809,2,25.0,8.3125,16.6875,25.0,0.0
P463_10121,diag,diag_rank_asc,0.1,198,198,True,False,14809,2,24.875,8.3125,16.5625,25.0,-0.125
P463_10121,diag,diag_rank_asc,0.2,396,396,True,False,14809,2,24.75,8.1875,16.5625,25.0,-0.25
P463_10121,diag,diag_rank_asc,0.3,595,595,True,False,14809,2,24.875,8.0,16.875,25.0,-0.125
P463_10121,diag,diag_rank_asc,0.5,992,992,True,False,14809,2,22.875,7.3125,15.5625,25.0,-2.125
P495_10012,diag,diag_rank_asc,0.05,99,99,True,False,506,3,21.125,12.75,8.375,21.125,0.0
P495_10012,diag,diag_rank_asc,0.1,198,198,True,False,506,3,21.125,12.75,8.375,21.125,0.0
P495_10012,diag,diag_rank_asc,0.2,396,396,True,False,506,4,21.0,12.875,8.125,21.125,-0.125
P495_10012,diag,diag_rank_asc,0.3,595,595,True,False,506,3,20.875,12.875,8.0,21.125,-0.25
P495_10012,diag,diag_rank_asc,0.5,992,992,True,False,506,2,20.875,13.6875,7.1875,21.125,-0.25
P495_1003,diag,diag_rank_asc,0.05,99,99,True,False,236743,9,18.125,14.25,3.875,18.0,0.125
P495_1003,diag,diag_rank_asc,0.1,198,198,True,False,236743,10,18.0,14.25,3.75,18.0,0.0
P495_1003,diag,diag_rank_asc,0.2,396,396,True,False,236743,9,18.125,14.0,4.125,18.0,0.125
P495_1003,diag,diag_rank_asc,0.3,595,595,True,False,236743,7,18.125,14.0,4.125,18.0,0.125
P495_1003,diag,diag_rank_asc,0.5,992,992,True,False,236743,10,18.125,14.75,3.375,18.0,0.125
P641_10047,diag,diag_rank_asc,0.05,99,99,True,True,21637,1,24.75,19.75,5.0,24.875,-0.125
P641_10047,diag,diag_rank_asc,0.1,198,198,True,True,21637,1,24.75,19.875,4.875,24.875,-0.125
P641_10047,diag,diag_rank_asc,0.2,396,396,True,True,21637,1,24.75,19.875,4.875,24.875,-0.125
P641_10047,diag,diag_rank_asc,0.3,595,595,True,True,21637,1,24.875,20.0,4.875,24.875,0.0
P641_10047,diag,diag_rank_asc,0.5,992,992,True,True,21637,1,24.75,19.875,4.875,24.875,-0.125
P641_10270,diag,diag_rank_asc,0.05,99,99,True,False,529,10,17.375,15.5,1.875,17.375,0.0
P641_10270,diag,diag_rank_asc,0.1,198,198,True,False,529,11,17.25,15.4375,1.8125,17.375,-0.125
P641_10270,diag,diag_rank_asc,0.2,396,396,True,False,529,8,17.625,15.8125,1.8125,17.375,0.25
P641_10270,diag,diag_rank_asc,0.3,595,595,True,False,529,7,17.75,15.75,2.0,17.375,0.375
P641_10270,diag,diag_rank_asc,0.5,992,992,True,False,529,6,17.5,15.1875,2.3125,17.375,0.125
P740_10016,diag,diag_rank_asc,0.05,99,99,True,False,236743,2,25.625,12.25,13.375,25.625,0.0
P740_10016,diag,diag_rank_asc,0.1,198,198,True,False,236743,2,25.5,12.25,13.25,25.625,-0.125
P740_10016,diag,diag_rank_asc,0.2,396,396,True,False,236743,2,25.75,12.3125,13.4375,25.625,0.125
P740_10016,diag,diag_rank_asc,0.3,595,595,True,False,236743,2,25.5,12.4375,13.0625,25.625,-0.125
P740_10016,diag,diag_rank_asc,0.5,992,992,True,False,236743,2,25.125,13.1875,11.9375,25.625,-0.5
P740_10054,diag,diag_rank_asc,0.05,99,99,True,False,236743,5,17.5,12.3125,5.1875,17.625,-0.125
P740_10054,diag,diag_rank_asc,0.1,198,198,True,False,236743,5,17.5,12.3125,5.1875,17.625,-0.125
P740_10054,diag,diag_rank_asc,0.2,396,396,True,False,236743,4,17.75,12.5,5.25,17.625,0.125
P740_10054,diag,diag_rank_asc,0.3,595,595,True,False,236743,5,17.625,12.25,5.375,17.625,0.0
P740_10054,diag,diag_rank_asc,0.5,992,992,True,False,236743,4,18.0,11.125,6.875,17.625,0.375
P937_10004,diag,diag_rank_asc,0.05,99,99,True,False,506,10,18.875,18.75,0.125,18.75,0.125
P937_10004,diag,diag_rank_asc,0.1,198,198,True,False,506,9,18.875,18.75,0.125,18.75,0.125
P937_10004,diag,diag_rank_asc,0.2,396,396,True,False,506,10,19.0,18.875,0.125,18.75,0.25
P937_10004,diag,diag_rank_asc,0.3,595,595,True,False,506,10,18.75,18.625,0.125,18.75,0.0
P937_10004,diag,diag_rank_asc,0.5,992,992,True,False,506,16,18.375,18.625,-0.25,18.75,-0.375
P937_10060,diag,diag_rank_asc,0.05,99,99,True,False,506,24,16.875,16.75,0.125,16.875,0.0
P937_10060,diag,diag_rank_asc,0.1,198,198,True,False,506,23,16.875,16.75,0.125,16.875,0.0
P937_10060,diag,diag_rank_asc,0.2,396,396,True,False,506,25,16.875,16.75,0.125,16.875,0.0
P937_10060,diag,diag_rank_asc,0.3,595,595,True,False,506,23,16.875,16.875,0.0,16.875,0.0
P937_10060,diag,diag_rank_asc,0.5,992,992,True,False,506,12,17.125,17.0,0.125,16.875,0.25
