group,ratio,crel_pair,pair_id,attr_dim,tgt_tok,argmax_clean,argmax_patched,is_correct_clean,is_correct_patched,is_argmax_flip,target_logit_delta_signed,source_logit_delta_signed
hihp_imp_desc,0.05,SAME-OPP,pair0,P,14265,14265,46878,1,0,1,-13.90625,9.78125
hihp_imp_desc,0.05,SAME-OPP,pair0,Q,6485,6485,4382,1,0,1,-8.703125,6.5859375
hihp_imp_desc,0.05,SAME-OPP,pair1,P,14265,14265,46878,1,0,1,-8.7890625,6.81640625
hihp_imp_desc,0.05,SAME-OPP,pair1,Q,6485,6485,4382,1,0,1,-4.234375,4.328125
hihp_imp_desc,0.05,SAME-OPP,pair2,P,14265,14265,46878,1,0,1,-10.40625,9.65625
hihp_imp_desc,0.05,SAME-OPP,pair2,Q,6485,6485,4382,1,0,1,-7.26171875,4.703125
hihp_imp_desc,0.05,SAME-OPP,pair3,P,14265,14265,46878,1,0,1,-10.8125,9.046875
hihp_imp_desc,0.05,SAME-OPP,pair3,Q,6485,6485,4382,1,0,1,-6.47265625,5.078125
hihp_imp_desc,0.05,SAME-OPP,pair4,P,14265,14265,46878,1,0,1,-12.5625,6.3203125
hihp_imp_desc,0.05,SAME-OPP,pair4,Q,6485,6485,4382,1,0,1,-7.27734375,3.640625
hihp_imp_desc,0.05,SAME-OPP,pair5,P,14265,14265,46878,1,0,1,-13.09375,8.6015625
hihp_imp_desc,0.05,SAME-OPP,pair5,Q,6485,6485,4382,1,0,1,-7.2822265625,4.96875
hihp_imp_desc,0.05,SAME-OPP,pair6,P,14265,14265,46878,1,0,1,-14.125,7.69140625
hihp_imp_desc,0.05,SAME-OPP,pair6,Q,6485,6485,4382,1,0,1,-7.1328125,5.9375
hihp_imp_desc,0.05,SAME-OPP,pair7,P,14265,14265,46878,1,0,1,-10.84375,8.2578125
hihp_imp_desc,0.05,SAME-OPP,pair7,Q,6485,6485,4382,1,0,1,-5.71484375,5.390625
hihp_imp_desc,0.05,SAME-OPP,pair8,P,14265,14265,46878,1,0,1,-15.0625,9.140625
hihp_imp_desc,0.05,SAME-OPP,pair8,Q,6485,6485,4382,1,0,1,-8.09375,6.609375
hihp_imp_desc,0.05,SAME-OPP,pair9,P,14265,14265,46878,1,0,1,-12.15625,8.94140625
hihp_imp_desc,0.05,SAME-OPP,pair9,Q,6485,6485,4382,1,0,1,-7.056640625,7.6142578125
hihp_imp_desc,0.05,SAME-MORE,pair0,P,14265,14265,46878,1,0,1,-3.859375,6.65625
hihp_imp_desc,0.05,SAME-MORE,pair0,Q,6485,6485,4382,1,0,1,-1.75,4.85516357421875
hihp_imp_desc,0.05,SAME-MORE,pair1,P,14265,14265,46878,1,0,1,-1.96875,6.734375
hihp_imp_desc,0.05,SAME-MORE,pair1,Q,6485,6485,6485,1,1,0,-0.03125,3.9609375
hihp_imp_desc,0.05,SAME-MORE,pair2,P,14265,14265,14265,1,1,0,-1.125,6.0625
hihp_imp_desc,0.05,SAME-MORE,pair2,Q,6485,6485,4382,1,0,1,-0.9375,2.42578125
hihp_imp_desc,0.05,SAME-MORE,pair3,P,14265,14265,46878,1,0,1,-2.78125,3.18359375
hihp_imp_desc,0.05,SAME-MORE,pair3,Q,6485,6485,6485,1,1,0,-0.78125,2.173828125
hihp_imp_desc,0.05,SAME-MORE,pair4,P,14265,14265,46878,1,0,1,-3.1875,5.0703125
hihp_imp_desc,0.05,SAME-MORE,pair4,Q,6485,6485,4382,1,0,1,-1.09375,2.14453125
hihp_imp_desc,0.05,SAME-MORE,pair5,P,14265,14265,46878,1,0,1,-3.40625,7.59375
hihp_imp_desc,0.05,SAME-MORE,pair5,Q,6485,6485,4382,1,0,1,-1.15625,3.66741943359375
hihp_imp_desc,0.05,SAME-MORE,pair6,P,14265,14265,46878,1,0,1,-3.6875,6.1015625
hihp_imp_desc,0.05,SAME-MORE,pair6,Q,6485,6485,6485,1,1,0,-1.15625,4.5234375
hihp_imp_desc,0.05,SAME-MORE,pair7,P,14265,14265,46878,1,0,1,-3.921875,7.296875
hihp_imp_desc,0.05,SAME-MORE,pair7,Q,6485,6485,4382,1,0,1,-1.125,5.484375
hihp_imp_desc,0.05,SAME-MORE,pair8,P,14265,14265,46878,1,0,1,-2.59375,7.1328125
hihp_imp_desc,0.05,SAME-MORE,pair8,Q,6485,6485,4382,1,0,1,-1.21875,6.673095703125
hihp_imp_desc,0.05,SAME-MORE,pair9,P,14265,14265,46878,1,0,1,-2.03125,5.890625
hihp_imp_desc,0.05,SAME-MORE,pair9,Q,6485,6485,6485,1,1,0,-0.71875,3.65234375
hihp_imp_desc,0.05,SAME-LESS,pair0,P,14265,14265,14265,1,1,0,-0.90625,0.984375
hihp_imp_desc,0.05,SAME-LESS,pair0,Q,6485,6485,6485,1,1,0,-0.625,0.08984375
hihp_imp_desc,0.05,SAME-LESS,pair1,P,14265,14265,14265,1,1,0,-0.375,1.6015625
hihp_imp_desc,0.05,SAME-LESS,pair1,Q,6485,6485,6485,1,1,0,-0.03125,0.46875
hihp_imp_desc,0.05,SAME-LESS,pair2,P,14265,14265,14265,1,1,0,-0.3125,3.15625
hihp_imp_desc,0.05,SAME-LESS,pair2,Q,6485,6485,6485,1,1,0,-0.28125,0.2744140625
hihp_imp_desc,0.05,SAME-LESS,pair3,P,14265,14265,14265,1,1,0,-0.71875,-0.578125
hihp_imp_desc,0.05,SAME-LESS,pair3,Q,6485,6485,6485,1,1,0,-0.375,-0.15771484375
hihp_imp_desc,0.05,SAME-LESS,pair4,P,14265,14265,14265,1,1,0,-0.4375,-1.078125
hihp_imp_desc,0.05,SAME-LESS,pair4,Q,6485,6485,6485,1,1,0,-0.625,-0.65625
hihp_imp_desc,0.05,SAME-LESS,pair5,P,14265,14265,14265,1,1,0,-0.53125,6.6875
hihp_imp_desc,0.05,SAME-LESS,pair5,Q,6485,6485,6485,1,1,0,-0.4375,2.890625
hihp_imp_desc,0.05,SAME-LESS,pair6,P,14265,14265,14265,1,1,0,-0.4375,3.17578125
hihp_imp_desc,0.05,SAME-LESS,pair6,Q,6485,6485,6485,1,1,0,-0.5625,0.8359375
hihp_imp_desc,0.05,SAME-LESS,pair7,P,14265,14265,14265,1,1,0,-0.5,0.640625
hihp_imp_desc,0.05,SAME-LESS,pair7,Q,6485,6485,6485,1,1,0,-0.1875,-0.3828125
hihp_imp_desc,0.05,SAME-LESS,pair8,P,14265,14265,14265,1,1,0,-0.40625,3.71875
hihp_imp_desc,0.05,SAME-LESS,pair8,Q,6485,6485,6485,1,1,0,-0.59375,0.78515625
hihp_imp_desc,0.05,SAME-LESS,pair9,P,14265,14265,14265,1,1,0,-0.40625,2.359375
hihp_imp_desc,0.05,SAME-LESS,pair9,Q,6485,6485,6485,1,1,0,-0.0625,0.140625
hihp_imp_desc,0.05,OPP-MORE,pair0,P,46878,46878,46878,1,1,0,-0.25,5.421875
hihp_imp_desc,0.05,OPP-MORE,pair0,Q,4382,4382,4382,1,1,0,-0.40625,10.296875
hihp_imp_desc,0.05,OPP-MORE,pair1,P,46878,46878,46878,1,1,0,-0.5625,7.484375
hihp_imp_desc,0.05,OPP-MORE,pair1,Q,4382,4382,4382,1,1,0,-0.78125,6.203125
hihp_imp_desc,0.05,OPP-MORE,pair2,P,46878,46878,46878,1,1,0,-0.3125,10.78515625
hihp_imp_desc,0.05,OPP-MORE,pair2,Q,4382,4382,4382,1,1,0,-0.53125,7.2734375
hihp_imp_desc,0.05,OPP-MORE,pair3,P,46878,46878,46878,1,1,0,-0.5,8.203125
hihp_imp_desc,0.05,OPP-MORE,pair3,Q,4382,4382,4382,1,1,0,-0.78125,5.8359375
hihp_imp_desc,0.05,OPP-MORE,pair4,P,46878,46878,46878,1,1,0,0.0625,12.455078125
hihp_imp_desc,0.05,OPP-MORE,pair4,Q,4382,4382,4382,1,1,0,-0.0625,10.265625
hihp_imp_desc,0.05,OPP-MORE,pair5,P,46878,46878,46878,1,1,0,0.0,10.359375
hihp_imp_desc,0.05,OPP-MORE,pair5,Q,4382,4382,4382,1,1,0,-0.25,10.859375
hihp_imp_desc,0.05,OPP-MORE,pair6,P,46878,46878,46878,1,1,0,0.53125,8.5390625
hihp_imp_desc,0.05,OPP-MORE,pair6,Q,4382,4382,4382,1,1,0,-0.21875,7.734375
hihp_imp_desc,0.05,OPP-MORE,pair7,P,46878,46878,46878,1,1,0,0.15625,8.578125
hihp_imp_desc,0.05,OPP-MORE,pair7,Q,4382,4382,4382,1,1,0,-0.5625,8.5625
hihp_imp_desc,0.05,OPP-MORE,pair8,P,46878,46878,46878,1,1,0,0.21875,10.0625
hihp_imp_desc,0.05,OPP-MORE,pair8,Q,4382,4382,4382,1,1,0,-0.0625,9.515625
hihp_imp_desc,0.05,OPP-MORE,pair9,P,46878,46878,46878,1,1,0,0.125,8.771484375
hihp_imp_desc,0.05,OPP-MORE,pair9,Q,4382,4382,4382,1,1,0,-0.90625,7.6015625
hihp_imp_desc,0.05,OPP-LESS,pair0,P,46878,46878,14265,1,0,1,-3.25,7.25
hihp_imp_desc,0.05,OPP-LESS,pair0,Q,4382,4382,6485,1,0,1,-6.0390625,14.0625
hihp_imp_desc,0.05,OPP-LESS,pair1,P,46878,46878,14265,1,0,1,-3.703125,3.234375
hihp_imp_desc,0.05,OPP-LESS,pair1,Q,4382,4382,6485,1,0,1,-3.203125,3.7890625
hihp_imp_desc,0.05,OPP-LESS,pair2,P,46878,46878,14265,1,0,1,-4.59375,6.53125
hihp_imp_desc,0.05,OPP-LESS,pair2,Q,4382,4382,6485,1,0,1,-4.0,11.23046875
hihp_imp_desc,0.05,OPP-LESS,pair3,P,46878,46878,14265,1,0,1,-2.921875,7.171875
hihp_imp_desc,0.05,OPP-LESS,pair3,Q,4382,4382,6485,1,0,1,-3.53125,10.84375
hihp_imp_desc,0.05,OPP-LESS,pair4,P,46878,46878,14265,1,0,1,-3.734375,3.625
hihp_imp_desc,0.05,OPP-LESS,pair4,Q,4382,4382,6485,1,0,1,-3.9375,12.2734375
hihp_imp_desc,0.05,OPP-LESS,pair5,P,46878,46878,14265,1,0,1,-2.1875,5.5625
hihp_imp_desc,0.05,OPP-LESS,pair5,Q,4382,4382,6485,1,0,1,-3.09375,16.078125
hihp_imp_desc,0.05,OPP-LESS,pair6,P,46878,46878,14265,1,0,1,-2.25,8.625
hihp_imp_desc,0.05,OPP-LESS,pair6,Q,4382,4382,6485,1,0,1,-4.34375,14.326171875
hihp_imp_desc,0.05,OPP-LESS,pair7,P,46878,46878,14265,1,0,1,-3.34375,6.875
hihp_imp_desc,0.05,OPP-LESS,pair7,Q,4382,4382,6485,1,0,1,-4.84375,12.84375
hihp_imp_desc,0.05,OPP-LESS,pair8,P,46878,46878,14265,1,0,1,-4.6015625,10.15625
hihp_imp_desc,0.05,OPP-LESS,pair8,Q,4382,4382,6485,1,0,1,-5.28125,10.125
hihp_imp_desc,0.05,OPP-LESS,pair9,P,46878,46878,14265,1,0,1,-2.15625,7.359375
hihp_imp_desc,0.05,OPP-LESS,pair9,Q,4382,4382,6485,1,0,1,-3.796875,8.3984375
hihp_imp_desc,0.05,MORE-LESS,pair0,P,2834,2834,2834,1,1,0,-1.4375,7.75
hihp_imp_desc,0.05,MORE-LESS,pair0,Q,2834,2834,17761,1,0,1,-2.84375,8.796875
hihp_imp_desc,0.05,MORE-LESS,pair1,P,20120,20120,14733,1,0,1,-2.78125,3.703125
hihp_imp_desc,0.05,MORE-LESS,pair1,Q,20120,20120,14733,1,0,1,-2.5625,5.5
hihp_imp_desc,0.05,MORE-LESS,pair2,P,32732,32732,12903,1,0,1,-3.78125,1.8125
hihp_imp_desc,0.05,MORE-LESS,pair2,Q,32732,32732,12903,1,0,1,-5.078125,2.65625
hihp_imp_desc,0.05,MORE-LESS,pair3,P,3566,3566,5609,1,0,1,-2.03125,3.171875
hihp_imp_desc,0.05,MORE-LESS,pair3,Q,3566,3566,5609,1,0,1,-2.375,5.578125
hihp_imp_desc,0.05,MORE-LESS,pair4,P,28953,28953,63511,1,0,1,-4.03125,3.625
hihp_imp_desc,0.05,MORE-LESS,pair4,Q,28953,28953,63511,1,0,1,-2.875,8.521484375
hihp_imp_desc,0.05,MORE-LESS,pair5,P,4353,4353,66517,1,0,1,-2.65625,3.65625
hihp_imp_desc,0.05,MORE-LESS,pair5,Q,4353,4353,66517,1,0,1,-3.1875,4.765625
hihp_imp_desc,0.05,MORE-LESS,pair6,P,44585,44585,26317,1,0,1,-4.3125,2.15625
hihp_imp_desc,0.05,MORE-LESS,pair6,Q,44585,44585,26317,1,0,1,-4.984375,4.4375
hihp_imp_desc,0.05,MORE-LESS,pair7,P,17580,17580,4353,1,0,1,-2.3125,3.203125
hihp_imp_desc,0.05,MORE-LESS,pair7,Q,17580,17580,4353,1,0,1,-3.65625,3.9375
hihp_imp_desc,0.05,MORE-LESS,pair8,P,59380,59380,35092,1,0,1,-5.9609375,2.21875
hihp_imp_desc,0.05,MORE-LESS,pair8,Q,59380,59380,35092,1,0,1,-6.09375,3.0
hihp_imp_desc,0.05,MORE-LESS,pair9,P,45549,45549,4371,1,0,1,-2.4375,1.84375
hihp_imp_desc,0.05,MORE-LESS,pair9,Q,45549,45549,4371,1,0,1,-3.65625,2.96875
hihp_imp_desc,0.1,SAME-OPP,pair0,P,14265,14265,46878,1,0,1,-14.59375,9.65625
hihp_imp_desc,0.1,SAME-OPP,pair0,Q,6485,6485,4382,1,0,1,-9.2734375,6.5859375
hihp_imp_desc,0.1,SAME-OPP,pair1,P,14265,14265,46878,1,0,1,-9.6328125,6.75390625
hihp_imp_desc,0.1,SAME-OPP,pair1,Q,6485,6485,4382,1,0,1,-4.578125,4.265625
hihp_imp_desc,0.1,SAME-OPP,pair2,P,14265,14265,46878,1,0,1,-11.96875,9.53125
hihp_imp_desc,0.1,SAME-OPP,pair2,Q,6485,6485,4382,1,0,1,-8.078125,4.890625
hihp_imp_desc,0.1,SAME-OPP,pair3,P,14265,14265,46878,1,0,1,-12.25,9.078125
hihp_imp_desc,0.1,SAME-OPP,pair3,Q,6485,6485,4382,1,0,1,-7.1865234375,4.984375
hihp_imp_desc,0.1,SAME-OPP,pair4,P,14265,14265,46878,1,0,1,-13.125,6.1640625
hihp_imp_desc,0.1,SAME-OPP,pair4,Q,6485,6485,4382,1,0,1,-7.869140625,3.484375
hihp_imp_desc,0.1,SAME-OPP,pair5,P,14265,14265,46878,1,0,1,-14.0625,8.3828125
hihp_imp_desc,0.1,SAME-OPP,pair5,Q,6485,6485,4382,1,0,1,-7.853515625,4.84375
hihp_imp_desc,0.1,SAME-OPP,pair6,P,14265,14265,46878,1,0,1,-14.8125,7.25390625
hihp_imp_desc,0.1,SAME-OPP,pair6,Q,6485,6485,4382,1,0,1,-8.008544921875,5.8125
hihp_imp_desc,0.1,SAME-OPP,pair7,P,14265,14265,46878,1,0,1,-11.4375,8.0703125
hihp_imp_desc,0.1,SAME-OPP,pair7,Q,6485,6485,4382,1,0,1,-6.10546875,5.359375
hihp_imp_desc,0.1,SAME-OPP,pair8,P,14265,14265,46878,1,0,1,-15.5625,9.078125
hihp_imp_desc,0.1,SAME-OPP,pair8,Q,6485,6485,4382,1,0,1,-8.2109375,6.640625
hihp_imp_desc,0.1,SAME-OPP,pair9,P,14265,14265,46878,1,0,1,-13.6875,8.84765625
hihp_imp_desc,0.1,SAME-OPP,pair9,Q,6485,6485,4382,1,0,1,-7.8359375,7.6142578125
hihp_imp_desc,0.1,SAME-MORE,pair0,P,14265,14265,2834,1,0,1,-5.46875,9.125
hihp_imp_desc,0.1,SAME-MORE,pair0,Q,6485,6485,2834,1,0,1,-3.6875,7.98016357421875
hihp_imp_desc,0.1,SAME-MORE,pair1,P,14265,14265,20120,1,0,1,-3.5,10.84375
hihp_imp_desc,0.1,SAME-MORE,pair1,Q,6485,6485,6485,1,1,0,-0.625,8.046875
hihp_imp_desc,0.1,SAME-MORE,pair2,P,14265,14265,32732,1,0,1,-2.28125,10.375
hihp_imp_desc,0.1,SAME-MORE,pair2,Q,6485,6485,32732,1,0,1,-2.21875,6.01171875
hihp_imp_desc,0.1,SAME-MORE,pair3,P,14265,14265,3566,1,0,1,-3.125,6.83984375
hihp_imp_desc,0.1,SAME-MORE,pair3,Q,6485,6485,3566,1,0,1,-1.15625,5.564453125
hihp_imp_desc,0.1,SAME-MORE,pair4,P,14265,14265,46878,1,0,1,-3.9375,8.578125
hihp_imp_desc,0.1,SAME-MORE,pair4,Q,6485,6485,28953,1,0,1,-2.65625,5.83203125
hihp_imp_desc,0.1,SAME-MORE,pair5,P,14265,14265,4353,1,0,1,-5.0,11.96875
hihp_imp_desc,0.1,SAME-MORE,pair5,Q,6485,6485,4353,1,0,1,-2.65625,7.77679443359375
hihp_imp_desc,0.1,SAME-MORE,pair6,P,14265,14265,44585,1,0,1,-5.265625,9.6953125
hihp_imp_desc,0.1,SAME-MORE,pair6,Q,6485,6485,44585,1,0,1,-2.75,7.0859375
hihp_imp_desc,0.1,SAME-MORE,pair7,P,14265,14265,46878,1,0,1,-4.59375,10.53125
hihp_imp_desc,0.1,SAME-MORE,pair7,Q,6485,6485,17580,1,0,1,-1.90625,8.8125
hihp_imp_desc,0.1,SAME-MORE,pair8,P,14265,14265,46878,1,0,1,-4.171875,11.796875
hihp_imp_desc,0.1,SAME-MORE,pair8,Q,6485,6485,4382,1,0,1,-2.34375,11.15625
hihp_imp_desc,0.1,SAME-MORE,pair9,P,14265,14265,46878,1,0,1,-3.25,9.765625
hihp_imp_desc,0.1,SAME-MORE,pair9,Q,6485,6485,45549,1,0,1,-2.03125,7.63671875
hihp_imp_desc,0.1,SAME-LESS,pair0,P,14265,14265,2834,1,0,1,-2.34375,7.09375
hihp_imp_desc,0.1,SAME-LESS,pair0,Q,6485,6485,6485,1,1,0,-2.59375,3.15234375
hihp_imp_desc,0.1,SAME-LESS,pair1,P,14265,14265,14265,1,1,0,-0.5625,5.5
hihp_imp_desc,0.1,SAME-LESS,pair1,Q,6485,6485,6485,1,1,0,-0.40625,2.96875
hihp_imp_desc,0.1,SAME-LESS,pair2,P,14265,14265,14265,1,1,0,-0.875,8.6875
hihp_imp_desc,0.1,SAME-LESS,pair2,Q,6485,6485,6485,1,1,0,-0.8125,4.404296875
hihp_imp_desc,0.1,SAME-LESS,pair3,P,14265,14265,14265,1,1,0,-0.90625,4.4375
hihp_imp_desc,0.1,SAME-LESS,pair3,Q,6485,6485,6485,1,1,0,-0.75,3.490234375
hihp_imp_desc,0.1,SAME-LESS,pair4,P,14265,14265,14265,1,1,0,-0.3125,6.828125
hihp_imp_desc,0.1,SAME-LESS,pair4,Q,6485,6485,6485,1,1,0,-1.375,2.59375
hihp_imp_desc,0.1,SAME-LESS,pair5,P,14265,14265,14265,1,1,0,-1.75,15.234375
hihp_imp_desc,0.1,SAME-LESS,pair5,Q,6485,6485,66517,1,0,1,-1.78125,7.375
hihp_imp_desc,0.1,SAME-LESS,pair6,P,14265,14265,14265,1,1,0,-1.65625,6.984375
hihp_imp_desc,0.1,SAME-LESS,pair6,Q,6485,6485,6485,1,1,0,-2.1875,3.9609375
hihp_imp_desc,0.1,SAME-LESS,pair7,P,14265,14265,14265,1,1,0,-0.71875,4.890625
hihp_imp_desc,0.1,SAME-LESS,pair7,Q,6485,6485,6485,1,1,0,-0.65625,2.6640625
hihp_imp_desc,0.1,SAME-LESS,pair8,P,14265,14265,14265,1,1,0,-1.40625,10.4375
hihp_imp_desc,0.1,SAME-LESS,pair8,Q,6485,6485,6485,1,1,0,-1.46875,4.80859375
hihp_imp_desc,0.1,SAME-LESS,pair9,P,14265,14265,14265,1,1,0,-1.0,6.734375
hihp_imp_desc,0.1,SAME-LESS,pair9,Q,6485,6485,6485,1,1,0,-0.75,3.125
hihp_imp_desc,0.1,OPP-MORE,pair0,P,46878,46878,46878,1,1,0,-0.6875,8.703125
hihp_imp_desc,0.1,OPP-MORE,pair0,Q,4382,4382,2834,1,0,1,-1.3125,14.59375
hihp_imp_desc,0.1,OPP-MORE,pair1,P,46878,46878,46878,1,1,0,-1.09375,11.46875
hihp_imp_desc,0.1,OPP-MORE,pair1,Q,4382,4382,6485,1,0,1,-1.65625,10.5
hihp_imp_desc,0.1,OPP-MORE,pair2,P,46878,46878,46878,1,1,0,-1.25,16.09375
hihp_imp_desc,0.1,OPP-MORE,pair2,Q,4382,4382,4382,1,1,0,-1.75,11.03125
hihp_imp_desc,0.1,OPP-MORE,pair3,P,46878,46878,46878,1,1,0,-0.96875,10.96875
hihp_imp_desc,0.1,OPP-MORE,pair3,Q,4382,4382,4382,1,1,0,-0.9375,9.4375
hihp_imp_desc,0.1,OPP-MORE,pair4,P,46878,46878,46878,1,1,0,-0.28125,16.71875
hihp_imp_desc,0.1,OPP-MORE,pair4,Q,4382,4382,4382,1,1,0,-1.0625,15.09375
hihp_imp_desc,0.1,OPP-MORE,pair5,P,46878,46878,46878,1,1,0,-0.03125,14.875
hihp_imp_desc,0.1,OPP-MORE,pair5,Q,4382,4382,4353,1,0,1,-0.78125,15.40625
hihp_imp_desc,0.1,OPP-MORE,pair6,P,46878,46878,46878,1,1,0,0.09375,13.09375
hihp_imp_desc,0.1,OPP-MORE,pair6,Q,4382,4382,44585,1,0,1,-1.1875,10.953125
hihp_imp_desc,0.1,OPP-MORE,pair7,P,46878,46878,46878,1,1,0,-0.09375,12.0625
hihp_imp_desc,0.1,OPP-MORE,pair7,Q,4382,4382,17580,1,0,1,-1.375,11.84375
hihp_imp_desc,0.1,OPP-MORE,pair8,P,46878,46878,46878,1,1,0,-0.3125,14.3125
hihp_imp_desc,0.1,OPP-MORE,pair8,Q,4382,4382,4382,1,1,0,-1.1875,13.65625
hihp_imp_desc,0.1,OPP-MORE,pair9,P,46878,46878,46878,1,1,0,-0.125,12.734375
hihp_imp_desc,0.1,OPP-MORE,pair9,Q,4382,4382,45549,1,0,1,-2.25,12.28125
hihp_imp_desc,0.1,OPP-LESS,pair0,P,46878,46878,14265,1,0,1,-3.859375,16.63671875
hihp_imp_desc,0.1,OPP-LESS,pair0,Q,4382,4382,6485,1,0,1,-7.5546875,19.9375
hihp_imp_desc,0.1,OPP-LESS,pair1,P,46878,46878,14265,1,0,1,-4.109375,7.2109375
hihp_imp_desc,0.1,OPP-LESS,pair1,Q,4382,4382,6485,1,0,1,-4.28125,6.8125
hihp_imp_desc,0.1,OPP-LESS,pair2,P,46878,46878,14265,1,0,1,-5.1640625,14.04296875
hihp_imp_desc,0.1,OPP-LESS,pair2,Q,4382,4382,6485,1,0,1,-4.625,16.03125
hihp_imp_desc,0.1,OPP-LESS,pair3,P,46878,46878,14265,1,0,1,-3.3125,11.6328125
hihp_imp_desc,0.1,OPP-LESS,pair3,Q,4382,4382,6485,1,0,1,-3.40625,13.984375
hihp_imp_desc,0.1,OPP-LESS,pair4,P,46878,46878,14265,1,0,1,-3.15625,13.203125
hihp_imp_desc,0.1,OPP-LESS,pair4,Q,4382,4382,6485,1,0,1,-4.890625,17.15625
hihp_imp_desc,0.1,OPP-LESS,pair5,P,46878,46878,14265,1,0,1,-1.75,15.53125
hihp_imp_desc,0.1,OPP-LESS,pair5,Q,4382,4382,66517,1,0,1,-3.6875,22.0625
hihp_imp_desc,0.1,OPP-LESS,pair6,P,46878,46878,14265,1,0,1,-2.1875,16.96875
hihp_imp_desc,0.1,OPP-LESS,pair6,Q,4382,4382,6485,1,0,1,-5.65625,19.375
hihp_imp_desc,0.1,OPP-LESS,pair7,P,46878,46878,14265,1,0,1,-3.0625,12.3671875
hihp_imp_desc,0.1,OPP-LESS,pair7,Q,4382,4382,6485,1,0,1,-5.5625,16.5
hihp_imp_desc,0.1,OPP-LESS,pair8,P,46878,46878,14265,1,0,1,-5.375,18.171875
hihp_imp_desc,0.1,OPP-LESS,pair8,Q,4382,4382,6485,1,0,1,-6.947265625,16.59375
hihp_imp_desc,0.1,OPP-LESS,pair9,P,46878,46878,14265,1,0,1,-2.25,12.21875
hihp_imp_desc,0.1,OPP-LESS,pair9,Q,4382,4382,6485,1,0,1,-4.40625,11.90625
hihp_imp_desc,0.1,MORE-LESS,pair0,P,2834,2834,17761,1,0,1,-2.0625,8.03125
hihp_imp_desc,0.1,MORE-LESS,pair0,Q,2834,2834,17761,1,0,1,-3.53125,8.921875
hihp_imp_desc,0.1,MORE-LESS,pair1,P,20120,20120,14733,1,0,1,-3.21875,3.765625
hihp_imp_desc,0.1,MORE-LESS,pair1,Q,20120,20120,14733,1,0,1,-3.15625,5.5625
hihp_imp_desc,0.1,MORE-LESS,pair2,P,32732,32732,12903,1,0,1,-4.140625,1.8125
hihp_imp_desc,0.1,MORE-LESS,pair2,Q,32732,32732,12903,1,0,1,-5.4453125,2.65625
hihp_imp_desc,0.1,MORE-LESS,pair3,P,3566,3566,5609,1,0,1,-2.625,3.390625
hihp_imp_desc,0.1,MORE-LESS,pair3,Q,3566,3566,5609,1,0,1,-3.09375,5.734375
hihp_imp_desc,0.1,MORE-LESS,pair4,P,28953,28953,63511,1,0,1,-4.765625,3.75
hihp_imp_desc,0.1,MORE-LESS,pair4,Q,28953,28953,63511,1,0,1,-3.84375,8.708984375
hihp_imp_desc,0.1,MORE-LESS,pair5,P,4353,4353,66517,1,0,1,-3.3125,3.78125
hihp_imp_desc,0.1,MORE-LESS,pair5,Q,4353,4353,66517,1,0,1,-3.96875,4.890625
hihp_imp_desc,0.1,MORE-LESS,pair6,P,44585,44585,26317,1,0,1,-4.34375,2.0625
hihp_imp_desc,0.1,MORE-LESS,pair6,Q,44585,44585,26317,1,0,1,-5.109375,4.375
hihp_imp_desc,0.1,MORE-LESS,pair7,P,17580,17580,4353,1,0,1,-3.0625,3.328125
hihp_imp_desc,0.1,MORE-LESS,pair7,Q,17580,17580,4353,1,0,1,-4.5,3.9375
hihp_imp_desc,0.1,MORE-LESS,pair8,P,59380,59380,35092,1,0,1,-7.107421875,2.34375
hihp_imp_desc,0.1,MORE-LESS,pair8,Q,59380,59380,35092,1,0,1,-7.40625,3.15625
hihp_imp_desc,0.1,MORE-LESS,pair9,P,45549,45549,4371,1,0,1,-2.875,1.96875
hihp_imp_desc,0.1,MORE-LESS,pair9,Q,45549,45549,4371,1,0,1,-4.359375,3.15625
hihp_imp_desc,0.2,SAME-OPP,pair0,P,14265,14265,46878,1,0,1,-16.125,9.375
hihp_imp_desc,0.2,SAME-OPP,pair0,Q,6485,6485,4382,1,0,1,-10.09375,6.5546875
hihp_imp_desc,0.2,SAME-OPP,pair1,P,14265,14265,46878,1,0,1,-10.796875,6.59765625
hihp_imp_desc,0.2,SAME-OPP,pair1,Q,6485,6485,4382,1,0,1,-5.0078125,4.296875
hihp_imp_desc,0.2,SAME-OPP,pair2,P,14265,14265,46878,1,0,1,-13.28125,9.34375
hihp_imp_desc,0.2,SAME-OPP,pair2,Q,6485,6485,4382,1,0,1,-8.3984375,4.921875
hihp_imp_desc,0.2,SAME-OPP,pair3,P,14265,14265,46878,1,0,1,-13.53125,8.953125
hihp_imp_desc,0.2,SAME-OPP,pair3,Q,6485,6485,4382,1,0,1,-7.73828125,4.828125
hihp_imp_desc,0.2,SAME-OPP,pair4,P,14265,14265,46878,1,0,1,-14.125,5.9765625
hihp_imp_desc,0.2,SAME-OPP,pair4,Q,6485,6485,4382,1,0,1,-8.453125,3.515625
hihp_imp_desc,0.2,SAME-OPP,pair5,P,14265,14265,46878,1,0,1,-14.96875,7.9765625
hihp_imp_desc,0.2,SAME-OPP,pair5,Q,6485,6485,4382,1,0,1,-8.1171875,4.8125
hihp_imp_desc,0.2,SAME-OPP,pair6,P,14265,14265,46878,1,0,1,-15.59375,6.97265625
hihp_imp_desc,0.2,SAME-OPP,pair6,Q,6485,6485,4382,1,0,1,-8.484375,5.75
hihp_imp_desc,0.2,SAME-OPP,pair7,P,14265,14265,46878,1,0,1,-12.6875,7.9140625
hihp_imp_desc,0.2,SAME-OPP,pair7,Q,6485,6485,4382,1,0,1,-6.4501953125,5.453125
hihp_imp_desc,0.2,SAME-OPP,pair8,P,14265,14265,46878,1,0,1,-16.3125,8.984375
hihp_imp_desc,0.2,SAME-OPP,pair8,Q,6485,6485,4382,1,0,1,-8.4609375,6.609375
hihp_imp_desc,0.2,SAME-OPP,pair9,P,14265,14265,46878,1,0,1,-15.375,8.44140625
hihp_imp_desc,0.2,SAME-OPP,pair9,Q,6485,6485,4382,1,0,1,-8.734375,7.5830078125
hihp_imp_desc,0.2,SAME-MORE,pair0,P,14265,14265,2834,1,0,1,-8.5546875,9.75
hihp_imp_desc,0.2,SAME-MORE,pair0,Q,6485,6485,2834,1,0,1,-8.140625,7.91766357421875
hihp_imp_desc,0.2,SAME-MORE,pair1,P,14265,14265,20120,1,0,1,-6.1875,12.84375
hihp_imp_desc,0.2,SAME-MORE,pair1,Q,6485,6485,20120,1,0,1,-4.484375,9.765625
hihp_imp_desc,0.2,SAME-MORE,pair2,P,14265,14265,32732,1,0,1,-5.390625,11.875
hihp_imp_desc,0.2,SAME-MORE,pair2,Q,6485,6485,32732,1,0,1,-5.6171875,7.73046875
hihp_imp_desc,0.2,SAME-MORE,pair3,P,14265,14265,3566,1,0,1,-6.296875,8.30859375
hihp_imp_desc,0.2,SAME-MORE,pair3,Q,6485,6485,3566,1,0,1,-4.140625,6.845703125
hihp_imp_desc,0.2,SAME-MORE,pair4,P,14265,14265,28953,1,0,1,-7.3671875,11.078125
hihp_imp_desc,0.2,SAME-MORE,pair4,Q,6485,6485,28953,1,0,1,-8.18359375,6.92578125
hihp_imp_desc,0.2,SAME-MORE,pair5,P,14265,14265,4353,1,0,1,-8.130859375,12.9375
hihp_imp_desc,0.2,SAME-MORE,pair5,Q,6485,6485,4353,1,0,1,-6.78515625,7.99554443359375
hihp_imp_desc,0.2,SAME-MORE,pair6,P,14265,14265,44585,1,0,1,-9.046875,10.7890625
hihp_imp_desc,0.2,SAME-MORE,pair6,Q,6485,6485,44585,1,0,1,-6.515625,7.6171875
hihp_imp_desc,0.2,SAME-MORE,pair7,P,14265,14265,17580,1,0,1,-7.220703125,11.5
hihp_imp_desc,0.2,SAME-MORE,pair7,Q,6485,6485,17580,1,0,1,-5.6640625,9.6875
hihp_imp_desc,0.2,SAME-MORE,pair8,P,14265,14265,59380,1,0,1,-8.0859375,16.03125
hihp_imp_desc,0.2,SAME-MORE,pair8,Q,6485,6485,59380,1,0,1,-5.9375,13.3125
hihp_imp_desc,0.2,SAME-MORE,pair9,P,14265,14265,45549,1,0,1,-6.6484375,11.578125
hihp_imp_desc,0.2,SAME-MORE,pair9,Q,6485,6485,45549,1,0,1,-6.328125,8.16796875
hihp_imp_desc,0.2,SAME-LESS,pair0,P,14265,14265,2834,1,0,1,-6.3671875,9.125
hihp_imp_desc,0.2,SAME-LESS,pair0,Q,6485,6485,17761,1,0,1,-7.46630859375,4.30859375
hihp_imp_desc,0.2,SAME-LESS,pair1,P,14265,14265,20120,1,0,1,-2.09375,7.421875
hihp_imp_desc,0.2,SAME-LESS,pair1,Q,6485,6485,14733,1,0,1,-2.4375,3.875
hihp_imp_desc,0.2,SAME-LESS,pair2,P,14265,14265,32732,1,0,1,-3.46875,11.4375
hihp_imp_desc,0.2,SAME-LESS,pair2,Q,6485,6485,12903,1,0,1,-4.015625,6.623046875
hihp_imp_desc,0.2,SAME-LESS,pair3,P,14265,14265,3566,1,0,1,-3.671875,5.515625
hihp_imp_desc,0.2,SAME-LESS,pair3,Q,6485,6485,3566,1,0,1,-2.96875,4.193359375
hihp_imp_desc,0.2,SAME-LESS,pair4,P,14265,14265,63511,1,0,1,-3.125,10.359375
hihp_imp_desc,0.2,SAME-LESS,pair4,Q,6485,6485,63511,1,0,1,-5.125,3.90625
hihp_imp_desc,0.2,SAME-LESS,pair5,P,14265,14265,66517,1,0,1,-5.9140625,17.71875
hihp_imp_desc,0.2,SAME-LESS,pair5,Q,6485,6485,66517,1,0,1,-5.625,7.96875
hihp_imp_desc,0.2,SAME-LESS,pair6,P,14265,14265,44585,1,0,1,-6.484375,7.734375
hihp_imp_desc,0.2,SAME-LESS,pair6,Q,6485,6485,26317,1,0,1,-6.78125,5.2109375
hihp_imp_desc,0.2,SAME-LESS,pair7,P,14265,14265,17580,1,0,1,-3.125,7.1875
hihp_imp_desc,0.2,SAME-LESS,pair7,Q,6485,6485,4353,1,0,1,-3.890625,3.9453125
hihp_imp_desc,0.2,SAME-LESS,pair8,P,14265,14265,35092,1,0,1,-4.953125,12.8125
hihp_imp_desc,0.2,SAME-LESS,pair8,Q,6485,6485,35092,1,0,1,-4.8046875,6.99609375
hihp_imp_desc,0.2,SAME-LESS,pair9,P,14265,14265,4371,1,0,1,-4.125,9.171875
hihp_imp_desc,0.2,SAME-LESS,pair9,Q,6485,6485,4371,1,0,1,-4.3125,4.78125
hihp_imp_desc,0.2,OPP-MORE,pair0,P,46878,46878,2834,1,0,1,-5.8984375,11.359375
hihp_imp_desc,0.2,OPP-MORE,pair0,Q,4382,4382,2834,1,0,1,-9.53125,15.65625
hihp_imp_desc,0.2,OPP-MORE,pair1,P,46878,46878,20120,1,0,1,-4.6875,14.28125
hihp_imp_desc,0.2,OPP-MORE,pair1,Q,4382,4382,20120,1,0,1,-8.609375,12.84375
hihp_imp_desc,0.2,OPP-MORE,pair2,P,46878,46878,32732,1,0,1,-5.0625,18.84375
hihp_imp_desc,0.2,OPP-MORE,pair2,Q,4382,4382,32732,1,0,1,-8.453125,13.0625
hihp_imp_desc,0.2,OPP-MORE,pair3,P,46878,46878,3566,1,0,1,-4.546875,14.75
hihp_imp_desc,0.2,OPP-MORE,pair3,Q,4382,4382,3566,1,0,1,-6.93359375,11.96875
hihp_imp_desc,0.2,OPP-MORE,pair4,P,46878,46878,28953,1,0,1,-4.828125,20.3125
hihp_imp_desc,0.2,OPP-MORE,pair4,Q,4382,4382,28953,1,0,1,-9.046875,17.0
hihp_imp_desc,0.2,OPP-MORE,pair5,P,46878,46878,4353,1,0,1,-4.0625,17.375
hihp_imp_desc,0.2,OPP-MORE,pair5,Q,4382,4382,4353,1,0,1,-8.11328125,16.3125
hihp_imp_desc,0.2,OPP-MORE,pair6,P,46878,46878,44585,1,0,1,-3.546875,15.5
hihp_imp_desc,0.2,OPP-MORE,pair6,Q,4382,4382,44585,1,0,1,-8.04296875,11.953125
hihp_imp_desc,0.2,OPP-MORE,pair7,P,46878,46878,17580,1,0,1,-3.15625,14.1875
hihp_imp_desc,0.2,OPP-MORE,pair7,Q,4382,4382,17580,1,0,1,-7.583251953125,13.3125
hihp_imp_desc,0.2,OPP-MORE,pair8,P,46878,46878,59380,1,0,1,-4.703125,20.875
hihp_imp_desc,0.2,OPP-MORE,pair8,Q,4382,4382,59380,1,0,1,-8.71875,17.03125
hihp_imp_desc,0.2,OPP-MORE,pair9,P,46878,46878,45549,1,0,1,-3.8125,16.625
hihp_imp_desc,0.2,OPP-MORE,pair9,Q,4382,4382,45549,1,0,1,-9.640625,13.71875
hihp_imp_desc,0.2,OPP-LESS,pair0,P,46878,46878,17761,1,0,1,-10.90625,22.71875
hihp_imp_desc,0.2,OPP-LESS,pair0,Q,4382,4382,17761,1,0,1,-14.65625,22.15625
hihp_imp_desc,0.2,OPP-LESS,pair1,P,46878,46878,20120,1,0,1,-7.88671875,10.203125
hihp_imp_desc,0.2,OPP-LESS,pair1,Q,4382,4382,14733,1,0,1,-8.578125,8.1875
hihp_imp_desc,0.2,OPP-LESS,pair2,P,46878,46878,12903,1,0,1,-9.515625,18.96875
hihp_imp_desc,0.2,OPP-LESS,pair2,Q,4382,4382,12903,1,0,1,-11.28125,18.90625
hihp_imp_desc,0.2,OPP-LESS,pair3,P,46878,46878,3566,1,0,1,-7.90625,15.8125
hihp_imp_desc,0.2,OPP-LESS,pair3,Q,4382,4382,5609,1,0,1,-8.484375,16.4375
hihp_imp_desc,0.2,OPP-LESS,pair4,P,46878,46878,63511,1,0,1,-8.34375,17.15625
hihp_imp_desc,0.2,OPP-LESS,pair4,Q,4382,4382,63511,1,0,1,-10.78125,19.03125
hihp_imp_desc,0.2,OPP-LESS,pair5,P,46878,46878,66517,1,0,1,-5.40625,21.8125
hihp_imp_desc,0.2,OPP-LESS,pair5,Q,4382,4382,66517,1,0,1,-10.09375,23.0625
hihp_imp_desc,0.2,OPP-LESS,pair6,P,46878,46878,26317,1,0,1,-8.0234375,18.90625
hihp_imp_desc,0.2,OPP-LESS,pair6,Q,4382,4382,26317,1,0,1,-13.40625,21.3125
hihp_imp_desc,0.2,OPP-LESS,pair7,P,46878,46878,4353,1,0,1,-6.1796875,16.78125
hihp_imp_desc,0.2,OPP-LESS,pair7,Q,4382,4382,4353,1,0,1,-10.609375,18.3125
hihp_imp_desc,0.2,OPP-LESS,pair8,P,46878,46878,35092,1,0,1,-10.75,23.375
hihp_imp_desc,0.2,OPP-LESS,pair8,Q,4382,4382,35092,1,0,1,-13.3125,20.09375
hihp_imp_desc,0.2,OPP-LESS,pair9,P,46878,46878,4371,1,0,1,-7.350830078125,16.28125
hihp_imp_desc,0.2,OPP-LESS,pair9,Q,4382,4382,4371,1,0,1,-11.578125,14.3125
hihp_imp_desc,0.2,MORE-LESS,pair0,P,2834,2834,17761,1,0,1,-4.21875,8.3125
hihp_imp_desc,0.2,MORE-LESS,pair0,Q,2834,2834,17761,1,0,1,-5.4375,9.046875
hihp_imp_desc,0.2,MORE-LESS,pair1,P,20120,20120,14733,1,0,1,-4.59375,3.953125
hihp_imp_desc,0.2,MORE-LESS,pair1,Q,20120,20120,14733,1,0,1,-4.3125,5.6875
hihp_imp_desc,0.2,MORE-LESS,pair2,P,32732,32732,12903,1,0,1,-6.125,1.84375
hihp_imp_desc,0.2,MORE-LESS,pair2,Q,32732,32732,12903,1,0,1,-6.9609375,2.71875
hihp_imp_desc,0.2,MORE-LESS,pair3,P,3566,3566,5609,1,0,1,-4.625,3.640625
hihp_imp_desc,0.2,MORE-LESS,pair3,Q,3566,3566,5609,1,0,1,-5.09375,5.921875
hihp_imp_desc,0.2,MORE-LESS,pair4,P,28953,28953,63511,1,0,1,-7.89453125,3.8125
hihp_imp_desc,0.2,MORE-LESS,pair4,Q,28953,28953,63511,1,0,1,-6.8125,8.646484375
hihp_imp_desc,0.2,MORE-LESS,pair5,P,4353,4353,66517,1,0,1,-6.40625,3.53125
hihp_imp_desc,0.2,MORE-LESS,pair5,Q,4353,4353,66517,1,0,1,-6.5546875,4.640625
hihp_imp_desc,0.2,MORE-LESS,pair6,P,44585,44585,26317,1,0,1,-7.78515625,2.65625
hihp_imp_desc,0.2,MORE-LESS,pair6,Q,44585,44585,26317,1,0,1,-8.857421875,4.96875
hihp_imp_desc,0.2,MORE-LESS,pair7,P,17580,17580,4353,1,0,1,-5.015625,3.609375
hihp_imp_desc,0.2,MORE-LESS,pair7,Q,17580,17580,4353,1,0,1,-6.546875,4.125
hihp_imp_desc,0.2,MORE-LESS,pair8,P,59380,59380,35092,1,0,1,-9.515625,2.59375
hihp_imp_desc,0.2,MORE-LESS,pair8,Q,59380,59380,35092,1,0,1,-9.328125,3.40625
hihp_imp_desc,0.2,MORE-LESS,pair9,P,45549,45549,4371,1,0,1,-4.734375,2.375
hihp_imp_desc,0.2,MORE-LESS,pair9,Q,45549,45549,4371,1,0,1,-6.4453125,3.40625
hihp_imp_desc,0.3,SAME-OPP,pair0,P,14265,14265,46878,1,0,1,-16.3125,9.4375
hihp_imp_desc,0.3,SAME-OPP,pair0,Q,6485,6485,4382,1,0,1,-10.0625,6.5546875
hihp_imp_desc,0.3,SAME-OPP,pair1,P,14265,14265,46878,1,0,1,-10.875,6.72265625
hihp_imp_desc,0.3,SAME-OPP,pair1,Q,6485,6485,4382,1,0,1,-4.96875,4.296875
hihp_imp_desc,0.3,SAME-OPP,pair2,P,14265,14265,46878,1,0,1,-13.40625,9.46875
hihp_imp_desc,0.3,SAME-OPP,pair2,Q,6485,6485,4382,1,0,1,-8.375,4.953125
hihp_imp_desc,0.3,SAME-OPP,pair3,P,14265,14265,46878,1,0,1,-13.75,9.046875
hihp_imp_desc,0.3,SAME-OPP,pair3,Q,6485,6485,4382,1,0,1,-7.70703125,4.890625
hihp_imp_desc,0.3,SAME-OPP,pair4,P,14265,14265,46878,1,0,1,-13.9375,6.0390625
hihp_imp_desc,0.3,SAME-OPP,pair4,Q,6485,6485,4382,1,0,1,-8.28515625,3.515625
hihp_imp_desc,0.3,SAME-OPP,pair5,P,14265,14265,46878,1,0,1,-15.0,8.0703125
hihp_imp_desc,0.3,SAME-OPP,pair5,Q,6485,6485,4382,1,0,1,-7.982421875,4.84375
hihp_imp_desc,0.3,SAME-OPP,pair6,P,14265,14265,46878,1,0,1,-15.9375,7.00390625
hihp_imp_desc,0.3,SAME-OPP,pair6,Q,6485,6485,4382,1,0,1,-8.466796875,5.71875
hihp_imp_desc,0.3,SAME-OPP,pair7,P,14265,14265,46878,1,0,1,-12.75,8.0078125
hihp_imp_desc,0.3,SAME-OPP,pair7,Q,6485,6485,4382,1,0,1,-6.357421875,5.484375
hihp_imp_desc,0.3,SAME-OPP,pair8,P,14265,14265,46878,1,0,1,-16.4375,9.046875
hihp_imp_desc,0.3,SAME-OPP,pair8,Q,6485,6485,4382,1,0,1,-8.3671875,6.578125
hihp_imp_desc,0.3,SAME-OPP,pair9,P,14265,14265,46878,1,0,1,-15.5,8.50390625
hihp_imp_desc,0.3,SAME-OPP,pair9,Q,6485,6485,4382,1,0,1,-8.5546875,7.6142578125
hihp_imp_desc,0.3,SAME-MORE,pair0,P,14265,14265,2834,1,0,1,-9.859375,9.625
hihp_imp_desc,0.3,SAME-MORE,pair0,Q,6485,6485,2834,1,0,1,-9.640625,8.01141357421875
hihp_imp_desc,0.3,SAME-MORE,pair1,P,14265,14265,20120,1,0,1,-7.2109375,12.71875
hihp_imp_desc,0.3,SAME-MORE,pair1,Q,6485,6485,20120,1,0,1,-6.06640625,9.859375
hihp_imp_desc,0.3,SAME-MORE,pair2,P,14265,14265,32732,1,0,1,-6.8125,11.78125
hihp_imp_desc,0.3,SAME-MORE,pair2,Q,6485,6485,32732,1,0,1,-7.390625,7.91796875
hihp_imp_desc,0.3,SAME-MORE,pair3,P,14265,14265,3566,1,0,1,-7.637939453125,8.12109375
hihp_imp_desc,0.3,SAME-MORE,pair3,Q,6485,6485,3566,1,0,1,-5.6328125,6.908203125
hihp_imp_desc,0.3,SAME-MORE,pair4,P,14265,14265,28953,1,0,1,-8.35546875,11.234375
hihp_imp_desc,0.3,SAME-MORE,pair4,Q,6485,6485,28953,1,0,1,-9.765625,7.11328125
hihp_imp_desc,0.3,SAME-MORE,pair5,P,14265,14265,4353,1,0,1,-9.2265625,13.0625
hihp_imp_desc,0.3,SAME-MORE,pair5,Q,6485,6485,4353,1,0,1,-8.5546875,8.05804443359375
hihp_imp_desc,0.3,SAME-MORE,pair6,P,14265,14265,44585,1,0,1,-10.671875,10.7890625
hihp_imp_desc,0.3,SAME-MORE,pair6,Q,6485,6485,44585,1,0,1,-8.44921875,7.6796875
hihp_imp_desc,0.3,SAME-MORE,pair7,P,14265,14265,17580,1,0,1,-9.0859375,11.21875
hihp_imp_desc,0.3,SAME-MORE,pair7,Q,6485,6485,17580,1,0,1,-7.6015625,9.875
hihp_imp_desc,0.3,SAME-MORE,pair8,P,14265,14265,59380,1,0,1,-9.3359375,16.03125
hihp_imp_desc,0.3,SAME-MORE,pair8,Q,6485,6485,59380,1,0,1,-7.41796875,13.4375
hihp_imp_desc,0.3,SAME-MORE,pair9,P,14265,14265,45549,1,0,1,-8.166015625,11.515625
hihp_imp_desc,0.3,SAME-MORE,pair9,Q,6485,6485,45549,1,0,1,-7.9765625,8.19921875
hihp_imp_desc,0.3,SAME-LESS,pair0,P,14265,14265,17761,1,0,1,-8.12890625,9.71875
hihp_imp_desc,0.3,SAME-LESS,pair0,Q,6485,6485,17761,1,0,1,-10.015625,4.77734375
hihp_imp_desc,0.3,SAME-LESS,pair1,P,14265,14265,20120,1,0,1,-3.5,7.640625
hihp_imp_desc,0.3,SAME-LESS,pair1,Q,6485,6485,14733,1,0,1,-3.328125,3.84375
hihp_imp_desc,0.3,SAME-LESS,pair2,P,14265,14265,12903,1,0,1,-5.765625,12.15625
hihp_imp_desc,0.3,SAME-LESS,pair2,Q,6485,6485,12903,1,0,1,-6.1875,7.248046875
hihp_imp_desc,0.3,SAME-LESS,pair3,P,14265,14265,3566,1,0,1,-5.328125,6.203125
hihp_imp_desc,0.3,SAME-LESS,pair3,Q,6485,6485,5609,1,0,1,-4.421875,5.287109375
hihp_imp_desc,0.3,SAME-LESS,pair4,P,14265,14265,63511,1,0,1,-4.40625,11.140625
hihp_imp_desc,0.3,SAME-LESS,pair4,Q,6485,6485,63511,1,0,1,-6.8359375,4.4375
hihp_imp_desc,0.3,SAME-LESS,pair5,P,14265,14265,66517,1,0,1,-8.19921875,18.375
hihp_imp_desc,0.3,SAME-LESS,pair5,Q,6485,6485,66517,1,0,1,-7.62353515625,8.125
hihp_imp_desc,0.3,SAME-LESS,pair6,P,14265,14265,26317,1,0,1,-9.1015625,8.203125
hihp_imp_desc,0.3,SAME-LESS,pair6,Q,6485,6485,26317,1,0,1,-9.4375,5.8046875
hihp_imp_desc,0.3,SAME-LESS,pair7,P,14265,14265,4353,1,0,1,-4.796875,7.96875
hihp_imp_desc,0.3,SAME-LESS,pair7,Q,6485,6485,4353,1,0,1,-5.8671875,4.4765625
hihp_imp_desc,0.3,SAME-LESS,pair8,P,14265,14265,35092,1,0,1,-6.5,12.78125
hihp_imp_desc,0.3,SAME-LESS,pair8,Q,6485,6485,35092,1,0,1,-6.6708984375,7.62109375
hihp_imp_desc,0.3,SAME-LESS,pair9,P,14265,14265,4371,1,0,1,-5.703125,9.359375
hihp_imp_desc,0.3,SAME-LESS,pair9,Q,6485,6485,4371,1,0,1,-6.23046875,5.0
hihp_imp_desc,0.3,OPP-MORE,pair0,P,46878,46878,2834,1,0,1,-8.390625,11.234375
hihp_imp_desc,0.3,OPP-MORE,pair0,Q,4382,4382,2834,1,0,1,-11.71875,15.6875
hihp_imp_desc,0.3,OPP-MORE,pair1,P,46878,46878,20120,1,0,1,-6.3125,14.125
hihp_imp_desc,0.3,OPP-MORE,pair1,Q,4382,4382,20120,1,0,1,-10.140625,12.875
hihp_imp_desc,0.3,OPP-MORE,pair2,P,46878,46878,32732,1,0,1,-6.765625,18.75
hihp_imp_desc,0.3,OPP-MORE,pair2,Q,4382,4382,32732,1,0,1,-10.5625,13.1875
hihp_imp_desc,0.3,OPP-MORE,pair3,P,46878,46878,3566,1,0,1,-6.42578125,14.53125
hihp_imp_desc,0.3,OPP-MORE,pair3,Q,4382,4382,3566,1,0,1,-9.1875,12.03125
hihp_imp_desc,0.3,OPP-MORE,pair4,P,46878,46878,28953,1,0,1,-6.81640625,20.375
hihp_imp_desc,0.3,OPP-MORE,pair4,Q,4382,4382,28953,1,0,1,-10.609375,17.03125
hihp_imp_desc,0.3,OPP-MORE,pair5,P,46878,46878,4353,1,0,1,-5.359375,17.4375
hihp_imp_desc,0.3,OPP-MORE,pair5,Q,4382,4382,4353,1,0,1,-9.875,16.25
hihp_imp_desc,0.3,OPP-MORE,pair6,P,46878,46878,44585,1,0,1,-5.0625,15.4375
hihp_imp_desc,0.3,OPP-MORE,pair6,Q,4382,4382,44585,1,0,1,-10.671875,12.015625
hihp_imp_desc,0.3,OPP-MORE,pair7,P,46878,46878,17580,1,0,1,-4.6875,14.0
hihp_imp_desc,0.3,OPP-MORE,pair7,Q,4382,4382,17580,1,0,1,-9.4609375,13.40625
hihp_imp_desc,0.3,OPP-MORE,pair8,P,46878,46878,59380,1,0,1,-6.5068359375,20.875
hihp_imp_desc,0.3,OPP-MORE,pair8,Q,4382,4382,59380,1,0,1,-10.40625,17.125
hihp_imp_desc,0.3,OPP-MORE,pair9,P,46878,46878,45549,1,0,1,-5.7890625,16.53125
hihp_imp_desc,0.3,OPP-MORE,pair9,Q,4382,4382,45549,1,0,1,-11.625,13.75
hihp_imp_desc,0.3,OPP-LESS,pair0,P,46878,46878,17761,1,0,1,-14.15625,23.15625
hihp_imp_desc,0.3,OPP-LESS,pair0,Q,4382,4382,17761,1,0,1,-17.9375,22.5
hihp_imp_desc,0.3,OPP-LESS,pair1,P,46878,46878,20120,1,0,1,-10.125,10.65625
hihp_imp_desc,0.3,OPP-LESS,pair1,Q,4382,4382,14733,1,0,1,-9.921875,8.28125
hihp_imp_desc,0.3,OPP-LESS,pair2,P,46878,46878,12903,1,0,1,-12.59375,19.6875
hihp_imp_desc,0.3,OPP-LESS,pair2,Q,4382,4382,12903,1,0,1,-14.65625,19.5
hihp_imp_desc,0.3,OPP-LESS,pair3,P,46878,46878,5609,1,0,1,-10.34375,16.28125
hihp_imp_desc,0.3,OPP-LESS,pair3,Q,4382,4382,5609,1,0,1,-11.28125,17.125
hihp_imp_desc,0.3,OPP-LESS,pair4,P,46878,46878,63511,1,0,1,-10.609375,17.84375
hihp_imp_desc,0.3,OPP-LESS,pair4,Q,4382,4382,63511,1,0,1,-13.46875,19.375
hihp_imp_desc,0.3,OPP-LESS,pair5,P,46878,46878,66517,1,0,1,-7.474609375,22.375
hihp_imp_desc,0.3,OPP-LESS,pair5,Q,4382,4382,66517,1,0,1,-12.9375,22.875
hihp_imp_desc,0.3,OPP-LESS,pair6,P,46878,46878,26317,1,0,1,-10.890625,19.3125
hihp_imp_desc,0.3,OPP-LESS,pair6,Q,4382,4382,26317,1,0,1,-17.0625,21.6875
hihp_imp_desc,0.3,OPP-LESS,pair7,P,46878,46878,4353,1,0,1,-8.2421875,17.5
hihp_imp_desc,0.3,OPP-LESS,pair7,Q,4382,4382,4353,1,0,1,-13.46875,18.78125
hihp_imp_desc,0.3,OPP-LESS,pair8,P,46878,46878,35092,1,0,1,-13.09375,23.5
hihp_imp_desc,0.3,OPP-LESS,pair8,Q,4382,4382,35092,1,0,1,-15.625,20.625
hihp_imp_desc,0.3,OPP-LESS,pair9,P,46878,46878,4371,1,0,1,-10.328125,16.53125
hihp_imp_desc,0.3,OPP-LESS,pair9,Q,4382,4382,4371,1,0,1,-15.09375,14.53125
hihp_imp_desc,0.3,MORE-LESS,pair0,P,2834,2834,17761,1,0,1,-4.40625,8.03125
hihp_imp_desc,0.3,MORE-LESS,pair0,Q,2834,2834,17761,1,0,1,-5.453125,8.734375
hihp_imp_desc,0.3,MORE-LESS,pair1,P,20120,20120,14733,1,0,1,-4.625,3.890625
hihp_imp_desc,0.3,MORE-LESS,pair1,Q,20120,20120,14733,1,0,1,-4.34375,5.6875
hihp_imp_desc,0.3,MORE-LESS,pair2,P,32732,32732,12903,1,0,1,-5.9375,1.84375
hihp_imp_desc,0.3,MORE-LESS,pair2,Q,32732,32732,12903,1,0,1,-6.3828125,2.8125
hihp_imp_desc,0.3,MORE-LESS,pair3,P,3566,3566,5609,1,0,1,-4.265625,3.671875
hihp_imp_desc,0.3,MORE-LESS,pair3,Q,3566,3566,5609,1,0,1,-4.671875,6.046875
hihp_imp_desc,0.3,MORE-LESS,pair4,P,28953,28953,63511,1,0,1,-7.8203125,3.8125
hihp_imp_desc,0.3,MORE-LESS,pair4,Q,28953,28953,63511,1,0,1,-6.828125,8.646484375
hihp_imp_desc,0.3,MORE-LESS,pair5,P,4353,4353,66517,1,0,1,-6.296875,3.53125
hihp_imp_desc,0.3,MORE-LESS,pair5,Q,4353,4353,66517,1,0,1,-6.46875,4.578125
hihp_imp_desc,0.3,MORE-LESS,pair6,P,44585,44585,26317,1,0,1,-7.390625,2.6875
hihp_imp_desc,0.3,MORE-LESS,pair6,Q,44585,44585,26317,1,0,1,-8.45947265625,5.03125
hihp_imp_desc,0.3,MORE-LESS,pair7,P,17580,17580,4353,1,0,1,-4.90625,3.640625
hihp_imp_desc,0.3,MORE-LESS,pair7,Q,17580,17580,4353,1,0,1,-6.40625,4.15625
hihp_imp_desc,0.3,MORE-LESS,pair8,P,59380,59380,35092,1,0,1,-9.390625,2.65625
hihp_imp_desc,0.3,MORE-LESS,pair8,Q,59380,59380,35092,1,0,1,-9.25,3.46875
hihp_imp_desc,0.3,MORE-LESS,pair9,P,45549,45549,4371,1,0,1,-4.734375,2.40625
hihp_imp_desc,0.3,MORE-LESS,pair9,Q,45549,45549,4371,1,0,1,-6.5390625,3.4375
hihp_imp_desc,0.5,SAME-OPP,pair0,P,14265,14265,46878,1,0,1,-16.3125,9.40625
hihp_imp_desc,0.5,SAME-OPP,pair0,Q,6485,6485,4382,1,0,1,-10.09375,6.5546875
hihp_imp_desc,0.5,SAME-OPP,pair1,P,14265,14265,46878,1,0,1,-10.859375,6.72265625
hihp_imp_desc,0.5,SAME-OPP,pair1,Q,6485,6485,4382,1,0,1,-4.984375,4.296875
hihp_imp_desc,0.5,SAME-OPP,pair2,P,14265,14265,46878,1,0,1,-13.375,9.5
hihp_imp_desc,0.5,SAME-OPP,pair2,Q,6485,6485,4382,1,0,1,-8.3515625,4.921875
hihp_imp_desc,0.5,SAME-OPP,pair3,P,14265,14265,46878,1,0,1,-13.71875,9.078125
hihp_imp_desc,0.5,SAME-OPP,pair3,Q,6485,6485,4382,1,0,1,-7.69921875,4.890625
hihp_imp_desc,0.5,SAME-OPP,pair4,P,14265,14265,46878,1,0,1,-13.90625,6.0703125
hihp_imp_desc,0.5,SAME-OPP,pair4,Q,6485,6485,4382,1,0,1,-8.2578125,3.546875
hihp_imp_desc,0.5,SAME-OPP,pair5,P,14265,14265,46878,1,0,1,-15.03125,8.0703125
hihp_imp_desc,0.5,SAME-OPP,pair5,Q,6485,6485,4382,1,0,1,-7.9921875,4.78125
hihp_imp_desc,0.5,SAME-OPP,pair6,P,14265,14265,46878,1,0,1,-15.90625,6.94140625
hihp_imp_desc,0.5,SAME-OPP,pair6,Q,6485,6485,4382,1,0,1,-8.43359375,5.75
hihp_imp_desc,0.5,SAME-OPP,pair7,P,14265,14265,46878,1,0,1,-12.75,8.0078125
hihp_imp_desc,0.5,SAME-OPP,pair7,Q,6485,6485,4382,1,0,1,-6.357421875,5.453125
hihp_imp_desc,0.5,SAME-OPP,pair8,P,14265,14265,46878,1,0,1,-16.375,9.109375
hihp_imp_desc,0.5,SAME-OPP,pair8,Q,6485,6485,4382,1,0,1,-8.3828125,6.609375
hihp_imp_desc,0.5,SAME-OPP,pair9,P,14265,14265,46878,1,0,1,-15.4375,8.50390625
hihp_imp_desc,0.5,SAME-OPP,pair9,Q,6485,6485,4382,1,0,1,-8.6015625,7.6142578125
hihp_imp_desc,0.5,SAME-MORE,pair0,P,14265,14265,2834,1,0,1,-9.890625,9.625
hihp_imp_desc,0.5,SAME-MORE,pair0,Q,6485,6485,2834,1,0,1,-9.703125,7.98016357421875
hihp_imp_desc,0.5,SAME-MORE,pair1,P,14265,14265,20120,1,0,1,-7.19921875,12.6875
hihp_imp_desc,0.5,SAME-MORE,pair1,Q,6485,6485,20120,1,0,1,-6.05078125,9.859375
hihp_imp_desc,0.5,SAME-MORE,pair2,P,14265,14265,32732,1,0,1,-6.828125,11.75
hihp_imp_desc,0.5,SAME-MORE,pair2,Q,6485,6485,32732,1,0,1,-7.34765625,7.85546875
hihp_imp_desc,0.5,SAME-MORE,pair3,P,14265,14265,3566,1,0,1,-7.62353515625,8.08984375
hihp_imp_desc,0.5,SAME-MORE,pair3,Q,6485,6485,3566,1,0,1,-5.6015625,6.908203125
hihp_imp_desc,0.5,SAME-MORE,pair4,P,14265,14265,28953,1,0,1,-8.359375,11.171875
hihp_imp_desc,0.5,SAME-MORE,pair4,Q,6485,6485,28953,1,0,1,-9.765625,7.05078125
hihp_imp_desc,0.5,SAME-MORE,pair5,P,14265,14265,4353,1,0,1,-9.171875,13.0625
hihp_imp_desc,0.5,SAME-MORE,pair5,Q,6485,6485,4353,1,0,1,-8.48828125,8.05804443359375
hihp_imp_desc,0.5,SAME-MORE,pair6,P,14265,14265,44585,1,0,1,-10.640625,10.6640625
hihp_imp_desc,0.5,SAME-MORE,pair6,Q,6485,6485,44585,1,0,1,-8.412109375,7.7421875
hihp_imp_desc,0.5,SAME-MORE,pair7,P,14265,14265,17580,1,0,1,-9.015625,11.25
hihp_imp_desc,0.5,SAME-MORE,pair7,Q,6485,6485,17580,1,0,1,-7.53125,9.90625
hihp_imp_desc,0.5,SAME-MORE,pair8,P,14265,14265,59380,1,0,1,-9.359375,16.03125
hihp_imp_desc,0.5,SAME-MORE,pair8,Q,6485,6485,59380,1,0,1,-7.390625,13.40625
hihp_imp_desc,0.5,SAME-MORE,pair9,P,14265,14265,45549,1,0,1,-8.15234375,11.515625
hihp_imp_desc,0.5,SAME-MORE,pair9,Q,6485,6485,45549,1,0,1,-7.921875,8.23046875
hihp_imp_desc,0.5,SAME-LESS,pair0,P,14265,14265,17761,1,0,1,-8.072265625,9.78125
hihp_imp_desc,0.5,SAME-LESS,pair0,Q,6485,6485,17761,1,0,1,-9.984375,4.80859375
hihp_imp_desc,0.5,SAME-LESS,pair1,P,14265,14265,20120,1,0,1,-3.53125,7.671875
hihp_imp_desc,0.5,SAME-LESS,pair1,Q,6485,6485,14733,1,0,1,-3.3125,3.8125
hihp_imp_desc,0.5,SAME-LESS,pair2,P,14265,14265,12903,1,0,1,-5.7265625,12.21875
hihp_imp_desc,0.5,SAME-LESS,pair2,Q,6485,6485,12903,1,0,1,-6.19140625,7.248046875
hihp_imp_desc,0.5,SAME-LESS,pair3,P,14265,14265,3566,1,0,1,-5.3125,6.234375
hihp_imp_desc,0.5,SAME-LESS,pair3,Q,6485,6485,5609,1,0,1,-4.421875,5.255859375
hihp_imp_desc,0.5,SAME-LESS,pair4,P,14265,14265,63511,1,0,1,-4.375,11.140625
hihp_imp_desc,0.5,SAME-LESS,pair4,Q,6485,6485,63511,1,0,1,-6.84765625,4.46875
hihp_imp_desc,0.5,SAME-LESS,pair5,P,14265,14265,66517,1,0,1,-8.142578125,18.375
hihp_imp_desc,0.5,SAME-LESS,pair5,Q,6485,6485,66517,1,0,1,-7.5625,8.125
hihp_imp_desc,0.5,SAME-LESS,pair6,P,14265,14265,26317,1,0,1,-9.05078125,8.234375
hihp_imp_desc,0.5,SAME-LESS,pair6,Q,6485,6485,26317,1,0,1,-9.4375,5.7421875
hihp_imp_desc,0.5,SAME-LESS,pair7,P,14265,14265,4353,1,0,1,-4.78125,8.0
hihp_imp_desc,0.5,SAME-LESS,pair7,Q,6485,6485,4353,1,0,1,-5.7890625,4.5078125
hihp_imp_desc,0.5,SAME-LESS,pair8,P,14265,14265,35092,1,0,1,-6.3984375,12.875
hihp_imp_desc,0.5,SAME-LESS,pair8,Q,6485,6485,35092,1,0,1,-6.6552734375,7.58984375
hihp_imp_desc,0.5,SAME-LESS,pair9,P,14265,14265,4371,1,0,1,-5.703125,9.359375
hihp_imp_desc,0.5,SAME-LESS,pair9,Q,6485,6485,4371,1,0,1,-6.2421875,4.9375
hihp_imp_desc,0.5,OPP-MORE,pair0,P,46878,46878,2834,1,0,1,-8.4609375,11.296875
hihp_imp_desc,0.5,OPP-MORE,pair0,Q,4382,4382,2834,1,0,1,-11.75,15.6875
hihp_imp_desc,0.5,OPP-MORE,pair1,P,46878,46878,20120,1,0,1,-6.328125,14.125
hihp_imp_desc,0.5,OPP-MORE,pair1,Q,4382,4382,20120,1,0,1,-10.09375,12.90625
hihp_imp_desc,0.5,OPP-MORE,pair2,P,46878,46878,32732,1,0,1,-6.8046875,18.78125
hihp_imp_desc,0.5,OPP-MORE,pair2,Q,4382,4382,32732,1,0,1,-10.546875,13.25
hihp_imp_desc,0.5,OPP-MORE,pair3,P,46878,46878,3566,1,0,1,-6.4189453125,14.5625
hihp_imp_desc,0.5,OPP-MORE,pair3,Q,4382,4382,3566,1,0,1,-9.1875,12.03125
hihp_imp_desc,0.5,OPP-MORE,pair4,P,46878,46878,28953,1,0,1,-6.841796875,20.375
hihp_imp_desc,0.5,OPP-MORE,pair4,Q,4382,4382,28953,1,0,1,-10.625,17.03125
hihp_imp_desc,0.5,OPP-MORE,pair5,P,46878,46878,4353,1,0,1,-5.359375,17.4375
hihp_imp_desc,0.5,OPP-MORE,pair5,Q,4382,4382,4353,1,0,1,-9.921875,16.25
hihp_imp_desc,0.5,OPP-MORE,pair6,P,46878,46878,44585,1,0,1,-5.125,15.375
hihp_imp_desc,0.5,OPP-MORE,pair6,Q,4382,4382,44585,1,0,1,-10.6875,12.015625
hihp_imp_desc,0.5,OPP-MORE,pair7,P,46878,46878,17580,1,0,1,-4.6875,14.0
hihp_imp_desc,0.5,OPP-MORE,pair7,Q,4382,4382,17580,1,0,1,-9.421875,13.375
hihp_imp_desc,0.5,OPP-MORE,pair8,P,46878,46878,59380,1,0,1,-6.533203125,20.875
hihp_imp_desc,0.5,OPP-MORE,pair8,Q,4382,4382,59380,1,0,1,-10.4375,17.125
hihp_imp_desc,0.5,OPP-MORE,pair9,P,46878,46878,45549,1,0,1,-5.8359375,16.53125
hihp_imp_desc,0.5,OPP-MORE,pair9,Q,4382,4382,45549,1,0,1,-11.6875,13.65625
hihp_imp_desc,0.5,OPP-LESS,pair0,P,46878,46878,17761,1,0,1,-14.09375,23.21875
hihp_imp_desc,0.5,OPP-LESS,pair0,Q,4382,4382,17761,1,0,1,-18.0,22.5
hihp_imp_desc,0.5,OPP-LESS,pair1,P,46878,46878,20120,1,0,1,-10.09375,10.71875
hihp_imp_desc,0.5,OPP-LESS,pair1,Q,4382,4382,14733,1,0,1,-9.984375,8.25
hihp_imp_desc,0.5,OPP-LESS,pair2,P,46878,46878,12903,1,0,1,-12.6875,19.6875
hihp_imp_desc,0.5,OPP-LESS,pair2,Q,4382,4382,12903,1,0,1,-14.625,19.46875
hihp_imp_desc,0.5,OPP-LESS,pair3,P,46878,46878,5609,1,0,1,-10.34375,16.34375
hihp_imp_desc,0.5,OPP-LESS,pair3,Q,4382,4382,5609,1,0,1,-11.359375,17.15625
hihp_imp_desc,0.5,OPP-LESS,pair4,P,46878,46878,63511,1,0,1,-10.625,17.90625
hihp_imp_desc,0.5,OPP-LESS,pair4,Q,4382,4382,63511,1,0,1,-13.375,19.375
hihp_imp_desc,0.5,OPP-LESS,pair5,P,46878,46878,66517,1,0,1,-7.5244140625,22.375
hihp_imp_desc,0.5,OPP-LESS,pair5,Q,4382,4382,66517,1,0,1,-12.9375,22.875
hihp_imp_desc,0.5,OPP-LESS,pair6,P,46878,46878,26317,1,0,1,-10.96875,19.40625
hihp_imp_desc,0.5,OPP-LESS,pair6,Q,4382,4382,26317,1,0,1,-17.1875,21.65625
hihp_imp_desc,0.5,OPP-LESS,pair7,P,46878,46878,4353,1,0,1,-8.21484375,17.5625
hihp_imp_desc,0.5,OPP-LESS,pair7,Q,4382,4382,4353,1,0,1,-13.375,18.8125
hihp_imp_desc,0.5,OPP-LESS,pair8,P,46878,46878,35092,1,0,1,-13.125,23.5
hihp_imp_desc,0.5,OPP-LESS,pair8,Q,4382,4382,35092,1,0,1,-15.6875,20.625
hihp_imp_desc,0.5,OPP-LESS,pair9,P,46878,46878,4371,1,0,1,-10.390625,16.5625
hihp_imp_desc,0.5,OPP-LESS,pair9,Q,4382,4382,4371,1,0,1,-15.15625,14.5
hihp_imp_desc,0.5,MORE-LESS,pair0,P,2834,2834,17761,1,0,1,-4.421875,7.96875
hihp_imp_desc,0.5,MORE-LESS,pair0,Q,2834,2834,17761,1,0,1,-5.46875,8.703125
hihp_imp_desc,0.5,MORE-LESS,pair1,P,20120,20120,14733,1,0,1,-4.5625,3.953125
hihp_imp_desc,0.5,MORE-LESS,pair1,Q,20120,20120,14733,1,0,1,-4.390625,5.6875
hihp_imp_desc,0.5,MORE-LESS,pair2,P,32732,32732,12903,1,0,1,-5.9453125,1.8125
hihp_imp_desc,0.5,MORE-LESS,pair2,Q,32732,32732,12903,1,0,1,-6.3125,2.84375
hihp_imp_desc,0.5,MORE-LESS,pair3,P,3566,3566,5609,1,0,1,-4.265625,3.703125
hihp_imp_desc,0.5,MORE-LESS,pair3,Q,3566,3566,5609,1,0,1,-4.65625,6.046875
hihp_imp_desc,0.5,MORE-LESS,pair4,P,28953,28953,63511,1,0,1,-7.87890625,3.8125
hihp_imp_desc,0.5,MORE-LESS,pair4,Q,28953,28953,63511,1,0,1,-6.734375,8.646484375
hihp_imp_desc,0.5,MORE-LESS,pair5,P,4353,4353,66517,1,0,1,-6.34375,3.53125
hihp_imp_desc,0.5,MORE-LESS,pair5,Q,4353,4353,66517,1,0,1,-6.5,4.515625
hihp_imp_desc,0.5,MORE-LESS,pair6,P,44585,44585,26317,1,0,1,-7.4140625,2.65625
hihp_imp_desc,0.5,MORE-LESS,pair6,Q,44585,44585,26317,1,0,1,-8.44091796875,4.96875
hihp_imp_desc,0.5,MORE-LESS,pair7,P,17580,17580,4353,1,0,1,-4.9375,3.640625
hihp_imp_desc,0.5,MORE-LESS,pair7,Q,17580,17580,4353,1,0,1,-6.4140625,4.125
hihp_imp_desc,0.5,MORE-LESS,pair8,P,59380,59380,35092,1,0,1,-9.40625,2.65625
hihp_imp_desc,0.5,MORE-LESS,pair8,Q,59380,59380,35092,1,0,1,-9.265625,3.46875
hihp_imp_desc,0.5,MORE-LESS,pair9,P,45549,45549,4371,1,0,1,-4.796875,2.375
hihp_imp_desc,0.5,MORE-LESS,pair9,Q,45549,45549,4371,1,0,1,-6.4609375,3.5
hilp_imp_desc,0.05,SAME-OPP,pair0,P,14265,14265,14265,1,1,0,0.0,0.0234375
hilp_imp_desc,0.05,SAME-OPP,pair0,Q,6485,6485,6485,1,1,0,0.0625,-0.015625
hilp_imp_desc,0.05,SAME-OPP,pair1,P,14265,14265,14265,1,1,0,-0.03125,0.015625
hilp_imp_desc,0.05,SAME-OPP,pair1,Q,6485,6485,6485,1,1,0,0.03125,-0.09375
hilp_imp_desc,0.05,SAME-OPP,pair2,P,14265,14265,14265,1,1,0,0.03125,0.1875
hilp_imp_desc,0.05,SAME-OPP,pair2,Q,6485,6485,6485,1,1,0,0.0,-0.203125
hilp_imp_desc,0.05,SAME-OPP,pair3,P,14265,14265,14265,1,1,0,-0.03125,-0.203125
hilp_imp_desc,0.05,SAME-OPP,pair3,Q,6485,6485,6485,1,1,0,0.0,-0.25
hilp_imp_desc,0.05,SAME-OPP,pair4,P,14265,14265,14265,1,1,0,-0.0625,-0.1875
hilp_imp_desc,0.05,SAME-OPP,pair4,Q,6485,6485,6485,1,1,0,-0.03125,-0.234375
hilp_imp_desc,0.05,SAME-OPP,pair5,P,14265,14265,14265,1,1,0,0.03125,-0.3203125
hilp_imp_desc,0.05,SAME-OPP,pair5,Q,6485,6485,6485,1,1,0,0.03125,-0.171875
hilp_imp_desc,0.05,SAME-OPP,pair6,P,14265,14265,14265,1,1,0,0.0,-0.296875
hilp_imp_desc,0.05,SAME-OPP,pair6,Q,6485,6485,6485,1,1,0,0.0,-0.25
hilp_imp_desc,0.05,SAME-OPP,pair7,P,14265,14265,14265,1,1,0,0.03125,-0.03515625
hilp_imp_desc,0.05,SAME-OPP,pair7,Q,6485,6485,6485,1,1,0,0.0625,-0.1484375
hilp_imp_desc,0.05,SAME-OPP,pair8,P,14265,14265,14265,1,1,0,0.03125,-0.125
hilp_imp_desc,0.05,SAME-OPP,pair8,Q,6485,6485,6485,1,1,0,0.0625,-0.220703125
hilp_imp_desc,0.05,SAME-OPP,pair9,P,14265,14265,14265,1,1,0,0.0,0.07421875
hilp_imp_desc,0.05,SAME-OPP,pair9,Q,6485,6485,6485,1,1,0,-0.03125,-0.2294921875
hilp_imp_desc,0.05,SAME-MORE,pair0,P,14265,14265,14265,1,1,0,0.03125,0.4296875
hilp_imp_desc,0.05,SAME-MORE,pair0,Q,6485,6485,6485,1,1,0,0.0625,0.05950927734375
hilp_imp_desc,0.05,SAME-MORE,pair1,P,14265,14265,14265,1,1,0,-0.09375,0.0
hilp_imp_desc,0.05,SAME-MORE,pair1,Q,6485,6485,6485,1,1,0,-0.03125,0.0
hilp_imp_desc,0.05,SAME-MORE,pair2,P,14265,14265,14265,1,1,0,-0.03125,0.390625
hilp_imp_desc,0.05,SAME-MORE,pair2,Q,6485,6485,6485,1,1,0,0.0,0.3994140625
hilp_imp_desc,0.05,SAME-MORE,pair3,P,14265,14265,14265,1,1,0,0.0,0.2860107421875
hilp_imp_desc,0.05,SAME-MORE,pair3,Q,6485,6485,6485,1,1,0,-0.03125,0.052734375
hilp_imp_desc,0.05,SAME-MORE,pair4,P,14265,14265,14265,1,1,0,-0.125,-0.109375
hilp_imp_desc,0.05,SAME-MORE,pair4,Q,6485,6485,6485,1,1,0,-0.03125,0.22265625
hilp_imp_desc,0.05,SAME-MORE,pair5,P,14265,14265,14265,1,1,0,-0.0625,0.15625
hilp_imp_desc,0.05,SAME-MORE,pair5,Q,6485,6485,6485,1,1,0,0.03125,0.03948974609375
hilp_imp_desc,0.05,SAME-MORE,pair6,P,14265,14265,14265,1,1,0,0.0,0.015625
hilp_imp_desc,0.05,SAME-MORE,pair6,Q,6485,6485,6485,1,1,0,0.0,0.0546875
hilp_imp_desc,0.05,SAME-MORE,pair7,P,14265,14265,14265,1,1,0,-0.0625,0.1875
hilp_imp_desc,0.05,SAME-MORE,pair7,Q,6485,6485,6485,1,1,0,-0.03125,0.171875
hilp_imp_desc,0.05,SAME-MORE,pair8,P,14265,14265,14265,1,1,0,-0.03125,0.375
hilp_imp_desc,0.05,SAME-MORE,pair8,Q,6485,6485,6485,1,1,0,0.0,-0.03125
hilp_imp_desc,0.05,SAME-MORE,pair9,P,14265,14265,14265,1,1,0,0.0625,0.296875
hilp_imp_desc,0.05,SAME-MORE,pair9,Q,6485,6485,6485,1,1,0,0.03125,0.1015625
hilp_imp_desc,0.05,SAME-LESS,pair0,P,14265,14265,14265,1,1,0,0.0625,-0.625
hilp_imp_desc,0.05,SAME-LESS,pair0,Q,6485,6485,6485,1,1,0,0.0625,-0.41796875
hilp_imp_desc,0.05,SAME-LESS,pair1,P,14265,14265,14265,1,1,0,-0.03125,-0.125
hilp_imp_desc,0.05,SAME-LESS,pair1,Q,6485,6485,6485,1,1,0,0.0,-0.296875
hilp_imp_desc,0.05,SAME-LESS,pair2,P,14265,14265,14265,1,1,0,-0.0625,0.0625
hilp_imp_desc,0.05,SAME-LESS,pair2,Q,6485,6485,6485,1,1,0,-0.03125,-0.048828125
hilp_imp_desc,0.05,SAME-LESS,pair3,P,14265,14265,14265,1,1,0,-0.03125,-0.296875
hilp_imp_desc,0.05,SAME-LESS,pair3,Q,6485,6485,6485,1,1,0,0.0,-0.4912109375
hilp_imp_desc,0.05,SAME-LESS,pair4,P,14265,14265,14265,1,1,0,-0.15625,-0.515625
hilp_imp_desc,0.05,SAME-LESS,pair4,Q,6485,6485,6485,1,1,0,-0.0625,-0.421875
hilp_imp_desc,0.05,SAME-LESS,pair5,P,14265,14265,14265,1,1,0,-0.09375,-0.6875
hilp_imp_desc,0.05,SAME-LESS,pair5,Q,6485,6485,6485,1,1,0,0.0,-0.40625
hilp_imp_desc,0.05,SAME-LESS,pair6,P,14265,14265,14265,1,1,0,-0.0625,-0.53125
hilp_imp_desc,0.05,SAME-LESS,pair6,Q,6485,6485,6485,1,1,0,0.0,-0.326171875
hilp_imp_desc,0.05,SAME-LESS,pair7,P,14265,14265,14265,1,1,0,-0.03125,-0.28125
hilp_imp_desc,0.05,SAME-LESS,pair7,Q,6485,6485,6485,1,1,0,-0.03125,-0.265625
hilp_imp_desc,0.05,SAME-LESS,pair8,P,14265,14265,14265,1,1,0,-0.125,0.15625
hilp_imp_desc,0.05,SAME-LESS,pair8,Q,6485,6485,6485,1,1,0,-0.0625,-0.34765625
hilp_imp_desc,0.05,SAME-LESS,pair9,P,14265,14265,14265,1,1,0,-0.03125,-0.609375
hilp_imp_desc,0.05,SAME-LESS,pair9,Q,6485,6485,6485,1,1,0,0.0,-0.171875
hilp_imp_desc,0.05,OPP-MORE,pair0,P,46878,46878,46878,1,1,0,-0.1875,-0.46875
hilp_imp_desc,0.05,OPP-MORE,pair0,Q,4382,4382,4382,1,1,0,-0.0625,-0.3125
hilp_imp_desc,0.05,OPP-MORE,pair1,P,46878,46878,46878,1,1,0,-0.21875,-0.1875
hilp_imp_desc,0.05,OPP-MORE,pair1,Q,4382,4382,4382,1,1,0,-0.03125,-0.4375
hilp_imp_desc,0.05,OPP-MORE,pair2,P,46878,46878,46878,1,1,0,-0.0625,-0.3125
hilp_imp_desc,0.05,OPP-MORE,pair2,Q,4382,4382,4382,1,1,0,-0.03125,0.125
hilp_imp_desc,0.05,OPP-MORE,pair3,P,46878,46878,46878,1,1,0,-0.15625,-0.40625
hilp_imp_desc,0.05,OPP-MORE,pair3,Q,4382,4382,4382,1,1,0,-0.0625,-0.375
hilp_imp_desc,0.05,OPP-MORE,pair4,P,46878,46878,46878,1,1,0,-0.1875,-0.4375
hilp_imp_desc,0.05,OPP-MORE,pair4,Q,4382,4382,4382,1,1,0,-0.09375,-0.6875
hilp_imp_desc,0.05,OPP-MORE,pair5,P,46878,46878,46878,1,1,0,-0.15625,0.0625
hilp_imp_desc,0.05,OPP-MORE,pair5,Q,4382,4382,4382,1,1,0,-0.0625,-0.3125
hilp_imp_desc,0.05,OPP-MORE,pair6,P,46878,46878,46878,1,1,0,-0.03125,-0.53125
hilp_imp_desc,0.05,OPP-MORE,pair6,Q,4382,4382,4382,1,1,0,0.0,-0.703125
hilp_imp_desc,0.05,OPP-MORE,pair7,P,46878,46878,46878,1,1,0,-0.09375,0.125
hilp_imp_desc,0.05,OPP-MORE,pair7,Q,4382,4382,4382,1,1,0,-0.09375,-0.03125
hilp_imp_desc,0.05,OPP-MORE,pair8,P,46878,46878,46878,1,1,0,-0.15625,-0.125
hilp_imp_desc,0.05,OPP-MORE,pair8,Q,4382,4382,4382,1,1,0,-0.03125,-0.3125
hilp_imp_desc,0.05,OPP-MORE,pair9,P,46878,46878,46878,1,1,0,-0.0625,-0.125
hilp_imp_desc,0.05,OPP-MORE,pair9,Q,4382,4382,4382,1,1,0,0.0,-0.53125
hilp_imp_desc,0.05,OPP-LESS,pair0,P,46878,46878,46878,1,1,0,-0.15625,-0.125
hilp_imp_desc,0.05,OPP-LESS,pair0,Q,4382,4382,4382,1,1,0,-0.09375,-0.25
hilp_imp_desc,0.05,OPP-LESS,pair1,P,46878,46878,46878,1,1,0,-0.25,-0.03125
hilp_imp_desc,0.05,OPP-LESS,pair1,Q,4382,4382,4382,1,1,0,-0.09375,-0.09375
hilp_imp_desc,0.05,OPP-LESS,pair2,P,46878,46878,46878,1,1,0,-0.09375,-0.25
hilp_imp_desc,0.05,OPP-LESS,pair2,Q,4382,4382,4382,1,1,0,-0.03125,-0.0625
hilp_imp_desc,0.05,OPP-LESS,pair3,P,46878,46878,46878,1,1,0,-0.15625,-0.4375
hilp_imp_desc,0.05,OPP-LESS,pair3,Q,4382,4382,4382,1,1,0,-0.03125,-0.125
hilp_imp_desc,0.05,OPP-LESS,pair4,P,46878,46878,46878,1,1,0,-0.15625,-0.3125
hilp_imp_desc,0.05,OPP-LESS,pair4,Q,4382,4382,4382,1,1,0,-0.0625,-0.375
hilp_imp_desc,0.05,OPP-LESS,pair5,P,46878,46878,46878,1,1,0,-0.15625,0.0625
hilp_imp_desc,0.05,OPP-LESS,pair5,Q,4382,4382,4382,1,1,0,-0.0625,0.4375
hilp_imp_desc,0.05,OPP-LESS,pair6,P,46878,46878,46878,1,1,0,-0.125,-0.4375
hilp_imp_desc,0.05,OPP-LESS,pair6,Q,4382,4382,4382,1,1,0,-0.0625,-0.25
hilp_imp_desc,0.05,OPP-LESS,pair7,P,46878,46878,46878,1,1,0,-0.15625,-0.0625
hilp_imp_desc,0.05,OPP-LESS,pair7,Q,4382,4382,4382,1,1,0,-0.125,-0.25
hilp_imp_desc,0.05,OPP-LESS,pair8,P,46878,46878,46878,1,1,0,-0.15625,0.0
hilp_imp_desc,0.05,OPP-LESS,pair8,Q,4382,4382,4382,1,1,0,-0.03125,0.125
hilp_imp_desc,0.05,OPP-LESS,pair9,P,46878,46878,46878,1,1,0,-0.0625,-0.125
hilp_imp_desc,0.05,OPP-LESS,pair9,Q,4382,4382,4382,1,1,0,0.0,-0.25
hilp_imp_desc,0.05,MORE-LESS,pair0,P,2834,2834,2834,1,1,0,0.0625,-0.0234375
hilp_imp_desc,0.05,MORE-LESS,pair0,Q,2834,2834,2834,1,1,0,-0.03125,-0.03125
hilp_imp_desc,0.05,MORE-LESS,pair1,P,20120,20120,20120,1,1,0,0.0,-0.0625
hilp_imp_desc,0.05,MORE-LESS,pair1,Q,20120,20120,20120,1,1,0,-0.0625,0.0859375
hilp_imp_desc,0.05,MORE-LESS,pair2,P,32732,32732,32732,1,1,0,0.03125,0.0
hilp_imp_desc,0.05,MORE-LESS,pair2,Q,32732,32732,32732,1,1,0,0.03125,0.03125
hilp_imp_desc,0.05,MORE-LESS,pair3,P,3566,3566,3566,1,1,0,0.0,0.0
hilp_imp_desc,0.05,MORE-LESS,pair3,Q,3566,3566,3566,1,1,0,0.0625,0.03125
hilp_imp_desc,0.05,MORE-LESS,pair4,P,28953,28953,28953,1,1,0,0.0,-0.15625
hilp_imp_desc,0.05,MORE-LESS,pair4,Q,28953,28953,28953,1,1,0,-0.0625,-0.177734375
hilp_imp_desc,0.05,MORE-LESS,pair5,P,4353,4353,4353,1,1,0,0.0625,-0.125
hilp_imp_desc,0.05,MORE-LESS,pair5,Q,4353,4353,4353,1,1,0,0.0,-0.015625
hilp_imp_desc,0.05,MORE-LESS,pair6,P,44585,44585,44585,1,1,0,0.0,-0.15625
hilp_imp_desc,0.05,MORE-LESS,pair6,Q,44585,44585,44585,1,1,0,0.0,-0.09375
hilp_imp_desc,0.05,MORE-LESS,pair7,P,17580,17580,17580,1,1,0,0.0625,-0.0625
hilp_imp_desc,0.05,MORE-LESS,pair7,Q,17580,17580,17580,1,1,0,0.0625,-0.125
hilp_imp_desc,0.05,MORE-LESS,pair8,P,59380,59380,59380,1,1,0,0.0625,-0.03125
hilp_imp_desc,0.05,MORE-LESS,pair8,Q,59380,59380,59380,1,1,0,-0.03125,-0.0625
hilp_imp_desc,0.05,MORE-LESS,pair9,P,45549,45549,45549,1,1,0,0.03125,-0.0625
hilp_imp_desc,0.05,MORE-LESS,pair9,Q,45549,45549,45549,1,1,0,-0.03125,-0.0625
hilp_imp_desc,0.1,SAME-OPP,pair0,P,14265,14265,14265,1,1,0,0.0625,0.109375
hilp_imp_desc,0.1,SAME-OPP,pair0,Q,6485,6485,6485,1,1,0,0.09375,-0.0625
hilp_imp_desc,0.1,SAME-OPP,pair1,P,14265,14265,14265,1,1,0,-0.03125,0.0234375
hilp_imp_desc,0.1,SAME-OPP,pair1,Q,6485,6485,6485,1,1,0,0.0,-0.15625
hilp_imp_desc,0.1,SAME-OPP,pair2,P,14265,14265,14265,1,1,0,0.03125,0.125
hilp_imp_desc,0.1,SAME-OPP,pair2,Q,6485,6485,6485,1,1,0,0.0,-0.28125
hilp_imp_desc,0.1,SAME-OPP,pair3,P,14265,14265,14265,1,1,0,-0.09375,-0.25
hilp_imp_desc,0.1,SAME-OPP,pair3,Q,6485,6485,6485,1,1,0,0.0,-0.28125
hilp_imp_desc,0.1,SAME-OPP,pair4,P,14265,14265,14265,1,1,0,-0.15625,-0.15234375
hilp_imp_desc,0.1,SAME-OPP,pair4,Q,6485,6485,6485,1,1,0,0.0,-0.28125
hilp_imp_desc,0.1,SAME-OPP,pair5,P,14265,14265,14265,1,1,0,0.03125,-0.3671875
hilp_imp_desc,0.1,SAME-OPP,pair5,Q,6485,6485,6485,1,1,0,0.0625,-0.3125
hilp_imp_desc,0.1,SAME-OPP,pair6,P,14265,14265,14265,1,1,0,0.0,-0.365234375
hilp_imp_desc,0.1,SAME-OPP,pair6,Q,6485,6485,6485,1,1,0,-0.09375,-0.3515625
hilp_imp_desc,0.1,SAME-OPP,pair7,P,14265,14265,14265,1,1,0,0.0625,-0.02734375
hilp_imp_desc,0.1,SAME-OPP,pair7,Q,6485,6485,6485,1,1,0,0.0625,-0.234375
hilp_imp_desc,0.1,SAME-OPP,pair8,P,14265,14265,14265,1,1,0,0.0,-0.0625
hilp_imp_desc,0.1,SAME-OPP,pair8,Q,6485,6485,6485,1,1,0,0.0,-0.412109375
hilp_imp_desc,0.1,SAME-OPP,pair9,P,14265,14265,14265,1,1,0,0.03125,0.0234375
hilp_imp_desc,0.1,SAME-OPP,pair9,Q,6485,6485,6485,1,1,0,0.0,-0.3076171875
hilp_imp_desc,0.1,SAME-MORE,pair0,P,14265,14265,14265,1,1,0,0.0625,0.654296875
hilp_imp_desc,0.1,SAME-MORE,pair0,Q,6485,6485,6485,1,1,0,0.0625,0.27313232421875
hilp_imp_desc,0.1,SAME-MORE,pair1,P,14265,14265,14265,1,1,0,-0.0625,-0.09375
hilp_imp_desc,0.1,SAME-MORE,pair1,Q,6485,6485,6485,1,1,0,-0.0625,-0.078125
hilp_imp_desc,0.1,SAME-MORE,pair2,P,14265,14265,14265,1,1,0,-0.15625,0.578125
hilp_imp_desc,0.1,SAME-MORE,pair2,Q,6485,6485,6485,1,1,0,-0.0625,0.263671875
hilp_imp_desc,0.1,SAME-MORE,pair3,P,14265,14265,14265,1,1,0,-0.09375,0.0693359375
hilp_imp_desc,0.1,SAME-MORE,pair3,Q,6485,6485,6485,1,1,0,0.0,-0.099609375
hilp_imp_desc,0.1,SAME-MORE,pair4,P,14265,14265,14265,1,1,0,-0.21875,-0.390625
hilp_imp_desc,0.1,SAME-MORE,pair4,Q,6485,6485,6485,1,1,0,-0.09375,0.14453125
hilp_imp_desc,0.1,SAME-MORE,pair5,P,14265,14265,14265,1,1,0,-0.03125,-0.0625
hilp_imp_desc,0.1,SAME-MORE,pair5,Q,6485,6485,6485,1,1,0,-0.0625,0.05535888671875
hilp_imp_desc,0.1,SAME-MORE,pair6,P,14265,14265,14265,1,1,0,-0.0625,-0.2890625
hilp_imp_desc,0.1,SAME-MORE,pair6,Q,6485,6485,6485,1,1,0,-0.0625,-0.24609375
hilp_imp_desc,0.1,SAME-MORE,pair7,P,14265,14265,14265,1,1,0,-0.03125,-0.03125
hilp_imp_desc,0.1,SAME-MORE,pair7,Q,6485,6485,6485,1,1,0,-0.03125,-0.015625
hilp_imp_desc,0.1,SAME-MORE,pair8,P,14265,14265,14265,1,1,0,-0.03125,0.125
hilp_imp_desc,0.1,SAME-MORE,pair8,Q,6485,6485,6485,1,1,0,0.0,-0.09375
hilp_imp_desc,0.1,SAME-MORE,pair9,P,14265,14265,14265,1,1,0,0.03125,0.546875
hilp_imp_desc,0.1,SAME-MORE,pair9,Q,6485,6485,6485,1,1,0,0.03125,0.30078125
hilp_imp_desc,0.1,SAME-LESS,pair0,P,14265,14265,14265,1,1,0,-0.0625,-0.625
hilp_imp_desc,0.1,SAME-LESS,pair0,Q,6485,6485,6485,1,1,0,0.0625,-0.494140625
hilp_imp_desc,0.1,SAME-LESS,pair1,P,14265,14265,14265,1,1,0,-0.125,-0.28125
hilp_imp_desc,0.1,SAME-LESS,pair1,Q,6485,6485,6485,1,1,0,-0.03125,-0.5
hilp_imp_desc,0.1,SAME-LESS,pair2,P,14265,14265,14265,1,1,0,-0.1875,-0.03125
hilp_imp_desc,0.1,SAME-LESS,pair2,Q,6485,6485,6485,1,1,0,-0.0625,-0.361328125
hilp_imp_desc,0.1,SAME-LESS,pair3,P,14265,14265,14265,1,1,0,-0.15625,-0.578125
hilp_imp_desc,0.1,SAME-LESS,pair3,Q,6485,6485,6485,1,1,0,-0.03125,-0.53515625
hilp_imp_desc,0.1,SAME-LESS,pair4,P,14265,14265,14265,1,1,0,-0.21875,-1.203125
hilp_imp_desc,0.1,SAME-LESS,pair4,Q,6485,6485,6485,1,1,0,-0.125,-0.859375
hilp_imp_desc,0.1,SAME-LESS,pair5,P,14265,14265,14265,1,1,0,-0.15625,-1.3125
hilp_imp_desc,0.1,SAME-LESS,pair5,Q,6485,6485,6485,1,1,0,-0.0625,-0.921875
hilp_imp_desc,0.1,SAME-LESS,pair6,P,14265,14265,14265,1,1,0,-0.125,-1.046875
hilp_imp_desc,0.1,SAME-LESS,pair6,Q,6485,6485,6485,1,1,0,-0.125,-0.6826171875
hilp_imp_desc,0.1,SAME-LESS,pair7,P,14265,14265,14265,1,1,0,-0.0625,-0.6875
hilp_imp_desc,0.1,SAME-LESS,pair7,Q,6485,6485,6485,1,1,0,0.03125,-0.2421875
hilp_imp_desc,0.1,SAME-LESS,pair8,P,14265,14265,14265,1,1,0,-0.09375,-0.1875
hilp_imp_desc,0.1,SAME-LESS,pair8,Q,6485,6485,6485,1,1,0,-0.09375,-0.4453125
hilp_imp_desc,0.1,SAME-LESS,pair9,P,14265,14265,14265,1,1,0,0.0,-0.65625
hilp_imp_desc,0.1,SAME-LESS,pair9,Q,6485,6485,6485,1,1,0,0.0,-0.3203125
hilp_imp_desc,0.1,OPP-MORE,pair0,P,46878,46878,46878,1,1,0,-0.0625,-0.328125
hilp_imp_desc,0.1,OPP-MORE,pair0,Q,4382,4382,4382,1,1,0,-0.03125,-0.5625
hilp_imp_desc,0.1,OPP-MORE,pair1,P,46878,46878,46878,1,1,0,-0.15625,-0.03125
hilp_imp_desc,0.1,OPP-MORE,pair1,Q,4382,4382,4382,1,1,0,-0.09375,-0.1875
hilp_imp_desc,0.1,OPP-MORE,pair2,P,46878,46878,46878,1,1,0,0.0625,0.0
hilp_imp_desc,0.1,OPP-MORE,pair2,Q,4382,4382,4382,1,1,0,0.03125,0.5
hilp_imp_desc,0.1,OPP-MORE,pair3,P,46878,46878,46878,1,1,0,-0.0625,-0.34375
hilp_imp_desc,0.1,OPP-MORE,pair3,Q,4382,4382,4382,1,1,0,-0.03125,-0.0625
hilp_imp_desc,0.1,OPP-MORE,pair4,P,46878,46878,46878,1,1,0,-0.03125,-0.5
hilp_imp_desc,0.1,OPP-MORE,pair4,Q,4382,4382,4382,1,1,0,-0.03125,-0.625
hilp_imp_desc,0.1,OPP-MORE,pair5,P,46878,46878,46878,1,1,0,-0.03125,0.4375
hilp_imp_desc,0.1,OPP-MORE,pair5,Q,4382,4382,4382,1,1,0,0.0,0.34375
hilp_imp_desc,0.1,OPP-MORE,pair6,P,46878,46878,46878,1,1,0,0.09375,-0.375
hilp_imp_desc,0.1,OPP-MORE,pair6,Q,4382,4382,4382,1,1,0,-0.03125,-1.078125
hilp_imp_desc,0.1,OPP-MORE,pair7,P,46878,46878,46878,1,1,0,0.0,0.25
hilp_imp_desc,0.1,OPP-MORE,pair7,Q,4382,4382,4382,1,1,0,-0.0625,0.28125
hilp_imp_desc,0.1,OPP-MORE,pair8,P,46878,46878,46878,1,1,0,0.03125,-0.25
hilp_imp_desc,0.1,OPP-MORE,pair8,Q,4382,4382,4382,1,1,0,0.0625,-0.5
hilp_imp_desc,0.1,OPP-MORE,pair9,P,46878,46878,46878,1,1,0,0.03125,0.1875
hilp_imp_desc,0.1,OPP-MORE,pair9,Q,4382,4382,4382,1,1,0,0.0,0.125
hilp_imp_desc,0.1,OPP-LESS,pair0,P,46878,46878,46878,1,1,0,-0.09375,0.0625
hilp_imp_desc,0.1,OPP-LESS,pair0,Q,4382,4382,4382,1,1,0,-0.03125,-0.375
hilp_imp_desc,0.1,OPP-LESS,pair1,P,46878,46878,46878,1,1,0,-0.125,-0.1875
hilp_imp_desc,0.1,OPP-LESS,pair1,Q,4382,4382,4382,1,1,0,-0.09375,-0.328125
hilp_imp_desc,0.1,OPP-LESS,pair2,P,46878,46878,46878,1,1,0,0.0,-0.0625
hilp_imp_desc,0.1,OPP-LESS,pair2,Q,4382,4382,4382,1,1,0,0.125,0.0
hilp_imp_desc,0.1,OPP-LESS,pair3,P,46878,46878,46878,1,1,0,-0.09375,-0.4375
hilp_imp_desc,0.1,OPP-LESS,pair3,Q,4382,4382,4382,1,1,0,0.03125,0.1875
hilp_imp_desc,0.1,OPP-LESS,pair4,P,46878,46878,46878,1,1,0,-0.0625,0.0
hilp_imp_desc,0.1,OPP-LESS,pair4,Q,4382,4382,4382,1,1,0,-0.0625,-0.375
hilp_imp_desc,0.1,OPP-LESS,pair5,P,46878,46878,46878,1,1,0,-0.03125,0.375
hilp_imp_desc,0.1,OPP-LESS,pair5,Q,4382,4382,4382,1,1,0,0.0,0.1875
hilp_imp_desc,0.1,OPP-LESS,pair6,P,46878,46878,46878,1,1,0,0.0,0.0
hilp_imp_desc,0.1,OPP-LESS,pair6,Q,4382,4382,4382,1,1,0,0.0,-0.4375
hilp_imp_desc,0.1,OPP-LESS,pair7,P,46878,46878,46878,1,1,0,0.03125,0.0625
hilp_imp_desc,0.1,OPP-LESS,pair7,Q,4382,4382,4382,1,1,0,-0.0625,0.1875
hilp_imp_desc,0.1,OPP-LESS,pair8,P,46878,46878,46878,1,1,0,-0.03125,-0.125
hilp_imp_desc,0.1,OPP-LESS,pair8,Q,4382,4382,4382,1,1,0,0.03125,0.0625
hilp_imp_desc,0.1,OPP-LESS,pair9,P,46878,46878,46878,1,1,0,0.0625,-0.125
hilp_imp_desc,0.1,OPP-LESS,pair9,Q,4382,4382,4382,1,1,0,0.03125,-0.21875
hilp_imp_desc,0.1,MORE-LESS,pair0,P,2834,2834,2834,1,1,0,0.0625,0.0234375
hilp_imp_desc,0.1,MORE-LESS,pair0,Q,2834,2834,2834,1,1,0,-0.03125,0.046875
hilp_imp_desc,0.1,MORE-LESS,pair1,P,20120,20120,20120,1,1,0,0.0,-0.046875
hilp_imp_desc,0.1,MORE-LESS,pair1,Q,20120,20120,20120,1,1,0,0.0,0.1953125
hilp_imp_desc,0.1,MORE-LESS,pair2,P,32732,32732,32732,1,1,0,0.0625,0.03125
hilp_imp_desc,0.1,MORE-LESS,pair2,Q,32732,32732,32732,1,1,0,0.0,-0.0625
hilp_imp_desc,0.1,MORE-LESS,pair3,P,3566,3566,3566,1,1,0,0.0,0.0625
hilp_imp_desc,0.1,MORE-LESS,pair3,Q,3566,3566,3566,1,1,0,0.03125,0.09375
hilp_imp_desc,0.1,MORE-LESS,pair4,P,28953,28953,28953,1,1,0,0.0,-0.03125
hilp_imp_desc,0.1,MORE-LESS,pair4,Q,28953,28953,28953,1,1,0,-0.0625,0.0625
hilp_imp_desc,0.1,MORE-LESS,pair5,P,4353,4353,4353,1,1,0,0.0,0.15625
hilp_imp_desc,0.1,MORE-LESS,pair5,Q,4353,4353,4353,1,1,0,0.0625,0.15625
hilp_imp_desc,0.1,MORE-LESS,pair6,P,44585,44585,44585,1,1,0,0.0,-0.0625
hilp_imp_desc,0.1,MORE-LESS,pair6,Q,44585,44585,44585,1,1,0,0.125,0.078125
hilp_imp_desc,0.1,MORE-LESS,pair7,P,17580,17580,17580,1,1,0,0.0625,0.0625
hilp_imp_desc,0.1,MORE-LESS,pair7,Q,17580,17580,17580,1,1,0,0.0625,-0.03125
hilp_imp_desc,0.1,MORE-LESS,pair8,P,59380,59380,59380,1,1,0,0.03125,0.0
hilp_imp_desc,0.1,MORE-LESS,pair8,Q,59380,59380,59380,1,1,0,-0.03125,0.0
hilp_imp_desc,0.1,MORE-LESS,pair9,P,45549,45549,45549,1,1,0,0.03125,-0.03125
hilp_imp_desc,0.1,MORE-LESS,pair9,Q,45549,45549,45549,1,1,0,-0.03125,-0.0625
hilp_imp_desc,0.2,SAME-OPP,pair0,P,14265,14265,14265,1,1,0,0.03125,-0.046875
hilp_imp_desc,0.2,SAME-OPP,pair0,Q,6485,6485,6485,1,1,0,0.03125,-0.0625
hilp_imp_desc,0.2,SAME-OPP,pair1,P,14265,14265,14265,1,1,0,-0.0625,-0.0625
hilp_imp_desc,0.2,SAME-OPP,pair1,Q,6485,6485,6485,1,1,0,0.0,-0.15625
hilp_imp_desc,0.2,SAME-OPP,pair2,P,14265,14265,14265,1,1,0,0.0625,0.171875
hilp_imp_desc,0.2,SAME-OPP,pair2,Q,6485,6485,6485,1,1,0,0.0,-0.2421875
hilp_imp_desc,0.2,SAME-OPP,pair3,P,14265,14265,14265,1,1,0,-0.03125,-0.15625
hilp_imp_desc,0.2,SAME-OPP,pair3,Q,6485,6485,6485,1,1,0,-0.03125,-0.25
hilp_imp_desc,0.2,SAME-OPP,pair4,P,14265,14265,14265,1,1,0,-0.125,-0.16796875
hilp_imp_desc,0.2,SAME-OPP,pair4,Q,6485,6485,6485,1,1,0,0.0,-0.234375
hilp_imp_desc,0.2,SAME-OPP,pair5,P,14265,14265,14265,1,1,0,0.03125,-0.5234375
hilp_imp_desc,0.2,SAME-OPP,pair5,Q,6485,6485,6485,1,1,0,0.03125,-0.34375
hilp_imp_desc,0.2,SAME-OPP,pair6,P,14265,14265,14265,1,1,0,0.0,-0.33544921875
hilp_imp_desc,0.2,SAME-OPP,pair6,Q,6485,6485,6485,1,1,0,-0.125,-0.28125
hilp_imp_desc,0.2,SAME-OPP,pair7,P,14265,14265,14265,1,1,0,0.03125,-0.03125
hilp_imp_desc,0.2,SAME-OPP,pair7,Q,6485,6485,6485,1,1,0,0.0625,-0.203125
hilp_imp_desc,0.2,SAME-OPP,pair8,P,14265,14265,14265,1,1,0,0.09375,-0.140625
hilp_imp_desc,0.2,SAME-OPP,pair8,Q,6485,6485,6485,1,1,0,0.03125,-0.28515625
hilp_imp_desc,0.2,SAME-OPP,pair9,P,14265,14265,14265,1,1,0,0.0,0.0546875
hilp_imp_desc,0.2,SAME-OPP,pair9,Q,6485,6485,6485,1,1,0,-0.03125,-0.2939453125
hilp_imp_desc,0.2,SAME-MORE,pair0,P,14265,14265,14265,1,1,0,0.3125,-0.0234375
hilp_imp_desc,0.2,SAME-MORE,pair0,Q,6485,6485,6485,1,1,0,0.0625,-0.38897705078125
hilp_imp_desc,0.2,SAME-MORE,pair1,P,14265,14265,14265,1,1,0,-0.03125,-0.96875
hilp_imp_desc,0.2,SAME-MORE,pair1,Q,6485,6485,6485,1,1,0,0.03125,-0.421875
hilp_imp_desc,0.2,SAME-MORE,pair2,P,14265,14265,14265,1,1,0,-0.03125,-0.125
hilp_imp_desc,0.2,SAME-MORE,pair2,Q,6485,6485,6485,1,1,0,0.0,0.267578125
hilp_imp_desc,0.2,SAME-MORE,pair3,P,14265,14265,14265,1,1,0,0.0,-0.13671875
hilp_imp_desc,0.2,SAME-MORE,pair3,Q,6485,6485,6485,1,1,0,0.0625,-0.115234375
hilp_imp_desc,0.2,SAME-MORE,pair4,P,14265,14265,14265,1,1,0,-0.15625,-1.328125
hilp_imp_desc,0.2,SAME-MORE,pair4,Q,6485,6485,6485,1,1,0,0.09375,-0.02734375
hilp_imp_desc,0.2,SAME-MORE,pair5,P,14265,14265,14265,1,1,0,-0.0625,-0.6875
hilp_imp_desc,0.2,SAME-MORE,pair5,Q,6485,6485,6485,1,1,0,0.03125,-0.16949462890625
hilp_imp_desc,0.2,SAME-MORE,pair6,P,14265,14265,14265,1,1,0,0.0,-1.0859375
hilp_imp_desc,0.2,SAME-MORE,pair6,Q,6485,6485,6485,1,1,0,0.0625,-0.7138671875
hilp_imp_desc,0.2,SAME-MORE,pair7,P,14265,14265,14265,1,1,0,0.03125,-0.5
hilp_imp_desc,0.2,SAME-MORE,pair7,Q,6485,6485,6485,1,1,0,0.0625,-0.25
hilp_imp_desc,0.2,SAME-MORE,pair8,P,14265,14265,14265,1,1,0,0.03125,-0.8125
hilp_imp_desc,0.2,SAME-MORE,pair8,Q,6485,6485,6485,1,1,0,0.0,-0.8125
hilp_imp_desc,0.2,SAME-MORE,pair9,P,14265,14265,14265,1,1,0,0.09375,0.09375
hilp_imp_desc,0.2,SAME-MORE,pair9,Q,6485,6485,6485,1,1,0,0.125,0.08203125
hilp_imp_desc,0.2,SAME-LESS,pair0,P,14265,14265,14265,1,1,0,0.1875,-0.65625
hilp_imp_desc,0.2,SAME-LESS,pair0,Q,6485,6485,6485,1,1,0,0.0625,-0.513671875
hilp_imp_desc,0.2,SAME-LESS,pair1,P,14265,14265,14265,1,1,0,-0.0625,-0.296875
hilp_imp_desc,0.2,SAME-LESS,pair1,Q,6485,6485,6485,1,1,0,0.0,-0.4765625
hilp_imp_desc,0.2,SAME-LESS,pair2,P,14265,14265,14265,1,1,0,-0.0625,-0.625
hilp_imp_desc,0.2,SAME-LESS,pair2,Q,6485,6485,6485,1,1,0,0.0,-0.626953125
hilp_imp_desc,0.2,SAME-LESS,pair3,P,14265,14265,14265,1,1,0,0.03125,-0.078125
hilp_imp_desc,0.2,SAME-LESS,pair3,Q,6485,6485,6485,1,1,0,0.09375,-0.2469482421875
hilp_imp_desc,0.2,SAME-LESS,pair4,P,14265,14265,14265,1,1,0,-0.25,-1.578125
hilp_imp_desc,0.2,SAME-LESS,pair4,Q,6485,6485,6485,1,1,0,-0.03125,-0.875
hilp_imp_desc,0.2,SAME-LESS,pair5,P,14265,14265,14265,1,1,0,-0.125,-1.5
hilp_imp_desc,0.2,SAME-LESS,pair5,Q,6485,6485,6485,1,1,0,-0.03125,-1.3125
hilp_imp_desc,0.2,SAME-LESS,pair6,P,14265,14265,14265,1,1,0,-0.0625,-0.484375
hilp_imp_desc,0.2,SAME-LESS,pair6,Q,6485,6485,6485,1,1,0,0.0625,-0.1953125
hilp_imp_desc,0.2,SAME-LESS,pair7,P,14265,14265,14265,1,1,0,0.03125,-0.484375
hilp_imp_desc,0.2,SAME-LESS,pair7,Q,6485,6485,6485,1,1,0,0.0,-0.296875
hilp_imp_desc,0.2,SAME-LESS,pair8,P,14265,14265,14265,1,1,0,0.0625,-0.40625
hilp_imp_desc,0.2,SAME-LESS,pair8,Q,6485,6485,6485,1,1,0,-0.03125,-0.2109375
hilp_imp_desc,0.2,SAME-LESS,pair9,P,14265,14265,14265,1,1,0,0.09375,-0.796875
hilp_imp_desc,0.2,SAME-LESS,pair9,Q,6485,6485,6485,1,1,0,0.09375,0.0234375
hilp_imp_desc,0.2,OPP-MORE,pair0,P,46878,46878,46878,1,1,0,-0.03125,-0.28125
hilp_imp_desc,0.2,OPP-MORE,pair0,Q,4382,4382,4382,1,1,0,0.21875,-0.6875
hilp_imp_desc,0.2,OPP-MORE,pair1,P,46878,46878,46878,1,1,0,0.0,-0.84375
hilp_imp_desc,0.2,OPP-MORE,pair1,Q,4382,4382,4382,1,1,0,0.0,-0.5625
hilp_imp_desc,0.2,OPP-MORE,pair2,P,46878,46878,46878,1,1,0,0.0,-0.375
hilp_imp_desc,0.2,OPP-MORE,pair2,Q,4382,4382,4382,1,1,0,0.1875,0.5
hilp_imp_desc,0.2,OPP-MORE,pair3,P,46878,46878,46878,1,1,0,-0.03125,-0.53125
hilp_imp_desc,0.2,OPP-MORE,pair3,Q,4382,4382,4382,1,1,0,0.15625,0.25
hilp_imp_desc,0.2,OPP-MORE,pair4,P,46878,46878,46878,1,1,0,0.0,-1.1875
hilp_imp_desc,0.2,OPP-MORE,pair4,Q,4382,4382,4382,1,1,0,0.09375,-1.25
hilp_imp_desc,0.2,OPP-MORE,pair5,P,46878,46878,46878,1,1,0,0.0,0.0
hilp_imp_desc,0.2,OPP-MORE,pair5,Q,4382,4382,4382,1,1,0,0.125,-0.125
hilp_imp_desc,0.2,OPP-MORE,pair6,P,46878,46878,46878,1,1,0,0.125,-1.125
hilp_imp_desc,0.2,OPP-MORE,pair6,Q,4382,4382,4382,1,1,0,0.15625,-1.109375
hilp_imp_desc,0.2,OPP-MORE,pair7,P,46878,46878,46878,1,1,0,0.03125,0.15625
hilp_imp_desc,0.2,OPP-MORE,pair7,Q,4382,4382,4382,1,1,0,0.15625,0.28125
hilp_imp_desc,0.2,OPP-MORE,pair8,P,46878,46878,46878,1,1,0,0.03125,-1.125
hilp_imp_desc,0.2,OPP-MORE,pair8,Q,4382,4382,4382,1,1,0,0.15625,-0.875
hilp_imp_desc,0.2,OPP-MORE,pair9,P,46878,46878,46878,1,1,0,0.15625,-0.0625
hilp_imp_desc,0.2,OPP-MORE,pair9,Q,4382,4382,4382,1,1,0,0.15625,-0.59375
hilp_imp_desc,0.2,OPP-LESS,pair0,P,46878,46878,46878,1,1,0,0.0,-0.125
hilp_imp_desc,0.2,OPP-LESS,pair0,Q,4382,4382,4382,1,1,0,0.125,-0.375
hilp_imp_desc,0.2,OPP-LESS,pair1,P,46878,46878,46878,1,1,0,-0.09375,0.125
hilp_imp_desc,0.2,OPP-LESS,pair1,Q,4382,4382,4382,1,1,0,0.0,0.03125
hilp_imp_desc,0.2,OPP-LESS,pair2,P,46878,46878,46878,1,1,0,-0.09375,0.0625
hilp_imp_desc,0.2,OPP-LESS,pair2,Q,4382,4382,4382,1,1,0,0.28125,-0.125
hilp_imp_desc,0.2,OPP-LESS,pair3,P,46878,46878,46878,1,1,0,0.03125,-0.125
hilp_imp_desc,0.2,OPP-LESS,pair3,Q,4382,4382,4382,1,1,0,0.28125,0.6875
hilp_imp_desc,0.2,OPP-LESS,pair4,P,46878,46878,46878,1,1,0,-0.0625,-0.3125
hilp_imp_desc,0.2,OPP-LESS,pair4,Q,4382,4382,4382,1,1,0,0.125,-0.3125
hilp_imp_desc,0.2,OPP-LESS,pair5,P,46878,46878,46878,1,1,0,-0.03125,0.25
hilp_imp_desc,0.2,OPP-LESS,pair5,Q,4382,4382,4382,1,1,0,0.09375,0.4375
hilp_imp_desc,0.2,OPP-LESS,pair6,P,46878,46878,46878,1,1,0,0.03125,-0.0625
hilp_imp_desc,0.2,OPP-LESS,pair6,Q,4382,4382,4382,1,1,0,0.1875,0.125
hilp_imp_desc,0.2,OPP-LESS,pair7,P,46878,46878,46878,1,1,0,0.03125,0.375
hilp_imp_desc,0.2,OPP-LESS,pair7,Q,4382,4382,4382,1,1,0,0.125,0.3125
hilp_imp_desc,0.2,OPP-LESS,pair8,P,46878,46878,46878,1,1,0,0.0,-0.1875
hilp_imp_desc,0.2,OPP-LESS,pair8,Q,4382,4382,4382,1,1,0,0.125,0.4375
hilp_imp_desc,0.2,OPP-LESS,pair9,P,46878,46878,46878,1,1,0,0.09375,0.0625
hilp_imp_desc,0.2,OPP-LESS,pair9,Q,4382,4382,4382,1,1,0,0.15625,-0.21875
hilp_imp_desc,0.2,MORE-LESS,pair0,P,2834,2834,2834,1,1,0,0.0625,0.0234375
hilp_imp_desc,0.2,MORE-LESS,pair0,Q,2834,2834,2834,1,1,0,0.0,0.109375
hilp_imp_desc,0.2,MORE-LESS,pair1,P,20120,20120,20120,1,1,0,0.0,-0.046875
hilp_imp_desc,0.2,MORE-LESS,pair1,Q,20120,20120,20120,1,1,0,-0.0625,0.109375
hilp_imp_desc,0.2,MORE-LESS,pair2,P,32732,32732,32732,1,1,0,0.03125,0.03125
hilp_imp_desc,0.2,MORE-LESS,pair2,Q,32732,32732,32732,1,1,0,0.0,0.03125
hilp_imp_desc,0.2,MORE-LESS,pair3,P,3566,3566,3566,1,1,0,0.0,0.0625
hilp_imp_desc,0.2,MORE-LESS,pair3,Q,3566,3566,3566,1,1,0,0.03125,0.09375
hilp_imp_desc,0.2,MORE-LESS,pair4,P,28953,28953,28953,1,1,0,0.0,0.0
hilp_imp_desc,0.2,MORE-LESS,pair4,Q,28953,28953,28953,1,1,0,0.0,0.220703125
hilp_imp_desc,0.2,MORE-LESS,pair5,P,4353,4353,4353,1,1,0,0.0,0.1875
hilp_imp_desc,0.2,MORE-LESS,pair5,Q,4353,4353,4353,1,1,0,0.0,0.28125
hilp_imp_desc,0.2,MORE-LESS,pair6,P,44585,44585,44585,1,1,0,0.0,-0.0625
hilp_imp_desc,0.2,MORE-LESS,pair6,Q,44585,44585,44585,1,1,0,0.125,0.109375
hilp_imp_desc,0.2,MORE-LESS,pair7,P,17580,17580,17580,1,1,0,0.0625,0.140625
hilp_imp_desc,0.2,MORE-LESS,pair7,Q,17580,17580,17580,1,1,0,0.0,0.015625
hilp_imp_desc,0.2,MORE-LESS,pair8,P,59380,59380,59380,1,1,0,0.03125,0.03125
hilp_imp_desc,0.2,MORE-LESS,pair8,Q,59380,59380,59380,1,1,0,-0.03125,0.09375
hilp_imp_desc,0.2,MORE-LESS,pair9,P,45549,45549,45549,1,1,0,0.0,0.0
hilp_imp_desc,0.2,MORE-LESS,pair9,Q,45549,45549,45549,1,1,0,-0.03125,0.03125
hilp_imp_desc,0.3,SAME-OPP,pair0,P,14265,14265,14265,1,1,0,0.03125,-0.046875
hilp_imp_desc,0.3,SAME-OPP,pair0,Q,6485,6485,6485,1,1,0,0.03125,-0.0625
hilp_imp_desc,0.3,SAME-OPP,pair1,P,14265,14265,14265,1,1,0,-0.0625,-0.0625
hilp_imp_desc,0.3,SAME-OPP,pair1,Q,6485,6485,6485,1,1,0,0.0,-0.15625
hilp_imp_desc,0.3,SAME-OPP,pair2,P,14265,14265,14265,1,1,0,0.0625,0.171875
hilp_imp_desc,0.3,SAME-OPP,pair2,Q,6485,6485,6485,1,1,0,0.0,-0.2421875
hilp_imp_desc,0.3,SAME-OPP,pair3,P,14265,14265,14265,1,1,0,-0.03125,-0.15625
hilp_imp_desc,0.3,SAME-OPP,pair3,Q,6485,6485,6485,1,1,0,-0.03125,-0.25
hilp_imp_desc,0.3,SAME-OPP,pair4,P,14265,14265,14265,1,1,0,-0.125,-0.16796875
hilp_imp_desc,0.3,SAME-OPP,pair4,Q,6485,6485,6485,1,1,0,0.0,-0.234375
hilp_imp_desc,0.3,SAME-OPP,pair5,P,14265,14265,14265,1,1,0,0.03125,-0.5234375
hilp_imp_desc,0.3,SAME-OPP,pair5,Q,6485,6485,6485,1,1,0,0.03125,-0.34375
hilp_imp_desc,0.3,SAME-OPP,pair6,P,14265,14265,14265,1,1,0,0.0,-0.33544921875
hilp_imp_desc,0.3,SAME-OPP,pair6,Q,6485,6485,6485,1,1,0,-0.125,-0.28125
hilp_imp_desc,0.3,SAME-OPP,pair7,P,14265,14265,14265,1,1,0,0.03125,-0.03125
hilp_imp_desc,0.3,SAME-OPP,pair7,Q,6485,6485,6485,1,1,0,0.0625,-0.203125
hilp_imp_desc,0.3,SAME-OPP,pair8,P,14265,14265,14265,1,1,0,0.09375,-0.140625
hilp_imp_desc,0.3,SAME-OPP,pair8,Q,6485,6485,6485,1,1,0,0.03125,-0.28515625
hilp_imp_desc,0.3,SAME-OPP,pair9,P,14265,14265,14265,1,1,0,0.0,0.0546875
hilp_imp_desc,0.3,SAME-OPP,pair9,Q,6485,6485,6485,1,1,0,-0.03125,-0.2939453125
hilp_imp_desc,0.3,SAME-MORE,pair0,P,14265,14265,14265,1,1,0,0.3125,-0.0234375
hilp_imp_desc,0.3,SAME-MORE,pair0,Q,6485,6485,6485,1,1,0,0.0625,-0.38897705078125
hilp_imp_desc,0.3,SAME-MORE,pair1,P,14265,14265,14265,1,1,0,-0.03125,-0.96875
hilp_imp_desc,0.3,SAME-MORE,pair1,Q,6485,6485,6485,1,1,0,0.03125,-0.421875
hilp_imp_desc,0.3,SAME-MORE,pair2,P,14265,14265,14265,1,1,0,-0.03125,-0.125
hilp_imp_desc,0.3,SAME-MORE,pair2,Q,6485,6485,6485,1,1,0,0.0,0.267578125
hilp_imp_desc,0.3,SAME-MORE,pair3,P,14265,14265,14265,1,1,0,0.0,-0.13671875
hilp_imp_desc,0.3,SAME-MORE,pair3,Q,6485,6485,6485,1,1,0,0.0625,-0.115234375
hilp_imp_desc,0.3,SAME-MORE,pair4,P,14265,14265,14265,1,1,0,-0.15625,-1.328125
hilp_imp_desc,0.3,SAME-MORE,pair4,Q,6485,6485,6485,1,1,0,0.09375,-0.02734375
hilp_imp_desc,0.3,SAME-MORE,pair5,P,14265,14265,14265,1,1,0,-0.0625,-0.6875
hilp_imp_desc,0.3,SAME-MORE,pair5,Q,6485,6485,6485,1,1,0,0.03125,-0.16949462890625
hilp_imp_desc,0.3,SAME-MORE,pair6,P,14265,14265,14265,1,1,0,0.0,-1.0859375
hilp_imp_desc,0.3,SAME-MORE,pair6,Q,6485,6485,6485,1,1,0,0.0625,-0.7138671875
hilp_imp_desc,0.3,SAME-MORE,pair7,P,14265,14265,14265,1,1,0,0.03125,-0.5
hilp_imp_desc,0.3,SAME-MORE,pair7,Q,6485,6485,6485,1,1,0,0.0625,-0.25
hilp_imp_desc,0.3,SAME-MORE,pair8,P,14265,14265,14265,1,1,0,0.03125,-0.8125
hilp_imp_desc,0.3,SAME-MORE,pair8,Q,6485,6485,6485,1,1,0,0.0,-0.8125
hilp_imp_desc,0.3,SAME-MORE,pair9,P,14265,14265,14265,1,1,0,0.09375,0.09375
hilp_imp_desc,0.3,SAME-MORE,pair9,Q,6485,6485,6485,1,1,0,0.125,0.08203125
hilp_imp_desc,0.3,SAME-LESS,pair0,P,14265,14265,14265,1,1,0,0.1875,-0.65625
hilp_imp_desc,0.3,SAME-LESS,pair0,Q,6485,6485,6485,1,1,0,0.0625,-0.513671875
hilp_imp_desc,0.3,SAME-LESS,pair1,P,14265,14265,14265,1,1,0,-0.0625,-0.296875
hilp_imp_desc,0.3,SAME-LESS,pair1,Q,6485,6485,6485,1,1,0,0.0,-0.4765625
hilp_imp_desc,0.3,SAME-LESS,pair2,P,14265,14265,14265,1,1,0,-0.0625,-0.625
hilp_imp_desc,0.3,SAME-LESS,pair2,Q,6485,6485,6485,1,1,0,0.0,-0.626953125
hilp_imp_desc,0.3,SAME-LESS,pair3,P,14265,14265,14265,1,1,0,0.03125,-0.078125
hilp_imp_desc,0.3,SAME-LESS,pair3,Q,6485,6485,6485,1,1,0,0.09375,-0.2469482421875
hilp_imp_desc,0.3,SAME-LESS,pair4,P,14265,14265,14265,1,1,0,-0.25,-1.578125
hilp_imp_desc,0.3,SAME-LESS,pair4,Q,6485,6485,6485,1,1,0,-0.03125,-0.875
hilp_imp_desc,0.3,SAME-LESS,pair5,P,14265,14265,14265,1,1,0,-0.125,-1.5
hilp_imp_desc,0.3,SAME-LESS,pair5,Q,6485,6485,6485,1,1,0,-0.03125,-1.3125
hilp_imp_desc,0.3,SAME-LESS,pair6,P,14265,14265,14265,1,1,0,-0.0625,-0.484375
hilp_imp_desc,0.3,SAME-LESS,pair6,Q,6485,6485,6485,1,1,0,0.0625,-0.1953125
hilp_imp_desc,0.3,SAME-LESS,pair7,P,14265,14265,14265,1,1,0,0.03125,-0.484375
hilp_imp_desc,0.3,SAME-LESS,pair7,Q,6485,6485,6485,1,1,0,0.0,-0.296875
hilp_imp_desc,0.3,SAME-LESS,pair8,P,14265,14265,14265,1,1,0,0.0625,-0.40625
hilp_imp_desc,0.3,SAME-LESS,pair8,Q,6485,6485,6485,1,1,0,-0.03125,-0.2109375
hilp_imp_desc,0.3,SAME-LESS,pair9,P,14265,14265,14265,1,1,0,0.09375,-0.796875
hilp_imp_desc,0.3,SAME-LESS,pair9,Q,6485,6485,6485,1,1,0,0.09375,0.0234375
hilp_imp_desc,0.3,OPP-MORE,pair0,P,46878,46878,46878,1,1,0,-0.03125,-0.28125
hilp_imp_desc,0.3,OPP-MORE,pair0,Q,4382,4382,4382,1,1,0,0.21875,-0.6875
hilp_imp_desc,0.3,OPP-MORE,pair1,P,46878,46878,46878,1,1,0,0.0,-0.84375
hilp_imp_desc,0.3,OPP-MORE,pair1,Q,4382,4382,4382,1,1,0,0.0,-0.5625
hilp_imp_desc,0.3,OPP-MORE,pair2,P,46878,46878,46878,1,1,0,0.0,-0.375
hilp_imp_desc,0.3,OPP-MORE,pair2,Q,4382,4382,4382,1,1,0,0.1875,0.5
hilp_imp_desc,0.3,OPP-MORE,pair3,P,46878,46878,46878,1,1,0,-0.03125,-0.53125
hilp_imp_desc,0.3,OPP-MORE,pair3,Q,4382,4382,4382,1,1,0,0.15625,0.25
hilp_imp_desc,0.3,OPP-MORE,pair4,P,46878,46878,46878,1,1,0,0.0,-1.1875
hilp_imp_desc,0.3,OPP-MORE,pair4,Q,4382,4382,4382,1,1,0,0.09375,-1.25
hilp_imp_desc,0.3,OPP-MORE,pair5,P,46878,46878,46878,1,1,0,0.0,0.0
hilp_imp_desc,0.3,OPP-MORE,pair5,Q,4382,4382,4382,1,1,0,0.125,-0.125
hilp_imp_desc,0.3,OPP-MORE,pair6,P,46878,46878,46878,1,1,0,0.125,-1.125
hilp_imp_desc,0.3,OPP-MORE,pair6,Q,4382,4382,4382,1,1,0,0.15625,-1.109375
hilp_imp_desc,0.3,OPP-MORE,pair7,P,46878,46878,46878,1,1,0,0.03125,0.15625
hilp_imp_desc,0.3,OPP-MORE,pair7,Q,4382,4382,4382,1,1,0,0.15625,0.28125
hilp_imp_desc,0.3,OPP-MORE,pair8,P,46878,46878,46878,1,1,0,0.03125,-1.125
hilp_imp_desc,0.3,OPP-MORE,pair8,Q,4382,4382,4382,1,1,0,0.15625,-0.875
hilp_imp_desc,0.3,OPP-MORE,pair9,P,46878,46878,46878,1,1,0,0.15625,-0.0625
hilp_imp_desc,0.3,OPP-MORE,pair9,Q,4382,4382,4382,1,1,0,0.15625,-0.59375
hilp_imp_desc,0.3,OPP-LESS,pair0,P,46878,46878,46878,1,1,0,0.0,-0.125
hilp_imp_desc,0.3,OPP-LESS,pair0,Q,4382,4382,4382,1,1,0,0.125,-0.375
hilp_imp_desc,0.3,OPP-LESS,pair1,P,46878,46878,46878,1,1,0,-0.09375,0.125
hilp_imp_desc,0.3,OPP-LESS,pair1,Q,4382,4382,4382,1,1,0,0.0,0.03125
hilp_imp_desc,0.3,OPP-LESS,pair2,P,46878,46878,46878,1,1,0,-0.09375,0.0625
hilp_imp_desc,0.3,OPP-LESS,pair2,Q,4382,4382,4382,1,1,0,0.28125,-0.125
hilp_imp_desc,0.3,OPP-LESS,pair3,P,46878,46878,46878,1,1,0,0.03125,-0.125
hilp_imp_desc,0.3,OPP-LESS,pair3,Q,4382,4382,4382,1,1,0,0.28125,0.6875
hilp_imp_desc,0.3,OPP-LESS,pair4,P,46878,46878,46878,1,1,0,-0.0625,-0.3125
hilp_imp_desc,0.3,OPP-LESS,pair4,Q,4382,4382,4382,1,1,0,0.125,-0.3125
hilp_imp_desc,0.3,OPP-LESS,pair5,P,46878,46878,46878,1,1,0,-0.03125,0.25
hilp_imp_desc,0.3,OPP-LESS,pair5,Q,4382,4382,4382,1,1,0,0.09375,0.4375
hilp_imp_desc,0.3,OPP-LESS,pair6,P,46878,46878,46878,1,1,0,0.03125,-0.0625
hilp_imp_desc,0.3,OPP-LESS,pair6,Q,4382,4382,4382,1,1,0,0.1875,0.125
hilp_imp_desc,0.3,OPP-LESS,pair7,P,46878,46878,46878,1,1,0,0.03125,0.375
hilp_imp_desc,0.3,OPP-LESS,pair7,Q,4382,4382,4382,1,1,0,0.125,0.3125
hilp_imp_desc,0.3,OPP-LESS,pair8,P,46878,46878,46878,1,1,0,0.0,-0.1875
hilp_imp_desc,0.3,OPP-LESS,pair8,Q,4382,4382,4382,1,1,0,0.125,0.4375
hilp_imp_desc,0.3,OPP-LESS,pair9,P,46878,46878,46878,1,1,0,0.09375,0.0625
hilp_imp_desc,0.3,OPP-LESS,pair9,Q,4382,4382,4382,1,1,0,0.15625,-0.21875
hilp_imp_desc,0.3,MORE-LESS,pair0,P,2834,2834,2834,1,1,0,0.0625,0.0234375
hilp_imp_desc,0.3,MORE-LESS,pair0,Q,2834,2834,2834,1,1,0,0.0,0.109375
hilp_imp_desc,0.3,MORE-LESS,pair1,P,20120,20120,20120,1,1,0,0.0,-0.046875
hilp_imp_desc,0.3,MORE-LESS,pair1,Q,20120,20120,20120,1,1,0,-0.0625,0.109375
hilp_imp_desc,0.3,MORE-LESS,pair2,P,32732,32732,32732,1,1,0,0.03125,0.03125
hilp_imp_desc,0.3,MORE-LESS,pair2,Q,32732,32732,32732,1,1,0,0.0,0.03125
hilp_imp_desc,0.3,MORE-LESS,pair3,P,3566,3566,3566,1,1,0,0.0,0.0625
hilp_imp_desc,0.3,MORE-LESS,pair3,Q,3566,3566,3566,1,1,0,0.03125,0.09375
hilp_imp_desc,0.3,MORE-LESS,pair4,P,28953,28953,28953,1,1,0,0.0,0.0
hilp_imp_desc,0.3,MORE-LESS,pair4,Q,28953,28953,28953,1,1,0,0.0,0.220703125
hilp_imp_desc,0.3,MORE-LESS,pair5,P,4353,4353,4353,1,1,0,0.0,0.1875
hilp_imp_desc,0.3,MORE-LESS,pair5,Q,4353,4353,4353,1,1,0,0.0,0.28125
hilp_imp_desc,0.3,MORE-LESS,pair6,P,44585,44585,44585,1,1,0,0.0,-0.0625
hilp_imp_desc,0.3,MORE-LESS,pair6,Q,44585,44585,44585,1,1,0,0.125,0.109375
hilp_imp_desc,0.3,MORE-LESS,pair7,P,17580,17580,17580,1,1,0,0.0625,0.140625
hilp_imp_desc,0.3,MORE-LESS,pair7,Q,17580,17580,17580,1,1,0,0.0,0.015625
hilp_imp_desc,0.3,MORE-LESS,pair8,P,59380,59380,59380,1,1,0,0.03125,0.03125
hilp_imp_desc,0.3,MORE-LESS,pair8,Q,59380,59380,59380,1,1,0,-0.03125,0.09375
hilp_imp_desc,0.3,MORE-LESS,pair9,P,45549,45549,45549,1,1,0,0.0,0.0
hilp_imp_desc,0.3,MORE-LESS,pair9,Q,45549,45549,45549,1,1,0,-0.03125,0.03125
hilp_imp_desc,0.5,SAME-OPP,pair0,P,14265,14265,14265,1,1,0,0.03125,-0.046875
hilp_imp_desc,0.5,SAME-OPP,pair0,Q,6485,6485,6485,1,1,0,0.03125,-0.0625
hilp_imp_desc,0.5,SAME-OPP,pair1,P,14265,14265,14265,1,1,0,-0.0625,-0.0625
hilp_imp_desc,0.5,SAME-OPP,pair1,Q,6485,6485,6485,1,1,0,0.0,-0.15625
hilp_imp_desc,0.5,SAME-OPP,pair2,P,14265,14265,14265,1,1,0,0.0625,0.171875
hilp_imp_desc,0.5,SAME-OPP,pair2,Q,6485,6485,6485,1,1,0,0.0,-0.2421875
hilp_imp_desc,0.5,SAME-OPP,pair3,P,14265,14265,14265,1,1,0,-0.03125,-0.15625
hilp_imp_desc,0.5,SAME-OPP,pair3,Q,6485,6485,6485,1,1,0,-0.03125,-0.25
hilp_imp_desc,0.5,SAME-OPP,pair4,P,14265,14265,14265,1,1,0,-0.125,-0.16796875
hilp_imp_desc,0.5,SAME-OPP,pair4,Q,6485,6485,6485,1,1,0,0.0,-0.234375
hilp_imp_desc,0.5,SAME-OPP,pair5,P,14265,14265,14265,1,1,0,0.03125,-0.5234375
hilp_imp_desc,0.5,SAME-OPP,pair5,Q,6485,6485,6485,1,1,0,0.03125,-0.34375
hilp_imp_desc,0.5,SAME-OPP,pair6,P,14265,14265,14265,1,1,0,0.0,-0.33544921875
hilp_imp_desc,0.5,SAME-OPP,pair6,Q,6485,6485,6485,1,1,0,-0.125,-0.28125
hilp_imp_desc,0.5,SAME-OPP,pair7,P,14265,14265,14265,1,1,0,0.03125,-0.03125
hilp_imp_desc,0.5,SAME-OPP,pair7,Q,6485,6485,6485,1,1,0,0.0625,-0.203125
hilp_imp_desc,0.5,SAME-OPP,pair8,P,14265,14265,14265,1,1,0,0.09375,-0.140625
hilp_imp_desc,0.5,SAME-OPP,pair8,Q,6485,6485,6485,1,1,0,0.03125,-0.28515625
hilp_imp_desc,0.5,SAME-OPP,pair9,P,14265,14265,14265,1,1,0,0.0,0.0546875
hilp_imp_desc,0.5,SAME-OPP,pair9,Q,6485,6485,6485,1,1,0,-0.03125,-0.2939453125
hilp_imp_desc,0.5,SAME-MORE,pair0,P,14265,14265,14265,1,1,0,0.3125,-0.0234375
hilp_imp_desc,0.5,SAME-MORE,pair0,Q,6485,6485,6485,1,1,0,0.0625,-0.38897705078125
hilp_imp_desc,0.5,SAME-MORE,pair1,P,14265,14265,14265,1,1,0,-0.03125,-0.96875
hilp_imp_desc,0.5,SAME-MORE,pair1,Q,6485,6485,6485,1,1,0,0.03125,-0.421875
hilp_imp_desc,0.5,SAME-MORE,pair2,P,14265,14265,14265,1,1,0,-0.03125,-0.125
hilp_imp_desc,0.5,SAME-MORE,pair2,Q,6485,6485,6485,1,1,0,0.0,0.267578125
hilp_imp_desc,0.5,SAME-MORE,pair3,P,14265,14265,14265,1,1,0,0.0,-0.13671875
hilp_imp_desc,0.5,SAME-MORE,pair3,Q,6485,6485,6485,1,1,0,0.0625,-0.115234375
hilp_imp_desc,0.5,SAME-MORE,pair4,P,14265,14265,14265,1,1,0,-0.15625,-1.328125
hilp_imp_desc,0.5,SAME-MORE,pair4,Q,6485,6485,6485,1,1,0,0.09375,-0.02734375
hilp_imp_desc,0.5,SAME-MORE,pair5,P,14265,14265,14265,1,1,0,-0.0625,-0.6875
hilp_imp_desc,0.5,SAME-MORE,pair5,Q,6485,6485,6485,1,1,0,0.03125,-0.16949462890625
hilp_imp_desc,0.5,SAME-MORE,pair6,P,14265,14265,14265,1,1,0,0.0,-1.0859375
hilp_imp_desc,0.5,SAME-MORE,pair6,Q,6485,6485,6485,1,1,0,0.0625,-0.7138671875
hilp_imp_desc,0.5,SAME-MORE,pair7,P,14265,14265,14265,1,1,0,0.03125,-0.5
hilp_imp_desc,0.5,SAME-MORE,pair7,Q,6485,6485,6485,1,1,0,0.0625,-0.25
hilp_imp_desc,0.5,SAME-MORE,pair8,P,14265,14265,14265,1,1,0,0.03125,-0.8125
hilp_imp_desc,0.5,SAME-MORE,pair8,Q,6485,6485,6485,1,1,0,0.0,-0.8125
hilp_imp_desc,0.5,SAME-MORE,pair9,P,14265,14265,14265,1,1,0,0.09375,0.09375
hilp_imp_desc,0.5,SAME-MORE,pair9,Q,6485,6485,6485,1,1,0,0.125,0.08203125
hilp_imp_desc,0.5,SAME-LESS,pair0,P,14265,14265,14265,1,1,0,0.1875,-0.65625
hilp_imp_desc,0.5,SAME-LESS,pair0,Q,6485,6485,6485,1,1,0,0.0625,-0.513671875
hilp_imp_desc,0.5,SAME-LESS,pair1,P,14265,14265,14265,1,1,0,-0.0625,-0.296875
hilp_imp_desc,0.5,SAME-LESS,pair1,Q,6485,6485,6485,1,1,0,0.0,-0.4765625
hilp_imp_desc,0.5,SAME-LESS,pair2,P,14265,14265,14265,1,1,0,-0.0625,-0.625
hilp_imp_desc,0.5,SAME-LESS,pair2,Q,6485,6485,6485,1,1,0,0.0,-0.626953125
hilp_imp_desc,0.5,SAME-LESS,pair3,P,14265,14265,14265,1,1,0,0.03125,-0.078125
hilp_imp_desc,0.5,SAME-LESS,pair3,Q,6485,6485,6485,1,1,0,0.09375,-0.2469482421875
hilp_imp_desc,0.5,SAME-LESS,pair4,P,14265,14265,14265,1,1,0,-0.25,-1.578125
hilp_imp_desc,0.5,SAME-LESS,pair4,Q,6485,6485,6485,1,1,0,-0.03125,-0.875
hilp_imp_desc,0.5,SAME-LESS,pair5,P,14265,14265,14265,1,1,0,-0.125,-1.5
hilp_imp_desc,0.5,SAME-LESS,pair5,Q,6485,6485,6485,1,1,0,-0.03125,-1.3125
hilp_imp_desc,0.5,SAME-LESS,pair6,P,14265,14265,14265,1,1,0,-0.0625,-0.484375
hilp_imp_desc,0.5,SAME-LESS,pair6,Q,6485,6485,6485,1,1,0,0.0625,-0.1953125
hilp_imp_desc,0.5,SAME-LESS,pair7,P,14265,14265,14265,1,1,0,0.03125,-0.484375
hilp_imp_desc,0.5,SAME-LESS,pair7,Q,6485,6485,6485,1,1,0,0.0,-0.296875
hilp_imp_desc,0.5,SAME-LESS,pair8,P,14265,14265,14265,1,1,0,0.0625,-0.40625
hilp_imp_desc,0.5,SAME-LESS,pair8,Q,6485,6485,6485,1,1,0,-0.03125,-0.2109375
hilp_imp_desc,0.5,SAME-LESS,pair9,P,14265,14265,14265,1,1,0,0.09375,-0.796875
hilp_imp_desc,0.5,SAME-LESS,pair9,Q,6485,6485,6485,1,1,0,0.09375,0.0234375
hilp_imp_desc,0.5,OPP-MORE,pair0,P,46878,46878,46878,1,1,0,-0.03125,-0.28125
hilp_imp_desc,0.5,OPP-MORE,pair0,Q,4382,4382,4382,1,1,0,0.21875,-0.6875
hilp_imp_desc,0.5,OPP-MORE,pair1,P,46878,46878,46878,1,1,0,0.0,-0.84375
hilp_imp_desc,0.5,OPP-MORE,pair1,Q,4382,4382,4382,1,1,0,0.0,-0.5625
hilp_imp_desc,0.5,OPP-MORE,pair2,P,46878,46878,46878,1,1,0,0.0,-0.375
hilp_imp_desc,0.5,OPP-MORE,pair2,Q,4382,4382,4382,1,1,0,0.1875,0.5
hilp_imp_desc,0.5,OPP-MORE,pair3,P,46878,46878,46878,1,1,0,-0.03125,-0.53125
hilp_imp_desc,0.5,OPP-MORE,pair3,Q,4382,4382,4382,1,1,0,0.15625,0.25
hilp_imp_desc,0.5,OPP-MORE,pair4,P,46878,46878,46878,1,1,0,0.0,-1.1875
hilp_imp_desc,0.5,OPP-MORE,pair4,Q,4382,4382,4382,1,1,0,0.09375,-1.25
hilp_imp_desc,0.5,OPP-MORE,pair5,P,46878,46878,46878,1,1,0,0.0,0.0
hilp_imp_desc,0.5,OPP-MORE,pair5,Q,4382,4382,4382,1,1,0,0.125,-0.125
hilp_imp_desc,0.5,OPP-MORE,pair6,P,46878,46878,46878,1,1,0,0.125,-1.125
hilp_imp_desc,0.5,OPP-MORE,pair6,Q,4382,4382,4382,1,1,0,0.15625,-1.109375
hilp_imp_desc,0.5,OPP-MORE,pair7,P,46878,46878,46878,1,1,0,0.03125,0.15625
hilp_imp_desc,0.5,OPP-MORE,pair7,Q,4382,4382,4382,1,1,0,0.15625,0.28125
hilp_imp_desc,0.5,OPP-MORE,pair8,P,46878,46878,46878,1,1,0,0.03125,-1.125
hilp_imp_desc,0.5,OPP-MORE,pair8,Q,4382,4382,4382,1,1,0,0.15625,-0.875
hilp_imp_desc,0.5,OPP-MORE,pair9,P,46878,46878,46878,1,1,0,0.15625,-0.0625
hilp_imp_desc,0.5,OPP-MORE,pair9,Q,4382,4382,4382,1,1,0,0.15625,-0.59375
hilp_imp_desc,0.5,OPP-LESS,pair0,P,46878,46878,46878,1,1,0,0.0,-0.125
hilp_imp_desc,0.5,OPP-LESS,pair0,Q,4382,4382,4382,1,1,0,0.125,-0.375
hilp_imp_desc,0.5,OPP-LESS,pair1,P,46878,46878,46878,1,1,0,-0.09375,0.125
hilp_imp_desc,0.5,OPP-LESS,pair1,Q,4382,4382,4382,1,1,0,0.0,0.03125
hilp_imp_desc,0.5,OPP-LESS,pair2,P,46878,46878,46878,1,1,0,-0.09375,0.0625
hilp_imp_desc,0.5,OPP-LESS,pair2,Q,4382,4382,4382,1,1,0,0.28125,-0.125
hilp_imp_desc,0.5,OPP-LESS,pair3,P,46878,46878,46878,1,1,0,0.03125,-0.125
hilp_imp_desc,0.5,OPP-LESS,pair3,Q,4382,4382,4382,1,1,0,0.28125,0.6875
hilp_imp_desc,0.5,OPP-LESS,pair4,P,46878,46878,46878,1,1,0,-0.0625,-0.3125
hilp_imp_desc,0.5,OPP-LESS,pair4,Q,4382,4382,4382,1,1,0,0.125,-0.3125
hilp_imp_desc,0.5,OPP-LESS,pair5,P,46878,46878,46878,1,1,0,-0.03125,0.25
hilp_imp_desc,0.5,OPP-LESS,pair5,Q,4382,4382,4382,1,1,0,0.09375,0.4375
hilp_imp_desc,0.5,OPP-LESS,pair6,P,46878,46878,46878,1,1,0,0.03125,-0.0625
hilp_imp_desc,0.5,OPP-LESS,pair6,Q,4382,4382,4382,1,1,0,0.1875,0.125
hilp_imp_desc,0.5,OPP-LESS,pair7,P,46878,46878,46878,1,1,0,0.03125,0.375
hilp_imp_desc,0.5,OPP-LESS,pair7,Q,4382,4382,4382,1,1,0,0.125,0.3125
hilp_imp_desc,0.5,OPP-LESS,pair8,P,46878,46878,46878,1,1,0,0.0,-0.1875
hilp_imp_desc,0.5,OPP-LESS,pair8,Q,4382,4382,4382,1,1,0,0.125,0.4375
hilp_imp_desc,0.5,OPP-LESS,pair9,P,46878,46878,46878,1,1,0,0.09375,0.0625
hilp_imp_desc,0.5,OPP-LESS,pair9,Q,4382,4382,4382,1,1,0,0.15625,-0.21875
hilp_imp_desc,0.5,MORE-LESS,pair0,P,2834,2834,2834,1,1,0,0.0625,0.0234375
hilp_imp_desc,0.5,MORE-LESS,pair0,Q,2834,2834,2834,1,1,0,0.0,0.109375
hilp_imp_desc,0.5,MORE-LESS,pair1,P,20120,20120,20120,1,1,0,0.0,-0.046875
hilp_imp_desc,0.5,MORE-LESS,pair1,Q,20120,20120,20120,1,1,0,-0.0625,0.109375
hilp_imp_desc,0.5,MORE-LESS,pair2,P,32732,32732,32732,1,1,0,0.03125,0.03125
hilp_imp_desc,0.5,MORE-LESS,pair2,Q,32732,32732,32732,1,1,0,0.0,0.03125
hilp_imp_desc,0.5,MORE-LESS,pair3,P,3566,3566,3566,1,1,0,0.0,0.0625
hilp_imp_desc,0.5,MORE-LESS,pair3,Q,3566,3566,3566,1,1,0,0.03125,0.09375
hilp_imp_desc,0.5,MORE-LESS,pair4,P,28953,28953,28953,1,1,0,0.0,0.0
hilp_imp_desc,0.5,MORE-LESS,pair4,Q,28953,28953,28953,1,1,0,0.0,0.220703125
hilp_imp_desc,0.5,MORE-LESS,pair5,P,4353,4353,4353,1,1,0,0.0,0.1875
hilp_imp_desc,0.5,MORE-LESS,pair5,Q,4353,4353,4353,1,1,0,0.0,0.28125
hilp_imp_desc,0.5,MORE-LESS,pair6,P,44585,44585,44585,1,1,0,0.0,-0.0625
hilp_imp_desc,0.5,MORE-LESS,pair6,Q,44585,44585,44585,1,1,0,0.125,0.109375
hilp_imp_desc,0.5,MORE-LESS,pair7,P,17580,17580,17580,1,1,0,0.0625,0.140625
hilp_imp_desc,0.5,MORE-LESS,pair7,Q,17580,17580,17580,1,1,0,0.0,0.015625
hilp_imp_desc,0.5,MORE-LESS,pair8,P,59380,59380,59380,1,1,0,0.03125,0.03125
hilp_imp_desc,0.5,MORE-LESS,pair8,Q,59380,59380,59380,1,1,0,-0.03125,0.09375
hilp_imp_desc,0.5,MORE-LESS,pair9,P,45549,45549,45549,1,1,0,0.0,0.0
hilp_imp_desc,0.5,MORE-LESS,pair9,Q,45549,45549,45549,1,1,0,-0.03125,0.03125
C_imp_asc,0.05,SAME-OPP,pair0,P,14265,14265,14265,1,1,0,0.03125,1.748046875
C_imp_asc,0.05,SAME-OPP,pair0,Q,6485,6485,6485,1,1,0,0.25,1.2578125
C_imp_asc,0.05,SAME-OPP,pair1,P,14265,14265,14265,1,1,0,-0.46875,1.01953125
C_imp_asc,0.05,SAME-OPP,pair1,Q,6485,6485,6485,1,1,0,0.0,0.546875
C_imp_asc,0.05,SAME-OPP,pair2,P,14265,14265,14265,1,1,0,-0.34375,1.6953125
C_imp_asc,0.05,SAME-OPP,pair2,Q,6485,6485,6485,1,1,0,0.1875,0.671875
C_imp_asc,0.05,SAME-OPP,pair3,P,14265,14265,14265,1,1,0,-0.34375,1.783203125
C_imp_asc,0.05,SAME-OPP,pair3,Q,6485,6485,6485,1,1,0,0.125,0.40625
C_imp_asc,0.05,SAME-OPP,pair4,P,14265,14265,14265,1,1,0,-0.65625,0.921875
C_imp_asc,0.05,SAME-OPP,pair4,Q,6485,6485,6485,1,1,0,0.03125,0.546875
C_imp_asc,0.05,SAME-OPP,pair5,P,14265,14265,14265,1,1,0,-0.59375,1.4140625
C_imp_asc,0.05,SAME-OPP,pair5,Q,6485,6485,6485,1,1,0,0.0625,0.859375
C_imp_asc,0.05,SAME-OPP,pair6,P,14265,14265,14265,1,1,0,-0.3125,1.20703125
C_imp_asc,0.05,SAME-OPP,pair6,Q,6485,6485,6485,1,1,0,-0.25,0.796875
C_imp_asc,0.05,SAME-OPP,pair7,P,14265,14265,14265,1,1,0,-0.0625,1.6015625
C_imp_asc,0.05,SAME-OPP,pair7,Q,6485,6485,6485,1,1,0,0.46875,1.0
C_imp_asc,0.05,SAME-OPP,pair8,P,14265,14265,14265,1,1,0,-0.5625,1.56640625
C_imp_asc,0.05,SAME-OPP,pair8,Q,6485,6485,6485,1,1,0,0.0,1.015625
C_imp_asc,0.05,SAME-OPP,pair9,P,14265,14265,14265,1,1,0,-0.28125,1.515625
C_imp_asc,0.05,SAME-OPP,pair9,Q,6485,6485,6485,1,1,0,0.03125,1.2626953125
C_imp_asc,0.05,SAME-MORE,pair0,P,14265,14265,14265,1,1,0,-1.34375,5.875
C_imp_asc,0.05,SAME-MORE,pair0,Q,6485,6485,6485,1,1,0,-0.28125,4.69891357421875
C_imp_asc,0.05,SAME-MORE,pair1,P,14265,14265,14265,1,1,0,-1.25,7.59375
C_imp_asc,0.05,SAME-MORE,pair1,Q,6485,6485,6485,1,1,0,-0.15625,5.015625
C_imp_asc,0.05,SAME-MORE,pair2,P,14265,14265,14265,1,1,0,-1.3125,4.62890625
C_imp_asc,0.05,SAME-MORE,pair2,Q,6485,6485,6485,1,1,0,-0.6875,2.83984375
C_imp_asc,0.05,SAME-MORE,pair3,P,14265,14265,14265,1,1,0,-1.46875,3.69921875
C_imp_asc,0.05,SAME-MORE,pair3,Q,6485,6485,6485,1,1,0,-0.3125,2.955078125
C_imp_asc,0.05,SAME-MORE,pair4,P,14265,14265,14265,1,1,0,-0.875,6.5625
C_imp_asc,0.05,SAME-MORE,pair4,Q,6485,6485,6485,1,1,0,-0.4375,4.55078125
C_imp_asc,0.05,SAME-MORE,pair5,P,14265,14265,14265,1,1,0,-2.0625,7.078125
C_imp_asc,0.05,SAME-MORE,pair5,Q,6485,6485,6485,1,1,0,-0.53125,3.54241943359375
C_imp_asc,0.05,SAME-MORE,pair6,P,14265,14265,14265,1,1,0,-1.0,3.96875
C_imp_asc,0.05,SAME-MORE,pair6,Q,6485,6485,6485,1,1,0,-0.34375,2.7578125
C_imp_asc,0.05,SAME-MORE,pair7,P,14265,14265,14265,1,1,0,-1.3125,5.78125
C_imp_asc,0.05,SAME-MORE,pair7,Q,6485,6485,6485,1,1,0,-0.28125,5.546875
C_imp_asc,0.05,SAME-MORE,pair8,P,14265,14265,14265,1,1,0,-1.5,7.328125
C_imp_asc,0.05,SAME-MORE,pair8,Q,6485,6485,6485,1,1,0,-0.59375,5.984375
C_imp_asc,0.05,SAME-MORE,pair9,P,14265,14265,14265,1,1,0,-2.21875,5.1953125
C_imp_asc,0.05,SAME-MORE,pair9,Q,6485,6485,6485,1,1,0,-0.84375,3.52734375
C_imp_asc,0.05,SAME-LESS,pair0,P,14265,14265,14265,1,1,0,-1.53125,5.765625
C_imp_asc,0.05,SAME-LESS,pair0,Q,6485,6485,6485,1,1,0,-0.75,2.43359375
C_imp_asc,0.05,SAME-LESS,pair1,P,14265,14265,14265,1,1,0,-0.375,2.439453125
C_imp_asc,0.05,SAME-LESS,pair1,Q,6485,6485,6485,1,1,0,-0.15625,1.0
C_imp_asc,0.05,SAME-LESS,pair2,P,14265,14265,14265,1,1,0,-1.40625,9.890625
C_imp_asc,0.05,SAME-LESS,pair2,Q,6485,6485,6485,1,1,0,-0.6875,5.123046875
C_imp_asc,0.05,SAME-LESS,pair3,P,14265,14265,14265,1,1,0,-1.3125,4.921875
C_imp_asc,0.05,SAME-LESS,pair3,Q,6485,6485,6485,1,1,0,-0.25,4.005859375
C_imp_asc,0.05,SAME-LESS,pair4,P,14265,14265,14265,1,1,0,-0.46875,8.671875
C_imp_asc,0.05,SAME-LESS,pair4,Q,6485,6485,6485,1,1,0,-0.4375,3.59375
C_imp_asc,0.05,SAME-LESS,pair5,P,14265,14265,14265,1,1,0,-1.8125,10.28125
C_imp_asc,0.05,SAME-LESS,pair5,Q,6485,6485,6485,1,1,0,-0.15625,3.3125
C_imp_asc,0.05,SAME-LESS,pair6,P,14265,14265,14265,1,1,0,-0.625,5.078125
C_imp_asc,0.05,SAME-LESS,pair6,Q,6485,6485,6485,1,1,0,-0.46875,3.3359375
C_imp_asc,0.05,SAME-LESS,pair7,P,14265,14265,14265,1,1,0,-1.59375,5.875
C_imp_asc,0.05,SAME-LESS,pair7,Q,6485,6485,6485,1,1,0,-0.53125,2.7890625
C_imp_asc,0.05,SAME-LESS,pair8,P,14265,14265,14265,1,1,0,-1.28125,5.15625
C_imp_asc,0.05,SAME-LESS,pair8,Q,6485,6485,6485,1,1,0,-0.5,2.33984375
C_imp_asc,0.05,SAME-LESS,pair9,P,14265,14265,14265,1,1,0,-2.1875,5.984375
C_imp_asc,0.05,SAME-LESS,pair9,Q,6485,6485,6485,1,1,0,-0.34375,2.25
C_imp_asc,0.05,OPP-MORE,pair0,P,46878,46878,46878,1,1,0,-0.90625,5.28125
C_imp_asc,0.05,OPP-MORE,pair0,Q,4382,4382,4382,1,1,0,-0.5,10.4375
C_imp_asc,0.05,OPP-MORE,pair1,P,46878,46878,46878,1,1,0,-1.34375,7.4453125
C_imp_asc,0.05,OPP-MORE,pair1,Q,4382,4382,4382,1,1,0,-0.25,6.578125
C_imp_asc,0.05,OPP-MORE,pair2,P,46878,46878,46878,1,1,0,-1.59375,9.109375
C_imp_asc,0.05,OPP-MORE,pair2,Q,4382,4382,4382,1,1,0,-0.78125,5.12109375
C_imp_asc,0.05,OPP-MORE,pair3,P,46878,46878,46878,1,1,0,-1.71875,7.134765625
C_imp_asc,0.05,OPP-MORE,pair3,Q,4382,4382,4382,1,1,0,-0.21875,4.8349609375
C_imp_asc,0.05,OPP-MORE,pair4,P,46878,46878,46878,1,1,0,-1.0625,12.3154296875
C_imp_asc,0.05,OPP-MORE,pair4,Q,4382,4382,4382,1,1,0,-0.25,10.671875
C_imp_asc,0.05,OPP-MORE,pair5,P,46878,46878,46878,1,1,0,-0.6875,9.69921875
C_imp_asc,0.05,OPP-MORE,pair5,Q,4382,4382,4382,1,1,0,-0.34375,8.345703125
C_imp_asc,0.05,OPP-MORE,pair6,P,46878,46878,46878,1,1,0,-1.0,5.96875
C_imp_asc,0.05,OPP-MORE,pair6,Q,4382,4382,4382,1,1,0,-0.25,4.32421875
C_imp_asc,0.05,OPP-MORE,pair7,P,46878,46878,46878,1,1,0,-1.21875,6.75390625
C_imp_asc,0.05,OPP-MORE,pair7,Q,4382,4382,4382,1,1,0,-0.78125,6.32421875
C_imp_asc,0.05,OPP-MORE,pair8,P,46878,46878,46878,1,1,0,-1.46875,10.171875
C_imp_asc,0.05,OPP-MORE,pair8,Q,4382,4382,4382,1,1,0,-0.34375,7.875
C_imp_asc,0.05,OPP-MORE,pair9,P,46878,46878,46878,1,1,0,-0.71875,7.4921875
C_imp_asc,0.05,OPP-MORE,pair9,Q,4382,4382,4382,1,1,0,-0.8125,4.6875
C_imp_asc,0.05,OPP-LESS,pair0,P,46878,46878,46878,1,1,0,-0.6875,15.7578125
C_imp_asc,0.05,OPP-LESS,pair0,Q,4382,4382,4382,1,1,0,-0.40625,14.671875
C_imp_asc,0.05,OPP-LESS,pair1,P,46878,46878,46878,1,1,0,-1.0625,3.265625
C_imp_asc,0.05,OPP-LESS,pair1,Q,4382,4382,4382,1,1,0,0.0625,3.5703125
C_imp_asc,0.05,OPP-LESS,pair2,P,46878,46878,46878,1,1,0,-1.75,15.2265625
C_imp_asc,0.05,OPP-LESS,pair2,Q,4382,4382,4382,1,1,0,-1.0,15.59375
C_imp_asc,0.05,OPP-LESS,pair3,P,46878,46878,46878,1,1,0,-1.65625,10.8125
C_imp_asc,0.05,OPP-LESS,pair3,Q,4382,4382,4382,1,1,0,0.0,12.4140625
C_imp_asc,0.05,OPP-LESS,pair4,P,46878,46878,46878,1,1,0,-0.5,12.578125
C_imp_asc,0.05,OPP-LESS,pair4,Q,4382,4382,4382,1,1,0,-0.34375,12.703125
C_imp_asc,0.05,OPP-LESS,pair5,P,46878,46878,46878,1,1,0,-0.15625,12.515625
C_imp_asc,0.05,OPP-LESS,pair5,Q,4382,4382,4382,1,1,0,-0.03125,12.234375
C_imp_asc,0.05,OPP-LESS,pair6,P,46878,46878,46878,1,1,0,-0.625,11.4921875
C_imp_asc,0.05,OPP-LESS,pair6,Q,4382,4382,4382,1,1,0,-0.4375,12.421875
C_imp_asc,0.05,OPP-LESS,pair7,P,46878,46878,46878,1,1,0,-1.53125,12.84375
C_imp_asc,0.05,OPP-LESS,pair7,Q,4382,4382,4382,1,1,0,-0.71875,13.2578125
C_imp_asc,0.05,OPP-LESS,pair8,P,46878,46878,46878,1,1,0,-1.25,10.375
C_imp_asc,0.05,OPP-LESS,pair8,Q,4382,4382,4382,1,1,0,-0.25,9.390625
C_imp_asc,0.05,OPP-LESS,pair9,P,46878,46878,46878,1,1,0,-1.0625,11.6875
C_imp_asc,0.05,OPP-LESS,pair9,Q,4382,4382,4382,1,1,0,-0.625,10.375
C_imp_asc,0.05,MORE-LESS,pair0,P,2834,2834,2834,1,1,0,-0.6875,4.4375
C_imp_asc,0.05,MORE-LESS,pair0,Q,2834,2834,2834,1,1,0,-0.75,4.953125
C_imp_asc,0.05,MORE-LESS,pair1,P,20120,20120,20120,1,1,0,-1.625,2.671875
C_imp_asc,0.05,MORE-LESS,pair1,Q,20120,20120,20120,1,1,0,-1.46875,3.09375
C_imp_asc,0.05,MORE-LESS,pair2,P,32732,32732,12903,1,0,1,-1.71875,1.25
C_imp_asc,0.05,MORE-LESS,pair2,Q,32732,32732,12903,1,0,1,-2.375,1.5
C_imp_asc,0.05,MORE-LESS,pair3,P,3566,3566,5609,1,0,1,-2.15625,3.265625
C_imp_asc,0.05,MORE-LESS,pair3,Q,3566,3566,5609,1,0,1,-2.34375,4.921875
C_imp_asc,0.05,MORE-LESS,pair4,P,28953,28953,63511,1,0,1,-3.25,2.875
C_imp_asc,0.05,MORE-LESS,pair4,Q,28953,28953,63511,1,0,1,-3.15625,5.896484375
C_imp_asc,0.05,MORE-LESS,pair5,P,4353,4353,4353,1,1,0,-1.28125,1.90625
C_imp_asc,0.05,MORE-LESS,pair5,Q,4353,4353,4353,1,1,0,-1.4375,2.453125
C_imp_asc,0.05,MORE-LESS,pair6,P,44585,44585,26317,1,0,1,-1.96875,2.0
C_imp_asc,0.05,MORE-LESS,pair6,Q,44585,44585,26317,1,0,1,-2.625,3.375
C_imp_asc,0.05,MORE-LESS,pair7,P,17580,17580,4353,1,0,1,-2.25,3.234375
C_imp_asc,0.05,MORE-LESS,pair7,Q,17580,17580,4353,1,0,1,-2.6875,3.625
C_imp_asc,0.05,MORE-LESS,pair8,P,59380,59380,35092,1,0,1,-3.34375,1.65625
C_imp_asc,0.05,MORE-LESS,pair8,Q,59380,59380,35092,1,0,1,-3.421875,2.21875
C_imp_asc,0.05,MORE-LESS,pair9,P,45549,45549,4371,1,0,1,-2.1875,1.1875
C_imp_asc,0.05,MORE-LESS,pair9,Q,45549,45549,4371,1,0,1,-3.0625,1.8125
C_imp_asc,0.1,SAME-OPP,pair0,P,14265,14265,14265,1,1,0,-1.21875,3.96875
C_imp_asc,0.1,SAME-OPP,pair0,Q,6485,6485,6485,1,1,0,-0.15625,1.8984375
C_imp_asc,0.1,SAME-OPP,pair1,P,14265,14265,14265,1,1,0,-1.09375,2.55078125
C_imp_asc,0.1,SAME-OPP,pair1,Q,6485,6485,6485,1,1,0,0.03125,1.453125
C_imp_asc,0.1,SAME-OPP,pair2,P,14265,14265,14265,1,1,0,-1.03125,3.96875
C_imp_asc,0.1,SAME-OPP,pair2,Q,6485,6485,6485,1,1,0,0.0,1.3125
C_imp_asc,0.1,SAME-OPP,pair3,P,14265,14265,14265,1,1,0,-1.09375,3.59375
C_imp_asc,0.1,SAME-OPP,pair3,Q,6485,6485,6485,1,1,0,-0.03125,1.484375
C_imp_asc,0.1,SAME-OPP,pair4,P,14265,14265,14265,1,1,0,-1.40625,2.2578125
C_imp_asc,0.1,SAME-OPP,pair4,Q,6485,6485,6485,1,1,0,-0.34375,0.703125
C_imp_asc,0.1,SAME-OPP,pair5,P,14265,14265,14265,1,1,0,-1.6875,3.5078125
C_imp_asc,0.1,SAME-OPP,pair5,Q,6485,6485,6485,1,1,0,-0.375,1.171875
C_imp_asc,0.1,SAME-OPP,pair6,P,14265,14265,14265,1,1,0,-1.59375,2.45703125
C_imp_asc,0.1,SAME-OPP,pair6,Q,6485,6485,6485,1,1,0,-0.84375,1.6875
C_imp_asc,0.1,SAME-OPP,pair7,P,14265,14265,14265,1,1,0,-0.71875,3.5078125
C_imp_asc,0.1,SAME-OPP,pair7,Q,6485,6485,6485,1,1,0,0.375,1.796875
C_imp_asc,0.1,SAME-OPP,pair8,P,14265,14265,14265,1,1,0,-1.71875,3.6328125
C_imp_asc,0.1,SAME-OPP,pair8,Q,6485,6485,6485,1,1,0,-0.3125,2.375
C_imp_asc,0.1,SAME-OPP,pair9,P,14265,14265,14265,1,1,0,-1.15625,3.51953125
C_imp_asc,0.1,SAME-OPP,pair9,Q,6485,6485,6485,1,1,0,-0.0625,2.8017578125
C_imp_asc,0.1,SAME-MORE,pair0,P,14265,14265,2834,1,0,1,-2.53125,6.71875
C_imp_asc,0.1,SAME-MORE,pair0,Q,6485,6485,6485,1,1,0,-0.625,4.48016357421875
C_imp_asc,0.1,SAME-MORE,pair1,P,14265,14265,14265,1,1,0,-2.53125,9.28125
C_imp_asc,0.1,SAME-MORE,pair1,Q,6485,6485,6485,1,1,0,-0.25,6.453125
C_imp_asc,0.1,SAME-MORE,pair2,P,14265,14265,14265,1,1,0,-2.46875,6.78125
C_imp_asc,0.1,SAME-MORE,pair2,Q,6485,6485,6485,1,1,0,-1.1875,4.10546875
C_imp_asc,0.1,SAME-MORE,pair3,P,14265,14265,14265,1,1,0,-2.4375,4.19921875
C_imp_asc,0.1,SAME-MORE,pair3,Q,6485,6485,6485,1,1,0,-0.5,3.455078125
C_imp_asc,0.1,SAME-MORE,pair4,P,14265,14265,14265,1,1,0,-1.8125,8.265625
C_imp_asc,0.1,SAME-MORE,pair4,Q,6485,6485,6485,1,1,0,-1.25,4.95703125
C_imp_asc,0.1,SAME-MORE,pair5,P,14265,14265,14265,1,1,0,-3.0,8.140625
C_imp_asc,0.1,SAME-MORE,pair5,Q,6485,6485,6485,1,1,0,-0.59375,4.30804443359375
C_imp_asc,0.1,SAME-MORE,pair6,P,14265,14265,14265,1,1,0,-2.96875,6.3828125
C_imp_asc,0.1,SAME-MORE,pair6,Q,6485,6485,6485,1,1,0,-1.125,3.7421875
C_imp_asc,0.1,SAME-MORE,pair7,P,14265,14265,14265,1,1,0,-2.6875,7.75
C_imp_asc,0.1,SAME-MORE,pair7,Q,6485,6485,6485,1,1,0,-0.84375,6.75
C_imp_asc,0.1,SAME-MORE,pair8,P,14265,14265,14265,1,1,0,-3.375,11.8125
C_imp_asc,0.1,SAME-MORE,pair8,Q,6485,6485,6485,1,1,0,-1.0625,9.25
C_imp_asc,0.1,SAME-MORE,pair9,P,14265,14265,14265,1,1,0,-3.53125,7.375
C_imp_asc,0.1,SAME-MORE,pair9,Q,6485,6485,6485,1,1,0,-1.25,5.01171875
C_imp_asc,0.1,SAME-LESS,pair0,P,14265,14265,14265,1,1,0,-2.34375,7.421875
C_imp_asc,0.1,SAME-LESS,pair0,Q,6485,6485,6485,1,1,0,-0.8125,2.26171875
C_imp_asc,0.1,SAME-LESS,pair1,P,14265,14265,14265,1,1,0,-0.75,4.015625
C_imp_asc,0.1,SAME-LESS,pair1,Q,6485,6485,6485,1,1,0,-0.28125,1.9375
C_imp_asc,0.1,SAME-LESS,pair2,P,14265,14265,14265,1,1,0,-1.84375,10.4375
C_imp_asc,0.1,SAME-LESS,pair2,Q,6485,6485,6485,1,1,0,-0.65625,5.404296875
C_imp_asc,0.1,SAME-LESS,pair3,P,14265,14265,14265,1,1,0,-1.8125,5.484375
C_imp_asc,0.1,SAME-LESS,pair3,Q,6485,6485,6485,1,1,0,-0.375,4.474609375
C_imp_asc,0.1,SAME-LESS,pair4,P,14265,14265,63511,1,0,1,-0.53125,11.546875
C_imp_asc,0.1,SAME-LESS,pair4,Q,6485,6485,63511,1,0,1,-0.25,4.3125
C_imp_asc,0.1,SAME-LESS,pair5,P,14265,14265,14265,1,1,0,-2.4375,15.8125
C_imp_asc,0.1,SAME-LESS,pair5,Q,6485,6485,6485,1,1,0,-0.125,5.96875
C_imp_asc,0.1,SAME-LESS,pair6,P,14265,14265,14265,1,1,0,-1.9375,7.015625
C_imp_asc,0.1,SAME-LESS,pair6,Q,6485,6485,6485,1,1,0,-0.78125,4.3984375
C_imp_asc,0.1,SAME-LESS,pair7,P,14265,14265,14265,1,1,0,-1.84375,6.6875
C_imp_asc,0.1,SAME-LESS,pair7,Q,6485,6485,6485,1,1,0,-0.6875,3.2578125
C_imp_asc,0.1,SAME-LESS,pair8,P,14265,14265,14265,1,1,0,-1.78125,6.421875
C_imp_asc,0.1,SAME-LESS,pair8,Q,6485,6485,6485,1,1,0,-0.46875,2.51171875
C_imp_asc,0.1,SAME-LESS,pair9,P,14265,14265,14265,1,1,0,-2.875,6.640625
C_imp_asc,0.1,SAME-LESS,pair9,Q,6485,6485,6485,1,1,0,-0.375,2.40625
C_imp_asc,0.1,OPP-MORE,pair0,P,46878,46878,46878,1,1,0,-2.8125,6.0
C_imp_asc,0.1,OPP-MORE,pair0,Q,4382,4382,4382,1,1,0,-0.5625,10.71875
C_imp_asc,0.1,OPP-MORE,pair1,P,46878,46878,20120,1,0,1,-4.46875,9.703125
C_imp_asc,0.1,OPP-MORE,pair1,Q,4382,4382,4382,1,1,0,-0.8125,7.8125
C_imp_asc,0.1,OPP-MORE,pair2,P,46878,46878,46878,1,1,0,-4.53125,12.6875
C_imp_asc,0.1,OPP-MORE,pair2,Q,4382,4382,4382,1,1,0,-1.4375,6.74609375
C_imp_asc,0.1,OPP-MORE,pair3,P,46878,46878,46878,1,1,0,-4.515625,7.40625
C_imp_asc,0.1,OPP-MORE,pair3,Q,4382,4382,4382,1,1,0,-0.40625,5.59765625
C_imp_asc,0.1,OPP-MORE,pair4,P,46878,46878,46878,1,1,0,-3.28125,14.484375
C_imp_asc,0.1,OPP-MORE,pair4,Q,4382,4382,4382,1,1,0,-0.59375,11.65625
C_imp_asc,0.1,OPP-MORE,pair5,P,46878,46878,46878,1,1,0,-2.5,10.859375
C_imp_asc,0.1,OPP-MORE,pair5,Q,4382,4382,4382,1,1,0,-0.03125,9.34375
C_imp_asc,0.1,OPP-MORE,pair6,P,46878,46878,46878,1,1,0,-3.15625,9.3125
C_imp_asc,0.1,OPP-MORE,pair6,Q,4382,4382,4382,1,1,0,-0.53125,5.421875
C_imp_asc,0.1,OPP-MORE,pair7,P,46878,46878,46878,1,1,0,-4.21875,9.078125
C_imp_asc,0.1,OPP-MORE,pair7,Q,4382,4382,4382,1,1,0,-1.25,7.671875
C_imp_asc,0.1,OPP-MORE,pair8,P,46878,46878,59380,1,0,1,-4.8359375,15.921875
C_imp_asc,0.1,OPP-MORE,pair8,Q,4382,4382,4382,1,1,0,-0.96875,11.484375
C_imp_asc,0.1,OPP-MORE,pair9,P,46878,46878,46878,1,1,0,-3.46875,10.90625
C_imp_asc,0.1,OPP-MORE,pair9,Q,4382,4382,4382,1,1,0,-1.1875,7.515625
C_imp_asc,0.1,OPP-LESS,pair0,P,46878,46878,46878,1,1,0,-2.625,19.578125
C_imp_asc,0.1,OPP-LESS,pair0,Q,4382,4382,4382,1,1,0,-0.5625,17.1171875
C_imp_asc,0.1,OPP-LESS,pair1,P,46878,46878,46878,1,1,0,-3.859375,5.3984375
C_imp_asc,0.1,OPP-LESS,pair1,Q,4382,4382,4382,1,1,0,-0.3125,5.09375
C_imp_asc,0.1,OPP-LESS,pair2,P,46878,46878,46878,1,1,0,-4.03125,15.375
C_imp_asc,0.1,OPP-LESS,pair2,Q,4382,4382,4382,1,1,0,-1.25,16.0
C_imp_asc,0.1,OPP-LESS,pair3,P,46878,46878,46878,1,1,0,-4.109375,11.6015625
C_imp_asc,0.1,OPP-LESS,pair3,Q,4382,4382,4382,1,1,0,-0.28125,13.5625
C_imp_asc,0.1,OPP-LESS,pair4,P,46878,46878,63511,1,0,1,-2.21875,16.90625
C_imp_asc,0.1,OPP-LESS,pair4,Q,4382,4382,4382,1,1,0,0.0,14.828125
C_imp_asc,0.1,OPP-LESS,pair5,P,46878,46878,46878,1,1,0,-2.0625,17.78125
C_imp_asc,0.1,OPP-LESS,pair5,Q,4382,4382,4382,1,1,0,0.03125,16.953125
C_imp_asc,0.1,OPP-LESS,pair6,P,46878,46878,46878,1,1,0,-2.1875,16.28125
C_imp_asc,0.1,OPP-LESS,pair6,Q,4382,4382,4382,1,1,0,-0.9375,16.3359375
C_imp_asc,0.1,OPP-LESS,pair7,P,46878,46878,46878,1,1,0,-3.75,14.0625
C_imp_asc,0.1,OPP-LESS,pair7,Q,4382,4382,4382,1,1,0,-0.90625,13.921875
C_imp_asc,0.1,OPP-LESS,pair8,P,46878,46878,46878,1,1,0,-4.140625,13.1640625
C_imp_asc,0.1,OPP-LESS,pair8,Q,4382,4382,4382,1,1,0,-0.59375,11.296875
C_imp_asc,0.1,OPP-LESS,pair9,P,46878,46878,46878,1,1,0,-3.796875,12.296875
C_imp_asc,0.1,OPP-LESS,pair9,Q,4382,4382,4382,1,1,0,-1.0,10.84375
C_imp_asc,0.1,MORE-LESS,pair0,P,2834,2834,2834,1,1,0,-0.96875,6.53125
C_imp_asc,0.1,MORE-LESS,pair0,Q,2834,2834,2834,1,1,0,-1.375,7.171875
C_imp_asc,0.1,MORE-LESS,pair1,P,20120,20120,20120,1,1,0,-2.09375,3.203125
C_imp_asc,0.1,MORE-LESS,pair1,Q,20120,20120,20120,1,1,0,-1.875,3.96875
C_imp_asc,0.1,MORE-LESS,pair2,P,32732,32732,12903,1,0,1,-1.90625,1.4375
C_imp_asc,0.1,MORE-LESS,pair2,Q,32732,32732,12903,1,0,1,-2.8125,1.65625
C_imp_asc,0.1,MORE-LESS,pair3,P,3566,3566,5609,1,0,1,-2.625,3.578125
C_imp_asc,0.1,MORE-LESS,pair3,Q,3566,3566,5609,1,0,1,-3.03125,5.234375
C_imp_asc,0.1,MORE-LESS,pair4,P,28953,28953,63511,1,0,1,-4.15625,3.3125
C_imp_asc,0.1,MORE-LESS,pair4,Q,28953,28953,63511,1,0,1,-3.65625,7.646484375
C_imp_asc,0.1,MORE-LESS,pair5,P,4353,4353,66517,1,0,1,-1.71875,2.4375
C_imp_asc,0.1,MORE-LESS,pair5,Q,4353,4353,66517,1,0,1,-1.8125,3.265625
C_imp_asc,0.1,MORE-LESS,pair6,P,44585,44585,26317,1,0,1,-3.6875,2.875
C_imp_asc,0.1,MORE-LESS,pair6,Q,44585,44585,26317,1,0,1,-4.828125,4.78125
C_imp_asc,0.1,MORE-LESS,pair7,P,17580,17580,4353,1,0,1,-2.40625,3.765625
C_imp_asc,0.1,MORE-LESS,pair7,Q,17580,17580,4353,1,0,1,-3.09375,4.15625
C_imp_asc,0.1,MORE-LESS,pair8,P,59380,59380,35092,1,0,1,-6.82421875,2.21875
C_imp_asc,0.1,MORE-LESS,pair8,Q,59380,59380,35092,1,0,1,-6.71875,2.71875
C_imp_asc,0.1,MORE-LESS,pair9,P,45549,45549,4371,1,0,1,-3.0625,1.46875
C_imp_asc,0.1,MORE-LESS,pair9,Q,45549,45549,4371,1,0,1,-4.28125,2.3125
C_imp_asc,0.2,SAME-OPP,pair0,P,14265,14265,46878,1,0,1,-8.84375,7.65625
C_imp_asc,0.2,SAME-OPP,pair0,Q,6485,6485,6485,1,1,0,-1.03125,4.2734375
C_imp_asc,0.2,SAME-OPP,pair1,P,14265,14265,46878,1,0,1,-5.71875,5.47265625
C_imp_asc,0.2,SAME-OPP,pair1,Q,6485,6485,6485,1,1,0,-0.46875,2.953125
C_imp_asc,0.2,SAME-OPP,pair2,P,14265,14265,46878,1,0,1,-6.4765625,7.84375
C_imp_asc,0.2,SAME-OPP,pair2,Q,6485,6485,6485,1,1,0,-0.875,2.859375
C_imp_asc,0.2,SAME-OPP,pair3,P,14265,14265,46878,1,0,1,-6.5234375,7.390625
C_imp_asc,0.2,SAME-OPP,pair3,Q,6485,6485,6485,1,1,0,-0.84375,2.953125
C_imp_asc,0.2,SAME-OPP,pair4,P,14265,14265,46878,1,0,1,-7.15234375,5.0078125
C_imp_asc,0.2,SAME-OPP,pair4,Q,6485,6485,6485,1,1,0,-0.8125,2.140625
C_imp_asc,0.2,SAME-OPP,pair5,P,14265,14265,46878,1,0,1,-8.73828125,6.7578125
C_imp_asc,0.2,SAME-OPP,pair5,Q,6485,6485,6485,1,1,0,-0.8125,2.875
C_imp_asc,0.2,SAME-OPP,pair6,P,14265,14265,46878,1,0,1,-8.7939453125,5.59765625
C_imp_asc,0.2,SAME-OPP,pair6,Q,6485,6485,6485,1,1,0,-1.59375,3.375
C_imp_asc,0.2,SAME-OPP,pair7,P,14265,14265,46878,1,0,1,-6.6484375,6.7265625
C_imp_asc,0.2,SAME-OPP,pair7,Q,6485,6485,6485,1,1,0,-0.28125,3.484375
C_imp_asc,0.2,SAME-OPP,pair8,P,14265,14265,46878,1,0,1,-8.640625,7.453125
C_imp_asc,0.2,SAME-OPP,pair8,Q,6485,6485,6485,1,1,0,-0.8125,4.640625
C_imp_asc,0.2,SAME-OPP,pair9,P,14265,14265,46878,1,0,1,-8.205078125,7.09765625
C_imp_asc,0.2,SAME-OPP,pair9,Q,6485,6485,6485,1,1,0,-0.8125,5.3017578125
C_imp_asc,0.2,SAME-MORE,pair0,P,14265,14265,2834,1,0,1,-9.875,8.375
C_imp_asc,0.2,SAME-MORE,pair0,Q,6485,6485,2834,1,0,1,-4.640625,6.73016357421875
C_imp_asc,0.2,SAME-MORE,pair1,P,14265,14265,20120,1,0,1,-8.03515625,11.4375
C_imp_asc,0.2,SAME-MORE,pair1,Q,6485,6485,20120,1,0,1,-3.0625,9.265625
C_imp_asc,0.2,SAME-MORE,pair2,P,14265,14265,32732,1,0,1,-8.40625,10.75
C_imp_asc,0.2,SAME-MORE,pair2,Q,6485,6485,32732,1,0,1,-4.25,7.51171875
C_imp_asc,0.2,SAME-MORE,pair3,P,14265,14265,3566,1,0,1,-7.91796875,6.55859375
C_imp_asc,0.2,SAME-MORE,pair3,Q,6485,6485,3566,1,0,1,-2.4375,6.095703125
C_imp_asc,0.2,SAME-MORE,pair4,P,14265,14265,28953,1,0,1,-7.703125,10.640625
C_imp_asc,0.2,SAME-MORE,pair4,Q,6485,6485,28953,1,0,1,-4.5,7.26953125
C_imp_asc,0.2,SAME-MORE,pair5,P,14265,14265,4353,1,0,1,-9.921875,12.0
C_imp_asc,0.2,SAME-MORE,pair5,Q,6485,6485,4353,1,0,1,-3.375,7.96429443359375
C_imp_asc,0.2,SAME-MORE,pair6,P,14265,14265,44585,1,0,1,-10.203125,9.6640625
C_imp_asc,0.2,SAME-MORE,pair6,Q,6485,6485,44585,1,0,1,-4.859375,7.4296875
C_imp_asc,0.2,SAME-MORE,pair7,P,14265,14265,17580,1,0,1,-8.9375,11.21875
C_imp_asc,0.2,SAME-MORE,pair7,Q,6485,6485,17580,1,0,1,-3.8125,10.09375
C_imp_asc,0.2,SAME-MORE,pair8,P,14265,14265,59380,1,0,1,-10.4375,13.3125
C_imp_asc,0.2,SAME-MORE,pair8,Q,6485,6485,59380,1,0,1,-4.28125,12.53125
C_imp_asc,0.2,SAME-MORE,pair9,P,14265,14265,45549,1,0,1,-8.9375,9.921875
C_imp_asc,0.2,SAME-MORE,pair9,Q,6485,6485,45549,1,0,1,-4.421875,7.85546875
C_imp_asc,0.2,SAME-LESS,pair0,P,14265,14265,17761,1,0,1,-5.640625,10.28125
C_imp_asc,0.2,SAME-LESS,pair0,Q,6485,6485,17761,1,0,1,-3.375,5.52734375
C_imp_asc,0.2,SAME-LESS,pair1,P,14265,14265,14733,1,0,1,-4.453125,10.390625
C_imp_asc,0.2,SAME-LESS,pair1,Q,6485,6485,14733,1,0,1,-2.1875,5.15625
C_imp_asc,0.2,SAME-LESS,pair2,P,14265,14265,12903,1,0,1,-5.078125,13.40625
C_imp_asc,0.2,SAME-LESS,pair2,Q,6485,6485,12903,1,0,1,-2.71875,7.654296875
C_imp_asc,0.2,SAME-LESS,pair3,P,14265,14265,5609,1,0,1,-4.25,8.015625
C_imp_asc,0.2,SAME-LESS,pair3,Q,6485,6485,5609,1,0,1,-2.09375,6.912109375
C_imp_asc,0.2,SAME-LESS,pair4,P,14265,14265,63511,1,0,1,-2.8125,14.109375
C_imp_asc,0.2,SAME-LESS,pair4,Q,6485,6485,63511,1,0,1,-1.71875,7.96875
C_imp_asc,0.2,SAME-LESS,pair5,P,14265,14265,66517,1,0,1,-6.28125,20.6875
C_imp_asc,0.2,SAME-LESS,pair5,Q,6485,6485,66517,1,0,1,-1.5,10.15625
C_imp_asc,0.2,SAME-LESS,pair6,P,14265,14265,26317,1,0,1,-5.375,9.703125
C_imp_asc,0.2,SAME-LESS,pair6,Q,6485,6485,26317,1,0,1,-3.125,7.7734375
C_imp_asc,0.2,SAME-LESS,pair7,P,14265,14265,4353,1,0,1,-4.609375,9.75
C_imp_asc,0.2,SAME-LESS,pair7,Q,6485,6485,4353,1,0,1,-2.46875,5.8515625
C_imp_asc,0.2,SAME-LESS,pair8,P,14265,14265,35092,1,0,1,-6.4296875,11.71875
C_imp_asc,0.2,SAME-LESS,pair8,Q,6485,6485,35092,1,0,1,-2.84375,7.24609375
C_imp_asc,0.2,SAME-LESS,pair9,P,14265,14265,4371,1,0,1,-5.21875,10.109375
C_imp_asc,0.2,SAME-LESS,pair9,Q,6485,6485,4371,1,0,1,-1.34375,5.53125
C_imp_asc,0.2,OPP-MORE,pair0,P,46878,46878,2834,1,0,1,-8.7890625,10.234375
C_imp_asc,0.2,OPP-MORE,pair0,Q,4382,4382,2834,1,0,1,-2.875,14.5625
C_imp_asc,0.2,OPP-MORE,pair1,P,46878,46878,20120,1,0,1,-10.34375,13.03125
C_imp_asc,0.2,OPP-MORE,pair1,Q,4382,4382,20120,1,0,1,-1.75,11.46875
C_imp_asc,0.2,OPP-MORE,pair2,P,46878,46878,32732,1,0,1,-11.046875,17.59375
C_imp_asc,0.2,OPP-MORE,pair2,Q,4382,4382,32732,1,0,1,-2.125,12.0625
C_imp_asc,0.2,OPP-MORE,pair3,P,46878,46878,3566,1,0,1,-9.046875,12.1875
C_imp_asc,0.2,OPP-MORE,pair3,Q,4382,4382,4382,1,1,0,-0.53125,9.78125
C_imp_asc,0.2,OPP-MORE,pair4,P,46878,46878,28953,1,0,1,-7.671875,18.28125
C_imp_asc,0.2,OPP-MORE,pair4,Q,4382,4382,4382,1,1,0,-1.0,15.75
C_imp_asc,0.2,OPP-MORE,pair5,P,46878,46878,4353,1,0,1,-8.421875,15.78125
C_imp_asc,0.2,OPP-MORE,pair5,Q,4382,4382,4382,1,1,0,-1.03125,14.15625
C_imp_asc,0.2,OPP-MORE,pair6,P,46878,46878,44585,1,0,1,-7.666015625,13.96875
C_imp_asc,0.2,OPP-MORE,pair6,Q,4382,4382,44585,1,0,1,-1.59375,10.609375
C_imp_asc,0.2,OPP-MORE,pair7,P,46878,46878,17580,1,0,1,-9.5625,13.8125
C_imp_asc,0.2,OPP-MORE,pair7,Q,4382,4382,17580,1,0,1,-2.34375,12.59375
C_imp_asc,0.2,OPP-MORE,pair8,P,46878,46878,59380,1,0,1,-11.75,17.90625
C_imp_asc,0.2,OPP-MORE,pair8,Q,4382,4382,59380,1,0,1,-2.65625,15.53125
C_imp_asc,0.2,OPP-MORE,pair9,P,46878,46878,45549,1,0,1,-9.71875,14.8125
C_imp_asc,0.2,OPP-MORE,pair9,Q,4382,4382,45549,1,0,1,-2.59375,12.0625
C_imp_asc,0.2,OPP-LESS,pair0,P,46878,46878,17761,1,0,1,-6.80859375,22.78125
C_imp_asc,0.2,OPP-LESS,pair0,Q,4382,4382,4382,1,1,0,-1.03125,20.59375
C_imp_asc,0.2,OPP-LESS,pair1,P,46878,46878,14733,1,0,1,-9.5625,14.3125
C_imp_asc,0.2,OPP-LESS,pair1,Q,4382,4382,14733,1,0,1,-2.28125,10.15625
C_imp_asc,0.2,OPP-LESS,pair2,P,46878,46878,12903,1,0,1,-9.015625,20.8125
C_imp_asc,0.2,OPP-LESS,pair2,Q,4382,4382,12903,1,0,1,-1.5,18.59375
C_imp_asc,0.2,OPP-LESS,pair3,P,46878,46878,5609,1,0,1,-7.875,16.46875
C_imp_asc,0.2,OPP-LESS,pair3,Q,4382,4382,4382,1,1,0,-0.375,17.0
C_imp_asc,0.2,OPP-LESS,pair4,P,46878,46878,63511,1,0,1,-6.21875,19.9375
C_imp_asc,0.2,OPP-LESS,pair4,Q,4382,4382,63511,1,0,1,0.375,20.5
C_imp_asc,0.2,OPP-LESS,pair5,P,46878,46878,66517,1,0,1,-6.71875,22.8125
C_imp_asc,0.2,OPP-LESS,pair5,Q,4382,4382,4382,1,1,0,0.1875,22.0625
C_imp_asc,0.2,OPP-LESS,pair6,P,46878,46878,26317,1,0,1,-6.1875,20.125
C_imp_asc,0.2,OPP-LESS,pair6,Q,4382,4382,26317,1,0,1,-1.125,21.4375
C_imp_asc,0.2,OPP-LESS,pair7,P,46878,46878,4353,1,0,1,-9.578125,18.78125
C_imp_asc,0.2,OPP-LESS,pair7,Q,4382,4382,4353,1,0,1,-2.03125,18.59375
C_imp_asc,0.2,OPP-LESS,pair8,P,46878,46878,35092,1,0,1,-11.0,21.28125
C_imp_asc,0.2,OPP-LESS,pair8,Q,4382,4382,35092,1,0,1,-2.96875,17.875
C_imp_asc,0.2,OPP-LESS,pair9,P,46878,46878,4371,1,0,1,-8.7265625,16.875
C_imp_asc,0.2,OPP-LESS,pair9,Q,4382,4382,4371,1,0,1,-1.84375,14.1875
C_imp_asc,0.2,MORE-LESS,pair0,P,2834,2834,17761,1,0,1,-1.875,8.21875
C_imp_asc,0.2,MORE-LESS,pair0,Q,2834,2834,17761,1,0,1,-2.46875,8.953125
C_imp_asc,0.2,MORE-LESS,pair1,P,20120,20120,14733,1,0,1,-3.34375,3.796875
C_imp_asc,0.2,MORE-LESS,pair1,Q,20120,20120,14733,1,0,1,-3.0,4.84375
C_imp_asc,0.2,MORE-LESS,pair2,P,32732,32732,12903,1,0,1,-4.046875,2.03125
C_imp_asc,0.2,MORE-LESS,pair2,Q,32732,32732,12903,1,0,1,-5.4296875,2.53125
C_imp_asc,0.2,MORE-LESS,pair3,P,3566,3566,5609,1,0,1,-3.5,4.046875
C_imp_asc,0.2,MORE-LESS,pair3,Q,3566,3566,5609,1,0,1,-4.1875,5.953125
C_imp_asc,0.2,MORE-LESS,pair4,P,28953,28953,63511,1,0,1,-5.078125,4.125
C_imp_asc,0.2,MORE-LESS,pair4,Q,28953,28953,63511,1,0,1,-4.796875,8.771484375
C_imp_asc,0.2,MORE-LESS,pair5,P,4353,4353,66517,1,0,1,-1.875,3.78125
C_imp_asc,0.2,MORE-LESS,pair5,Q,4353,4353,66517,1,0,1,-2.03125,4.828125
C_imp_asc,0.2,MORE-LESS,pair6,P,44585,44585,26317,1,0,1,-5.625,3.25
C_imp_asc,0.2,MORE-LESS,pair6,Q,44585,44585,26317,1,0,1,-7.359375,5.28125
C_imp_asc,0.2,MORE-LESS,pair7,P,17580,17580,4353,1,0,1,-3.46875,4.046875
C_imp_asc,0.2,MORE-LESS,pair7,Q,17580,17580,4353,1,0,1,-4.375,4.5
C_imp_asc,0.2,MORE-LESS,pair8,P,59380,59380,35092,1,0,1,-8.13671875,2.59375
C_imp_asc,0.2,MORE-LESS,pair8,Q,59380,59380,35092,1,0,1,-8.5390625,3.40625
C_imp_asc,0.2,MORE-LESS,pair9,P,45549,45549,4371,1,0,1,-3.71875,1.84375
C_imp_asc,0.2,MORE-LESS,pair9,Q,45549,45549,4371,1,0,1,-5.21875,2.875
C_imp_asc,0.3,SAME-OPP,pair0,P,14265,14265,46878,1,0,1,-8.84375,7.65625
C_imp_asc,0.3,SAME-OPP,pair0,Q,6485,6485,6485,1,1,0,-1.03125,4.2734375
C_imp_asc,0.3,SAME-OPP,pair1,P,14265,14265,46878,1,0,1,-5.71875,5.47265625
C_imp_asc,0.3,SAME-OPP,pair1,Q,6485,6485,6485,1,1,0,-0.46875,2.953125
C_imp_asc,0.3,SAME-OPP,pair2,P,14265,14265,46878,1,0,1,-6.4765625,7.84375
C_imp_asc,0.3,SAME-OPP,pair2,Q,6485,6485,6485,1,1,0,-0.875,2.859375
C_imp_asc,0.3,SAME-OPP,pair3,P,14265,14265,46878,1,0,1,-6.5234375,7.390625
C_imp_asc,0.3,SAME-OPP,pair3,Q,6485,6485,6485,1,1,0,-0.84375,2.953125
C_imp_asc,0.3,SAME-OPP,pair4,P,14265,14265,46878,1,0,1,-7.15234375,5.0078125
C_imp_asc,0.3,SAME-OPP,pair4,Q,6485,6485,6485,1,1,0,-0.8125,2.140625
C_imp_asc,0.3,SAME-OPP,pair5,P,14265,14265,46878,1,0,1,-8.73828125,6.7578125
C_imp_asc,0.3,SAME-OPP,pair5,Q,6485,6485,6485,1,1,0,-0.8125,2.875
C_imp_asc,0.3,SAME-OPP,pair6,P,14265,14265,46878,1,0,1,-8.7939453125,5.59765625
C_imp_asc,0.3,SAME-OPP,pair6,Q,6485,6485,6485,1,1,0,-1.59375,3.375
C_imp_asc,0.3,SAME-OPP,pair7,P,14265,14265,46878,1,0,1,-6.6484375,6.7265625
C_imp_asc,0.3,SAME-OPP,pair7,Q,6485,6485,6485,1,1,0,-0.28125,3.484375
C_imp_asc,0.3,SAME-OPP,pair8,P,14265,14265,46878,1,0,1,-8.640625,7.453125
C_imp_asc,0.3,SAME-OPP,pair8,Q,6485,6485,6485,1,1,0,-0.8125,4.640625
C_imp_asc,0.3,SAME-OPP,pair9,P,14265,14265,46878,1,0,1,-8.205078125,7.09765625
C_imp_asc,0.3,SAME-OPP,pair9,Q,6485,6485,6485,1,1,0,-0.8125,5.3017578125
C_imp_asc,0.3,SAME-MORE,pair0,P,14265,14265,2834,1,0,1,-9.875,8.375
C_imp_asc,0.3,SAME-MORE,pair0,Q,6485,6485,2834,1,0,1,-4.640625,6.73016357421875
C_imp_asc,0.3,SAME-MORE,pair1,P,14265,14265,20120,1,0,1,-8.03515625,11.4375
C_imp_asc,0.3,SAME-MORE,pair1,Q,6485,6485,20120,1,0,1,-3.0625,9.265625
C_imp_asc,0.3,SAME-MORE,pair2,P,14265,14265,32732,1,0,1,-8.40625,10.75
C_imp_asc,0.3,SAME-MORE,pair2,Q,6485,6485,32732,1,0,1,-4.25,7.51171875
C_imp_asc,0.3,SAME-MORE,pair3,P,14265,14265,3566,1,0,1,-7.91796875,6.55859375
C_imp_asc,0.3,SAME-MORE,pair3,Q,6485,6485,3566,1,0,1,-2.4375,6.095703125
C_imp_asc,0.3,SAME-MORE,pair4,P,14265,14265,28953,1,0,1,-7.703125,10.640625
C_imp_asc,0.3,SAME-MORE,pair4,Q,6485,6485,28953,1,0,1,-4.5,7.26953125
C_imp_asc,0.3,SAME-MORE,pair5,P,14265,14265,4353,1,0,1,-9.921875,12.0
C_imp_asc,0.3,SAME-MORE,pair5,Q,6485,6485,4353,1,0,1,-3.375,7.96429443359375
C_imp_asc,0.3,SAME-MORE,pair6,P,14265,14265,44585,1,0,1,-10.203125,9.6640625
C_imp_asc,0.3,SAME-MORE,pair6,Q,6485,6485,44585,1,0,1,-4.859375,7.4296875
C_imp_asc,0.3,SAME-MORE,pair7,P,14265,14265,17580,1,0,1,-8.9375,11.21875
C_imp_asc,0.3,SAME-MORE,pair7,Q,6485,6485,17580,1,0,1,-3.8125,10.09375
C_imp_asc,0.3,SAME-MORE,pair8,P,14265,14265,59380,1,0,1,-10.4375,13.3125
C_imp_asc,0.3,SAME-MORE,pair8,Q,6485,6485,59380,1,0,1,-4.28125,12.53125
C_imp_asc,0.3,SAME-MORE,pair9,P,14265,14265,45549,1,0,1,-8.9375,9.921875
C_imp_asc,0.3,SAME-MORE,pair9,Q,6485,6485,45549,1,0,1,-4.421875,7.85546875
C_imp_asc,0.3,SAME-LESS,pair0,P,14265,14265,17761,1,0,1,-5.640625,10.28125
C_imp_asc,0.3,SAME-LESS,pair0,Q,6485,6485,17761,1,0,1,-3.375,5.52734375
C_imp_asc,0.3,SAME-LESS,pair1,P,14265,14265,14733,1,0,1,-4.453125,10.390625
C_imp_asc,0.3,SAME-LESS,pair1,Q,6485,6485,14733,1,0,1,-2.1875,5.15625
C_imp_asc,0.3,SAME-LESS,pair2,P,14265,14265,12903,1,0,1,-5.078125,13.40625
C_imp_asc,0.3,SAME-LESS,pair2,Q,6485,6485,12903,1,0,1,-2.71875,7.654296875
C_imp_asc,0.3,SAME-LESS,pair3,P,14265,14265,5609,1,0,1,-4.25,8.015625
C_imp_asc,0.3,SAME-LESS,pair3,Q,6485,6485,5609,1,0,1,-2.09375,6.912109375
C_imp_asc,0.3,SAME-LESS,pair4,P,14265,14265,63511,1,0,1,-2.8125,14.109375
C_imp_asc,0.3,SAME-LESS,pair4,Q,6485,6485,63511,1,0,1,-1.71875,7.96875
C_imp_asc,0.3,SAME-LESS,pair5,P,14265,14265,66517,1,0,1,-6.28125,20.6875
C_imp_asc,0.3,SAME-LESS,pair5,Q,6485,6485,66517,1,0,1,-1.5,10.15625
C_imp_asc,0.3,SAME-LESS,pair6,P,14265,14265,26317,1,0,1,-5.375,9.703125
C_imp_asc,0.3,SAME-LESS,pair6,Q,6485,6485,26317,1,0,1,-3.125,7.7734375
C_imp_asc,0.3,SAME-LESS,pair7,P,14265,14265,4353,1,0,1,-4.609375,9.75
C_imp_asc,0.3,SAME-LESS,pair7,Q,6485,6485,4353,1,0,1,-2.46875,5.8515625
C_imp_asc,0.3,SAME-LESS,pair8,P,14265,14265,35092,1,0,1,-6.4296875,11.71875
C_imp_asc,0.3,SAME-LESS,pair8,Q,6485,6485,35092,1,0,1,-2.84375,7.24609375
C_imp_asc,0.3,SAME-LESS,pair9,P,14265,14265,4371,1,0,1,-5.21875,10.109375
C_imp_asc,0.3,SAME-LESS,pair9,Q,6485,6485,4371,1,0,1,-1.34375,5.53125
C_imp_asc,0.3,OPP-MORE,pair0,P,46878,46878,2834,1,0,1,-8.7890625,10.234375
C_imp_asc,0.3,OPP-MORE,pair0,Q,4382,4382,2834,1,0,1,-2.875,14.5625
C_imp_asc,0.3,OPP-MORE,pair1,P,46878,46878,20120,1,0,1,-10.34375,13.03125
C_imp_asc,0.3,OPP-MORE,pair1,Q,4382,4382,20120,1,0,1,-1.75,11.46875
C_imp_asc,0.3,OPP-MORE,pair2,P,46878,46878,32732,1,0,1,-11.046875,17.59375
C_imp_asc,0.3,OPP-MORE,pair2,Q,4382,4382,32732,1,0,1,-2.125,12.0625
C_imp_asc,0.3,OPP-MORE,pair3,P,46878,46878,3566,1,0,1,-9.046875,12.1875
C_imp_asc,0.3,OPP-MORE,pair3,Q,4382,4382,4382,1,1,0,-0.53125,9.78125
C_imp_asc,0.3,OPP-MORE,pair4,P,46878,46878,28953,1,0,1,-7.671875,18.28125
C_imp_asc,0.3,OPP-MORE,pair4,Q,4382,4382,4382,1,1,0,-1.0,15.75
C_imp_asc,0.3,OPP-MORE,pair5,P,46878,46878,4353,1,0,1,-8.421875,15.78125
C_imp_asc,0.3,OPP-MORE,pair5,Q,4382,4382,4382,1,1,0,-1.03125,14.15625
C_imp_asc,0.3,OPP-MORE,pair6,P,46878,46878,44585,1,0,1,-7.666015625,13.96875
C_imp_asc,0.3,OPP-MORE,pair6,Q,4382,4382,44585,1,0,1,-1.59375,10.609375
C_imp_asc,0.3,OPP-MORE,pair7,P,46878,46878,17580,1,0,1,-9.5625,13.8125
C_imp_asc,0.3,OPP-MORE,pair7,Q,4382,4382,17580,1,0,1,-2.34375,12.59375
C_imp_asc,0.3,OPP-MORE,pair8,P,46878,46878,59380,1,0,1,-11.75,17.90625
C_imp_asc,0.3,OPP-MORE,pair8,Q,4382,4382,59380,1,0,1,-2.65625,15.53125
C_imp_asc,0.3,OPP-MORE,pair9,P,46878,46878,45549,1,0,1,-9.71875,14.8125
C_imp_asc,0.3,OPP-MORE,pair9,Q,4382,4382,45549,1,0,1,-2.59375,12.0625
C_imp_asc,0.3,OPP-LESS,pair0,P,46878,46878,17761,1,0,1,-6.80859375,22.78125
C_imp_asc,0.3,OPP-LESS,pair0,Q,4382,4382,4382,1,1,0,-1.03125,20.59375
C_imp_asc,0.3,OPP-LESS,pair1,P,46878,46878,14733,1,0,1,-9.5625,14.3125
C_imp_asc,0.3,OPP-LESS,pair1,Q,4382,4382,14733,1,0,1,-2.28125,10.15625
C_imp_asc,0.3,OPP-LESS,pair2,P,46878,46878,12903,1,0,1,-9.015625,20.8125
C_imp_asc,0.3,OPP-LESS,pair2,Q,4382,4382,12903,1,0,1,-1.5,18.59375
C_imp_asc,0.3,OPP-LESS,pair3,P,46878,46878,5609,1,0,1,-7.875,16.46875
C_imp_asc,0.3,OPP-LESS,pair3,Q,4382,4382,4382,1,1,0,-0.375,17.0
C_imp_asc,0.3,OPP-LESS,pair4,P,46878,46878,63511,1,0,1,-6.21875,19.9375
C_imp_asc,0.3,OPP-LESS,pair4,Q,4382,4382,63511,1,0,1,0.375,20.5
C_imp_asc,0.3,OPP-LESS,pair5,P,46878,46878,66517,1,0,1,-6.71875,22.8125
C_imp_asc,0.3,OPP-LESS,pair5,Q,4382,4382,4382,1,1,0,0.1875,22.0625
C_imp_asc,0.3,OPP-LESS,pair6,P,46878,46878,26317,1,0,1,-6.1875,20.125
C_imp_asc,0.3,OPP-LESS,pair6,Q,4382,4382,26317,1,0,1,-1.125,21.4375
C_imp_asc,0.3,OPP-LESS,pair7,P,46878,46878,4353,1,0,1,-9.578125,18.78125
C_imp_asc,0.3,OPP-LESS,pair7,Q,4382,4382,4353,1,0,1,-2.03125,18.59375
C_imp_asc,0.3,OPP-LESS,pair8,P,46878,46878,35092,1,0,1,-11.0,21.28125
C_imp_asc,0.3,OPP-LESS,pair8,Q,4382,4382,35092,1,0,1,-2.96875,17.875
C_imp_asc,0.3,OPP-LESS,pair9,P,46878,46878,4371,1,0,1,-8.7265625,16.875
C_imp_asc,0.3,OPP-LESS,pair9,Q,4382,4382,4371,1,0,1,-1.84375,14.1875
C_imp_asc,0.3,MORE-LESS,pair0,P,2834,2834,17761,1,0,1,-1.875,8.21875
C_imp_asc,0.3,MORE-LESS,pair0,Q,2834,2834,17761,1,0,1,-2.46875,8.953125
C_imp_asc,0.3,MORE-LESS,pair1,P,20120,20120,14733,1,0,1,-3.34375,3.796875
C_imp_asc,0.3,MORE-LESS,pair1,Q,20120,20120,14733,1,0,1,-3.0,4.84375
C_imp_asc,0.3,MORE-LESS,pair2,P,32732,32732,12903,1,0,1,-4.046875,2.03125
C_imp_asc,0.3,MORE-LESS,pair2,Q,32732,32732,12903,1,0,1,-5.4296875,2.53125
C_imp_asc,0.3,MORE-LESS,pair3,P,3566,3566,5609,1,0,1,-3.5,4.046875
C_imp_asc,0.3,MORE-LESS,pair3,Q,3566,3566,5609,1,0,1,-4.1875,5.953125
C_imp_asc,0.3,MORE-LESS,pair4,P,28953,28953,63511,1,0,1,-5.078125,4.125
C_imp_asc,0.3,MORE-LESS,pair4,Q,28953,28953,63511,1,0,1,-4.796875,8.771484375
C_imp_asc,0.3,MORE-LESS,pair5,P,4353,4353,66517,1,0,1,-1.875,3.78125
C_imp_asc,0.3,MORE-LESS,pair5,Q,4353,4353,66517,1,0,1,-2.03125,4.828125
C_imp_asc,0.3,MORE-LESS,pair6,P,44585,44585,26317,1,0,1,-5.625,3.25
C_imp_asc,0.3,MORE-LESS,pair6,Q,44585,44585,26317,1,0,1,-7.359375,5.28125
C_imp_asc,0.3,MORE-LESS,pair7,P,17580,17580,4353,1,0,1,-3.46875,4.046875
C_imp_asc,0.3,MORE-LESS,pair7,Q,17580,17580,4353,1,0,1,-4.375,4.5
C_imp_asc,0.3,MORE-LESS,pair8,P,59380,59380,35092,1,0,1,-8.13671875,2.59375
C_imp_asc,0.3,MORE-LESS,pair8,Q,59380,59380,35092,1,0,1,-8.5390625,3.40625
C_imp_asc,0.3,MORE-LESS,pair9,P,45549,45549,4371,1,0,1,-3.71875,1.84375
C_imp_asc,0.3,MORE-LESS,pair9,Q,45549,45549,4371,1,0,1,-5.21875,2.875
C_imp_asc,0.5,SAME-OPP,pair0,P,14265,14265,46878,1,0,1,-8.84375,7.65625
C_imp_asc,0.5,SAME-OPP,pair0,Q,6485,6485,6485,1,1,0,-1.03125,4.2734375
C_imp_asc,0.5,SAME-OPP,pair1,P,14265,14265,46878,1,0,1,-5.71875,5.47265625
C_imp_asc,0.5,SAME-OPP,pair1,Q,6485,6485,6485,1,1,0,-0.46875,2.953125
C_imp_asc,0.5,SAME-OPP,pair2,P,14265,14265,46878,1,0,1,-6.4765625,7.84375
C_imp_asc,0.5,SAME-OPP,pair2,Q,6485,6485,6485,1,1,0,-0.875,2.859375
C_imp_asc,0.5,SAME-OPP,pair3,P,14265,14265,46878,1,0,1,-6.5234375,7.390625
C_imp_asc,0.5,SAME-OPP,pair3,Q,6485,6485,6485,1,1,0,-0.84375,2.953125
C_imp_asc,0.5,SAME-OPP,pair4,P,14265,14265,46878,1,0,1,-7.15234375,5.0078125
C_imp_asc,0.5,SAME-OPP,pair4,Q,6485,6485,6485,1,1,0,-0.8125,2.140625
C_imp_asc,0.5,SAME-OPP,pair5,P,14265,14265,46878,1,0,1,-8.73828125,6.7578125
C_imp_asc,0.5,SAME-OPP,pair5,Q,6485,6485,6485,1,1,0,-0.8125,2.875
C_imp_asc,0.5,SAME-OPP,pair6,P,14265,14265,46878,1,0,1,-8.7939453125,5.59765625
C_imp_asc,0.5,SAME-OPP,pair6,Q,6485,6485,6485,1,1,0,-1.59375,3.375
C_imp_asc,0.5,SAME-OPP,pair7,P,14265,14265,46878,1,0,1,-6.6484375,6.7265625
C_imp_asc,0.5,SAME-OPP,pair7,Q,6485,6485,6485,1,1,0,-0.28125,3.484375
C_imp_asc,0.5,SAME-OPP,pair8,P,14265,14265,46878,1,0,1,-8.640625,7.453125
C_imp_asc,0.5,SAME-OPP,pair8,Q,6485,6485,6485,1,1,0,-0.8125,4.640625
C_imp_asc,0.5,SAME-OPP,pair9,P,14265,14265,46878,1,0,1,-8.205078125,7.09765625
C_imp_asc,0.5,SAME-OPP,pair9,Q,6485,6485,6485,1,1,0,-0.8125,5.3017578125
C_imp_asc,0.5,SAME-MORE,pair0,P,14265,14265,2834,1,0,1,-9.875,8.375
C_imp_asc,0.5,SAME-MORE,pair0,Q,6485,6485,2834,1,0,1,-4.640625,6.73016357421875
C_imp_asc,0.5,SAME-MORE,pair1,P,14265,14265,20120,1,0,1,-8.03515625,11.4375
C_imp_asc,0.5,SAME-MORE,pair1,Q,6485,6485,20120,1,0,1,-3.0625,9.265625
C_imp_asc,0.5,SAME-MORE,pair2,P,14265,14265,32732,1,0,1,-8.40625,10.75
C_imp_asc,0.5,SAME-MORE,pair2,Q,6485,6485,32732,1,0,1,-4.25,7.51171875
C_imp_asc,0.5,SAME-MORE,pair3,P,14265,14265,3566,1,0,1,-7.91796875,6.55859375
C_imp_asc,0.5,SAME-MORE,pair3,Q,6485,6485,3566,1,0,1,-2.4375,6.095703125
C_imp_asc,0.5,SAME-MORE,pair4,P,14265,14265,28953,1,0,1,-7.703125,10.640625
C_imp_asc,0.5,SAME-MORE,pair4,Q,6485,6485,28953,1,0,1,-4.5,7.26953125
C_imp_asc,0.5,SAME-MORE,pair5,P,14265,14265,4353,1,0,1,-9.921875,12.0
C_imp_asc,0.5,SAME-MORE,pair5,Q,6485,6485,4353,1,0,1,-3.375,7.96429443359375
C_imp_asc,0.5,SAME-MORE,pair6,P,14265,14265,44585,1,0,1,-10.203125,9.6640625
C_imp_asc,0.5,SAME-MORE,pair6,Q,6485,6485,44585,1,0,1,-4.859375,7.4296875
C_imp_asc,0.5,SAME-MORE,pair7,P,14265,14265,17580,1,0,1,-8.9375,11.21875
C_imp_asc,0.5,SAME-MORE,pair7,Q,6485,6485,17580,1,0,1,-3.8125,10.09375
C_imp_asc,0.5,SAME-MORE,pair8,P,14265,14265,59380,1,0,1,-10.4375,13.3125
C_imp_asc,0.5,SAME-MORE,pair8,Q,6485,6485,59380,1,0,1,-4.28125,12.53125
C_imp_asc,0.5,SAME-MORE,pair9,P,14265,14265,45549,1,0,1,-8.9375,9.921875
C_imp_asc,0.5,SAME-MORE,pair9,Q,6485,6485,45549,1,0,1,-4.421875,7.85546875
C_imp_asc,0.5,SAME-LESS,pair0,P,14265,14265,17761,1,0,1,-5.640625,10.28125
C_imp_asc,0.5,SAME-LESS,pair0,Q,6485,6485,17761,1,0,1,-3.375,5.52734375
C_imp_asc,0.5,SAME-LESS,pair1,P,14265,14265,14733,1,0,1,-4.453125,10.390625
C_imp_asc,0.5,SAME-LESS,pair1,Q,6485,6485,14733,1,0,1,-2.1875,5.15625
C_imp_asc,0.5,SAME-LESS,pair2,P,14265,14265,12903,1,0,1,-5.078125,13.40625
C_imp_asc,0.5,SAME-LESS,pair2,Q,6485,6485,12903,1,0,1,-2.71875,7.654296875
C_imp_asc,0.5,SAME-LESS,pair3,P,14265,14265,5609,1,0,1,-4.25,8.015625
C_imp_asc,0.5,SAME-LESS,pair3,Q,6485,6485,5609,1,0,1,-2.09375,6.912109375
C_imp_asc,0.5,SAME-LESS,pair4,P,14265,14265,63511,1,0,1,-2.8125,14.109375
C_imp_asc,0.5,SAME-LESS,pair4,Q,6485,6485,63511,1,0,1,-1.71875,7.96875
C_imp_asc,0.5,SAME-LESS,pair5,P,14265,14265,66517,1,0,1,-6.28125,20.6875
C_imp_asc,0.5,SAME-LESS,pair5,Q,6485,6485,66517,1,0,1,-1.5,10.15625
C_imp_asc,0.5,SAME-LESS,pair6,P,14265,14265,26317,1,0,1,-5.375,9.703125
C_imp_asc,0.5,SAME-LESS,pair6,Q,6485,6485,26317,1,0,1,-3.125,7.7734375
C_imp_asc,0.5,SAME-LESS,pair7,P,14265,14265,4353,1,0,1,-4.609375,9.75
C_imp_asc,0.5,SAME-LESS,pair7,Q,6485,6485,4353,1,0,1,-2.46875,5.8515625
C_imp_asc,0.5,SAME-LESS,pair8,P,14265,14265,35092,1,0,1,-6.4296875,11.71875
C_imp_asc,0.5,SAME-LESS,pair8,Q,6485,6485,35092,1,0,1,-2.84375,7.24609375
C_imp_asc,0.5,SAME-LESS,pair9,P,14265,14265,4371,1,0,1,-5.21875,10.109375
C_imp_asc,0.5,SAME-LESS,pair9,Q,6485,6485,4371,1,0,1,-1.34375,5.53125
C_imp_asc,0.5,OPP-MORE,pair0,P,46878,46878,2834,1,0,1,-8.7890625,10.234375
C_imp_asc,0.5,OPP-MORE,pair0,Q,4382,4382,2834,1,0,1,-2.875,14.5625
C_imp_asc,0.5,OPP-MORE,pair1,P,46878,46878,20120,1,0,1,-10.34375,13.03125
C_imp_asc,0.5,OPP-MORE,pair1,Q,4382,4382,20120,1,0,1,-1.75,11.46875
C_imp_asc,0.5,OPP-MORE,pair2,P,46878,46878,32732,1,0,1,-11.046875,17.59375
C_imp_asc,0.5,OPP-MORE,pair2,Q,4382,4382,32732,1,0,1,-2.125,12.0625
C_imp_asc,0.5,OPP-MORE,pair3,P,46878,46878,3566,1,0,1,-9.046875,12.1875
C_imp_asc,0.5,OPP-MORE,pair3,Q,4382,4382,4382,1,1,0,-0.53125,9.78125
C_imp_asc,0.5,OPP-MORE,pair4,P,46878,46878,28953,1,0,1,-7.671875,18.28125
C_imp_asc,0.5,OPP-MORE,pair4,Q,4382,4382,4382,1,1,0,-1.0,15.75
C_imp_asc,0.5,OPP-MORE,pair5,P,46878,46878,4353,1,0,1,-8.421875,15.78125
C_imp_asc,0.5,OPP-MORE,pair5,Q,4382,4382,4382,1,1,0,-1.03125,14.15625
C_imp_asc,0.5,OPP-MORE,pair6,P,46878,46878,44585,1,0,1,-7.666015625,13.96875
C_imp_asc,0.5,OPP-MORE,pair6,Q,4382,4382,44585,1,0,1,-1.59375,10.609375
C_imp_asc,0.5,OPP-MORE,pair7,P,46878,46878,17580,1,0,1,-9.5625,13.8125
C_imp_asc,0.5,OPP-MORE,pair7,Q,4382,4382,17580,1,0,1,-2.34375,12.59375
C_imp_asc,0.5,OPP-MORE,pair8,P,46878,46878,59380,1,0,1,-11.75,17.90625
C_imp_asc,0.5,OPP-MORE,pair8,Q,4382,4382,59380,1,0,1,-2.65625,15.53125
C_imp_asc,0.5,OPP-MORE,pair9,P,46878,46878,45549,1,0,1,-9.71875,14.8125
C_imp_asc,0.5,OPP-MORE,pair9,Q,4382,4382,45549,1,0,1,-2.59375,12.0625
C_imp_asc,0.5,OPP-LESS,pair0,P,46878,46878,17761,1,0,1,-6.80859375,22.78125
C_imp_asc,0.5,OPP-LESS,pair0,Q,4382,4382,4382,1,1,0,-1.03125,20.59375
C_imp_asc,0.5,OPP-LESS,pair1,P,46878,46878,14733,1,0,1,-9.5625,14.3125
C_imp_asc,0.5,OPP-LESS,pair1,Q,4382,4382,14733,1,0,1,-2.28125,10.15625
C_imp_asc,0.5,OPP-LESS,pair2,P,46878,46878,12903,1,0,1,-9.015625,20.8125
C_imp_asc,0.5,OPP-LESS,pair2,Q,4382,4382,12903,1,0,1,-1.5,18.59375
C_imp_asc,0.5,OPP-LESS,pair3,P,46878,46878,5609,1,0,1,-7.875,16.46875
C_imp_asc,0.5,OPP-LESS,pair3,Q,4382,4382,4382,1,1,0,-0.375,17.0
C_imp_asc,0.5,OPP-LESS,pair4,P,46878,46878,63511,1,0,1,-6.21875,19.9375
C_imp_asc,0.5,OPP-LESS,pair4,Q,4382,4382,63511,1,0,1,0.375,20.5
C_imp_asc,0.5,OPP-LESS,pair5,P,46878,46878,66517,1,0,1,-6.71875,22.8125
C_imp_asc,0.5,OPP-LESS,pair5,Q,4382,4382,4382,1,1,0,0.1875,22.0625
C_imp_asc,0.5,OPP-LESS,pair6,P,46878,46878,26317,1,0,1,-6.1875,20.125
C_imp_asc,0.5,OPP-LESS,pair6,Q,4382,4382,26317,1,0,1,-1.125,21.4375
C_imp_asc,0.5,OPP-LESS,pair7,P,46878,46878,4353,1,0,1,-9.578125,18.78125
C_imp_asc,0.5,OPP-LESS,pair7,Q,4382,4382,4353,1,0,1,-2.03125,18.59375
C_imp_asc,0.5,OPP-LESS,pair8,P,46878,46878,35092,1,0,1,-11.0,21.28125
C_imp_asc,0.5,OPP-LESS,pair8,Q,4382,4382,35092,1,0,1,-2.96875,17.875
C_imp_asc,0.5,OPP-LESS,pair9,P,46878,46878,4371,1,0,1,-8.7265625,16.875
C_imp_asc,0.5,OPP-LESS,pair9,Q,4382,4382,4371,1,0,1,-1.84375,14.1875
C_imp_asc,0.5,MORE-LESS,pair0,P,2834,2834,17761,1,0,1,-1.875,8.21875
C_imp_asc,0.5,MORE-LESS,pair0,Q,2834,2834,17761,1,0,1,-2.46875,8.953125
C_imp_asc,0.5,MORE-LESS,pair1,P,20120,20120,14733,1,0,1,-3.34375,3.796875
C_imp_asc,0.5,MORE-LESS,pair1,Q,20120,20120,14733,1,0,1,-3.0,4.84375
C_imp_asc,0.5,MORE-LESS,pair2,P,32732,32732,12903,1,0,1,-4.046875,2.03125
C_imp_asc,0.5,MORE-LESS,pair2,Q,32732,32732,12903,1,0,1,-5.4296875,2.53125
C_imp_asc,0.5,MORE-LESS,pair3,P,3566,3566,5609,1,0,1,-3.5,4.046875
C_imp_asc,0.5,MORE-LESS,pair3,Q,3566,3566,5609,1,0,1,-4.1875,5.953125
C_imp_asc,0.5,MORE-LESS,pair4,P,28953,28953,63511,1,0,1,-5.078125,4.125
C_imp_asc,0.5,MORE-LESS,pair4,Q,28953,28953,63511,1,0,1,-4.796875,8.771484375
C_imp_asc,0.5,MORE-LESS,pair5,P,4353,4353,66517,1,0,1,-1.875,3.78125
C_imp_asc,0.5,MORE-LESS,pair5,Q,4353,4353,66517,1,0,1,-2.03125,4.828125
C_imp_asc,0.5,MORE-LESS,pair6,P,44585,44585,26317,1,0,1,-5.625,3.25
C_imp_asc,0.5,MORE-LESS,pair6,Q,44585,44585,26317,1,0,1,-7.359375,5.28125
C_imp_asc,0.5,MORE-LESS,pair7,P,17580,17580,4353,1,0,1,-3.46875,4.046875
C_imp_asc,0.5,MORE-LESS,pair7,Q,17580,17580,4353,1,0,1,-4.375,4.5
C_imp_asc,0.5,MORE-LESS,pair8,P,59380,59380,35092,1,0,1,-8.13671875,2.59375
C_imp_asc,0.5,MORE-LESS,pair8,Q,59380,59380,35092,1,0,1,-8.5390625,3.40625
C_imp_asc,0.5,MORE-LESS,pair9,P,45549,45549,4371,1,0,1,-3.71875,1.84375
C_imp_asc,0.5,MORE-LESS,pair9,Q,45549,45549,4371,1,0,1,-5.21875,2.875
D_imp_asc,0.05,SAME-OPP,pair0,P,14265,14265,14265,1,1,0,-0.0625,-0.09375
D_imp_asc,0.05,SAME-OPP,pair0,Q,6485,6485,6485,1,1,0,0.03125,0.01171875
D_imp_asc,0.05,SAME-OPP,pair1,P,14265,14265,14265,1,1,0,-0.03125,-0.0546875
D_imp_asc,0.05,SAME-OPP,pair1,Q,6485,6485,6485,1,1,0,0.03125,-0.015625
D_imp_asc,0.05,SAME-OPP,pair2,P,14265,14265,14265,1,1,0,-0.03125,-0.078125
D_imp_asc,0.05,SAME-OPP,pair2,Q,6485,6485,6485,1,1,0,0.0,0.0
D_imp_asc,0.05,SAME-OPP,pair3,P,14265,14265,14265,1,1,0,0.0,-0.125
D_imp_asc,0.05,SAME-OPP,pair3,Q,6485,6485,6485,1,1,0,0.0,0.0
D_imp_asc,0.05,SAME-OPP,pair4,P,14265,14265,14265,1,1,0,-0.03125,-0.16015625
D_imp_asc,0.05,SAME-OPP,pair4,Q,6485,6485,6485,1,1,0,-0.03125,-0.03125
D_imp_asc,0.05,SAME-OPP,pair5,P,14265,14265,14265,1,1,0,-0.03125,-0.08984375
D_imp_asc,0.05,SAME-OPP,pair5,Q,6485,6485,6485,1,1,0,0.03125,0.078125
D_imp_asc,0.05,SAME-OPP,pair6,P,14265,14265,14265,1,1,0,0.0625,-0.064453125
D_imp_asc,0.05,SAME-OPP,pair6,Q,6485,6485,6485,1,1,0,-0.09375,0.0546875
D_imp_asc,0.05,SAME-OPP,pair7,P,14265,14265,14265,1,1,0,0.0,-0.046875
D_imp_asc,0.05,SAME-OPP,pair7,Q,6485,6485,6485,1,1,0,0.03125,0.03125
D_imp_asc,0.05,SAME-OPP,pair8,P,14265,14265,14265,1,1,0,0.0,-0.015625
D_imp_asc,0.05,SAME-OPP,pair8,Q,6485,6485,6485,1,1,0,0.0,-0.05078125
D_imp_asc,0.05,SAME-OPP,pair9,P,14265,14265,14265,1,1,0,0.0,-0.078125
D_imp_asc,0.05,SAME-OPP,pair9,Q,6485,6485,6485,1,1,0,-0.03125,-0.0244140625
D_imp_asc,0.05,SAME-MORE,pair0,P,14265,14265,14265,1,1,0,0.0,0.13671875
D_imp_asc,0.05,SAME-MORE,pair0,Q,6485,6485,6485,1,1,0,0.0,-0.01373291015625
D_imp_asc,0.05,SAME-MORE,pair1,P,14265,14265,14265,1,1,0,0.0,0.0
D_imp_asc,0.05,SAME-MORE,pair1,Q,6485,6485,6485,1,1,0,0.0,0.0625
D_imp_asc,0.05,SAME-MORE,pair2,P,14265,14265,14265,1,1,0,0.0,0.125
D_imp_asc,0.05,SAME-MORE,pair2,Q,6485,6485,6485,1,1,0,0.0,0.05078125
D_imp_asc,0.05,SAME-MORE,pair3,P,14265,14265,14265,1,1,0,0.0,-0.0234375
D_imp_asc,0.05,SAME-MORE,pair3,Q,6485,6485,6485,1,1,0,0.0,-0.005859375
D_imp_asc,0.05,SAME-MORE,pair4,P,14265,14265,14265,1,1,0,-0.0625,-0.3125
D_imp_asc,0.05,SAME-MORE,pair4,Q,6485,6485,6485,1,1,0,0.03125,0.06640625
D_imp_asc,0.05,SAME-MORE,pair5,P,14265,14265,14265,1,1,0,-0.03125,-0.0625
D_imp_asc,0.05,SAME-MORE,pair5,Q,6485,6485,6485,1,1,0,0.0,0.08978271484375
D_imp_asc,0.05,SAME-MORE,pair6,P,14265,14265,14265,1,1,0,0.0,0.0546875
D_imp_asc,0.05,SAME-MORE,pair6,Q,6485,6485,6485,1,1,0,-0.0625,0.078125
D_imp_asc,0.05,SAME-MORE,pair7,P,14265,14265,14265,1,1,0,0.0,0.25
D_imp_asc,0.05,SAME-MORE,pair7,Q,6485,6485,6485,1,1,0,0.03125,0.0
D_imp_asc,0.05,SAME-MORE,pair8,P,14265,14265,14265,1,1,0,-0.0625,-0.3125
D_imp_asc,0.05,SAME-MORE,pair8,Q,6485,6485,6485,1,1,0,0.0,-0.125
D_imp_asc,0.05,SAME-MORE,pair9,P,14265,14265,14265,1,1,0,0.03125,0.25
D_imp_asc,0.05,SAME-MORE,pair9,Q,6485,6485,6485,1,1,0,0.03125,0.07421875
D_imp_asc,0.05,SAME-LESS,pair0,P,14265,14265,14265,1,1,0,-0.03125,0.109375
D_imp_asc,0.05,SAME-LESS,pair0,Q,6485,6485,6485,1,1,0,0.0,0.0078125
D_imp_asc,0.05,SAME-LESS,pair1,P,14265,14265,14265,1,1,0,0.03125,-0.03125
D_imp_asc,0.05,SAME-LESS,pair1,Q,6485,6485,6485,1,1,0,-0.03125,-0.140625
D_imp_asc,0.05,SAME-LESS,pair2,P,14265,14265,14265,1,1,0,-0.03125,-0.0625
D_imp_asc,0.05,SAME-LESS,pair2,Q,6485,6485,6485,1,1,0,0.0,-0.072265625
D_imp_asc,0.05,SAME-LESS,pair3,P,14265,14265,14265,1,1,0,0.0,0.03515625
D_imp_asc,0.05,SAME-LESS,pair3,Q,6485,6485,6485,1,1,0,-0.03125,-0.044921875
D_imp_asc,0.05,SAME-LESS,pair4,P,14265,14265,14265,1,1,0,-0.03125,-0.328125
D_imp_asc,0.05,SAME-LESS,pair4,Q,6485,6485,6485,1,1,0,-0.03125,-0.171875
D_imp_asc,0.05,SAME-LESS,pair5,P,14265,14265,14265,1,1,0,-0.09375,-0.375
D_imp_asc,0.05,SAME-LESS,pair5,Q,6485,6485,6485,1,1,0,0.0,0.1171875
D_imp_asc,0.05,SAME-LESS,pair6,P,14265,14265,14265,1,1,0,0.0,0.015625
D_imp_asc,0.05,SAME-LESS,pair6,Q,6485,6485,6485,1,1,0,-0.0625,-0.02734375
D_imp_asc,0.05,SAME-LESS,pair7,P,14265,14265,14265,1,1,0,-0.03125,0.203125
D_imp_asc,0.05,SAME-LESS,pair7,Q,6485,6485,6485,1,1,0,0.03125,0.0703125
D_imp_asc,0.05,SAME-LESS,pair8,P,14265,14265,14265,1,1,0,0.0,-0.0625
D_imp_asc,0.05,SAME-LESS,pair8,Q,6485,6485,6485,1,1,0,0.0,0.013671875
D_imp_asc,0.05,SAME-LESS,pair9,P,14265,14265,14265,1,1,0,0.0,-0.3125
D_imp_asc,0.05,SAME-LESS,pair9,Q,6485,6485,6485,1,1,0,-0.03125,-0.0390625
D_imp_asc,0.05,OPP-MORE,pair0,P,46878,46878,46878,1,1,0,0.03125,0.40625
D_imp_asc,0.05,OPP-MORE,pair0,Q,4382,4382,4382,1,1,0,0.03125,0.125
D_imp_asc,0.05,OPP-MORE,pair1,P,46878,46878,46878,1,1,0,-0.03125,-0.0625
D_imp_asc,0.05,OPP-MORE,pair1,Q,4382,4382,4382,1,1,0,-0.0625,0.125
D_imp_asc,0.05,OPP-MORE,pair2,P,46878,46878,46878,1,1,0,0.09375,0.0
D_imp_asc,0.05,OPP-MORE,pair2,Q,4382,4382,4382,1,1,0,0.0,0.125
D_imp_asc,0.05,OPP-MORE,pair3,P,46878,46878,46878,1,1,0,0.03125,-0.1875
D_imp_asc,0.05,OPP-MORE,pair3,Q,4382,4382,4382,1,1,0,-0.03125,0.0625
D_imp_asc,0.05,OPP-MORE,pair4,P,46878,46878,46878,1,1,0,-0.0625,0.0625
D_imp_asc,0.05,OPP-MORE,pair4,Q,4382,4382,4382,1,1,0,-0.03125,0.25
D_imp_asc,0.05,OPP-MORE,pair5,P,46878,46878,46878,1,1,0,-0.03125,0.3125
D_imp_asc,0.05,OPP-MORE,pair5,Q,4382,4382,4382,1,1,0,0.03125,0.625
D_imp_asc,0.05,OPP-MORE,pair6,P,46878,46878,46878,1,1,0,0.03125,0.125
D_imp_asc,0.05,OPP-MORE,pair6,Q,4382,4382,4382,1,1,0,-0.03125,0.28125
D_imp_asc,0.05,OPP-MORE,pair7,P,46878,46878,46878,1,1,0,-0.0625,0.21875
D_imp_asc,0.05,OPP-MORE,pair7,Q,4382,4382,4382,1,1,0,0.0,0.625
D_imp_asc,0.05,OPP-MORE,pair8,P,46878,46878,46878,1,1,0,0.0,-0.3125
D_imp_asc,0.05,OPP-MORE,pair8,Q,4382,4382,4382,1,1,0,0.03125,0.0
D_imp_asc,0.05,OPP-MORE,pair9,P,46878,46878,46878,1,1,0,0.03125,0.0
D_imp_asc,0.05,OPP-MORE,pair9,Q,4382,4382,4382,1,1,0,0.0,0.34375
D_imp_asc,0.05,OPP-LESS,pair0,P,46878,46878,46878,1,1,0,0.0,-0.125
D_imp_asc,0.05,OPP-LESS,pair0,Q,4382,4382,4382,1,1,0,-0.03125,0.0
D_imp_asc,0.05,OPP-LESS,pair1,P,46878,46878,46878,1,1,0,0.0,0.03125
D_imp_asc,0.05,OPP-LESS,pair1,Q,4382,4382,4382,1,1,0,0.0,0.015625
D_imp_asc,0.05,OPP-LESS,pair2,P,46878,46878,46878,1,1,0,0.15625,-0.125
D_imp_asc,0.05,OPP-LESS,pair2,Q,4382,4382,4382,1,1,0,0.0625,0.0
D_imp_asc,0.05,OPP-LESS,pair3,P,46878,46878,46878,1,1,0,0.0,-0.125
D_imp_asc,0.05,OPP-LESS,pair3,Q,4382,4382,4382,1,1,0,-0.09375,0.0625
D_imp_asc,0.05,OPP-LESS,pair4,P,46878,46878,46878,1,1,0,0.03125,0.0625
D_imp_asc,0.05,OPP-LESS,pair4,Q,4382,4382,4382,1,1,0,-0.03125,0.0
D_imp_asc,0.05,OPP-LESS,pair5,P,46878,46878,46878,1,1,0,0.0,0.0
D_imp_asc,0.05,OPP-LESS,pair5,Q,4382,4382,4382,1,1,0,0.0,0.125
D_imp_asc,0.05,OPP-LESS,pair6,P,46878,46878,46878,1,1,0,-0.03125,0.1875
D_imp_asc,0.05,OPP-LESS,pair6,Q,4382,4382,4382,1,1,0,-0.0625,0.0625
D_imp_asc,0.05,OPP-LESS,pair7,P,46878,46878,46878,1,1,0,-0.0625,0.3125
D_imp_asc,0.05,OPP-LESS,pair7,Q,4382,4382,4382,1,1,0,-0.03125,0.6875
D_imp_asc,0.05,OPP-LESS,pair8,P,46878,46878,46878,1,1,0,0.03125,-0.125
D_imp_asc,0.05,OPP-LESS,pair8,Q,4382,4382,4382,1,1,0,0.0,0.0
D_imp_asc,0.05,OPP-LESS,pair9,P,46878,46878,46878,1,1,0,0.09375,-0.3125
D_imp_asc,0.05,OPP-LESS,pair9,Q,4382,4382,4382,1,1,0,0.0,-0.03125
D_imp_asc,0.05,MORE-LESS,pair0,P,2834,2834,2834,1,1,0,-0.0625,0.03125
D_imp_asc,0.05,MORE-LESS,pair0,Q,2834,2834,2834,1,1,0,-0.0625,0.1875
D_imp_asc,0.05,MORE-LESS,pair1,P,20120,20120,20120,1,1,0,0.0625,0.015625
D_imp_asc,0.05,MORE-LESS,pair1,Q,20120,20120,20120,1,1,0,0.0,0.03125
D_imp_asc,0.05,MORE-LESS,pair2,P,32732,32732,32732,1,1,0,0.0,0.03125
D_imp_asc,0.05,MORE-LESS,pair2,Q,32732,32732,32732,1,1,0,0.03125,0.03125
D_imp_asc,0.05,MORE-LESS,pair3,P,3566,3566,3566,1,1,0,0.0,0.09375
D_imp_asc,0.05,MORE-LESS,pair3,Q,3566,3566,3566,1,1,0,0.03125,0.0703125
D_imp_asc,0.05,MORE-LESS,pair4,P,28953,28953,28953,1,1,0,0.0625,-0.0625
D_imp_asc,0.05,MORE-LESS,pair4,Q,28953,28953,28953,1,1,0,0.0625,0.0390625
D_imp_asc,0.05,MORE-LESS,pair5,P,4353,4353,4353,1,1,0,0.0,-0.03125
D_imp_asc,0.05,MORE-LESS,pair5,Q,4353,4353,4353,1,1,0,0.0,0.046875
D_imp_asc,0.05,MORE-LESS,pair6,P,44585,44585,44585,1,1,0,0.0625,-0.0625
D_imp_asc,0.05,MORE-LESS,pair6,Q,44585,44585,44585,1,1,0,0.125,0.078125
D_imp_asc,0.05,MORE-LESS,pair7,P,17580,17580,17580,1,1,0,0.0,0.03125
D_imp_asc,0.05,MORE-LESS,pair7,Q,17580,17580,17580,1,1,0,0.0625,0.109375
D_imp_asc,0.05,MORE-LESS,pair8,P,59380,59380,59380,1,1,0,0.03125,0.03125
D_imp_asc,0.05,MORE-LESS,pair8,Q,59380,59380,59380,1,1,0,0.0,-0.03125
D_imp_asc,0.05,MORE-LESS,pair9,P,45549,45549,45549,1,1,0,0.0625,0.03125
D_imp_asc,0.05,MORE-LESS,pair9,Q,45549,45549,45549,1,1,0,0.03125,-0.03125
D_imp_asc,0.1,SAME-OPP,pair0,P,14265,14265,14265,1,1,0,-0.0625,0.1015625
D_imp_asc,0.1,SAME-OPP,pair0,Q,6485,6485,6485,1,1,0,0.03125,0.05078125
D_imp_asc,0.1,SAME-OPP,pair1,P,14265,14265,14265,1,1,0,0.0,0.00390625
D_imp_asc,0.1,SAME-OPP,pair1,Q,6485,6485,6485,1,1,0,0.0,-0.03125
D_imp_asc,0.1,SAME-OPP,pair2,P,14265,14265,14265,1,1,0,-0.0625,-0.03125
D_imp_asc,0.1,SAME-OPP,pair2,Q,6485,6485,6485,1,1,0,0.0,-0.046875
D_imp_asc,0.1,SAME-OPP,pair3,P,14265,14265,14265,1,1,0,-0.0625,0.0625
D_imp_asc,0.1,SAME-OPP,pair3,Q,6485,6485,6485,1,1,0,0.03125,0.0
D_imp_asc,0.1,SAME-OPP,pair4,P,14265,14265,14265,1,1,0,-0.03125,-0.15234375
D_imp_asc,0.1,SAME-OPP,pair4,Q,6485,6485,6485,1,1,0,-0.0625,-0.09375
D_imp_asc,0.1,SAME-OPP,pair5,P,14265,14265,14265,1,1,0,0.0,-0.0625
D_imp_asc,0.1,SAME-OPP,pair5,Q,6485,6485,6485,1,1,0,0.0,0.015625
D_imp_asc,0.1,SAME-OPP,pair6,P,14265,14265,14265,1,1,0,0.0,-0.01953125
D_imp_asc,0.1,SAME-OPP,pair6,Q,6485,6485,6485,1,1,0,-0.0625,0.015625
D_imp_asc,0.1,SAME-OPP,pair7,P,14265,14265,14265,1,1,0,0.0,0.015625
D_imp_asc,0.1,SAME-OPP,pair7,Q,6485,6485,6485,1,1,0,0.03125,0.0
D_imp_asc,0.1,SAME-OPP,pair8,P,14265,14265,14265,1,1,0,0.0,-0.0625
D_imp_asc,0.1,SAME-OPP,pair8,Q,6485,6485,6485,1,1,0,0.0,-0.015625
D_imp_asc,0.1,SAME-OPP,pair9,P,14265,14265,14265,1,1,0,0.0,0.10546875
D_imp_asc,0.1,SAME-OPP,pair9,Q,6485,6485,6485,1,1,0,0.0,-0.0556640625
D_imp_asc,0.1,SAME-MORE,pair0,P,14265,14265,14265,1,1,0,0.3125,-0.0859375
D_imp_asc,0.1,SAME-MORE,pair0,Q,6485,6485,6485,1,1,0,0.15625,-0.11553955078125
D_imp_asc,0.1,SAME-MORE,pair1,P,14265,14265,14265,1,1,0,0.03125,0.0625
D_imp_asc,0.1,SAME-MORE,pair1,Q,6485,6485,6485,1,1,0,0.03125,0.078125
D_imp_asc,0.1,SAME-MORE,pair2,P,14265,14265,14265,1,1,0,0.03125,-0.015625
D_imp_asc,0.1,SAME-MORE,pair2,Q,6485,6485,6485,1,1,0,0.0,0.109375
D_imp_asc,0.1,SAME-MORE,pair3,P,14265,14265,14265,1,1,0,0.03125,-0.05859375
D_imp_asc,0.1,SAME-MORE,pair3,Q,6485,6485,6485,1,1,0,0.03125,-0.015625
D_imp_asc,0.1,SAME-MORE,pair4,P,14265,14265,14265,1,1,0,0.0,-0.15625
D_imp_asc,0.1,SAME-MORE,pair4,Q,6485,6485,6485,1,1,0,-0.03125,0.078125
D_imp_asc,0.1,SAME-MORE,pair5,P,14265,14265,14265,1,1,0,-0.03125,0.15625
D_imp_asc,0.1,SAME-MORE,pair5,Q,6485,6485,6485,1,1,0,0.0,0.08782958984375
D_imp_asc,0.1,SAME-MORE,pair6,P,14265,14265,14265,1,1,0,0.0625,0.21875
D_imp_asc,0.1,SAME-MORE,pair6,Q,6485,6485,6485,1,1,0,-0.0625,0.046875
D_imp_asc,0.1,SAME-MORE,pair7,P,14265,14265,14265,1,1,0,0.03125,0.4375
D_imp_asc,0.1,SAME-MORE,pair7,Q,6485,6485,6485,1,1,0,0.0625,0.4140625
D_imp_asc,0.1,SAME-MORE,pair8,P,14265,14265,14265,1,1,0,0.0,-0.25
D_imp_asc,0.1,SAME-MORE,pair8,Q,6485,6485,6485,1,1,0,0.03125,0.03125
D_imp_asc,0.1,SAME-MORE,pair9,P,14265,14265,14265,1,1,0,0.03125,0.546875
D_imp_asc,0.1,SAME-MORE,pair9,Q,6485,6485,6485,1,1,0,0.0,0.18359375
D_imp_asc,0.1,SAME-LESS,pair0,P,14265,14265,14265,1,1,0,0.03125,0.234375
D_imp_asc,0.1,SAME-LESS,pair0,Q,6485,6485,6485,1,1,0,0.0,0.33203125
D_imp_asc,0.1,SAME-LESS,pair1,P,14265,14265,14265,1,1,0,0.0,-0.046875
D_imp_asc,0.1,SAME-LESS,pair1,Q,6485,6485,6485,1,1,0,0.0,-0.03125
D_imp_asc,0.1,SAME-LESS,pair2,P,14265,14265,14265,1,1,0,-0.09375,0.09375
D_imp_asc,0.1,SAME-LESS,pair2,Q,6485,6485,6485,1,1,0,0.09375,-0.017578125
D_imp_asc,0.1,SAME-LESS,pair3,P,14265,14265,14265,1,1,0,0.0625,0.2890625
D_imp_asc,0.1,SAME-LESS,pair3,Q,6485,6485,6485,1,1,0,0.0625,0.130859375
D_imp_asc,0.1,SAME-LESS,pair4,P,14265,14265,14265,1,1,0,-0.03125,-0.21875
D_imp_asc,0.1,SAME-LESS,pair4,Q,6485,6485,6485,1,1,0,-0.03125,-0.140625
D_imp_asc,0.1,SAME-LESS,pair5,P,14265,14265,14265,1,1,0,0.03125,0.125
D_imp_asc,0.1,SAME-LESS,pair5,Q,6485,6485,6485,1,1,0,0.0,0.2998046875
D_imp_asc,0.1,SAME-LESS,pair6,P,14265,14265,14265,1,1,0,0.0,0.125
D_imp_asc,0.1,SAME-LESS,pair6,Q,6485,6485,6485,1,1,0,-0.09375,0.0546875
D_imp_asc,0.1,SAME-LESS,pair7,P,14265,14265,14265,1,1,0,0.03125,0.5703125
D_imp_asc,0.1,SAME-LESS,pair7,Q,6485,6485,6485,1,1,0,0.0625,0.1484375
D_imp_asc,0.1,SAME-LESS,pair8,P,14265,14265,14265,1,1,0,0.03125,0.3125
D_imp_asc,0.1,SAME-LESS,pair8,Q,6485,6485,6485,1,1,0,0.0625,0.216552734375
D_imp_asc,0.1,SAME-LESS,pair9,P,14265,14265,14265,1,1,0,0.0,-0.09375
D_imp_asc,0.1,SAME-LESS,pair9,Q,6485,6485,6485,1,1,0,0.03125,0.0
D_imp_asc,0.1,OPP-MORE,pair0,P,46878,46878,46878,1,1,0,0.25,0.359375
D_imp_asc,0.1,OPP-MORE,pair0,Q,4382,4382,4382,1,1,0,0.3125,0.28125
D_imp_asc,0.1,OPP-MORE,pair1,P,46878,46878,46878,1,1,0,0.0,0.03125
D_imp_asc,0.1,OPP-MORE,pair1,Q,4382,4382,4382,1,1,0,-0.03125,0.15625
D_imp_asc,0.1,OPP-MORE,pair2,P,46878,46878,46878,1,1,0,0.09375,0.125
D_imp_asc,0.1,OPP-MORE,pair2,Q,4382,4382,4382,1,1,0,0.09375,0.375
D_imp_asc,0.1,OPP-MORE,pair3,P,46878,46878,46878,1,1,0,0.0,0.125
D_imp_asc,0.1,OPP-MORE,pair3,Q,4382,4382,4382,1,1,0,0.03125,0.09375
D_imp_asc,0.1,OPP-MORE,pair4,P,46878,46878,46878,1,1,0,0.0,0.125
D_imp_asc,0.1,OPP-MORE,pair4,Q,4382,4382,4382,1,1,0,0.0,0.375
D_imp_asc,0.1,OPP-MORE,pair5,P,46878,46878,46878,1,1,0,0.03125,0.4375
D_imp_asc,0.1,OPP-MORE,pair5,Q,4382,4382,4382,1,1,0,0.0625,0.84375
D_imp_asc,0.1,OPP-MORE,pair6,P,46878,46878,46878,1,1,0,-0.03125,0.25
D_imp_asc,0.1,OPP-MORE,pair6,Q,4382,4382,4382,1,1,0,-0.03125,0.671875
D_imp_asc,0.1,OPP-MORE,pair7,P,46878,46878,46878,1,1,0,-0.03125,0.34375
D_imp_asc,0.1,OPP-MORE,pair7,Q,4382,4382,4382,1,1,0,0.09375,0.96875
D_imp_asc,0.1,OPP-MORE,pair8,P,46878,46878,46878,1,1,0,0.09375,-0.25
D_imp_asc,0.1,OPP-MORE,pair8,Q,4382,4382,4382,1,1,0,0.0625,0.25
D_imp_asc,0.1,OPP-MORE,pair9,P,46878,46878,46878,1,1,0,0.0625,0.125
D_imp_asc,0.1,OPP-MORE,pair9,Q,4382,4382,4382,1,1,0,0.03125,0.53125
D_imp_asc,0.1,OPP-LESS,pair0,P,46878,46878,46878,1,1,0,0.09375,0.1875
D_imp_asc,0.1,OPP-LESS,pair0,Q,4382,4382,4382,1,1,0,0.15625,0.1875
D_imp_asc,0.1,OPP-LESS,pair1,P,46878,46878,46878,1,1,0,-0.0625,0.03125
D_imp_asc,0.1,OPP-LESS,pair1,Q,4382,4382,4382,1,1,0,0.0,0.15625
D_imp_asc,0.1,OPP-LESS,pair2,P,46878,46878,46878,1,1,0,0.09375,-0.0625
D_imp_asc,0.1,OPP-LESS,pair2,Q,4382,4382,4382,1,1,0,0.15625,-0.0625
D_imp_asc,0.1,OPP-LESS,pair3,P,46878,46878,46878,1,1,0,-0.03125,0.1875
D_imp_asc,0.1,OPP-LESS,pair3,Q,4382,4382,4382,1,1,0,0.03125,0.3125
D_imp_asc,0.1,OPP-LESS,pair4,P,46878,46878,46878,1,1,0,0.09375,0.25
D_imp_asc,0.1,OPP-LESS,pair4,Q,4382,4382,4382,1,1,0,0.0,0.125
D_imp_asc,0.1,OPP-LESS,pair5,P,46878,46878,46878,1,1,0,-0.03125,0.0
D_imp_asc,0.1,OPP-LESS,pair5,Q,4382,4382,4382,1,1,0,0.125,0.5
D_imp_asc,0.1,OPP-LESS,pair6,P,46878,46878,46878,1,1,0,-0.0625,0.4375
D_imp_asc,0.1,OPP-LESS,pair6,Q,4382,4382,4382,1,1,0,-0.0625,0.375
D_imp_asc,0.1,OPP-LESS,pair7,P,46878,46878,46878,1,1,0,-0.03125,0.25
D_imp_asc,0.1,OPP-LESS,pair7,Q,4382,4382,4382,1,1,0,0.0625,0.8125
D_imp_asc,0.1,OPP-LESS,pair8,P,46878,46878,46878,1,1,0,0.0625,0.0625
D_imp_asc,0.1,OPP-LESS,pair8,Q,4382,4382,4382,1,1,0,0.0625,0.375
D_imp_asc,0.1,OPP-LESS,pair9,P,46878,46878,46878,1,1,0,0.03125,-0.1875
D_imp_asc,0.1,OPP-LESS,pair9,Q,4382,4382,4382,1,1,0,0.03125,0.0625
D_imp_asc,0.1,MORE-LESS,pair0,P,2834,2834,2834,1,1,0,-0.1875,0.015625
D_imp_asc,0.1,MORE-LESS,pair0,Q,2834,2834,2834,1,1,0,-0.1875,0.15625
D_imp_asc,0.1,MORE-LESS,pair1,P,20120,20120,20120,1,1,0,0.0625,0.0
D_imp_asc,0.1,MORE-LESS,pair1,Q,20120,20120,20120,1,1,0,0.0,-0.0078125
D_imp_asc,0.1,MORE-LESS,pair2,P,32732,32732,32732,1,1,0,-0.03125,0.0
D_imp_asc,0.1,MORE-LESS,pair2,Q,32732,32732,32732,1,1,0,0.15625,0.03125
D_imp_asc,0.1,MORE-LESS,pair3,P,3566,3566,3566,1,1,0,0.0,0.0625
D_imp_asc,0.1,MORE-LESS,pair3,Q,3566,3566,3566,1,1,0,0.03125,0.015625
D_imp_asc,0.1,MORE-LESS,pair4,P,28953,28953,28953,1,1,0,0.0625,-0.03125
D_imp_asc,0.1,MORE-LESS,pair4,Q,28953,28953,28953,1,1,0,0.0625,0.119140625
D_imp_asc,0.1,MORE-LESS,pair5,P,4353,4353,4353,1,1,0,0.0,0.0625
D_imp_asc,0.1,MORE-LESS,pair5,Q,4353,4353,4353,1,1,0,0.0625,0.171875
D_imp_asc,0.1,MORE-LESS,pair6,P,44585,44585,44585,1,1,0,0.0625,0.03125
D_imp_asc,0.1,MORE-LESS,pair6,Q,44585,44585,44585,1,1,0,0.0625,0.09375
D_imp_asc,0.1,MORE-LESS,pair7,P,17580,17580,17580,1,1,0,0.0625,0.046875
D_imp_asc,0.1,MORE-LESS,pair7,Q,17580,17580,17580,1,1,0,0.0625,0.09375
D_imp_asc,0.1,MORE-LESS,pair8,P,59380,59380,59380,1,1,0,-0.03125,0.0
D_imp_asc,0.1,MORE-LESS,pair8,Q,59380,59380,59380,1,1,0,-0.0625,-0.0625
D_imp_asc,0.1,MORE-LESS,pair9,P,45549,45549,45549,1,1,0,-0.03125,0.0
D_imp_asc,0.1,MORE-LESS,pair9,Q,45549,45549,45549,1,1,0,-0.0625,-0.03125
D_imp_asc,0.2,SAME-OPP,pair0,P,14265,14265,14265,1,1,0,-0.0625,0.0234375
D_imp_asc,0.2,SAME-OPP,pair0,Q,6485,6485,6485,1,1,0,0.0,0.03125
D_imp_asc,0.2,SAME-OPP,pair1,P,14265,14265,14265,1,1,0,-0.0625,-0.0625
D_imp_asc,0.2,SAME-OPP,pair1,Q,6485,6485,6485,1,1,0,0.03125,-0.03125
D_imp_asc,0.2,SAME-OPP,pair2,P,14265,14265,14265,1,1,0,-0.0625,0.015625
D_imp_asc,0.2,SAME-OPP,pair2,Q,6485,6485,6485,1,1,0,0.0,0.0
D_imp_asc,0.2,SAME-OPP,pair3,P,14265,14265,14265,1,1,0,-0.03125,-0.03125
D_imp_asc,0.2,SAME-OPP,pair3,Q,6485,6485,6485,1,1,0,0.03125,-0.0625
D_imp_asc,0.2,SAME-OPP,pair4,P,14265,14265,14265,1,1,0,-0.0625,-0.05078125
D_imp_asc,0.2,SAME-OPP,pair4,Q,6485,6485,6485,1,1,0,-0.03125,-0.046875
D_imp_asc,0.2,SAME-OPP,pair5,P,14265,14265,14265,1,1,0,0.0,-0.05859375
D_imp_asc,0.2,SAME-OPP,pair5,Q,6485,6485,6485,1,1,0,0.0,0.078125
D_imp_asc,0.2,SAME-OPP,pair6,P,14265,14265,14265,1,1,0,0.0625,0.0
D_imp_asc,0.2,SAME-OPP,pair6,Q,6485,6485,6485,1,1,0,-0.0625,0.0
D_imp_asc,0.2,SAME-OPP,pair7,P,14265,14265,14265,1,1,0,0.0,0.0390625
D_imp_asc,0.2,SAME-OPP,pair7,Q,6485,6485,6485,1,1,0,0.03125,-0.015625
D_imp_asc,0.2,SAME-OPP,pair8,P,14265,14265,14265,1,1,0,-0.0625,-0.0625
D_imp_asc,0.2,SAME-OPP,pair8,Q,6485,6485,6485,1,1,0,0.0,-0.0859375
D_imp_asc,0.2,SAME-OPP,pair9,P,14265,14265,14265,1,1,0,0.0,-0.015625
D_imp_asc,0.2,SAME-OPP,pair9,Q,6485,6485,6485,1,1,0,0.0,-0.08984375
D_imp_asc,0.2,SAME-MORE,pair0,P,14265,14265,14265,1,1,0,0.21875,-1.125
D_imp_asc,0.2,SAME-MORE,pair0,Q,6485,6485,6485,1,1,0,0.0,-1.19171142578125
D_imp_asc,0.2,SAME-MORE,pair1,P,14265,14265,14265,1,1,0,0.0,-0.0625
D_imp_asc,0.2,SAME-MORE,pair1,Q,6485,6485,6485,1,1,0,0.0,-0.203125
D_imp_asc,0.2,SAME-MORE,pair2,P,14265,14265,14265,1,1,0,-0.03125,-0.1875
D_imp_asc,0.2,SAME-MORE,pair2,Q,6485,6485,6485,1,1,0,0.03125,-0.12109375
D_imp_asc,0.2,SAME-MORE,pair3,P,14265,14265,14265,1,1,0,0.09375,-0.052734375
D_imp_asc,0.2,SAME-MORE,pair3,Q,6485,6485,6485,1,1,0,0.03125,-0.013671875
D_imp_asc,0.2,SAME-MORE,pair4,P,14265,14265,14265,1,1,0,-0.03125,-0.15625
D_imp_asc,0.2,SAME-MORE,pair4,Q,6485,6485,6485,1,1,0,0.0,0.1015625
D_imp_asc,0.2,SAME-MORE,pair5,P,14265,14265,14265,1,1,0,-0.03125,-0.09375
D_imp_asc,0.2,SAME-MORE,pair5,Q,6485,6485,6485,1,1,0,0.0,-0.011688232421875
D_imp_asc,0.2,SAME-MORE,pair6,P,14265,14265,14265,1,1,0,0.0,-0.1796875
D_imp_asc,0.2,SAME-MORE,pair6,Q,6485,6485,6485,1,1,0,-0.0625,-0.234375
D_imp_asc,0.2,SAME-MORE,pair7,P,14265,14265,14265,1,1,0,0.0625,-0.21875
D_imp_asc,0.2,SAME-MORE,pair7,Q,6485,6485,6485,1,1,0,0.0625,0.015625
D_imp_asc,0.2,SAME-MORE,pair8,P,14265,14265,14265,1,1,0,0.0,-0.75
D_imp_asc,0.2,SAME-MORE,pair8,Q,6485,6485,6485,1,1,0,0.0625,-0.34375
D_imp_asc,0.2,SAME-MORE,pair9,P,14265,14265,14265,1,1,0,0.09375,0.140625
D_imp_asc,0.2,SAME-MORE,pair9,Q,6485,6485,6485,1,1,0,0.0,0.0078125
D_imp_asc,0.2,SAME-LESS,pair0,P,14265,14265,14265,1,1,0,0.0,-0.375
D_imp_asc,0.2,SAME-LESS,pair0,Q,6485,6485,6485,1,1,0,-0.0625,0.08984375
D_imp_asc,0.2,SAME-LESS,pair1,P,14265,14265,14265,1,1,0,0.03125,-0.078125
D_imp_asc,0.2,SAME-LESS,pair1,Q,6485,6485,6485,1,1,0,0.03125,-0.046875
D_imp_asc,0.2,SAME-LESS,pair2,P,14265,14265,14265,1,1,0,0.0,-0.125
D_imp_asc,0.2,SAME-LESS,pair2,Q,6485,6485,6485,1,1,0,0.125,-0.365234375
D_imp_asc,0.2,SAME-LESS,pair3,P,14265,14265,14265,1,1,0,0.0625,-0.1015625
D_imp_asc,0.2,SAME-LESS,pair3,Q,6485,6485,6485,1,1,0,0.0625,0.1484375
D_imp_asc,0.2,SAME-LESS,pair4,P,14265,14265,14265,1,1,0,-0.03125,-0.421875
D_imp_asc,0.2,SAME-LESS,pair4,Q,6485,6485,6485,1,1,0,0.0,-0.296875
D_imp_asc,0.2,SAME-LESS,pair5,P,14265,14265,14265,1,1,0,-0.03125,-0.3125
D_imp_asc,0.2,SAME-LESS,pair5,Q,6485,6485,6485,1,1,0,0.03125,-0.0625
D_imp_asc,0.2,SAME-LESS,pair6,P,14265,14265,14265,1,1,0,-0.0625,-0.265625
D_imp_asc,0.2,SAME-LESS,pair6,Q,6485,6485,6485,1,1,0,-0.09375,-0.09375
D_imp_asc,0.2,SAME-LESS,pair7,P,14265,14265,14265,1,1,0,0.0,0.03125
D_imp_asc,0.2,SAME-LESS,pair7,Q,6485,6485,6485,1,1,0,0.125,0.0390625
D_imp_asc,0.2,SAME-LESS,pair8,P,14265,14265,14265,1,1,0,-0.03125,-0.09375
D_imp_asc,0.2,SAME-LESS,pair8,Q,6485,6485,6485,1,1,0,0.03125,0.0185546875
D_imp_asc,0.2,SAME-LESS,pair9,P,14265,14265,14265,1,1,0,-0.03125,-0.3125
D_imp_asc,0.2,SAME-LESS,pair9,Q,6485,6485,6485,1,1,0,0.0,-0.1484375
D_imp_asc,0.2,OPP-MORE,pair0,P,46878,46878,46878,1,1,0,0.0,-0.546875
D_imp_asc,0.2,OPP-MORE,pair0,Q,4382,4382,4382,1,1,0,0.34375,-0.5625
D_imp_asc,0.2,OPP-MORE,pair1,P,46878,46878,46878,1,1,0,0.0,-0.03125
D_imp_asc,0.2,OPP-MORE,pair1,Q,4382,4382,4382,1,1,0,-0.03125,0.09375
D_imp_asc,0.2,OPP-MORE,pair2,P,46878,46878,46878,1,1,0,0.125,-0.25
D_imp_asc,0.2,OPP-MORE,pair2,Q,4382,4382,4382,1,1,0,0.0625,0.09375
D_imp_asc,0.2,OPP-MORE,pair3,P,46878,46878,46878,1,1,0,-0.03125,-0.09375
D_imp_asc,0.2,OPP-MORE,pair3,Q,4382,4382,4382,1,1,0,0.0,0.09375
D_imp_asc,0.2,OPP-MORE,pair4,P,46878,46878,46878,1,1,0,0.0,-0.0625
D_imp_asc,0.2,OPP-MORE,pair4,Q,4382,4382,4382,1,1,0,0.0,0.0625
D_imp_asc,0.2,OPP-MORE,pair5,P,46878,46878,46878,1,1,0,0.0625,0.0
D_imp_asc,0.2,OPP-MORE,pair5,Q,4382,4382,4382,1,1,0,0.03125,0.4375
D_imp_asc,0.2,OPP-MORE,pair6,P,46878,46878,46878,1,1,0,-0.0625,-0.125
D_imp_asc,0.2,OPP-MORE,pair6,Q,4382,4382,4382,1,1,0,-0.0625,0.375
D_imp_asc,0.2,OPP-MORE,pair7,P,46878,46878,46878,1,1,0,-0.09375,-0.1875
D_imp_asc,0.2,OPP-MORE,pair7,Q,4382,4382,4382,1,1,0,0.09375,0.4375
D_imp_asc,0.2,OPP-MORE,pair8,P,46878,46878,46878,1,1,0,0.09375,-0.6875
D_imp_asc,0.2,OPP-MORE,pair8,Q,4382,4382,4382,1,1,0,0.0625,0.0625
D_imp_asc,0.2,OPP-MORE,pair9,P,46878,46878,46878,1,1,0,-0.03125,0.0625
D_imp_asc,0.2,OPP-MORE,pair9,Q,4382,4382,4382,1,1,0,0.03125,0.375
D_imp_asc,0.2,OPP-LESS,pair0,P,46878,46878,46878,1,1,0,0.03125,-0.125
D_imp_asc,0.2,OPP-LESS,pair0,Q,4382,4382,4382,1,1,0,0.09375,0.0
D_imp_asc,0.2,OPP-LESS,pair1,P,46878,46878,46878,1,1,0,-0.03125,0.0
D_imp_asc,0.2,OPP-LESS,pair1,Q,4382,4382,4382,1,1,0,-0.03125,0.078125
D_imp_asc,0.2,OPP-LESS,pair2,P,46878,46878,46878,1,1,0,0.0625,-0.125
D_imp_asc,0.2,OPP-LESS,pair2,Q,4382,4382,4382,1,1,0,0.21875,-0.5625
D_imp_asc,0.2,OPP-LESS,pair3,P,46878,46878,46878,1,1,0,0.0,0.0
D_imp_asc,0.2,OPP-LESS,pair3,Q,4382,4382,4382,1,1,0,0.0625,0.25
D_imp_asc,0.2,OPP-LESS,pair4,P,46878,46878,46878,1,1,0,0.09375,-0.125
D_imp_asc,0.2,OPP-LESS,pair4,Q,4382,4382,4382,1,1,0,0.03125,-0.25
D_imp_asc,0.2,OPP-LESS,pair5,P,46878,46878,46878,1,1,0,0.09375,-0.25
D_imp_asc,0.2,OPP-LESS,pair5,Q,4382,4382,4382,1,1,0,0.0625,0.375
D_imp_asc,0.2,OPP-LESS,pair6,P,46878,46878,46878,1,1,0,-0.03125,0.1875
D_imp_asc,0.2,OPP-LESS,pair6,Q,4382,4382,4382,1,1,0,-0.0625,0.1875
D_imp_asc,0.2,OPP-LESS,pair7,P,46878,46878,46878,1,1,0,-0.125,-0.0625
D_imp_asc,0.2,OPP-LESS,pair7,Q,4382,4382,4382,1,1,0,0.0625,0.5625
D_imp_asc,0.2,OPP-LESS,pair8,P,46878,46878,46878,1,1,0,0.09375,-0.125
D_imp_asc,0.2,OPP-LESS,pair8,Q,4382,4382,4382,1,1,0,0.03125,0.1875
D_imp_asc,0.2,OPP-LESS,pair9,P,46878,46878,46878,1,1,0,0.0625,-0.3125
D_imp_asc,0.2,OPP-LESS,pair9,Q,4382,4382,4382,1,1,0,0.03125,-0.125
D_imp_asc,0.2,MORE-LESS,pair0,P,2834,2834,2834,1,1,0,-0.0625,-0.015625
D_imp_asc,0.2,MORE-LESS,pair0,Q,2834,2834,2834,1,1,0,-0.15625,0.046875
D_imp_asc,0.2,MORE-LESS,pair1,P,20120,20120,20120,1,1,0,0.0625,0.03125
D_imp_asc,0.2,MORE-LESS,pair1,Q,20120,20120,20120,1,1,0,0.0625,0.015625
D_imp_asc,0.2,MORE-LESS,pair2,P,32732,32732,32732,1,1,0,0.03125,0.0
D_imp_asc,0.2,MORE-LESS,pair2,Q,32732,32732,32732,1,1,0,0.15625,0.0
D_imp_asc,0.2,MORE-LESS,pair3,P,3566,3566,3566,1,1,0,0.03125,0.046875
D_imp_asc,0.2,MORE-LESS,pair3,Q,3566,3566,3566,1,1,0,0.0,0.0078125
D_imp_asc,0.2,MORE-LESS,pair4,P,28953,28953,28953,1,1,0,0.0,-0.03125
D_imp_asc,0.2,MORE-LESS,pair4,Q,28953,28953,28953,1,1,0,0.0,-0.091796875
D_imp_asc,0.2,MORE-LESS,pair5,P,4353,4353,4353,1,1,0,0.0625,0.03125
D_imp_asc,0.2,MORE-LESS,pair5,Q,4353,4353,4353,1,1,0,0.125,0.15625
D_imp_asc,0.2,MORE-LESS,pair6,P,44585,44585,44585,1,1,0,0.0625,-0.09375
D_imp_asc,0.2,MORE-LESS,pair6,Q,44585,44585,44585,1,1,0,0.125,0.09375
D_imp_asc,0.2,MORE-LESS,pair7,P,17580,17580,17580,1,1,0,0.0,0.046875
D_imp_asc,0.2,MORE-LESS,pair7,Q,17580,17580,17580,1,1,0,0.0625,0.109375
D_imp_asc,0.2,MORE-LESS,pair8,P,59380,59380,59380,1,1,0,-0.03125,-0.03125
D_imp_asc,0.2,MORE-LESS,pair8,Q,59380,59380,59380,1,1,0,-0.0625,-0.03125
D_imp_asc,0.2,MORE-LESS,pair9,P,45549,45549,45549,1,1,0,0.03125,0.0
D_imp_asc,0.2,MORE-LESS,pair9,Q,45549,45549,45549,1,1,0,-0.03125,-0.0625
D_imp_asc,0.3,SAME-OPP,pair0,P,14265,14265,14265,1,1,0,-0.09375,-0.03125
D_imp_asc,0.3,SAME-OPP,pair0,Q,6485,6485,6485,1,1,0,-0.0625,0.078125
D_imp_asc,0.3,SAME-OPP,pair1,P,14265,14265,14265,1,1,0,-0.03125,0.00390625
D_imp_asc,0.3,SAME-OPP,pair1,Q,6485,6485,6485,1,1,0,0.0,0.0
D_imp_asc,0.3,SAME-OPP,pair2,P,14265,14265,14265,1,1,0,-0.09375,-0.015625
D_imp_asc,0.3,SAME-OPP,pair2,Q,6485,6485,6485,1,1,0,-0.09375,-0.03125
D_imp_asc,0.3,SAME-OPP,pair3,P,14265,14265,14265,1,1,0,0.0,-0.03125
D_imp_asc,0.3,SAME-OPP,pair3,Q,6485,6485,6485,1,1,0,-0.03125,0.0
D_imp_asc,0.3,SAME-OPP,pair4,P,14265,14265,14265,1,1,0,0.0,-0.11328125
D_imp_asc,0.3,SAME-OPP,pair4,Q,6485,6485,6485,1,1,0,-0.0625,-0.03125
D_imp_asc,0.3,SAME-OPP,pair5,P,14265,14265,14265,1,1,0,0.0,0.01953125
D_imp_asc,0.3,SAME-OPP,pair5,Q,6485,6485,6485,1,1,0,-0.03125,-0.015625
D_imp_asc,0.3,SAME-OPP,pair6,P,14265,14265,14265,1,1,0,0.0,-0.025390625
D_imp_asc,0.3,SAME-OPP,pair6,Q,6485,6485,6485,1,1,0,-0.09375,0.0234375
D_imp_asc,0.3,SAME-OPP,pair7,P,14265,14265,14265,1,1,0,-0.03125,0.03515625
D_imp_asc,0.3,SAME-OPP,pair7,Q,6485,6485,6485,1,1,0,-0.03125,0.03125
D_imp_asc,0.3,SAME-OPP,pair8,P,14265,14265,14265,1,1,0,-0.0625,-0.046875
D_imp_asc,0.3,SAME-OPP,pair8,Q,6485,6485,6485,1,1,0,0.0,-0.06640625
D_imp_asc,0.3,SAME-OPP,pair9,P,14265,14265,14265,1,1,0,-0.0625,0.046875
D_imp_asc,0.3,SAME-OPP,pair9,Q,6485,6485,6485,1,1,0,0.0,-0.1552734375
D_imp_asc,0.3,SAME-MORE,pair0,P,14265,14265,14265,1,1,0,0.4375,-1.84375
D_imp_asc,0.3,SAME-MORE,pair0,Q,6485,6485,6485,1,1,0,0.03125,-1.60577392578125
D_imp_asc,0.3,SAME-MORE,pair1,P,14265,14265,14265,1,1,0,0.03125,-0.53125
D_imp_asc,0.3,SAME-MORE,pair1,Q,6485,6485,6485,1,1,0,-0.0625,-0.203125
D_imp_asc,0.3,SAME-MORE,pair2,P,14265,14265,14265,1,1,0,-0.03125,-0.375
D_imp_asc,0.3,SAME-MORE,pair2,Q,6485,6485,6485,1,1,0,0.0625,0.03125
D_imp_asc,0.3,SAME-MORE,pair3,P,14265,14265,14265,1,1,0,0.0625,-0.31640625
D_imp_asc,0.3,SAME-MORE,pair3,Q,6485,6485,6485,1,1,0,0.125,-0.091796875
D_imp_asc,0.3,SAME-MORE,pair4,P,14265,14265,14265,1,1,0,-0.09375,-0.859375
D_imp_asc,0.3,SAME-MORE,pair4,Q,6485,6485,6485,1,1,0,0.0625,0.1328125
D_imp_asc,0.3,SAME-MORE,pair5,P,14265,14265,14265,1,1,0,-0.03125,-0.1875
D_imp_asc,0.3,SAME-MORE,pair5,Q,6485,6485,6485,1,1,0,0.03125,0.05194091796875
D_imp_asc,0.3,SAME-MORE,pair6,P,14265,14265,14265,1,1,0,0.0,-0.3359375
D_imp_asc,0.3,SAME-MORE,pair6,Q,6485,6485,6485,1,1,0,0.0625,-0.18359375
D_imp_asc,0.3,SAME-MORE,pair7,P,14265,14265,14265,1,1,0,0.125,-0.203125
D_imp_asc,0.3,SAME-MORE,pair7,Q,6485,6485,6485,1,1,0,0.1875,-0.015625
D_imp_asc,0.3,SAME-MORE,pair8,P,14265,14265,14265,1,1,0,0.0,-1.0
D_imp_asc,0.3,SAME-MORE,pair8,Q,6485,6485,6485,1,1,0,0.09375,-0.6875
D_imp_asc,0.3,SAME-MORE,pair9,P,14265,14265,14265,1,1,0,0.03125,0.03125
D_imp_asc,0.3,SAME-MORE,pair9,Q,6485,6485,6485,1,1,0,0.0,-0.08984375
D_imp_asc,0.3,SAME-LESS,pair0,P,14265,14265,14265,1,1,0,0.0625,-0.109375
D_imp_asc,0.3,SAME-LESS,pair0,Q,6485,6485,6485,1,1,0,-0.125,0.31640625
D_imp_asc,0.3,SAME-LESS,pair1,P,14265,14265,14265,1,1,0,0.03125,-0.046875
D_imp_asc,0.3,SAME-LESS,pair1,Q,6485,6485,6485,1,1,0,0.0,0.171875
D_imp_asc,0.3,SAME-LESS,pair2,P,14265,14265,14265,1,1,0,-0.03125,-0.25
D_imp_asc,0.3,SAME-LESS,pair2,Q,6485,6485,6485,1,1,0,0.15625,-0.009765625
D_imp_asc,0.3,SAME-LESS,pair3,P,14265,14265,14265,1,1,0,0.09375,-0.3046875
D_imp_asc,0.3,SAME-LESS,pair3,Q,6485,6485,6485,1,1,0,0.03125,0.458984375
D_imp_asc,0.3,SAME-LESS,pair4,P,14265,14265,14265,1,1,0,-0.125,-0.765625
D_imp_asc,0.3,SAME-LESS,pair4,Q,6485,6485,6485,1,1,0,0.0,-0.359375
D_imp_asc,0.3,SAME-LESS,pair5,P,14265,14265,14265,1,1,0,0.0,-0.125
D_imp_asc,0.3,SAME-LESS,pair5,Q,6485,6485,6485,1,1,0,0.0625,0.099609375
D_imp_asc,0.3,SAME-LESS,pair6,P,14265,14265,14265,1,1,0,0.0625,0.5390625
D_imp_asc,0.3,SAME-LESS,pair6,Q,6485,6485,6485,1,1,0,-0.0625,0.375
D_imp_asc,0.3,SAME-LESS,pair7,P,14265,14265,14265,1,1,0,0.09375,0.5859375
D_imp_asc,0.3,SAME-LESS,pair7,Q,6485,6485,6485,1,1,0,0.125,0.3359375
D_imp_asc,0.3,SAME-LESS,pair8,P,14265,14265,14265,1,1,0,0.0,-0.53125
D_imp_asc,0.3,SAME-LESS,pair8,Q,6485,6485,6485,1,1,0,-0.0625,0.0390625
D_imp_asc,0.3,SAME-LESS,pair9,P,14265,14265,14265,1,1,0,0.03125,-0.46875
D_imp_asc,0.3,SAME-LESS,pair9,Q,6485,6485,6485,1,1,0,-0.09375,0.0234375
D_imp_asc,0.3,OPP-MORE,pair0,P,46878,46878,46878,1,1,0,0.0625,-0.890625
D_imp_asc,0.3,OPP-MORE,pair0,Q,4382,4382,4382,1,1,0,0.40625,-0.875
D_imp_asc,0.3,OPP-MORE,pair1,P,46878,46878,46878,1,1,0,-0.09375,-0.3125
D_imp_asc,0.3,OPP-MORE,pair1,Q,4382,4382,4382,1,1,0,-0.0625,0.0
D_imp_asc,0.3,OPP-MORE,pair2,P,46878,46878,46878,1,1,0,0.09375,0.0625
D_imp_asc,0.3,OPP-MORE,pair2,Q,4382,4382,4382,1,1,0,0.09375,0.3125
D_imp_asc,0.3,OPP-MORE,pair3,P,46878,46878,46878,1,1,0,-0.0625,-0.1875
D_imp_asc,0.3,OPP-MORE,pair3,Q,4382,4382,4382,1,1,0,0.0,0.09375
D_imp_asc,0.3,OPP-MORE,pair4,P,46878,46878,46878,1,1,0,-0.0625,-0.1875
D_imp_asc,0.3,OPP-MORE,pair4,Q,4382,4382,4382,1,1,0,-0.03125,-0.3125
D_imp_asc,0.3,OPP-MORE,pair5,P,46878,46878,46878,1,1,0,0.03125,0.0625
D_imp_asc,0.3,OPP-MORE,pair5,Q,4382,4382,4382,1,1,0,0.03125,0.4375
D_imp_asc,0.3,OPP-MORE,pair6,P,46878,46878,46878,1,1,0,0.0,0.28125
D_imp_asc,0.3,OPP-MORE,pair6,Q,4382,4382,4382,1,1,0,-0.09375,0.296875
D_imp_asc,0.3,OPP-MORE,pair7,P,46878,46878,46878,1,1,0,-0.0625,-0.03125
D_imp_asc,0.3,OPP-MORE,pair7,Q,4382,4382,4382,1,1,0,0.125,0.15625
D_imp_asc,0.3,OPP-MORE,pair8,P,46878,46878,46878,1,1,0,0.0625,-0.875
D_imp_asc,0.3,OPP-MORE,pair8,Q,4382,4382,4382,1,1,0,0.03125,-0.4375
D_imp_asc,0.3,OPP-MORE,pair9,P,46878,46878,46878,1,1,0,-0.03125,0.125
D_imp_asc,0.3,OPP-MORE,pair9,Q,4382,4382,4382,1,1,0,-0.03125,0.21875
D_imp_asc,0.3,OPP-LESS,pair0,P,46878,46878,46878,1,1,0,0.0,-0.125
D_imp_asc,0.3,OPP-LESS,pair0,Q,4382,4382,4382,1,1,0,0.09375,-0.25
D_imp_asc,0.3,OPP-LESS,pair1,P,46878,46878,46878,1,1,0,0.0,0.03125
D_imp_asc,0.3,OPP-LESS,pair1,Q,4382,4382,4382,1,1,0,-0.03125,0.328125
D_imp_asc,0.3,OPP-LESS,pair2,P,46878,46878,46878,1,1,0,0.09375,-0.0625
D_imp_asc,0.3,OPP-LESS,pair2,Q,4382,4382,4382,1,1,0,0.21875,-0.125
D_imp_asc,0.3,OPP-LESS,pair3,P,46878,46878,46878,1,1,0,0.0,0.125
D_imp_asc,0.3,OPP-LESS,pair3,Q,4382,4382,4382,1,1,0,0.09375,0.75
D_imp_asc,0.3,OPP-LESS,pair4,P,46878,46878,46878,1,1,0,0.03125,-0.0625
D_imp_asc,0.3,OPP-LESS,pair4,Q,4382,4382,4382,1,1,0,-0.03125,-0.3125
D_imp_asc,0.3,OPP-LESS,pair5,P,46878,46878,46878,1,1,0,0.09375,-0.125
D_imp_asc,0.3,OPP-LESS,pair5,Q,4382,4382,4382,1,1,0,0.0625,0.3125
D_imp_asc,0.3,OPP-LESS,pair6,P,46878,46878,46878,1,1,0,-0.0625,0.6875
D_imp_asc,0.3,OPP-LESS,pair6,Q,4382,4382,4382,1,1,0,-0.09375,0.6875
D_imp_asc,0.3,OPP-LESS,pair7,P,46878,46878,46878,1,1,0,-0.09375,0.0625
D_imp_asc,0.3,OPP-LESS,pair7,Q,4382,4382,4382,1,1,0,0.09375,0.6875
D_imp_asc,0.3,OPP-LESS,pair8,P,46878,46878,46878,1,1,0,0.03125,-0.4375
D_imp_asc,0.3,OPP-LESS,pair8,Q,4382,4382,4382,1,1,0,0.03125,0.0625
D_imp_asc,0.3,OPP-LESS,pair9,P,46878,46878,46878,1,1,0,0.0,-0.4375
D_imp_asc,0.3,OPP-LESS,pair9,Q,4382,4382,4382,1,1,0,-0.03125,-0.1875
D_imp_asc,0.3,MORE-LESS,pair0,P,2834,2834,2834,1,1,0,-0.0625,0.078125
D_imp_asc,0.3,MORE-LESS,pair0,Q,2834,2834,2834,1,1,0,-0.09375,0.21875
D_imp_asc,0.3,MORE-LESS,pair1,P,20120,20120,20120,1,1,0,0.0625,0.015625
D_imp_asc,0.3,MORE-LESS,pair1,Q,20120,20120,20120,1,1,0,0.0,0.0703125
D_imp_asc,0.3,MORE-LESS,pair2,P,32732,32732,32732,1,1,0,0.03125,0.03125
D_imp_asc,0.3,MORE-LESS,pair2,Q,32732,32732,32732,1,1,0,0.21875,0.0625
D_imp_asc,0.3,MORE-LESS,pair3,P,3566,3566,3566,1,1,0,0.03125,0.109375
D_imp_asc,0.3,MORE-LESS,pair3,Q,3566,3566,3566,1,1,0,0.03125,0.078125
D_imp_asc,0.3,MORE-LESS,pair4,P,28953,28953,28953,1,1,0,0.0,0.09375
D_imp_asc,0.3,MORE-LESS,pair4,Q,28953,28953,28953,1,1,0,0.0625,0.05859375
D_imp_asc,0.3,MORE-LESS,pair5,P,4353,4353,4353,1,1,0,0.125,0.125
D_imp_asc,0.3,MORE-LESS,pair5,Q,4353,4353,4353,1,1,0,0.0625,0.203125
D_imp_asc,0.3,MORE-LESS,pair6,P,44585,44585,44585,1,1,0,0.0625,0.0
D_imp_asc,0.3,MORE-LESS,pair6,Q,44585,44585,44585,1,1,0,0.0625,0.015625
D_imp_asc,0.3,MORE-LESS,pair7,P,17580,17580,17580,1,1,0,0.0625,0.0
D_imp_asc,0.3,MORE-LESS,pair7,Q,17580,17580,17580,1,1,0,0.0625,0.09375
D_imp_asc,0.3,MORE-LESS,pair8,P,59380,59380,59380,1,1,0,-0.03125,0.0
D_imp_asc,0.3,MORE-LESS,pair8,Q,59380,59380,59380,1,1,0,-0.03125,-0.0625
D_imp_asc,0.3,MORE-LESS,pair9,P,45549,45549,45549,1,1,0,0.0,-0.03125
D_imp_asc,0.3,MORE-LESS,pair9,Q,45549,45549,45549,1,1,0,-0.0625,-0.03125
D_imp_asc,0.5,SAME-OPP,pair0,P,14265,14265,14265,1,1,0,0.0,0.015625
D_imp_asc,0.5,SAME-OPP,pair0,Q,6485,6485,6485,1,1,0,-0.0625,0.0703125
D_imp_asc,0.5,SAME-OPP,pair1,P,14265,14265,14265,1,1,0,-0.03125,0.00390625
D_imp_asc,0.5,SAME-OPP,pair1,Q,6485,6485,6485,1,1,0,0.0,-0.015625
D_imp_asc,0.5,SAME-OPP,pair2,P,14265,14265,14265,1,1,0,-0.09375,0.046875
D_imp_asc,0.5,SAME-OPP,pair2,Q,6485,6485,6485,1,1,0,-0.09375,-0.015625
D_imp_asc,0.5,SAME-OPP,pair3,P,14265,14265,14265,1,1,0,-0.0625,-0.03125
D_imp_asc,0.5,SAME-OPP,pair3,Q,6485,6485,6485,1,1,0,0.0,0.0
D_imp_asc,0.5,SAME-OPP,pair4,P,14265,14265,14265,1,1,0,-0.03125,-0.08203125
D_imp_asc,0.5,SAME-OPP,pair4,Q,6485,6485,6485,1,1,0,-0.09375,-0.03125
D_imp_asc,0.5,SAME-OPP,pair5,P,14265,14265,14265,1,1,0,-0.03125,0.03125
D_imp_asc,0.5,SAME-OPP,pair5,Q,6485,6485,6485,1,1,0,-0.03125,-0.03125
D_imp_asc,0.5,SAME-OPP,pair6,P,14265,14265,14265,1,1,0,0.0625,-0.033203125
D_imp_asc,0.5,SAME-OPP,pair6,Q,6485,6485,6485,1,1,0,-0.09375,0.0625
D_imp_asc,0.5,SAME-OPP,pair7,P,14265,14265,14265,1,1,0,-0.03125,0.052734375
D_imp_asc,0.5,SAME-OPP,pair7,Q,6485,6485,6485,1,1,0,-0.03125,0.046875
D_imp_asc,0.5,SAME-OPP,pair8,P,14265,14265,14265,1,1,0,0.0,-0.03125
D_imp_asc,0.5,SAME-OPP,pair8,Q,6485,6485,6485,1,1,0,-0.03125,-0.060546875
D_imp_asc,0.5,SAME-OPP,pair9,P,14265,14265,14265,1,1,0,0.03125,0.09765625
D_imp_asc,0.5,SAME-OPP,pair9,Q,6485,6485,6485,1,1,0,0.0,-0.1923828125
D_imp_asc,0.5,SAME-MORE,pair0,P,14265,14265,14265,1,1,0,0.375,-1.75
D_imp_asc,0.5,SAME-MORE,pair0,Q,6485,6485,6485,1,1,0,0.0,-1.84014892578125
D_imp_asc,0.5,SAME-MORE,pair1,P,14265,14265,14265,1,1,0,0.0,-0.71875
D_imp_asc,0.5,SAME-MORE,pair1,Q,6485,6485,6485,1,1,0,-0.03125,-0.171875
D_imp_asc,0.5,SAME-MORE,pair2,P,14265,14265,14265,1,1,0,0.0625,-0.4375
D_imp_asc,0.5,SAME-MORE,pair2,Q,6485,6485,6485,1,1,0,0.09375,-0.17578125
D_imp_asc,0.5,SAME-MORE,pair3,P,14265,14265,14265,1,1,0,0.0,-0.1875
D_imp_asc,0.5,SAME-MORE,pair3,Q,6485,6485,6485,1,1,0,0.09375,-0.103515625
D_imp_asc,0.5,SAME-MORE,pair4,P,14265,14265,14265,1,1,0,-0.0625,-0.625
D_imp_asc,0.5,SAME-MORE,pair4,Q,6485,6485,6485,1,1,0,0.0625,0.08203125
D_imp_asc,0.5,SAME-MORE,pair5,P,14265,14265,14265,1,1,0,0.0,-0.125
D_imp_asc,0.5,SAME-MORE,pair5,Q,6485,6485,6485,1,1,0,0.03125,0.01666259765625
D_imp_asc,0.5,SAME-MORE,pair6,P,14265,14265,14265,1,1,0,0.0625,-0.3046875
D_imp_asc,0.5,SAME-MORE,pair6,Q,6485,6485,6485,1,1,0,0.0625,-0.32421875
D_imp_asc,0.5,SAME-MORE,pair7,P,14265,14265,14265,1,1,0,0.15625,-0.21875
D_imp_asc,0.5,SAME-MORE,pair7,Q,6485,6485,6485,1,1,0,0.125,-0.21875
D_imp_asc,0.5,SAME-MORE,pair8,P,14265,14265,14265,1,1,0,0.0,-1.1875
D_imp_asc,0.5,SAME-MORE,pair8,Q,6485,6485,6485,1,1,0,0.03125,-0.8125
D_imp_asc,0.5,SAME-MORE,pair9,P,14265,14265,14265,1,1,0,0.03125,-0.09375
D_imp_asc,0.5,SAME-MORE,pair9,Q,6485,6485,6485,1,1,0,0.09375,-0.22265625
D_imp_asc,0.5,SAME-LESS,pair0,P,14265,14265,14265,1,1,0,0.125,0.203125
D_imp_asc,0.5,SAME-LESS,pair0,Q,6485,6485,6485,1,1,0,-0.09375,0.27734375
D_imp_asc,0.5,SAME-LESS,pair1,P,14265,14265,14265,1,1,0,0.0,-0.171875
D_imp_asc,0.5,SAME-LESS,pair1,Q,6485,6485,6485,1,1,0,0.03125,0.1875
D_imp_asc,0.5,SAME-LESS,pair2,P,14265,14265,14265,1,1,0,-0.03125,-0.09375
D_imp_asc,0.5,SAME-LESS,pair2,Q,6485,6485,6485,1,1,0,0.125,-0.107421875
D_imp_asc,0.5,SAME-LESS,pair3,P,14265,14265,14265,1,1,0,0.0625,-0.109375
D_imp_asc,0.5,SAME-LESS,pair3,Q,6485,6485,6485,1,1,0,0.0,0.396484375
D_imp_asc,0.5,SAME-LESS,pair4,P,14265,14265,14265,1,1,0,-0.09375,-0.640625
D_imp_asc,0.5,SAME-LESS,pair4,Q,6485,6485,6485,1,1,0,0.03125,-0.34375
D_imp_asc,0.5,SAME-LESS,pair5,P,14265,14265,14265,1,1,0,0.0,-0.0625
D_imp_asc,0.5,SAME-LESS,pair5,Q,6485,6485,6485,1,1,0,0.0625,0.0625
D_imp_asc,0.5,SAME-LESS,pair6,P,14265,14265,14265,1,1,0,0.0625,0.375
D_imp_asc,0.5,SAME-LESS,pair6,Q,6485,6485,6485,1,1,0,-0.0625,0.4375
D_imp_asc,0.5,SAME-LESS,pair7,P,14265,14265,14265,1,1,0,0.0625,0.5078125
D_imp_asc,0.5,SAME-LESS,pair7,Q,6485,6485,6485,1,1,0,0.09375,0.3515625
D_imp_asc,0.5,SAME-LESS,pair8,P,14265,14265,14265,1,1,0,0.03125,-0.5
D_imp_asc,0.5,SAME-LESS,pair8,Q,6485,6485,6485,1,1,0,-0.03125,0.126220703125
D_imp_asc,0.5,SAME-LESS,pair9,P,14265,14265,14265,1,1,0,-0.03125,-0.46875
D_imp_asc,0.5,SAME-LESS,pair9,Q,6485,6485,6485,1,1,0,-0.09375,-0.0234375
D_imp_asc,0.5,OPP-MORE,pair0,P,46878,46878,46878,1,1,0,0.0625,-0.96875
D_imp_asc,0.5,OPP-MORE,pair0,Q,4382,4382,4382,1,1,0,0.4375,-1.0625
D_imp_asc,0.5,OPP-MORE,pair1,P,46878,46878,46878,1,1,0,-0.03125,-0.46875
D_imp_asc,0.5,OPP-MORE,pair1,Q,4382,4382,4382,1,1,0,-0.0625,-0.0625
D_imp_asc,0.5,OPP-MORE,pair2,P,46878,46878,46878,1,1,0,0.125,-0.1875
D_imp_asc,0.5,OPP-MORE,pair2,Q,4382,4382,4382,1,1,0,0.09375,0.125
D_imp_asc,0.5,OPP-MORE,pair3,P,46878,46878,46878,1,1,0,0.0,-0.1875
D_imp_asc,0.5,OPP-MORE,pair3,Q,4382,4382,4382,1,1,0,0.03125,0.0625
D_imp_asc,0.5,OPP-MORE,pair4,P,46878,46878,46878,1,1,0,-0.03125,-0.25
D_imp_asc,0.5,OPP-MORE,pair4,Q,4382,4382,4382,1,1,0,0.0,-0.125
D_imp_asc,0.5,OPP-MORE,pair5,P,46878,46878,46878,1,1,0,0.0,-0.125
D_imp_asc,0.5,OPP-MORE,pair5,Q,4382,4382,4382,1,1,0,0.03125,0.21875
D_imp_asc,0.5,OPP-MORE,pair6,P,46878,46878,46878,1,1,0,0.0,0.0625
D_imp_asc,0.5,OPP-MORE,pair6,Q,4382,4382,4382,1,1,0,0.0,0.25
D_imp_asc,0.5,OPP-MORE,pair7,P,46878,46878,46878,1,1,0,-0.09375,-0.21875
D_imp_asc,0.5,OPP-MORE,pair7,Q,4382,4382,4382,1,1,0,0.0625,0.28125
D_imp_asc,0.5,OPP-MORE,pair8,P,46878,46878,46878,1,1,0,0.09375,-1.0
D_imp_asc,0.5,OPP-MORE,pair8,Q,4382,4382,4382,1,1,0,0.03125,-0.625
D_imp_asc,0.5,OPP-MORE,pair9,P,46878,46878,46878,1,1,0,0.03125,0.0625
D_imp_asc,0.5,OPP-MORE,pair9,Q,4382,4382,4382,1,1,0,-0.03125,0.21875
D_imp_asc,0.5,OPP-LESS,pair0,P,46878,46878,46878,1,1,0,0.03125,-0.125
D_imp_asc,0.5,OPP-LESS,pair0,Q,4382,4382,4382,1,1,0,0.125,-0.25
D_imp_asc,0.5,OPP-LESS,pair1,P,46878,46878,46878,1,1,0,0.0625,0.0625
D_imp_asc,0.5,OPP-LESS,pair1,Q,4382,4382,4382,1,1,0,-0.0625,0.28125
D_imp_asc,0.5,OPP-LESS,pair2,P,46878,46878,46878,1,1,0,0.09375,0.0
D_imp_asc,0.5,OPP-LESS,pair2,Q,4382,4382,4382,1,1,0,0.25,0.0
D_imp_asc,0.5,OPP-LESS,pair3,P,46878,46878,46878,1,1,0,0.03125,0.0625
D_imp_asc,0.5,OPP-LESS,pair3,Q,4382,4382,4382,1,1,0,0.0625,0.6875
D_imp_asc,0.5,OPP-LESS,pair4,P,46878,46878,46878,1,1,0,0.03125,-0.125
D_imp_asc,0.5,OPP-LESS,pair4,Q,4382,4382,4382,1,1,0,-0.03125,-0.375
D_imp_asc,0.5,OPP-LESS,pair5,P,46878,46878,46878,1,1,0,0.125,-0.1875
D_imp_asc,0.5,OPP-LESS,pair5,Q,4382,4382,4382,1,1,0,0.09375,0.25
D_imp_asc,0.5,OPP-LESS,pair6,P,46878,46878,46878,1,1,0,-0.03125,0.5
D_imp_asc,0.5,OPP-LESS,pair6,Q,4382,4382,4382,1,1,0,-0.0625,0.75
D_imp_asc,0.5,OPP-LESS,pair7,P,46878,46878,46878,1,1,0,-0.0625,0.0625
D_imp_asc,0.5,OPP-LESS,pair7,Q,4382,4382,4382,1,1,0,0.125,0.75
D_imp_asc,0.5,OPP-LESS,pair8,P,46878,46878,46878,1,1,0,0.0625,-0.4375
D_imp_asc,0.5,OPP-LESS,pair8,Q,4382,4382,4382,1,1,0,0.03125,0.0625
D_imp_asc,0.5,OPP-LESS,pair9,P,46878,46878,46878,1,1,0,0.03125,-0.5
D_imp_asc,0.5,OPP-LESS,pair9,Q,4382,4382,4382,1,1,0,0.0,-0.15625
D_imp_asc,0.5,MORE-LESS,pair0,P,2834,2834,2834,1,1,0,-0.0625,0.1328125
D_imp_asc,0.5,MORE-LESS,pair0,Q,2834,2834,2834,1,1,0,-0.09375,0.078125
D_imp_asc,0.5,MORE-LESS,pair1,P,20120,20120,20120,1,1,0,0.0625,-0.015625
D_imp_asc,0.5,MORE-LESS,pair1,Q,20120,20120,20120,1,1,0,0.0,0.1015625
D_imp_asc,0.5,MORE-LESS,pair2,P,32732,32732,32732,1,1,0,0.0625,0.03125
D_imp_asc,0.5,MORE-LESS,pair2,Q,32732,32732,32732,1,1,0,0.21875,0.09375
D_imp_asc,0.5,MORE-LESS,pair3,P,3566,3566,3566,1,1,0,0.0625,0.15625
D_imp_asc,0.5,MORE-LESS,pair3,Q,3566,3566,3566,1,1,0,0.0625,0.0390625
D_imp_asc,0.5,MORE-LESS,pair4,P,28953,28953,28953,1,1,0,0.0,-0.09375
D_imp_asc,0.5,MORE-LESS,pair4,Q,28953,28953,28953,1,1,0,0.0,-0.1875
D_imp_asc,0.5,MORE-LESS,pair5,P,4353,4353,4353,1,1,0,0.0625,0.03125
D_imp_asc,0.5,MORE-LESS,pair5,Q,4353,4353,4353,1,1,0,0.0625,0.15625
D_imp_asc,0.5,MORE-LESS,pair6,P,44585,44585,44585,1,1,0,0.0625,-0.09375
D_imp_asc,0.5,MORE-LESS,pair6,Q,44585,44585,44585,1,1,0,0.0625,-0.015625
D_imp_asc,0.5,MORE-LESS,pair7,P,17580,17580,17580,1,1,0,0.0,0.0
D_imp_asc,0.5,MORE-LESS,pair7,Q,17580,17580,17580,1,1,0,0.0,0.078125
D_imp_asc,0.5,MORE-LESS,pair8,P,59380,59380,59380,1,1,0,-0.03125,-0.03125
D_imp_asc,0.5,MORE-LESS,pair8,Q,59380,59380,59380,1,1,0,-0.0625,-0.03125
D_imp_asc,0.5,MORE-LESS,pair9,P,45549,45549,45549,1,1,0,0.0,0.0
D_imp_asc,0.5,MORE-LESS,pair9,Q,45549,45549,45549,1,1,0,-0.03125,0.0
