model,group,ratio,k,k_actual,crel_pair,pair_id,attr_dim,delta_target_logit_signed,delta_source_logit_signed,argmax_token_id_clean,argmax_token_id_patched
gpt-j-6b-fp32,hihp_imp_desc,0.01,4,4,SAME-OPP,pair0,P,0.00583648681640625,-0.004001617431640625,632,632
gpt-j-6b-fp32,hihp_imp_desc,0.01,4,4,SAME-OPP,pair0,Q,-0.0047206878662109375,0.016434669494628906,39733,39733
gpt-j-6b-fp32,hihp_imp_desc,0.01,4,4,SAME-OPP,pair1,P,0.02151012420654297,0.014743804931640625,27059,27059
gpt-j-6b-fp32,hihp_imp_desc,0.01,4,4,SAME-OPP,pair1,Q,-0.012984275817871094,0.03282737731933594,19157,19157
gpt-j-6b-fp32,hihp_imp_desc,0.01,4,4,SAME-OPP,pair2,P,0.027112960815429688,0.005779266357421875,632,632
gpt-j-6b-fp32,hihp_imp_desc,0.01,4,4,SAME-OPP,pair2,Q,0.01177978515625,0.017322540283203125,632,632
gpt-j-6b-fp32,hihp_imp_desc,0.01,4,4,SAME-OPP,pair3,P,0.010530471801757812,-0.010822296142578125,27059,27059
gpt-j-6b-fp32,hihp_imp_desc,0.01,4,4,SAME-OPP,pair3,Q,-0.013317108154296875,0.013623237609863281,632,632
gpt-j-6b-fp32,hihp_imp_desc,0.01,4,4,SAME-OPP,pair4,P,0.04058265686035156,0.030905723571777344,27059,27059
gpt-j-6b-fp32,hihp_imp_desc,0.01,4,4,SAME-OPP,pair4,Q,0.009800910949707031,0.05138683319091797,632,632
gpt-j-6b-fp32,hihp_imp_desc,0.01,4,4,SAME-OPP,pair5,P,0.0059337615966796875,-0.011452674865722656,27059,27059
gpt-j-6b-fp32,hihp_imp_desc,0.01,4,4,SAME-OPP,pair5,Q,-0.015594482421875,0.015555381774902344,632,632
gpt-j-6b-fp32,hihp_imp_desc,0.01,4,4,SAME-OPP,pair6,P,0.02738666534423828,0.023075103759765625,27059,27059
gpt-j-6b-fp32,hihp_imp_desc,0.01,4,4,SAME-OPP,pair6,Q,-0.0082855224609375,0.03839302062988281,632,632
gpt-j-6b-fp32,hihp_imp_desc,0.01,4,4,SAME-OPP,pair7,P,0.0265655517578125,0.025603294372558594,632,632
gpt-j-6b-fp32,hihp_imp_desc,0.01,4,4,SAME-OPP,pair7,Q,-0.01620197296142578,0.010145187377929688,632,632
gpt-j-6b-fp32,hihp_imp_desc,0.01,4,4,SAME-OPP,pair8,P,0.01826000213623047,-0.0018520355224609375,581,581
gpt-j-6b-fp32,hihp_imp_desc,0.01,4,4,SAME-OPP,pair8,Q,0.013222694396972656,0.03718280792236328,581,581
gpt-j-6b-fp32,hihp_imp_desc,0.01,4,4,SAME-OPP,pair9,P,0.03718090057373047,0.03273963928222656,27059,27059
gpt-j-6b-fp32,hihp_imp_desc,0.01,4,4,SAME-OPP,pair9,Q,0.0010194778442382812,0.03534126281738281,1928,1928
gpt-j-6b-fp32,hihp_imp_desc,0.01,4,4,SAME-MORE,pair0,P,0.12742042541503906,0.10279655456542969,632,632
gpt-j-6b-fp32,hihp_imp_desc,0.01,4,4,SAME-MORE,pair0,Q,-0.21265888214111328,0.10787200927734375,39733,39733
gpt-j-6b-fp32,hihp_imp_desc,0.01,4,4,SAME-MORE,pair1,P,0.12869739532470703,0.03611946105957031,27059,27059
gpt-j-6b-fp32,hihp_imp_desc,0.01,4,4,SAME-MORE,pair1,Q,-0.26400184631347656,0.009957313537597656,19157,632
gpt-j-6b-fp32,hihp_imp_desc,0.01,4,4,SAME-MORE,pair2,P,0.0908823013305664,0.1073617935180664,632,632
gpt-j-6b-fp32,hihp_imp_desc,0.01,4,4,SAME-MORE,pair2,Q,-0.2177896499633789,0.18330860137939453,632,632
gpt-j-6b-fp32,hihp_imp_desc,0.01,4,4,SAME-MORE,pair3,P,0.09276294708251953,0.09302902221679688,27059,27059
gpt-j-6b-fp32,hihp_imp_desc,0.01,4,4,SAME-MORE,pair3,Q,-0.2451791763305664,0.10162353515625,632,632
gpt-j-6b-fp32,hihp_imp_desc,0.01,4,4,SAME-MORE,pair4,P,0.12578582763671875,0.169647216796875,27059,27059
gpt-j-6b-fp32,hihp_imp_desc,0.01,4,4,SAME-MORE,pair4,Q,-0.21250343322753906,0.13135623931884766,632,632
gpt-j-6b-fp32,hihp_imp_desc,0.01,4,4,SAME-MORE,pair5,P,0.11477375030517578,0.0685882568359375,27059,27059
gpt-j-6b-fp32,hihp_imp_desc,0.01,4,4,SAME-MORE,pair5,Q,-0.2523212432861328,0.13870906829833984,632,632
gpt-j-6b-fp32,hihp_imp_desc,0.01,4,4,SAME-MORE,pair6,P,0.16420364379882812,0.11369609832763672,27059,27059
gpt-j-6b-fp32,hihp_imp_desc,0.01,4,4,SAME-MORE,pair6,Q,-0.23488998413085938,0.04055213928222656,632,632
gpt-j-6b-fp32,hihp_imp_desc,0.01,4,4,SAME-MORE,pair7,P,0.06653499603271484,0.07041454315185547,632,632
gpt-j-6b-fp32,hihp_imp_desc,0.01,4,4,SAME-MORE,pair7,Q,-0.23987197875976562,0.05354022979736328,632,632
gpt-j-6b-fp32,hihp_imp_desc,0.01,4,4,SAME-MORE,pair8,P,0.11670303344726562,0.05034160614013672,581,581
gpt-j-6b-fp32,hihp_imp_desc,0.01,4,4,SAME-MORE,pair8,Q,-0.2671794891357422,0.0932016372680664,581,581
gpt-j-6b-fp32,hihp_imp_desc,0.01,4,4,SAME-MORE,pair9,P,0.0750284194946289,0.10767078399658203,27059,27059
gpt-j-6b-fp32,hihp_imp_desc,0.01,4,4,SAME-MORE,pair9,Q,-0.2818880081176758,0.1626749038696289,1928,1928
gpt-j-6b-fp32,hihp_imp_desc,0.01,4,4,SAME-LESS,pair0,P,0.05554008483886719,-0.03079509735107422,632,632
gpt-j-6b-fp32,hihp_imp_desc,0.01,4,4,SAME-LESS,pair0,Q,-0.2653188705444336,-0.129364013671875,39733,39733
gpt-j-6b-fp32,hihp_imp_desc,0.01,4,4,SAME-LESS,pair1,P,0.0737142562866211,0.027647972106933594,27059,27059
gpt-j-6b-fp32,hihp_imp_desc,0.01,4,4,SAME-LESS,pair1,Q,-0.2811574935913086,0.009541511535644531,19157,632
gpt-j-6b-fp32,hihp_imp_desc,0.01,4,4,SAME-LESS,pair2,P,0.006627082824707031,-0.008798599243164062,632,632
gpt-j-6b-fp32,hihp_imp_desc,0.01,4,4,SAME-LESS,pair2,Q,-0.27246952056884766,-0.0659341812133789,632,632
gpt-j-6b-fp32,hihp_imp_desc,0.01,4,4,SAME-LESS,pair3,P,0.013972282409667969,0.023177146911621094,27059,27059
gpt-j-6b-fp32,hihp_imp_desc,0.01,4,4,SAME-LESS,pair3,Q,-0.30048274993896484,0.02713489532470703,632,632
gpt-j-6b-fp32,hihp_imp_desc,0.01,4,4,SAME-LESS,pair4,P,0.0772857666015625,0.07093143463134766,27059,27059
gpt-j-6b-fp32,hihp_imp_desc,0.01,4,4,SAME-LESS,pair4,Q,-0.23519039154052734,0.06477832794189453,632,632
gpt-j-6b-fp32,hihp_imp_desc,0.01,4,4,SAME-LESS,pair5,P,0.060448646545410156,-0.034157752990722656,27059,27059
gpt-j-6b-fp32,hihp_imp_desc,0.01,4,4,SAME-LESS,pair5,Q,-0.28920936584472656,-0.004651069641113281,632,632
gpt-j-6b-fp32,hihp_imp_desc,0.01,4,4,SAME-LESS,pair6,P,0.07998180389404297,-0.048735618591308594,27059,27059
gpt-j-6b-fp32,hihp_imp_desc,0.01,4,4,SAME-LESS,pair6,Q,-0.30626392364501953,-0.060760498046875,632,632
gpt-j-6b-fp32,hihp_imp_desc,0.01,4,4,SAME-LESS,pair7,P,0.010628700256347656,0.08268260955810547,632,632
gpt-j-6b-fp32,hihp_imp_desc,0.01,4,4,SAME-LESS,pair7,Q,-0.2999849319458008,0.09751129150390625,632,632
gpt-j-6b-fp32,hihp_imp_desc,0.01,4,4,SAME-LESS,pair8,P,0.0663461685180664,-0.010380744934082031,581,581
gpt-j-6b-fp32,hihp_imp_desc,0.01,4,4,SAME-LESS,pair8,Q,-0.30109405517578125,-0.000164031982421875,581,581
gpt-j-6b-fp32,hihp_imp_desc,0.01,4,4,SAME-LESS,pair9,P,0.03559589385986328,0.029916763305664062,27059,27059
gpt-j-6b-fp32,hihp_imp_desc,0.01,4,4,SAME-LESS,pair9,Q,-0.31956958770751953,0.0358428955078125,1928,1928
gpt-j-6b-fp32,hihp_imp_desc,0.01,4,4,OPP-MORE,pair0,P,0.14750194549560547,0.11865997314453125,632,632
gpt-j-6b-fp32,hihp_imp_desc,0.01,4,4,OPP-MORE,pair0,Q,0.021772384643554688,0.1490154266357422,39733,39733
gpt-j-6b-fp32,hihp_imp_desc,0.01,4,4,OPP-MORE,pair1,P,0.09332752227783203,0.06575870513916016,27059,27059
gpt-j-6b-fp32,hihp_imp_desc,0.01,4,4,OPP-MORE,pair1,Q,0.019583702087402344,0.046672821044921875,19157,19157
gpt-j-6b-fp32,hihp_imp_desc,0.01,4,4,OPP-MORE,pair2,P,0.0967416763305664,0.11195850372314453,27059,27059
gpt-j-6b-fp32,hihp_imp_desc,0.01,4,4,OPP-MORE,pair2,Q,0.006321907043457031,0.23016357421875,632,632
gpt-j-6b-fp32,hihp_imp_desc,0.01,4,4,OPP-MORE,pair3,P,0.12283706665039062,0.09345245361328125,27059,27059
gpt-j-6b-fp32,hihp_imp_desc,0.01,4,4,OPP-MORE,pair3,Q,0.045960426330566406,0.10878658294677734,5930,5930
gpt-j-6b-fp32,hihp_imp_desc,0.01,4,4,OPP-MORE,pair4,P,0.11567401885986328,0.15802955627441406,27059,27059
gpt-j-6b-fp32,hihp_imp_desc,0.01,4,4,OPP-MORE,pair4,Q,0.06689834594726562,0.12175273895263672,632,632
gpt-j-6b-fp32,hihp_imp_desc,0.01,4,4,OPP-MORE,pair5,P,0.1458902359008789,0.11150455474853516,27059,27059
gpt-j-6b-fp32,hihp_imp_desc,0.01,4,4,OPP-MORE,pair5,Q,0.05359363555908203,0.18761825561523438,632,632
gpt-j-6b-fp32,hihp_imp_desc,0.01,4,4,OPP-MORE,pair6,P,0.1284627914428711,0.09441566467285156,27059,27059
gpt-j-6b-fp32,hihp_imp_desc,0.01,4,4,OPP-MORE,pair6,Q,0.0590362548828125,0.034745216369628906,632,632
gpt-j-6b-fp32,hihp_imp_desc,0.01,4,4,OPP-MORE,pair7,P,0.14585208892822266,0.06032371520996094,632,632
gpt-j-6b-fp32,hihp_imp_desc,0.01,4,4,OPP-MORE,pair7,Q,0.02707195281982422,0.05720996856689453,632,632
gpt-j-6b-fp32,hihp_imp_desc,0.01,4,4,OPP-MORE,pair8,P,0.09853363037109375,0.061600685119628906,1874,1874
gpt-j-6b-fp32,hihp_imp_desc,0.01,4,4,OPP-MORE,pair8,Q,0.03986358642578125,0.11482715606689453,1874,1874
gpt-j-6b-fp32,hihp_imp_desc,0.01,4,4,OPP-MORE,pair9,P,0.08910751342773438,0.1179819107055664,27059,27059
gpt-j-6b-fp32,hihp_imp_desc,0.01,4,4,OPP-MORE,pair9,Q,0.02200031280517578,0.16671371459960938,23663,23663
gpt-j-6b-fp32,hihp_imp_desc,0.01,4,4,OPP-LESS,pair0,P,0.07721519470214844,-0.06919288635253906,632,632
gpt-j-6b-fp32,hihp_imp_desc,0.01,4,4,OPP-LESS,pair0,Q,-0.011673927307128906,-0.14454078674316406,39733,39733
gpt-j-6b-fp32,hihp_imp_desc,0.01,4,4,OPP-LESS,pair1,P,0.05572223663330078,-0.0011959075927734375,27059,27059
gpt-j-6b-fp32,hihp_imp_desc,0.01,4,4,OPP-LESS,pair1,Q,0.026282310485839844,-0.0035753250122070312,19157,19157
gpt-j-6b-fp32,hihp_imp_desc,0.01,4,4,OPP-LESS,pair2,P,0.028618812561035156,-0.0852808952331543,27059,27059
gpt-j-6b-fp32,hihp_imp_desc,0.01,4,4,OPP-LESS,pair2,Q,-0.01993560791015625,-0.1432657241821289,632,632
gpt-j-6b-fp32,hihp_imp_desc,0.01,4,4,OPP-LESS,pair3,P,0.058795928955078125,-0.024077415466308594,27059,27059
gpt-j-6b-fp32,hihp_imp_desc,0.01,4,4,OPP-LESS,pair3,Q,-0.01637554168701172,-0.026953697204589844,5930,5930
gpt-j-6b-fp32,hihp_imp_desc,0.01,4,4,OPP-LESS,pair4,P,0.07038593292236328,0.0009765625,27059,27059
gpt-j-6b-fp32,hihp_imp_desc,0.01,4,4,OPP-LESS,pair4,Q,0.0315704345703125,-0.0023088455200195312,632,632
gpt-j-6b-fp32,hihp_imp_desc,0.01,4,4,OPP-LESS,pair5,P,0.0972137451171875,-0.04442596435546875,27059,27059
gpt-j-6b-fp32,hihp_imp_desc,0.01,4,4,OPP-LESS,pair5,Q,0.03186511993408203,-0.02181243896484375,632,632
gpt-j-6b-fp32,hihp_imp_desc,0.01,4,4,OPP-LESS,pair6,P,0.04110145568847656,-0.0935516357421875,27059,27059
gpt-j-6b-fp32,hihp_imp_desc,0.01,4,4,OPP-LESS,pair6,Q,-0.0060672760009765625,-0.10452842712402344,632,632
gpt-j-6b-fp32,hihp_imp_desc,0.01,4,4,OPP-LESS,pair7,P,0.07008743286132812,-0.03581809997558594,632,632
gpt-j-6b-fp32,hihp_imp_desc,0.01,4,4,OPP-LESS,pair7,Q,-0.012782096862792969,0.007027626037597656,632,632
gpt-j-6b-fp32,hihp_imp_desc,0.01,4,4,OPP-LESS,pair8,P,0.06863021850585938,-0.05883312225341797,1874,1874
gpt-j-6b-fp32,hihp_imp_desc,0.01,4,4,OPP-LESS,pair8,Q,0.025649070739746094,-0.027805328369140625,1874,1874
gpt-j-6b-fp32,hihp_imp_desc,0.01,4,4,OPP-LESS,pair9,P,0.04472827911376953,-0.015546798706054688,27059,27059
gpt-j-6b-fp32,hihp_imp_desc,0.01,4,4,OPP-LESS,pair9,Q,-0.003933906555175781,0.027589797973632812,23663,23663
gpt-j-6b-fp32,hihp_imp_desc,0.01,4,4,MORE-LESS,pair0,P,-0.0014352798461914062,0.022060394287109375,10255,10255
gpt-j-6b-fp32,hihp_imp_desc,0.01,4,4,MORE-LESS,pair0,Q,-0.0035924911499023438,0.011247634887695312,10255,10255
gpt-j-6b-fp32,hihp_imp_desc,0.01,4,4,MORE-LESS,pair1,P,0.013879776000976562,0.019758224487304688,18605,18605
gpt-j-6b-fp32,hihp_imp_desc,0.01,4,4,MORE-LESS,pair1,Q,0.015996932983398438,0.020212173461914062,18605,18605
gpt-j-6b-fp32,hihp_imp_desc,0.01,4,4,MORE-LESS,pair2,P,-0.03789710998535156,-0.030854225158691406,8038,8038
gpt-j-6b-fp32,hihp_imp_desc,0.01,4,4,MORE-LESS,pair2,Q,-0.03184032440185547,-0.029523849487304688,8038,8038
gpt-j-6b-fp32,hihp_imp_desc,0.01,4,4,MORE-LESS,pair3,P,-0.022431373596191406,-0.022391319274902344,1234,1234
gpt-j-6b-fp32,hihp_imp_desc,0.01,4,4,MORE-LESS,pair3,Q,-0.026563644409179688,-0.034836769104003906,1234,1234
gpt-j-6b-fp32,hihp_imp_desc,0.01,4,4,MORE-LESS,pair4,P,-0.017679214477539062,-0.03359699249267578,23448,23448
gpt-j-6b-fp32,hihp_imp_desc,0.01,4,4,MORE-LESS,pair4,Q,-0.02293109893798828,-0.03146076202392578,23448,23448
gpt-j-6b-fp32,hihp_imp_desc,0.01,4,4,MORE-LESS,pair5,P,-0.03561687469482422,0.009192466735839844,969,969
gpt-j-6b-fp32,hihp_imp_desc,0.01,4,4,MORE-LESS,pair5,Q,-0.036316871643066406,-0.001667022705078125,1426,1426
gpt-j-6b-fp32,hihp_imp_desc,0.01,4,4,MORE-LESS,pair6,P,-0.06421852111816406,0.0034694671630859375,6514,6514
gpt-j-6b-fp32,hihp_imp_desc,0.01,4,4,MORE-LESS,pair6,Q,-0.06687164306640625,-0.006633758544921875,6514,6514
gpt-j-6b-fp32,hihp_imp_desc,0.01,4,4,MORE-LESS,pair7,P,0.0009050369262695312,-0.03394794464111328,22111,22111
gpt-j-6b-fp32,hihp_imp_desc,0.01,4,4,MORE-LESS,pair7,Q,0.004740715026855469,-0.022333145141601562,22111,22111
gpt-j-6b-fp32,hihp_imp_desc,0.01,4,4,MORE-LESS,pair8,P,-0.013127326965332031,0.007929801940917969,969,969
gpt-j-6b-fp32,hihp_imp_desc,0.01,4,4,MORE-LESS,pair8,Q,-0.011499404907226562,-0.0030422210693359375,969,969
gpt-j-6b-fp32,hihp_imp_desc,0.01,4,4,MORE-LESS,pair9,P,-0.022406578063964844,-0.00010967254638671875,34439,34439
gpt-j-6b-fp32,hihp_imp_desc,0.01,4,4,MORE-LESS,pair9,Q,-0.027286529541015625,-0.0012540817260742188,34439,34439
gpt-j-6b-fp32,hihp_imp_desc,0.03,13,13,SAME-OPP,pair0,P,0.02381134033203125,0.041561126708984375,632,632
gpt-j-6b-fp32,hihp_imp_desc,0.03,13,13,SAME-OPP,pair0,Q,0.016745567321777344,0.07753372192382812,39733,39733
gpt-j-6b-fp32,hihp_imp_desc,0.03,13,13,SAME-OPP,pair1,P,0.015576362609863281,0.04939556121826172,27059,27059
gpt-j-6b-fp32,hihp_imp_desc,0.03,13,13,SAME-OPP,pair1,Q,0.03116607666015625,0.12106895446777344,19157,19157
gpt-j-6b-fp32,hihp_imp_desc,0.03,13,13,SAME-OPP,pair2,P,0.055377960205078125,0.03767871856689453,632,27059
gpt-j-6b-fp32,hihp_imp_desc,0.03,13,13,SAME-OPP,pair2,Q,0.062064170837402344,0.07614517211914062,632,632
gpt-j-6b-fp32,hihp_imp_desc,0.03,13,13,SAME-OPP,pair3,P,0.061107635498046875,-0.004906654357910156,27059,27059
gpt-j-6b-fp32,hihp_imp_desc,0.03,13,13,SAME-OPP,pair3,Q,0.028270721435546875,0.07344913482666016,632,632
gpt-j-6b-fp32,hihp_imp_desc,0.03,13,13,SAME-OPP,pair4,P,0.06540489196777344,0.07871437072753906,27059,27059
gpt-j-6b-fp32,hihp_imp_desc,0.03,13,13,SAME-OPP,pair4,Q,0.032988548278808594,0.09894943237304688,632,632
gpt-j-6b-fp32,hihp_imp_desc,0.03,13,13,SAME-OPP,pair5,P,0.04688739776611328,0.008220672607421875,27059,27059
gpt-j-6b-fp32,hihp_imp_desc,0.03,13,13,SAME-OPP,pair5,Q,0.0072154998779296875,0.06426715850830078,632,632
gpt-j-6b-fp32,hihp_imp_desc,0.03,13,13,SAME-OPP,pair6,P,0.02068042755126953,0.053847312927246094,27059,27059
gpt-j-6b-fp32,hihp_imp_desc,0.03,13,13,SAME-OPP,pair6,Q,0.0031595230102539062,0.10563182830810547,632,632
gpt-j-6b-fp32,hihp_imp_desc,0.03,13,13,SAME-OPP,pair7,P,0.07512664794921875,0.10925006866455078,632,632
gpt-j-6b-fp32,hihp_imp_desc,0.03,13,13,SAME-OPP,pair7,Q,0.015082359313964844,0.08379745483398438,632,632
gpt-j-6b-fp32,hihp_imp_desc,0.03,13,13,SAME-OPP,pair8,P,0.05193805694580078,0.04291343688964844,581,581
gpt-j-6b-fp32,hihp_imp_desc,0.03,13,13,SAME-OPP,pair8,Q,0.06310081481933594,0.14711570739746094,581,581
gpt-j-6b-fp32,hihp_imp_desc,0.03,13,13,SAME-OPP,pair9,P,0.08500385284423828,0.0876913070678711,27059,27059
gpt-j-6b-fp32,hihp_imp_desc,0.03,13,13,SAME-OPP,pair9,Q,0.04957103729248047,0.09595203399658203,1928,1928
gpt-j-6b-fp32,hihp_imp_desc,0.03,13,13,SAME-MORE,pair0,P,0.2079458236694336,0.04929351806640625,632,632
gpt-j-6b-fp32,hihp_imp_desc,0.03,13,13,SAME-MORE,pair0,Q,-0.07195854187011719,0.0829305648803711,39733,39733
gpt-j-6b-fp32,hihp_imp_desc,0.03,13,13,SAME-MORE,pair1,P,0.18951702117919922,-0.28668689727783203,27059,27059
gpt-j-6b-fp32,hihp_imp_desc,0.03,13,13,SAME-MORE,pair1,Q,-0.12354183197021484,-0.2149190902709961,19157,632
gpt-j-6b-fp32,hihp_imp_desc,0.03,13,13,SAME-MORE,pair2,P,0.3205852508544922,-0.2717466354370117,632,27059
gpt-j-6b-fp32,hihp_imp_desc,0.03,13,13,SAME-MORE,pair2,Q,-0.041800498962402344,0.026511192321777344,632,632
gpt-j-6b-fp32,hihp_imp_desc,0.03,13,13,SAME-MORE,pair3,P,0.2578458786010742,-0.0018463134765625,27059,27059
gpt-j-6b-fp32,hihp_imp_desc,0.03,13,13,SAME-MORE,pair3,Q,-0.0636587142944336,-0.08597183227539062,632,632
gpt-j-6b-fp32,hihp_imp_desc,0.03,13,13,SAME-MORE,pair4,P,0.3039388656616211,-0.06830787658691406,27059,27059
gpt-j-6b-fp32,hihp_imp_desc,0.03,13,13,SAME-MORE,pair4,Q,-0.0700387954711914,-0.022414207458496094,632,632
gpt-j-6b-fp32,hihp_imp_desc,0.03,13,13,SAME-MORE,pair5,P,0.2633953094482422,-0.28763675689697266,27059,27059
gpt-j-6b-fp32,hihp_imp_desc,0.03,13,13,SAME-MORE,pair5,Q,-0.14271926879882812,-0.10523414611816406,632,632
gpt-j-6b-fp32,hihp_imp_desc,0.03,13,13,SAME-MORE,pair6,P,0.32234954833984375,-0.06989288330078125,27059,27059
gpt-j-6b-fp32,hihp_imp_desc,0.03,13,13,SAME-MORE,pair6,Q,-0.12260055541992188,-0.12460899353027344,632,632
gpt-j-6b-fp32,hihp_imp_desc,0.03,13,13,SAME-MORE,pair7,P,0.26043701171875,-0.028861045837402344,632,632
gpt-j-6b-fp32,hihp_imp_desc,0.03,13,13,SAME-MORE,pair7,Q,-0.0567626953125,-0.030817031860351562,632,632
gpt-j-6b-fp32,hihp_imp_desc,0.03,13,13,SAME-MORE,pair8,P,0.23344039916992188,-0.13739776611328125,581,581
gpt-j-6b-fp32,hihp_imp_desc,0.03,13,13,SAME-MORE,pair8,Q,-0.12725448608398438,0.022009849548339844,581,581
gpt-j-6b-fp32,hihp_imp_desc,0.03,13,13,SAME-MORE,pair9,P,0.21129608154296875,0.04058265686035156,27059,27059
gpt-j-6b-fp32,hihp_imp_desc,0.03,13,13,SAME-MORE,pair9,Q,-0.10208892822265625,-0.012758255004882812,1928,632
gpt-j-6b-fp32,hihp_imp_desc,0.03,13,13,SAME-LESS,pair0,P,0.06280517578125,-0.49781322479248047,632,632
gpt-j-6b-fp32,hihp_imp_desc,0.03,13,13,SAME-LESS,pair0,Q,-0.19968318939208984,-0.4732084274291992,39733,39733
gpt-j-6b-fp32,hihp_imp_desc,0.03,13,13,SAME-LESS,pair1,P,0.11414813995361328,-0.5341835021972656,27059,27059
gpt-j-6b-fp32,hihp_imp_desc,0.03,13,13,SAME-LESS,pair1,Q,-0.16885757446289062,-0.3226633071899414,19157,632
gpt-j-6b-fp32,hihp_imp_desc,0.03,13,13,SAME-LESS,pair2,P,0.2032928466796875,-0.5630970001220703,632,27059
gpt-j-6b-fp32,hihp_imp_desc,0.03,13,13,SAME-LESS,pair2,Q,-0.1554574966430664,-0.510983943939209,632,632
gpt-j-6b-fp32,hihp_imp_desc,0.03,13,13,SAME-LESS,pair3,P,0.1935892105102539,-0.572596549987793,27059,27059
gpt-j-6b-fp32,hihp_imp_desc,0.03,13,13,SAME-LESS,pair3,Q,-0.1449441909790039,-0.39073753356933594,632,632
gpt-j-6b-fp32,hihp_imp_desc,0.03,13,13,SAME-LESS,pair4,P,0.21720314025878906,-0.2598562240600586,27059,27059
gpt-j-6b-fp32,hihp_imp_desc,0.03,13,13,SAME-LESS,pair4,Q,-0.16162490844726562,-0.1524820327758789,632,632
gpt-j-6b-fp32,hihp_imp_desc,0.03,13,13,SAME-LESS,pair5,P,0.20919132232666016,-0.5509881973266602,27059,27059
gpt-j-6b-fp32,hihp_imp_desc,0.03,13,13,SAME-LESS,pair5,Q,-0.19011688232421875,-0.4065732955932617,632,632
gpt-j-6b-fp32,hihp_imp_desc,0.03,13,13,SAME-LESS,pair6,P,0.22718238830566406,-0.578923225402832,27059,27059
gpt-j-6b-fp32,hihp_imp_desc,0.03,13,13,SAME-LESS,pair6,Q,-0.21701908111572266,-0.42594146728515625,632,632
gpt-j-6b-fp32,hihp_imp_desc,0.03,13,13,SAME-LESS,pair7,P,0.16691970825195312,-0.33603668212890625,632,632
gpt-j-6b-fp32,hihp_imp_desc,0.03,13,13,SAME-LESS,pair7,Q,-0.16815948486328125,-0.21585655212402344,632,632
gpt-j-6b-fp32,hihp_imp_desc,0.03,13,13,SAME-LESS,pair8,P,0.2000741958618164,-0.42081356048583984,581,581
gpt-j-6b-fp32,hihp_imp_desc,0.03,13,13,SAME-LESS,pair8,Q,-0.1849040985107422,-0.4016885757446289,581,1874
gpt-j-6b-fp32,hihp_imp_desc,0.03,13,13,SAME-LESS,pair9,P,0.13912487030029297,-0.29665088653564453,27059,27059
gpt-j-6b-fp32,hihp_imp_desc,0.03,13,13,SAME-LESS,pair9,Q,-0.19257259368896484,-0.3946084976196289,1928,632
gpt-j-6b-fp32,hihp_imp_desc,0.03,13,13,OPP-MORE,pair0,P,0.2020273208618164,0.07264518737792969,632,632
gpt-j-6b-fp32,hihp_imp_desc,0.03,13,13,OPP-MORE,pair0,Q,0.2037515640258789,0.1435098648071289,39733,39733
gpt-j-6b-fp32,hihp_imp_desc,0.03,13,13,OPP-MORE,pair1,P,0.04163646697998047,-0.25960540771484375,27059,27059
gpt-j-6b-fp32,hihp_imp_desc,0.03,13,13,OPP-MORE,pair1,Q,0.13036537170410156,-0.20912742614746094,19157,19157
gpt-j-6b-fp32,hihp_imp_desc,0.03,13,13,OPP-MORE,pair2,P,0.16846656799316406,-0.16726398468017578,27059,27059
gpt-j-6b-fp32,hihp_imp_desc,0.03,13,13,OPP-MORE,pair2,Q,0.10829639434814453,0.05666828155517578,632,632
gpt-j-6b-fp32,hihp_imp_desc,0.03,13,13,OPP-MORE,pair3,P,0.10197830200195312,0.08450889587402344,27059,27059
gpt-j-6b-fp32,hihp_imp_desc,0.03,13,13,OPP-MORE,pair3,Q,0.17341136932373047,-0.02884674072265625,5930,5930
gpt-j-6b-fp32,hihp_imp_desc,0.03,13,13,OPP-MORE,pair4,P,0.052369117736816406,-0.0752420425415039,27059,27059
gpt-j-6b-fp32,hihp_imp_desc,0.03,13,13,OPP-MORE,pair4,Q,0.1443319320678711,-0.09630966186523438,632,632
gpt-j-6b-fp32,hihp_imp_desc,0.03,13,13,OPP-MORE,pair5,P,0.10061454772949219,-0.171417236328125,27059,27059
gpt-j-6b-fp32,hihp_imp_desc,0.03,13,13,OPP-MORE,pair5,Q,0.050337791442871094,-0.03677940368652344,632,632
gpt-j-6b-fp32,hihp_imp_desc,0.03,13,13,OPP-MORE,pair6,P,0.13928794860839844,-0.048401832580566406,27059,27059
gpt-j-6b-fp32,hihp_imp_desc,0.03,13,13,OPP-MORE,pair6,Q,0.08913803100585938,-0.14976978302001953,632,632
gpt-j-6b-fp32,hihp_imp_desc,0.03,13,13,OPP-MORE,pair7,P,0.18221378326416016,-0.013742446899414062,632,632
gpt-j-6b-fp32,hihp_imp_desc,0.03,13,13,OPP-MORE,pair7,Q,0.2243194580078125,0.010813713073730469,632,632
gpt-j-6b-fp32,hihp_imp_desc,0.03,13,13,OPP-MORE,pair8,P,0.05208873748779297,-0.14708709716796875,1874,27059
gpt-j-6b-fp32,hihp_imp_desc,0.03,13,13,OPP-MORE,pair8,Q,0.06430721282958984,0.025206565856933594,1874,1874
gpt-j-6b-fp32,hihp_imp_desc,0.03,13,13,OPP-MORE,pair9,P,0.06954574584960938,0.06767749786376953,27059,27059
gpt-j-6b-fp32,hihp_imp_desc,0.03,13,13,OPP-MORE,pair9,Q,0.1239328384399414,-0.024110794067382812,23663,632
gpt-j-6b-fp32,hihp_imp_desc,0.03,13,13,OPP-LESS,pair0,P,0.18340015411376953,-0.6288976669311523,632,632
gpt-j-6b-fp32,hihp_imp_desc,0.03,13,13,OPP-LESS,pair0,Q,0.16706466674804688,-0.6086435317993164,39733,39733
gpt-j-6b-fp32,hihp_imp_desc,0.03,13,13,OPP-LESS,pair1,P,0.09053993225097656,-0.5524797439575195,27059,27059
gpt-j-6b-fp32,hihp_imp_desc,0.03,13,13,OPP-LESS,pair1,Q,0.20769500732421875,-0.3802204132080078,19157,19157
gpt-j-6b-fp32,hihp_imp_desc,0.03,13,13,OPP-LESS,pair2,P,0.16083908081054688,-0.610015869140625,27059,27059
gpt-j-6b-fp32,hihp_imp_desc,0.03,13,13,OPP-LESS,pair2,Q,0.12993144989013672,-0.7076964378356934,632,632
gpt-j-6b-fp32,hihp_imp_desc,0.03,13,13,OPP-LESS,pair3,P,0.07599544525146484,-0.49159717559814453,27059,27059
gpt-j-6b-fp32,hihp_imp_desc,0.03,13,13,OPP-LESS,pair3,Q,0.1436929702758789,-0.4851961135864258,5930,632
gpt-j-6b-fp32,hihp_imp_desc,0.03,13,13,OPP-LESS,pair4,P,0.09029769897460938,-0.29471778869628906,27059,27059
gpt-j-6b-fp32,hihp_imp_desc,0.03,13,13,OPP-LESS,pair4,Q,0.10625457763671875,-0.3579244613647461,632,632
gpt-j-6b-fp32,hihp_imp_desc,0.03,13,13,OPP-LESS,pair5,P,0.11685466766357422,-0.5384225845336914,27059,27059
gpt-j-6b-fp32,hihp_imp_desc,0.03,13,13,OPP-LESS,pair5,Q,0.09706974029541016,-0.5049161911010742,632,632
gpt-j-6b-fp32,hihp_imp_desc,0.03,13,13,OPP-LESS,pair6,P,0.14314651489257812,-0.6012792587280273,27059,27059
gpt-j-6b-fp32,hihp_imp_desc,0.03,13,13,OPP-LESS,pair6,Q,0.09403514862060547,-0.6244525909423828,632,632
gpt-j-6b-fp32,hihp_imp_desc,0.03,13,13,OPP-LESS,pair7,P,0.2082834243774414,-0.6325044631958008,632,632
gpt-j-6b-fp32,hihp_imp_desc,0.03,13,13,OPP-LESS,pair7,Q,0.21746826171875,-0.5080127716064453,632,632
gpt-j-6b-fp32,hihp_imp_desc,0.03,13,13,OPP-LESS,pair8,P,0.05887317657470703,-0.47554683685302734,1874,27059
gpt-j-6b-fp32,hihp_imp_desc,0.03,13,13,OPP-LESS,pair8,Q,0.0726766586303711,-0.5266132354736328,1874,1874
gpt-j-6b-fp32,hihp_imp_desc,0.03,13,13,OPP-LESS,pair9,P,0.06559371948242188,-0.3947439193725586,27059,27059
gpt-j-6b-fp32,hihp_imp_desc,0.03,13,13,OPP-LESS,pair9,Q,0.1212615966796875,-0.5004177093505859,23663,23663
gpt-j-6b-fp32,hihp_imp_desc,0.03,13,13,MORE-LESS,pair0,P,-0.04389667510986328,0.01015472412109375,10255,10255
gpt-j-6b-fp32,hihp_imp_desc,0.03,13,13,MORE-LESS,pair0,Q,-0.022411346435546875,-0.0035610198974609375,10255,10255
gpt-j-6b-fp32,hihp_imp_desc,0.03,13,13,MORE-LESS,pair1,P,0.011025428771972656,0.03491497039794922,18605,18605
gpt-j-6b-fp32,hihp_imp_desc,0.03,13,13,MORE-LESS,pair1,Q,0.03227710723876953,0.04138469696044922,18605,18605
gpt-j-6b-fp32,hihp_imp_desc,0.03,13,13,MORE-LESS,pair2,P,-0.11561012268066406,-0.0032587051391601562,8038,8038
gpt-j-6b-fp32,hihp_imp_desc,0.03,13,13,MORE-LESS,pair2,Q,-0.10481834411621094,-0.016702651977539062,8038,8038
gpt-j-6b-fp32,hihp_imp_desc,0.03,13,13,MORE-LESS,pair3,P,-0.04174995422363281,-0.013840675354003906,1234,1234
gpt-j-6b-fp32,hihp_imp_desc,0.03,13,13,MORE-LESS,pair3,Q,-0.03265190124511719,-0.024613380432128906,1234,1234
gpt-j-6b-fp32,hihp_imp_desc,0.03,13,13,MORE-LESS,pair4,P,-0.031624794006347656,0.029114723205566406,23448,23448
gpt-j-6b-fp32,hihp_imp_desc,0.03,13,13,MORE-LESS,pair4,Q,-0.012533187866210938,0.03979015350341797,23448,23448
gpt-j-6b-fp32,hihp_imp_desc,0.03,13,13,MORE-LESS,pair5,P,-0.05504322052001953,0.030839920043945312,969,969
gpt-j-6b-fp32,hihp_imp_desc,0.03,13,13,MORE-LESS,pair5,Q,-0.02743053436279297,0.03116130828857422,1426,1426
gpt-j-6b-fp32,hihp_imp_desc,0.03,13,13,MORE-LESS,pair6,P,-0.08092880249023438,0.027374267578125,6514,6514
gpt-j-6b-fp32,hihp_imp_desc,0.03,13,13,MORE-LESS,pair6,Q,-0.07240676879882812,0.018575668334960938,6514,6514
gpt-j-6b-fp32,hihp_imp_desc,0.03,13,13,MORE-LESS,pair7,P,-0.01633167266845703,-0.043578147888183594,22111,22111
gpt-j-6b-fp32,hihp_imp_desc,0.03,13,13,MORE-LESS,pair7,Q,0.0012350082397460938,-0.03672504425048828,22111,22111
gpt-j-6b-fp32,hihp_imp_desc,0.03,13,13,MORE-LESS,pair8,P,-0.05863761901855469,-0.021819114685058594,969,969
gpt-j-6b-fp32,hihp_imp_desc,0.03,13,13,MORE-LESS,pair8,Q,-0.054558753967285156,-0.028481483459472656,969,969
gpt-j-6b-fp32,hihp_imp_desc,0.03,13,13,MORE-LESS,pair9,P,-0.04879474639892578,0.010165214538574219,34439,34439
gpt-j-6b-fp32,hihp_imp_desc,0.03,13,13,MORE-LESS,pair9,Q,-0.047310829162597656,0.011490821838378906,34439,34439
gpt-j-6b-fp32,hihp_imp_desc,0.05,22,22,SAME-OPP,pair0,P,0.008440017700195312,-0.011128425598144531,632,632
gpt-j-6b-fp32,hihp_imp_desc,0.05,22,22,SAME-OPP,pair0,Q,-0.00466156005859375,0.1051483154296875,39733,39733
gpt-j-6b-fp32,hihp_imp_desc,0.05,22,22,SAME-OPP,pair1,P,-0.03900623321533203,-0.0014019012451171875,27059,27059
gpt-j-6b-fp32,hihp_imp_desc,0.05,22,22,SAME-OPP,pair1,Q,0.00203704833984375,0.10665035247802734,19157,19157
gpt-j-6b-fp32,hihp_imp_desc,0.05,22,22,SAME-OPP,pair2,P,0.06900691986083984,0.0035037994384765625,632,27059
gpt-j-6b-fp32,hihp_imp_desc,0.05,22,22,SAME-OPP,pair2,Q,0.020575523376464844,0.04617500305175781,632,632
gpt-j-6b-fp32,hihp_imp_desc,0.05,22,22,SAME-OPP,pair3,P,0.07142448425292969,-0.03918647766113281,27059,27059
gpt-j-6b-fp32,hihp_imp_desc,0.05,22,22,SAME-OPP,pair3,Q,-0.026243209838867188,0.024788856506347656,632,632
gpt-j-6b-fp32,hihp_imp_desc,0.05,22,22,SAME-OPP,pair4,P,0.05141925811767578,0.04759979248046875,27059,27059
gpt-j-6b-fp32,hihp_imp_desc,0.05,22,22,SAME-OPP,pair4,Q,0.007094383239746094,0.10340499877929688,632,632
gpt-j-6b-fp32,hihp_imp_desc,0.05,22,22,SAME-OPP,pair5,P,0.07461071014404297,-0.038848876953125,27059,27059
gpt-j-6b-fp32,hihp_imp_desc,0.05,22,22,SAME-OPP,pair5,Q,0.0035085678100585938,0.04812908172607422,632,632
gpt-j-6b-fp32,hihp_imp_desc,0.05,22,22,SAME-OPP,pair6,P,0.0036907196044921875,0.006070137023925781,27059,27059
gpt-j-6b-fp32,hihp_imp_desc,0.05,22,22,SAME-OPP,pair6,Q,-0.039730072021484375,0.08327388763427734,632,632
gpt-j-6b-fp32,hihp_imp_desc,0.05,22,22,SAME-OPP,pair7,P,0.08246803283691406,0.06586837768554688,632,632
gpt-j-6b-fp32,hihp_imp_desc,0.05,22,22,SAME-OPP,pair7,Q,-0.02568340301513672,0.039661407470703125,632,632
gpt-j-6b-fp32,hihp_imp_desc,0.05,22,22,SAME-OPP,pair8,P,0.04849052429199219,-0.009647369384765625,581,581
gpt-j-6b-fp32,hihp_imp_desc,0.05,22,22,SAME-OPP,pair8,Q,0.02701091766357422,0.12014484405517578,581,1874
gpt-j-6b-fp32,hihp_imp_desc,0.05,22,22,SAME-OPP,pair9,P,0.08251380920410156,0.049835205078125,27059,27059
gpt-j-6b-fp32,hihp_imp_desc,0.05,22,22,SAME-OPP,pair9,Q,0.02547931671142578,0.07908439636230469,1928,1928
gpt-j-6b-fp32,hihp_imp_desc,0.05,22,22,SAME-MORE,pair0,P,0.12941551208496094,0.3747091293334961,632,632
gpt-j-6b-fp32,hihp_imp_desc,0.05,22,22,SAME-MORE,pair0,Q,-0.1371145248413086,0.2676525115966797,39733,39733
gpt-j-6b-fp32,hihp_imp_desc,0.05,22,22,SAME-MORE,pair1,P,0.1910238265991211,0.16364479064941406,27059,27059
gpt-j-6b-fp32,hihp_imp_desc,0.05,22,22,SAME-MORE,pair1,Q,-0.1394214630126953,0.13379383087158203,19157,632
gpt-j-6b-fp32,hihp_imp_desc,0.05,22,22,SAME-MORE,pair2,P,0.23785686492919922,-0.08594608306884766,632,632
gpt-j-6b-fp32,hihp_imp_desc,0.05,22,22,SAME-MORE,pair2,Q,-0.12917137145996094,0.20489120483398438,632,632
gpt-j-6b-fp32,hihp_imp_desc,0.05,22,22,SAME-MORE,pair3,P,0.234619140625,0.10112190246582031,27059,27059
gpt-j-6b-fp32,hihp_imp_desc,0.05,22,22,SAME-MORE,pair3,Q,-0.12073802947998047,0.04192924499511719,632,632
gpt-j-6b-fp32,hihp_imp_desc,0.05,22,22,SAME-MORE,pair4,P,0.2909278869628906,0.032523155212402344,27059,27059
gpt-j-6b-fp32,hihp_imp_desc,0.05,22,22,SAME-MORE,pair4,Q,-0.08253288269042969,0.09771537780761719,632,632
gpt-j-6b-fp32,hihp_imp_desc,0.05,22,22,SAME-MORE,pair5,P,0.20333480834960938,-0.3392295837402344,27059,27059
gpt-j-6b-fp32,hihp_imp_desc,0.05,22,22,SAME-MORE,pair5,Q,-0.18256855010986328,-0.13555145263671875,632,632
gpt-j-6b-fp32,hihp_imp_desc,0.05,22,22,SAME-MORE,pair6,P,0.3574380874633789,0.042461395263671875,27059,27059
gpt-j-6b-fp32,hihp_imp_desc,0.05,22,22,SAME-MORE,pair6,Q,-0.018329620361328125,-0.10206413269042969,632,632
gpt-j-6b-fp32,hihp_imp_desc,0.05,22,22,SAME-MORE,pair7,P,0.21183395385742188,0.04873943328857422,632,632
gpt-j-6b-fp32,hihp_imp_desc,0.05,22,22,SAME-MORE,pair7,Q,-0.114593505859375,0.11154937744140625,632,632
gpt-j-6b-fp32,hihp_imp_desc,0.05,22,22,SAME-MORE,pair8,P,0.22041893005371094,-0.1280679702758789,581,581
gpt-j-6b-fp32,hihp_imp_desc,0.05,22,22,SAME-MORE,pair8,Q,-0.0983896255493164,0.05823802947998047,581,581
gpt-j-6b-fp32,hihp_imp_desc,0.05,22,22,SAME-MORE,pair9,P,0.21257972717285156,0.06486034393310547,27059,27059
gpt-j-6b-fp32,hihp_imp_desc,0.05,22,22,SAME-MORE,pair9,Q,-0.029306411743164062,-0.0062160491943359375,1928,632
gpt-j-6b-fp32,hihp_imp_desc,0.05,22,22,SAME-LESS,pair0,P,-0.011668205261230469,-0.308563232421875,632,632
gpt-j-6b-fp32,hihp_imp_desc,0.05,22,22,SAME-LESS,pair0,Q,-0.24411392211914062,-0.2654104232788086,39733,39733
gpt-j-6b-fp32,hihp_imp_desc,0.05,22,22,SAME-LESS,pair1,P,0.11381053924560547,-0.18233013153076172,27059,27059
gpt-j-6b-fp32,hihp_imp_desc,0.05,22,22,SAME-LESS,pair1,Q,-0.16588592529296875,-0.0868692398071289,19157,632
gpt-j-6b-fp32,hihp_imp_desc,0.05,22,22,SAME-LESS,pair2,P,0.138671875,-0.5772438049316406,632,632
gpt-j-6b-fp32,hihp_imp_desc,0.05,22,22,SAME-LESS,pair2,Q,-0.20596790313720703,-0.6198616027832031,632,632
gpt-j-6b-fp32,hihp_imp_desc,0.05,22,22,SAME-LESS,pair3,P,0.1953105926513672,-0.60479736328125,27059,27059
gpt-j-6b-fp32,hihp_imp_desc,0.05,22,22,SAME-LESS,pair3,Q,-0.1561107635498047,-0.41660308837890625,632,632
gpt-j-6b-fp32,hihp_imp_desc,0.05,22,22,SAME-LESS,pair4,P,0.21189022064208984,-0.4807119369506836,27059,27059
gpt-j-6b-fp32,hihp_imp_desc,0.05,22,22,SAME-LESS,pair4,Q,-0.15299320220947266,-0.21872425079345703,632,632
gpt-j-6b-fp32,hihp_imp_desc,0.05,22,22,SAME-LESS,pair5,P,0.14931392669677734,-0.6256771087646484,27059,27059
gpt-j-6b-fp32,hihp_imp_desc,0.05,22,22,SAME-LESS,pair5,Q,-0.21713638305664062,-0.46498680114746094,632,632
gpt-j-6b-fp32,hihp_imp_desc,0.05,22,22,SAME-LESS,pair6,P,0.2607154846191406,-0.7990217208862305,27059,27059
gpt-j-6b-fp32,hihp_imp_desc,0.05,22,22,SAME-LESS,pair6,Q,-0.1055765151977539,-0.6892881393432617,632,632
gpt-j-6b-fp32,hihp_imp_desc,0.05,22,22,SAME-LESS,pair7,P,0.09559822082519531,-0.4340553283691406,632,632
gpt-j-6b-fp32,hihp_imp_desc,0.05,22,22,SAME-LESS,pair7,Q,-0.2531881332397461,-0.28624534606933594,632,632
gpt-j-6b-fp32,hihp_imp_desc,0.05,22,22,SAME-LESS,pair8,P,0.22188949584960938,-0.6375446319580078,581,581
gpt-j-6b-fp32,hihp_imp_desc,0.05,22,22,SAME-LESS,pair8,Q,-0.13306140899658203,-0.5865478515625,581,1874
gpt-j-6b-fp32,hihp_imp_desc,0.05,22,22,SAME-LESS,pair9,P,0.1446218490600586,-0.6685810089111328,27059,27059
gpt-j-6b-fp32,hihp_imp_desc,0.05,22,22,SAME-LESS,pair9,Q,-0.08508968353271484,-0.8577804565429688,1928,632
gpt-j-6b-fp32,hihp_imp_desc,0.05,22,22,OPP-MORE,pair0,P,0.17384815216064453,0.4231452941894531,632,632
gpt-j-6b-fp32,hihp_imp_desc,0.05,22,22,OPP-MORE,pair0,Q,0.24805355072021484,0.3334207534790039,39733,39733
gpt-j-6b-fp32,hihp_imp_desc,0.05,22,22,OPP-MORE,pair1,P,0.06007862091064453,0.2651796340942383,27059,27059
gpt-j-6b-fp32,hihp_imp_desc,0.05,22,22,OPP-MORE,pair1,Q,0.12228965759277344,0.19453811645507812,19157,632
gpt-j-6b-fp32,hihp_imp_desc,0.05,22,22,OPP-MORE,pair2,P,0.12429237365722656,0.09193897247314453,27059,27059
gpt-j-6b-fp32,hihp_imp_desc,0.05,22,22,OPP-MORE,pair2,Q,0.11056137084960938,0.24811840057373047,632,632
gpt-j-6b-fp32,hihp_imp_desc,0.05,22,22,OPP-MORE,pair3,P,0.05195331573486328,0.2275409698486328,27059,27059
gpt-j-6b-fp32,hihp_imp_desc,0.05,22,22,OPP-MORE,pair3,Q,0.18909168243408203,0.10860347747802734,5930,5930
gpt-j-6b-fp32,hihp_imp_desc,0.05,22,22,OPP-MORE,pair4,P,0.06441974639892578,0.036444664001464844,27059,27059
gpt-j-6b-fp32,hihp_imp_desc,0.05,22,22,OPP-MORE,pair4,Q,0.18767929077148438,0.024974822998046875,632,632
gpt-j-6b-fp32,hihp_imp_desc,0.05,22,22,OPP-MORE,pair5,P,0.03342914581298828,-0.12537574768066406,27059,27059
gpt-j-6b-fp32,hihp_imp_desc,0.05,22,22,OPP-MORE,pair5,Q,0.09491443634033203,-0.03493976593017578,632,632
gpt-j-6b-fp32,hihp_imp_desc,0.05,22,22,OPP-MORE,pair6,P,0.21673583984375,0.15029144287109375,27059,27059
gpt-j-6b-fp32,hihp_imp_desc,0.05,22,22,OPP-MORE,pair6,Q,0.24179744720458984,-0.05823802947998047,632,632
gpt-j-6b-fp32,hihp_imp_desc,0.05,22,22,OPP-MORE,pair7,P,0.04862785339355469,0.16402626037597656,632,632
gpt-j-6b-fp32,hihp_imp_desc,0.05,22,22,OPP-MORE,pair7,Q,0.25240230560302734,0.22200870513916016,632,632
gpt-j-6b-fp32,hihp_imp_desc,0.05,22,22,OPP-MORE,pair8,P,0.029693603515625,-0.05893707275390625,1874,327
gpt-j-6b-fp32,hihp_imp_desc,0.05,22,22,OPP-MORE,pair8,Q,0.18933963775634766,0.12078380584716797,1874,1874
gpt-j-6b-fp32,hihp_imp_desc,0.05,22,22,OPP-MORE,pair9,P,0.08454418182373047,0.16123676300048828,27059,27059
gpt-j-6b-fp32,hihp_imp_desc,0.05,22,22,OPP-MORE,pair9,Q,0.2911348342895508,0.05046367645263672,23663,632
gpt-j-6b-fp32,hihp_imp_desc,0.05,22,22,OPP-LESS,pair0,P,0.1962718963623047,-0.22925281524658203,632,632
gpt-j-6b-fp32,hihp_imp_desc,0.05,22,22,OPP-LESS,pair0,Q,0.24372291564941406,-0.24403858184814453,39733,39733
gpt-j-6b-fp32,hihp_imp_desc,0.05,22,22,OPP-LESS,pair1,P,0.12561988830566406,-0.0681600570678711,27059,27059
gpt-j-6b-fp32,hihp_imp_desc,0.05,22,22,OPP-LESS,pair1,Q,0.19532489776611328,-0.05299663543701172,19157,19157
gpt-j-6b-fp32,hihp_imp_desc,0.05,22,22,OPP-LESS,pair2,P,0.13903045654296875,-0.46773529052734375,27059,27059
gpt-j-6b-fp32,hihp_imp_desc,0.05,22,22,OPP-LESS,pair2,Q,0.14071273803710938,-0.7316970825195312,632,632
gpt-j-6b-fp32,hihp_imp_desc,0.05,22,22,OPP-LESS,pair3,P,0.05739784240722656,-0.354766845703125,27059,27059
gpt-j-6b-fp32,hihp_imp_desc,0.05,22,22,OPP-LESS,pair3,Q,0.17829036712646484,-0.40584468841552734,5930,5930
gpt-j-6b-fp32,hihp_imp_desc,0.05,22,22,OPP-LESS,pair4,P,0.12685871124267578,-0.32454586029052734,27059,27059
gpt-j-6b-fp32,hihp_imp_desc,0.05,22,22,OPP-LESS,pair4,Q,0.15398883819580078,-0.3438873291015625,632,632
gpt-j-6b-fp32,hihp_imp_desc,0.05,22,22,OPP-LESS,pair5,P,0.078826904296875,-0.34710025787353516,27059,27059
gpt-j-6b-fp32,hihp_imp_desc,0.05,22,22,OPP-LESS,pair5,Q,0.1304931640625,-0.4202699661254883,632,632
gpt-j-6b-fp32,hihp_imp_desc,0.05,22,22,OPP-LESS,pair6,P,0.24997806549072266,-0.5896377563476562,27059,27059
gpt-j-6b-fp32,hihp_imp_desc,0.05,22,22,OPP-LESS,pair6,Q,0.2563467025756836,-0.7731418609619141,632,632
gpt-j-6b-fp32,hihp_imp_desc,0.05,22,22,OPP-LESS,pair7,P,0.08849716186523438,-0.4564666748046875,632,632
gpt-j-6b-fp32,hihp_imp_desc,0.05,22,22,OPP-LESS,pair7,Q,0.20253658294677734,-0.4324769973754883,632,632
gpt-j-6b-fp32,hihp_imp_desc,0.05,22,22,OPP-LESS,pair8,P,0.06629276275634766,-0.5353965759277344,1874,327
gpt-j-6b-fp32,hihp_imp_desc,0.05,22,22,OPP-LESS,pair8,Q,0.20156097412109375,-0.614466667175293,1874,1874
gpt-j-6b-fp32,hihp_imp_desc,0.05,22,22,OPP-LESS,pair9,P,0.09534549713134766,-0.5448246002197266,27059,27059
gpt-j-6b-fp32,hihp_imp_desc,0.05,22,22,OPP-LESS,pair9,Q,0.28830623626708984,-0.8199939727783203,23663,632
gpt-j-6b-fp32,hihp_imp_desc,0.05,22,22,MORE-LESS,pair0,P,-0.03443431854248047,0.007409095764160156,10255,10255
gpt-j-6b-fp32,hihp_imp_desc,0.05,22,22,MORE-LESS,pair0,Q,-0.025003433227539062,-0.008618354797363281,10255,10255
gpt-j-6b-fp32,hihp_imp_desc,0.05,22,22,MORE-LESS,pair1,P,-0.033339500427246094,0.02843761444091797,18605,18605
gpt-j-6b-fp32,hihp_imp_desc,0.05,22,22,MORE-LESS,pair1,Q,-0.014222145080566406,0.026937484741210938,18605,18605
gpt-j-6b-fp32,hihp_imp_desc,0.05,22,22,MORE-LESS,pair2,P,-0.11827945709228516,-0.042931556701660156,8038,8038
gpt-j-6b-fp32,hihp_imp_desc,0.05,22,22,MORE-LESS,pair2,Q,-0.11905288696289062,-0.05767536163330078,8038,8038
gpt-j-6b-fp32,hihp_imp_desc,0.05,22,22,MORE-LESS,pair3,P,-0.02826690673828125,-0.020041465759277344,1234,1234
gpt-j-6b-fp32,hihp_imp_desc,0.05,22,22,MORE-LESS,pair3,Q,-0.044190406799316406,-0.04670524597167969,1234,1234
gpt-j-6b-fp32,hihp_imp_desc,0.05,22,22,MORE-LESS,pair4,P,-0.012584686279296875,0.03338146209716797,23448,23448
gpt-j-6b-fp32,hihp_imp_desc,0.05,22,22,MORE-LESS,pair4,Q,0.0058078765869140625,0.02865314483642578,23448,23448
gpt-j-6b-fp32,hihp_imp_desc,0.05,22,22,MORE-LESS,pair5,P,0.0084075927734375,0.03284263610839844,969,969
gpt-j-6b-fp32,hihp_imp_desc,0.05,22,22,MORE-LESS,pair5,Q,0.0026350021362304688,0.019433021545410156,1426,1426
gpt-j-6b-fp32,hihp_imp_desc,0.05,22,22,MORE-LESS,pair6,P,-0.06610107421875,0.023893356323242188,6514,6514
gpt-j-6b-fp32,hihp_imp_desc,0.05,22,22,MORE-LESS,pair6,Q,-0.07283782958984375,0.0050868988037109375,6514,6514
gpt-j-6b-fp32,hihp_imp_desc,0.05,22,22,MORE-LESS,pair7,P,0.004497528076171875,-0.06449031829833984,22111,22111
gpt-j-6b-fp32,hihp_imp_desc,0.05,22,22,MORE-LESS,pair7,Q,0.01958179473876953,-0.09041500091552734,22111,22111
gpt-j-6b-fp32,hihp_imp_desc,0.05,22,22,MORE-LESS,pair8,P,-0.054900169372558594,-0.039852142333984375,969,969
gpt-j-6b-fp32,hihp_imp_desc,0.05,22,22,MORE-LESS,pair8,Q,-0.05571269989013672,-0.058086395263671875,969,969
gpt-j-6b-fp32,hihp_imp_desc,0.05,22,22,MORE-LESS,pair9,P,-0.0071125030517578125,0.003276824951171875,34439,34439
gpt-j-6b-fp32,hihp_imp_desc,0.05,22,22,MORE-LESS,pair9,Q,-0.013975143432617188,0.007932662963867188,34439,34439
gpt-j-6b-fp32,hihp_imp_desc,0.07,31,31,SAME-OPP,pair0,P,-0.023812294006347656,-0.022882461547851562,632,632
gpt-j-6b-fp32,hihp_imp_desc,0.07,31,31,SAME-OPP,pair0,Q,0.001735687255859375,0.08773326873779297,39733,39733
gpt-j-6b-fp32,hihp_imp_desc,0.07,31,31,SAME-OPP,pair1,P,-0.0703582763671875,-0.02534008026123047,27059,27059
gpt-j-6b-fp32,hihp_imp_desc,0.07,31,31,SAME-OPP,pair1,Q,-0.000408172607421875,0.0893850326538086,19157,19157
gpt-j-6b-fp32,hihp_imp_desc,0.07,31,31,SAME-OPP,pair2,P,0.040485382080078125,-0.018476486206054688,632,27059
gpt-j-6b-fp32,hihp_imp_desc,0.07,31,31,SAME-OPP,pair2,Q,0.008797645568847656,0.02138042449951172,632,632
gpt-j-6b-fp32,hihp_imp_desc,0.07,31,31,SAME-OPP,pair3,P,0.029859542846679688,-0.053409576416015625,27059,27059
gpt-j-6b-fp32,hihp_imp_desc,0.07,31,31,SAME-OPP,pair3,Q,-0.018899917602539062,0.04065418243408203,632,632
gpt-j-6b-fp32,hihp_imp_desc,0.07,31,31,SAME-OPP,pair4,P,0.024811744689941406,0.036029815673828125,27059,27059
gpt-j-6b-fp32,hihp_imp_desc,0.07,31,31,SAME-OPP,pair4,Q,0.02224254608154297,0.1282367706298828,632,632
gpt-j-6b-fp32,hihp_imp_desc,0.07,31,31,SAME-OPP,pair5,P,0.026419639587402344,-0.030551910400390625,27059,27059
gpt-j-6b-fp32,hihp_imp_desc,0.07,31,31,SAME-OPP,pair5,Q,-0.0009317398071289062,0.05305194854736328,632,632
gpt-j-6b-fp32,hihp_imp_desc,0.07,31,31,SAME-OPP,pair6,P,-0.039745330810546875,-0.01030731201171875,27059,27059
gpt-j-6b-fp32,hihp_imp_desc,0.07,31,31,SAME-OPP,pair6,Q,-0.024900436401367188,0.0846414566040039,632,632
gpt-j-6b-fp32,hihp_imp_desc,0.07,31,31,SAME-OPP,pair7,P,0.04998970031738281,0.0651092529296875,632,632
gpt-j-6b-fp32,hihp_imp_desc,0.07,31,31,SAME-OPP,pair7,Q,-0.021752357482910156,0.037512779235839844,632,632
gpt-j-6b-fp32,hihp_imp_desc,0.07,31,31,SAME-OPP,pair8,P,0.047593116760253906,-0.0003414154052734375,581,581
gpt-j-6b-fp32,hihp_imp_desc,0.07,31,31,SAME-OPP,pair8,Q,0.027469635009765625,0.1253213882446289,581,1874
gpt-j-6b-fp32,hihp_imp_desc,0.07,31,31,SAME-OPP,pair9,P,0.06305789947509766,0.046164512634277344,27059,27059
gpt-j-6b-fp32,hihp_imp_desc,0.07,31,31,SAME-OPP,pair9,Q,0.029822349548339844,0.07903099060058594,1928,1928
gpt-j-6b-fp32,hihp_imp_desc,0.07,31,31,SAME-MORE,pair0,P,0.1971416473388672,0.5138225555419922,632,39733
gpt-j-6b-fp32,hihp_imp_desc,0.07,31,31,SAME-MORE,pair0,Q,-0.14127254486083984,0.42675113677978516,39733,39733
gpt-j-6b-fp32,hihp_imp_desc,0.07,31,31,SAME-MORE,pair1,P,0.25008583068847656,0.2514057159423828,27059,27059
gpt-j-6b-fp32,hihp_imp_desc,0.07,31,31,SAME-MORE,pair1,Q,-0.1501636505126953,0.3573884963989258,19157,632
gpt-j-6b-fp32,hihp_imp_desc,0.07,31,31,SAME-MORE,pair2,P,0.2992420196533203,-0.10415172576904297,632,632
gpt-j-6b-fp32,hihp_imp_desc,0.07,31,31,SAME-MORE,pair2,Q,-0.19718074798583984,0.44849491119384766,632,632
gpt-j-6b-fp32,hihp_imp_desc,0.07,31,31,SAME-MORE,pair3,P,0.3659191131591797,0.27076148986816406,27059,27059
gpt-j-6b-fp32,hihp_imp_desc,0.07,31,31,SAME-MORE,pair3,Q,-0.09978103637695312,0.26593494415283203,632,632
gpt-j-6b-fp32,hihp_imp_desc,0.07,31,31,SAME-MORE,pair4,P,0.39830589294433594,0.14732074737548828,27059,27059
gpt-j-6b-fp32,hihp_imp_desc,0.07,31,31,SAME-MORE,pair4,Q,-0.12121772766113281,0.38971614837646484,632,632
gpt-j-6b-fp32,hihp_imp_desc,0.07,31,31,SAME-MORE,pair5,P,0.29215335845947266,-0.18195247650146484,27059,27059
gpt-j-6b-fp32,hihp_imp_desc,0.07,31,31,SAME-MORE,pair5,Q,-0.13013648986816406,0.12593746185302734,632,632
gpt-j-6b-fp32,hihp_imp_desc,0.07,31,31,SAME-MORE,pair6,P,0.3903694152832031,0.12751197814941406,27059,27059
gpt-j-6b-fp32,hihp_imp_desc,0.07,31,31,SAME-MORE,pair6,Q,0.02183818817138672,0.02858257293701172,632,632
gpt-j-6b-fp32,hihp_imp_desc,0.07,31,31,SAME-MORE,pair7,P,0.2789478302001953,0.04105663299560547,632,632
gpt-j-6b-fp32,hihp_imp_desc,0.07,31,31,SAME-MORE,pair7,Q,-0.11380577087402344,0.20235252380371094,632,632
gpt-j-6b-fp32,hihp_imp_desc,0.07,31,31,SAME-MORE,pair8,P,0.3441028594970703,-0.021764755249023438,581,581
gpt-j-6b-fp32,hihp_imp_desc,0.07,31,31,SAME-MORE,pair8,Q,-0.05071449279785156,0.23114967346191406,581,581
gpt-j-6b-fp32,hihp_imp_desc,0.07,31,31,SAME-MORE,pair9,P,0.3193540573120117,0.1010589599609375,27059,27059
gpt-j-6b-fp32,hihp_imp_desc,0.07,31,31,SAME-MORE,pair9,Q,-0.038041114807128906,0.26095008850097656,1928,1928
gpt-j-6b-fp32,hihp_imp_desc,0.07,31,31,SAME-LESS,pair0,P,0.03755664825439453,-0.11957168579101562,632,632
gpt-j-6b-fp32,hihp_imp_desc,0.07,31,31,SAME-LESS,pair0,Q,-0.24454879760742188,-0.15872955322265625,39733,39733
gpt-j-6b-fp32,hihp_imp_desc,0.07,31,31,SAME-LESS,pair1,P,0.15597915649414062,-0.0063877105712890625,27059,27059
gpt-j-6b-fp32,hihp_imp_desc,0.07,31,31,SAME-LESS,pair1,Q,-0.18181228637695312,0.008418083190917969,19157,632
gpt-j-6b-fp32,hihp_imp_desc,0.07,31,31,SAME-LESS,pair2,P,0.19060611724853516,-0.5415396690368652,632,27059
gpt-j-6b-fp32,hihp_imp_desc,0.07,31,31,SAME-LESS,pair2,Q,-0.2808694839477539,-0.49307870864868164,632,632
gpt-j-6b-fp32,hihp_imp_desc,0.07,31,31,SAME-LESS,pair3,P,0.2747182846069336,-0.32320499420166016,27059,27059
gpt-j-6b-fp32,hihp_imp_desc,0.07,31,31,SAME-LESS,pair3,Q,-0.15546417236328125,-0.17639732360839844,632,632
gpt-j-6b-fp32,hihp_imp_desc,0.07,31,31,SAME-LESS,pair4,P,0.28656673431396484,-0.2341012954711914,27059,27059
gpt-j-6b-fp32,hihp_imp_desc,0.07,31,31,SAME-LESS,pair4,Q,-0.2002878189086914,0.07759761810302734,632,632
gpt-j-6b-fp32,hihp_imp_desc,0.07,31,31,SAME-LESS,pair5,P,0.21501827239990234,-0.31142139434814453,27059,27059
gpt-j-6b-fp32,hihp_imp_desc,0.07,31,31,SAME-LESS,pair5,Q,-0.17332744598388672,-0.1642932891845703,632,632
gpt-j-6b-fp32,hihp_imp_desc,0.07,31,31,SAME-LESS,pair6,P,0.280670166015625,-0.5802669525146484,27059,27059
gpt-j-6b-fp32,hihp_imp_desc,0.07,31,31,SAME-LESS,pair6,Q,-0.08333110809326172,-0.5549030303955078,632,632
gpt-j-6b-fp32,hihp_imp_desc,0.07,31,31,SAME-LESS,pair7,P,0.12658214569091797,-0.3668193817138672,632,632
gpt-j-6b-fp32,hihp_imp_desc,0.07,31,31,SAME-LESS,pair7,Q,-0.26531124114990234,-0.20952224731445312,632,632
gpt-j-6b-fp32,hihp_imp_desc,0.07,31,31,SAME-LESS,pair8,P,0.31096935272216797,-0.40821266174316406,581,581
gpt-j-6b-fp32,hihp_imp_desc,0.07,31,31,SAME-LESS,pair8,Q,-0.10662174224853516,-0.34601402282714844,581,581
gpt-j-6b-fp32,hihp_imp_desc,0.07,31,31,SAME-LESS,pair9,P,0.20986461639404297,-0.46763038635253906,27059,27059
gpt-j-6b-fp32,hihp_imp_desc,0.07,31,31,SAME-LESS,pair9,Q,-0.11316680908203125,-0.6360387802124023,1928,1928
gpt-j-6b-fp32,hihp_imp_desc,0.07,31,31,OPP-MORE,pair0,P,0.28417396545410156,0.6027851104736328,632,632
gpt-j-6b-fp32,hihp_imp_desc,0.07,31,31,OPP-MORE,pair0,Q,0.5413427352905273,0.5523099899291992,39733,39733
gpt-j-6b-fp32,hihp_imp_desc,0.07,31,31,OPP-MORE,pair1,P,0.17228031158447266,0.3809337615966797,27059,27059
gpt-j-6b-fp32,hihp_imp_desc,0.07,31,31,OPP-MORE,pair1,Q,0.4046506881713867,0.44330692291259766,19157,19157
gpt-j-6b-fp32,hihp_imp_desc,0.07,31,31,OPP-MORE,pair2,P,0.2558174133300781,0.07336235046386719,27059,27059
gpt-j-6b-fp32,hihp_imp_desc,0.07,31,31,OPP-MORE,pair2,Q,0.3495512008666992,0.5270986557006836,632,632
gpt-j-6b-fp32,hihp_imp_desc,0.07,31,31,OPP-MORE,pair3,P,0.19226455688476562,0.4090595245361328,27059,27059
gpt-j-6b-fp32,hihp_imp_desc,0.07,31,31,OPP-MORE,pair3,Q,0.4288768768310547,0.34487152099609375,5930,5930
gpt-j-6b-fp32,hihp_imp_desc,0.07,31,31,OPP-MORE,pair4,P,0.22399139404296875,0.15821266174316406,27059,27059
gpt-j-6b-fp32,hihp_imp_desc,0.07,31,31,OPP-MORE,pair4,Q,0.38492393493652344,0.3243112564086914,632,632
gpt-j-6b-fp32,hihp_imp_desc,0.07,31,31,OPP-MORE,pair5,P,0.13906478881835938,0.03868389129638672,27059,27059
gpt-j-6b-fp32,hihp_imp_desc,0.07,31,31,OPP-MORE,pair5,Q,0.31725406646728516,0.2510995864868164,632,632
gpt-j-6b-fp32,hihp_imp_desc,0.07,31,31,OPP-MORE,pair6,P,0.27573204040527344,0.29067230224609375,27059,27059
gpt-j-6b-fp32,hihp_imp_desc,0.07,31,31,OPP-MORE,pair6,Q,0.49488258361816406,0.1125936508178711,632,632
gpt-j-6b-fp32,hihp_imp_desc,0.07,31,31,OPP-MORE,pair7,P,0.12982559204101562,0.14965438842773438,632,632
gpt-j-6b-fp32,hihp_imp_desc,0.07,31,31,OPP-MORE,pair7,Q,0.4580564498901367,0.2975931167602539,632,632
gpt-j-6b-fp32,hihp_imp_desc,0.07,31,31,OPP-MORE,pair8,P,0.172454833984375,0.07794475555419922,1874,327
gpt-j-6b-fp32,hihp_imp_desc,0.07,31,31,OPP-MORE,pair8,Q,0.47382354736328125,0.3616781234741211,1874,1874
gpt-j-6b-fp32,hihp_imp_desc,0.07,31,31,OPP-MORE,pair9,P,0.2175464630126953,0.2335062026977539,27059,27059
gpt-j-6b-fp32,hihp_imp_desc,0.07,31,31,OPP-MORE,pair9,Q,0.5287504196166992,0.3291454315185547,23663,632
gpt-j-6b-fp32,hihp_imp_desc,0.07,31,31,OPP-LESS,pair0,P,0.28522586822509766,0.01940631866455078,632,632
gpt-j-6b-fp32,hihp_imp_desc,0.07,31,31,OPP-LESS,pair0,Q,0.4949951171875,-0.11623287200927734,39733,39733
gpt-j-6b-fp32,hihp_imp_desc,0.07,31,31,OPP-LESS,pair1,P,0.2141742706298828,0.13222408294677734,27059,27059
gpt-j-6b-fp32,hihp_imp_desc,0.07,31,31,OPP-LESS,pair1,Q,0.4302797317504883,0.0452880859375,19157,19157
gpt-j-6b-fp32,hihp_imp_desc,0.07,31,31,OPP-LESS,pair2,P,0.26093006134033203,-0.3568449020385742,27059,27059
gpt-j-6b-fp32,hihp_imp_desc,0.07,31,31,OPP-LESS,pair2,Q,0.3526611328125,-0.5371565818786621,632,632
gpt-j-6b-fp32,hihp_imp_desc,0.07,31,31,OPP-LESS,pair3,P,0.17469501495361328,-0.016326904296875,27059,27059
gpt-j-6b-fp32,hihp_imp_desc,0.07,31,31,OPP-LESS,pair3,Q,0.3672046661376953,-0.11595630645751953,5930,5930
gpt-j-6b-fp32,hihp_imp_desc,0.07,31,31,OPP-LESS,pair4,P,0.25641632080078125,-0.03526020050048828,27059,27059
gpt-j-6b-fp32,hihp_imp_desc,0.07,31,31,OPP-LESS,pair4,Q,0.3106403350830078,0.008924484252929688,632,632
gpt-j-6b-fp32,hihp_imp_desc,0.07,31,31,OPP-LESS,pair5,P,0.17192554473876953,0.029076576232910156,27059,27059
gpt-j-6b-fp32,hihp_imp_desc,0.07,31,31,OPP-LESS,pair5,Q,0.3154935836791992,-0.05492687225341797,632,632
gpt-j-6b-fp32,hihp_imp_desc,0.07,31,31,OPP-LESS,pair6,P,0.2918062210083008,-0.3430614471435547,27059,27059
gpt-j-6b-fp32,hihp_imp_desc,0.07,31,31,OPP-LESS,pair6,Q,0.4516258239746094,-0.6437406539916992,632,632
gpt-j-6b-fp32,hihp_imp_desc,0.07,31,31,OPP-LESS,pair7,P,0.1264019012451172,-0.3556976318359375,632,632
gpt-j-6b-fp32,hihp_imp_desc,0.07,31,31,OPP-LESS,pair7,Q,0.36261940002441406,-0.3687582015991211,632,632
gpt-j-6b-fp32,hihp_imp_desc,0.07,31,31,OPP-LESS,pair8,P,0.18268680572509766,-0.26520347595214844,1874,327
gpt-j-6b-fp32,hihp_imp_desc,0.07,31,31,OPP-LESS,pair8,Q,0.4245319366455078,-0.32377147674560547,1874,1874
gpt-j-6b-fp32,hihp_imp_desc,0.07,31,31,OPP-LESS,pair9,P,0.2019815444946289,-0.28063488006591797,27059,27059
gpt-j-6b-fp32,hihp_imp_desc,0.07,31,31,OPP-LESS,pair9,Q,0.4707651138305664,-0.5596132278442383,23663,632
gpt-j-6b-fp32,hihp_imp_desc,0.07,31,31,MORE-LESS,pair0,P,-0.039646148681640625,0.00023937225341796875,10255,10255
gpt-j-6b-fp32,hihp_imp_desc,0.07,31,31,MORE-LESS,pair0,Q,-0.03720378875732422,-0.032622337341308594,10255,10255
gpt-j-6b-fp32,hihp_imp_desc,0.07,31,31,MORE-LESS,pair1,P,-0.026017189025878906,0.04592609405517578,18605,18605
gpt-j-6b-fp32,hihp_imp_desc,0.07,31,31,MORE-LESS,pair1,Q,-0.013880729675292969,0.04293537139892578,18605,18605
gpt-j-6b-fp32,hihp_imp_desc,0.07,31,31,MORE-LESS,pair2,P,-0.13875961303710938,-0.03400707244873047,8038,8038
gpt-j-6b-fp32,hihp_imp_desc,0.07,31,31,MORE-LESS,pair2,Q,-0.14510154724121094,-0.06297779083251953,8038,8038
gpt-j-6b-fp32,hihp_imp_desc,0.07,31,31,MORE-LESS,pair3,P,-0.00016880035400390625,-0.019845008850097656,1234,1234
gpt-j-6b-fp32,hihp_imp_desc,0.07,31,31,MORE-LESS,pair3,Q,-0.03497505187988281,-0.0627279281616211,1234,5930
gpt-j-6b-fp32,hihp_imp_desc,0.07,31,31,MORE-LESS,pair4,P,-0.021512985229492188,0.030885696411132812,23448,23448
gpt-j-6b-fp32,hihp_imp_desc,0.07,31,31,MORE-LESS,pair4,Q,-0.011983871459960938,0.017473220825195312,23448,23448
gpt-j-6b-fp32,hihp_imp_desc,0.07,31,31,MORE-LESS,pair5,P,0.023860931396484375,0.04720306396484375,969,969
gpt-j-6b-fp32,hihp_imp_desc,0.07,31,31,MORE-LESS,pair5,Q,0.005345344543457031,0.02016735076904297,1426,1426
gpt-j-6b-fp32,hihp_imp_desc,0.07,31,31,MORE-LESS,pair6,P,-0.06656360626220703,0.025196075439453125,6514,6514
gpt-j-6b-fp32,hihp_imp_desc,0.07,31,31,MORE-LESS,pair6,Q,-0.08701896667480469,-0.010287284851074219,6514,6514
gpt-j-6b-fp32,hihp_imp_desc,0.07,31,31,MORE-LESS,pair7,P,0.0016012191772460938,-0.0790252685546875,22111,22111
gpt-j-6b-fp32,hihp_imp_desc,0.07,31,31,MORE-LESS,pair7,Q,0.018949508666992188,-0.11000442504882812,22111,22111
gpt-j-6b-fp32,hihp_imp_desc,0.07,31,31,MORE-LESS,pair8,P,-0.0646209716796875,-0.05256175994873047,969,969
gpt-j-6b-fp32,hihp_imp_desc,0.07,31,31,MORE-LESS,pair8,Q,-0.07536697387695312,-0.0823965072631836,969,969
gpt-j-6b-fp32,hihp_imp_desc,0.07,31,31,MORE-LESS,pair9,P,-0.015641212463378906,0.016455650329589844,34439,34439
gpt-j-6b-fp32,hihp_imp_desc,0.07,31,31,MORE-LESS,pair9,Q,-0.04364776611328125,0.0029001235961914062,34439,34439
gpt-j-6b-fp32,hihp_imp_desc,0.1,44,44,SAME-OPP,pair0,P,-0.035187721252441406,-0.042285919189453125,632,632
gpt-j-6b-fp32,hihp_imp_desc,0.1,44,44,SAME-OPP,pair0,Q,-0.009340286254882812,0.15246963500976562,39733,39733
gpt-j-6b-fp32,hihp_imp_desc,0.1,44,44,SAME-OPP,pair1,P,-0.08288764953613281,-0.020302772521972656,27059,27059
gpt-j-6b-fp32,hihp_imp_desc,0.1,44,44,SAME-OPP,pair1,Q,0.007592201232910156,0.13225936889648438,19157,19157
gpt-j-6b-fp32,hihp_imp_desc,0.1,44,44,SAME-OPP,pair2,P,0.01325225830078125,-0.054351806640625,632,27059
gpt-j-6b-fp32,hihp_imp_desc,0.1,44,44,SAME-OPP,pair2,Q,0.023799896240234375,0.03436470031738281,632,632
gpt-j-6b-fp32,hihp_imp_desc,0.1,44,44,SAME-OPP,pair3,P,0.035480499267578125,-0.05126476287841797,27059,27059
gpt-j-6b-fp32,hihp_imp_desc,0.1,44,44,SAME-OPP,pair3,Q,0.015984535217285156,0.10797405242919922,632,632
gpt-j-6b-fp32,hihp_imp_desc,0.1,44,44,SAME-OPP,pair4,P,0.013695716857910156,0.023595809936523438,27059,27059
gpt-j-6b-fp32,hihp_imp_desc,0.1,44,44,SAME-OPP,pair4,Q,0.029488563537597656,0.18061065673828125,632,632
gpt-j-6b-fp32,hihp_imp_desc,0.1,44,44,SAME-OPP,pair5,P,0.04545116424560547,-0.0159759521484375,27059,27059
gpt-j-6b-fp32,hihp_imp_desc,0.1,44,44,SAME-OPP,pair5,Q,0.02923870086669922,0.1217050552368164,632,632
gpt-j-6b-fp32,hihp_imp_desc,0.1,44,44,SAME-OPP,pair6,P,-0.05599784851074219,-0.0020360946655273438,27059,27059
gpt-j-6b-fp32,hihp_imp_desc,0.1,44,44,SAME-OPP,pair6,Q,-0.024209022521972656,0.12047481536865234,632,632
gpt-j-6b-fp32,hihp_imp_desc,0.1,44,44,SAME-OPP,pair7,P,0.05323600769042969,0.08914566040039062,632,632
gpt-j-6b-fp32,hihp_imp_desc,0.1,44,44,SAME-OPP,pair7,Q,-0.005558967590332031,0.07022476196289062,632,632
gpt-j-6b-fp32,hihp_imp_desc,0.1,44,44,SAME-OPP,pair8,P,0.060965538024902344,-0.0009279251098632812,581,581
gpt-j-6b-fp32,hihp_imp_desc,0.1,44,44,SAME-OPP,pair8,Q,0.044472694396972656,0.18232440948486328,581,1874
gpt-j-6b-fp32,hihp_imp_desc,0.1,44,44,SAME-OPP,pair9,P,0.04928779602050781,0.05626106262207031,27059,27059
gpt-j-6b-fp32,hihp_imp_desc,0.1,44,44,SAME-OPP,pair9,Q,0.04570293426513672,0.07641315460205078,1928,1928
gpt-j-6b-fp32,hihp_imp_desc,0.1,44,44,SAME-MORE,pair0,P,0.12940597534179688,0.7099704742431641,632,39733
gpt-j-6b-fp32,hihp_imp_desc,0.1,44,44,SAME-MORE,pair0,Q,-0.1912069320678711,0.5938253402709961,39733,39733
gpt-j-6b-fp32,hihp_imp_desc,0.1,44,44,SAME-MORE,pair1,P,0.2587709426879883,0.42646217346191406,27059,27059
gpt-j-6b-fp32,hihp_imp_desc,0.1,44,44,SAME-MORE,pair1,Q,-0.19256877899169922,0.3722038269042969,19157,19157
gpt-j-6b-fp32,hihp_imp_desc,0.1,44,44,SAME-MORE,pair2,P,0.05553627014160156,0.3344907760620117,632,632
gpt-j-6b-fp32,hihp_imp_desc,0.1,44,44,SAME-MORE,pair2,Q,-0.28044891357421875,0.5435791015625,632,632
gpt-j-6b-fp32,hihp_imp_desc,0.1,44,44,SAME-MORE,pair3,P,0.30475521087646484,0.4246501922607422,27059,27059
gpt-j-6b-fp32,hihp_imp_desc,0.1,44,44,SAME-MORE,pair3,Q,-0.10066986083984375,0.3471240997314453,632,5930
gpt-j-6b-fp32,hihp_imp_desc,0.1,44,44,SAME-MORE,pair4,P,0.3700895309448242,0.41433238983154297,27059,27059
gpt-j-6b-fp32,hihp_imp_desc,0.1,44,44,SAME-MORE,pair4,Q,-0.1893749237060547,0.31966686248779297,632,632
gpt-j-6b-fp32,hihp_imp_desc,0.1,44,44,SAME-MORE,pair5,P,0.21226119995117188,0.10655784606933594,27059,27059
gpt-j-6b-fp32,hihp_imp_desc,0.1,44,44,SAME-MORE,pair5,Q,-0.2061595916748047,0.28275489807128906,632,632
gpt-j-6b-fp32,hihp_imp_desc,0.1,44,44,SAME-MORE,pair6,P,0.32599735260009766,0.2604799270629883,27059,27059
gpt-j-6b-fp32,hihp_imp_desc,0.1,44,44,SAME-MORE,pair6,Q,0.02020263671875,0.08949565887451172,632,632
gpt-j-6b-fp32,hihp_imp_desc,0.1,44,44,SAME-MORE,pair7,P,0.14978599548339844,0.2471904754638672,632,632
gpt-j-6b-fp32,hihp_imp_desc,0.1,44,44,SAME-MORE,pair7,Q,-0.13071060180664062,0.22145652770996094,632,632
gpt-j-6b-fp32,hihp_imp_desc,0.1,44,44,SAME-MORE,pair8,P,0.31780242919921875,0.1683807373046875,581,581
gpt-j-6b-fp32,hihp_imp_desc,0.1,44,44,SAME-MORE,pair8,Q,-0.035803794860839844,0.3774576187133789,581,581
gpt-j-6b-fp32,hihp_imp_desc,0.1,44,44,SAME-MORE,pair9,P,0.23652362823486328,0.22542476654052734,27059,27059
gpt-j-6b-fp32,hihp_imp_desc,0.1,44,44,SAME-MORE,pair9,Q,-0.10652446746826172,0.2377758026123047,1928,1928
gpt-j-6b-fp32,hihp_imp_desc,0.1,44,44,SAME-LESS,pair0,P,-0.009611129760742188,-0.10503864288330078,632,39733
gpt-j-6b-fp32,hihp_imp_desc,0.1,44,44,SAME-LESS,pair0,Q,-0.3295106887817383,-0.25496959686279297,39733,39733
gpt-j-6b-fp32,hihp_imp_desc,0.1,44,44,SAME-LESS,pair1,P,0.1512908935546875,0.026708602905273438,27059,27059
gpt-j-6b-fp32,hihp_imp_desc,0.1,44,44,SAME-LESS,pair1,Q,-0.2238473892211914,0.0045166015625,19157,19157
gpt-j-6b-fp32,hihp_imp_desc,0.1,44,44,SAME-LESS,pair2,P,-0.04206562042236328,-0.36469316482543945,632,632
gpt-j-6b-fp32,hihp_imp_desc,0.1,44,44,SAME-LESS,pair2,Q,-0.3784799575805664,-0.49517059326171875,632,632
gpt-j-6b-fp32,hihp_imp_desc,0.1,44,44,SAME-LESS,pair3,P,0.19402503967285156,-0.3455228805541992,27059,27059
gpt-j-6b-fp32,hihp_imp_desc,0.1,44,44,SAME-LESS,pair3,Q,-0.15388011932373047,-0.1763629913330078,632,5930
gpt-j-6b-fp32,hihp_imp_desc,0.1,44,44,SAME-LESS,pair4,P,0.2670869827270508,0.01279449462890625,27059,27059
gpt-j-6b-fp32,hihp_imp_desc,0.1,44,44,SAME-LESS,pair4,Q,-0.2471027374267578,0.2154836654663086,632,632
gpt-j-6b-fp32,hihp_imp_desc,0.1,44,44,SAME-LESS,pair5,P,0.11256122589111328,-0.2158346176147461,27059,27059
gpt-j-6b-fp32,hihp_imp_desc,0.1,44,44,SAME-LESS,pair5,Q,-0.2537240982055664,-0.026796340942382812,632,632
gpt-j-6b-fp32,hihp_imp_desc,0.1,44,44,SAME-LESS,pair6,P,0.22494125366210938,-0.6240510940551758,27059,27059
gpt-j-6b-fp32,hihp_imp_desc,0.1,44,44,SAME-LESS,pair6,Q,-0.0783538818359375,-0.5672111511230469,632,632
gpt-j-6b-fp32,hihp_imp_desc,0.1,44,44,SAME-LESS,pair7,P,-0.04126167297363281,-0.37439632415771484,632,632
gpt-j-6b-fp32,hihp_imp_desc,0.1,44,44,SAME-LESS,pair7,Q,-0.32543373107910156,-0.24010276794433594,632,632
gpt-j-6b-fp32,hihp_imp_desc,0.1,44,44,SAME-LESS,pair8,P,0.26175785064697266,-0.5354824066162109,581,581
gpt-j-6b-fp32,hihp_imp_desc,0.1,44,44,SAME-LESS,pair8,Q,-0.10953044891357422,-0.34963512420654297,581,581
gpt-j-6b-fp32,hihp_imp_desc,0.1,44,44,SAME-LESS,pair9,P,0.11295223236083984,-0.27023887634277344,27059,27059
gpt-j-6b-fp32,hihp_imp_desc,0.1,44,44,SAME-LESS,pair9,Q,-0.19675159454345703,-0.5731267929077148,1928,1928
gpt-j-6b-fp32,hihp_imp_desc,0.1,44,44,OPP-MORE,pair0,P,0.14263916015625,0.8597631454467773,632,632
gpt-j-6b-fp32,hihp_imp_desc,0.1,44,44,OPP-MORE,pair0,Q,-0.15325641632080078,0.7719936370849609,39733,39733
gpt-j-6b-fp32,hihp_imp_desc,0.1,44,44,OPP-MORE,pair1,P,0.011129379272460938,0.5677919387817383,27059,27059
gpt-j-6b-fp32,hihp_imp_desc,0.1,44,44,OPP-MORE,pair1,Q,-0.26366615295410156,0.4360628128051758,19157,19157
gpt-j-6b-fp32,hihp_imp_desc,0.1,44,44,OPP-MORE,pair2,P,0.011683464050292969,0.6042490005493164,27059,27059
gpt-j-6b-fp32,hihp_imp_desc,0.1,44,44,OPP-MORE,pair2,Q,-0.2254323959350586,0.6544942855834961,632,632
gpt-j-6b-fp32,hihp_imp_desc,0.1,44,44,OPP-MORE,pair3,P,0.08730411529541016,0.6236658096313477,27059,27059
gpt-j-6b-fp32,hihp_imp_desc,0.1,44,44,OPP-MORE,pair3,Q,-0.15467357635498047,0.43940258026123047,5930,5930
gpt-j-6b-fp32,hihp_imp_desc,0.1,44,44,OPP-MORE,pair4,P,-0.1097860336303711,0.4551715850830078,27059,27059
gpt-j-6b-fp32,hihp_imp_desc,0.1,44,44,OPP-MORE,pair4,Q,-0.24182510375976562,0.3219757080078125,632,632
gpt-j-6b-fp32,hihp_imp_desc,0.1,44,44,OPP-MORE,pair5,P,0.04143333435058594,0.3661212921142578,27059,27059
gpt-j-6b-fp32,hihp_imp_desc,0.1,44,44,OPP-MORE,pair5,Q,-0.3242321014404297,0.40027427673339844,632,632
gpt-j-6b-fp32,hihp_imp_desc,0.1,44,44,OPP-MORE,pair6,P,0.009136199951171875,0.4473390579223633,27059,27059
gpt-j-6b-fp32,hihp_imp_desc,0.1,44,44,OPP-MORE,pair6,Q,-0.10228538513183594,0.19827747344970703,632,632
gpt-j-6b-fp32,hihp_imp_desc,0.1,44,44,OPP-MORE,pair7,P,-0.23840713500976562,0.3976583480834961,632,632
gpt-j-6b-fp32,hihp_imp_desc,0.1,44,44,OPP-MORE,pair7,Q,-0.14848041534423828,0.35264015197753906,632,632
gpt-j-6b-fp32,hihp_imp_desc,0.1,44,44,OPP-MORE,pair8,P,0.056832313537597656,0.3032693862915039,1874,581
gpt-j-6b-fp32,hihp_imp_desc,0.1,44,44,OPP-MORE,pair8,Q,-0.17228317260742188,0.5150175094604492,1874,581
gpt-j-6b-fp32,hihp_imp_desc,0.1,44,44,OPP-MORE,pair9,P,-0.025940895080566406,0.46231651306152344,27059,27059
gpt-j-6b-fp32,hihp_imp_desc,0.1,44,44,OPP-MORE,pair9,Q,-0.12491226196289062,0.34179115295410156,23663,1928
gpt-j-6b-fp32,hihp_imp_desc,0.1,44,44,OPP-LESS,pair0,P,0.10337638854980469,0.047786712646484375,632,632
gpt-j-6b-fp32,hihp_imp_desc,0.1,44,44,OPP-LESS,pair0,Q,-0.18408679962158203,-0.18313121795654297,39733,39733
gpt-j-6b-fp32,hihp_imp_desc,0.1,44,44,OPP-LESS,pair1,P,0.06439399719238281,0.2125110626220703,27059,27059
gpt-j-6b-fp32,hihp_imp_desc,0.1,44,44,OPP-LESS,pair1,Q,-0.1991415023803711,0.0817413330078125,19157,19157
gpt-j-6b-fp32,hihp_imp_desc,0.1,44,44,OPP-LESS,pair2,P,0.028272628784179688,-0.11470222473144531,27059,27059
gpt-j-6b-fp32,hihp_imp_desc,0.1,44,44,OPP-LESS,pair2,Q,-0.2003316879272461,-0.41570377349853516,632,632
gpt-j-6b-fp32,hihp_imp_desc,0.1,44,44,OPP-LESS,pair3,P,0.06840991973876953,0.03663444519042969,27059,27059
gpt-j-6b-fp32,hihp_imp_desc,0.1,44,44,OPP-LESS,pair3,Q,-0.15546703338623047,-0.011548042297363281,5930,5930
gpt-j-6b-fp32,hihp_imp_desc,0.1,44,44,OPP-LESS,pair4,P,-0.02834320068359375,0.26326465606689453,27059,27059
gpt-j-6b-fp32,hihp_imp_desc,0.1,44,44,OPP-LESS,pair4,Q,-0.2638874053955078,0.22498798370361328,632,632
gpt-j-6b-fp32,hihp_imp_desc,0.1,44,44,OPP-LESS,pair5,P,0.05189800262451172,0.18569564819335938,27059,27059
gpt-j-6b-fp32,hihp_imp_desc,0.1,44,44,OPP-LESS,pair5,Q,-0.28255367279052734,0.16260147094726562,632,632
gpt-j-6b-fp32,hihp_imp_desc,0.1,44,44,OPP-LESS,pair6,P,0.05523681640625,-0.3868980407714844,27059,27059
gpt-j-6b-fp32,hihp_imp_desc,0.1,44,44,OPP-LESS,pair6,Q,-0.07616901397705078,-0.5976829528808594,632,632
gpt-j-6b-fp32,hihp_imp_desc,0.1,44,44,OPP-LESS,pair7,P,-0.25281429290771484,-0.33730316162109375,632,632
gpt-j-6b-fp32,hihp_imp_desc,0.1,44,44,OPP-LESS,pair7,Q,-0.20690441131591797,-0.3526153564453125,632,632
gpt-j-6b-fp32,hihp_imp_desc,0.1,44,44,OPP-LESS,pair8,P,0.03671073913574219,-0.33101463317871094,1874,581
gpt-j-6b-fp32,hihp_imp_desc,0.1,44,44,OPP-LESS,pair8,Q,-0.1892852783203125,-0.25989818572998047,1874,581
gpt-j-6b-fp32,hihp_imp_desc,0.1,44,44,OPP-LESS,pair9,P,-0.024880409240722656,-0.05858135223388672,27059,27059
gpt-j-6b-fp32,hihp_imp_desc,0.1,44,44,OPP-LESS,pair9,Q,-0.1716461181640625,-0.45957374572753906,23663,23663
gpt-j-6b-fp32,hihp_imp_desc,0.1,44,44,MORE-LESS,pair0,P,-0.027855873107910156,-0.014292716979980469,10255,10255
gpt-j-6b-fp32,hihp_imp_desc,0.1,44,44,MORE-LESS,pair0,Q,-0.02273845672607422,-0.03253746032714844,10255,10255
gpt-j-6b-fp32,hihp_imp_desc,0.1,44,44,MORE-LESS,pair1,P,-0.021552085876464844,0.04562950134277344,18605,18605
gpt-j-6b-fp32,hihp_imp_desc,0.1,44,44,MORE-LESS,pair1,Q,-0.010531425476074219,0.05611610412597656,18605,18605
gpt-j-6b-fp32,hihp_imp_desc,0.1,44,44,MORE-LESS,pair2,P,-0.18085765838623047,-0.03457927703857422,8038,8038
gpt-j-6b-fp32,hihp_imp_desc,0.1,44,44,MORE-LESS,pair2,Q,-0.17507457733154297,-0.046634674072265625,8038,8038
gpt-j-6b-fp32,hihp_imp_desc,0.1,44,44,MORE-LESS,pair3,P,-0.035920143127441406,-0.054012298583984375,1234,1234
gpt-j-6b-fp32,hihp_imp_desc,0.1,44,44,MORE-LESS,pair3,Q,-0.06717300415039062,-0.08194828033447266,1234,5930
gpt-j-6b-fp32,hihp_imp_desc,0.1,44,44,MORE-LESS,pair4,P,-0.06535148620605469,0.016335487365722656,23448,23448
gpt-j-6b-fp32,hihp_imp_desc,0.1,44,44,MORE-LESS,pair4,Q,-0.053503990173339844,-0.0034379959106445312,23448,23448
gpt-j-6b-fp32,hihp_imp_desc,0.1,44,44,MORE-LESS,pair5,P,-0.03595256805419922,-0.004412651062011719,969,969
gpt-j-6b-fp32,hihp_imp_desc,0.1,44,44,MORE-LESS,pair5,Q,-0.039122581481933594,-0.00937652587890625,1426,1426
gpt-j-6b-fp32,hihp_imp_desc,0.1,44,44,MORE-LESS,pair6,P,-0.10438919067382812,0.016054153442382812,6514,6514
gpt-j-6b-fp32,hihp_imp_desc,0.1,44,44,MORE-LESS,pair6,Q,-0.11978530883789062,-0.005374908447265625,6514,6514
gpt-j-6b-fp32,hihp_imp_desc,0.1,44,44,MORE-LESS,pair7,P,-0.015646934509277344,-0.05971050262451172,22111,22111
gpt-j-6b-fp32,hihp_imp_desc,0.1,44,44,MORE-LESS,pair7,Q,0.005054473876953125,-0.08703136444091797,22111,22111
gpt-j-6b-fp32,hihp_imp_desc,0.1,44,44,MORE-LESS,pair8,P,-0.08615493774414062,-0.08941078186035156,969,969
gpt-j-6b-fp32,hihp_imp_desc,0.1,44,44,MORE-LESS,pair8,Q,-0.08768558502197266,-0.1070852279663086,969,969
gpt-j-6b-fp32,hihp_imp_desc,0.1,44,44,MORE-LESS,pair9,P,-0.06465911865234375,-0.019293785095214844,34439,34439
gpt-j-6b-fp32,hihp_imp_desc,0.1,44,44,MORE-LESS,pair9,Q,-0.09241962432861328,-0.028113365173339844,34439,34439
gpt-j-6b-fp32,hihp_imp_desc,0.12,53,53,SAME-OPP,pair0,P,-0.050520896911621094,-0.009083747863769531,632,632
gpt-j-6b-fp32,hihp_imp_desc,0.12,53,53,SAME-OPP,pair0,Q,-0.006274223327636719,0.1696004867553711,39733,39733
gpt-j-6b-fp32,hihp_imp_desc,0.12,53,53,SAME-OPP,pair1,P,-0.1022024154663086,0.034358978271484375,27059,27059
gpt-j-6b-fp32,hihp_imp_desc,0.12,53,53,SAME-OPP,pair1,Q,0.005710601806640625,0.15720081329345703,19157,19157
gpt-j-6b-fp32,hihp_imp_desc,0.12,53,53,SAME-OPP,pair2,P,0.021394729614257812,-0.015123367309570312,632,27059
gpt-j-6b-fp32,hihp_imp_desc,0.12,53,53,SAME-OPP,pair2,Q,0.03068256378173828,0.04288768768310547,632,632
gpt-j-6b-fp32,hihp_imp_desc,0.12,53,53,SAME-OPP,pair3,P,0.03292655944824219,-0.019776344299316406,27059,27059
gpt-j-6b-fp32,hihp_imp_desc,0.12,53,53,SAME-OPP,pair3,Q,0.0036725997924804688,0.1197662353515625,632,632
gpt-j-6b-fp32,hihp_imp_desc,0.12,53,53,SAME-OPP,pair4,P,0.009255409240722656,0.05993366241455078,27059,27059
gpt-j-6b-fp32,hihp_imp_desc,0.12,53,53,SAME-OPP,pair4,Q,0.03747749328613281,0.2069377899169922,632,632
gpt-j-6b-fp32,hihp_imp_desc,0.12,53,53,SAME-OPP,pair5,P,0.056186676025390625,0.014239311218261719,27059,27059
gpt-j-6b-fp32,hihp_imp_desc,0.12,53,53,SAME-OPP,pair5,Q,0.015193939208984375,0.12193489074707031,632,632
gpt-j-6b-fp32,hihp_imp_desc,0.12,53,53,SAME-OPP,pair6,P,-0.06052684783935547,0.03520488739013672,27059,27059
gpt-j-6b-fp32,hihp_imp_desc,0.12,53,53,SAME-OPP,pair6,Q,-0.015568733215332031,0.1462411880493164,632,632
gpt-j-6b-fp32,hihp_imp_desc,0.12,53,53,SAME-OPP,pair7,P,0.04278373718261719,0.11050701141357422,632,632
gpt-j-6b-fp32,hihp_imp_desc,0.12,53,53,SAME-OPP,pair7,Q,-0.027146339416503906,0.06275177001953125,632,632
gpt-j-6b-fp32,hihp_imp_desc,0.12,53,53,SAME-OPP,pair8,P,0.05474090576171875,0.01961803436279297,581,581
gpt-j-6b-fp32,hihp_imp_desc,0.12,53,53,SAME-OPP,pair8,Q,0.024524688720703125,0.18544292449951172,581,1874
gpt-j-6b-fp32,hihp_imp_desc,0.12,53,53,SAME-OPP,pair9,P,0.04236030578613281,0.09817123413085938,27059,27059
gpt-j-6b-fp32,hihp_imp_desc,0.12,53,53,SAME-OPP,pair9,Q,0.030841827392578125,0.08100032806396484,1928,1928
gpt-j-6b-fp32,hihp_imp_desc,0.12,53,53,SAME-MORE,pair0,P,-0.10707950592041016,0.7504644393920898,632,39733
gpt-j-6b-fp32,hihp_imp_desc,0.12,53,53,SAME-MORE,pair0,Q,-0.2614002227783203,0.5779190063476562,39733,39733
gpt-j-6b-fp32,hihp_imp_desc,0.12,53,53,SAME-MORE,pair1,P,-0.11856937408447266,0.36577796936035156,27059,27059
gpt-j-6b-fp32,hihp_imp_desc,0.12,53,53,SAME-MORE,pair1,Q,-0.32895374298095703,0.30544185638427734,19157,9493
gpt-j-6b-fp32,hihp_imp_desc,0.12,53,53,SAME-MORE,pair2,P,-0.2885274887084961,0.4401092529296875,632,27059
gpt-j-6b-fp32,hihp_imp_desc,0.12,53,53,SAME-MORE,pair2,Q,-0.39461612701416016,0.6262531280517578,632,632
gpt-j-6b-fp32,hihp_imp_desc,0.12,53,53,SAME-MORE,pair3,P,0.09310150146484375,0.38033390045166016,27059,27059
gpt-j-6b-fp32,hihp_imp_desc,0.12,53,53,SAME-MORE,pair3,Q,-0.1350841522216797,0.23998165130615234,632,5930
gpt-j-6b-fp32,hihp_imp_desc,0.12,53,53,SAME-MORE,pair4,P,0.14764404296875,0.4402608871459961,27059,27059
gpt-j-6b-fp32,hihp_imp_desc,0.12,53,53,SAME-MORE,pair4,Q,-0.25988101959228516,0.4091348648071289,632,10797
gpt-j-6b-fp32,hihp_imp_desc,0.12,53,53,SAME-MORE,pair5,P,-0.015771865844726562,0.07094573974609375,27059,27059
gpt-j-6b-fp32,hihp_imp_desc,0.12,53,53,SAME-MORE,pair5,Q,-0.22603130340576172,0.2011270523071289,632,19157
gpt-j-6b-fp32,hihp_imp_desc,0.12,53,53,SAME-MORE,pair6,P,-0.025902748107910156,0.16675472259521484,27059,27059
gpt-j-6b-fp32,hihp_imp_desc,0.12,53,53,SAME-MORE,pair6,Q,-0.09757804870605469,0.01654052734375,632,5747
gpt-j-6b-fp32,hihp_imp_desc,0.12,53,53,SAME-MORE,pair7,P,-0.10805034637451172,0.24429035186767578,632,27059
gpt-j-6b-fp32,hihp_imp_desc,0.12,53,53,SAME-MORE,pair7,Q,-0.19764232635498047,0.20571327209472656,632,632
gpt-j-6b-fp32,hihp_imp_desc,0.12,53,53,SAME-MORE,pair8,P,0.0782470703125,0.053931236267089844,581,581
gpt-j-6b-fp32,hihp_imp_desc,0.12,53,53,SAME-MORE,pair8,Q,-0.009444236755371094,0.2991514205932617,581,581
gpt-j-6b-fp32,hihp_imp_desc,0.12,53,53,SAME-MORE,pair9,P,0.008339881896972656,0.13600921630859375,27059,27059
gpt-j-6b-fp32,hihp_imp_desc,0.12,53,53,SAME-MORE,pair9,Q,-0.17160892486572266,0.14743518829345703,1928,1928
gpt-j-6b-fp32,hihp_imp_desc,0.12,53,53,SAME-LESS,pair0,P,-0.2281818389892578,0.03121471405029297,632,39733
gpt-j-6b-fp32,hihp_imp_desc,0.12,53,53,SAME-LESS,pair0,Q,-0.37506961822509766,-0.04411029815673828,39733,39733
gpt-j-6b-fp32,hihp_imp_desc,0.12,53,53,SAME-LESS,pair1,P,-0.20139122009277344,0.18503284454345703,27059,27059
gpt-j-6b-fp32,hihp_imp_desc,0.12,53,53,SAME-LESS,pair1,Q,-0.32049083709716797,0.18683338165283203,19157,19157
gpt-j-6b-fp32,hihp_imp_desc,0.12,53,53,SAME-LESS,pair2,P,-0.3916473388671875,-0.23996496200561523,632,27059
gpt-j-6b-fp32,hihp_imp_desc,0.12,53,53,SAME-LESS,pair2,Q,-0.48766613006591797,-0.32923412322998047,632,632
gpt-j-6b-fp32,hihp_imp_desc,0.12,53,53,SAME-LESS,pair3,P,-0.011447906494140625,-0.3029508590698242,27059,27059
gpt-j-6b-fp32,hihp_imp_desc,0.12,53,53,SAME-LESS,pair3,Q,-0.16557884216308594,-0.0745534896850586,632,5930
gpt-j-6b-fp32,hihp_imp_desc,0.12,53,53,SAME-LESS,pair4,P,0.04010581970214844,-0.00962066650390625,27059,27059
gpt-j-6b-fp32,hihp_imp_desc,0.12,53,53,SAME-LESS,pair4,Q,-0.31468772888183594,0.2923412322998047,632,10797
gpt-j-6b-fp32,hihp_imp_desc,0.12,53,53,SAME-LESS,pair5,P,-0.10129356384277344,-0.17461109161376953,27059,27059
gpt-j-6b-fp32,hihp_imp_desc,0.12,53,53,SAME-LESS,pair5,Q,-0.24689292907714844,0.010776519775390625,632,19157
gpt-j-6b-fp32,hihp_imp_desc,0.12,53,53,SAME-LESS,pair6,P,-0.13332843780517578,-0.2823934555053711,27059,27059
gpt-j-6b-fp32,hihp_imp_desc,0.12,53,53,SAME-LESS,pair6,Q,-0.17218685150146484,-0.12245464324951172,632,5747
gpt-j-6b-fp32,hihp_imp_desc,0.12,53,53,SAME-LESS,pair7,P,-0.30168628692626953,-0.34004688262939453,632,27059
gpt-j-6b-fp32,hihp_imp_desc,0.12,53,53,SAME-LESS,pair7,Q,-0.3878927230834961,-0.19658470153808594,632,632
gpt-j-6b-fp32,hihp_imp_desc,0.12,53,53,SAME-LESS,pair8,P,0.047417640686035156,-0.6892385482788086,581,581
gpt-j-6b-fp32,hihp_imp_desc,0.12,53,53,SAME-LESS,pair8,Q,-0.07400321960449219,-0.3803882598876953,581,581
gpt-j-6b-fp32,hihp_imp_desc,0.12,53,53,SAME-LESS,pair9,P,-0.11204814910888672,-0.4176502227783203,27059,27059
gpt-j-6b-fp32,hihp_imp_desc,0.12,53,53,SAME-LESS,pair9,Q,-0.23158550262451172,-0.5968761444091797,1928,1928
gpt-j-6b-fp32,hihp_imp_desc,0.12,53,53,OPP-MORE,pair0,P,0.045805931091308594,0.8676891326904297,632,39733
gpt-j-6b-fp32,hihp_imp_desc,0.12,53,53,OPP-MORE,pair0,Q,-0.11645126342773438,0.7278356552124023,39733,39733
gpt-j-6b-fp32,hihp_imp_desc,0.12,53,53,OPP-MORE,pair1,P,-0.06899166107177734,0.5183897018432617,27059,27059
gpt-j-6b-fp32,hihp_imp_desc,0.12,53,53,OPP-MORE,pair1,Q,-0.379364013671875,0.4042196273803711,19157,19157
gpt-j-6b-fp32,hihp_imp_desc,0.12,53,53,OPP-MORE,pair2,P,-0.20573997497558594,0.7021980285644531,27059,27059
gpt-j-6b-fp32,hihp_imp_desc,0.12,53,53,OPP-MORE,pair2,Q,-0.27655696868896484,0.6645431518554688,632,632
gpt-j-6b-fp32,hihp_imp_desc,0.12,53,53,OPP-MORE,pair3,P,-0.025339126586914062,0.5486364364624023,27059,27059
gpt-j-6b-fp32,hihp_imp_desc,0.12,53,53,OPP-MORE,pair3,Q,-0.10892677307128906,0.3018627166748047,5930,5930
gpt-j-6b-fp32,hihp_imp_desc,0.12,53,53,OPP-MORE,pair4,P,-0.2424602508544922,0.5262718200683594,27059,27059
gpt-j-6b-fp32,hihp_imp_desc,0.12,53,53,OPP-MORE,pair4,Q,-0.2722349166870117,0.43776702880859375,632,10797
gpt-j-6b-fp32,hihp_imp_desc,0.12,53,53,OPP-MORE,pair5,P,-0.01732158660888672,0.35482215881347656,27059,27059
gpt-j-6b-fp32,hihp_imp_desc,0.12,53,53,OPP-MORE,pair5,Q,-0.26823997497558594,0.2832489013671875,632,19157
gpt-j-6b-fp32,hihp_imp_desc,0.12,53,53,OPP-MORE,pair6,P,-0.16290283203125,0.36527252197265625,27059,27059
gpt-j-6b-fp32,hihp_imp_desc,0.12,53,53,OPP-MORE,pair6,Q,-0.26300716400146484,0.14562034606933594,632,5747
gpt-j-6b-fp32,hihp_imp_desc,0.12,53,53,OPP-MORE,pair7,P,-0.4237241744995117,0.3736534118652344,632,27059
gpt-j-6b-fp32,hihp_imp_desc,0.12,53,53,OPP-MORE,pair7,Q,-0.0998544692993164,0.2986488342285156,632,632
gpt-j-6b-fp32,hihp_imp_desc,0.12,53,53,OPP-MORE,pair8,P,0.07543087005615234,0.21165943145751953,1874,581
gpt-j-6b-fp32,hihp_imp_desc,0.12,53,53,OPP-MORE,pair8,Q,-0.18506717681884766,0.44904327392578125,1874,581
gpt-j-6b-fp32,hihp_imp_desc,0.12,53,53,OPP-MORE,pair9,P,-0.18984508514404297,0.39099979400634766,27059,27059
gpt-j-6b-fp32,hihp_imp_desc,0.12,53,53,OPP-MORE,pair9,Q,-0.12053203582763672,0.2058115005493164,23663,19157
gpt-j-6b-fp32,hihp_imp_desc,0.12,53,53,OPP-LESS,pair0,P,-0.0018711090087890625,0.22702789306640625,632,39733
gpt-j-6b-fp32,hihp_imp_desc,0.12,53,53,OPP-LESS,pair0,Q,-0.14182662963867188,0.014372825622558594,39733,39733
gpt-j-6b-fp32,hihp_imp_desc,0.12,53,53,OPP-LESS,pair1,P,-0.018326759338378906,0.4091939926147461,27059,27059
gpt-j-6b-fp32,hihp_imp_desc,0.12,53,53,OPP-LESS,pair1,Q,-0.26179027557373047,0.2711477279663086,19157,19157
gpt-j-6b-fp32,hihp_imp_desc,0.12,53,53,OPP-LESS,pair2,P,-0.22307300567626953,0.05124235153198242,27059,27059
gpt-j-6b-fp32,hihp_imp_desc,0.12,53,53,OPP-LESS,pair2,Q,-0.2673187255859375,-0.16332054138183594,632,632
gpt-j-6b-fp32,hihp_imp_desc,0.12,53,53,OPP-LESS,pair3,P,-0.03929901123046875,0.033051490783691406,27059,5930
gpt-j-6b-fp32,hihp_imp_desc,0.12,53,53,OPP-LESS,pair3,Q,-0.0953216552734375,0.015834808349609375,5930,5930
gpt-j-6b-fp32,hihp_imp_desc,0.12,53,53,OPP-LESS,pair4,P,-0.2014942169189453,0.27278900146484375,27059,27059
gpt-j-6b-fp32,hihp_imp_desc,0.12,53,53,OPP-LESS,pair4,Q,-0.3051156997680664,0.31072139739990234,632,10797
gpt-j-6b-fp32,hihp_imp_desc,0.12,53,53,OPP-LESS,pair5,P,-0.016351699829101562,0.26254844665527344,27059,27059
gpt-j-6b-fp32,hihp_imp_desc,0.12,53,53,OPP-LESS,pair5,Q,-0.2147541046142578,0.23630523681640625,632,19157
gpt-j-6b-fp32,hihp_imp_desc,0.12,53,53,OPP-LESS,pair6,P,-0.1249542236328125,-0.01767730712890625,27059,27059
gpt-j-6b-fp32,hihp_imp_desc,0.12,53,53,OPP-LESS,pair6,Q,-0.2279644012451172,-0.0756235122680664,632,5747
gpt-j-6b-fp32,hihp_imp_desc,0.12,53,53,OPP-LESS,pair7,P,-0.4523477554321289,-0.3404836654663086,632,632
gpt-j-6b-fp32,hihp_imp_desc,0.12,53,53,OPP-LESS,pair7,Q,-0.1616220474243164,-0.3118600845336914,632,632
gpt-j-6b-fp32,hihp_imp_desc,0.12,53,53,OPP-LESS,pair8,P,0.06474590301513672,-0.43982505798339844,1874,581
gpt-j-6b-fp32,hihp_imp_desc,0.12,53,53,OPP-LESS,pair8,Q,-0.19793415069580078,-0.26383399963378906,1874,581
gpt-j-6b-fp32,hihp_imp_desc,0.12,53,53,OPP-LESS,pair9,P,-0.19023609161376953,-0.23330211639404297,27059,27059
gpt-j-6b-fp32,hihp_imp_desc,0.12,53,53,OPP-LESS,pair9,Q,-0.13494396209716797,-0.49076366424560547,23663,23663
gpt-j-6b-fp32,hihp_imp_desc,0.12,53,53,MORE-LESS,pair0,P,-0.039338111877441406,-0.0032167434692382812,10255,10255
gpt-j-6b-fp32,hihp_imp_desc,0.12,53,53,MORE-LESS,pair0,Q,-0.035820960998535156,-0.015691757202148438,10255,10255
gpt-j-6b-fp32,hihp_imp_desc,0.12,53,53,MORE-LESS,pair1,P,0.021902084350585938,0.05660820007324219,18605,18605
gpt-j-6b-fp32,hihp_imp_desc,0.12,53,53,MORE-LESS,pair1,Q,0.039336204528808594,0.08736896514892578,18605,18605
gpt-j-6b-fp32,hihp_imp_desc,0.12,53,53,MORE-LESS,pair2,P,-0.17438411712646484,-0.05197334289550781,8038,8038
gpt-j-6b-fp32,hihp_imp_desc,0.12,53,53,MORE-LESS,pair2,Q,-0.16064929962158203,-0.038214683532714844,8038,8038
gpt-j-6b-fp32,hihp_imp_desc,0.12,53,53,MORE-LESS,pair3,P,0.0032253265380859375,-0.0593109130859375,1234,1234
gpt-j-6b-fp32,hihp_imp_desc,0.12,53,53,MORE-LESS,pair3,Q,-0.03220176696777344,-0.0800333023071289,1234,5930
gpt-j-6b-fp32,hihp_imp_desc,0.12,53,53,MORE-LESS,pair4,P,-0.057033538818359375,0.020641326904296875,23448,23448
gpt-j-6b-fp32,hihp_imp_desc,0.12,53,53,MORE-LESS,pair4,Q,-0.024702072143554688,0.022042274475097656,23448,23448
gpt-j-6b-fp32,hihp_imp_desc,0.12,53,53,MORE-LESS,pair5,P,-0.005106925964355469,0.019939422607421875,969,969
gpt-j-6b-fp32,hihp_imp_desc,0.12,53,53,MORE-LESS,pair5,Q,-0.0001392364501953125,0.022333145141601562,1426,1426
gpt-j-6b-fp32,hihp_imp_desc,0.12,53,53,MORE-LESS,pair6,P,-0.0789804458618164,0.015041351318359375,6514,6514
gpt-j-6b-fp32,hihp_imp_desc,0.12,53,53,MORE-LESS,pair6,Q,-0.07585620880126953,0.002044677734375,6514,6514
gpt-j-6b-fp32,hihp_imp_desc,0.12,53,53,MORE-LESS,pair7,P,0.006656646728515625,-0.05249595642089844,22111,22111
gpt-j-6b-fp32,hihp_imp_desc,0.12,53,53,MORE-LESS,pair7,Q,0.040266990661621094,-0.06928348541259766,22111,22111
gpt-j-6b-fp32,hihp_imp_desc,0.12,53,53,MORE-LESS,pair8,P,-0.061882972717285156,-0.08428096771240234,969,969
gpt-j-6b-fp32,hihp_imp_desc,0.12,53,53,MORE-LESS,pair8,Q,-0.05474662780761719,-0.10159873962402344,969,969
gpt-j-6b-fp32,hihp_imp_desc,0.12,53,53,MORE-LESS,pair9,P,-0.0532379150390625,-0.0140533447265625,34439,34439
gpt-j-6b-fp32,hihp_imp_desc,0.12,53,53,MORE-LESS,pair9,Q,-0.06906795501708984,-0.02227497100830078,34439,34439
gpt-j-6b-fp32,hihp_imp_desc,0.15,67,67,SAME-OPP,pair0,P,-0.04424476623535156,0.00394439697265625,632,27059
gpt-j-6b-fp32,hihp_imp_desc,0.15,67,67,SAME-OPP,pair0,Q,-0.027886390686035156,0.13427066802978516,39733,39733
gpt-j-6b-fp32,hihp_imp_desc,0.15,67,67,SAME-OPP,pair1,P,-0.12220382690429688,0.010869979858398438,27059,27059
gpt-j-6b-fp32,hihp_imp_desc,0.15,67,67,SAME-OPP,pair1,Q,-0.028899192810058594,0.12408447265625,19157,19157
gpt-j-6b-fp32,hihp_imp_desc,0.15,67,67,SAME-OPP,pair2,P,-0.05048847198486328,-0.07836151123046875,632,27059
gpt-j-6b-fp32,hihp_imp_desc,0.15,67,67,SAME-OPP,pair2,Q,-0.02375507354736328,-0.025661468505859375,632,632
gpt-j-6b-fp32,hihp_imp_desc,0.15,67,67,SAME-OPP,pair3,P,-0.007731437683105469,-0.0816802978515625,27059,27059
gpt-j-6b-fp32,hihp_imp_desc,0.15,67,67,SAME-OPP,pair3,Q,-0.03328132629394531,0.07452106475830078,632,632
gpt-j-6b-fp32,hihp_imp_desc,0.15,67,67,SAME-OPP,pair4,P,-0.03767204284667969,0.014819145202636719,27059,27059
gpt-j-6b-fp32,hihp_imp_desc,0.15,67,67,SAME-OPP,pair4,Q,-0.02657032012939453,0.13734149932861328,632,632
gpt-j-6b-fp32,hihp_imp_desc,0.15,67,67,SAME-OPP,pair5,P,0.041393280029296875,0.005698204040527344,27059,27059
gpt-j-6b-fp32,hihp_imp_desc,0.15,67,67,SAME-OPP,pair5,Q,0.01700878143310547,0.10753154754638672,632,632
gpt-j-6b-fp32,hihp_imp_desc,0.15,67,67,SAME-OPP,pair6,P,-0.11841487884521484,-0.016645431518554688,27059,27059
gpt-j-6b-fp32,hihp_imp_desc,0.15,67,67,SAME-OPP,pair6,Q,-0.07877540588378906,0.05659675598144531,632,632
gpt-j-6b-fp32,hihp_imp_desc,0.15,67,67,SAME-OPP,pair7,P,0.02445697784423828,0.08540725708007812,632,632
gpt-j-6b-fp32,hihp_imp_desc,0.15,67,67,SAME-OPP,pair7,Q,-0.06292152404785156,0.0032758712768554688,632,632
gpt-j-6b-fp32,hihp_imp_desc,0.15,67,67,SAME-OPP,pair8,P,0.030475616455078125,-0.027692794799804688,581,581
gpt-j-6b-fp32,hihp_imp_desc,0.15,67,67,SAME-OPP,pair8,Q,-0.012310028076171875,0.13965129852294922,581,1874
gpt-j-6b-fp32,hihp_imp_desc,0.15,67,67,SAME-OPP,pair9,P,0.022443771362304688,0.040325164794921875,27059,27059
gpt-j-6b-fp32,hihp_imp_desc,0.15,67,67,SAME-OPP,pair9,Q,0.007813453674316406,0.013205528259277344,1928,23663
gpt-j-6b-fp32,hihp_imp_desc,0.15,67,67,SAME-MORE,pair0,P,-0.04696464538574219,0.6517438888549805,632,39733
gpt-j-6b-fp32,hihp_imp_desc,0.15,67,67,SAME-MORE,pair0,Q,-0.48175048828125,0.43215370178222656,39733,39733
gpt-j-6b-fp32,hihp_imp_desc,0.15,67,67,SAME-MORE,pair1,P,-0.20333385467529297,0.15035343170166016,27059,27059
gpt-j-6b-fp32,hihp_imp_desc,0.15,67,67,SAME-MORE,pair1,Q,-0.6170549392700195,0.05941200256347656,19157,18605
gpt-j-6b-fp32,hihp_imp_desc,0.15,67,67,SAME-MORE,pair2,P,-0.4264993667602539,0.2868919372558594,632,347
gpt-j-6b-fp32,hihp_imp_desc,0.15,67,67,SAME-MORE,pair2,Q,-0.7799310684204102,0.4418344497680664,632,632
gpt-j-6b-fp32,hihp_imp_desc,0.15,67,67,SAME-MORE,pair3,P,-0.0012140274047851562,0.15448665618896484,27059,27059
gpt-j-6b-fp32,hihp_imp_desc,0.15,67,67,SAME-MORE,pair3,Q,-0.44683265686035156,0.0684957504272461,632,5930
gpt-j-6b-fp32,hihp_imp_desc,0.15,67,67,SAME-MORE,pair4,P,0.13158321380615234,0.2001209259033203,27059,27059
gpt-j-6b-fp32,hihp_imp_desc,0.15,67,67,SAME-MORE,pair4,Q,-0.6891260147094727,0.48562049865722656,632,10797
gpt-j-6b-fp32,hihp_imp_desc,0.15,67,67,SAME-MORE,pair5,P,-0.06937885284423828,0.02713489532470703,27059,27059
gpt-j-6b-fp32,hihp_imp_desc,0.15,67,67,SAME-MORE,pair5,Q,-0.4712963104248047,0.14667987823486328,632,1426
gpt-j-6b-fp32,hihp_imp_desc,0.15,67,67,SAME-MORE,pair6,P,-0.06466388702392578,0.14558982849121094,27059,27059
gpt-j-6b-fp32,hihp_imp_desc,0.15,67,67,SAME-MORE,pair6,Q,-0.45351696014404297,0.043725013732910156,632,13727
gpt-j-6b-fp32,hihp_imp_desc,0.15,67,67,SAME-MORE,pair7,P,-0.06059551239013672,-0.00777435302734375,632,27059
gpt-j-6b-fp32,hihp_imp_desc,0.15,67,67,SAME-MORE,pair7,Q,-0.4078407287597656,0.03468036651611328,632,632
gpt-j-6b-fp32,hihp_imp_desc,0.15,67,67,SAME-MORE,pair8,P,-0.030973434448242188,0.07821464538574219,581,581
gpt-j-6b-fp32,hihp_imp_desc,0.15,67,67,SAME-MORE,pair8,Q,-0.4331636428833008,0.137237548828125,581,581
gpt-j-6b-fp32,hihp_imp_desc,0.15,67,67,SAME-MORE,pair9,P,-0.09002208709716797,-0.18277359008789062,27059,27059
gpt-j-6b-fp32,hihp_imp_desc,0.15,67,67,SAME-MORE,pair9,Q,-0.37709522247314453,0.03318309783935547,1928,1928
gpt-j-6b-fp32,hihp_imp_desc,0.15,67,67,SAME-LESS,pair0,P,-0.18771839141845703,-0.1011343002319336,632,39733
gpt-j-6b-fp32,hihp_imp_desc,0.15,67,67,SAME-LESS,pair0,Q,-0.5821361541748047,-0.08301162719726562,39733,39733
gpt-j-6b-fp32,hihp_imp_desc,0.15,67,67,SAME-LESS,pair1,P,-0.28815650939941406,0.22710800170898438,27059,27059
gpt-j-6b-fp32,hihp_imp_desc,0.15,67,67,SAME-LESS,pair1,Q,-0.6491737365722656,0.26426029205322266,19157,18605
gpt-j-6b-fp32,hihp_imp_desc,0.15,67,67,SAME-LESS,pair2,P,-0.537602424621582,-0.28360986709594727,632,347
gpt-j-6b-fp32,hihp_imp_desc,0.15,67,67,SAME-LESS,pair2,Q,-0.8485908508300781,-0.1075887680053711,632,632
gpt-j-6b-fp32,hihp_imp_desc,0.15,67,67,SAME-LESS,pair3,P,-0.1173248291015625,-0.42694568634033203,27059,5930
gpt-j-6b-fp32,hihp_imp_desc,0.15,67,67,SAME-LESS,pair3,Q,-0.5174932479858398,-0.20247459411621094,632,5930
gpt-j-6b-fp32,hihp_imp_desc,0.15,67,67,SAME-LESS,pair4,P,0.0013246536254882812,-0.01755809783935547,27059,27059
gpt-j-6b-fp32,hihp_imp_desc,0.15,67,67,SAME-LESS,pair4,Q,-0.7447490692138672,0.301055908203125,632,10797
gpt-j-6b-fp32,hihp_imp_desc,0.15,67,67,SAME-LESS,pair5,P,-0.17339611053466797,-0.18358993530273438,27059,27059
gpt-j-6b-fp32,hihp_imp_desc,0.15,67,67,SAME-LESS,pair5,Q,-0.518610954284668,-0.004118919372558594,632,1426
gpt-j-6b-fp32,hihp_imp_desc,0.15,67,67,SAME-LESS,pair6,P,-0.17601966857910156,-0.5483837127685547,27059,27059
gpt-j-6b-fp32,hihp_imp_desc,0.15,67,67,SAME-LESS,pair6,Q,-0.523859977722168,-0.0903310775756836,632,13727
gpt-j-6b-fp32,hihp_imp_desc,0.15,67,67,SAME-LESS,pair7,P,-0.3056526184082031,-0.20269393920898438,632,27059
gpt-j-6b-fp32,hihp_imp_desc,0.15,67,67,SAME-LESS,pair7,Q,-0.611724853515625,-0.06772518157958984,632,632
gpt-j-6b-fp32,hihp_imp_desc,0.15,67,67,SAME-LESS,pair8,P,-0.042705535888671875,-0.7525806427001953,581,581
gpt-j-6b-fp32,hihp_imp_desc,0.15,67,67,SAME-LESS,pair8,Q,-0.49538326263427734,-0.3103914260864258,581,581
gpt-j-6b-fp32,hihp_imp_desc,0.15,67,67,SAME-LESS,pair9,P,-0.19045352935791016,-0.6834564208984375,27059,27059
gpt-j-6b-fp32,hihp_imp_desc,0.15,67,67,SAME-LESS,pair9,Q,-0.46990203857421875,-0.8090476989746094,1928,1928
gpt-j-6b-fp32,hihp_imp_desc,0.15,67,67,OPP-MORE,pair0,P,0.15865421295166016,0.8961114883422852,632,39733
gpt-j-6b-fp32,hihp_imp_desc,0.15,67,67,OPP-MORE,pair0,Q,-0.327392578125,0.622584342956543,39733,39733
gpt-j-6b-fp32,hihp_imp_desc,0.15,67,67,OPP-MORE,pair1,P,-0.08786582946777344,0.38358497619628906,27059,27059
gpt-j-6b-fp32,hihp_imp_desc,0.15,67,67,OPP-MORE,pair1,Q,-0.5795202255249023,0.2687644958496094,19157,18605
gpt-j-6b-fp32,hihp_imp_desc,0.15,67,67,OPP-MORE,pair2,P,-0.1940898895263672,0.6734657287597656,27059,27059
gpt-j-6b-fp32,hihp_imp_desc,0.15,67,67,OPP-MORE,pair2,Q,-0.5027685165405273,0.615361213684082,632,632
gpt-j-6b-fp32,hihp_imp_desc,0.15,67,67,OPP-MORE,pair3,P,-0.06980609893798828,0.40900421142578125,27059,27059
gpt-j-6b-fp32,hihp_imp_desc,0.15,67,67,OPP-MORE,pair3,Q,-0.30223560333251953,0.22954750061035156,5930,5930
gpt-j-6b-fp32,hihp_imp_desc,0.15,67,67,OPP-MORE,pair4,P,0.0013036727905273438,0.3410968780517578,27059,27059
gpt-j-6b-fp32,hihp_imp_desc,0.15,67,67,OPP-MORE,pair4,Q,-0.40670204162597656,0.5729532241821289,632,10797
gpt-j-6b-fp32,hihp_imp_desc,0.15,67,67,OPP-MORE,pair5,P,0.048572540283203125,0.4095115661621094,27059,27059
gpt-j-6b-fp32,hihp_imp_desc,0.15,67,67,OPP-MORE,pair5,Q,-0.32407093048095703,0.36615562438964844,632,1426
gpt-j-6b-fp32,hihp_imp_desc,0.15,67,67,OPP-MORE,pair6,P,-0.025356292724609375,0.46967029571533203,27059,27059
gpt-j-6b-fp32,hihp_imp_desc,0.15,67,67,OPP-MORE,pair6,Q,-0.4542684555053711,0.2883176803588867,632,13727
gpt-j-6b-fp32,hihp_imp_desc,0.15,67,67,OPP-MORE,pair7,P,-0.18959522247314453,0.21077919006347656,632,27059
gpt-j-6b-fp32,hihp_imp_desc,0.15,67,67,OPP-MORE,pair7,Q,-0.16744422912597656,0.2353515625,632,632
gpt-j-6b-fp32,hihp_imp_desc,0.15,67,67,OPP-MORE,pair8,P,0.18314743041992188,0.32068920135498047,1874,581
gpt-j-6b-fp32,hihp_imp_desc,0.15,67,67,OPP-MORE,pair8,Q,-0.3808097839355469,0.35165977478027344,1874,581
gpt-j-6b-fp32,hihp_imp_desc,0.15,67,67,OPP-MORE,pair9,P,-0.12862586975097656,0.19137859344482422,27059,27059
gpt-j-6b-fp32,hihp_imp_desc,0.15,67,67,OPP-MORE,pair9,Q,-0.152252197265625,0.20771408081054688,23663,1928
gpt-j-6b-fp32,hihp_imp_desc,0.15,67,67,OPP-LESS,pair0,P,0.13894939422607422,0.06465911865234375,632,39733
gpt-j-6b-fp32,hihp_imp_desc,0.15,67,67,OPP-LESS,pair0,Q,-0.32717418670654297,-0.038372039794921875,39733,39733
gpt-j-6b-fp32,hihp_imp_desc,0.15,67,67,OPP-LESS,pair1,P,-0.06150341033935547,0.45643043518066406,27059,27059
gpt-j-6b-fp32,hihp_imp_desc,0.15,67,67,OPP-LESS,pair1,Q,-0.5256233215332031,0.350555419921875,19157,18605
gpt-j-6b-fp32,hihp_imp_desc,0.15,67,67,OPP-LESS,pair2,P,-0.19049549102783203,-0.019739627838134766,27059,27059
gpt-j-6b-fp32,hihp_imp_desc,0.15,67,67,OPP-LESS,pair2,Q,-0.5064239501953125,-0.0027036666870117188,632,632
gpt-j-6b-fp32,hihp_imp_desc,0.15,67,67,OPP-LESS,pair3,P,-0.047606468200683594,-0.03648662567138672,27059,5930
gpt-j-6b-fp32,hihp_imp_desc,0.15,67,67,OPP-LESS,pair3,Q,-0.2985563278198242,-0.029661178588867188,5930,5930
gpt-j-6b-fp32,hihp_imp_desc,0.15,67,67,OPP-LESS,pair4,P,0.03467273712158203,0.19951152801513672,27059,27059
gpt-j-6b-fp32,hihp_imp_desc,0.15,67,67,OPP-LESS,pair4,Q,-0.4344635009765625,0.2727499008178711,632,10797
gpt-j-6b-fp32,hihp_imp_desc,0.15,67,67,OPP-LESS,pair5,P,0.0681772232055664,0.32021045684814453,27059,27059
gpt-j-6b-fp32,hihp_imp_desc,0.15,67,67,OPP-LESS,pair5,Q,-0.29063892364501953,0.305450439453125,632,1426
gpt-j-6b-fp32,hihp_imp_desc,0.15,67,67,OPP-LESS,pair6,P,-0.0028638839721679688,-0.3757781982421875,27059,27059
gpt-j-6b-fp32,hihp_imp_desc,0.15,67,67,OPP-LESS,pair6,Q,-0.44043827056884766,-0.08585834503173828,632,13727
gpt-j-6b-fp32,hihp_imp_desc,0.15,67,67,OPP-LESS,pair7,P,-0.20738601684570312,-0.21297645568847656,632,27059
gpt-j-6b-fp32,hihp_imp_desc,0.15,67,67,OPP-LESS,pair7,Q,-0.2368764877319336,-0.22342777252197266,632,632
gpt-j-6b-fp32,hihp_imp_desc,0.15,67,67,OPP-LESS,pair8,P,0.1815471649169922,-0.5335521697998047,1874,581
gpt-j-6b-fp32,hihp_imp_desc,0.15,67,67,OPP-LESS,pair8,Q,-0.39917755126953125,-0.16020679473876953,1874,581
gpt-j-6b-fp32,hihp_imp_desc,0.15,67,67,OPP-LESS,pair9,P,-0.13144588470458984,-0.5475893020629883,27059,27059
gpt-j-6b-fp32,hihp_imp_desc,0.15,67,67,OPP-LESS,pair9,Q,-0.18167877197265625,-0.6878089904785156,23663,23663
gpt-j-6b-fp32,hihp_imp_desc,0.15,67,67,MORE-LESS,pair0,P,-0.018642425537109375,-0.02939605712890625,10255,10255
gpt-j-6b-fp32,hihp_imp_desc,0.15,67,67,MORE-LESS,pair0,Q,-0.002178192138671875,-0.02373981475830078,10255,10255
gpt-j-6b-fp32,hihp_imp_desc,0.15,67,67,MORE-LESS,pair1,P,0.05682182312011719,0.02827167510986328,18605,18605
gpt-j-6b-fp32,hihp_imp_desc,0.15,67,67,MORE-LESS,pair1,Q,0.08636951446533203,0.07964134216308594,18605,18605
gpt-j-6b-fp32,hihp_imp_desc,0.15,67,67,MORE-LESS,pair2,P,-0.13504314422607422,-0.08848762512207031,8038,8038
gpt-j-6b-fp32,hihp_imp_desc,0.15,67,67,MORE-LESS,pair2,Q,-0.1282329559326172,-0.033661842346191406,8038,8038
gpt-j-6b-fp32,hihp_imp_desc,0.15,67,67,MORE-LESS,pair3,P,0.05420875549316406,-0.04423999786376953,1234,1234
gpt-j-6b-fp32,hihp_imp_desc,0.15,67,67,MORE-LESS,pair3,Q,0.02353191375732422,-0.04951667785644531,1234,5930
gpt-j-6b-fp32,hihp_imp_desc,0.15,67,67,MORE-LESS,pair4,P,-0.05879974365234375,0.0017604827880859375,23448,23448
gpt-j-6b-fp32,hihp_imp_desc,0.15,67,67,MORE-LESS,pair4,Q,-0.02249908447265625,0.03140735626220703,23448,23448
gpt-j-6b-fp32,hihp_imp_desc,0.15,67,67,MORE-LESS,pair5,P,0.028797149658203125,0.037728309631347656,969,969
gpt-j-6b-fp32,hihp_imp_desc,0.15,67,67,MORE-LESS,pair5,Q,0.044259071350097656,0.049744606018066406,1426,1426
gpt-j-6b-fp32,hihp_imp_desc,0.15,67,67,MORE-LESS,pair6,P,-0.08985328674316406,-0.0004749298095703125,6514,6514
gpt-j-6b-fp32,hihp_imp_desc,0.15,67,67,MORE-LESS,pair6,Q,-0.07184600830078125,0.001605987548828125,6514,6514
gpt-j-6b-fp32,hihp_imp_desc,0.15,67,67,MORE-LESS,pair7,P,0.034130096435546875,-0.07201671600341797,22111,22111
gpt-j-6b-fp32,hihp_imp_desc,0.15,67,67,MORE-LESS,pair7,Q,0.06911468505859375,-0.0856313705444336,22111,22111
gpt-j-6b-fp32,hihp_imp_desc,0.15,67,67,MORE-LESS,pair8,P,-0.026223182678222656,-0.09117603302001953,969,969
gpt-j-6b-fp32,hihp_imp_desc,0.15,67,67,MORE-LESS,pair8,Q,-0.012414932250976562,-0.08954811096191406,969,969
gpt-j-6b-fp32,hihp_imp_desc,0.15,67,67,MORE-LESS,pair9,P,-0.043778419494628906,-0.03606986999511719,34439,34439
gpt-j-6b-fp32,hihp_imp_desc,0.15,67,67,MORE-LESS,pair9,Q,-0.04485321044921875,-0.02222156524658203,34439,34439
gpt-j-6b-fp32,hihp_imp_desc,0.2,89,89,SAME-OPP,pair0,P,-0.12528324127197266,0.0019655227661132812,632,632
gpt-j-6b-fp32,hihp_imp_desc,0.2,89,89,SAME-OPP,pair0,Q,0.0016813278198242188,0.2298879623413086,39733,39733
gpt-j-6b-fp32,hihp_imp_desc,0.2,89,89,SAME-OPP,pair1,P,-0.1574249267578125,-0.009778976440429688,27059,27059
gpt-j-6b-fp32,hihp_imp_desc,0.2,89,89,SAME-OPP,pair1,Q,0.01630878448486328,0.1832427978515625,19157,19157
gpt-j-6b-fp32,hihp_imp_desc,0.2,89,89,SAME-OPP,pair2,P,-0.06396484375,-0.07833290100097656,632,27059
gpt-j-6b-fp32,hihp_imp_desc,0.2,89,89,SAME-OPP,pair2,Q,0.06278038024902344,0.07179737091064453,632,632
gpt-j-6b-fp32,hihp_imp_desc,0.2,89,89,SAME-OPP,pair3,P,-0.03658866882324219,-0.1081695556640625,27059,27059
gpt-j-6b-fp32,hihp_imp_desc,0.2,89,89,SAME-OPP,pair3,Q,0.044945716857910156,0.1587982177734375,632,632
gpt-j-6b-fp32,hihp_imp_desc,0.2,89,89,SAME-OPP,pair4,P,-0.05221843719482422,0.0240020751953125,27059,27059
gpt-j-6b-fp32,hihp_imp_desc,0.2,89,89,SAME-OPP,pair4,Q,0.03720283508300781,0.2289876937866211,632,632
gpt-j-6b-fp32,hihp_imp_desc,0.2,89,89,SAME-OPP,pair5,P,0.00290679931640625,-0.01602935791015625,27059,27059
gpt-j-6b-fp32,hihp_imp_desc,0.2,89,89,SAME-OPP,pair5,Q,0.06115150451660156,0.16869831085205078,632,632
gpt-j-6b-fp32,hihp_imp_desc,0.2,89,89,SAME-OPP,pair6,P,-0.13903331756591797,-0.02334117889404297,27059,27059
gpt-j-6b-fp32,hihp_imp_desc,0.2,89,89,SAME-OPP,pair6,Q,-0.00365447998046875,0.134918212890625,632,632
gpt-j-6b-fp32,hihp_imp_desc,0.2,89,89,SAME-OPP,pair7,P,0.010297775268554688,0.11017894744873047,632,632
gpt-j-6b-fp32,hihp_imp_desc,0.2,89,89,SAME-OPP,pair7,Q,-0.03630542755126953,0.06479454040527344,632,632
gpt-j-6b-fp32,hihp_imp_desc,0.2,89,89,SAME-OPP,pair8,P,0.016221046447753906,-0.04447746276855469,581,581
gpt-j-6b-fp32,hihp_imp_desc,0.2,89,89,SAME-OPP,pair8,Q,0.053681373596191406,0.22984600067138672,581,1874
gpt-j-6b-fp32,hihp_imp_desc,0.2,89,89,SAME-OPP,pair9,P,-0.0216064453125,0.030196189880371094,27059,27059
gpt-j-6b-fp32,hihp_imp_desc,0.2,89,89,SAME-OPP,pair9,Q,0.04456329345703125,0.04912853240966797,1928,23663
gpt-j-6b-fp32,hihp_imp_desc,0.2,89,89,SAME-MORE,pair0,P,-1.163426399230957,0.9833145141601562,632,39733
gpt-j-6b-fp32,hihp_imp_desc,0.2,89,89,SAME-MORE,pair0,Q,-1.9865331649780273,0.6338710784912109,39733,39733
gpt-j-6b-fp32,hihp_imp_desc,0.2,89,89,SAME-MORE,pair1,P,-0.8729228973388672,0.8858861923217773,27059,18605
gpt-j-6b-fp32,hihp_imp_desc,0.2,89,89,SAME-MORE,pair1,Q,-2.097231864929199,0.6951665878295898,19157,18605
gpt-j-6b-fp32,hihp_imp_desc,0.2,89,89,SAME-MORE,pair2,P,-1.8496313095092773,1.8719196319580078,632,314
gpt-j-6b-fp32,hihp_imp_desc,0.2,89,89,SAME-MORE,pair2,Q,-2.32772159576416,0.6443710327148438,632,4057
gpt-j-6b-fp32,hihp_imp_desc,0.2,89,89,SAME-MORE,pair3,P,-0.972651481628418,0.7773332595825195,27059,5930
gpt-j-6b-fp32,hihp_imp_desc,0.2,89,89,SAME-MORE,pair3,Q,-1.8523731231689453,0.4596872329711914,632,5930
gpt-j-6b-fp32,hihp_imp_desc,0.2,89,89,SAME-MORE,pair4,P,-0.8022937774658203,1.459848403930664,27059,11572
gpt-j-6b-fp32,hihp_imp_desc,0.2,89,89,SAME-MORE,pair4,Q,-2.2206106185913086,1.2916078567504883,632,10797
gpt-j-6b-fp32,hihp_imp_desc,0.2,89,89,SAME-MORE,pair5,P,-1.203598976135254,1.0944881439208984,27059,1426
gpt-j-6b-fp32,hihp_imp_desc,0.2,89,89,SAME-MORE,pair5,Q,-2.094083786010742,0.8878660202026367,632,1426
gpt-j-6b-fp32,hihp_imp_desc,0.2,89,89,SAME-MORE,pair6,P,-0.946171760559082,0.5038528442382812,27059,13727
gpt-j-6b-fp32,hihp_imp_desc,0.2,89,89,SAME-MORE,pair6,Q,-1.9206628799438477,0.43392181396484375,632,13727
gpt-j-6b-fp32,hihp_imp_desc,0.2,89,89,SAME-MORE,pair7,P,-1.1989326477050781,0.577488899230957,632,314
gpt-j-6b-fp32,hihp_imp_desc,0.2,89,89,SAME-MORE,pair7,Q,-1.7982673645019531,0.5389070510864258,632,632
gpt-j-6b-fp32,hihp_imp_desc,0.2,89,89,SAME-MORE,pair8,P,-0.9856090545654297,0.5296726226806641,581,581
gpt-j-6b-fp32,hihp_imp_desc,0.2,89,89,SAME-MORE,pair8,Q,-1.7637739181518555,0.09419631958007812,581,581
gpt-j-6b-fp32,hihp_imp_desc,0.2,89,89,SAME-MORE,pair9,P,-1.246016502380371,0.3986625671386719,27059,1928
gpt-j-6b-fp32,hihp_imp_desc,0.2,89,89,SAME-MORE,pair9,Q,-1.9365615844726562,0.3778076171875,1928,1928
gpt-j-6b-fp32,hihp_imp_desc,0.2,89,89,SAME-LESS,pair0,P,-1.193465232849121,1.5612764358520508,632,39733
gpt-j-6b-fp32,hihp_imp_desc,0.2,89,89,SAME-LESS,pair0,Q,-2.06331729888916,1.154632568359375,39733,39733
gpt-j-6b-fp32,hihp_imp_desc,0.2,89,89,SAME-LESS,pair1,P,-0.9296350479125977,1.3184175491333008,27059,18605
gpt-j-6b-fp32,hihp_imp_desc,0.2,89,89,SAME-LESS,pair1,Q,-2.1278505325317383,1.1066064834594727,19157,18605
gpt-j-6b-fp32,hihp_imp_desc,0.2,89,89,SAME-LESS,pair2,P,-1.8598337173461914,2.132756233215332,632,5747
gpt-j-6b-fp32,hihp_imp_desc,0.2,89,89,SAME-LESS,pair2,Q,-2.3432960510253906,1.6457891464233398,632,632
gpt-j-6b-fp32,hihp_imp_desc,0.2,89,89,SAME-LESS,pair3,P,-1.0710344314575195,1.051957130432129,27059,5930
gpt-j-6b-fp32,hihp_imp_desc,0.2,89,89,SAME-LESS,pair3,Q,-1.8865337371826172,0.6446466445922852,632,5930
gpt-j-6b-fp32,hihp_imp_desc,0.2,89,89,SAME-LESS,pair4,P,-0.9146871566772461,1.4145622253417969,27059,27059
gpt-j-6b-fp32,hihp_imp_desc,0.2,89,89,SAME-LESS,pair4,Q,-2.231161117553711,1.4459648132324219,632,10797
gpt-j-6b-fp32,hihp_imp_desc,0.2,89,89,SAME-LESS,pair5,P,-1.286123275756836,1.681960105895996,27059,1426
gpt-j-6b-fp32,hihp_imp_desc,0.2,89,89,SAME-LESS,pair5,Q,-2.1226606369018555,1.4235496520996094,632,1426
gpt-j-6b-fp32,hihp_imp_desc,0.2,89,89,SAME-LESS,pair6,P,-1.0579452514648438,1.170022964477539,27059,13727
gpt-j-6b-fp32,hihp_imp_desc,0.2,89,89,SAME-LESS,pair6,Q,-1.9731426239013672,1.4100093841552734,632,13727
gpt-j-6b-fp32,hihp_imp_desc,0.2,89,89,SAME-LESS,pair7,P,-1.3769454956054688,0.8436393737792969,632,314
gpt-j-6b-fp32,hihp_imp_desc,0.2,89,89,SAME-LESS,pair7,Q,-1.9699811935424805,0.6339836120605469,632,632
gpt-j-6b-fp32,hihp_imp_desc,0.2,89,89,SAME-LESS,pair8,P,-0.9754257202148438,0.7535371780395508,581,581
gpt-j-6b-fp32,hihp_imp_desc,0.2,89,89,SAME-LESS,pair8,Q,-1.8304920196533203,0.4498739242553711,581,581
gpt-j-6b-fp32,hihp_imp_desc,0.2,89,89,SAME-LESS,pair9,P,-1.3361587524414062,0.7272739410400391,27059,1928
gpt-j-6b-fp32,hihp_imp_desc,0.2,89,89,SAME-LESS,pair9,Q,-1.974203109741211,-0.14500045776367188,1928,1928
gpt-j-6b-fp32,hihp_imp_desc,0.2,89,89,OPP-MORE,pair0,P,-1.6983261108398438,1.3589057922363281,632,39733
gpt-j-6b-fp32,hihp_imp_desc,0.2,89,89,OPP-MORE,pair0,Q,-1.6805763244628906,0.8882055282592773,39733,39733
gpt-j-6b-fp32,hihp_imp_desc,0.2,89,89,OPP-MORE,pair1,P,-1.8999738693237305,1.0823898315429688,27059,18605
gpt-j-6b-fp32,hihp_imp_desc,0.2,89,89,OPP-MORE,pair1,Q,-1.9466514587402344,0.8743724822998047,19157,18605
gpt-j-6b-fp32,hihp_imp_desc,0.2,89,89,OPP-MORE,pair2,P,-2.7328901290893555,2.3821964263916016,27059,376
gpt-j-6b-fp32,hihp_imp_desc,0.2,89,89,OPP-MORE,pair2,Q,-1.4827423095703125,0.9409427642822266,632,376
gpt-j-6b-fp32,hihp_imp_desc,0.2,89,89,OPP-MORE,pair3,P,-1.4107770919799805,1.0367965698242188,27059,5930
gpt-j-6b-fp32,hihp_imp_desc,0.2,89,89,OPP-MORE,pair3,Q,-1.2168998718261719,0.6096048355102539,5930,5930
gpt-j-6b-fp32,hihp_imp_desc,0.2,89,89,OPP-MORE,pair4,P,-2.413759708404541,1.6283349990844727,27059,23448
gpt-j-6b-fp32,hihp_imp_desc,0.2,89,89,OPP-MORE,pair4,Q,-1.5153799057006836,1.4437189102172852,632,10797
gpt-j-6b-fp32,hihp_imp_desc,0.2,89,89,OPP-MORE,pair5,P,-1.3317880630493164,1.442225456237793,27059,1426
gpt-j-6b-fp32,hihp_imp_desc,0.2,89,89,OPP-MORE,pair5,Q,-1.7524633407592773,1.0827322006225586,632,1426
gpt-j-6b-fp32,hihp_imp_desc,0.2,89,89,OPP-MORE,pair6,P,-1.8835058212280273,0.7617607116699219,27059,13727
gpt-j-6b-fp32,hihp_imp_desc,0.2,89,89,OPP-MORE,pair6,Q,-1.7148189544677734,0.5828828811645508,632,13727
gpt-j-6b-fp32,hihp_imp_desc,0.2,89,89,OPP-MORE,pair7,P,-2.655959129333496,0.8248405456542969,632,314
gpt-j-6b-fp32,hihp_imp_desc,0.2,89,89,OPP-MORE,pair7,Q,-1.2175531387329102,0.7739095687866211,632,632
gpt-j-6b-fp32,hihp_imp_desc,0.2,89,89,OPP-MORE,pair8,P,-1.0752906799316406,0.8264322280883789,1874,581
gpt-j-6b-fp32,hihp_imp_desc,0.2,89,89,OPP-MORE,pair8,Q,-1.5305452346801758,0.2815284729003906,1874,581
gpt-j-6b-fp32,hihp_imp_desc,0.2,89,89,OPP-MORE,pair9,P,-2.822755813598633,0.8939886093139648,27059,1928
gpt-j-6b-fp32,hihp_imp_desc,0.2,89,89,OPP-MORE,pair9,Q,-1.2429285049438477,0.7253704071044922,23663,1928
gpt-j-6b-fp32,hihp_imp_desc,0.2,89,89,OPP-LESS,pair0,P,-1.554391860961914,1.4192276000976562,632,39733
gpt-j-6b-fp32,hihp_imp_desc,0.2,89,89,OPP-LESS,pair0,Q,-1.6324968338012695,0.7654361724853516,39733,39733
gpt-j-6b-fp32,hihp_imp_desc,0.2,89,89,OPP-LESS,pair1,P,-1.7115144729614258,1.3981504440307617,27059,18605
gpt-j-6b-fp32,hihp_imp_desc,0.2,89,89,OPP-LESS,pair1,Q,-1.9036293029785156,1.0809574127197266,19157,18605
gpt-j-6b-fp32,hihp_imp_desc,0.2,89,89,OPP-LESS,pair2,P,-2.611905574798584,2.583209991455078,27059,376
gpt-j-6b-fp32,hihp_imp_desc,0.2,89,89,OPP-LESS,pair2,Q,-1.4190082550048828,1.8851604461669922,632,376
gpt-j-6b-fp32,hihp_imp_desc,0.2,89,89,OPP-LESS,pair3,P,-1.2532768249511719,1.2557706832885742,27059,5930
gpt-j-6b-fp32,hihp_imp_desc,0.2,89,89,OPP-LESS,pair3,Q,-1.1483745574951172,0.7078151702880859,5930,5930
gpt-j-6b-fp32,hihp_imp_desc,0.2,89,89,OPP-LESS,pair4,P,-2.2662525177001953,1.5575008392333984,27059,23448
gpt-j-6b-fp32,hihp_imp_desc,0.2,89,89,OPP-LESS,pair4,Q,-1.4930486679077148,1.3167610168457031,632,10797
gpt-j-6b-fp32,hihp_imp_desc,0.2,89,89,OPP-LESS,pair5,P,-1.099360466003418,2.053999900817871,27059,1426
gpt-j-6b-fp32,hihp_imp_desc,0.2,89,89,OPP-LESS,pair5,Q,-1.6552925109863281,1.8241310119628906,632,1426
gpt-j-6b-fp32,hihp_imp_desc,0.2,89,89,OPP-LESS,pair6,P,-1.6744155883789062,1.019918441772461,27059,13727
gpt-j-6b-fp32,hihp_imp_desc,0.2,89,89,OPP-LESS,pair6,Q,-1.672597885131836,1.0249395370483398,632,13727
gpt-j-6b-fp32,hihp_imp_desc,0.2,89,89,OPP-LESS,pair7,P,-2.598323345184326,0.7469606399536133,632,314
gpt-j-6b-fp32,hihp_imp_desc,0.2,89,89,OPP-LESS,pair7,Q,-1.2273578643798828,0.4033956527709961,632,632
gpt-j-6b-fp32,hihp_imp_desc,0.2,89,89,OPP-LESS,pair8,P,-1.020695686340332,1.2393503189086914,1874,581
gpt-j-6b-fp32,hihp_imp_desc,0.2,89,89,OPP-LESS,pair8,Q,-1.5036754608154297,0.7038631439208984,1874,581
gpt-j-6b-fp32,hihp_imp_desc,0.2,89,89,OPP-LESS,pair9,P,-2.680612087249756,0.7723321914672852,27059,23663
gpt-j-6b-fp32,hihp_imp_desc,0.2,89,89,OPP-LESS,pair9,Q,-1.2076187133789062,-0.04183673858642578,23663,1928
gpt-j-6b-fp32,hihp_imp_desc,0.2,89,89,MORE-LESS,pair0,P,-0.043182373046875,0.0022592544555664062,10255,10255
gpt-j-6b-fp32,hihp_imp_desc,0.2,89,89,MORE-LESS,pair0,Q,-0.045845985412597656,-0.011675834655761719,10255,10255
gpt-j-6b-fp32,hihp_imp_desc,0.2,89,89,MORE-LESS,pair1,P,0.027665138244628906,-0.0052490234375,18605,18605
gpt-j-6b-fp32,hihp_imp_desc,0.2,89,89,MORE-LESS,pair1,Q,0.044681549072265625,0.044058799743652344,18605,18605
gpt-j-6b-fp32,hihp_imp_desc,0.2,89,89,MORE-LESS,pair2,P,-0.22077560424804688,-0.08719635009765625,8038,8038
gpt-j-6b-fp32,hihp_imp_desc,0.2,89,89,MORE-LESS,pair2,Q,-0.20768165588378906,-0.04774665832519531,8038,8038
gpt-j-6b-fp32,hihp_imp_desc,0.2,89,89,MORE-LESS,pair3,P,-0.037395477294921875,-0.07110881805419922,1234,5930
gpt-j-6b-fp32,hihp_imp_desc,0.2,89,89,MORE-LESS,pair3,Q,-0.0683441162109375,-0.09248542785644531,1234,5930
gpt-j-6b-fp32,hihp_imp_desc,0.2,89,89,MORE-LESS,pair4,P,-0.1608753204345703,-0.08517265319824219,23448,23448
gpt-j-6b-fp32,hihp_imp_desc,0.2,89,89,MORE-LESS,pair4,Q,-0.1148519515991211,-0.04181671142578125,23448,23448
gpt-j-6b-fp32,hihp_imp_desc,0.2,89,89,MORE-LESS,pair5,P,-0.04005718231201172,0.017691612243652344,969,969
gpt-j-6b-fp32,hihp_imp_desc,0.2,89,89,MORE-LESS,pair5,Q,0.010304450988769531,-0.0015468597412109375,1426,1426
gpt-j-6b-fp32,hihp_imp_desc,0.2,89,89,MORE-LESS,pair6,P,-0.1107931137084961,-0.01984882354736328,6514,6514
gpt-j-6b-fp32,hihp_imp_desc,0.2,89,89,MORE-LESS,pair6,Q,-0.07798004150390625,-0.02466106414794922,6514,6514
gpt-j-6b-fp32,hihp_imp_desc,0.2,89,89,MORE-LESS,pair7,P,-0.05645179748535156,-0.028115272521972656,22111,22111
gpt-j-6b-fp32,hihp_imp_desc,0.2,89,89,MORE-LESS,pair7,Q,-0.006047248840332031,-0.06940937042236328,22111,22111
gpt-j-6b-fp32,hihp_imp_desc,0.2,89,89,MORE-LESS,pair8,P,-0.06630611419677734,-0.09685897827148438,969,969
gpt-j-6b-fp32,hihp_imp_desc,0.2,89,89,MORE-LESS,pair8,Q,-0.060638427734375,-0.12798309326171875,969,969
gpt-j-6b-fp32,hihp_imp_desc,0.2,89,89,MORE-LESS,pair9,P,-0.11732959747314453,-0.04805469512939453,34439,34439
gpt-j-6b-fp32,hihp_imp_desc,0.2,89,89,MORE-LESS,pair9,Q,-0.09634971618652344,-0.03659343719482422,34439,34439
gpt-j-6b-fp32,hihp_imp_desc,0.200893,90,90,SAME-OPP,pair0,P,-0.12353229522705078,0.003261566162109375,632,632
gpt-j-6b-fp32,hihp_imp_desc,0.200893,90,90,SAME-OPP,pair0,Q,0.0027875900268554688,0.23064136505126953,39733,39733
gpt-j-6b-fp32,hihp_imp_desc,0.200893,90,90,SAME-OPP,pair1,P,-0.15562057495117188,-0.008315086364746094,27059,27059
gpt-j-6b-fp32,hihp_imp_desc,0.200893,90,90,SAME-OPP,pair1,Q,0.01752948760986328,0.18412208557128906,19157,19157
gpt-j-6b-fp32,hihp_imp_desc,0.200893,90,90,SAME-OPP,pair2,P,-0.0630645751953125,-0.07712936401367188,632,27059
gpt-j-6b-fp32,hihp_imp_desc,0.200893,90,90,SAME-OPP,pair2,Q,0.06412506103515625,0.0727224349975586,632,632
gpt-j-6b-fp32,hihp_imp_desc,0.200893,90,90,SAME-OPP,pair3,P,-0.034637451171875,-0.10566139221191406,27059,27059
gpt-j-6b-fp32,hihp_imp_desc,0.200893,90,90,SAME-OPP,pair3,Q,0.046321868896484375,0.15889835357666016,632,632
gpt-j-6b-fp32,hihp_imp_desc,0.200893,90,90,SAME-OPP,pair4,P,-0.05214500427246094,0.024481773376464844,27059,27059
gpt-j-6b-fp32,hihp_imp_desc,0.200893,90,90,SAME-OPP,pair4,Q,0.03744029998779297,0.22881412506103516,632,632
gpt-j-6b-fp32,hihp_imp_desc,0.200893,90,90,SAME-OPP,pair5,P,0.00466156005859375,-0.014438629150390625,27059,27059
gpt-j-6b-fp32,hihp_imp_desc,0.200893,90,90,SAME-OPP,pair5,Q,0.06251907348632812,0.1685781478881836,632,632
gpt-j-6b-fp32,hihp_imp_desc,0.200893,90,90,SAME-OPP,pair6,P,-0.1379108428955078,-0.022016525268554688,27059,27059
gpt-j-6b-fp32,hihp_imp_desc,0.200893,90,90,SAME-OPP,pair6,Q,-0.0029497146606445312,0.13570785522460938,632,632
gpt-j-6b-fp32,hihp_imp_desc,0.200893,90,90,SAME-OPP,pair7,P,0.013182640075683594,0.11350154876708984,632,632
gpt-j-6b-fp32,hihp_imp_desc,0.200893,90,90,SAME-OPP,pair7,Q,-0.032319068908691406,0.0654764175415039,632,632
gpt-j-6b-fp32,hihp_imp_desc,0.200893,90,90,SAME-OPP,pair8,P,0.019100189208984375,-0.042693138122558594,581,581
gpt-j-6b-fp32,hihp_imp_desc,0.200893,90,90,SAME-OPP,pair8,Q,0.0545654296875,0.23062992095947266,581,1874
gpt-j-6b-fp32,hihp_imp_desc,0.200893,90,90,SAME-OPP,pair9,P,-0.02042102813720703,0.03174304962158203,27059,27059
gpt-j-6b-fp32,hihp_imp_desc,0.200893,90,90,SAME-OPP,pair9,Q,0.0450286865234375,0.049221038818359375,1928,23663
gpt-j-6b-fp32,hihp_imp_desc,0.200893,90,90,SAME-MORE,pair0,P,-1.1610774993896484,0.9902238845825195,632,39733
gpt-j-6b-fp32,hihp_imp_desc,0.200893,90,90,SAME-MORE,pair0,Q,-1.9801292419433594,0.644688606262207,39733,39733
gpt-j-6b-fp32,hihp_imp_desc,0.200893,90,90,SAME-MORE,pair1,P,-0.8459854125976562,0.8909378051757812,27059,18605
gpt-j-6b-fp32,hihp_imp_desc,0.200893,90,90,SAME-MORE,pair1,Q,-2.075526237487793,0.7026052474975586,19157,18605
gpt-j-6b-fp32,hihp_imp_desc,0.200893,90,90,SAME-MORE,pair2,P,-1.8421878814697266,1.8742847442626953,632,314
gpt-j-6b-fp32,hihp_imp_desc,0.200893,90,90,SAME-MORE,pair2,Q,-2.313857078552246,0.6515703201293945,632,4057
gpt-j-6b-fp32,hihp_imp_desc,0.200893,90,90,SAME-MORE,pair3,P,-0.9647016525268555,0.7818193435668945,27059,5930
gpt-j-6b-fp32,hihp_imp_desc,0.200893,90,90,SAME-MORE,pair3,Q,-1.8451223373413086,0.4673900604248047,632,5930
gpt-j-6b-fp32,hihp_imp_desc,0.200893,90,90,SAME-MORE,pair4,P,-0.7933063507080078,1.4588861465454102,27059,11572
gpt-j-6b-fp32,hihp_imp_desc,0.200893,90,90,SAME-MORE,pair4,Q,-2.210968017578125,1.2939939498901367,632,10797
gpt-j-6b-fp32,hihp_imp_desc,0.200893,90,90,SAME-MORE,pair5,P,-1.1975336074829102,1.1107730865478516,27059,1426
gpt-j-6b-fp32,hihp_imp_desc,0.200893,90,90,SAME-MORE,pair5,Q,-2.087124824523926,0.9074087142944336,632,1426
gpt-j-6b-fp32,hihp_imp_desc,0.200893,90,90,SAME-MORE,pair6,P,-0.9305009841918945,0.510066032409668,27059,13727
gpt-j-6b-fp32,hihp_imp_desc,0.200893,90,90,SAME-MORE,pair6,Q,-1.9050970077514648,0.44342803955078125,632,13727
gpt-j-6b-fp32,hihp_imp_desc,0.200893,90,90,SAME-MORE,pair7,P,-1.1767559051513672,0.576634407043457,632,314
gpt-j-6b-fp32,hihp_imp_desc,0.200893,90,90,SAME-MORE,pair7,Q,-1.7717866897583008,0.5455999374389648,632,632
gpt-j-6b-fp32,hihp_imp_desc,0.200893,90,90,SAME-MORE,pair8,P,-0.9706792831420898,0.5426158905029297,581,581
gpt-j-6b-fp32,hihp_imp_desc,0.200893,90,90,SAME-MORE,pair8,Q,-1.7505578994750977,0.11275196075439453,581,581
gpt-j-6b-fp32,hihp_imp_desc,0.200893,90,90,SAME-MORE,pair9,P,-1.2264623641967773,0.4057178497314453,27059,1928
gpt-j-6b-fp32,hihp_imp_desc,0.200893,90,90,SAME-MORE,pair9,Q,-1.9200286865234375,0.39202022552490234,1928,1928
gpt-j-6b-fp32,hihp_imp_desc,0.200893,90,90,SAME-LESS,pair0,P,-1.1924924850463867,1.5524225234985352,632,39733
gpt-j-6b-fp32,hihp_imp_desc,0.200893,90,90,SAME-LESS,pair0,Q,-2.0585451126098633,1.1586933135986328,39733,39733
gpt-j-6b-fp32,hihp_imp_desc,0.200893,90,90,SAME-LESS,pair1,P,-0.9048252105712891,1.3155460357666016,27059,18605
gpt-j-6b-fp32,hihp_imp_desc,0.200893,90,90,SAME-LESS,pair1,Q,-2.108088493347168,1.1105690002441406,19157,18605
gpt-j-6b-fp32,hihp_imp_desc,0.200893,90,90,SAME-LESS,pair2,P,-1.8538293838500977,2.143671989440918,632,5747
gpt-j-6b-fp32,hihp_imp_desc,0.200893,90,90,SAME-LESS,pair2,Q,-2.331399917602539,1.6584854125976562,632,632
gpt-j-6b-fp32,hihp_imp_desc,0.200893,90,90,SAME-LESS,pair3,P,-1.0647573471069336,1.051107406616211,27059,5930
gpt-j-6b-fp32,hihp_imp_desc,0.200893,90,90,SAME-LESS,pair3,Q,-1.8812789916992188,0.6485176086425781,632,5930
gpt-j-6b-fp32,hihp_imp_desc,0.200893,90,90,SAME-LESS,pair4,P,-0.9061450958251953,1.4124841690063477,27059,27059
gpt-j-6b-fp32,hihp_imp_desc,0.200893,90,90,SAME-LESS,pair4,Q,-2.223237991333008,1.4462966918945312,632,10797
gpt-j-6b-fp32,hihp_imp_desc,0.200893,90,90,SAME-LESS,pair5,P,-1.2814254760742188,1.6861934661865234,27059,1426
gpt-j-6b-fp32,hihp_imp_desc,0.200893,90,90,SAME-LESS,pair5,Q,-2.117854118347168,1.4372844696044922,632,1426
gpt-j-6b-fp32,hihp_imp_desc,0.200893,90,90,SAME-LESS,pair6,P,-1.0432939529418945,1.1659221649169922,27059,13727
gpt-j-6b-fp32,hihp_imp_desc,0.200893,90,90,SAME-LESS,pair6,Q,-1.9604377746582031,1.411031723022461,632,13727
gpt-j-6b-fp32,hihp_imp_desc,0.200893,90,90,SAME-LESS,pair7,P,-1.3593273162841797,0.8553028106689453,632,314
gpt-j-6b-fp32,hihp_imp_desc,0.200893,90,90,SAME-LESS,pair7,Q,-1.9480504989624023,0.6582298278808594,632,632
gpt-j-6b-fp32,hihp_imp_desc,0.200893,90,90,SAME-LESS,pair8,P,-0.9619979858398438,0.7562885284423828,581,581
gpt-j-6b-fp32,hihp_imp_desc,0.200893,90,90,SAME-LESS,pair8,Q,-1.8194046020507812,0.4700193405151367,581,581
gpt-j-6b-fp32,hihp_imp_desc,0.200893,90,90,SAME-LESS,pair9,P,-1.3198213577270508,0.7341728210449219,27059,1928
gpt-j-6b-fp32,hihp_imp_desc,0.200893,90,90,SAME-LESS,pair9,Q,-1.9602317810058594,-0.13544273376464844,1928,1928
gpt-j-6b-fp32,hihp_imp_desc,0.200893,90,90,OPP-MORE,pair0,P,-1.6712474822998047,1.366032600402832,632,39733
gpt-j-6b-fp32,hihp_imp_desc,0.200893,90,90,OPP-MORE,pair0,Q,-1.6673202514648438,0.8988113403320312,39733,39733
gpt-j-6b-fp32,hihp_imp_desc,0.200893,90,90,OPP-MORE,pair1,P,-1.860682487487793,1.0895881652832031,27059,18605
gpt-j-6b-fp32,hihp_imp_desc,0.200893,90,90,OPP-MORE,pair1,Q,-1.9241313934326172,0.8838605880737305,19157,18605
gpt-j-6b-fp32,hihp_imp_desc,0.200893,90,90,OPP-MORE,pair2,P,-2.71567964553833,2.3876380920410156,27059,376
gpt-j-6b-fp32,hihp_imp_desc,0.200893,90,90,OPP-MORE,pair2,Q,-1.4741888046264648,0.9491519927978516,632,376
gpt-j-6b-fp32,hihp_imp_desc,0.200893,90,90,OPP-MORE,pair3,P,-1.3816251754760742,1.0407228469848633,27059,5930
gpt-j-6b-fp32,hihp_imp_desc,0.200893,90,90,OPP-MORE,pair3,Q,-1.206094741821289,0.6160917282104492,5930,5930
gpt-j-6b-fp32,hihp_imp_desc,0.200893,90,90,OPP-MORE,pair4,P,-2.3919320106506348,1.6294784545898438,27059,23448
gpt-j-6b-fp32,hihp_imp_desc,0.200893,90,90,OPP-MORE,pair4,Q,-1.5051040649414062,1.447514533996582,632,10797
gpt-j-6b-fp32,hihp_imp_desc,0.200893,90,90,OPP-MORE,pair5,P,-1.3023319244384766,1.4578495025634766,27059,1426
gpt-j-6b-fp32,hihp_imp_desc,0.200893,90,90,OPP-MORE,pair5,Q,-1.743703842163086,1.0987224578857422,632,1426
gpt-j-6b-fp32,hihp_imp_desc,0.200893,90,90,OPP-MORE,pair6,P,-1.8553953170776367,0.7667779922485352,27059,13727
gpt-j-6b-fp32,hihp_imp_desc,0.200893,90,90,OPP-MORE,pair6,Q,-1.7039546966552734,0.5905876159667969,632,13727
gpt-j-6b-fp32,hihp_imp_desc,0.200893,90,90,OPP-MORE,pair7,P,-2.6147961616516113,0.8232622146606445,632,314
gpt-j-6b-fp32,hihp_imp_desc,0.200893,90,90,OPP-MORE,pair7,Q,-1.2056140899658203,0.7796411514282227,632,632
gpt-j-6b-fp32,hihp_imp_desc,0.200893,90,90,OPP-MORE,pair8,P,-1.0359153747558594,0.839167594909668,1874,581
gpt-j-6b-fp32,hihp_imp_desc,0.200893,90,90,OPP-MORE,pair8,Q,-1.5099105834960938,0.2984333038330078,1874,581
gpt-j-6b-fp32,hihp_imp_desc,0.200893,90,90,OPP-MORE,pair9,P,-2.794949531555176,0.9019241333007812,27059,1928
gpt-j-6b-fp32,hihp_imp_desc,0.200893,90,90,OPP-MORE,pair9,Q,-1.2291765213012695,0.7392778396606445,23663,1928
gpt-j-6b-fp32,hihp_imp_desc,0.200893,90,90,OPP-LESS,pair0,P,-1.5299177169799805,1.4131460189819336,632,39733
gpt-j-6b-fp32,hihp_imp_desc,0.200893,90,90,OPP-LESS,pair0,Q,-1.6196670532226562,0.770817756652832,39733,39733
gpt-j-6b-fp32,hihp_imp_desc,0.200893,90,90,OPP-LESS,pair1,P,-1.6738214492797852,1.3991785049438477,27059,18605
gpt-j-6b-fp32,hihp_imp_desc,0.200893,90,90,OPP-LESS,pair1,Q,-1.8813953399658203,1.087376594543457,19157,18605
gpt-j-6b-fp32,hihp_imp_desc,0.200893,90,90,OPP-LESS,pair2,P,-2.594428062438965,2.595231056213379,27059,376
gpt-j-6b-fp32,hihp_imp_desc,0.200893,90,90,OPP-LESS,pair2,Q,-1.4100780487060547,1.9016294479370117,632,376
gpt-j-6b-fp32,hihp_imp_desc,0.200893,90,90,OPP-LESS,pair3,P,-1.224782943725586,1.2562637329101562,27059,5930
gpt-j-6b-fp32,hihp_imp_desc,0.200893,90,90,OPP-LESS,pair3,Q,-1.1382160186767578,0.7114763259887695,5930,5930
gpt-j-6b-fp32,hihp_imp_desc,0.200893,90,90,OPP-LESS,pair4,P,-2.2456703186035156,1.5583457946777344,27059,23448
gpt-j-6b-fp32,hihp_imp_desc,0.200893,90,90,OPP-LESS,pair4,Q,-1.482569694519043,1.3197040557861328,632,10797
gpt-j-6b-fp32,hihp_imp_desc,0.200893,90,90,OPP-LESS,pair5,P,-1.071146011352539,2.05918025970459,27059,1426
gpt-j-6b-fp32,hihp_imp_desc,0.200893,90,90,OPP-LESS,pair5,Q,-1.6475563049316406,1.8366155624389648,632,1426
gpt-j-6b-fp32,hihp_imp_desc,0.200893,90,90,OPP-LESS,pair6,P,-1.6459646224975586,1.0155525207519531,27059,13727
gpt-j-6b-fp32,hihp_imp_desc,0.200893,90,90,OPP-LESS,pair6,Q,-1.661874771118164,1.0271921157836914,632,13727
gpt-j-6b-fp32,hihp_imp_desc,0.200893,90,90,OPP-LESS,pair7,P,-2.56071138381958,0.7572832107543945,632,314
gpt-j-6b-fp32,hihp_imp_desc,0.200893,90,90,OPP-LESS,pair7,Q,-1.217148780822754,0.42577457427978516,632,632
gpt-j-6b-fp32,hihp_imp_desc,0.200893,90,90,OPP-LESS,pair8,P,-0.9811983108520508,1.243453025817871,1874,581
gpt-j-6b-fp32,hihp_imp_desc,0.200893,90,90,OPP-LESS,pair8,Q,-1.4834661483764648,0.7249994277954102,1874,581
gpt-j-6b-fp32,hihp_imp_desc,0.200893,90,90,OPP-LESS,pair9,P,-2.6546759605407715,0.7809715270996094,27059,23663
gpt-j-6b-fp32,hihp_imp_desc,0.200893,90,90,OPP-LESS,pair9,Q,-1.1948175430297852,-0.030735015869140625,23663,1928
gpt-j-6b-fp32,hihp_imp_desc,0.200893,90,90,MORE-LESS,pair0,P,-0.04273033142089844,0.0023193359375,10255,10255
gpt-j-6b-fp32,hihp_imp_desc,0.200893,90,90,MORE-LESS,pair0,Q,-0.04550457000732422,-0.011669158935546875,10255,10255
gpt-j-6b-fp32,hihp_imp_desc,0.200893,90,90,MORE-LESS,pair1,P,0.028074264526367188,-0.004069328308105469,18605,18605
gpt-j-6b-fp32,hihp_imp_desc,0.200893,90,90,MORE-LESS,pair1,Q,0.04509162902832031,0.045269012451171875,18605,18605
gpt-j-6b-fp32,hihp_imp_desc,0.200893,90,90,MORE-LESS,pair2,P,-0.2210836410522461,-0.086639404296875,8038,8038
gpt-j-6b-fp32,hihp_imp_desc,0.200893,90,90,MORE-LESS,pair2,Q,-0.20790863037109375,-0.04734039306640625,8038,8038
gpt-j-6b-fp32,hihp_imp_desc,0.200893,90,90,MORE-LESS,pair3,P,-0.03698253631591797,-0.07087230682373047,1234,5930
gpt-j-6b-fp32,hihp_imp_desc,0.200893,90,90,MORE-LESS,pair3,Q,-0.06776905059814453,-0.0921163558959961,1234,5930
gpt-j-6b-fp32,hihp_imp_desc,0.200893,90,90,MORE-LESS,pair4,P,-0.1599264144897461,-0.08439159393310547,23448,23448
gpt-j-6b-fp32,hihp_imp_desc,0.200893,90,90,MORE-LESS,pair4,Q,-0.11390113830566406,-0.04112434387207031,23448,23448
gpt-j-6b-fp32,hihp_imp_desc,0.200893,90,90,MORE-LESS,pair5,P,-0.039737701416015625,0.018053054809570312,969,969
gpt-j-6b-fp32,hihp_imp_desc,0.200893,90,90,MORE-LESS,pair5,Q,0.010788917541503906,-0.00115966796875,1426,1426
gpt-j-6b-fp32,hihp_imp_desc,0.200893,90,90,MORE-LESS,pair6,P,-0.11049175262451172,-0.019285202026367188,6514,6514
gpt-j-6b-fp32,hihp_imp_desc,0.200893,90,90,MORE-LESS,pair6,Q,-0.07762336730957031,-0.02423381805419922,6514,6514
gpt-j-6b-fp32,hihp_imp_desc,0.200893,90,90,MORE-LESS,pair7,P,-0.05592060089111328,-0.027690887451171875,22111,22111
gpt-j-6b-fp32,hihp_imp_desc,0.200893,90,90,MORE-LESS,pair7,Q,-0.005671501159667969,-0.06930732727050781,22111,22111
gpt-j-6b-fp32,hihp_imp_desc,0.200893,90,90,MORE-LESS,pair8,P,-0.06596851348876953,-0.09668159484863281,969,969
gpt-j-6b-fp32,hihp_imp_desc,0.200893,90,90,MORE-LESS,pair8,Q,-0.06026649475097656,-0.12773704528808594,969,969
gpt-j-6b-fp32,hihp_imp_desc,0.200893,90,90,MORE-LESS,pair9,P,-0.11697959899902344,-0.047394752502441406,34439,34439
gpt-j-6b-fp32,hihp_imp_desc,0.200893,90,90,MORE-LESS,pair9,Q,-0.09595870971679688,-0.03607368469238281,34439,34439
gpt-j-6b-fp32,hihp_imp_desc,0.3,134,134,SAME-OPP,pair0,P,-0.16920852661132812,0.009449958801269531,632,632
gpt-j-6b-fp32,hihp_imp_desc,0.3,134,134,SAME-OPP,pair0,Q,-0.0898885726928711,0.17775821685791016,39733,39733
gpt-j-6b-fp32,hihp_imp_desc,0.3,134,134,SAME-OPP,pair1,P,-0.17392730712890625,-0.002033233642578125,27059,27059
gpt-j-6b-fp32,hihp_imp_desc,0.3,134,134,SAME-OPP,pair1,Q,-0.03129768371582031,0.1361551284790039,19157,19157
gpt-j-6b-fp32,hihp_imp_desc,0.3,134,134,SAME-OPP,pair2,P,-0.23332691192626953,-0.1720733642578125,632,27059
gpt-j-6b-fp32,hihp_imp_desc,0.3,134,134,SAME-OPP,pair2,Q,-0.07090187072753906,-0.04520893096923828,632,632
gpt-j-6b-fp32,hihp_imp_desc,0.3,134,134,SAME-OPP,pair3,P,-0.06859302520751953,-0.19792461395263672,27059,27059
gpt-j-6b-fp32,hihp_imp_desc,0.3,134,134,SAME-OPP,pair3,Q,0.01900959014892578,0.04808616638183594,632,632
gpt-j-6b-fp32,hihp_imp_desc,0.3,134,134,SAME-OPP,pair4,P,-0.15630722045898438,0.030060768127441406,27059,27059
gpt-j-6b-fp32,hihp_imp_desc,0.3,134,134,SAME-OPP,pair4,Q,-0.038848876953125,0.11711692810058594,632,632
gpt-j-6b-fp32,hihp_imp_desc,0.3,134,134,SAME-OPP,pair5,P,-0.10492134094238281,-0.04354095458984375,27059,27059
gpt-j-6b-fp32,hihp_imp_desc,0.3,134,134,SAME-OPP,pair5,Q,-0.021386146545410156,0.10521984100341797,632,632
gpt-j-6b-fp32,hihp_imp_desc,0.3,134,134,SAME-OPP,pair6,P,-0.1538066864013672,-0.13015270233154297,27059,27059
gpt-j-6b-fp32,hihp_imp_desc,0.3,134,134,SAME-OPP,pair6,Q,-0.1020660400390625,0.011140823364257812,632,632
gpt-j-6b-fp32,hihp_imp_desc,0.3,134,134,SAME-OPP,pair7,P,-0.04151344299316406,0.10329532623291016,632,632
gpt-j-6b-fp32,hihp_imp_desc,0.3,134,134,SAME-OPP,pair7,Q,-0.1245260238647461,-0.033321380615234375,632,632
gpt-j-6b-fp32,hihp_imp_desc,0.3,134,134,SAME-OPP,pair8,P,-0.09455108642578125,-0.08279895782470703,581,1874
gpt-j-6b-fp32,hihp_imp_desc,0.3,134,134,SAME-OPP,pair8,Q,-0.021093368530273438,0.1412973403930664,581,1874
gpt-j-6b-fp32,hihp_imp_desc,0.3,134,134,SAME-OPP,pair9,P,0.02558422088623047,-0.1897716522216797,27059,27059
gpt-j-6b-fp32,hihp_imp_desc,0.3,134,134,SAME-OPP,pair9,Q,-0.0521087646484375,-0.07419967651367188,1928,23663
gpt-j-6b-fp32,hihp_imp_desc,0.3,134,134,SAME-MORE,pair0,P,-1.5474910736083984,1.179142951965332,632,39733
gpt-j-6b-fp32,hihp_imp_desc,0.3,134,134,SAME-MORE,pair0,Q,-2.4844093322753906,0.20634937286376953,39733,39733
gpt-j-6b-fp32,hihp_imp_desc,0.3,134,134,SAME-MORE,pair1,P,-1.3397350311279297,0.9872245788574219,27059,9493
gpt-j-6b-fp32,hihp_imp_desc,0.3,134,134,SAME-MORE,pair1,Q,-2.512946128845215,0.3329019546508789,19157,9493
gpt-j-6b-fp32,hihp_imp_desc,0.3,134,134,SAME-MORE,pair2,P,-2.850743293762207,2.2280683517456055,632,5747
gpt-j-6b-fp32,hihp_imp_desc,0.3,134,134,SAME-MORE,pair2,Q,-3.196171760559082,0.9381532669067383,632,4057
gpt-j-6b-fp32,hihp_imp_desc,0.3,134,134,SAME-MORE,pair3,P,-1.3734207153320312,0.7099199295043945,27059,5930
gpt-j-6b-fp32,hihp_imp_desc,0.3,134,134,SAME-MORE,pair3,Q,-2.10929012298584,0.4123516082763672,632,5930
gpt-j-6b-fp32,hihp_imp_desc,0.3,134,134,SAME-MORE,pair4,P,-1.1555442810058594,1.6201019287109375,27059,11572
gpt-j-6b-fp32,hihp_imp_desc,0.3,134,134,SAME-MORE,pair4,Q,-2.9098644256591797,1.2009305953979492,632,11572
gpt-j-6b-fp32,hihp_imp_desc,0.3,134,134,SAME-MORE,pair5,P,-1.5038394927978516,1.069239616394043,27059,1426
gpt-j-6b-fp32,hihp_imp_desc,0.3,134,134,SAME-MORE,pair5,Q,-2.1099720001220703,1.040853500366211,632,1426
gpt-j-6b-fp32,hihp_imp_desc,0.3,134,134,SAME-MORE,pair6,P,-1.2750577926635742,0.42602062225341797,27059,314
gpt-j-6b-fp32,hihp_imp_desc,0.3,134,134,SAME-MORE,pair6,Q,-2.3411741256713867,0.29655933380126953,632,5747
gpt-j-6b-fp32,hihp_imp_desc,0.3,134,134,SAME-MORE,pair7,P,-1.8860149383544922,0.6610002517700195,632,314
gpt-j-6b-fp32,hihp_imp_desc,0.3,134,134,SAME-MORE,pair7,Q,-2.359251022338867,0.42430686950683594,632,314
gpt-j-6b-fp32,hihp_imp_desc,0.3,134,134,SAME-MORE,pair8,P,-1.5510473251342773,0.49852752685546875,581,581
gpt-j-6b-fp32,hihp_imp_desc,0.3,134,134,SAME-MORE,pair8,Q,-2.3559741973876953,-0.01873493194580078,581,581
gpt-j-6b-fp32,hihp_imp_desc,0.3,134,134,SAME-MORE,pair9,P,-2.1389026641845703,0.42167186737060547,27059,1928
gpt-j-6b-fp32,hihp_imp_desc,0.3,134,134,SAME-MORE,pair9,Q,-2.7615699768066406,0.16556644439697266,1928,1928
gpt-j-6b-fp32,hihp_imp_desc,0.3,134,134,SAME-LESS,pair0,P,-1.592869758605957,0.3711395263671875,632,39733
gpt-j-6b-fp32,hihp_imp_desc,0.3,134,134,SAME-LESS,pair0,Q,-2.613345146179199,-0.5392169952392578,39733,39733
gpt-j-6b-fp32,hihp_imp_desc,0.3,134,134,SAME-LESS,pair1,P,-1.2721185684204102,-0.031269073486328125,27059,9493
gpt-j-6b-fp32,hihp_imp_desc,0.3,134,134,SAME-LESS,pair1,Q,-2.460620880126953,-0.0861520767211914,19157,9493
gpt-j-6b-fp32,hihp_imp_desc,0.3,134,134,SAME-LESS,pair2,P,-2.816826820373535,1.3743305206298828,632,5747
gpt-j-6b-fp32,hihp_imp_desc,0.3,134,134,SAME-LESS,pair2,Q,-3.292902946472168,0.7401905059814453,632,4057
gpt-j-6b-fp32,hihp_imp_desc,0.3,134,134,SAME-LESS,pair3,P,-1.4139013290405273,-0.0624847412109375,27059,5930
gpt-j-6b-fp32,hihp_imp_desc,0.3,134,134,SAME-LESS,pair3,Q,-2.030259132385254,-0.513646125793457,632,5930
gpt-j-6b-fp32,hihp_imp_desc,0.3,134,134,SAME-LESS,pair4,P,-1.2647504806518555,-0.0033464431762695312,27059,10797
gpt-j-6b-fp32,hihp_imp_desc,0.3,134,134,SAME-LESS,pair4,Q,-2.873077392578125,-0.40462207794189453,632,10797
gpt-j-6b-fp32,hihp_imp_desc,0.3,134,134,SAME-LESS,pair5,P,-1.5569734573364258,0.6809921264648438,27059,1426
gpt-j-6b-fp32,hihp_imp_desc,0.3,134,134,SAME-LESS,pair5,Q,-2.0597333908081055,0.051573753356933594,632,1426
gpt-j-6b-fp32,hihp_imp_desc,0.3,134,134,SAME-LESS,pair6,P,-1.3615713119506836,0.31584644317626953,27059,5747
gpt-j-6b-fp32,hihp_imp_desc,0.3,134,134,SAME-LESS,pair6,Q,-2.3174428939819336,0.5790443420410156,632,5747
gpt-j-6b-fp32,hihp_imp_desc,0.3,134,134,SAME-LESS,pair7,P,-1.9561138153076172,-0.12119293212890625,632,314
gpt-j-6b-fp32,hihp_imp_desc,0.3,134,134,SAME-LESS,pair7,Q,-2.4876346588134766,-0.6168441772460938,632,314
gpt-j-6b-fp32,hihp_imp_desc,0.3,134,134,SAME-LESS,pair8,P,-1.4176912307739258,-0.09692764282226562,581,581
gpt-j-6b-fp32,hihp_imp_desc,0.3,134,134,SAME-LESS,pair8,Q,-2.347017288208008,-0.31420135498046875,581,581
gpt-j-6b-fp32,hihp_imp_desc,0.3,134,134,SAME-LESS,pair9,P,-2.2039899826049805,0.17188262939453125,27059,1928
gpt-j-6b-fp32,hihp_imp_desc,0.3,134,134,SAME-LESS,pair9,Q,-2.7024316787719727,-1.1552515029907227,1928,1928
gpt-j-6b-fp32,hihp_imp_desc,0.3,134,134,OPP-MORE,pair0,P,-2.2724409103393555,1.5468482971191406,632,39733
gpt-j-6b-fp32,hihp_imp_desc,0.3,134,134,OPP-MORE,pair0,Q,-1.4008493423461914,0.49770259857177734,39733,39733
gpt-j-6b-fp32,hihp_imp_desc,0.3,134,134,OPP-MORE,pair1,P,-2.2416505813598633,1.2843847274780273,27059,9493
gpt-j-6b-fp32,hihp_imp_desc,0.3,134,134,OPP-MORE,pair1,Q,-1.5370855331420898,0.6302118301391602,19157,9493
gpt-j-6b-fp32,hihp_imp_desc,0.3,134,134,OPP-MORE,pair2,P,-3.3989157676696777,2.702275276184082,27059,5747
gpt-j-6b-fp32,hihp_imp_desc,0.3,134,134,OPP-MORE,pair2,Q,-1.6680212020874023,1.1803131103515625,632,5747
gpt-j-6b-fp32,hihp_imp_desc,0.3,134,134,OPP-MORE,pair3,P,-1.965367317199707,0.9881505966186523,27059,5930
gpt-j-6b-fp32,hihp_imp_desc,0.3,134,134,OPP-MORE,pair3,Q,-1.0964393615722656,0.6236352920532227,5930,5930
gpt-j-6b-fp32,hihp_imp_desc,0.3,134,134,OPP-MORE,pair4,P,-2.968475341796875,1.8999614715576172,27059,11572
gpt-j-6b-fp32,hihp_imp_desc,0.3,134,134,OPP-MORE,pair4,Q,-1.581070899963379,1.4688348770141602,632,10797
gpt-j-6b-fp32,hihp_imp_desc,0.3,134,134,OPP-MORE,pair5,P,-1.5619354248046875,1.50006103515625,27059,1426
gpt-j-6b-fp32,hihp_imp_desc,0.3,134,134,OPP-MORE,pair5,Q,-1.363846778869629,1.3714160919189453,632,1426
gpt-j-6b-fp32,hihp_imp_desc,0.3,134,134,OPP-MORE,pair6,P,-2.1958041191101074,0.7042694091796875,27059,314
gpt-j-6b-fp32,hihp_imp_desc,0.3,134,134,OPP-MORE,pair6,Q,-1.3588333129882812,0.5247573852539062,632,5747
gpt-j-6b-fp32,hihp_imp_desc,0.3,134,134,OPP-MORE,pair7,P,-3.3596391677856445,0.9358644485473633,632,314
gpt-j-6b-fp32,hihp_imp_desc,0.3,134,134,OPP-MORE,pair7,Q,-1.0438566207885742,0.6913461685180664,632,314
gpt-j-6b-fp32,hihp_imp_desc,0.3,134,134,OPP-MORE,pair8,P,-1.5087928771972656,0.8258056640625,1874,581
gpt-j-6b-fp32,hihp_imp_desc,0.3,134,134,OPP-MORE,pair8,Q,-1.7512283325195312,0.2182331085205078,1874,581
gpt-j-6b-fp32,hihp_imp_desc,0.3,134,134,OPP-MORE,pair9,P,-3.7148914337158203,0.94927978515625,27059,1928
gpt-j-6b-fp32,hihp_imp_desc,0.3,134,134,OPP-MORE,pair9,Q,-1.606095314025879,0.5554218292236328,23663,1928
gpt-j-6b-fp32,hihp_imp_desc,0.3,134,134,OPP-LESS,pair0,P,-2.213947296142578,0.25570106506347656,632,39733
gpt-j-6b-fp32,hihp_imp_desc,0.3,134,134,OPP-LESS,pair0,Q,-1.3881797790527344,-0.9100027084350586,39733,39733
gpt-j-6b-fp32,hihp_imp_desc,0.3,134,134,OPP-LESS,pair1,P,-2.0037012100219727,0.3043203353881836,27059,9493
gpt-j-6b-fp32,hihp_imp_desc,0.3,134,134,OPP-LESS,pair1,Q,-1.3530635833740234,0.09235763549804688,19157,9493
gpt-j-6b-fp32,hihp_imp_desc,0.3,134,134,OPP-LESS,pair2,P,-3.322908401489258,1.6622447967529297,27059,5747
gpt-j-6b-fp32,hihp_imp_desc,0.3,134,134,OPP-LESS,pair2,Q,-1.6440057754516602,0.8376188278198242,632,5747
gpt-j-6b-fp32,hihp_imp_desc,0.3,134,134,OPP-LESS,pair3,P,-1.7800111770629883,0.20200061798095703,27059,5930
gpt-j-6b-fp32,hihp_imp_desc,0.3,134,134,OPP-LESS,pair3,Q,-0.9385290145874023,-0.36702632904052734,5930,5930
gpt-j-6b-fp32,hihp_imp_desc,0.3,134,134,OPP-LESS,pair4,P,-2.806466579437256,0.21361255645751953,27059,10797
gpt-j-6b-fp32,hihp_imp_desc,0.3,134,134,OPP-LESS,pair4,Q,-1.4552459716796875,-0.49637413024902344,632,10797
gpt-j-6b-fp32,hihp_imp_desc,0.3,134,134,OPP-LESS,pair5,P,-1.3466243743896484,1.1116523742675781,27059,1426
gpt-j-6b-fp32,hihp_imp_desc,0.3,134,134,OPP-LESS,pair5,Q,-1.1997661590576172,0.5328006744384766,632,1426
gpt-j-6b-fp32,hihp_imp_desc,0.3,134,134,OPP-LESS,pair6,P,-1.9722862243652344,0.02681255340576172,27059,5747
gpt-j-6b-fp32,hihp_imp_desc,0.3,134,134,OPP-LESS,pair6,Q,-1.2220191955566406,0.03904438018798828,632,5747
gpt-j-6b-fp32,hihp_imp_desc,0.3,134,134,OPP-LESS,pair7,P,-3.261505126953125,-0.315765380859375,632,314
gpt-j-6b-fp32,hihp_imp_desc,0.3,134,134,OPP-LESS,pair7,Q,-1.0237312316894531,-0.9339809417724609,632,314
gpt-j-6b-fp32,hihp_imp_desc,0.3,134,134,OPP-LESS,pair8,P,-1.4281272888183594,0.3991689682006836,1874,581
gpt-j-6b-fp32,hihp_imp_desc,0.3,134,134,OPP-LESS,pair8,Q,-1.6711082458496094,-0.06635856628417969,1874,581
gpt-j-6b-fp32,hihp_imp_desc,0.3,134,134,OPP-LESS,pair9,P,-3.5523409843444824,0.2935142517089844,27059,1928
gpt-j-6b-fp32,hihp_imp_desc,0.3,134,134,OPP-LESS,pair9,Q,-1.4800844192504883,-0.949462890625,23663,1928
gpt-j-6b-fp32,hihp_imp_desc,0.3,134,134,MORE-LESS,pair0,P,-0.027462005615234375,-0.05582141876220703,10255,10255
gpt-j-6b-fp32,hihp_imp_desc,0.3,134,134,MORE-LESS,pair0,Q,-0.02350139617919922,-0.03946208953857422,10255,10255
gpt-j-6b-fp32,hihp_imp_desc,0.3,134,134,MORE-LESS,pair1,P,0.10204601287841797,0.030959129333496094,18605,18605
gpt-j-6b-fp32,hihp_imp_desc,0.3,134,134,MORE-LESS,pair1,Q,0.14256763458251953,0.08719158172607422,18605,18605
gpt-j-6b-fp32,hihp_imp_desc,0.3,134,134,MORE-LESS,pair2,P,-0.2403240203857422,-0.059452056884765625,8038,8038
gpt-j-6b-fp32,hihp_imp_desc,0.3,134,134,MORE-LESS,pair2,Q,-0.20296287536621094,0.0044765472412109375,8038,8038
gpt-j-6b-fp32,hihp_imp_desc,0.3,134,134,MORE-LESS,pair3,P,0.052315711975097656,-0.0872812271118164,1234,5930
gpt-j-6b-fp32,hihp_imp_desc,0.3,134,134,MORE-LESS,pair3,Q,0.042377471923828125,-0.0767202377319336,1234,5930
gpt-j-6b-fp32,hihp_imp_desc,0.3,134,134,MORE-LESS,pair4,P,-0.10737323760986328,-0.1356182098388672,23448,23448
gpt-j-6b-fp32,hihp_imp_desc,0.3,134,134,MORE-LESS,pair4,Q,-0.073944091796875,-0.049750328063964844,23448,23448
gpt-j-6b-fp32,hihp_imp_desc,0.3,134,134,MORE-LESS,pair5,P,0.10764122009277344,0.05566692352294922,969,969
gpt-j-6b-fp32,hihp_imp_desc,0.3,134,134,MORE-LESS,pair5,Q,0.16467761993408203,0.058556556701660156,1426,1426
gpt-j-6b-fp32,hihp_imp_desc,0.3,134,134,MORE-LESS,pair6,P,-0.005211830139160156,0.045253753662109375,6514,6514
gpt-j-6b-fp32,hihp_imp_desc,0.3,134,134,MORE-LESS,pair6,Q,0.034546852111816406,0.062392234802246094,6514,6514
gpt-j-6b-fp32,hihp_imp_desc,0.3,134,134,MORE-LESS,pair7,P,0.012592315673828125,-0.06690311431884766,22111,22111
gpt-j-6b-fp32,hihp_imp_desc,0.3,134,134,MORE-LESS,pair7,Q,0.060454368591308594,-0.08150959014892578,22111,22111
gpt-j-6b-fp32,hihp_imp_desc,0.3,134,134,MORE-LESS,pair8,P,-0.05412483215332031,-0.07277870178222656,969,969
gpt-j-6b-fp32,hihp_imp_desc,0.3,134,134,MORE-LESS,pair8,Q,-0.040047645568847656,-0.08825206756591797,969,969
gpt-j-6b-fp32,hihp_imp_desc,0.3,134,134,MORE-LESS,pair9,P,-0.0982828140258789,-0.05391407012939453,34439,34439
gpt-j-6b-fp32,hihp_imp_desc,0.3,134,134,MORE-LESS,pair9,Q,-0.06463336944580078,-0.03889751434326172,34439,34439
gpt-j-6b-fp32,hihp_imp_desc,0.5,224,134,SAME-OPP,pair0,P,-0.16920852661132812,0.009449958801269531,632,632
gpt-j-6b-fp32,hihp_imp_desc,0.5,224,134,SAME-OPP,pair0,Q,-0.0898885726928711,0.17775821685791016,39733,39733
gpt-j-6b-fp32,hihp_imp_desc,0.5,224,134,SAME-OPP,pair1,P,-0.17392730712890625,-0.002033233642578125,27059,27059
gpt-j-6b-fp32,hihp_imp_desc,0.5,224,134,SAME-OPP,pair1,Q,-0.03129768371582031,0.1361551284790039,19157,19157
gpt-j-6b-fp32,hihp_imp_desc,0.5,224,134,SAME-OPP,pair2,P,-0.23332691192626953,-0.1720733642578125,632,27059
gpt-j-6b-fp32,hihp_imp_desc,0.5,224,134,SAME-OPP,pair2,Q,-0.07090187072753906,-0.04520893096923828,632,632
gpt-j-6b-fp32,hihp_imp_desc,0.5,224,134,SAME-OPP,pair3,P,-0.06859302520751953,-0.19792461395263672,27059,27059
gpt-j-6b-fp32,hihp_imp_desc,0.5,224,134,SAME-OPP,pair3,Q,0.01900959014892578,0.04808616638183594,632,632
gpt-j-6b-fp32,hihp_imp_desc,0.5,224,134,SAME-OPP,pair4,P,-0.15630722045898438,0.030060768127441406,27059,27059
gpt-j-6b-fp32,hihp_imp_desc,0.5,224,134,SAME-OPP,pair4,Q,-0.038848876953125,0.11711692810058594,632,632
gpt-j-6b-fp32,hihp_imp_desc,0.5,224,134,SAME-OPP,pair5,P,-0.10492134094238281,-0.04354095458984375,27059,27059
gpt-j-6b-fp32,hihp_imp_desc,0.5,224,134,SAME-OPP,pair5,Q,-0.021386146545410156,0.10521984100341797,632,632
gpt-j-6b-fp32,hihp_imp_desc,0.5,224,134,SAME-OPP,pair6,P,-0.1538066864013672,-0.13015270233154297,27059,27059
gpt-j-6b-fp32,hihp_imp_desc,0.5,224,134,SAME-OPP,pair6,Q,-0.1020660400390625,0.011140823364257812,632,632
gpt-j-6b-fp32,hihp_imp_desc,0.5,224,134,SAME-OPP,pair7,P,-0.04151344299316406,0.10329532623291016,632,632
gpt-j-6b-fp32,hihp_imp_desc,0.5,224,134,SAME-OPP,pair7,Q,-0.1245260238647461,-0.033321380615234375,632,632
gpt-j-6b-fp32,hihp_imp_desc,0.5,224,134,SAME-OPP,pair8,P,-0.09455108642578125,-0.08279895782470703,581,1874
gpt-j-6b-fp32,hihp_imp_desc,0.5,224,134,SAME-OPP,pair8,Q,-0.021093368530273438,0.1412973403930664,581,1874
gpt-j-6b-fp32,hihp_imp_desc,0.5,224,134,SAME-OPP,pair9,P,0.02558422088623047,-0.1897716522216797,27059,27059
gpt-j-6b-fp32,hihp_imp_desc,0.5,224,134,SAME-OPP,pair9,Q,-0.0521087646484375,-0.07419967651367188,1928,23663
gpt-j-6b-fp32,hihp_imp_desc,0.5,224,134,SAME-MORE,pair0,P,-1.5474910736083984,1.179142951965332,632,39733
gpt-j-6b-fp32,hihp_imp_desc,0.5,224,134,SAME-MORE,pair0,Q,-2.4844093322753906,0.20634937286376953,39733,39733
gpt-j-6b-fp32,hihp_imp_desc,0.5,224,134,SAME-MORE,pair1,P,-1.3397350311279297,0.9872245788574219,27059,9493
gpt-j-6b-fp32,hihp_imp_desc,0.5,224,134,SAME-MORE,pair1,Q,-2.512946128845215,0.3329019546508789,19157,9493
gpt-j-6b-fp32,hihp_imp_desc,0.5,224,134,SAME-MORE,pair2,P,-2.850743293762207,2.2280683517456055,632,5747
gpt-j-6b-fp32,hihp_imp_desc,0.5,224,134,SAME-MORE,pair2,Q,-3.196171760559082,0.9381532669067383,632,4057
gpt-j-6b-fp32,hihp_imp_desc,0.5,224,134,SAME-MORE,pair3,P,-1.3734207153320312,0.7099199295043945,27059,5930
gpt-j-6b-fp32,hihp_imp_desc,0.5,224,134,SAME-MORE,pair3,Q,-2.10929012298584,0.4123516082763672,632,5930
gpt-j-6b-fp32,hihp_imp_desc,0.5,224,134,SAME-MORE,pair4,P,-1.1555442810058594,1.6201019287109375,27059,11572
gpt-j-6b-fp32,hihp_imp_desc,0.5,224,134,SAME-MORE,pair4,Q,-2.9098644256591797,1.2009305953979492,632,11572
gpt-j-6b-fp32,hihp_imp_desc,0.5,224,134,SAME-MORE,pair5,P,-1.5038394927978516,1.069239616394043,27059,1426
gpt-j-6b-fp32,hihp_imp_desc,0.5,224,134,SAME-MORE,pair5,Q,-2.1099720001220703,1.040853500366211,632,1426
gpt-j-6b-fp32,hihp_imp_desc,0.5,224,134,SAME-MORE,pair6,P,-1.2750577926635742,0.42602062225341797,27059,314
gpt-j-6b-fp32,hihp_imp_desc,0.5,224,134,SAME-MORE,pair6,Q,-2.3411741256713867,0.29655933380126953,632,5747
gpt-j-6b-fp32,hihp_imp_desc,0.5,224,134,SAME-MORE,pair7,P,-1.8860149383544922,0.6610002517700195,632,314
gpt-j-6b-fp32,hihp_imp_desc,0.5,224,134,SAME-MORE,pair7,Q,-2.359251022338867,0.42430686950683594,632,314
gpt-j-6b-fp32,hihp_imp_desc,0.5,224,134,SAME-MORE,pair8,P,-1.5510473251342773,0.49852752685546875,581,581
gpt-j-6b-fp32,hihp_imp_desc,0.5,224,134,SAME-MORE,pair8,Q,-2.3559741973876953,-0.01873493194580078,581,581
gpt-j-6b-fp32,hihp_imp_desc,0.5,224,134,SAME-MORE,pair9,P,-2.1389026641845703,0.42167186737060547,27059,1928
gpt-j-6b-fp32,hihp_imp_desc,0.5,224,134,SAME-MORE,pair9,Q,-2.7615699768066406,0.16556644439697266,1928,1928
gpt-j-6b-fp32,hihp_imp_desc,0.5,224,134,SAME-LESS,pair0,P,-1.592869758605957,0.3711395263671875,632,39733
gpt-j-6b-fp32,hihp_imp_desc,0.5,224,134,SAME-LESS,pair0,Q,-2.613345146179199,-0.5392169952392578,39733,39733
gpt-j-6b-fp32,hihp_imp_desc,0.5,224,134,SAME-LESS,pair1,P,-1.2721185684204102,-0.031269073486328125,27059,9493
gpt-j-6b-fp32,hihp_imp_desc,0.5,224,134,SAME-LESS,pair1,Q,-2.460620880126953,-0.0861520767211914,19157,9493
gpt-j-6b-fp32,hihp_imp_desc,0.5,224,134,SAME-LESS,pair2,P,-2.816826820373535,1.3743305206298828,632,5747
gpt-j-6b-fp32,hihp_imp_desc,0.5,224,134,SAME-LESS,pair2,Q,-3.292902946472168,0.7401905059814453,632,4057
gpt-j-6b-fp32,hihp_imp_desc,0.5,224,134,SAME-LESS,pair3,P,-1.4139013290405273,-0.0624847412109375,27059,5930
gpt-j-6b-fp32,hihp_imp_desc,0.5,224,134,SAME-LESS,pair3,Q,-2.030259132385254,-0.513646125793457,632,5930
gpt-j-6b-fp32,hihp_imp_desc,0.5,224,134,SAME-LESS,pair4,P,-1.2647504806518555,-0.0033464431762695312,27059,10797
gpt-j-6b-fp32,hihp_imp_desc,0.5,224,134,SAME-LESS,pair4,Q,-2.873077392578125,-0.40462207794189453,632,10797
gpt-j-6b-fp32,hihp_imp_desc,0.5,224,134,SAME-LESS,pair5,P,-1.5569734573364258,0.6809921264648438,27059,1426
gpt-j-6b-fp32,hihp_imp_desc,0.5,224,134,SAME-LESS,pair5,Q,-2.0597333908081055,0.051573753356933594,632,1426
gpt-j-6b-fp32,hihp_imp_desc,0.5,224,134,SAME-LESS,pair6,P,-1.3615713119506836,0.31584644317626953,27059,5747
gpt-j-6b-fp32,hihp_imp_desc,0.5,224,134,SAME-LESS,pair6,Q,-2.3174428939819336,0.5790443420410156,632,5747
gpt-j-6b-fp32,hihp_imp_desc,0.5,224,134,SAME-LESS,pair7,P,-1.9561138153076172,-0.12119293212890625,632,314
gpt-j-6b-fp32,hihp_imp_desc,0.5,224,134,SAME-LESS,pair7,Q,-2.4876346588134766,-0.6168441772460938,632,314
gpt-j-6b-fp32,hihp_imp_desc,0.5,224,134,SAME-LESS,pair8,P,-1.4176912307739258,-0.09692764282226562,581,581
gpt-j-6b-fp32,hihp_imp_desc,0.5,224,134,SAME-LESS,pair8,Q,-2.347017288208008,-0.31420135498046875,581,581
gpt-j-6b-fp32,hihp_imp_desc,0.5,224,134,SAME-LESS,pair9,P,-2.2039899826049805,0.17188262939453125,27059,1928
gpt-j-6b-fp32,hihp_imp_desc,0.5,224,134,SAME-LESS,pair9,Q,-2.7024316787719727,-1.1552515029907227,1928,1928
gpt-j-6b-fp32,hihp_imp_desc,0.5,224,134,OPP-MORE,pair0,P,-2.2724409103393555,1.5468482971191406,632,39733
gpt-j-6b-fp32,hihp_imp_desc,0.5,224,134,OPP-MORE,pair0,Q,-1.4008493423461914,0.49770259857177734,39733,39733
gpt-j-6b-fp32,hihp_imp_desc,0.5,224,134,OPP-MORE,pair1,P,-2.2416505813598633,1.2843847274780273,27059,9493
gpt-j-6b-fp32,hihp_imp_desc,0.5,224,134,OPP-MORE,pair1,Q,-1.5370855331420898,0.6302118301391602,19157,9493
gpt-j-6b-fp32,hihp_imp_desc,0.5,224,134,OPP-MORE,pair2,P,-3.3989157676696777,2.702275276184082,27059,5747
gpt-j-6b-fp32,hihp_imp_desc,0.5,224,134,OPP-MORE,pair2,Q,-1.6680212020874023,1.1803131103515625,632,5747
gpt-j-6b-fp32,hihp_imp_desc,0.5,224,134,OPP-MORE,pair3,P,-1.965367317199707,0.9881505966186523,27059,5930
gpt-j-6b-fp32,hihp_imp_desc,0.5,224,134,OPP-MORE,pair3,Q,-1.0964393615722656,0.6236352920532227,5930,5930
gpt-j-6b-fp32,hihp_imp_desc,0.5,224,134,OPP-MORE,pair4,P,-2.968475341796875,1.8999614715576172,27059,11572
gpt-j-6b-fp32,hihp_imp_desc,0.5,224,134,OPP-MORE,pair4,Q,-1.581070899963379,1.4688348770141602,632,10797
gpt-j-6b-fp32,hihp_imp_desc,0.5,224,134,OPP-MORE,pair5,P,-1.5619354248046875,1.50006103515625,27059,1426
gpt-j-6b-fp32,hihp_imp_desc,0.5,224,134,OPP-MORE,pair5,Q,-1.363846778869629,1.3714160919189453,632,1426
gpt-j-6b-fp32,hihp_imp_desc,0.5,224,134,OPP-MORE,pair6,P,-2.1958041191101074,0.7042694091796875,27059,314
gpt-j-6b-fp32,hihp_imp_desc,0.5,224,134,OPP-MORE,pair6,Q,-1.3588333129882812,0.5247573852539062,632,5747
gpt-j-6b-fp32,hihp_imp_desc,0.5,224,134,OPP-MORE,pair7,P,-3.3596391677856445,0.9358644485473633,632,314
gpt-j-6b-fp32,hihp_imp_desc,0.5,224,134,OPP-MORE,pair7,Q,-1.0438566207885742,0.6913461685180664,632,314
gpt-j-6b-fp32,hihp_imp_desc,0.5,224,134,OPP-MORE,pair8,P,-1.5087928771972656,0.8258056640625,1874,581
gpt-j-6b-fp32,hihp_imp_desc,0.5,224,134,OPP-MORE,pair8,Q,-1.7512283325195312,0.2182331085205078,1874,581
gpt-j-6b-fp32,hihp_imp_desc,0.5,224,134,OPP-MORE,pair9,P,-3.7148914337158203,0.94927978515625,27059,1928
gpt-j-6b-fp32,hihp_imp_desc,0.5,224,134,OPP-MORE,pair9,Q,-1.606095314025879,0.5554218292236328,23663,1928
gpt-j-6b-fp32,hihp_imp_desc,0.5,224,134,OPP-LESS,pair0,P,-2.213947296142578,0.25570106506347656,632,39733
gpt-j-6b-fp32,hihp_imp_desc,0.5,224,134,OPP-LESS,pair0,Q,-1.3881797790527344,-0.9100027084350586,39733,39733
gpt-j-6b-fp32,hihp_imp_desc,0.5,224,134,OPP-LESS,pair1,P,-2.0037012100219727,0.3043203353881836,27059,9493
gpt-j-6b-fp32,hihp_imp_desc,0.5,224,134,OPP-LESS,pair1,Q,-1.3530635833740234,0.09235763549804688,19157,9493
gpt-j-6b-fp32,hihp_imp_desc,0.5,224,134,OPP-LESS,pair2,P,-3.322908401489258,1.6622447967529297,27059,5747
gpt-j-6b-fp32,hihp_imp_desc,0.5,224,134,OPP-LESS,pair2,Q,-1.6440057754516602,0.8376188278198242,632,5747
gpt-j-6b-fp32,hihp_imp_desc,0.5,224,134,OPP-LESS,pair3,P,-1.7800111770629883,0.20200061798095703,27059,5930
gpt-j-6b-fp32,hihp_imp_desc,0.5,224,134,OPP-LESS,pair3,Q,-0.9385290145874023,-0.36702632904052734,5930,5930
gpt-j-6b-fp32,hihp_imp_desc,0.5,224,134,OPP-LESS,pair4,P,-2.806466579437256,0.21361255645751953,27059,10797
gpt-j-6b-fp32,hihp_imp_desc,0.5,224,134,OPP-LESS,pair4,Q,-1.4552459716796875,-0.49637413024902344,632,10797
gpt-j-6b-fp32,hihp_imp_desc,0.5,224,134,OPP-LESS,pair5,P,-1.3466243743896484,1.1116523742675781,27059,1426
gpt-j-6b-fp32,hihp_imp_desc,0.5,224,134,OPP-LESS,pair5,Q,-1.1997661590576172,0.5328006744384766,632,1426
gpt-j-6b-fp32,hihp_imp_desc,0.5,224,134,OPP-LESS,pair6,P,-1.9722862243652344,0.02681255340576172,27059,5747
gpt-j-6b-fp32,hihp_imp_desc,0.5,224,134,OPP-LESS,pair6,Q,-1.2220191955566406,0.03904438018798828,632,5747
gpt-j-6b-fp32,hihp_imp_desc,0.5,224,134,OPP-LESS,pair7,P,-3.261505126953125,-0.315765380859375,632,314
gpt-j-6b-fp32,hihp_imp_desc,0.5,224,134,OPP-LESS,pair7,Q,-1.0237312316894531,-0.9339809417724609,632,314
gpt-j-6b-fp32,hihp_imp_desc,0.5,224,134,OPP-LESS,pair8,P,-1.4281272888183594,0.3991689682006836,1874,581
gpt-j-6b-fp32,hihp_imp_desc,0.5,224,134,OPP-LESS,pair8,Q,-1.6711082458496094,-0.06635856628417969,1874,581
gpt-j-6b-fp32,hihp_imp_desc,0.5,224,134,OPP-LESS,pair9,P,-3.5523409843444824,0.2935142517089844,27059,1928
gpt-j-6b-fp32,hihp_imp_desc,0.5,224,134,OPP-LESS,pair9,Q,-1.4800844192504883,-0.949462890625,23663,1928
gpt-j-6b-fp32,hihp_imp_desc,0.5,224,134,MORE-LESS,pair0,P,-0.027462005615234375,-0.05582141876220703,10255,10255
gpt-j-6b-fp32,hihp_imp_desc,0.5,224,134,MORE-LESS,pair0,Q,-0.02350139617919922,-0.03946208953857422,10255,10255
gpt-j-6b-fp32,hihp_imp_desc,0.5,224,134,MORE-LESS,pair1,P,0.10204601287841797,0.030959129333496094,18605,18605
gpt-j-6b-fp32,hihp_imp_desc,0.5,224,134,MORE-LESS,pair1,Q,0.14256763458251953,0.08719158172607422,18605,18605
gpt-j-6b-fp32,hihp_imp_desc,0.5,224,134,MORE-LESS,pair2,P,-0.2403240203857422,-0.059452056884765625,8038,8038
gpt-j-6b-fp32,hihp_imp_desc,0.5,224,134,MORE-LESS,pair2,Q,-0.20296287536621094,0.0044765472412109375,8038,8038
gpt-j-6b-fp32,hihp_imp_desc,0.5,224,134,MORE-LESS,pair3,P,0.052315711975097656,-0.0872812271118164,1234,5930
gpt-j-6b-fp32,hihp_imp_desc,0.5,224,134,MORE-LESS,pair3,Q,0.042377471923828125,-0.0767202377319336,1234,5930
gpt-j-6b-fp32,hihp_imp_desc,0.5,224,134,MORE-LESS,pair4,P,-0.10737323760986328,-0.1356182098388672,23448,23448
gpt-j-6b-fp32,hihp_imp_desc,0.5,224,134,MORE-LESS,pair4,Q,-0.073944091796875,-0.049750328063964844,23448,23448
gpt-j-6b-fp32,hihp_imp_desc,0.5,224,134,MORE-LESS,pair5,P,0.10764122009277344,0.05566692352294922,969,969
gpt-j-6b-fp32,hihp_imp_desc,0.5,224,134,MORE-LESS,pair5,Q,0.16467761993408203,0.058556556701660156,1426,1426
gpt-j-6b-fp32,hihp_imp_desc,0.5,224,134,MORE-LESS,pair6,P,-0.005211830139160156,0.045253753662109375,6514,6514
gpt-j-6b-fp32,hihp_imp_desc,0.5,224,134,MORE-LESS,pair6,Q,0.034546852111816406,0.062392234802246094,6514,6514
gpt-j-6b-fp32,hihp_imp_desc,0.5,224,134,MORE-LESS,pair7,P,0.012592315673828125,-0.06690311431884766,22111,22111
gpt-j-6b-fp32,hihp_imp_desc,0.5,224,134,MORE-LESS,pair7,Q,0.060454368591308594,-0.08150959014892578,22111,22111
gpt-j-6b-fp32,hihp_imp_desc,0.5,224,134,MORE-LESS,pair8,P,-0.05412483215332031,-0.07277870178222656,969,969
gpt-j-6b-fp32,hihp_imp_desc,0.5,224,134,MORE-LESS,pair8,Q,-0.040047645568847656,-0.08825206756591797,969,969
gpt-j-6b-fp32,hihp_imp_desc,0.5,224,134,MORE-LESS,pair9,P,-0.0982828140258789,-0.05391407012939453,34439,34439
gpt-j-6b-fp32,hihp_imp_desc,0.5,224,134,MORE-LESS,pair9,Q,-0.06463336944580078,-0.03889751434326172,34439,34439
gpt-j-6b-fp32,hilp_imp_desc,0.01,4,4,SAME-OPP,pair0,P,-0.004008293151855469,-0.00334930419921875,632,632
gpt-j-6b-fp32,hilp_imp_desc,0.01,4,4,SAME-OPP,pair0,Q,0.0035915374755859375,-0.001232147216796875,39733,39733
gpt-j-6b-fp32,hilp_imp_desc,0.01,4,4,SAME-OPP,pair1,P,-0.007037162780761719,-0.005621910095214844,27059,27059
gpt-j-6b-fp32,hilp_imp_desc,0.01,4,4,SAME-OPP,pair1,Q,0.0014057159423828125,-0.0018091201782226562,19157,19157
gpt-j-6b-fp32,hilp_imp_desc,0.01,4,4,SAME-OPP,pair2,P,-0.008287429809570312,-0.007708549499511719,632,632
gpt-j-6b-fp32,hilp_imp_desc,0.01,4,4,SAME-OPP,pair2,Q,0.004695892333984375,-0.01361083984375,632,632
gpt-j-6b-fp32,hilp_imp_desc,0.01,4,4,SAME-OPP,pair3,P,-0.00023555755615234375,-0.007689476013183594,27059,27059
gpt-j-6b-fp32,hilp_imp_desc,0.01,4,4,SAME-OPP,pair3,Q,-0.001201629638671875,-0.00656890869140625,632,632
gpt-j-6b-fp32,hilp_imp_desc,0.01,4,4,SAME-OPP,pair4,P,-0.005805015563964844,-0.0029315948486328125,27059,27059
gpt-j-6b-fp32,hilp_imp_desc,0.01,4,4,SAME-OPP,pair4,Q,0.0018243789672851562,-0.006566047668457031,632,632
gpt-j-6b-fp32,hilp_imp_desc,0.01,4,4,SAME-OPP,pair5,P,-0.001239776611328125,-0.0016231536865234375,27059,27059
gpt-j-6b-fp32,hilp_imp_desc,0.01,4,4,SAME-OPP,pair5,Q,0.0011272430419921875,-0.0032291412353515625,632,632
gpt-j-6b-fp32,hilp_imp_desc,0.01,4,4,SAME-OPP,pair6,P,-0.004778861999511719,-0.008017539978027344,27059,27059
gpt-j-6b-fp32,hilp_imp_desc,0.01,4,4,SAME-OPP,pair6,Q,-0.0003299713134765625,-0.007275581359863281,632,632
gpt-j-6b-fp32,hilp_imp_desc,0.01,4,4,SAME-OPP,pair7,P,0.011087417602539062,0.011196136474609375,632,632
gpt-j-6b-fp32,hilp_imp_desc,0.01,4,4,SAME-OPP,pair7,Q,0.009652137756347656,0.001983642578125,632,632
gpt-j-6b-fp32,hilp_imp_desc,0.01,4,4,SAME-OPP,pair8,P,-0.00013256072998046875,-0.010303497314453125,581,581
gpt-j-6b-fp32,hilp_imp_desc,0.01,4,4,SAME-OPP,pair8,Q,0.00083160400390625,-0.014368057250976562,581,581
gpt-j-6b-fp32,hilp_imp_desc,0.01,4,4,SAME-OPP,pair9,P,-0.0016756057739257812,8.392333984375e-05,27059,27059
gpt-j-6b-fp32,hilp_imp_desc,0.01,4,4,SAME-OPP,pair9,Q,-0.0025424957275390625,-0.0069980621337890625,1928,1928
gpt-j-6b-fp32,hilp_imp_desc,0.01,4,4,SAME-MORE,pair0,P,0.01268768310546875,0.008243560791015625,632,632
gpt-j-6b-fp32,hilp_imp_desc,0.01,4,4,SAME-MORE,pair0,Q,-0.007515907287597656,-0.008771896362304688,39733,39733
gpt-j-6b-fp32,hilp_imp_desc,0.01,4,4,SAME-MORE,pair1,P,0.02162456512451172,-0.0025815963745117188,27059,27059
gpt-j-6b-fp32,hilp_imp_desc,0.01,4,4,SAME-MORE,pair1,Q,-0.004258155822753906,-0.0043544769287109375,19157,19157
gpt-j-6b-fp32,hilp_imp_desc,0.01,4,4,SAME-MORE,pair2,P,0.004464149475097656,0.01958465576171875,632,632
gpt-j-6b-fp32,hilp_imp_desc,0.01,4,4,SAME-MORE,pair2,Q,0.0003261566162109375,-0.0019969940185546875,632,632
gpt-j-6b-fp32,hilp_imp_desc,0.01,4,4,SAME-MORE,pair3,P,0.025379180908203125,0.030529022216796875,27059,27059
gpt-j-6b-fp32,hilp_imp_desc,0.01,4,4,SAME-MORE,pair3,Q,-0.0083770751953125,0.022255897521972656,632,632
gpt-j-6b-fp32,hilp_imp_desc,0.01,4,4,SAME-MORE,pair4,P,0.011266708374023438,0.000225067138671875,27059,27059
gpt-j-6b-fp32,hilp_imp_desc,0.01,4,4,SAME-MORE,pair4,Q,0.00152587890625,-0.016556739807128906,632,632
gpt-j-6b-fp32,hilp_imp_desc,0.01,4,4,SAME-MORE,pair5,P,0.02174854278564453,0.041164398193359375,27059,27059
gpt-j-6b-fp32,hilp_imp_desc,0.01,4,4,SAME-MORE,pair5,Q,-0.022545814514160156,0.03656578063964844,632,632
gpt-j-6b-fp32,hilp_imp_desc,0.01,4,4,SAME-MORE,pair6,P,0.010392189025878906,0.017159461975097656,27059,27059
gpt-j-6b-fp32,hilp_imp_desc,0.01,4,4,SAME-MORE,pair6,Q,-0.010061264038085938,0.0014781951904296875,632,632
gpt-j-6b-fp32,hilp_imp_desc,0.01,4,4,SAME-MORE,pair7,P,0.020977020263671875,-0.00536346435546875,632,632
gpt-j-6b-fp32,hilp_imp_desc,0.01,4,4,SAME-MORE,pair7,Q,0.003284454345703125,-0.0075283050537109375,632,632
gpt-j-6b-fp32,hilp_imp_desc,0.01,4,4,SAME-MORE,pair8,P,0.01741504669189453,0.017472267150878906,581,581
gpt-j-6b-fp32,hilp_imp_desc,0.01,4,4,SAME-MORE,pair8,Q,-0.012146949768066406,0.012360572814941406,581,581
gpt-j-6b-fp32,hilp_imp_desc,0.01,4,4,SAME-MORE,pair9,P,0.010737419128417969,0.010211944580078125,27059,27059
gpt-j-6b-fp32,hilp_imp_desc,0.01,4,4,SAME-MORE,pair9,Q,-0.010007858276367188,0.005481719970703125,1928,1928
gpt-j-6b-fp32,hilp_imp_desc,0.01,4,4,SAME-LESS,pair0,P,0.0064697265625,0.011168479919433594,632,632
gpt-j-6b-fp32,hilp_imp_desc,0.01,4,4,SAME-LESS,pair0,Q,-0.011946678161621094,0.002227783203125,39733,39733
gpt-j-6b-fp32,hilp_imp_desc,0.01,4,4,SAME-LESS,pair1,P,0.022606849670410156,0.021798133850097656,27059,27059
gpt-j-6b-fp32,hilp_imp_desc,0.01,4,4,SAME-LESS,pair1,Q,-0.006785392761230469,0.010594367980957031,19157,19157
gpt-j-6b-fp32,hilp_imp_desc,0.01,4,4,SAME-LESS,pair2,P,0.0005931854248046875,0.030646324157714844,632,632
gpt-j-6b-fp32,hilp_imp_desc,0.01,4,4,SAME-LESS,pair2,Q,-0.007958412170410156,-0.011013031005859375,632,632
gpt-j-6b-fp32,hilp_imp_desc,0.01,4,4,SAME-LESS,pair3,P,0.021131515502929688,-0.024316787719726562,27059,27059
gpt-j-6b-fp32,hilp_imp_desc,0.01,4,4,SAME-LESS,pair3,Q,-0.019766807556152344,-0.028717994689941406,632,632
gpt-j-6b-fp32,hilp_imp_desc,0.01,4,4,SAME-LESS,pair4,P,0.014281272888183594,0.0007953643798828125,27059,27059
gpt-j-6b-fp32,hilp_imp_desc,0.01,4,4,SAME-LESS,pair4,Q,0.0042133331298828125,0.0025091171264648438,632,632
gpt-j-6b-fp32,hilp_imp_desc,0.01,4,4,SAME-LESS,pair5,P,0.01580333709716797,-0.000522613525390625,27059,27059
gpt-j-6b-fp32,hilp_imp_desc,0.01,4,4,SAME-LESS,pair5,Q,-0.03006458282470703,-0.0028123855590820312,632,632
gpt-j-6b-fp32,hilp_imp_desc,0.01,4,4,SAME-LESS,pair6,P,0.010798454284667969,-0.01731395721435547,27059,27059
gpt-j-6b-fp32,hilp_imp_desc,0.01,4,4,SAME-LESS,pair6,Q,-0.013395309448242188,-0.044341087341308594,632,632
gpt-j-6b-fp32,hilp_imp_desc,0.01,4,4,SAME-LESS,pair7,P,0.011034965515136719,0.031192779541015625,632,632
gpt-j-6b-fp32,hilp_imp_desc,0.01,4,4,SAME-LESS,pair7,Q,-0.0024709701538085938,0.028774261474609375,632,632
gpt-j-6b-fp32,hilp_imp_desc,0.01,4,4,SAME-LESS,pair8,P,0.01789093017578125,0.0031099319458007812,581,581
gpt-j-6b-fp32,hilp_imp_desc,0.01,4,4,SAME-LESS,pair8,Q,-0.01720142364501953,-0.009936332702636719,581,581
gpt-j-6b-fp32,hilp_imp_desc,0.01,4,4,SAME-LESS,pair9,P,0.01049041748046875,0.029123306274414062,27059,27059
gpt-j-6b-fp32,hilp_imp_desc,0.01,4,4,SAME-LESS,pair9,Q,-0.014036178588867188,0.025725364685058594,1928,1928
gpt-j-6b-fp32,hilp_imp_desc,0.01,4,4,OPP-MORE,pair0,P,0.010572433471679688,0.02752208709716797,632,632
gpt-j-6b-fp32,hilp_imp_desc,0.01,4,4,OPP-MORE,pair0,Q,0.0019397735595703125,-0.0035839080810546875,39733,39733
gpt-j-6b-fp32,hilp_imp_desc,0.01,4,4,OPP-MORE,pair1,P,0.01105499267578125,0.03764629364013672,27059,27059
gpt-j-6b-fp32,hilp_imp_desc,0.01,4,4,OPP-MORE,pair1,Q,0.004582405090332031,0.01612567901611328,19157,19157
gpt-j-6b-fp32,hilp_imp_desc,0.01,4,4,OPP-MORE,pair2,P,0.01680278778076172,0.04521942138671875,27059,27059
gpt-j-6b-fp32,hilp_imp_desc,0.01,4,4,OPP-MORE,pair2,Q,0.0022115707397460938,0.028081893920898438,632,632
gpt-j-6b-fp32,hilp_imp_desc,0.01,4,4,OPP-MORE,pair3,P,0.03801727294921875,0.06896305084228516,27059,27059
gpt-j-6b-fp32,hilp_imp_desc,0.01,4,4,OPP-MORE,pair3,Q,0.005484580993652344,0.058295249938964844,5930,5930
gpt-j-6b-fp32,hilp_imp_desc,0.01,4,4,OPP-MORE,pair4,P,0.0243682861328125,0.017652511596679688,27059,27059
gpt-j-6b-fp32,hilp_imp_desc,0.01,4,4,OPP-MORE,pair4,Q,0.009581565856933594,0.0065250396728515625,632,632
gpt-j-6b-fp32,hilp_imp_desc,0.01,4,4,OPP-MORE,pair5,P,0.010301589965820312,0.06726837158203125,27059,27059
gpt-j-6b-fp32,hilp_imp_desc,0.01,4,4,OPP-MORE,pair5,Q,-0.005827903747558594,0.05283832550048828,632,632
gpt-j-6b-fp32,hilp_imp_desc,0.01,4,4,OPP-MORE,pair6,P,0.011996269226074219,0.04092597961425781,27059,27059
gpt-j-6b-fp32,hilp_imp_desc,0.01,4,4,OPP-MORE,pair6,Q,0.013957023620605469,0.022409439086914062,632,632
gpt-j-6b-fp32,hilp_imp_desc,0.01,4,4,OPP-MORE,pair7,P,0.017357826232910156,0.01625537872314453,632,632
gpt-j-6b-fp32,hilp_imp_desc,0.01,4,4,OPP-MORE,pair7,Q,0.0012063980102539062,0.013479232788085938,632,632
gpt-j-6b-fp32,hilp_imp_desc,0.01,4,4,OPP-MORE,pair8,P,0.03238677978515625,0.04977607727050781,1874,1874
gpt-j-6b-fp32,hilp_imp_desc,0.01,4,4,OPP-MORE,pair8,Q,0.012076377868652344,0.04201221466064453,1874,1874
gpt-j-6b-fp32,hilp_imp_desc,0.01,4,4,OPP-MORE,pair9,P,0.02083587646484375,0.033336639404296875,27059,27059
gpt-j-6b-fp32,hilp_imp_desc,0.01,4,4,OPP-MORE,pair9,Q,0.0012998580932617188,0.025712013244628906,23663,23663
gpt-j-6b-fp32,hilp_imp_desc,0.01,4,4,OPP-LESS,pair0,P,0.0006122589111328125,0.024007797241210938,632,632
gpt-j-6b-fp32,hilp_imp_desc,0.01,4,4,OPP-LESS,pair0,Q,-0.0035114288330078125,0.010931015014648438,39733,39733
gpt-j-6b-fp32,hilp_imp_desc,0.01,4,4,OPP-LESS,pair1,P,0.0068874359130859375,0.04102802276611328,27059,27059
gpt-j-6b-fp32,hilp_imp_desc,0.01,4,4,OPP-LESS,pair1,Q,0.0029230117797851562,0.0227203369140625,19157,19157
gpt-j-6b-fp32,hilp_imp_desc,0.01,4,4,OPP-LESS,pair2,P,0.009033203125,0.05206727981567383,27059,27059
gpt-j-6b-fp32,hilp_imp_desc,0.01,4,4,OPP-LESS,pair2,Q,-0.0049591064453125,0.00591278076171875,632,632
gpt-j-6b-fp32,hilp_imp_desc,0.01,4,4,OPP-LESS,pair3,P,0.033875465393066406,0.010631561279296875,27059,27059
gpt-j-6b-fp32,hilp_imp_desc,0.01,4,4,OPP-LESS,pair3,Q,-0.0025005340576171875,0.012969017028808594,5930,5930
gpt-j-6b-fp32,hilp_imp_desc,0.01,4,4,OPP-LESS,pair4,P,0.026503562927246094,0.019003868103027344,27059,27059
gpt-j-6b-fp32,hilp_imp_desc,0.01,4,4,OPP-LESS,pair4,Q,0.012057304382324219,0.02045154571533203,632,632
gpt-j-6b-fp32,hilp_imp_desc,0.01,4,4,OPP-LESS,pair5,P,0.00215911865234375,0.03227710723876953,27059,27059
gpt-j-6b-fp32,hilp_imp_desc,0.01,4,4,OPP-LESS,pair5,Q,-0.013632774353027344,0.028176307678222656,632,632
gpt-j-6b-fp32,hilp_imp_desc,0.01,4,4,OPP-LESS,pair6,P,0.011603355407714844,-0.0017156600952148438,27059,27059
gpt-j-6b-fp32,hilp_imp_desc,0.01,4,4,OPP-LESS,pair6,Q,0.008764266967773438,-0.019643783569335938,632,632
gpt-j-6b-fp32,hilp_imp_desc,0.01,4,4,OPP-LESS,pair7,P,0.0073680877685546875,0.04362297058105469,632,632
gpt-j-6b-fp32,hilp_imp_desc,0.01,4,4,OPP-LESS,pair7,Q,-0.0054454803466796875,0.028539657592773438,632,632
gpt-j-6b-fp32,hilp_imp_desc,0.01,4,4,OPP-LESS,pair8,P,0.029052734375,0.02473163604736328,1874,1874
gpt-j-6b-fp32,hilp_imp_desc,0.01,4,4,OPP-LESS,pair8,Q,0.006867408752441406,0.02450847625732422,1874,1874
gpt-j-6b-fp32,hilp_imp_desc,0.01,4,4,OPP-LESS,pair9,P,0.018965721130371094,0.03856086730957031,27059,27059
gpt-j-6b-fp32,hilp_imp_desc,0.01,4,4,OPP-LESS,pair9,Q,-0.0005559921264648438,0.028771400451660156,23663,23663
gpt-j-6b-fp32,hilp_imp_desc,0.01,4,4,MORE-LESS,pair0,P,0.0002422332763671875,0.0016231536865234375,10255,10255
gpt-j-6b-fp32,hilp_imp_desc,0.01,4,4,MORE-LESS,pair0,Q,-0.0009746551513671875,0.000873565673828125,10255,10255
gpt-j-6b-fp32,hilp_imp_desc,0.01,4,4,MORE-LESS,pair1,P,0.00064849853515625,-0.0018415451049804688,18605,18605
gpt-j-6b-fp32,hilp_imp_desc,0.01,4,4,MORE-LESS,pair1,Q,-0.0007200241088867188,-0.0036725997924804688,18605,18605
gpt-j-6b-fp32,hilp_imp_desc,0.01,4,4,MORE-LESS,pair2,P,0.00344085693359375,0.004863739013671875,8038,8038
gpt-j-6b-fp32,hilp_imp_desc,0.01,4,4,MORE-LESS,pair2,Q,0.0026884078979492188,0.004637718200683594,8038,8038
gpt-j-6b-fp32,hilp_imp_desc,0.01,4,4,MORE-LESS,pair3,P,0.014447212219238281,0.006386756896972656,1234,1234
gpt-j-6b-fp32,hilp_imp_desc,0.01,4,4,MORE-LESS,pair3,Q,0.011496543884277344,0.0034570693969726562,1234,1234
gpt-j-6b-fp32,hilp_imp_desc,0.01,4,4,MORE-LESS,pair4,P,0.0006198883056640625,-0.0015764236450195312,23448,23448
gpt-j-6b-fp32,hilp_imp_desc,0.01,4,4,MORE-LESS,pair4,Q,-0.0028142929077148438,-0.0035552978515625,23448,23448
gpt-j-6b-fp32,hilp_imp_desc,0.01,4,4,MORE-LESS,pair5,P,0.0009737014770507812,-0.0029850006103515625,969,969
gpt-j-6b-fp32,hilp_imp_desc,0.01,4,4,MORE-LESS,pair5,Q,-0.0019550323486328125,-0.004603385925292969,1426,1426
gpt-j-6b-fp32,hilp_imp_desc,0.01,4,4,MORE-LESS,pair6,P,-0.0007104873657226562,0.005944252014160156,6514,6514
gpt-j-6b-fp32,hilp_imp_desc,0.01,4,4,MORE-LESS,pair6,Q,-0.002727508544921875,0.004595756530761719,6514,6514
gpt-j-6b-fp32,hilp_imp_desc,0.01,4,4,MORE-LESS,pair7,P,0.004631996154785156,-0.0016508102416992188,22111,22111
gpt-j-6b-fp32,hilp_imp_desc,0.01,4,4,MORE-LESS,pair7,Q,0.004872322082519531,0.0001678466796875,22111,22111
gpt-j-6b-fp32,hilp_imp_desc,0.01,4,4,MORE-LESS,pair8,P,0.004343986511230469,0.0025129318237304688,969,969
gpt-j-6b-fp32,hilp_imp_desc,0.01,4,4,MORE-LESS,pair8,Q,0.005227088928222656,0.0001468658447265625,969,969
gpt-j-6b-fp32,hilp_imp_desc,0.01,4,4,MORE-LESS,pair9,P,0.010474205017089844,0.009900093078613281,34439,34439
gpt-j-6b-fp32,hilp_imp_desc,0.01,4,4,MORE-LESS,pair9,Q,0.008686065673828125,0.009243011474609375,34439,34439
gpt-j-6b-fp32,hilp_imp_desc,0.03,13,13,SAME-OPP,pair0,P,0.011498451232910156,-0.021430015563964844,632,632
gpt-j-6b-fp32,hilp_imp_desc,0.03,13,13,SAME-OPP,pair0,Q,-0.0017728805541992188,-0.03130054473876953,39733,39733
gpt-j-6b-fp32,hilp_imp_desc,0.03,13,13,SAME-OPP,pair1,P,0.0044155120849609375,-0.017414093017578125,27059,27059
gpt-j-6b-fp32,hilp_imp_desc,0.03,13,13,SAME-OPP,pair1,Q,-0.028314590454101562,-0.06044960021972656,19157,19157
gpt-j-6b-fp32,hilp_imp_desc,0.03,13,13,SAME-OPP,pair2,P,-0.0009660720825195312,-0.026062965393066406,632,632
gpt-j-6b-fp32,hilp_imp_desc,0.03,13,13,SAME-OPP,pair2,Q,-0.0020208358764648438,-0.03913307189941406,632,632
gpt-j-6b-fp32,hilp_imp_desc,0.03,13,13,SAME-OPP,pair3,P,0.0011615753173828125,-0.02266407012939453,27059,27059
gpt-j-6b-fp32,hilp_imp_desc,0.03,13,13,SAME-OPP,pair3,Q,-0.020008087158203125,-0.04106616973876953,632,632
gpt-j-6b-fp32,hilp_imp_desc,0.03,13,13,SAME-OPP,pair4,P,0.0039768218994140625,-0.02685832977294922,27059,27059
gpt-j-6b-fp32,hilp_imp_desc,0.03,13,13,SAME-OPP,pair4,Q,-0.014281272888183594,-0.04286670684814453,632,632
gpt-j-6b-fp32,hilp_imp_desc,0.03,13,13,SAME-OPP,pair5,P,0.006335258483886719,-0.016071319580078125,27059,27059
gpt-j-6b-fp32,hilp_imp_desc,0.03,13,13,SAME-OPP,pair5,Q,-0.007031440734863281,-0.03748798370361328,632,632
gpt-j-6b-fp32,hilp_imp_desc,0.03,13,13,SAME-OPP,pair6,P,-8.96453857421875e-05,-0.01949596405029297,27059,27059
gpt-j-6b-fp32,hilp_imp_desc,0.03,13,13,SAME-OPP,pair6,Q,-0.012356758117675781,-0.042952537536621094,632,632
gpt-j-6b-fp32,hilp_imp_desc,0.03,13,13,SAME-OPP,pair7,P,0.007907867431640625,-0.02060699462890625,632,632
gpt-j-6b-fp32,hilp_imp_desc,0.03,13,13,SAME-OPP,pair7,Q,-0.010683059692382812,-0.04802894592285156,632,632
gpt-j-6b-fp32,hilp_imp_desc,0.03,13,13,SAME-OPP,pair8,P,0.008398056030273438,-0.01964569091796875,581,581
gpt-j-6b-fp32,hilp_imp_desc,0.03,13,13,SAME-OPP,pair8,Q,-0.011086463928222656,-0.04534339904785156,581,1874
gpt-j-6b-fp32,hilp_imp_desc,0.03,13,13,SAME-OPP,pair9,P,0.010735511779785156,-0.01815319061279297,27059,27059
gpt-j-6b-fp32,hilp_imp_desc,0.03,13,13,SAME-OPP,pair9,Q,-0.010521888732910156,-0.03336334228515625,1928,1928
gpt-j-6b-fp32,hilp_imp_desc,0.03,13,13,SAME-MORE,pair0,P,-0.037552833557128906,0.04157829284667969,632,632
gpt-j-6b-fp32,hilp_imp_desc,0.03,13,13,SAME-MORE,pair0,Q,-0.042022705078125,0.022665977478027344,39733,39733
gpt-j-6b-fp32,hilp_imp_desc,0.03,13,13,SAME-MORE,pair1,P,-0.01857471466064453,-0.02247333526611328,27059,27059
gpt-j-6b-fp32,hilp_imp_desc,0.03,13,13,SAME-MORE,pair1,Q,-0.006621360778808594,-0.053440093994140625,19157,19157
gpt-j-6b-fp32,hilp_imp_desc,0.03,13,13,SAME-MORE,pair2,P,-0.05318164825439453,0.04908561706542969,632,632
gpt-j-6b-fp32,hilp_imp_desc,0.03,13,13,SAME-MORE,pair2,Q,-0.011615753173828125,0.04328155517578125,632,632
gpt-j-6b-fp32,hilp_imp_desc,0.03,13,13,SAME-MORE,pair3,P,-0.018959999084472656,0.01698017120361328,27059,27059
gpt-j-6b-fp32,hilp_imp_desc,0.03,13,13,SAME-MORE,pair3,Q,-0.01935863494873047,0.027532577514648438,632,632
gpt-j-6b-fp32,hilp_imp_desc,0.03,13,13,SAME-MORE,pair4,P,-0.03528308868408203,-0.024840354919433594,27059,27059
gpt-j-6b-fp32,hilp_imp_desc,0.03,13,13,SAME-MORE,pair4,Q,-0.034759521484375,-0.017966270446777344,632,632
gpt-j-6b-fp32,hilp_imp_desc,0.03,13,13,SAME-MORE,pair5,P,-0.016188621520996094,0.057666778564453125,27059,27059
gpt-j-6b-fp32,hilp_imp_desc,0.03,13,13,SAME-MORE,pair5,Q,-0.03433513641357422,0.08606624603271484,632,632
gpt-j-6b-fp32,hilp_imp_desc,0.03,13,13,SAME-MORE,pair6,P,-0.042842864990234375,0.0017137527465820312,27059,27059
gpt-j-6b-fp32,hilp_imp_desc,0.03,13,13,SAME-MORE,pair6,Q,-0.031235694885253906,-0.015064239501953125,632,632
gpt-j-6b-fp32,hilp_imp_desc,0.03,13,13,SAME-MORE,pair7,P,0.0029058456420898438,-0.008898735046386719,632,632
gpt-j-6b-fp32,hilp_imp_desc,0.03,13,13,SAME-MORE,pair7,Q,-0.015793800354003906,-0.007660865783691406,632,632
gpt-j-6b-fp32,hilp_imp_desc,0.03,13,13,SAME-MORE,pair8,P,-0.04305267333984375,0.038231849670410156,581,581
gpt-j-6b-fp32,hilp_imp_desc,0.03,13,13,SAME-MORE,pair8,Q,-0.05061817169189453,0.016666412353515625,581,1874
gpt-j-6b-fp32,hilp_imp_desc,0.03,13,13,SAME-MORE,pair9,P,-0.00214385986328125,-0.016396522521972656,27059,27059
gpt-j-6b-fp32,hilp_imp_desc,0.03,13,13,SAME-MORE,pair9,Q,-0.025684356689453125,-0.016625404357910156,1928,23663
gpt-j-6b-fp32,hilp_imp_desc,0.03,13,13,SAME-LESS,pair0,P,-0.044586181640625,0.017644882202148438,632,632
gpt-j-6b-fp32,hilp_imp_desc,0.03,13,13,SAME-LESS,pair0,Q,-0.044734954833984375,-0.048836708068847656,39733,39733
gpt-j-6b-fp32,hilp_imp_desc,0.03,13,13,SAME-LESS,pair1,P,-0.011828422546386719,-0.019321441650390625,27059,27059
gpt-j-6b-fp32,hilp_imp_desc,0.03,13,13,SAME-LESS,pair1,Q,-0.00067901611328125,-0.016574859619140625,19157,19157
gpt-j-6b-fp32,hilp_imp_desc,0.03,13,13,SAME-LESS,pair2,P,-0.050034523010253906,0.011246204376220703,632,632
gpt-j-6b-fp32,hilp_imp_desc,0.03,13,13,SAME-LESS,pair2,Q,-0.020636558532714844,-0.05743217468261719,632,632
gpt-j-6b-fp32,hilp_imp_desc,0.03,13,13,SAME-LESS,pair3,P,-0.0183868408203125,-0.07682132720947266,27059,27059
gpt-j-6b-fp32,hilp_imp_desc,0.03,13,13,SAME-LESS,pair3,Q,-0.024166107177734375,-0.09683036804199219,632,632
gpt-j-6b-fp32,hilp_imp_desc,0.03,13,13,SAME-LESS,pair4,P,-0.029058456420898438,-0.01934337615966797,27059,27059
gpt-j-6b-fp32,hilp_imp_desc,0.03,13,13,SAME-LESS,pair4,Q,-0.03005695343017578,-0.010663032531738281,632,632
gpt-j-6b-fp32,hilp_imp_desc,0.03,13,13,SAME-LESS,pair5,P,-0.010610580444335938,0.014231681823730469,27059,27059
gpt-j-6b-fp32,hilp_imp_desc,0.03,13,13,SAME-LESS,pair5,Q,-0.030086517333984375,-0.022802352905273438,632,632
gpt-j-6b-fp32,hilp_imp_desc,0.03,13,13,SAME-LESS,pair6,P,-0.034938812255859375,-0.020503997802734375,27059,27059
gpt-j-6b-fp32,hilp_imp_desc,0.03,13,13,SAME-LESS,pair6,Q,-0.030427932739257812,-0.030988693237304688,632,632
gpt-j-6b-fp32,hilp_imp_desc,0.03,13,13,SAME-LESS,pair7,P,-0.004071235656738281,0.014027595520019531,632,632
gpt-j-6b-fp32,hilp_imp_desc,0.03,13,13,SAME-LESS,pair7,Q,-0.022386550903320312,-0.02872467041015625,632,632
gpt-j-6b-fp32,hilp_imp_desc,0.03,13,13,SAME-LESS,pair8,P,-0.038796424865722656,-0.006289482116699219,581,581
gpt-j-6b-fp32,hilp_imp_desc,0.03,13,13,SAME-LESS,pair8,Q,-0.05340766906738281,-0.02698230743408203,581,581
gpt-j-6b-fp32,hilp_imp_desc,0.03,13,13,SAME-LESS,pair9,P,-0.0021877288818359375,0.008009910583496094,27059,27059
gpt-j-6b-fp32,hilp_imp_desc,0.03,13,13,SAME-LESS,pair9,Q,-0.030981063842773438,0.0035409927368164062,1928,23663
gpt-j-6b-fp32,hilp_imp_desc,0.03,13,13,OPP-MORE,pair0,P,0.0019311904907226562,0.054874420166015625,632,632
gpt-j-6b-fp32,hilp_imp_desc,0.03,13,13,OPP-MORE,pair0,Q,0.01919269561767578,0.02725696563720703,39733,39733
gpt-j-6b-fp32,hilp_imp_desc,0.03,13,13,OPP-MORE,pair1,P,0.00952911376953125,-0.006427764892578125,27059,27059
gpt-j-6b-fp32,hilp_imp_desc,0.03,13,13,OPP-MORE,pair1,Q,0.06841182708740234,-0.03702068328857422,19157,19157
gpt-j-6b-fp32,hilp_imp_desc,0.03,13,13,OPP-MORE,pair2,P,0.008535385131835938,0.10378551483154297,27059,27059
gpt-j-6b-fp32,hilp_imp_desc,0.03,13,13,OPP-MORE,pair2,Q,0.023912429809570312,0.0895547866821289,632,632
gpt-j-6b-fp32,hilp_imp_desc,0.03,13,13,OPP-MORE,pair3,P,0.03066253662109375,0.04866313934326172,27059,27059
gpt-j-6b-fp32,hilp_imp_desc,0.03,13,13,OPP-MORE,pair3,Q,0.021257400512695312,0.05197429656982422,5930,5930
gpt-j-6b-fp32,hilp_imp_desc,0.03,13,13,OPP-MORE,pair4,P,-0.007170677185058594,0.0011529922485351562,27059,27059
gpt-j-6b-fp32,hilp_imp_desc,0.03,13,13,OPP-MORE,pair4,Q,0.0009412765502929688,0.007781982421875,632,632
gpt-j-6b-fp32,hilp_imp_desc,0.03,13,13,OPP-MORE,pair5,P,0.009362220764160156,0.08468151092529297,27059,27059
gpt-j-6b-fp32,hilp_imp_desc,0.03,13,13,OPP-MORE,pair5,Q,0.009351730346679688,0.10246086120605469,632,632
gpt-j-6b-fp32,hilp_imp_desc,0.03,13,13,OPP-MORE,pair6,P,-0.0038366317749023438,0.031169891357421875,27059,27059
gpt-j-6b-fp32,hilp_imp_desc,0.03,13,13,OPP-MORE,pair6,Q,0.02164173126220703,0.011022567749023438,632,632
gpt-j-6b-fp32,hilp_imp_desc,0.03,13,13,OPP-MORE,pair7,P,0.017304420471191406,0.01871490478515625,632,632
gpt-j-6b-fp32,hilp_imp_desc,0.03,13,13,OPP-MORE,pair7,Q,0.023721694946289062,0.035465240478515625,632,632
gpt-j-6b-fp32,hilp_imp_desc,0.03,13,13,OPP-MORE,pair8,P,0.030417442321777344,0.08922672271728516,1874,1874
gpt-j-6b-fp32,hilp_imp_desc,0.03,13,13,OPP-MORE,pair8,Q,-0.03140544891357422,0.06582832336425781,1874,1874
gpt-j-6b-fp32,hilp_imp_desc,0.03,13,13,OPP-MORE,pair9,P,0.007079124450683594,-0.0035104751586914062,27059,27059
gpt-j-6b-fp32,hilp_imp_desc,0.03,13,13,OPP-MORE,pair9,Q,0.0032339096069335938,-0.0027589797973632812,23663,23663
gpt-j-6b-fp32,hilp_imp_desc,0.03,13,13,OPP-LESS,pair0,P,-0.020212173461914062,0.051398277282714844,632,632
gpt-j-6b-fp32,hilp_imp_desc,0.03,13,13,OPP-LESS,pair0,Q,0.012514114379882812,-0.02052021026611328,39733,39733
gpt-j-6b-fp32,hilp_imp_desc,0.03,13,13,OPP-LESS,pair1,P,-0.0010471343994140625,0.010939598083496094,27059,27059
gpt-j-6b-fp32,hilp_imp_desc,0.03,13,13,OPP-LESS,pair1,Q,0.0693197250366211,-0.0017881393432617188,19157,19157
gpt-j-6b-fp32,hilp_imp_desc,0.03,13,13,OPP-LESS,pair2,P,7.05718994140625e-05,0.05705070495605469,27059,27059
gpt-j-6b-fp32,hilp_imp_desc,0.03,13,13,OPP-LESS,pair2,Q,0.019765853881835938,-0.024697303771972656,632,632
gpt-j-6b-fp32,hilp_imp_desc,0.03,13,13,OPP-LESS,pair3,P,0.018190383911132812,-0.050795555114746094,27059,27059
gpt-j-6b-fp32,hilp_imp_desc,0.03,13,13,OPP-LESS,pair3,Q,0.020154953002929688,-0.04707813262939453,5930,5930
gpt-j-6b-fp32,hilp_imp_desc,0.03,13,13,OPP-LESS,pair4,P,-0.013564109802246094,-0.029987335205078125,27059,27059
gpt-j-6b-fp32,hilp_imp_desc,0.03,13,13,OPP-LESS,pair4,Q,0.008180618286132812,-0.032115936279296875,632,632
gpt-j-6b-fp32,hilp_imp_desc,0.03,13,13,OPP-LESS,pair5,P,-0.0073184967041015625,0.03565406799316406,27059,27059
gpt-j-6b-fp32,hilp_imp_desc,0.03,13,13,OPP-LESS,pair5,Q,0.012282371520996094,0.01663970947265625,632,632
gpt-j-6b-fp32,hilp_imp_desc,0.03,13,13,OPP-LESS,pair6,P,-0.014697074890136719,-0.01816272735595703,27059,27059
gpt-j-6b-fp32,hilp_imp_desc,0.03,13,13,OPP-LESS,pair6,Q,0.018060684204101562,-0.02379131317138672,632,632
gpt-j-6b-fp32,hilp_imp_desc,0.03,13,13,OPP-LESS,pair7,P,-0.016084671020507812,0.03150463104248047,632,632
gpt-j-6b-fp32,hilp_imp_desc,0.03,13,13,OPP-LESS,pair7,Q,0.018617630004882812,-0.03277015686035156,632,632
gpt-j-6b-fp32,hilp_imp_desc,0.03,13,13,OPP-LESS,pair8,P,0.022360801696777344,0.01364898681640625,1874,1874
gpt-j-6b-fp32,hilp_imp_desc,0.03,13,13,OPP-LESS,pair8,Q,-0.03293418884277344,0.013451576232910156,1874,1874
gpt-j-6b-fp32,hilp_imp_desc,0.03,13,13,OPP-LESS,pair9,P,-0.004047393798828125,0.029760360717773438,27059,27059
gpt-j-6b-fp32,hilp_imp_desc,0.03,13,13,OPP-LESS,pair9,Q,-0.0016565322875976562,0.022733688354492188,23663,23663
gpt-j-6b-fp32,hilp_imp_desc,0.03,13,13,MORE-LESS,pair0,P,-0.017274856567382812,0.0010843276977539062,10255,10255
gpt-j-6b-fp32,hilp_imp_desc,0.03,13,13,MORE-LESS,pair0,Q,-0.010775566101074219,0.0007543563842773438,10255,10255
gpt-j-6b-fp32,hilp_imp_desc,0.03,13,13,MORE-LESS,pair1,P,-0.020294189453125,-0.0058078765869140625,18605,18605
gpt-j-6b-fp32,hilp_imp_desc,0.03,13,13,MORE-LESS,pair1,Q,-0.008220672607421875,-0.0067501068115234375,18605,18605
gpt-j-6b-fp32,hilp_imp_desc,0.03,13,13,MORE-LESS,pair2,P,-0.004670143127441406,0.007784843444824219,8038,8038
gpt-j-6b-fp32,hilp_imp_desc,0.03,13,13,MORE-LESS,pair2,Q,-0.008620262145996094,0.007580757141113281,8038,8038
gpt-j-6b-fp32,hilp_imp_desc,0.03,13,13,MORE-LESS,pair3,P,0.012881278991699219,0.018274307250976562,1234,1234
gpt-j-6b-fp32,hilp_imp_desc,0.03,13,13,MORE-LESS,pair3,Q,0.008394241333007812,0.017215728759765625,1234,1234
gpt-j-6b-fp32,hilp_imp_desc,0.03,13,13,MORE-LESS,pair4,P,0.001678466796875,-0.005303382873535156,23448,23448
gpt-j-6b-fp32,hilp_imp_desc,0.03,13,13,MORE-LESS,pair4,Q,-0.0017042160034179688,0.0006732940673828125,23448,23448
gpt-j-6b-fp32,hilp_imp_desc,0.03,13,13,MORE-LESS,pair5,P,-0.017653465270996094,0.006207466125488281,969,969
gpt-j-6b-fp32,hilp_imp_desc,0.03,13,13,MORE-LESS,pair5,Q,-0.015080451965332031,0.0059909820556640625,1426,1426
gpt-j-6b-fp32,hilp_imp_desc,0.03,13,13,MORE-LESS,pair6,P,-0.0057220458984375,0.014585494995117188,6514,6514
gpt-j-6b-fp32,hilp_imp_desc,0.03,13,13,MORE-LESS,pair6,Q,-0.0023136138916015625,0.016275405883789062,6514,6514
gpt-j-6b-fp32,hilp_imp_desc,0.03,13,13,MORE-LESS,pair7,P,-0.0015420913696289062,0.00588226318359375,22111,22111
gpt-j-6b-fp32,hilp_imp_desc,0.03,13,13,MORE-LESS,pair7,Q,-0.0017004013061523438,0.010570526123046875,22111,22111
gpt-j-6b-fp32,hilp_imp_desc,0.03,13,13,MORE-LESS,pair8,P,-0.00650787353515625,0.010186195373535156,969,969
gpt-j-6b-fp32,hilp_imp_desc,0.03,13,13,MORE-LESS,pair8,Q,-0.003930091857910156,0.0030193328857421875,969,969
gpt-j-6b-fp32,hilp_imp_desc,0.03,13,13,MORE-LESS,pair9,P,-0.0021839141845703125,0.00815582275390625,34439,34439
gpt-j-6b-fp32,hilp_imp_desc,0.03,13,13,MORE-LESS,pair9,Q,-0.006455421447753906,0.009421348571777344,34439,34439
gpt-j-6b-fp32,hilp_imp_desc,0.05,22,22,SAME-OPP,pair0,P,0.0045680999755859375,-0.03424644470214844,632,632
gpt-j-6b-fp32,hilp_imp_desc,0.05,22,22,SAME-OPP,pair0,Q,-0.014276504516601562,-0.04733562469482422,39733,39733
gpt-j-6b-fp32,hilp_imp_desc,0.05,22,22,SAME-OPP,pair1,P,-0.010437965393066406,-0.03896903991699219,27059,27059
gpt-j-6b-fp32,hilp_imp_desc,0.05,22,22,SAME-OPP,pair1,Q,-0.047112464904785156,-0.09066104888916016,19157,19157
gpt-j-6b-fp32,hilp_imp_desc,0.05,22,22,SAME-OPP,pair2,P,-0.010579109191894531,-0.041518211364746094,632,632
gpt-j-6b-fp32,hilp_imp_desc,0.05,22,22,SAME-OPP,pair2,Q,-0.018169403076171875,-0.057221412658691406,632,632
gpt-j-6b-fp32,hilp_imp_desc,0.05,22,22,SAME-OPP,pair3,P,-0.008342742919921875,-0.04246330261230469,27059,27059
gpt-j-6b-fp32,hilp_imp_desc,0.05,22,22,SAME-OPP,pair3,Q,-0.04362297058105469,-0.07081985473632812,632,632
gpt-j-6b-fp32,hilp_imp_desc,0.05,22,22,SAME-OPP,pair4,P,-0.004946708679199219,-0.03757286071777344,27059,27059
gpt-j-6b-fp32,hilp_imp_desc,0.05,22,22,SAME-OPP,pair4,Q,-0.026215553283691406,-0.061367034912109375,632,632
gpt-j-6b-fp32,hilp_imp_desc,0.05,22,22,SAME-OPP,pair5,P,-0.0032644271850585938,-0.029802322387695312,27059,27059
gpt-j-6b-fp32,hilp_imp_desc,0.05,22,22,SAME-OPP,pair5,Q,-0.024901390075683594,-0.05959892272949219,632,632
gpt-j-6b-fp32,hilp_imp_desc,0.05,22,22,SAME-OPP,pair6,P,-0.013148307800292969,-0.037802696228027344,27059,27059
gpt-j-6b-fp32,hilp_imp_desc,0.05,22,22,SAME-OPP,pair6,Q,-0.02939128875732422,-0.06813526153564453,632,632
gpt-j-6b-fp32,hilp_imp_desc,0.05,22,22,SAME-OPP,pair7,P,-0.005148887634277344,-0.038315773010253906,632,632
gpt-j-6b-fp32,hilp_imp_desc,0.05,22,22,SAME-OPP,pair7,Q,-0.027947425842285156,-0.06656074523925781,632,632
gpt-j-6b-fp32,hilp_imp_desc,0.05,22,22,SAME-OPP,pair8,P,-0.0015325546264648438,-0.035892486572265625,581,581
gpt-j-6b-fp32,hilp_imp_desc,0.05,22,22,SAME-OPP,pair8,Q,-0.028367042541503906,-0.07051753997802734,581,1874
gpt-j-6b-fp32,hilp_imp_desc,0.05,22,22,SAME-OPP,pair9,P,0.003017425537109375,-0.039732933044433594,27059,27059
gpt-j-6b-fp32,hilp_imp_desc,0.05,22,22,SAME-OPP,pair9,Q,-0.0247802734375,-0.05552864074707031,1928,1928
gpt-j-6b-fp32,hilp_imp_desc,0.05,22,22,SAME-MORE,pair0,P,-0.04407024383544922,0.04378318786621094,632,632
gpt-j-6b-fp32,hilp_imp_desc,0.05,22,22,SAME-MORE,pair0,Q,-0.052153587341308594,0.06505203247070312,39733,39733
gpt-j-6b-fp32,hilp_imp_desc,0.05,22,22,SAME-MORE,pair1,P,-0.021925926208496094,0.048004150390625,27059,27059
gpt-j-6b-fp32,hilp_imp_desc,0.05,22,22,SAME-MORE,pair1,Q,-0.016117095947265625,-0.005885124206542969,19157,19157
gpt-j-6b-fp32,hilp_imp_desc,0.05,22,22,SAME-MORE,pair2,P,-0.056517601013183594,0.10711288452148438,632,632
gpt-j-6b-fp32,hilp_imp_desc,0.05,22,22,SAME-MORE,pair2,Q,-0.06876087188720703,0.13789844512939453,632,632
gpt-j-6b-fp32,hilp_imp_desc,0.05,22,22,SAME-MORE,pair3,P,-0.027929306030273438,0.025806427001953125,27059,27059
gpt-j-6b-fp32,hilp_imp_desc,0.05,22,22,SAME-MORE,pair3,Q,-0.05905342102050781,0.04175090789794922,632,632
gpt-j-6b-fp32,hilp_imp_desc,0.05,22,22,SAME-MORE,pair4,P,-0.015264511108398438,0.0063686370849609375,27059,27059
gpt-j-6b-fp32,hilp_imp_desc,0.05,22,22,SAME-MORE,pair4,Q,-0.034445762634277344,0.040741920471191406,632,632
gpt-j-6b-fp32,hilp_imp_desc,0.05,22,22,SAME-MORE,pair5,P,-0.015778541564941406,0.08681106567382812,27059,27059
gpt-j-6b-fp32,hilp_imp_desc,0.05,22,22,SAME-MORE,pair5,Q,-0.05033111572265625,0.12355518341064453,632,632
gpt-j-6b-fp32,hilp_imp_desc,0.05,22,22,SAME-MORE,pair6,P,-0.038687705993652344,0.034377098083496094,27059,27059
gpt-j-6b-fp32,hilp_imp_desc,0.05,22,22,SAME-MORE,pair6,Q,-0.049266815185546875,0.04756736755371094,632,632
gpt-j-6b-fp32,hilp_imp_desc,0.05,22,22,SAME-MORE,pair7,P,0.02130889892578125,0.03458976745605469,632,632
gpt-j-6b-fp32,hilp_imp_desc,0.05,22,22,SAME-MORE,pair7,Q,-0.03493690490722656,0.0387115478515625,632,632
gpt-j-6b-fp32,hilp_imp_desc,0.05,22,22,SAME-MORE,pair8,P,-0.02706623077392578,0.05279541015625,581,581
gpt-j-6b-fp32,hilp_imp_desc,0.05,22,22,SAME-MORE,pair8,Q,-0.05733203887939453,0.039318084716796875,581,581
gpt-j-6b-fp32,hilp_imp_desc,0.05,22,22,SAME-MORE,pair9,P,0.013570785522460938,0.0035266876220703125,27059,27059
gpt-j-6b-fp32,hilp_imp_desc,0.05,22,22,SAME-MORE,pair9,Q,-0.04459571838378906,0.039493560791015625,1928,1928
gpt-j-6b-fp32,hilp_imp_desc,0.05,22,22,SAME-LESS,pair0,P,-0.036316871643066406,-0.022385597229003906,632,632
gpt-j-6b-fp32,hilp_imp_desc,0.05,22,22,SAME-LESS,pair0,Q,-0.036284446716308594,-0.0838775634765625,39733,39733
gpt-j-6b-fp32,hilp_imp_desc,0.05,22,22,SAME-LESS,pair1,P,0.008317947387695312,0.003147125244140625,27059,27059
gpt-j-6b-fp32,hilp_imp_desc,0.05,22,22,SAME-LESS,pair1,Q,0.010768890380859375,0.021386146545410156,19157,19157
gpt-j-6b-fp32,hilp_imp_desc,0.05,22,22,SAME-LESS,pair2,P,-0.030672073364257812,0.01523733139038086,632,632
gpt-j-6b-fp32,hilp_imp_desc,0.05,22,22,SAME-LESS,pair2,Q,-0.0546417236328125,-0.06255912780761719,632,632
gpt-j-6b-fp32,hilp_imp_desc,0.05,22,22,SAME-LESS,pair3,P,-0.012555122375488281,-0.12178516387939453,27059,27059
gpt-j-6b-fp32,hilp_imp_desc,0.05,22,22,SAME-LESS,pair3,Q,-0.037880897521972656,-0.11853504180908203,632,632
gpt-j-6b-fp32,hilp_imp_desc,0.05,22,22,SAME-LESS,pair4,P,0.005764007568359375,-0.050354957580566406,27059,27059
gpt-j-6b-fp32,hilp_imp_desc,0.05,22,22,SAME-LESS,pair4,Q,-0.012537002563476562,-0.055927276611328125,632,632
gpt-j-6b-fp32,hilp_imp_desc,0.05,22,22,SAME-LESS,pair5,P,0.0038738250732421875,0.021142005920410156,27059,27059
gpt-j-6b-fp32,hilp_imp_desc,0.05,22,22,SAME-LESS,pair5,Q,-0.02520275115966797,0.0056171417236328125,632,632
gpt-j-6b-fp32,hilp_imp_desc,0.05,22,22,SAME-LESS,pair6,P,-0.01030731201171875,-0.033844947814941406,27059,27059
gpt-j-6b-fp32,hilp_imp_desc,0.05,22,22,SAME-LESS,pair6,Q,-0.03089141845703125,-0.05028724670410156,632,632
gpt-j-6b-fp32,hilp_imp_desc,0.05,22,22,SAME-LESS,pair7,P,0.03071880340576172,-0.06068897247314453,632,632
gpt-j-6b-fp32,hilp_imp_desc,0.05,22,22,SAME-LESS,pair7,Q,-0.01889324188232422,-0.10063934326171875,632,632
gpt-j-6b-fp32,hilp_imp_desc,0.05,22,22,SAME-LESS,pair8,P,-0.0028486251831054688,-0.053557395935058594,581,581
gpt-j-6b-fp32,hilp_imp_desc,0.05,22,22,SAME-LESS,pair8,Q,-0.0383148193359375,-0.02690887451171875,581,581
gpt-j-6b-fp32,hilp_imp_desc,0.05,22,22,SAME-LESS,pair9,P,0.026305198669433594,0.01778125762939453,27059,27059
gpt-j-6b-fp32,hilp_imp_desc,0.05,22,22,SAME-LESS,pair9,Q,-0.028707504272460938,-0.0065460205078125,1928,1928
gpt-j-6b-fp32,hilp_imp_desc,0.05,22,22,OPP-MORE,pair0,P,0.021608352661132812,0.049706459045410156,632,632
gpt-j-6b-fp32,hilp_imp_desc,0.05,22,22,OPP-MORE,pair0,Q,0.0311737060546875,0.06542778015136719,39733,39733
gpt-j-6b-fp32,hilp_imp_desc,0.05,22,22,OPP-MORE,pair1,P,0.03906536102294922,0.058426856994628906,27059,27059
gpt-j-6b-fp32,hilp_imp_desc,0.05,22,22,OPP-MORE,pair1,Q,0.0709991455078125,0.012907028198242188,19157,19157
gpt-j-6b-fp32,hilp_imp_desc,0.05,22,22,OPP-MORE,pair2,P,0.049660682678222656,0.1386423110961914,27059,27059
gpt-j-6b-fp32,hilp_imp_desc,0.05,22,22,OPP-MORE,pair2,Q,0.013705253601074219,0.17954254150390625,632,632
gpt-j-6b-fp32,hilp_imp_desc,0.05,22,22,OPP-MORE,pair3,P,0.04324817657470703,0.061303138732910156,27059,27059
gpt-j-6b-fp32,hilp_imp_desc,0.05,22,22,OPP-MORE,pair3,Q,0.010599136352539062,0.06965827941894531,5930,5930
gpt-j-6b-fp32,hilp_imp_desc,0.05,22,22,OPP-MORE,pair4,P,0.03701305389404297,0.021287918090820312,27059,27059
gpt-j-6b-fp32,hilp_imp_desc,0.05,22,22,OPP-MORE,pair4,Q,0.027757644653320312,0.04243183135986328,632,632
gpt-j-6b-fp32,hilp_imp_desc,0.05,22,22,OPP-MORE,pair5,P,0.035213470458984375,0.11014938354492188,27059,27059
gpt-j-6b-fp32,hilp_imp_desc,0.05,22,22,OPP-MORE,pair5,Q,0.005230903625488281,0.14132308959960938,632,632
gpt-j-6b-fp32,hilp_imp_desc,0.05,22,22,OPP-MORE,pair6,P,0.01562786102294922,0.061293601989746094,27059,27059
gpt-j-6b-fp32,hilp_imp_desc,0.05,22,22,OPP-MORE,pair6,Q,0.013446807861328125,0.06651020050048828,632,632
gpt-j-6b-fp32,hilp_imp_desc,0.05,22,22,OPP-MORE,pair7,P,0.06060314178466797,0.05741596221923828,632,632
gpt-j-6b-fp32,hilp_imp_desc,0.05,22,22,OPP-MORE,pair7,Q,0.01819896697998047,0.0803680419921875,632,632
gpt-j-6b-fp32,hilp_imp_desc,0.05,22,22,OPP-MORE,pair8,P,0.04957389831542969,0.10811710357666016,1874,581
gpt-j-6b-fp32,hilp_imp_desc,0.05,22,22,OPP-MORE,pair8,Q,-0.008357048034667969,0.10173225402832031,1874,1874
gpt-j-6b-fp32,hilp_imp_desc,0.05,22,22,OPP-MORE,pair9,P,0.0635528564453125,0.022653579711914062,27059,27059
gpt-j-6b-fp32,hilp_imp_desc,0.05,22,22,OPP-MORE,pair9,Q,0.01502227783203125,0.06404876708984375,23663,23663
gpt-j-6b-fp32,hilp_imp_desc,0.05,22,22,OPP-LESS,pair0,P,0.018144607543945312,0.015279769897460938,632,632
gpt-j-6b-fp32,hilp_imp_desc,0.05,22,22,OPP-LESS,pair0,Q,0.032520294189453125,-0.05965423583984375,39733,39733
gpt-j-6b-fp32,hilp_imp_desc,0.05,22,22,OPP-LESS,pair1,P,0.04799652099609375,0.02023601531982422,27059,27059
gpt-j-6b-fp32,hilp_imp_desc,0.05,22,22,OPP-LESS,pair1,Q,0.09929275512695312,0.036651611328125,19157,19157
gpt-j-6b-fp32,hilp_imp_desc,0.05,22,22,OPP-LESS,pair2,P,0.05824565887451172,0.039694786071777344,27059,27059
gpt-j-6b-fp32,hilp_imp_desc,0.05,22,22,OPP-LESS,pair2,Q,0.028084754943847656,-0.04834270477294922,632,632
gpt-j-6b-fp32,hilp_imp_desc,0.05,22,22,OPP-LESS,pair3,P,0.051054954528808594,-0.12052631378173828,27059,27059
gpt-j-6b-fp32,hilp_imp_desc,0.05,22,22,OPP-LESS,pair3,Q,0.029474258422851562,-0.07928180694580078,5930,5930
gpt-j-6b-fp32,hilp_imp_desc,0.05,22,22,OPP-LESS,pair4,P,0.050339698791503906,-0.06596946716308594,27059,27059
gpt-j-6b-fp32,hilp_imp_desc,0.05,22,22,OPP-LESS,pair4,Q,0.049950599670410156,-0.09112739562988281,632,632
gpt-j-6b-fp32,hilp_imp_desc,0.05,22,22,OPP-LESS,pair5,P,0.0327606201171875,0.02973651885986328,27059,27059
gpt-j-6b-fp32,hilp_imp_desc,0.05,22,22,OPP-LESS,pair5,Q,0.021346092224121094,0.03623676300048828,632,632
gpt-j-6b-fp32,hilp_imp_desc,0.05,22,22,OPP-LESS,pair6,P,0.02431488037109375,-0.033410072326660156,27059,27059
gpt-j-6b-fp32,hilp_imp_desc,0.05,22,22,OPP-LESS,pair6,Q,0.031319618225097656,-0.062018394470214844,632,632
gpt-j-6b-fp32,hilp_imp_desc,0.05,22,22,OPP-LESS,pair7,P,0.051980018615722656,-0.051032066345214844,632,632
gpt-j-6b-fp32,hilp_imp_desc,0.05,22,22,OPP-LESS,pair7,Q,0.029618263244628906,-0.11014842987060547,632,632
gpt-j-6b-fp32,hilp_imp_desc,0.05,22,22,OPP-LESS,pair8,P,0.05828571319580078,-0.05424976348876953,1874,581
gpt-j-6b-fp32,hilp_imp_desc,0.05,22,22,OPP-LESS,pair8,Q,0.0104522705078125,-0.002819061279296875,1874,1874
gpt-j-6b-fp32,hilp_imp_desc,0.05,22,22,OPP-LESS,pair9,P,0.0746145248413086,0.04016876220703125,27059,27059
gpt-j-6b-fp32,hilp_imp_desc,0.05,22,22,OPP-LESS,pair9,Q,0.02810955047607422,0.022249221801757812,23663,23663
gpt-j-6b-fp32,hilp_imp_desc,0.05,22,22,MORE-LESS,pair0,P,-0.003604888916015625,0.012502670288085938,10255,10255
gpt-j-6b-fp32,hilp_imp_desc,0.05,22,22,MORE-LESS,pair0,Q,-0.00045871734619140625,0.010556221008300781,10255,10255
gpt-j-6b-fp32,hilp_imp_desc,0.05,22,22,MORE-LESS,pair1,P,-0.012919425964355469,0.00849151611328125,18605,18605
gpt-j-6b-fp32,hilp_imp_desc,0.05,22,22,MORE-LESS,pair1,Q,-0.0013217926025390625,0.00975799560546875,18605,18605
gpt-j-6b-fp32,hilp_imp_desc,0.05,22,22,MORE-LESS,pair2,P,0.002285003662109375,0.009909629821777344,8038,8038
gpt-j-6b-fp32,hilp_imp_desc,0.05,22,22,MORE-LESS,pair2,Q,-0.0007381439208984375,0.009051322937011719,8038,8038
gpt-j-6b-fp32,hilp_imp_desc,0.05,22,22,MORE-LESS,pair3,P,0.020003318786621094,0.02952289581298828,1234,1234
gpt-j-6b-fp32,hilp_imp_desc,0.05,22,22,MORE-LESS,pair3,Q,0.016050338745117188,0.02712249755859375,1234,1234
gpt-j-6b-fp32,hilp_imp_desc,0.05,22,22,MORE-LESS,pair4,P,0.012284278869628906,0.00771331787109375,23448,23448
gpt-j-6b-fp32,hilp_imp_desc,0.05,22,22,MORE-LESS,pair4,Q,0.007380485534667969,0.010545730590820312,23448,23448
gpt-j-6b-fp32,hilp_imp_desc,0.05,22,22,MORE-LESS,pair5,P,-0.0158538818359375,0.016157150268554688,969,969
gpt-j-6b-fp32,hilp_imp_desc,0.05,22,22,MORE-LESS,pair5,Q,-0.012054443359375,0.013986587524414062,1426,1426
gpt-j-6b-fp32,hilp_imp_desc,0.05,22,22,MORE-LESS,pair6,P,0.0031843185424804688,0.02350902557373047,6514,6514
gpt-j-6b-fp32,hilp_imp_desc,0.05,22,22,MORE-LESS,pair6,Q,0.0058689117431640625,0.025125503540039062,6514,6514
gpt-j-6b-fp32,hilp_imp_desc,0.05,22,22,MORE-LESS,pair7,P,0.0006427764892578125,0.013199806213378906,22111,22111
gpt-j-6b-fp32,hilp_imp_desc,0.05,22,22,MORE-LESS,pair7,Q,-0.0007848739624023438,0.019609451293945312,22111,22111
gpt-j-6b-fp32,hilp_imp_desc,0.05,22,22,MORE-LESS,pair8,P,-0.00153350830078125,0.019043922424316406,969,969
gpt-j-6b-fp32,hilp_imp_desc,0.05,22,22,MORE-LESS,pair8,Q,0.0026645660400390625,0.010639190673828125,969,969
gpt-j-6b-fp32,hilp_imp_desc,0.05,22,22,MORE-LESS,pair9,P,0.009124755859375,0.02526378631591797,34439,34439
gpt-j-6b-fp32,hilp_imp_desc,0.05,22,22,MORE-LESS,pair9,Q,0.0027790069580078125,0.026947975158691406,34439,34439
gpt-j-6b-fp32,hilp_imp_desc,0.07,31,31,SAME-OPP,pair0,P,0.013624191284179688,-0.021898269653320312,632,632
gpt-j-6b-fp32,hilp_imp_desc,0.07,31,31,SAME-OPP,pair0,Q,-0.008665084838867188,-0.03348541259765625,39733,39733
gpt-j-6b-fp32,hilp_imp_desc,0.07,31,31,SAME-OPP,pair1,P,0.005345344543457031,-0.029191017150878906,27059,27059
gpt-j-6b-fp32,hilp_imp_desc,0.07,31,31,SAME-OPP,pair1,Q,-0.034712791442871094,-0.07823944091796875,19157,19157
gpt-j-6b-fp32,hilp_imp_desc,0.07,31,31,SAME-OPP,pair2,P,0.005688667297363281,-0.02432537078857422,632,632
gpt-j-6b-fp32,hilp_imp_desc,0.07,31,31,SAME-OPP,pair2,Q,-0.013766288757324219,-0.04971504211425781,632,632
gpt-j-6b-fp32,hilp_imp_desc,0.07,31,31,SAME-OPP,pair3,P,0.006171226501464844,-0.02622699737548828,27059,27059
gpt-j-6b-fp32,hilp_imp_desc,0.07,31,31,SAME-OPP,pair3,Q,-0.03868579864501953,-0.061767578125,632,632
gpt-j-6b-fp32,hilp_imp_desc,0.07,31,31,SAME-OPP,pair4,P,0.013453483581542969,-0.02085399627685547,27059,27059
gpt-j-6b-fp32,hilp_imp_desc,0.07,31,31,SAME-OPP,pair4,Q,-0.012339591979980469,-0.04247093200683594,632,632
gpt-j-6b-fp32,hilp_imp_desc,0.07,31,31,SAME-OPP,pair5,P,0.012814521789550781,-0.01438140869140625,27059,27059
gpt-j-6b-fp32,hilp_imp_desc,0.07,31,31,SAME-OPP,pair5,Q,-0.011583328247070312,-0.048473358154296875,632,632
gpt-j-6b-fp32,hilp_imp_desc,0.07,31,31,SAME-OPP,pair6,P,0.004885673522949219,-0.023171424865722656,27059,27059
gpt-j-6b-fp32,hilp_imp_desc,0.07,31,31,SAME-OPP,pair6,Q,-0.020526885986328125,-0.053032875061035156,632,632
gpt-j-6b-fp32,hilp_imp_desc,0.07,31,31,SAME-OPP,pair7,P,0.0048961639404296875,-0.027027130126953125,632,632
gpt-j-6b-fp32,hilp_imp_desc,0.07,31,31,SAME-OPP,pair7,Q,-0.023284912109375,-0.06273460388183594,632,632
gpt-j-6b-fp32,hilp_imp_desc,0.07,31,31,SAME-OPP,pair8,P,0.014741897583007812,-0.01444244384765625,581,581
gpt-j-6b-fp32,hilp_imp_desc,0.07,31,31,SAME-OPP,pair8,Q,-0.016745567321777344,-0.05724906921386719,581,1874
gpt-j-6b-fp32,hilp_imp_desc,0.07,31,31,SAME-OPP,pair9,P,0.015279769897460938,-0.02214527130126953,27059,27059
gpt-j-6b-fp32,hilp_imp_desc,0.07,31,31,SAME-OPP,pair9,Q,-0.01120758056640625,-0.03978443145751953,1928,1928
gpt-j-6b-fp32,hilp_imp_desc,0.07,31,31,SAME-MORE,pair0,P,-0.05026054382324219,0.029634475708007812,632,632
gpt-j-6b-fp32,hilp_imp_desc,0.07,31,31,SAME-MORE,pair0,Q,-0.06568431854248047,0.026406288146972656,39733,39733
gpt-j-6b-fp32,hilp_imp_desc,0.07,31,31,SAME-MORE,pair1,P,-0.017137527465820312,0.09166526794433594,27059,27059
gpt-j-6b-fp32,hilp_imp_desc,0.07,31,31,SAME-MORE,pair1,Q,-0.04162311553955078,0.055853843688964844,19157,19157
gpt-j-6b-fp32,hilp_imp_desc,0.07,31,31,SAME-MORE,pair2,P,-0.05650520324707031,0.13151073455810547,632,632
gpt-j-6b-fp32,hilp_imp_desc,0.07,31,31,SAME-MORE,pair2,Q,-0.08814525604248047,0.14690017700195312,632,632
gpt-j-6b-fp32,hilp_imp_desc,0.07,31,31,SAME-MORE,pair3,P,-0.0183868408203125,0.012980461120605469,27059,27059
gpt-j-6b-fp32,hilp_imp_desc,0.07,31,31,SAME-MORE,pair3,Q,-0.06069469451904297,0.025485992431640625,632,632
gpt-j-6b-fp32,hilp_imp_desc,0.07,31,31,SAME-MORE,pair4,P,-0.008133888244628906,-0.012263298034667969,27059,27059
gpt-j-6b-fp32,hilp_imp_desc,0.07,31,31,SAME-MORE,pair4,Q,-0.024766921997070312,0.036553382873535156,632,632
gpt-j-6b-fp32,hilp_imp_desc,0.07,31,31,SAME-MORE,pair5,P,0.00833892822265625,0.08811187744140625,27059,27059
gpt-j-6b-fp32,hilp_imp_desc,0.07,31,31,SAME-MORE,pair5,Q,-0.0418853759765625,0.11526203155517578,632,632
gpt-j-6b-fp32,hilp_imp_desc,0.07,31,31,SAME-MORE,pair6,P,-0.036904335021972656,0.03287315368652344,27059,27059
gpt-j-6b-fp32,hilp_imp_desc,0.07,31,31,SAME-MORE,pair6,Q,-0.06366539001464844,0.07250499725341797,632,632
gpt-j-6b-fp32,hilp_imp_desc,0.07,31,31,SAME-MORE,pair7,P,0.023972511291503906,0.0037107467651367188,632,632
gpt-j-6b-fp32,hilp_imp_desc,0.07,31,31,SAME-MORE,pair7,Q,-0.05286216735839844,0.02180957794189453,632,632
gpt-j-6b-fp32,hilp_imp_desc,0.07,31,31,SAME-MORE,pair8,P,-0.03688621520996094,0.03304290771484375,581,581
gpt-j-6b-fp32,hilp_imp_desc,0.07,31,31,SAME-MORE,pair8,Q,-0.09410953521728516,0.009675979614257812,581,581
gpt-j-6b-fp32,hilp_imp_desc,0.07,31,31,SAME-MORE,pair9,P,0.03611183166503906,0.0023336410522460938,27059,27059
gpt-j-6b-fp32,hilp_imp_desc,0.07,31,31,SAME-MORE,pair9,Q,-0.04605388641357422,0.06724739074707031,1928,1928
gpt-j-6b-fp32,hilp_imp_desc,0.07,31,31,SAME-LESS,pair0,P,-0.05424976348876953,-0.04898643493652344,632,632
gpt-j-6b-fp32,hilp_imp_desc,0.07,31,31,SAME-LESS,pair0,Q,-0.05503559112548828,-0.054345130920410156,39733,39733
gpt-j-6b-fp32,hilp_imp_desc,0.07,31,31,SAME-LESS,pair1,P,0.005028724670410156,-0.013002395629882812,27059,27059
gpt-j-6b-fp32,hilp_imp_desc,0.07,31,31,SAME-LESS,pair1,Q,-0.02123260498046875,0.022047996520996094,19157,19157
gpt-j-6b-fp32,hilp_imp_desc,0.07,31,31,SAME-LESS,pair2,P,-0.03996849060058594,0.015013694763183594,632,632
gpt-j-6b-fp32,hilp_imp_desc,0.07,31,31,SAME-LESS,pair2,Q,-0.07953929901123047,-0.0171051025390625,632,632
gpt-j-6b-fp32,hilp_imp_desc,0.07,31,31,SAME-LESS,pair3,P,-0.011138916015625,-0.15893840789794922,27059,27059
gpt-j-6b-fp32,hilp_imp_desc,0.07,31,31,SAME-LESS,pair3,Q,-0.04768943786621094,-0.10603046417236328,632,632
gpt-j-6b-fp32,hilp_imp_desc,0.07,31,31,SAME-LESS,pair4,P,0.005574226379394531,-0.03455162048339844,27059,27059
gpt-j-6b-fp32,hilp_imp_desc,0.07,31,31,SAME-LESS,pair4,Q,-0.0038509368896484375,-0.025918006896972656,632,632
gpt-j-6b-fp32,hilp_imp_desc,0.07,31,31,SAME-LESS,pair5,P,0.017751693725585938,0.011973381042480469,27059,27059
gpt-j-6b-fp32,hilp_imp_desc,0.07,31,31,SAME-LESS,pair5,Q,-0.027631759643554688,0.015949249267578125,632,632
gpt-j-6b-fp32,hilp_imp_desc,0.07,31,31,SAME-LESS,pair6,P,-0.0157928466796875,-0.02318286895751953,27059,27059
gpt-j-6b-fp32,hilp_imp_desc,0.07,31,31,SAME-LESS,pair6,Q,-0.050846099853515625,-0.034493446350097656,632,632
gpt-j-6b-fp32,hilp_imp_desc,0.07,31,31,SAME-LESS,pair7,P,0.016510009765625,-0.10872745513916016,632,632
gpt-j-6b-fp32,hilp_imp_desc,0.07,31,31,SAME-LESS,pair7,Q,-0.0423431396484375,-0.09889888763427734,632,632
gpt-j-6b-fp32,hilp_imp_desc,0.07,31,31,SAME-LESS,pair8,P,-0.021088600158691406,-0.07928752899169922,581,581
gpt-j-6b-fp32,hilp_imp_desc,0.07,31,31,SAME-LESS,pair8,Q,-0.07991981506347656,-0.02293682098388672,581,581
gpt-j-6b-fp32,hilp_imp_desc,0.07,31,31,SAME-LESS,pair9,P,0.039516448974609375,0.0017871856689453125,27059,27059
gpt-j-6b-fp32,hilp_imp_desc,0.07,31,31,SAME-LESS,pair9,Q,-0.037016868591308594,-0.0025787353515625,1928,1928
gpt-j-6b-fp32,hilp_imp_desc,0.07,31,31,OPP-MORE,pair0,P,0.006812095642089844,0.015612602233886719,632,632
gpt-j-6b-fp32,hilp_imp_desc,0.07,31,31,OPP-MORE,pair0,Q,-0.00026035308837890625,0.00879669189453125,39733,39733
gpt-j-6b-fp32,hilp_imp_desc,0.07,31,31,OPP-MORE,pair1,P,0.026259422302246094,0.06909656524658203,27059,27059
gpt-j-6b-fp32,hilp_imp_desc,0.07,31,31,OPP-MORE,pair1,Q,0.03331756591796875,0.04594993591308594,19157,19157
gpt-j-6b-fp32,hilp_imp_desc,0.07,31,31,OPP-MORE,pair2,P,0.019347190856933594,0.13945865631103516,27059,27059
gpt-j-6b-fp32,hilp_imp_desc,0.07,31,31,OPP-MORE,pair2,Q,0.018507957458496094,0.14627647399902344,632,632
gpt-j-6b-fp32,hilp_imp_desc,0.07,31,31,OPP-MORE,pair3,P,0.009959220886230469,0.01922130584716797,27059,27059
gpt-j-6b-fp32,hilp_imp_desc,0.07,31,31,OPP-MORE,pair3,Q,-0.014516830444335938,0.028944015502929688,5930,5930
gpt-j-6b-fp32,hilp_imp_desc,0.07,31,31,OPP-MORE,pair4,P,0.037349700927734375,-0.01778697967529297,27059,27059
gpt-j-6b-fp32,hilp_imp_desc,0.07,31,31,OPP-MORE,pair4,Q,0.02244281768798828,0.017210006713867188,632,632
gpt-j-6b-fp32,hilp_imp_desc,0.07,31,31,OPP-MORE,pair5,P,0.035431861877441406,0.0946044921875,27059,27059
gpt-j-6b-fp32,hilp_imp_desc,0.07,31,31,OPP-MORE,pair5,Q,-0.008446693420410156,0.12206459045410156,632,632
gpt-j-6b-fp32,hilp_imp_desc,0.07,31,31,OPP-MORE,pair6,P,-0.019779205322265625,0.04106616973876953,27059,27059
gpt-j-6b-fp32,hilp_imp_desc,0.07,31,31,OPP-MORE,pair6,Q,-0.030541419982910156,0.06678962707519531,632,632
gpt-j-6b-fp32,hilp_imp_desc,0.07,31,31,OPP-MORE,pair7,P,0.04317665100097656,0.008576393127441406,632,632
gpt-j-6b-fp32,hilp_imp_desc,0.07,31,31,OPP-MORE,pair7,Q,0.00609588623046875,0.05258750915527344,632,632
gpt-j-6b-fp32,hilp_imp_desc,0.07,31,31,OPP-MORE,pair8,P,0.010807991027832031,0.0630941390991211,1874,1874
gpt-j-6b-fp32,hilp_imp_desc,0.07,31,31,OPP-MORE,pair8,Q,-0.054701805114746094,0.052275657653808594,1874,1874
gpt-j-6b-fp32,hilp_imp_desc,0.07,31,31,OPP-MORE,pair9,P,0.043618202209472656,-0.008378028869628906,27059,27059
gpt-j-6b-fp32,hilp_imp_desc,0.07,31,31,OPP-MORE,pair9,Q,-0.00893402099609375,0.05692863464355469,23663,23663
gpt-j-6b-fp32,hilp_imp_desc,0.07,31,31,OPP-LESS,pair0,P,-0.0013761520385742188,-0.026697158813476562,632,632
gpt-j-6b-fp32,hilp_imp_desc,0.07,31,31,OPP-LESS,pair0,Q,-0.008513450622558594,-0.05059623718261719,39733,39733
gpt-j-6b-fp32,hilp_imp_desc,0.07,31,31,OPP-LESS,pair1,P,0.037810325622558594,-0.007437705993652344,27059,27059
gpt-j-6b-fp32,hilp_imp_desc,0.07,31,31,OPP-LESS,pair1,Q,0.0537109375,0.020567893981933594,19157,19157
gpt-j-6b-fp32,hilp_imp_desc,0.07,31,31,OPP-LESS,pair2,P,0.02588939666748047,0.02027750015258789,27059,27059
gpt-j-6b-fp32,hilp_imp_desc,0.07,31,31,OPP-LESS,pair2,Q,0.026554107666015625,-0.03302192687988281,632,632
gpt-j-6b-fp32,hilp_imp_desc,0.07,31,31,OPP-LESS,pair3,P,0.019483566284179688,-0.14809322357177734,27059,27059
gpt-j-6b-fp32,hilp_imp_desc,0.07,31,31,OPP-LESS,pair3,Q,-0.004206657409667969,-0.06877803802490234,5930,5930
gpt-j-6b-fp32,hilp_imp_desc,0.07,31,31,OPP-LESS,pair4,P,0.059108734130859375,-0.08233928680419922,27059,27059
gpt-j-6b-fp32,hilp_imp_desc,0.07,31,31,OPP-LESS,pair4,Q,0.044040679931640625,-0.09553909301757812,632,632
gpt-j-6b-fp32,hilp_imp_desc,0.07,31,31,OPP-LESS,pair5,P,0.03102588653564453,0.0063934326171875,27059,27059
gpt-j-6b-fp32,hilp_imp_desc,0.07,31,31,OPP-LESS,pair5,Q,0.0006399154663085938,0.03905487060546875,632,632
gpt-j-6b-fp32,hilp_imp_desc,0.07,31,31,OPP-LESS,pair6,P,-0.0052471160888671875,-0.03683185577392578,27059,27059
gpt-j-6b-fp32,hilp_imp_desc,0.07,31,31,OPP-LESS,pair6,Q,-0.02135467529296875,-0.05995655059814453,632,632
gpt-j-6b-fp32,hilp_imp_desc,0.07,31,31,OPP-LESS,pair7,P,0.03133392333984375,-0.11767005920410156,632,632
gpt-j-6b-fp32,hilp_imp_desc,0.07,31,31,OPP-LESS,pair7,Q,0.011712074279785156,-0.11675453186035156,632,632
gpt-j-6b-fp32,hilp_imp_desc,0.07,31,31,OPP-LESS,pair8,P,0.017671585083007812,-0.08224201202392578,1874,1874
gpt-j-6b-fp32,hilp_imp_desc,0.07,31,31,OPP-LESS,pair8,Q,-0.041080474853515625,-0.004540443420410156,1874,1874
gpt-j-6b-fp32,hilp_imp_desc,0.07,31,31,OPP-LESS,pair9,P,0.05857372283935547,0.01867198944091797,27059,27059
gpt-j-6b-fp32,hilp_imp_desc,0.07,31,31,OPP-LESS,pair9,Q,-0.005481719970703125,0.008920669555664062,23663,23663
gpt-j-6b-fp32,hilp_imp_desc,0.07,31,31,MORE-LESS,pair0,P,-0.0036153793334960938,0.013490676879882812,10255,10255
gpt-j-6b-fp32,hilp_imp_desc,0.07,31,31,MORE-LESS,pair0,Q,0.00019931793212890625,0.012876510620117188,10255,10255
gpt-j-6b-fp32,hilp_imp_desc,0.07,31,31,MORE-LESS,pair1,P,-0.011537551879882812,0.0071010589599609375,18605,18605
gpt-j-6b-fp32,hilp_imp_desc,0.07,31,31,MORE-LESS,pair1,Q,-0.000339508056640625,0.008715629577636719,18605,18605
gpt-j-6b-fp32,hilp_imp_desc,0.07,31,31,MORE-LESS,pair2,P,0.0014629364013671875,0.012175559997558594,8038,8038
gpt-j-6b-fp32,hilp_imp_desc,0.07,31,31,MORE-LESS,pair2,Q,-0.005200386047363281,0.0064296722412109375,8038,8038
gpt-j-6b-fp32,hilp_imp_desc,0.07,31,31,MORE-LESS,pair3,P,0.02314472198486328,0.028664588928222656,1234,1234
gpt-j-6b-fp32,hilp_imp_desc,0.07,31,31,MORE-LESS,pair3,Q,0.01801586151123047,0.02231884002685547,1234,1234
gpt-j-6b-fp32,hilp_imp_desc,0.07,31,31,MORE-LESS,pair4,P,0.014829635620117188,0.015685081481933594,23448,23448
gpt-j-6b-fp32,hilp_imp_desc,0.07,31,31,MORE-LESS,pair4,Q,0.007409095764160156,0.01636028289794922,23448,23448
gpt-j-6b-fp32,hilp_imp_desc,0.07,31,31,MORE-LESS,pair5,P,-0.020441055297851562,0.008245468139648438,969,969
gpt-j-6b-fp32,hilp_imp_desc,0.07,31,31,MORE-LESS,pair5,Q,-0.018012046813964844,0.0024919509887695312,1426,1426
gpt-j-6b-fp32,hilp_imp_desc,0.07,31,31,MORE-LESS,pair6,P,0.0009851455688476562,0.021668434143066406,6514,6514
gpt-j-6b-fp32,hilp_imp_desc,0.07,31,31,MORE-LESS,pair6,Q,0.003055572509765625,0.020334243774414062,6514,6514
gpt-j-6b-fp32,hilp_imp_desc,0.07,31,31,MORE-LESS,pair7,P,-0.00035381317138671875,0.011870384216308594,22111,22111
gpt-j-6b-fp32,hilp_imp_desc,0.07,31,31,MORE-LESS,pair7,Q,0.0004968643188476562,0.019492149353027344,22111,22111
gpt-j-6b-fp32,hilp_imp_desc,0.07,31,31,MORE-LESS,pair8,P,-0.0034770965576171875,0.01951885223388672,969,969
gpt-j-6b-fp32,hilp_imp_desc,0.07,31,31,MORE-LESS,pair8,Q,0.0024232864379882812,0.007946968078613281,969,969
gpt-j-6b-fp32,hilp_imp_desc,0.07,31,31,MORE-LESS,pair9,P,0.006770133972167969,0.02863597869873047,34439,34439
gpt-j-6b-fp32,hilp_imp_desc,0.07,31,31,MORE-LESS,pair9,Q,0.0019750595092773438,0.028046607971191406,34439,34439
gpt-j-6b-fp32,hilp_imp_desc,0.1,44,44,SAME-OPP,pair0,P,-0.005484580993652344,-0.03172111511230469,632,632
gpt-j-6b-fp32,hilp_imp_desc,0.1,44,44,SAME-OPP,pair0,Q,-0.017279624938964844,-0.04116535186767578,39733,39733
gpt-j-6b-fp32,hilp_imp_desc,0.1,44,44,SAME-OPP,pair1,P,-0.0020503997802734375,-0.0295867919921875,27059,27059
gpt-j-6b-fp32,hilp_imp_desc,0.1,44,44,SAME-OPP,pair1,Q,-0.04034137725830078,-0.08322334289550781,19157,19157
gpt-j-6b-fp32,hilp_imp_desc,0.1,44,44,SAME-OPP,pair2,P,-0.00955963134765625,-0.026636123657226562,632,632
gpt-j-6b-fp32,hilp_imp_desc,0.1,44,44,SAME-OPP,pair2,Q,-0.024929046630859375,-0.05920124053955078,632,632
gpt-j-6b-fp32,hilp_imp_desc,0.1,44,44,SAME-OPP,pair3,P,-0.0001354217529296875,-0.02711009979248047,27059,27059
gpt-j-6b-fp32,hilp_imp_desc,0.1,44,44,SAME-OPP,pair3,Q,-0.04074668884277344,-0.06527900695800781,632,632
gpt-j-6b-fp32,hilp_imp_desc,0.1,44,44,SAME-OPP,pair4,P,0.0024700164794921875,-0.029132843017578125,27059,27059
gpt-j-6b-fp32,hilp_imp_desc,0.1,44,44,SAME-OPP,pair4,Q,-0.020134925842285156,-0.050803184509277344,632,632
gpt-j-6b-fp32,hilp_imp_desc,0.1,44,44,SAME-OPP,pair5,P,-5.626678466796875e-05,-0.022933006286621094,27059,27059
gpt-j-6b-fp32,hilp_imp_desc,0.1,44,44,SAME-OPP,pair5,Q,-0.015535354614257812,-0.050375938415527344,632,632
gpt-j-6b-fp32,hilp_imp_desc,0.1,44,44,SAME-OPP,pair6,P,-0.005047798156738281,-0.026445388793945312,27059,27059
gpt-j-6b-fp32,hilp_imp_desc,0.1,44,44,SAME-OPP,pair6,Q,-0.029767990112304688,-0.05888080596923828,632,632
gpt-j-6b-fp32,hilp_imp_desc,0.1,44,44,SAME-OPP,pair7,P,-0.001617431640625,-0.022251129150390625,632,632
gpt-j-6b-fp32,hilp_imp_desc,0.1,44,44,SAME-OPP,pair7,Q,-0.030231475830078125,-0.061018943786621094,632,632
gpt-j-6b-fp32,hilp_imp_desc,0.1,44,44,SAME-OPP,pair8,P,0.0020923614501953125,-0.024099349975585938,581,581
gpt-j-6b-fp32,hilp_imp_desc,0.1,44,44,SAME-OPP,pair8,Q,-0.024847984313964844,-0.06479835510253906,581,1874
gpt-j-6b-fp32,hilp_imp_desc,0.1,44,44,SAME-OPP,pair9,P,0.009596824645996094,-0.020521163940429688,27059,27059
gpt-j-6b-fp32,hilp_imp_desc,0.1,44,44,SAME-OPP,pair9,Q,-0.020150184631347656,-0.04592418670654297,1928,1928
gpt-j-6b-fp32,hilp_imp_desc,0.1,44,44,SAME-MORE,pair0,P,-0.035643577575683594,-0.0020627975463867188,632,632
gpt-j-6b-fp32,hilp_imp_desc,0.1,44,44,SAME-MORE,pair0,Q,-0.11005878448486328,-0.028443336486816406,39733,39733
gpt-j-6b-fp32,hilp_imp_desc,0.1,44,44,SAME-MORE,pair1,P,0.006619453430175781,0.06647109985351562,27059,27059
gpt-j-6b-fp32,hilp_imp_desc,0.1,44,44,SAME-MORE,pair1,Q,-0.07216167449951172,-0.0022954940795898438,19157,19157
gpt-j-6b-fp32,hilp_imp_desc,0.1,44,44,SAME-MORE,pair2,P,-0.04152870178222656,0.07708740234375,632,632
gpt-j-6b-fp32,hilp_imp_desc,0.1,44,44,SAME-MORE,pair2,Q,-0.10843658447265625,0.07353401184082031,632,632
gpt-j-6b-fp32,hilp_imp_desc,0.1,44,44,SAME-MORE,pair3,P,0.012140274047851562,0.03402900695800781,27059,27059
gpt-j-6b-fp32,hilp_imp_desc,0.1,44,44,SAME-MORE,pair3,Q,-0.09965133666992188,0.023810386657714844,632,632
gpt-j-6b-fp32,hilp_imp_desc,0.1,44,44,SAME-MORE,pair4,P,-0.01409912109375,0.02843189239501953,27059,27059
gpt-j-6b-fp32,hilp_imp_desc,0.1,44,44,SAME-MORE,pair4,Q,-0.07878684997558594,0.05434226989746094,632,632
gpt-j-6b-fp32,hilp_imp_desc,0.1,44,44,SAME-MORE,pair5,P,0.04392719268798828,0.0921316146850586,27059,27059
gpt-j-6b-fp32,hilp_imp_desc,0.1,44,44,SAME-MORE,pair5,Q,-0.07801246643066406,0.10294246673583984,632,632
gpt-j-6b-fp32,hilp_imp_desc,0.1,44,44,SAME-MORE,pair6,P,-0.01678752899169922,0.05843830108642578,27059,27059
gpt-j-6b-fp32,hilp_imp_desc,0.1,44,44,SAME-MORE,pair6,Q,-0.10441112518310547,0.07523536682128906,632,632
gpt-j-6b-fp32,hilp_imp_desc,0.1,44,44,SAME-MORE,pair7,P,0.030939102172851562,-0.0011272430419921875,632,632
gpt-j-6b-fp32,hilp_imp_desc,0.1,44,44,SAME-MORE,pair7,Q,-0.08164024353027344,0.009499549865722656,632,632
gpt-j-6b-fp32,hilp_imp_desc,0.1,44,44,SAME-MORE,pair8,P,-0.0050830841064453125,0.028167724609375,581,581
gpt-j-6b-fp32,hilp_imp_desc,0.1,44,44,SAME-MORE,pair8,Q,-0.1321706771850586,-0.02252674102783203,581,581
gpt-j-6b-fp32,hilp_imp_desc,0.1,44,44,SAME-MORE,pair9,P,0.035468101501464844,-0.0165557861328125,27059,27059
gpt-j-6b-fp32,hilp_imp_desc,0.1,44,44,SAME-MORE,pair9,Q,-0.13087177276611328,0.037837982177734375,1928,1928
gpt-j-6b-fp32,hilp_imp_desc,0.1,44,44,SAME-LESS,pair0,P,-0.030080795288085938,-0.006608009338378906,632,632
gpt-j-6b-fp32,hilp_imp_desc,0.1,44,44,SAME-LESS,pair0,Q,-0.09237480163574219,-0.009001731872558594,39733,39733
gpt-j-6b-fp32,hilp_imp_desc,0.1,44,44,SAME-LESS,pair1,P,0.035027503967285156,0.005299568176269531,27059,27059
gpt-j-6b-fp32,hilp_imp_desc,0.1,44,44,SAME-LESS,pair1,Q,-0.04709434509277344,0.019286155700683594,19157,19157
gpt-j-6b-fp32,hilp_imp_desc,0.1,44,44,SAME-LESS,pair2,P,-0.019583702087402344,0.013668060302734375,632,632
gpt-j-6b-fp32,hilp_imp_desc,0.1,44,44,SAME-LESS,pair2,Q,-0.09839820861816406,-0.047043800354003906,632,632
gpt-j-6b-fp32,hilp_imp_desc,0.1,44,44,SAME-LESS,pair3,P,0.021605491638183594,-0.140350341796875,27059,27059
gpt-j-6b-fp32,hilp_imp_desc,0.1,44,44,SAME-LESS,pair3,Q,-0.08459091186523438,-0.10045242309570312,632,632
gpt-j-6b-fp32,hilp_imp_desc,0.1,44,44,SAME-LESS,pair4,P,0.0046291351318359375,-0.06131553649902344,27059,27059
gpt-j-6b-fp32,hilp_imp_desc,0.1,44,44,SAME-LESS,pair4,Q,-0.051837921142578125,-0.03084278106689453,632,632
gpt-j-6b-fp32,hilp_imp_desc,0.1,44,44,SAME-LESS,pair5,P,0.061187744140625,0.04833698272705078,27059,27059
gpt-j-6b-fp32,hilp_imp_desc,0.1,44,44,SAME-LESS,pair5,Q,-0.05820465087890625,0.0061740875244140625,632,632
gpt-j-6b-fp32,hilp_imp_desc,0.1,44,44,SAME-LESS,pair6,P,0.011313438415527344,0.014178276062011719,27059,27059
gpt-j-6b-fp32,hilp_imp_desc,0.1,44,44,SAME-LESS,pair6,Q,-0.08327674865722656,-0.032512664794921875,632,632
gpt-j-6b-fp32,hilp_imp_desc,0.1,44,44,SAME-LESS,pair7,P,0.028276443481445312,-0.07307052612304688,632,632
gpt-j-6b-fp32,hilp_imp_desc,0.1,44,44,SAME-LESS,pair7,Q,-0.06733036041259766,-0.06642627716064453,632,632
gpt-j-6b-fp32,hilp_imp_desc,0.1,44,44,SAME-LESS,pair8,P,0.012080192565917969,-0.07963752746582031,581,581
gpt-j-6b-fp32,hilp_imp_desc,0.1,44,44,SAME-LESS,pair8,Q,-0.11612606048583984,-0.052985191345214844,581,581
gpt-j-6b-fp32,hilp_imp_desc,0.1,44,44,SAME-LESS,pair9,P,0.04196643829345703,0.011265754699707031,27059,27059
gpt-j-6b-fp32,hilp_imp_desc,0.1,44,44,SAME-LESS,pair9,Q,-0.11630630493164062,-0.04884910583496094,1928,1928
gpt-j-6b-fp32,hilp_imp_desc,0.1,44,44,OPP-MORE,pair0,P,-0.03205394744873047,-0.01781940460205078,632,632
gpt-j-6b-fp32,hilp_imp_desc,0.1,44,44,OPP-MORE,pair0,Q,-0.035808563232421875,-0.04726219177246094,39733,39733
gpt-j-6b-fp32,hilp_imp_desc,0.1,44,44,OPP-MORE,pair1,P,-0.0035448074340820312,0.03846549987792969,27059,27059
gpt-j-6b-fp32,hilp_imp_desc,0.1,44,44,OPP-MORE,pair1,Q,0.02201366424560547,-0.0009946823120117188,19157,19157
gpt-j-6b-fp32,hilp_imp_desc,0.1,44,44,OPP-MORE,pair2,P,-0.016997337341308594,0.10841560363769531,27059,27059
gpt-j-6b-fp32,hilp_imp_desc,0.1,44,44,OPP-MORE,pair2,Q,0.01495361328125,0.07434558868408203,632,632
gpt-j-6b-fp32,hilp_imp_desc,0.1,44,44,OPP-MORE,pair3,P,-0.020447731018066406,0.04647064208984375,27059,27059
gpt-j-6b-fp32,hilp_imp_desc,0.1,44,44,OPP-MORE,pair3,Q,-0.0407257080078125,0.04599761962890625,5930,5930
gpt-j-6b-fp32,hilp_imp_desc,0.1,44,44,OPP-MORE,pair4,P,-0.02391529083251953,0.030167579650878906,27059,27059
gpt-j-6b-fp32,hilp_imp_desc,0.1,44,44,OPP-MORE,pair4,Q,-0.03296852111816406,0.04153728485107422,632,632
gpt-j-6b-fp32,hilp_imp_desc,0.1,44,44,OPP-MORE,pair5,P,0.017103195190429688,0.12084579467773438,27059,27059
gpt-j-6b-fp32,hilp_imp_desc,0.1,44,44,OPP-MORE,pair5,Q,-0.021309852600097656,0.12339591979980469,632,632
gpt-j-6b-fp32,hilp_imp_desc,0.1,44,44,OPP-MORE,pair6,P,-0.0816202163696289,0.077117919921875,27059,27059
gpt-j-6b-fp32,hilp_imp_desc,0.1,44,44,OPP-MORE,pair6,Q,-0.0693979263305664,0.0789794921875,632,632
gpt-j-6b-fp32,hilp_imp_desc,0.1,44,44,OPP-MORE,pair7,P,0.018598556518554688,0.013438224792480469,632,632
gpt-j-6b-fp32,hilp_imp_desc,0.1,44,44,OPP-MORE,pair7,Q,-0.0299835205078125,0.051932334899902344,632,632
gpt-j-6b-fp32,hilp_imp_desc,0.1,44,44,OPP-MORE,pair8,P,-0.009297370910644531,0.0726613998413086,1874,581
gpt-j-6b-fp32,hilp_imp_desc,0.1,44,44,OPP-MORE,pair8,Q,-0.07411956787109375,0.03155040740966797,1874,1874
gpt-j-6b-fp32,hilp_imp_desc,0.1,44,44,OPP-MORE,pair9,P,-0.02582263946533203,-0.017791748046875,27059,27059
gpt-j-6b-fp32,hilp_imp_desc,0.1,44,44,OPP-MORE,pair9,Q,-0.0784292221069336,0.042975425720214844,23663,23663
gpt-j-6b-fp32,hilp_imp_desc,0.1,44,44,OPP-LESS,pair0,P,-0.03062725067138672,0.06767559051513672,632,632
gpt-j-6b-fp32,hilp_imp_desc,0.1,44,44,OPP-LESS,pair0,Q,-0.041970252990722656,0.014369964599609375,39733,39733
gpt-j-6b-fp32,hilp_imp_desc,0.1,44,44,OPP-LESS,pair1,P,0.011899948120117188,0.023163795471191406,27059,27059
gpt-j-6b-fp32,hilp_imp_desc,0.1,44,44,OPP-LESS,pair1,Q,0.04517555236816406,0.030040740966796875,19157,19157
gpt-j-6b-fp32,hilp_imp_desc,0.1,44,44,OPP-LESS,pair2,P,-0.010440826416015625,0.07156944274902344,27059,27059
gpt-j-6b-fp32,hilp_imp_desc,0.1,44,44,OPP-LESS,pair2,Q,0.02405071258544922,-0.0251007080078125,632,632
gpt-j-6b-fp32,hilp_imp_desc,0.1,44,44,OPP-LESS,pair3,P,-0.005249977111816406,-0.10159873962402344,27059,27059
gpt-j-6b-fp32,hilp_imp_desc,0.1,44,44,OPP-LESS,pair3,Q,-0.02963733673095703,-0.041133880615234375,5930,5930
gpt-j-6b-fp32,hilp_imp_desc,0.1,44,44,OPP-LESS,pair4,P,0.006084442138671875,-0.08254432678222656,27059,27059
gpt-j-6b-fp32,hilp_imp_desc,0.1,44,44,OPP-LESS,pair4,Q,-0.00547027587890625,-0.08484745025634766,632,632
gpt-j-6b-fp32,hilp_imp_desc,0.1,44,44,OPP-LESS,pair5,P,0.018436431884765625,0.08260822296142578,27059,27059
gpt-j-6b-fp32,hilp_imp_desc,0.1,44,44,OPP-LESS,pair5,Q,-0.012664794921875,0.05186748504638672,632,632
gpt-j-6b-fp32,hilp_imp_desc,0.1,44,44,OPP-LESS,pair6,P,-0.05827140808105469,0.037667274475097656,27059,27059
gpt-j-6b-fp32,hilp_imp_desc,0.1,44,44,OPP-LESS,pair6,Q,-0.050086021423339844,-0.028041839599609375,632,632
gpt-j-6b-fp32,hilp_imp_desc,0.1,44,44,OPP-LESS,pair7,P,0.008929252624511719,-0.04762458801269531,632,632
gpt-j-6b-fp32,hilp_imp_desc,0.1,44,44,OPP-LESS,pair7,Q,-0.02790546417236328,-0.05247974395751953,632,632
gpt-j-6b-fp32,hilp_imp_desc,0.1,44,44,OPP-LESS,pair8,P,-0.0010614395141601562,-0.044742584228515625,1874,581
gpt-j-6b-fp32,hilp_imp_desc,0.1,44,44,OPP-LESS,pair8,Q,-0.06310272216796875,-0.01137542724609375,1874,1874
gpt-j-6b-fp32,hilp_imp_desc,0.1,44,44,OPP-LESS,pair9,P,-0.0075092315673828125,0.03787517547607422,27059,27059
gpt-j-6b-fp32,hilp_imp_desc,0.1,44,44,OPP-LESS,pair9,Q,-0.07075023651123047,-0.03257560729980469,23663,23663
gpt-j-6b-fp32,hilp_imp_desc,0.1,44,44,MORE-LESS,pair0,P,0.009970664978027344,0.023235321044921875,10255,10255
gpt-j-6b-fp32,hilp_imp_desc,0.1,44,44,MORE-LESS,pair0,Q,0.011762619018554688,0.0220489501953125,10255,10255
gpt-j-6b-fp32,hilp_imp_desc,0.1,44,44,MORE-LESS,pair1,P,-0.0015096664428710938,0.01861858367919922,18605,18605
gpt-j-6b-fp32,hilp_imp_desc,0.1,44,44,MORE-LESS,pair1,Q,0.010857582092285156,0.020109176635742188,18605,18605
gpt-j-6b-fp32,hilp_imp_desc,0.1,44,44,MORE-LESS,pair2,P,0.0076313018798828125,0.027273178100585938,8038,8038
gpt-j-6b-fp32,hilp_imp_desc,0.1,44,44,MORE-LESS,pair2,Q,0.0004930496215820312,0.023209571838378906,8038,8038
gpt-j-6b-fp32,hilp_imp_desc,0.1,44,44,MORE-LESS,pair3,P,0.03753948211669922,0.0384063720703125,1234,1234
gpt-j-6b-fp32,hilp_imp_desc,0.1,44,44,MORE-LESS,pair3,Q,0.031327247619628906,0.034420013427734375,1234,1234
gpt-j-6b-fp32,hilp_imp_desc,0.1,44,44,MORE-LESS,pair4,P,0.02080059051513672,0.029327392578125,23448,23448
gpt-j-6b-fp32,hilp_imp_desc,0.1,44,44,MORE-LESS,pair4,Q,0.015101432800292969,0.02935314178466797,23448,23448
gpt-j-6b-fp32,hilp_imp_desc,0.1,44,44,MORE-LESS,pair5,P,-0.008627891540527344,0.019342422485351562,969,969
gpt-j-6b-fp32,hilp_imp_desc,0.1,44,44,MORE-LESS,pair5,Q,-0.004521369934082031,0.0157012939453125,1426,1426
gpt-j-6b-fp32,hilp_imp_desc,0.1,44,44,MORE-LESS,pair6,P,0.012377738952636719,0.0300750732421875,6514,6514
gpt-j-6b-fp32,hilp_imp_desc,0.1,44,44,MORE-LESS,pair6,Q,0.015256881713867188,0.028417587280273438,6514,6514
gpt-j-6b-fp32,hilp_imp_desc,0.1,44,44,MORE-LESS,pair7,P,-0.00035762786865234375,0.02237224578857422,22111,22111
gpt-j-6b-fp32,hilp_imp_desc,0.1,44,44,MORE-LESS,pair7,Q,0.0019741058349609375,0.031019210815429688,22111,22111
gpt-j-6b-fp32,hilp_imp_desc,0.1,44,44,MORE-LESS,pair8,P,0.005461692810058594,0.019240379333496094,969,969
gpt-j-6b-fp32,hilp_imp_desc,0.1,44,44,MORE-LESS,pair8,Q,0.012830734252929688,0.011806488037109375,969,969
gpt-j-6b-fp32,hilp_imp_desc,0.1,44,44,MORE-LESS,pair9,P,0.01703643798828125,0.03819751739501953,34439,34439
gpt-j-6b-fp32,hilp_imp_desc,0.1,44,44,MORE-LESS,pair9,Q,0.014055252075195312,0.03646564483642578,34439,34439
gpt-j-6b-fp32,hilp_imp_desc,0.12,53,53,SAME-OPP,pair0,P,0.0018157958984375,-0.025404930114746094,632,632
gpt-j-6b-fp32,hilp_imp_desc,0.12,53,53,SAME-OPP,pair0,Q,-0.0149383544921875,-0.040332794189453125,39733,39733
gpt-j-6b-fp32,hilp_imp_desc,0.12,53,53,SAME-OPP,pair1,P,0.009884834289550781,-0.022764205932617188,27059,27059
gpt-j-6b-fp32,hilp_imp_desc,0.12,53,53,SAME-OPP,pair1,Q,-0.038558006286621094,-0.08388519287109375,19157,19157
gpt-j-6b-fp32,hilp_imp_desc,0.12,53,53,SAME-OPP,pair2,P,0.004282951354980469,-0.01746845245361328,632,632
gpt-j-6b-fp32,hilp_imp_desc,0.12,53,53,SAME-OPP,pair2,Q,-0.014049530029296875,-0.056153297424316406,632,632
gpt-j-6b-fp32,hilp_imp_desc,0.12,53,53,SAME-OPP,pair3,P,0.009722709655761719,-0.02060985565185547,27059,27059
gpt-j-6b-fp32,hilp_imp_desc,0.12,53,53,SAME-OPP,pair3,Q,-0.032591819763183594,-0.05962371826171875,632,632
gpt-j-6b-fp32,hilp_imp_desc,0.12,53,53,SAME-OPP,pair4,P,0.011963844299316406,-0.021721839904785156,27059,27059
gpt-j-6b-fp32,hilp_imp_desc,0.12,53,53,SAME-OPP,pair4,Q,-0.014241218566894531,-0.05303478240966797,632,632
gpt-j-6b-fp32,hilp_imp_desc,0.12,53,53,SAME-OPP,pair5,P,0.0029144287109375,-0.019158363342285156,27059,27059
gpt-j-6b-fp32,hilp_imp_desc,0.12,53,53,SAME-OPP,pair5,Q,-0.016977310180664062,-0.057369232177734375,632,632
gpt-j-6b-fp32,hilp_imp_desc,0.12,53,53,SAME-OPP,pair6,P,0.0037755966186523438,-0.019147872924804688,27059,27059
gpt-j-6b-fp32,hilp_imp_desc,0.12,53,53,SAME-OPP,pair6,Q,-0.02652740478515625,-0.060543060302734375,632,632
gpt-j-6b-fp32,hilp_imp_desc,0.12,53,53,SAME-OPP,pair7,P,0.0009860992431640625,-0.021120071411132812,632,632
gpt-j-6b-fp32,hilp_imp_desc,0.12,53,53,SAME-OPP,pair7,Q,-0.03016376495361328,-0.06341171264648438,632,632
gpt-j-6b-fp32,hilp_imp_desc,0.12,53,53,SAME-OPP,pair8,P,0.010079383850097656,-0.01935863494873047,581,581
gpt-j-6b-fp32,hilp_imp_desc,0.12,53,53,SAME-OPP,pair8,Q,-0.02156352996826172,-0.0643472671508789,581,1874
gpt-j-6b-fp32,hilp_imp_desc,0.12,53,53,SAME-OPP,pair9,P,0.018648147583007812,-0.012689590454101562,27059,27059
gpt-j-6b-fp32,hilp_imp_desc,0.12,53,53,SAME-OPP,pair9,Q,-0.01935577392578125,-0.04603385925292969,1928,1928
gpt-j-6b-fp32,hilp_imp_desc,0.12,53,53,SAME-MORE,pair0,P,-0.02258586883544922,-0.010268211364746094,632,632
gpt-j-6b-fp32,hilp_imp_desc,0.12,53,53,SAME-MORE,pair0,Q,-0.09593677520751953,-0.06121540069580078,39733,39733
gpt-j-6b-fp32,hilp_imp_desc,0.12,53,53,SAME-MORE,pair1,P,-0.002452850341796875,0.04014015197753906,27059,27059
gpt-j-6b-fp32,hilp_imp_desc,0.12,53,53,SAME-MORE,pair1,Q,-0.07344818115234375,-0.035927772521972656,19157,19157
gpt-j-6b-fp32,hilp_imp_desc,0.12,53,53,SAME-MORE,pair2,P,-0.03957557678222656,0.06243133544921875,632,632
gpt-j-6b-fp32,hilp_imp_desc,0.12,53,53,SAME-MORE,pair2,Q,-0.09583091735839844,0.012452125549316406,632,632
gpt-j-6b-fp32,hilp_imp_desc,0.12,53,53,SAME-MORE,pair3,P,0.032291412353515625,0.048666954040527344,27059,27059
gpt-j-6b-fp32,hilp_imp_desc,0.12,53,53,SAME-MORE,pair3,Q,-0.10686969757080078,0.01763439178466797,632,632
gpt-j-6b-fp32,hilp_imp_desc,0.12,53,53,SAME-MORE,pair4,P,-0.017656326293945312,0.024580001831054688,27059,27059
gpt-j-6b-fp32,hilp_imp_desc,0.12,53,53,SAME-MORE,pair4,Q,-0.0882730484008789,0.012048721313476562,632,632
gpt-j-6b-fp32,hilp_imp_desc,0.12,53,53,SAME-MORE,pair5,P,0.06809520721435547,0.09986400604248047,27059,27059
gpt-j-6b-fp32,hilp_imp_desc,0.12,53,53,SAME-MORE,pair5,Q,-0.06333446502685547,0.06694984436035156,632,632
gpt-j-6b-fp32,hilp_imp_desc,0.12,53,53,SAME-MORE,pair6,P,-0.014502525329589844,0.05172252655029297,27059,27059
gpt-j-6b-fp32,hilp_imp_desc,0.12,53,53,SAME-MORE,pair6,Q,-0.10521507263183594,0.055934906005859375,632,632
gpt-j-6b-fp32,hilp_imp_desc,0.12,53,53,SAME-MORE,pair7,P,0.06986808776855469,0.009367942810058594,632,632
gpt-j-6b-fp32,hilp_imp_desc,0.12,53,53,SAME-MORE,pair7,Q,-0.05790519714355469,-0.011484146118164062,632,632
gpt-j-6b-fp32,hilp_imp_desc,0.12,53,53,SAME-MORE,pair8,P,-0.0037250518798828125,0.008809089660644531,581,581
gpt-j-6b-fp32,hilp_imp_desc,0.12,53,53,SAME-MORE,pair8,Q,-0.11812877655029297,-0.0628671646118164,581,581
gpt-j-6b-fp32,hilp_imp_desc,0.12,53,53,SAME-MORE,pair9,P,0.061263084411621094,-0.018953323364257812,27059,27059
gpt-j-6b-fp32,hilp_imp_desc,0.12,53,53,SAME-MORE,pair9,Q,-0.10422897338867188,0.008935928344726562,1928,1928
gpt-j-6b-fp32,hilp_imp_desc,0.12,53,53,SAME-LESS,pair0,P,-0.011788368225097656,0.0029697418212890625,632,632
gpt-j-6b-fp32,hilp_imp_desc,0.12,53,53,SAME-LESS,pair0,Q,-0.07383918762207031,-0.046851158142089844,39733,39733
gpt-j-6b-fp32,hilp_imp_desc,0.12,53,53,SAME-LESS,pair1,P,0.03787040710449219,0.024730682373046875,27059,27059
gpt-j-6b-fp32,hilp_imp_desc,0.12,53,53,SAME-LESS,pair1,Q,-0.041423797607421875,0.009303092956542969,19157,19157
gpt-j-6b-fp32,hilp_imp_desc,0.12,53,53,SAME-LESS,pair2,P,-0.008645057678222656,0.04276466369628906,632,632
gpt-j-6b-fp32,hilp_imp_desc,0.12,53,53,SAME-LESS,pair2,Q,-0.08266258239746094,-0.05929756164550781,632,632
gpt-j-6b-fp32,hilp_imp_desc,0.12,53,53,SAME-LESS,pair3,P,0.04497528076171875,-0.14756488800048828,27059,27059
gpt-j-6b-fp32,hilp_imp_desc,0.12,53,53,SAME-LESS,pair3,Q,-0.09113311767578125,-0.14083385467529297,632,632
gpt-j-6b-fp32,hilp_imp_desc,0.12,53,53,SAME-LESS,pair4,P,0.007961273193359375,-0.10511302947998047,27059,27059
gpt-j-6b-fp32,hilp_imp_desc,0.12,53,53,SAME-LESS,pair4,Q,-0.053933143615722656,-0.12109088897705078,632,632
gpt-j-6b-fp32,hilp_imp_desc,0.12,53,53,SAME-LESS,pair5,P,0.08727264404296875,0.08005046844482422,27059,27059
gpt-j-6b-fp32,hilp_imp_desc,0.12,53,53,SAME-LESS,pair5,Q,-0.042659759521484375,-0.044274330139160156,632,632
gpt-j-6b-fp32,hilp_imp_desc,0.12,53,53,SAME-LESS,pair6,P,0.02942943572998047,-0.029685020446777344,27059,27059
gpt-j-6b-fp32,hilp_imp_desc,0.12,53,53,SAME-LESS,pair6,Q,-0.07532787322998047,-0.0866231918334961,632,632
gpt-j-6b-fp32,hilp_imp_desc,0.12,53,53,SAME-LESS,pair7,P,0.06857013702392578,-0.03328704833984375,632,632
gpt-j-6b-fp32,hilp_imp_desc,0.12,53,53,SAME-LESS,pair7,Q,-0.04142284393310547,-0.07952213287353516,632,632
gpt-j-6b-fp32,hilp_imp_desc,0.12,53,53,SAME-LESS,pair8,P,0.02186298370361328,-0.06826019287109375,581,581
gpt-j-6b-fp32,hilp_imp_desc,0.12,53,53,SAME-LESS,pair8,Q,-0.09780406951904297,-0.0817270278930664,581,581
gpt-j-6b-fp32,hilp_imp_desc,0.12,53,53,SAME-LESS,pair9,P,0.07727718353271484,-0.015102386474609375,27059,27059
gpt-j-6b-fp32,hilp_imp_desc,0.12,53,53,SAME-LESS,pair9,Q,-0.0814676284790039,-0.10525989532470703,1928,1928
gpt-j-6b-fp32,hilp_imp_desc,0.12,53,53,OPP-MORE,pair0,P,-0.06475257873535156,-0.025595664978027344,632,632
gpt-j-6b-fp32,hilp_imp_desc,0.12,53,53,OPP-MORE,pair0,Q,-0.0075550079345703125,-0.06708335876464844,39733,39733
gpt-j-6b-fp32,hilp_imp_desc,0.12,53,53,OPP-MORE,pair1,P,-0.058997154235839844,0.008856773376464844,27059,27059
gpt-j-6b-fp32,hilp_imp_desc,0.12,53,53,OPP-MORE,pair1,Q,0.0458984375,-0.02375030517578125,19157,19157
gpt-j-6b-fp32,hilp_imp_desc,0.12,53,53,OPP-MORE,pair2,P,-0.06451797485351562,0.11576271057128906,27059,27059
gpt-j-6b-fp32,hilp_imp_desc,0.12,53,53,OPP-MORE,pair2,Q,0.0263824462890625,0.046103477478027344,632,632
gpt-j-6b-fp32,hilp_imp_desc,0.12,53,53,OPP-MORE,pair3,P,-0.06305694580078125,0.06333446502685547,27059,27059
gpt-j-6b-fp32,hilp_imp_desc,0.12,53,53,OPP-MORE,pair3,Q,-0.038692474365234375,0.038916587829589844,5930,5930
gpt-j-6b-fp32,hilp_imp_desc,0.12,53,53,OPP-MORE,pair4,P,-0.084991455078125,0.032744407653808594,27059,27059
gpt-j-6b-fp32,hilp_imp_desc,0.12,53,53,OPP-MORE,pair4,Q,-0.036688804626464844,0.016219139099121094,632,632
gpt-j-6b-fp32,hilp_imp_desc,0.12,53,53,OPP-MORE,pair5,P,-0.012022018432617188,0.1232757568359375,27059,27059
gpt-j-6b-fp32,hilp_imp_desc,0.12,53,53,OPP-MORE,pair5,Q,0.0046253204345703125,0.09474754333496094,632,632
gpt-j-6b-fp32,hilp_imp_desc,0.12,53,53,OPP-MORE,pair6,P,-0.12946128845214844,0.061298370361328125,27059,27059
gpt-j-6b-fp32,hilp_imp_desc,0.12,53,53,OPP-MORE,pair6,Q,-0.0627899169921875,0.05539894104003906,632,632
gpt-j-6b-fp32,hilp_imp_desc,0.12,53,53,OPP-MORE,pair7,P,-0.011754035949707031,0.012866973876953125,632,632
gpt-j-6b-fp32,hilp_imp_desc,0.12,53,53,OPP-MORE,pair7,Q,0.013530731201171875,0.03661155700683594,632,632
gpt-j-6b-fp32,hilp_imp_desc,0.12,53,53,OPP-MORE,pair8,P,-0.04186820983886719,0.05434989929199219,1874,581
gpt-j-6b-fp32,hilp_imp_desc,0.12,53,53,OPP-MORE,pair8,Q,-0.04500293731689453,-0.0074062347412109375,1874,1874
gpt-j-6b-fp32,hilp_imp_desc,0.12,53,53,OPP-MORE,pair9,P,-0.07088279724121094,-0.018164634704589844,27059,27059
gpt-j-6b-fp32,hilp_imp_desc,0.12,53,53,OPP-MORE,pair9,Q,-0.04317283630371094,0.025440216064453125,23663,23663
gpt-j-6b-fp32,hilp_imp_desc,0.12,53,53,OPP-LESS,pair0,P,-0.05840587615966797,0.07250404357910156,632,632
gpt-j-6b-fp32,hilp_imp_desc,0.12,53,53,OPP-LESS,pair0,Q,-0.013433456420898438,-0.026803016662597656,39733,39733
gpt-j-6b-fp32,hilp_imp_desc,0.12,53,53,OPP-LESS,pair1,P,-0.03526782989501953,0.028621673583984375,27059,27059
gpt-j-6b-fp32,hilp_imp_desc,0.12,53,53,OPP-LESS,pair1,Q,0.074005126953125,0.021030426025390625,19157,19157
gpt-j-6b-fp32,hilp_imp_desc,0.12,53,53,OPP-LESS,pair2,P,-0.04722785949707031,0.11049652099609375,27059,27059
gpt-j-6b-fp32,hilp_imp_desc,0.12,53,53,OPP-LESS,pair2,Q,0.0396270751953125,-0.02468395233154297,632,632
gpt-j-6b-fp32,hilp_imp_desc,0.12,53,53,OPP-LESS,pair3,P,-0.04324626922607422,-0.1114654541015625,27059,27059
gpt-j-6b-fp32,hilp_imp_desc,0.12,53,53,OPP-LESS,pair3,Q,-0.02797222137451172,-0.09170246124267578,5930,5930
gpt-j-6b-fp32,hilp_imp_desc,0.12,53,53,OPP-LESS,pair4,P,-0.04723644256591797,-0.12699317932128906,27059,27059
gpt-j-6b-fp32,hilp_imp_desc,0.12,53,53,OPP-LESS,pair4,Q,-0.00336456298828125,-0.17341041564941406,632,632
gpt-j-6b-fp32,hilp_imp_desc,0.12,53,53,OPP-LESS,pair5,P,-0.008941650390625,0.1055612564086914,27059,27059
gpt-j-6b-fp32,hilp_imp_desc,0.12,53,53,OPP-LESS,pair5,Q,0.011923789978027344,-0.002635955810546875,632,632
gpt-j-6b-fp32,hilp_imp_desc,0.12,53,53,OPP-LESS,pair6,P,-0.090545654296875,-6.389617919921875e-05,27059,27059
gpt-j-6b-fp32,hilp_imp_desc,0.12,53,53,OPP-LESS,pair6,Q,-0.03496551513671875,-0.08274555206298828,632,632
gpt-j-6b-fp32,hilp_imp_desc,0.12,53,53,OPP-LESS,pair7,P,-0.018764495849609375,-0.018944740295410156,632,632
gpt-j-6b-fp32,hilp_imp_desc,0.12,53,53,OPP-LESS,pair7,Q,0.016449928283691406,-0.07341957092285156,632,632
gpt-j-6b-fp32,hilp_imp_desc,0.12,53,53,OPP-LESS,pair8,P,-0.02642059326171875,-0.05053997039794922,1874,581
gpt-j-6b-fp32,hilp_imp_desc,0.12,53,53,OPP-LESS,pair8,Q,-0.03089427947998047,-0.049185752868652344,1874,1874
gpt-j-6b-fp32,hilp_imp_desc,0.12,53,53,OPP-LESS,pair9,P,-0.04264068603515625,-0.008204460144042969,27059,27059
gpt-j-6b-fp32,hilp_imp_desc,0.12,53,53,OPP-LESS,pair9,Q,-0.030236244201660156,-0.09691524505615234,23663,23663
gpt-j-6b-fp32,hilp_imp_desc,0.12,53,53,MORE-LESS,pair0,P,0.010445594787597656,0.02245616912841797,10255,10255
gpt-j-6b-fp32,hilp_imp_desc,0.12,53,53,MORE-LESS,pair0,Q,0.01100921630859375,0.019402503967285156,10255,10255
gpt-j-6b-fp32,hilp_imp_desc,0.12,53,53,MORE-LESS,pair1,P,0.00042438507080078125,0.021938323974609375,18605,18605
gpt-j-6b-fp32,hilp_imp_desc,0.12,53,53,MORE-LESS,pair1,Q,0.012377738952636719,0.022164344787597656,18605,18605
gpt-j-6b-fp32,hilp_imp_desc,0.12,53,53,MORE-LESS,pair2,P,0.0024976730346679688,0.03265571594238281,8038,8038
gpt-j-6b-fp32,hilp_imp_desc,0.12,53,53,MORE-LESS,pair2,Q,-0.0039033889770507812,0.02697467803955078,8038,8038
gpt-j-6b-fp32,hilp_imp_desc,0.12,53,53,MORE-LESS,pair3,P,0.03869438171386719,0.03999137878417969,1234,1234
gpt-j-6b-fp32,hilp_imp_desc,0.12,53,53,MORE-LESS,pair3,Q,0.031205177307128906,0.033237457275390625,1234,1234
gpt-j-6b-fp32,hilp_imp_desc,0.12,53,53,MORE-LESS,pair4,P,0.02068042755126953,0.030073165893554688,23448,23448
gpt-j-6b-fp32,hilp_imp_desc,0.12,53,53,MORE-LESS,pair4,Q,0.015031814575195312,0.02782917022705078,23448,23448
gpt-j-6b-fp32,hilp_imp_desc,0.12,53,53,MORE-LESS,pair5,P,-0.008496284484863281,0.015486717224121094,969,969
gpt-j-6b-fp32,hilp_imp_desc,0.12,53,53,MORE-LESS,pair5,Q,-0.0033721923828125,0.01166534423828125,1426,1426
gpt-j-6b-fp32,hilp_imp_desc,0.12,53,53,MORE-LESS,pair6,P,0.010510444641113281,0.03631305694580078,6514,6514
gpt-j-6b-fp32,hilp_imp_desc,0.12,53,53,MORE-LESS,pair6,Q,0.012638092041015625,0.03363990783691406,6514,6514
gpt-j-6b-fp32,hilp_imp_desc,0.12,53,53,MORE-LESS,pair7,P,-0.0034465789794921875,0.025582313537597656,22111,22111
gpt-j-6b-fp32,hilp_imp_desc,0.12,53,53,MORE-LESS,pair7,Q,-0.0011472702026367188,0.031006813049316406,22111,22111
gpt-j-6b-fp32,hilp_imp_desc,0.12,53,53,MORE-LESS,pair8,P,-0.002124786376953125,0.017648696899414062,969,969
gpt-j-6b-fp32,hilp_imp_desc,0.12,53,53,MORE-LESS,pair8,Q,0.0076656341552734375,0.007838249206542969,969,969
gpt-j-6b-fp32,hilp_imp_desc,0.12,53,53,MORE-LESS,pair9,P,0.021427154541015625,0.0438385009765625,34439,34439
gpt-j-6b-fp32,hilp_imp_desc,0.12,53,53,MORE-LESS,pair9,Q,0.017419815063476562,0.03998088836669922,34439,34439
gpt-j-6b-fp32,hilp_imp_desc,0.15,67,67,SAME-OPP,pair0,P,0.015743255615234375,-0.008233070373535156,632,632
gpt-j-6b-fp32,hilp_imp_desc,0.15,67,67,SAME-OPP,pair0,Q,-0.007285118103027344,-0.051924705505371094,39733,39733
gpt-j-6b-fp32,hilp_imp_desc,0.15,67,67,SAME-OPP,pair1,P,0.025732994079589844,-0.02578258514404297,27059,27059
gpt-j-6b-fp32,hilp_imp_desc,0.15,67,67,SAME-OPP,pair1,Q,-0.034992218017578125,-0.0965738296508789,19157,19157
gpt-j-6b-fp32,hilp_imp_desc,0.15,67,67,SAME-OPP,pair2,P,0.028000831604003906,-0.016607284545898438,632,27059
gpt-j-6b-fp32,hilp_imp_desc,0.15,67,67,SAME-OPP,pair2,Q,-0.004994392395019531,-0.0711374282836914,632,632
gpt-j-6b-fp32,hilp_imp_desc,0.15,67,67,SAME-OPP,pair3,P,0.02959918975830078,-0.02487659454345703,27059,27059
gpt-j-6b-fp32,hilp_imp_desc,0.15,67,67,SAME-OPP,pair3,Q,-0.009877204895019531,-0.06559562683105469,632,632
gpt-j-6b-fp32,hilp_imp_desc,0.15,67,67,SAME-OPP,pair4,P,0.015079498291015625,-0.05094432830810547,27059,27059
gpt-j-6b-fp32,hilp_imp_desc,0.15,67,67,SAME-OPP,pair4,Q,-0.033387184143066406,-0.09972858428955078,632,632
gpt-j-6b-fp32,hilp_imp_desc,0.15,67,67,SAME-OPP,pair5,P,0.006981849670410156,-0.01786518096923828,27059,27059
gpt-j-6b-fp32,hilp_imp_desc,0.15,67,67,SAME-OPP,pair5,Q,-0.019178390502929688,-0.07326316833496094,632,632
gpt-j-6b-fp32,hilp_imp_desc,0.15,67,67,SAME-OPP,pair6,P,0.028359413146972656,-0.021387100219726562,27059,27059
gpt-j-6b-fp32,hilp_imp_desc,0.15,67,67,SAME-OPP,pair6,Q,-0.016401290893554688,-0.08349800109863281,632,632
gpt-j-6b-fp32,hilp_imp_desc,0.15,67,67,SAME-OPP,pair7,P,0.023055076599121094,-0.026520729064941406,632,632
gpt-j-6b-fp32,hilp_imp_desc,0.15,67,67,SAME-OPP,pair7,Q,-0.019034385681152344,-0.08585166931152344,632,632
gpt-j-6b-fp32,hilp_imp_desc,0.15,67,67,SAME-OPP,pair8,P,0.016040802001953125,-0.033432960510253906,581,581
gpt-j-6b-fp32,hilp_imp_desc,0.15,67,67,SAME-OPP,pair8,Q,-0.022167205810546875,-0.08023738861083984,581,1874
gpt-j-6b-fp32,hilp_imp_desc,0.15,67,67,SAME-OPP,pair9,P,0.032390594482421875,-0.04408073425292969,27059,27059
gpt-j-6b-fp32,hilp_imp_desc,0.15,67,67,SAME-OPP,pair9,Q,-0.028184890747070312,-0.0770730972290039,1928,23663
gpt-j-6b-fp32,hilp_imp_desc,0.15,67,67,SAME-MORE,pair0,P,0.004441261291503906,-0.01678180694580078,632,632
gpt-j-6b-fp32,hilp_imp_desc,0.15,67,67,SAME-MORE,pair0,Q,-0.06983661651611328,-0.09471797943115234,39733,39733
gpt-j-6b-fp32,hilp_imp_desc,0.15,67,67,SAME-MORE,pair1,P,0.05614471435546875,0.07219123840332031,27059,27059
gpt-j-6b-fp32,hilp_imp_desc,0.15,67,67,SAME-MORE,pair1,Q,-0.058669090270996094,-0.0113677978515625,19157,19157
gpt-j-6b-fp32,hilp_imp_desc,0.15,67,67,SAME-MORE,pair2,P,0.02272510528564453,0.1319723129272461,632,632
gpt-j-6b-fp32,hilp_imp_desc,0.15,67,67,SAME-MORE,pair2,Q,-0.06162834167480469,0.07032489776611328,632,632
gpt-j-6b-fp32,hilp_imp_desc,0.15,67,67,SAME-MORE,pair3,P,0.06528472900390625,0.06197834014892578,27059,27059
gpt-j-6b-fp32,hilp_imp_desc,0.15,67,67,SAME-MORE,pair3,Q,-0.07826709747314453,0.02550506591796875,632,632
gpt-j-6b-fp32,hilp_imp_desc,0.15,67,67,SAME-MORE,pair4,P,0.029613494873046875,0.052329063415527344,27059,27059
gpt-j-6b-fp32,hilp_imp_desc,0.15,67,67,SAME-MORE,pair4,Q,-0.07808971405029297,-0.02407550811767578,632,632
gpt-j-6b-fp32,hilp_imp_desc,0.15,67,67,SAME-MORE,pair5,P,0.11285400390625,0.10862445831298828,27059,27059
gpt-j-6b-fp32,hilp_imp_desc,0.15,67,67,SAME-MORE,pair5,Q,-0.01892852783203125,0.058368682861328125,632,632
gpt-j-6b-fp32,hilp_imp_desc,0.15,67,67,SAME-MORE,pair6,P,0.034195899963378906,0.0848073959350586,27059,27059
gpt-j-6b-fp32,hilp_imp_desc,0.15,67,67,SAME-MORE,pair6,Q,-0.06703758239746094,0.07826042175292969,632,632
gpt-j-6b-fp32,hilp_imp_desc,0.15,67,67,SAME-MORE,pair7,P,0.1472625732421875,0.03166484832763672,632,632
gpt-j-6b-fp32,hilp_imp_desc,0.15,67,67,SAME-MORE,pair7,Q,-0.005686759948730469,0.012459754943847656,632,632
gpt-j-6b-fp32,hilp_imp_desc,0.15,67,67,SAME-MORE,pair8,P,-0.0023441314697265625,0.02101421356201172,581,581
gpt-j-6b-fp32,hilp_imp_desc,0.15,67,67,SAME-MORE,pair8,Q,-0.12010478973388672,-0.08166027069091797,581,581
gpt-j-6b-fp32,hilp_imp_desc,0.15,67,67,SAME-MORE,pair9,P,0.07289695739746094,-0.024351119995117188,27059,27059
gpt-j-6b-fp32,hilp_imp_desc,0.15,67,67,SAME-MORE,pair9,Q,-0.1011209487915039,-0.004597663879394531,1928,1928
gpt-j-6b-fp32,hilp_imp_desc,0.15,67,67,SAME-LESS,pair0,P,0.006302833557128906,0.06956100463867188,632,632
gpt-j-6b-fp32,hilp_imp_desc,0.15,67,67,SAME-LESS,pair0,Q,-0.04603004455566406,0.010012626647949219,39733,39733
gpt-j-6b-fp32,hilp_imp_desc,0.15,67,67,SAME-LESS,pair1,P,0.09785842895507812,0.06301593780517578,27059,27059
gpt-j-6b-fp32,hilp_imp_desc,0.15,67,67,SAME-LESS,pair1,Q,-0.02948760986328125,0.017165184020996094,19157,19157
gpt-j-6b-fp32,hilp_imp_desc,0.15,67,67,SAME-LESS,pair2,P,0.033761024475097656,0.06050539016723633,632,632
gpt-j-6b-fp32,hilp_imp_desc,0.15,67,67,SAME-LESS,pair2,Q,-0.06552505493164062,-0.09731101989746094,632,632
gpt-j-6b-fp32,hilp_imp_desc,0.15,67,67,SAME-LESS,pair3,P,0.05743122100830078,-0.126373291015625,27059,27059
gpt-j-6b-fp32,hilp_imp_desc,0.15,67,67,SAME-LESS,pair3,Q,-0.07628440856933594,-0.10142326354980469,632,632
gpt-j-6b-fp32,hilp_imp_desc,0.15,67,67,SAME-LESS,pair4,P,0.04609203338623047,-0.02563762664794922,27059,27059
gpt-j-6b-fp32,hilp_imp_desc,0.15,67,67,SAME-LESS,pair4,Q,-0.04761981964111328,-0.1269235610961914,632,632
gpt-j-6b-fp32,hilp_imp_desc,0.15,67,67,SAME-LESS,pair5,P,0.10931015014648438,0.0987710952758789,27059,27059
gpt-j-6b-fp32,hilp_imp_desc,0.15,67,67,SAME-LESS,pair5,Q,-0.012081146240234375,-0.027141571044921875,632,632
gpt-j-6b-fp32,hilp_imp_desc,0.15,67,67,SAME-LESS,pair6,P,0.06755542755126953,0.03143024444580078,27059,27059
gpt-j-6b-fp32,hilp_imp_desc,0.15,67,67,SAME-LESS,pair6,Q,-0.040470123291015625,-0.054848670959472656,632,632
gpt-j-6b-fp32,hilp_imp_desc,0.15,67,67,SAME-LESS,pair7,P,0.11137580871582031,0.000278472900390625,632,632
gpt-j-6b-fp32,hilp_imp_desc,0.15,67,67,SAME-LESS,pair7,Q,-0.030874252319335938,0.0015954971313476562,632,632
gpt-j-6b-fp32,hilp_imp_desc,0.15,67,67,SAME-LESS,pair8,P,0.013051033020019531,-0.055660247802734375,581,581
gpt-j-6b-fp32,hilp_imp_desc,0.15,67,67,SAME-LESS,pair8,Q,-0.10355663299560547,-0.08852100372314453,581,581
gpt-j-6b-fp32,hilp_imp_desc,0.15,67,67,SAME-LESS,pair9,P,0.07246208190917969,0.021699905395507812,27059,27059
gpt-j-6b-fp32,hilp_imp_desc,0.15,67,67,SAME-LESS,pair9,Q,-0.0920114517211914,-0.104583740234375,1928,1928
gpt-j-6b-fp32,hilp_imp_desc,0.15,67,67,OPP-MORE,pair0,P,-0.05734539031982422,-0.05970191955566406,632,632
gpt-j-6b-fp32,hilp_imp_desc,0.15,67,67,OPP-MORE,pair0,Q,0.03050708770751953,-0.11853218078613281,39733,39733
gpt-j-6b-fp32,hilp_imp_desc,0.15,67,67,OPP-MORE,pair1,P,-0.004839897155761719,0.05773162841796875,27059,27059
gpt-j-6b-fp32,hilp_imp_desc,0.15,67,67,OPP-MORE,pair1,Q,0.047367095947265625,0.033557891845703125,19157,19157
gpt-j-6b-fp32,hilp_imp_desc,0.15,67,67,OPP-MORE,pair2,P,-0.021172523498535156,0.18223190307617188,27059,27059
gpt-j-6b-fp32,hilp_imp_desc,0.15,67,67,OPP-MORE,pair2,Q,0.0691680908203125,0.08522605895996094,632,632
gpt-j-6b-fp32,hilp_imp_desc,0.15,67,67,OPP-MORE,pair3,P,-0.048750877380371094,0.07334613800048828,27059,27059
gpt-j-6b-fp32,hilp_imp_desc,0.15,67,67,OPP-MORE,pair3,Q,-0.019049644470214844,0.02886486053466797,5930,5930
gpt-j-6b-fp32,hilp_imp_desc,0.15,67,67,OPP-MORE,pair4,P,-0.05736827850341797,0.06532478332519531,27059,27059
gpt-j-6b-fp32,hilp_imp_desc,0.15,67,67,OPP-MORE,pair4,Q,-0.017365455627441406,-0.002254486083984375,632,632
gpt-j-6b-fp32,hilp_imp_desc,0.15,67,67,OPP-MORE,pair5,P,0.03797435760498047,0.13610458374023438,27059,27059
gpt-j-6b-fp32,hilp_imp_desc,0.15,67,67,OPP-MORE,pair5,Q,0.058391571044921875,0.09646034240722656,632,632
gpt-j-6b-fp32,hilp_imp_desc,0.15,67,67,OPP-MORE,pair6,P,-0.08131599426269531,0.12929534912109375,27059,27059
gpt-j-6b-fp32,hilp_imp_desc,0.15,67,67,OPP-MORE,pair6,Q,-0.04778003692626953,0.11037254333496094,632,632
gpt-j-6b-fp32,hilp_imp_desc,0.15,67,67,OPP-MORE,pair7,P,0.02425384521484375,0.021574020385742188,632,632
gpt-j-6b-fp32,hilp_imp_desc,0.15,67,67,OPP-MORE,pair7,Q,0.07890510559082031,0.05617046356201172,632,632
gpt-j-6b-fp32,hilp_imp_desc,0.15,67,67,OPP-MORE,pair8,P,-0.047145843505859375,0.05254173278808594,1874,581
gpt-j-6b-fp32,hilp_imp_desc,0.15,67,67,OPP-MORE,pair8,Q,-0.040444374084472656,-0.04772472381591797,1874,1874
gpt-j-6b-fp32,hilp_imp_desc,0.15,67,67,OPP-MORE,pair9,P,-0.033104896545410156,-0.01702404022216797,27059,27059
gpt-j-6b-fp32,hilp_imp_desc,0.15,67,67,OPP-MORE,pair9,Q,-0.03669166564941406,0.02598285675048828,23663,23663
gpt-j-6b-fp32,hilp_imp_desc,0.15,67,67,OPP-LESS,pair0,P,-0.03310108184814453,0.14168834686279297,632,632
gpt-j-6b-fp32,hilp_imp_desc,0.15,67,67,OPP-LESS,pair0,Q,0.03955364227294922,0.025458335876464844,39733,39733
gpt-j-6b-fp32,hilp_imp_desc,0.15,67,67,OPP-LESS,pair1,P,0.03400993347167969,0.096710205078125,27059,27059
gpt-j-6b-fp32,hilp_imp_desc,0.15,67,67,OPP-LESS,pair1,Q,0.08177471160888672,0.06281185150146484,19157,19157
gpt-j-6b-fp32,hilp_imp_desc,0.15,67,67,OPP-LESS,pair2,P,0.0056896209716796875,0.1899580955505371,27059,27059
gpt-j-6b-fp32,hilp_imp_desc,0.15,67,67,OPP-LESS,pair2,Q,0.08983993530273438,-0.02188873291015625,632,632
gpt-j-6b-fp32,hilp_imp_desc,0.15,67,67,OPP-LESS,pair3,P,-0.011565208435058594,-0.04495716094970703,27059,27059
gpt-j-6b-fp32,hilp_imp_desc,0.15,67,67,OPP-LESS,pair3,Q,0.0051670074462890625,-0.010123252868652344,5930,5930
gpt-j-6b-fp32,hilp_imp_desc,0.15,67,67,OPP-LESS,pair4,P,-0.012853622436523438,0.015709877014160156,27059,27059
gpt-j-6b-fp32,hilp_imp_desc,0.15,67,67,OPP-LESS,pair4,Q,0.022569656372070312,-0.11309623718261719,632,632
gpt-j-6b-fp32,hilp_imp_desc,0.15,67,67,OPP-LESS,pair5,P,0.04038524627685547,0.1511993408203125,27059,27059
gpt-j-6b-fp32,hilp_imp_desc,0.15,67,67,OPP-LESS,pair5,Q,0.0733480453491211,0.03952598571777344,632,632
gpt-j-6b-fp32,hilp_imp_desc,0.15,67,67,OPP-LESS,pair6,P,-0.024118423461914062,0.0966329574584961,27059,27059
gpt-j-6b-fp32,hilp_imp_desc,0.15,67,67,OPP-LESS,pair6,Q,-0.002811431884765625,-0.010528564453125,632,632
gpt-j-6b-fp32,hilp_imp_desc,0.15,67,67,OPP-LESS,pair7,P,-0.008482933044433594,0.03320884704589844,632,632
gpt-j-6b-fp32,hilp_imp_desc,0.15,67,67,OPP-LESS,pair7,Q,0.0652914047241211,-0.0021228790283203125,632,632
gpt-j-6b-fp32,hilp_imp_desc,0.15,67,67,OPP-LESS,pair8,P,-0.022317886352539062,-0.009825706481933594,1874,581
gpt-j-6b-fp32,hilp_imp_desc,0.15,67,67,OPP-LESS,pair8,Q,-0.01585674285888672,-0.033288002014160156,1874,581
gpt-j-6b-fp32,hilp_imp_desc,0.15,67,67,OPP-LESS,pair9,P,0.0010385513305664062,0.049579620361328125,27059,27059
gpt-j-6b-fp32,hilp_imp_desc,0.15,67,67,OPP-LESS,pair9,Q,-0.028367042541503906,-0.07423019409179688,23663,23663
gpt-j-6b-fp32,hilp_imp_desc,0.15,67,67,MORE-LESS,pair0,P,0.005803108215332031,0.028669357299804688,10255,10255
gpt-j-6b-fp32,hilp_imp_desc,0.15,67,67,MORE-LESS,pair0,Q,0.0033063888549804688,0.016172409057617188,10255,10255
gpt-j-6b-fp32,hilp_imp_desc,0.15,67,67,MORE-LESS,pair1,P,0.014066696166992188,0.016907691955566406,18605,18605
gpt-j-6b-fp32,hilp_imp_desc,0.15,67,67,MORE-LESS,pair1,Q,0.018785476684570312,0.012388229370117188,18605,18605
gpt-j-6b-fp32,hilp_imp_desc,0.15,67,67,MORE-LESS,pair2,P,-0.017253875732421875,0.03209209442138672,8038,8038
gpt-j-6b-fp32,hilp_imp_desc,0.15,67,67,MORE-LESS,pair2,Q,-0.024263381958007812,0.023146629333496094,8038,8038
gpt-j-6b-fp32,hilp_imp_desc,0.15,67,67,MORE-LESS,pair3,P,0.039147377014160156,0.04135608673095703,1234,1234
gpt-j-6b-fp32,hilp_imp_desc,0.15,67,67,MORE-LESS,pair3,Q,0.02543926239013672,0.03146076202392578,1234,1234
gpt-j-6b-fp32,hilp_imp_desc,0.15,67,67,MORE-LESS,pair4,P,0.014928817749023438,0.05043315887451172,23448,23448
gpt-j-6b-fp32,hilp_imp_desc,0.15,67,67,MORE-LESS,pair4,Q,0.005703926086425781,0.04407310485839844,23448,23448
gpt-j-6b-fp32,hilp_imp_desc,0.15,67,67,MORE-LESS,pair5,P,-0.0031604766845703125,-0.007744789123535156,969,969
gpt-j-6b-fp32,hilp_imp_desc,0.15,67,67,MORE-LESS,pair5,Q,0.0024023056030273438,-0.013232231140136719,1426,1426
gpt-j-6b-fp32,hilp_imp_desc,0.15,67,67,MORE-LESS,pair6,P,0.0100860595703125,0.02886486053466797,6514,6514
gpt-j-6b-fp32,hilp_imp_desc,0.15,67,67,MORE-LESS,pair6,Q,0.012217521667480469,0.023448944091796875,6514,6514
gpt-j-6b-fp32,hilp_imp_desc,0.15,67,67,MORE-LESS,pair7,P,-0.012879371643066406,-0.011180877685546875,22111,22111
gpt-j-6b-fp32,hilp_imp_desc,0.15,67,67,MORE-LESS,pair7,Q,-0.012261390686035156,-0.011971473693847656,22111,22111
gpt-j-6b-fp32,hilp_imp_desc,0.15,67,67,MORE-LESS,pair8,P,-0.010915756225585938,0.013064384460449219,969,969
gpt-j-6b-fp32,hilp_imp_desc,0.15,67,67,MORE-LESS,pair8,Q,-0.0013723373413085938,-0.0013513565063476562,969,969
gpt-j-6b-fp32,hilp_imp_desc,0.15,67,67,MORE-LESS,pair9,P,0.030384063720703125,0.04297637939453125,34439,34439
gpt-j-6b-fp32,hilp_imp_desc,0.15,67,67,MORE-LESS,pair9,Q,0.01997089385986328,0.03412818908691406,34439,34439
gpt-j-6b-fp32,hilp_imp_desc,0.2,89,89,SAME-OPP,pair0,P,0.017884254455566406,-0.006293296813964844,632,632
gpt-j-6b-fp32,hilp_imp_desc,0.2,89,89,SAME-OPP,pair0,Q,0.0007991790771484375,-0.06237602233886719,39733,39733
gpt-j-6b-fp32,hilp_imp_desc,0.2,89,89,SAME-OPP,pair1,P,0.021387100219726562,-0.032680511474609375,27059,27059
gpt-j-6b-fp32,hilp_imp_desc,0.2,89,89,SAME-OPP,pair1,Q,-0.024886131286621094,-0.09912300109863281,19157,19157
gpt-j-6b-fp32,hilp_imp_desc,0.2,89,89,SAME-OPP,pair2,P,0.031769752502441406,-0.021589279174804688,632,27059
gpt-j-6b-fp32,hilp_imp_desc,0.2,89,89,SAME-OPP,pair2,Q,-0.0006275177001953125,-0.07262611389160156,632,632
gpt-j-6b-fp32,hilp_imp_desc,0.2,89,89,SAME-OPP,pair3,P,0.033402442932128906,-0.032692909240722656,27059,27059
gpt-j-6b-fp32,hilp_imp_desc,0.2,89,89,SAME-OPP,pair3,Q,-0.0008306503295898438,-0.06756114959716797,632,632
gpt-j-6b-fp32,hilp_imp_desc,0.2,89,89,SAME-OPP,pair4,P,0.014058113098144531,-0.05712318420410156,27059,27059
gpt-j-6b-fp32,hilp_imp_desc,0.2,89,89,SAME-OPP,pair4,Q,-0.024817466735839844,-0.10684585571289062,632,632
gpt-j-6b-fp32,hilp_imp_desc,0.2,89,89,SAME-OPP,pair5,P,-0.004136085510253906,-0.025289535522460938,27059,27059
gpt-j-6b-fp32,hilp_imp_desc,0.2,89,89,SAME-OPP,pair5,Q,-0.016302108764648438,-0.08059215545654297,632,632
gpt-j-6b-fp32,hilp_imp_desc,0.2,89,89,SAME-OPP,pair6,P,0.01889801025390625,-0.030506134033203125,27059,27059
gpt-j-6b-fp32,hilp_imp_desc,0.2,89,89,SAME-OPP,pair6,Q,-0.019186019897460938,-0.10074043273925781,632,632
gpt-j-6b-fp32,hilp_imp_desc,0.2,89,89,SAME-OPP,pair7,P,0.021053314208984375,-0.03217124938964844,632,632
gpt-j-6b-fp32,hilp_imp_desc,0.2,89,89,SAME-OPP,pair7,Q,-0.01029205322265625,-0.09452056884765625,632,632
gpt-j-6b-fp32,hilp_imp_desc,0.2,89,89,SAME-OPP,pair8,P,0.01634502410888672,-0.036289215087890625,581,581
gpt-j-6b-fp32,hilp_imp_desc,0.2,89,89,SAME-OPP,pair8,Q,-0.01969146728515625,-0.08325672149658203,581,1874
gpt-j-6b-fp32,hilp_imp_desc,0.2,89,89,SAME-OPP,pair9,P,0.027457237243652344,-0.051982879638671875,27059,27059
gpt-j-6b-fp32,hilp_imp_desc,0.2,89,89,SAME-OPP,pair9,Q,-0.030582427978515625,-0.08513736724853516,1928,23663
gpt-j-6b-fp32,hilp_imp_desc,0.2,89,89,SAME-MORE,pair0,P,-0.047316551208496094,-0.07794189453125,632,632
gpt-j-6b-fp32,hilp_imp_desc,0.2,89,89,SAME-MORE,pair0,Q,-0.07275676727294922,-0.13491535186767578,39733,39733
gpt-j-6b-fp32,hilp_imp_desc,0.2,89,89,SAME-MORE,pair1,P,0.034394264221191406,0.08774280548095703,27059,27059
gpt-j-6b-fp32,hilp_imp_desc,0.2,89,89,SAME-MORE,pair1,Q,-0.05520153045654297,-0.0005617141723632812,19157,632
gpt-j-6b-fp32,hilp_imp_desc,0.2,89,89,SAME-MORE,pair2,P,-0.008494377136230469,0.07880115509033203,632,632
gpt-j-6b-fp32,hilp_imp_desc,0.2,89,89,SAME-MORE,pair2,Q,-0.05098533630371094,0.09047412872314453,632,632
gpt-j-6b-fp32,hilp_imp_desc,0.2,89,89,SAME-MORE,pair3,P,0.07493877410888672,0.06204509735107422,27059,27059
gpt-j-6b-fp32,hilp_imp_desc,0.2,89,89,SAME-MORE,pair3,Q,-0.0249786376953125,0.05106544494628906,632,632
gpt-j-6b-fp32,hilp_imp_desc,0.2,89,89,SAME-MORE,pair4,P,-0.013421058654785156,0.05127429962158203,27059,27059
gpt-j-6b-fp32,hilp_imp_desc,0.2,89,89,SAME-MORE,pair4,Q,-0.08543586730957031,-0.0075817108154296875,632,632
gpt-j-6b-fp32,hilp_imp_desc,0.2,89,89,SAME-MORE,pair5,P,0.10624885559082031,0.11302852630615234,27059,27059
gpt-j-6b-fp32,hilp_imp_desc,0.2,89,89,SAME-MORE,pair5,Q,0.0020551681518554688,0.07338428497314453,632,632
gpt-j-6b-fp32,hilp_imp_desc,0.2,89,89,SAME-MORE,pair6,P,-0.02007579803466797,0.030097007751464844,27059,27059
gpt-j-6b-fp32,hilp_imp_desc,0.2,89,89,SAME-MORE,pair6,Q,-0.08719635009765625,0.017226219177246094,632,632
gpt-j-6b-fp32,hilp_imp_desc,0.2,89,89,SAME-MORE,pair7,P,0.13663196563720703,-0.009372711181640625,632,632
gpt-j-6b-fp32,hilp_imp_desc,0.2,89,89,SAME-MORE,pair7,Q,0.042382240295410156,-0.015321731567382812,632,632
gpt-j-6b-fp32,hilp_imp_desc,0.2,89,89,SAME-MORE,pair8,P,-0.015607833862304688,0.01791095733642578,581,581
gpt-j-6b-fp32,hilp_imp_desc,0.2,89,89,SAME-MORE,pair8,Q,-0.0968618392944336,-0.07438182830810547,581,581
gpt-j-6b-fp32,hilp_imp_desc,0.2,89,89,SAME-MORE,pair9,P,0.050948143005371094,-0.06666946411132812,27059,27059
gpt-j-6b-fp32,hilp_imp_desc,0.2,89,89,SAME-MORE,pair9,Q,-0.0864400863647461,-0.03628349304199219,1928,1928
gpt-j-6b-fp32,hilp_imp_desc,0.2,89,89,SAME-LESS,pair0,P,-0.02173900604248047,0.1513042449951172,632,632
gpt-j-6b-fp32,hilp_imp_desc,0.2,89,89,SAME-LESS,pair0,Q,-0.03966045379638672,0.0563812255859375,39733,39733
gpt-j-6b-fp32,hilp_imp_desc,0.2,89,89,SAME-LESS,pair1,P,0.09837818145751953,0.09615135192871094,27059,27059
gpt-j-6b-fp32,hilp_imp_desc,0.2,89,89,SAME-LESS,pair1,Q,-0.013896942138671875,0.04126453399658203,19157,632
gpt-j-6b-fp32,hilp_imp_desc,0.2,89,89,SAME-LESS,pair2,P,0.009118080139160156,0.1131734848022461,632,632
gpt-j-6b-fp32,hilp_imp_desc,0.2,89,89,SAME-LESS,pair2,Q,-0.0504302978515625,-0.05942058563232422,632,632
gpt-j-6b-fp32,hilp_imp_desc,0.2,89,89,SAME-LESS,pair3,P,0.09011459350585938,-0.036307334899902344,27059,27059
gpt-j-6b-fp32,hilp_imp_desc,0.2,89,89,SAME-LESS,pair3,Q,-0.009106636047363281,-0.031078338623046875,632,632
gpt-j-6b-fp32,hilp_imp_desc,0.2,89,89,SAME-LESS,pair4,P,0.012585639953613281,0.02655506134033203,27059,27059
gpt-j-6b-fp32,hilp_imp_desc,0.2,89,89,SAME-LESS,pair4,Q,-0.05023479461669922,-0.08164215087890625,632,632
gpt-j-6b-fp32,hilp_imp_desc,0.2,89,89,SAME-LESS,pair5,P,0.1252880096435547,0.18616390228271484,27059,27059
gpt-j-6b-fp32,hilp_imp_desc,0.2,89,89,SAME-LESS,pair5,Q,0.01924419403076172,0.07188796997070312,632,632
gpt-j-6b-fp32,hilp_imp_desc,0.2,89,89,SAME-LESS,pair6,P,0.02723217010498047,0.10631084442138672,27059,27059
gpt-j-6b-fp32,hilp_imp_desc,0.2,89,89,SAME-LESS,pair6,Q,-0.049096107482910156,-0.025217056274414062,632,632
gpt-j-6b-fp32,hilp_imp_desc,0.2,89,89,SAME-LESS,pair7,P,0.12055492401123047,0.02379608154296875,632,632
gpt-j-6b-fp32,hilp_imp_desc,0.2,89,89,SAME-LESS,pair7,Q,0.02470874786376953,0.0433349609375,632,632
gpt-j-6b-fp32,hilp_imp_desc,0.2,89,89,SAME-LESS,pair8,P,0.0125732421875,0.011539459228515625,581,581
gpt-j-6b-fp32,hilp_imp_desc,0.2,89,89,SAME-LESS,pair8,Q,-0.07074832916259766,-0.04936408996582031,581,581
gpt-j-6b-fp32,hilp_imp_desc,0.2,89,89,SAME-LESS,pair9,P,0.06402301788330078,0.03177070617675781,27059,27059
gpt-j-6b-fp32,hilp_imp_desc,0.2,89,89,SAME-LESS,pair9,Q,-0.06878376007080078,-0.09971237182617188,1928,1928
gpt-j-6b-fp32,hilp_imp_desc,0.2,89,89,OPP-MORE,pair0,P,-0.0634775161743164,-0.10822296142578125,632,632
gpt-j-6b-fp32,hilp_imp_desc,0.2,89,89,OPP-MORE,pair0,Q,-2.956390380859375e-05,-0.1380319595336914,39733,39733
gpt-j-6b-fp32,hilp_imp_desc,0.2,89,89,OPP-MORE,pair1,P,0.022665977478027344,0.08263969421386719,27059,27059
gpt-j-6b-fp32,hilp_imp_desc,0.2,89,89,OPP-MORE,pair1,Q,0.04779815673828125,0.07048225402832031,19157,19157
gpt-j-6b-fp32,hilp_imp_desc,0.2,89,89,OPP-MORE,pair2,P,-0.01438140869140625,0.13184070587158203,27059,27059
gpt-j-6b-fp32,hilp_imp_desc,0.2,89,89,OPP-MORE,pair2,Q,0.06444358825683594,0.1320781707763672,632,632
gpt-j-6b-fp32,hilp_imp_desc,0.2,89,89,OPP-MORE,pair3,P,0.026116371154785156,0.0764627456665039,27059,27059
gpt-j-6b-fp32,hilp_imp_desc,0.2,89,89,OPP-MORE,pair3,Q,0.0795440673828125,0.07248306274414062,5930,5930
gpt-j-6b-fp32,hilp_imp_desc,0.2,89,89,OPP-MORE,pair4,P,-0.0399627685546875,0.06720542907714844,27059,27059
gpt-j-6b-fp32,hilp_imp_desc,0.2,89,89,OPP-MORE,pair4,Q,-0.026017189025878906,0.03016376495361328,632,632
gpt-j-6b-fp32,hilp_imp_desc,0.2,89,89,OPP-MORE,pair5,P,0.10959720611572266,0.14924049377441406,27059,27059
gpt-j-6b-fp32,hilp_imp_desc,0.2,89,89,OPP-MORE,pair5,Q,0.11480140686035156,0.12580013275146484,632,632
gpt-j-6b-fp32,hilp_imp_desc,0.2,89,89,OPP-MORE,pair6,P,-0.07605361938476562,0.08584976196289062,27059,27059
gpt-j-6b-fp32,hilp_imp_desc,0.2,89,89,OPP-MORE,pair6,Q,-0.041606903076171875,0.08491992950439453,632,632
gpt-j-6b-fp32,hilp_imp_desc,0.2,89,89,OPP-MORE,pair7,P,0.07727622985839844,-0.011003494262695312,632,632
gpt-j-6b-fp32,hilp_imp_desc,0.2,89,89,OPP-MORE,pair7,Q,0.1302652359008789,0.04834747314453125,632,632
gpt-j-6b-fp32,hilp_imp_desc,0.2,89,89,OPP-MORE,pair8,P,-0.013724327087402344,0.056464195251464844,1874,581
gpt-j-6b-fp32,hilp_imp_desc,0.2,89,89,OPP-MORE,pair8,Q,-0.005942344665527344,-0.0147857666015625,1874,581
gpt-j-6b-fp32,hilp_imp_desc,0.2,89,89,OPP-MORE,pair9,P,-0.014027595520019531,-0.04452991485595703,27059,27059
gpt-j-6b-fp32,hilp_imp_desc,0.2,89,89,OPP-MORE,pair9,Q,-0.0035085678100585938,0.018433570861816406,23663,23663
gpt-j-6b-fp32,hilp_imp_desc,0.2,89,89,OPP-LESS,pair0,P,-0.038323402404785156,0.24759292602539062,632,632
gpt-j-6b-fp32,hilp_imp_desc,0.2,89,89,OPP-LESS,pair0,Q,0.0070953369140625,0.1051645278930664,39733,39733
gpt-j-6b-fp32,hilp_imp_desc,0.2,89,89,OPP-LESS,pair1,P,0.06020832061767578,0.13512802124023438,27059,27059
gpt-j-6b-fp32,hilp_imp_desc,0.2,89,89,OPP-LESS,pair1,Q,0.07854366302490234,0.09818172454833984,19157,19157
gpt-j-6b-fp32,hilp_imp_desc,0.2,89,89,OPP-LESS,pair2,P,0.0098876953125,0.28717041015625,27059,27059
gpt-j-6b-fp32,hilp_imp_desc,0.2,89,89,OPP-LESS,pair2,Q,0.07892894744873047,0.0455474853515625,632,632
gpt-j-6b-fp32,hilp_imp_desc,0.2,89,89,OPP-LESS,pair3,P,0.05647850036621094,0.061385154724121094,27059,27059
gpt-j-6b-fp32,hilp_imp_desc,0.2,89,89,OPP-LESS,pair3,Q,0.08794403076171875,0.07461929321289062,5930,5930
gpt-j-6b-fp32,hilp_imp_desc,0.2,89,89,OPP-LESS,pair4,P,-0.0031270980834960938,0.07749271392822266,27059,27059
gpt-j-6b-fp32,hilp_imp_desc,0.2,89,89,OPP-LESS,pair4,Q,0.006168365478515625,-0.04129791259765625,632,632
gpt-j-6b-fp32,hilp_imp_desc,0.2,89,89,OPP-LESS,pair5,P,0.10888957977294922,0.25165462493896484,27059,27059
gpt-j-6b-fp32,hilp_imp_desc,0.2,89,89,OPP-LESS,pair5,Q,0.11664390563964844,0.16411495208740234,632,632
gpt-j-6b-fp32,hilp_imp_desc,0.2,89,89,OPP-LESS,pair6,P,-0.022430419921875,0.1726837158203125,27059,27059
gpt-j-6b-fp32,hilp_imp_desc,0.2,89,89,OPP-LESS,pair6,Q,-0.005974769592285156,0.030449867248535156,632,632
gpt-j-6b-fp32,hilp_imp_desc,0.2,89,89,OPP-LESS,pair7,P,0.038046836853027344,0.08662223815917969,632,632
gpt-j-6b-fp32,hilp_imp_desc,0.2,89,89,OPP-LESS,pair7,Q,0.10412883758544922,0.0668182373046875,632,632
gpt-j-6b-fp32,hilp_imp_desc,0.2,89,89,OPP-LESS,pair8,P,0.0027141571044921875,0.078125,1874,581
gpt-j-6b-fp32,hilp_imp_desc,0.2,89,89,OPP-LESS,pair8,Q,0.009509086608886719,0.026399612426757812,1874,581
gpt-j-6b-fp32,hilp_imp_desc,0.2,89,89,OPP-LESS,pair9,P,0.019791603088378906,0.06401729583740234,27059,27059
gpt-j-6b-fp32,hilp_imp_desc,0.2,89,89,OPP-LESS,pair9,Q,-0.0013103485107421875,-0.05256080627441406,23663,23663
gpt-j-6b-fp32,hilp_imp_desc,0.2,89,89,MORE-LESS,pair0,P,0.007965087890625,0.021195411682128906,10255,10255
gpt-j-6b-fp32,hilp_imp_desc,0.2,89,89,MORE-LESS,pair0,Q,0.008383750915527344,0.011884689331054688,10255,10255
gpt-j-6b-fp32,hilp_imp_desc,0.2,89,89,MORE-LESS,pair1,P,0.003981590270996094,0.017419815063476562,18605,18605
gpt-j-6b-fp32,hilp_imp_desc,0.2,89,89,MORE-LESS,pair1,Q,0.014486312866210938,0.009551048278808594,18605,18605
gpt-j-6b-fp32,hilp_imp_desc,0.2,89,89,MORE-LESS,pair2,P,-0.024583816528320312,0.027170181274414062,8038,8038
gpt-j-6b-fp32,hilp_imp_desc,0.2,89,89,MORE-LESS,pair2,Q,-0.027050018310546875,0.021326065063476562,8038,8038
gpt-j-6b-fp32,hilp_imp_desc,0.2,89,89,MORE-LESS,pair3,P,0.03041362762451172,0.04653167724609375,1234,1234
gpt-j-6b-fp32,hilp_imp_desc,0.2,89,89,MORE-LESS,pair3,Q,0.020372390747070312,0.037079811096191406,1234,1234
gpt-j-6b-fp32,hilp_imp_desc,0.2,89,89,MORE-LESS,pair4,P,0.006613731384277344,0.045622825622558594,23448,23448
gpt-j-6b-fp32,hilp_imp_desc,0.2,89,89,MORE-LESS,pair4,Q,-0.0008363723754882812,0.04290962219238281,23448,23448
gpt-j-6b-fp32,hilp_imp_desc,0.2,89,89,MORE-LESS,pair5,P,-0.01631641387939453,-0.007626533508300781,969,969
gpt-j-6b-fp32,hilp_imp_desc,0.2,89,89,MORE-LESS,pair5,Q,-0.009521484375,-0.013712882995605469,1426,1426
gpt-j-6b-fp32,hilp_imp_desc,0.2,89,89,MORE-LESS,pair6,P,0.005695343017578125,0.011348724365234375,6514,6514
gpt-j-6b-fp32,hilp_imp_desc,0.2,89,89,MORE-LESS,pair6,Q,0.011507987976074219,0.010087966918945312,6514,6514
gpt-j-6b-fp32,hilp_imp_desc,0.2,89,89,MORE-LESS,pair7,P,-0.023423194885253906,-0.007079124450683594,22111,22111
gpt-j-6b-fp32,hilp_imp_desc,0.2,89,89,MORE-LESS,pair7,Q,-0.020353317260742188,-0.0055217742919921875,22111,22111
gpt-j-6b-fp32,hilp_imp_desc,0.2,89,89,MORE-LESS,pair8,P,-0.018362045288085938,0.017719268798828125,969,969
gpt-j-6b-fp32,hilp_imp_desc,0.2,89,89,MORE-LESS,pair8,Q,-0.004132270812988281,0.0035924911499023438,969,969
gpt-j-6b-fp32,hilp_imp_desc,0.2,89,89,MORE-LESS,pair9,P,0.03607463836669922,0.04454231262207031,34439,34439
gpt-j-6b-fp32,hilp_imp_desc,0.2,89,89,MORE-LESS,pair9,Q,0.02688121795654297,0.037009239196777344,34439,34439
gpt-j-6b-fp32,hilp_imp_desc,0.200893,90,90,SAME-OPP,pair0,P,0.018675804138183594,-0.004168510437011719,632,632
gpt-j-6b-fp32,hilp_imp_desc,0.200893,90,90,SAME-OPP,pair0,Q,0.0017490386962890625,-0.06058502197265625,39733,39733
gpt-j-6b-fp32,hilp_imp_desc,0.200893,90,90,SAME-OPP,pair1,P,0.022584915161132812,-0.031273841857910156,27059,27059
gpt-j-6b-fp32,hilp_imp_desc,0.200893,90,90,SAME-OPP,pair1,Q,-0.023314476013183594,-0.09645271301269531,19157,19157
gpt-j-6b-fp32,hilp_imp_desc,0.200893,90,90,SAME-OPP,pair2,P,0.033614158630371094,-0.019387245178222656,632,27059
gpt-j-6b-fp32,hilp_imp_desc,0.200893,90,90,SAME-OPP,pair2,Q,0.0012598037719726562,-0.07008743286132812,632,632
gpt-j-6b-fp32,hilp_imp_desc,0.200893,90,90,SAME-OPP,pair3,P,0.03461742401123047,-0.03104877471923828,27059,27059
gpt-j-6b-fp32,hilp_imp_desc,0.200893,90,90,SAME-OPP,pair3,Q,0.0006761550903320312,-0.06453418731689453,632,632
gpt-j-6b-fp32,hilp_imp_desc,0.200893,90,90,SAME-OPP,pair4,P,0.015089988708496094,-0.05608367919921875,27059,27059
gpt-j-6b-fp32,hilp_imp_desc,0.200893,90,90,SAME-OPP,pair4,Q,-0.023859024047851562,-0.10494518280029297,632,632
gpt-j-6b-fp32,hilp_imp_desc,0.200893,90,90,SAME-OPP,pair5,P,-0.0029535293579101562,-0.02400493621826172,27059,27059
gpt-j-6b-fp32,hilp_imp_desc,0.200893,90,90,SAME-OPP,pair5,Q,-0.014647483825683594,-0.0777273178100586,632,632
gpt-j-6b-fp32,hilp_imp_desc,0.200893,90,90,SAME-OPP,pair6,P,0.02015972137451172,-0.0284271240234375,27059,27059
gpt-j-6b-fp32,hilp_imp_desc,0.200893,90,90,SAME-OPP,pair6,Q,-0.01772594451904297,-0.09739017486572266,632,632
gpt-j-6b-fp32,hilp_imp_desc,0.200893,90,90,SAME-OPP,pair7,P,0.02210712432861328,-0.029626846313476562,632,632
gpt-j-6b-fp32,hilp_imp_desc,0.200893,90,90,SAME-OPP,pair7,Q,-0.00798797607421875,-0.0911092758178711,632,632
gpt-j-6b-fp32,hilp_imp_desc,0.200893,90,90,SAME-OPP,pair8,P,0.017914772033691406,-0.03520774841308594,581,581
gpt-j-6b-fp32,hilp_imp_desc,0.200893,90,90,SAME-OPP,pair8,Q,-0.01859283447265625,-0.08079814910888672,581,1874
gpt-j-6b-fp32,hilp_imp_desc,0.200893,90,90,SAME-OPP,pair9,P,0.02875041961669922,-0.04895973205566406,27059,27059
gpt-j-6b-fp32,hilp_imp_desc,0.200893,90,90,SAME-OPP,pair9,Q,-0.029496192932128906,-0.08273887634277344,1928,23663
gpt-j-6b-fp32,hilp_imp_desc,0.200893,90,90,SAME-MORE,pair0,P,-0.04951286315917969,-0.07920169830322266,632,632
gpt-j-6b-fp32,hilp_imp_desc,0.200893,90,90,SAME-MORE,pair0,Q,-0.0768136978149414,-0.1375436782836914,39733,39733
gpt-j-6b-fp32,hilp_imp_desc,0.200893,90,90,SAME-MORE,pair1,P,0.032593727111816406,0.08346271514892578,27059,27059
gpt-j-6b-fp32,hilp_imp_desc,0.200893,90,90,SAME-MORE,pair1,Q,-0.05681419372558594,-0.0028972625732421875,19157,632
gpt-j-6b-fp32,hilp_imp_desc,0.200893,90,90,SAME-MORE,pair2,P,-0.010592460632324219,0.07735824584960938,632,632
gpt-j-6b-fp32,hilp_imp_desc,0.200893,90,90,SAME-MORE,pair2,Q,-0.056160926818847656,0.0889129638671875,632,632
gpt-j-6b-fp32,hilp_imp_desc,0.200893,90,90,SAME-MORE,pair3,P,0.07858753204345703,0.05894279479980469,27059,27059
gpt-j-6b-fp32,hilp_imp_desc,0.200893,90,90,SAME-MORE,pair3,Q,-0.02221393585205078,0.04669761657714844,632,632
gpt-j-6b-fp32,hilp_imp_desc,0.200893,90,90,SAME-MORE,pair4,P,-0.014041900634765625,0.048142433166503906,27059,27059
gpt-j-6b-fp32,hilp_imp_desc,0.200893,90,90,SAME-MORE,pair4,Q,-0.08735942840576172,-0.009318351745605469,632,632
gpt-j-6b-fp32,hilp_imp_desc,0.200893,90,90,SAME-MORE,pair5,P,0.10867881774902344,0.10968017578125,27059,27059
gpt-j-6b-fp32,hilp_imp_desc,0.200893,90,90,SAME-MORE,pair5,Q,0.0015354156494140625,0.07099246978759766,632,632
gpt-j-6b-fp32,hilp_imp_desc,0.200893,90,90,SAME-MORE,pair6,P,-0.02254772186279297,0.025119781494140625,27059,27059
gpt-j-6b-fp32,hilp_imp_desc,0.200893,90,90,SAME-MORE,pair6,Q,-0.09093856811523438,0.012632369995117188,632,632
gpt-j-6b-fp32,hilp_imp_desc,0.200893,90,90,SAME-MORE,pair7,P,0.13751983642578125,-0.013192176818847656,632,632
gpt-j-6b-fp32,hilp_imp_desc,0.200893,90,90,SAME-MORE,pair7,Q,0.03936481475830078,-0.017782211303710938,632,632
gpt-j-6b-fp32,hilp_imp_desc,0.200893,90,90,SAME-MORE,pair8,P,-0.016641616821289062,0.015459060668945312,581,581
gpt-j-6b-fp32,hilp_imp_desc,0.200893,90,90,SAME-MORE,pair8,Q,-0.09936904907226562,-0.07686710357666016,581,581
gpt-j-6b-fp32,hilp_imp_desc,0.200893,90,90,SAME-MORE,pair9,P,0.05134296417236328,-0.0714101791381836,27059,27059
gpt-j-6b-fp32,hilp_imp_desc,0.200893,90,90,SAME-MORE,pair9,Q,-0.08844470977783203,-0.04091644287109375,1928,1928
gpt-j-6b-fp32,hilp_imp_desc,0.200893,90,90,SAME-LESS,pair0,P,-0.024173736572265625,0.15339088439941406,632,632
gpt-j-6b-fp32,hilp_imp_desc,0.200893,90,90,SAME-LESS,pair0,Q,-0.04366779327392578,0.05840110778808594,39733,39733
gpt-j-6b-fp32,hilp_imp_desc,0.200893,90,90,SAME-LESS,pair1,P,0.09667205810546875,0.09174728393554688,27059,27059
gpt-j-6b-fp32,hilp_imp_desc,0.200893,90,90,SAME-LESS,pair1,Q,-0.015576362609863281,0.038333892822265625,19157,632
gpt-j-6b-fp32,hilp_imp_desc,0.200893,90,90,SAME-LESS,pair2,P,0.006608009338378906,0.11720085144042969,632,632
gpt-j-6b-fp32,hilp_imp_desc,0.200893,90,90,SAME-LESS,pair2,Q,-0.05628395080566406,-0.051570892333984375,632,632
gpt-j-6b-fp32,hilp_imp_desc,0.200893,90,90,SAME-LESS,pair3,P,0.09368228912353516,-0.03856658935546875,27059,27059
gpt-j-6b-fp32,hilp_imp_desc,0.200893,90,90,SAME-LESS,pair3,Q,-0.0065746307373046875,-0.03268146514892578,632,632
gpt-j-6b-fp32,hilp_imp_desc,0.200893,90,90,SAME-LESS,pair4,P,0.011667251586914062,0.024915695190429688,27059,27059
gpt-j-6b-fp32,hilp_imp_desc,0.200893,90,90,SAME-LESS,pair4,Q,-0.052292823791503906,-0.08253097534179688,632,632
gpt-j-6b-fp32,hilp_imp_desc,0.200893,90,90,SAME-LESS,pair5,P,0.12746810913085938,0.18196964263916016,27059,27059
gpt-j-6b-fp32,hilp_imp_desc,0.200893,90,90,SAME-LESS,pair5,Q,0.018372535705566406,0.06743621826171875,632,632
gpt-j-6b-fp32,hilp_imp_desc,0.200893,90,90,SAME-LESS,pair6,P,0.024794578552246094,0.10367488861083984,27059,27059
gpt-j-6b-fp32,hilp_imp_desc,0.200893,90,90,SAME-LESS,pair6,Q,-0.05266857147216797,-0.02715587615966797,632,632
gpt-j-6b-fp32,hilp_imp_desc,0.200893,90,90,SAME-LESS,pair7,P,0.12112140655517578,0.025203704833984375,632,632
gpt-j-6b-fp32,hilp_imp_desc,0.200893,90,90,SAME-LESS,pair7,Q,0.02126598358154297,0.044089317321777344,632,632
gpt-j-6b-fp32,hilp_imp_desc,0.200893,90,90,SAME-LESS,pair8,P,0.011333465576171875,0.010404586791992188,581,581
gpt-j-6b-fp32,hilp_imp_desc,0.200893,90,90,SAME-LESS,pair8,Q,-0.07348823547363281,-0.05038261413574219,581,581
gpt-j-6b-fp32,hilp_imp_desc,0.200893,90,90,SAME-LESS,pair9,P,0.06411457061767578,0.030241966247558594,27059,27059
gpt-j-6b-fp32,hilp_imp_desc,0.200893,90,90,SAME-LESS,pair9,Q,-0.07079410552978516,-0.1028585433959961,1928,1928
gpt-j-6b-fp32,hilp_imp_desc,0.200893,90,90,OPP-MORE,pair0,P,-0.07072162628173828,-0.11001300811767578,632,632
gpt-j-6b-fp32,hilp_imp_desc,0.200893,90,90,OPP-MORE,pair0,Q,-0.005875587463378906,-0.14037132263183594,39733,39733
gpt-j-6b-fp32,hilp_imp_desc,0.200893,90,90,OPP-MORE,pair1,P,0.019438743591308594,0.07979869842529297,27059,27059
gpt-j-6b-fp32,hilp_imp_desc,0.200893,90,90,OPP-MORE,pair1,Q,0.04695892333984375,0.06937599182128906,19157,19157
gpt-j-6b-fp32,hilp_imp_desc,0.200893,90,90,OPP-MORE,pair2,P,-0.021279335021972656,0.13263511657714844,27059,27059
gpt-j-6b-fp32,hilp_imp_desc,0.200893,90,90,OPP-MORE,pair2,Q,0.058837890625,0.13052845001220703,632,632
gpt-j-6b-fp32,hilp_imp_desc,0.200893,90,90,OPP-MORE,pair3,P,0.025986671447753906,0.07332134246826172,27059,27059
gpt-j-6b-fp32,hilp_imp_desc,0.200893,90,90,OPP-MORE,pair3,Q,0.08522796630859375,0.06879329681396484,5930,5930
gpt-j-6b-fp32,hilp_imp_desc,0.200893,90,90,OPP-MORE,pair4,P,-0.04226207733154297,0.06530570983886719,27059,27059
gpt-j-6b-fp32,hilp_imp_desc,0.200893,90,90,OPP-MORE,pair4,Q,-0.027059555053710938,0.02953624725341797,632,632
gpt-j-6b-fp32,hilp_imp_desc,0.200893,90,90,OPP-MORE,pair5,P,0.10911750793457031,0.14565181732177734,27059,27059
gpt-j-6b-fp32,hilp_imp_desc,0.200893,90,90,OPP-MORE,pair5,Q,0.11661338806152344,0.12350177764892578,632,632
gpt-j-6b-fp32,hilp_imp_desc,0.200893,90,90,OPP-MORE,pair6,P,-0.08265304565429688,0.08131980895996094,27059,27059
gpt-j-6b-fp32,hilp_imp_desc,0.200893,90,90,OPP-MORE,pair6,Q,-0.047519683837890625,0.08092975616455078,632,632
gpt-j-6b-fp32,hilp_imp_desc,0.200893,90,90,OPP-MORE,pair7,P,0.07289314270019531,-0.014145851135253906,632,632
gpt-j-6b-fp32,hilp_imp_desc,0.200893,90,90,OPP-MORE,pair7,Q,0.1252908706665039,0.04738807678222656,632,632
gpt-j-6b-fp32,hilp_imp_desc,0.200893,90,90,OPP-MORE,pair8,P,-0.016521453857421875,0.054068565368652344,1874,581
gpt-j-6b-fp32,hilp_imp_desc,0.200893,90,90,OPP-MORE,pair8,Q,-0.008029937744140625,-0.017322540283203125,1874,581
gpt-j-6b-fp32,hilp_imp_desc,0.200893,90,90,OPP-MORE,pair9,P,-0.018568038940429688,-0.05060100555419922,27059,27059
gpt-j-6b-fp32,hilp_imp_desc,0.200893,90,90,OPP-MORE,pair9,Q,-0.005932807922363281,0.013024330139160156,23663,23663
gpt-j-6b-fp32,hilp_imp_desc,0.200893,90,90,OPP-LESS,pair0,P,-0.045594215393066406,0.2506380081176758,632,632
gpt-j-6b-fp32,hilp_imp_desc,0.200893,90,90,OPP-LESS,pair0,Q,0.0011262893676757812,0.10778236389160156,39733,39733
gpt-j-6b-fp32,hilp_imp_desc,0.200893,90,90,OPP-LESS,pair1,P,0.056995391845703125,0.1321878433227539,27059,27059
gpt-j-6b-fp32,hilp_imp_desc,0.200893,90,90,OPP-LESS,pair1,Q,0.07767963409423828,0.09619617462158203,19157,19157
gpt-j-6b-fp32,hilp_imp_desc,0.200893,90,90,OPP-LESS,pair2,P,0.0026865005493164062,0.2949509620666504,27059,27059
gpt-j-6b-fp32,hilp_imp_desc,0.200893,90,90,OPP-LESS,pair2,Q,0.07259464263916016,0.058109283447265625,632,632
gpt-j-6b-fp32,hilp_imp_desc,0.200893,90,90,OPP-LESS,pair3,P,0.05665111541748047,0.05891132354736328,27059,27059
gpt-j-6b-fp32,hilp_imp_desc,0.200893,90,90,OPP-LESS,pair3,Q,0.093353271484375,0.0722494125366211,5930,632
gpt-j-6b-fp32,hilp_imp_desc,0.200893,90,90,OPP-LESS,pair4,P,-0.005415916442871094,0.0762186050415039,27059,27059
gpt-j-6b-fp32,hilp_imp_desc,0.200893,90,90,OPP-LESS,pair4,Q,0.004889488220214844,-0.04104804992675781,632,632
gpt-j-6b-fp32,hilp_imp_desc,0.200893,90,90,OPP-LESS,pair5,P,0.10843658447265625,0.24912166595458984,27059,27059
gpt-j-6b-fp32,hilp_imp_desc,0.200893,90,90,OPP-LESS,pair5,Q,0.1178131103515625,0.16066265106201172,632,632
gpt-j-6b-fp32,hilp_imp_desc,0.200893,90,90,OPP-LESS,pair6,P,-0.028934478759765625,0.1697530746459961,27059,27059
gpt-j-6b-fp32,hilp_imp_desc,0.200893,90,90,OPP-LESS,pair6,Q,-0.011835098266601562,0.028639793395996094,632,632
gpt-j-6b-fp32,hilp_imp_desc,0.200893,90,90,OPP-LESS,pair7,P,0.03327465057373047,0.09081649780273438,632,632
gpt-j-6b-fp32,hilp_imp_desc,0.200893,90,90,OPP-LESS,pair7,Q,0.0985250473022461,0.06980419158935547,632,632
gpt-j-6b-fp32,hilp_imp_desc,0.200893,90,90,OPP-LESS,pair8,P,-7.152557373046875e-05,0.07954978942871094,1874,581
gpt-j-6b-fp32,hilp_imp_desc,0.200893,90,90,OPP-LESS,pair8,Q,0.00677490234375,0.026996612548828125,1874,581
gpt-j-6b-fp32,hilp_imp_desc,0.200893,90,90,OPP-LESS,pair9,P,0.015070915222167969,0.061354637145996094,27059,27059
gpt-j-6b-fp32,hilp_imp_desc,0.200893,90,90,OPP-LESS,pair9,Q,-0.0039501190185546875,-0.05642890930175781,23663,23663
gpt-j-6b-fp32,hilp_imp_desc,0.200893,90,90,MORE-LESS,pair0,P,0.007944107055664062,0.021221160888671875,10255,10255
gpt-j-6b-fp32,hilp_imp_desc,0.200893,90,90,MORE-LESS,pair0,Q,0.008305549621582031,0.011752128601074219,10255,10255
gpt-j-6b-fp32,hilp_imp_desc,0.200893,90,90,MORE-LESS,pair1,P,0.0037784576416015625,0.017584800720214844,18605,18605
gpt-j-6b-fp32,hilp_imp_desc,0.200893,90,90,MORE-LESS,pair1,Q,0.014162063598632812,0.00960540771484375,18605,18605
gpt-j-6b-fp32,hilp_imp_desc,0.200893,90,90,MORE-LESS,pair2,P,-0.025140762329101562,0.02731037139892578,8038,8038
gpt-j-6b-fp32,hilp_imp_desc,0.200893,90,90,MORE-LESS,pair2,Q,-0.027571678161621094,0.021386146545410156,8038,8038
gpt-j-6b-fp32,hilp_imp_desc,0.200893,90,90,MORE-LESS,pair3,P,0.03052043914794922,0.04626274108886719,1234,1234
gpt-j-6b-fp32,hilp_imp_desc,0.200893,90,90,MORE-LESS,pair3,Q,0.020501136779785156,0.036708831787109375,1234,1234
gpt-j-6b-fp32,hilp_imp_desc,0.200893,90,90,MORE-LESS,pair4,P,0.006327629089355469,0.04608726501464844,23448,23448
gpt-j-6b-fp32,hilp_imp_desc,0.200893,90,90,MORE-LESS,pair4,Q,-0.0012121200561523438,0.04326057434082031,23448,23448
gpt-j-6b-fp32,hilp_imp_desc,0.200893,90,90,MORE-LESS,pair5,P,-0.01658153533935547,-0.008076667785644531,969,969
gpt-j-6b-fp32,hilp_imp_desc,0.200893,90,90,MORE-LESS,pair5,Q,-0.009868621826171875,-0.014496803283691406,1426,1426
gpt-j-6b-fp32,hilp_imp_desc,0.200893,90,90,MORE-LESS,pair6,P,0.005558013916015625,0.011480331420898438,6514,6514
gpt-j-6b-fp32,hilp_imp_desc,0.200893,90,90,MORE-LESS,pair6,Q,0.011414527893066406,0.010171890258789062,6514,6514
gpt-j-6b-fp32,hilp_imp_desc,0.200893,90,90,MORE-LESS,pair7,P,-0.023087501525878906,-0.0069427490234375,22111,22111
gpt-j-6b-fp32,hilp_imp_desc,0.200893,90,90,MORE-LESS,pair7,Q,-0.02008056640625,-0.0054454803466796875,22111,22111
gpt-j-6b-fp32,hilp_imp_desc,0.200893,90,90,MORE-LESS,pair8,P,-0.01874256134033203,0.017638206481933594,969,969
gpt-j-6b-fp32,hilp_imp_desc,0.200893,90,90,MORE-LESS,pair8,Q,-0.004536628723144531,0.0033559799194335938,969,969
gpt-j-6b-fp32,hilp_imp_desc,0.200893,90,90,MORE-LESS,pair9,P,0.035866737365722656,0.04458141326904297,34439,34439
gpt-j-6b-fp32,hilp_imp_desc,0.200893,90,90,MORE-LESS,pair9,Q,0.026458740234375,0.036767005920410156,34439,34439
gpt-j-6b-fp32,hilp_imp_desc,0.3,134,90,SAME-OPP,pair0,P,0.018675804138183594,-0.004168510437011719,632,632
gpt-j-6b-fp32,hilp_imp_desc,0.3,134,90,SAME-OPP,pair0,Q,0.0017490386962890625,-0.06058502197265625,39733,39733
gpt-j-6b-fp32,hilp_imp_desc,0.3,134,90,SAME-OPP,pair1,P,0.022584915161132812,-0.031273841857910156,27059,27059
gpt-j-6b-fp32,hilp_imp_desc,0.3,134,90,SAME-OPP,pair1,Q,-0.023314476013183594,-0.09645271301269531,19157,19157
gpt-j-6b-fp32,hilp_imp_desc,0.3,134,90,SAME-OPP,pair2,P,0.033614158630371094,-0.019387245178222656,632,27059
gpt-j-6b-fp32,hilp_imp_desc,0.3,134,90,SAME-OPP,pair2,Q,0.0012598037719726562,-0.07008743286132812,632,632
gpt-j-6b-fp32,hilp_imp_desc,0.3,134,90,SAME-OPP,pair3,P,0.03461742401123047,-0.03104877471923828,27059,27059
gpt-j-6b-fp32,hilp_imp_desc,0.3,134,90,SAME-OPP,pair3,Q,0.0006761550903320312,-0.06453418731689453,632,632
gpt-j-6b-fp32,hilp_imp_desc,0.3,134,90,SAME-OPP,pair4,P,0.015089988708496094,-0.05608367919921875,27059,27059
gpt-j-6b-fp32,hilp_imp_desc,0.3,134,90,SAME-OPP,pair4,Q,-0.023859024047851562,-0.10494518280029297,632,632
gpt-j-6b-fp32,hilp_imp_desc,0.3,134,90,SAME-OPP,pair5,P,-0.0029535293579101562,-0.02400493621826172,27059,27059
gpt-j-6b-fp32,hilp_imp_desc,0.3,134,90,SAME-OPP,pair5,Q,-0.014647483825683594,-0.0777273178100586,632,632
gpt-j-6b-fp32,hilp_imp_desc,0.3,134,90,SAME-OPP,pair6,P,0.02015972137451172,-0.0284271240234375,27059,27059
gpt-j-6b-fp32,hilp_imp_desc,0.3,134,90,SAME-OPP,pair6,Q,-0.01772594451904297,-0.09739017486572266,632,632
gpt-j-6b-fp32,hilp_imp_desc,0.3,134,90,SAME-OPP,pair7,P,0.02210712432861328,-0.029626846313476562,632,632
gpt-j-6b-fp32,hilp_imp_desc,0.3,134,90,SAME-OPP,pair7,Q,-0.00798797607421875,-0.0911092758178711,632,632
gpt-j-6b-fp32,hilp_imp_desc,0.3,134,90,SAME-OPP,pair8,P,0.017914772033691406,-0.03520774841308594,581,581
gpt-j-6b-fp32,hilp_imp_desc,0.3,134,90,SAME-OPP,pair8,Q,-0.01859283447265625,-0.08079814910888672,581,1874
gpt-j-6b-fp32,hilp_imp_desc,0.3,134,90,SAME-OPP,pair9,P,0.02875041961669922,-0.04895973205566406,27059,27059
gpt-j-6b-fp32,hilp_imp_desc,0.3,134,90,SAME-OPP,pair9,Q,-0.029496192932128906,-0.08273887634277344,1928,23663
gpt-j-6b-fp32,hilp_imp_desc,0.3,134,90,SAME-MORE,pair0,P,-0.04951286315917969,-0.07920169830322266,632,632
gpt-j-6b-fp32,hilp_imp_desc,0.3,134,90,SAME-MORE,pair0,Q,-0.0768136978149414,-0.1375436782836914,39733,39733
gpt-j-6b-fp32,hilp_imp_desc,0.3,134,90,SAME-MORE,pair1,P,0.032593727111816406,0.08346271514892578,27059,27059
gpt-j-6b-fp32,hilp_imp_desc,0.3,134,90,SAME-MORE,pair1,Q,-0.05681419372558594,-0.0028972625732421875,19157,632
gpt-j-6b-fp32,hilp_imp_desc,0.3,134,90,SAME-MORE,pair2,P,-0.010592460632324219,0.07735824584960938,632,632
gpt-j-6b-fp32,hilp_imp_desc,0.3,134,90,SAME-MORE,pair2,Q,-0.056160926818847656,0.0889129638671875,632,632
gpt-j-6b-fp32,hilp_imp_desc,0.3,134,90,SAME-MORE,pair3,P,0.07858753204345703,0.05894279479980469,27059,27059
gpt-j-6b-fp32,hilp_imp_desc,0.3,134,90,SAME-MORE,pair3,Q,-0.02221393585205078,0.04669761657714844,632,632
gpt-j-6b-fp32,hilp_imp_desc,0.3,134,90,SAME-MORE,pair4,P,-0.014041900634765625,0.048142433166503906,27059,27059
gpt-j-6b-fp32,hilp_imp_desc,0.3,134,90,SAME-MORE,pair4,Q,-0.08735942840576172,-0.009318351745605469,632,632
gpt-j-6b-fp32,hilp_imp_desc,0.3,134,90,SAME-MORE,pair5,P,0.10867881774902344,0.10968017578125,27059,27059
gpt-j-6b-fp32,hilp_imp_desc,0.3,134,90,SAME-MORE,pair5,Q,0.0015354156494140625,0.07099246978759766,632,632
gpt-j-6b-fp32,hilp_imp_desc,0.3,134,90,SAME-MORE,pair6,P,-0.02254772186279297,0.025119781494140625,27059,27059
gpt-j-6b-fp32,hilp_imp_desc,0.3,134,90,SAME-MORE,pair6,Q,-0.09093856811523438,0.012632369995117188,632,632
gpt-j-6b-fp32,hilp_imp_desc,0.3,134,90,SAME-MORE,pair7,P,0.13751983642578125,-0.013192176818847656,632,632
gpt-j-6b-fp32,hilp_imp_desc,0.3,134,90,SAME-MORE,pair7,Q,0.03936481475830078,-0.017782211303710938,632,632
gpt-j-6b-fp32,hilp_imp_desc,0.3,134,90,SAME-MORE,pair8,P,-0.016641616821289062,0.015459060668945312,581,581
gpt-j-6b-fp32,hilp_imp_desc,0.3,134,90,SAME-MORE,pair8,Q,-0.09936904907226562,-0.07686710357666016,581,581
gpt-j-6b-fp32,hilp_imp_desc,0.3,134,90,SAME-MORE,pair9,P,0.05134296417236328,-0.0714101791381836,27059,27059
gpt-j-6b-fp32,hilp_imp_desc,0.3,134,90,SAME-MORE,pair9,Q,-0.08844470977783203,-0.04091644287109375,1928,1928
gpt-j-6b-fp32,hilp_imp_desc,0.3,134,90,SAME-LESS,pair0,P,-0.024173736572265625,0.15339088439941406,632,632
gpt-j-6b-fp32,hilp_imp_desc,0.3,134,90,SAME-LESS,pair0,Q,-0.04366779327392578,0.05840110778808594,39733,39733
gpt-j-6b-fp32,hilp_imp_desc,0.3,134,90,SAME-LESS,pair1,P,0.09667205810546875,0.09174728393554688,27059,27059
gpt-j-6b-fp32,hilp_imp_desc,0.3,134,90,SAME-LESS,pair1,Q,-0.015576362609863281,0.038333892822265625,19157,632
gpt-j-6b-fp32,hilp_imp_desc,0.3,134,90,SAME-LESS,pair2,P,0.006608009338378906,0.11720085144042969,632,632
gpt-j-6b-fp32,hilp_imp_desc,0.3,134,90,SAME-LESS,pair2,Q,-0.05628395080566406,-0.051570892333984375,632,632
gpt-j-6b-fp32,hilp_imp_desc,0.3,134,90,SAME-LESS,pair3,P,0.09368228912353516,-0.03856658935546875,27059,27059
gpt-j-6b-fp32,hilp_imp_desc,0.3,134,90,SAME-LESS,pair3,Q,-0.0065746307373046875,-0.03268146514892578,632,632
gpt-j-6b-fp32,hilp_imp_desc,0.3,134,90,SAME-LESS,pair4,P,0.011667251586914062,0.024915695190429688,27059,27059
gpt-j-6b-fp32,hilp_imp_desc,0.3,134,90,SAME-LESS,pair4,Q,-0.052292823791503906,-0.08253097534179688,632,632
gpt-j-6b-fp32,hilp_imp_desc,0.3,134,90,SAME-LESS,pair5,P,0.12746810913085938,0.18196964263916016,27059,27059
gpt-j-6b-fp32,hilp_imp_desc,0.3,134,90,SAME-LESS,pair5,Q,0.018372535705566406,0.06743621826171875,632,632
gpt-j-6b-fp32,hilp_imp_desc,0.3,134,90,SAME-LESS,pair6,P,0.024794578552246094,0.10367488861083984,27059,27059
gpt-j-6b-fp32,hilp_imp_desc,0.3,134,90,SAME-LESS,pair6,Q,-0.05266857147216797,-0.02715587615966797,632,632
gpt-j-6b-fp32,hilp_imp_desc,0.3,134,90,SAME-LESS,pair7,P,0.12112140655517578,0.025203704833984375,632,632
gpt-j-6b-fp32,hilp_imp_desc,0.3,134,90,SAME-LESS,pair7,Q,0.02126598358154297,0.044089317321777344,632,632
gpt-j-6b-fp32,hilp_imp_desc,0.3,134,90,SAME-LESS,pair8,P,0.011333465576171875,0.010404586791992188,581,581
gpt-j-6b-fp32,hilp_imp_desc,0.3,134,90,SAME-LESS,pair8,Q,-0.07348823547363281,-0.05038261413574219,581,581
gpt-j-6b-fp32,hilp_imp_desc,0.3,134,90,SAME-LESS,pair9,P,0.06411457061767578,0.030241966247558594,27059,27059
gpt-j-6b-fp32,hilp_imp_desc,0.3,134,90,SAME-LESS,pair9,Q,-0.07079410552978516,-0.1028585433959961,1928,1928
gpt-j-6b-fp32,hilp_imp_desc,0.3,134,90,OPP-MORE,pair0,P,-0.07072162628173828,-0.11001300811767578,632,632
gpt-j-6b-fp32,hilp_imp_desc,0.3,134,90,OPP-MORE,pair0,Q,-0.005875587463378906,-0.14037132263183594,39733,39733
gpt-j-6b-fp32,hilp_imp_desc,0.3,134,90,OPP-MORE,pair1,P,0.019438743591308594,0.07979869842529297,27059,27059
gpt-j-6b-fp32,hilp_imp_desc,0.3,134,90,OPP-MORE,pair1,Q,0.04695892333984375,0.06937599182128906,19157,19157
gpt-j-6b-fp32,hilp_imp_desc,0.3,134,90,OPP-MORE,pair2,P,-0.021279335021972656,0.13263511657714844,27059,27059
gpt-j-6b-fp32,hilp_imp_desc,0.3,134,90,OPP-MORE,pair2,Q,0.058837890625,0.13052845001220703,632,632
gpt-j-6b-fp32,hilp_imp_desc,0.3,134,90,OPP-MORE,pair3,P,0.025986671447753906,0.07332134246826172,27059,27059
gpt-j-6b-fp32,hilp_imp_desc,0.3,134,90,OPP-MORE,pair3,Q,0.08522796630859375,0.06879329681396484,5930,5930
gpt-j-6b-fp32,hilp_imp_desc,0.3,134,90,OPP-MORE,pair4,P,-0.04226207733154297,0.06530570983886719,27059,27059
gpt-j-6b-fp32,hilp_imp_desc,0.3,134,90,OPP-MORE,pair4,Q,-0.027059555053710938,0.02953624725341797,632,632
gpt-j-6b-fp32,hilp_imp_desc,0.3,134,90,OPP-MORE,pair5,P,0.10911750793457031,0.14565181732177734,27059,27059
gpt-j-6b-fp32,hilp_imp_desc,0.3,134,90,OPP-MORE,pair5,Q,0.11661338806152344,0.12350177764892578,632,632
gpt-j-6b-fp32,hilp_imp_desc,0.3,134,90,OPP-MORE,pair6,P,-0.08265304565429688,0.08131980895996094,27059,27059
gpt-j-6b-fp32,hilp_imp_desc,0.3,134,90,OPP-MORE,pair6,Q,-0.047519683837890625,0.08092975616455078,632,632
gpt-j-6b-fp32,hilp_imp_desc,0.3,134,90,OPP-MORE,pair7,P,0.07289314270019531,-0.014145851135253906,632,632
gpt-j-6b-fp32,hilp_imp_desc,0.3,134,90,OPP-MORE,pair7,Q,0.1252908706665039,0.04738807678222656,632,632
gpt-j-6b-fp32,hilp_imp_desc,0.3,134,90,OPP-MORE,pair8,P,-0.016521453857421875,0.054068565368652344,1874,581
gpt-j-6b-fp32,hilp_imp_desc,0.3,134,90,OPP-MORE,pair8,Q,-0.008029937744140625,-0.017322540283203125,1874,581
gpt-j-6b-fp32,hilp_imp_desc,0.3,134,90,OPP-MORE,pair9,P,-0.018568038940429688,-0.05060100555419922,27059,27059
gpt-j-6b-fp32,hilp_imp_desc,0.3,134,90,OPP-MORE,pair9,Q,-0.005932807922363281,0.013024330139160156,23663,23663
gpt-j-6b-fp32,hilp_imp_desc,0.3,134,90,OPP-LESS,pair0,P,-0.045594215393066406,0.2506380081176758,632,632
gpt-j-6b-fp32,hilp_imp_desc,0.3,134,90,OPP-LESS,pair0,Q,0.0011262893676757812,0.10778236389160156,39733,39733
gpt-j-6b-fp32,hilp_imp_desc,0.3,134,90,OPP-LESS,pair1,P,0.056995391845703125,0.1321878433227539,27059,27059
gpt-j-6b-fp32,hilp_imp_desc,0.3,134,90,OPP-LESS,pair1,Q,0.07767963409423828,0.09619617462158203,19157,19157
gpt-j-6b-fp32,hilp_imp_desc,0.3,134,90,OPP-LESS,pair2,P,0.0026865005493164062,0.2949509620666504,27059,27059
gpt-j-6b-fp32,hilp_imp_desc,0.3,134,90,OPP-LESS,pair2,Q,0.07259464263916016,0.058109283447265625,632,632
gpt-j-6b-fp32,hilp_imp_desc,0.3,134,90,OPP-LESS,pair3,P,0.05665111541748047,0.05891132354736328,27059,27059
gpt-j-6b-fp32,hilp_imp_desc,0.3,134,90,OPP-LESS,pair3,Q,0.093353271484375,0.0722494125366211,5930,632
gpt-j-6b-fp32,hilp_imp_desc,0.3,134,90,OPP-LESS,pair4,P,-0.005415916442871094,0.0762186050415039,27059,27059
gpt-j-6b-fp32,hilp_imp_desc,0.3,134,90,OPP-LESS,pair4,Q,0.004889488220214844,-0.04104804992675781,632,632
gpt-j-6b-fp32,hilp_imp_desc,0.3,134,90,OPP-LESS,pair5,P,0.10843658447265625,0.24912166595458984,27059,27059
gpt-j-6b-fp32,hilp_imp_desc,0.3,134,90,OPP-LESS,pair5,Q,0.1178131103515625,0.16066265106201172,632,632
gpt-j-6b-fp32,hilp_imp_desc,0.3,134,90,OPP-LESS,pair6,P,-0.028934478759765625,0.1697530746459961,27059,27059
gpt-j-6b-fp32,hilp_imp_desc,0.3,134,90,OPP-LESS,pair6,Q,-0.011835098266601562,0.028639793395996094,632,632
gpt-j-6b-fp32,hilp_imp_desc,0.3,134,90,OPP-LESS,pair7,P,0.03327465057373047,0.09081649780273438,632,632
gpt-j-6b-fp32,hilp_imp_desc,0.3,134,90,OPP-LESS,pair7,Q,0.0985250473022461,0.06980419158935547,632,632
gpt-j-6b-fp32,hilp_imp_desc,0.3,134,90,OPP-LESS,pair8,P,-7.152557373046875e-05,0.07954978942871094,1874,581
gpt-j-6b-fp32,hilp_imp_desc,0.3,134,90,OPP-LESS,pair8,Q,0.00677490234375,0.026996612548828125,1874,581
gpt-j-6b-fp32,hilp_imp_desc,0.3,134,90,OPP-LESS,pair9,P,0.015070915222167969,0.061354637145996094,27059,27059
gpt-j-6b-fp32,hilp_imp_desc,0.3,134,90,OPP-LESS,pair9,Q,-0.0039501190185546875,-0.05642890930175781,23663,23663
gpt-j-6b-fp32,hilp_imp_desc,0.3,134,90,MORE-LESS,pair0,P,0.007944107055664062,0.021221160888671875,10255,10255
gpt-j-6b-fp32,hilp_imp_desc,0.3,134,90,MORE-LESS,pair0,Q,0.008305549621582031,0.011752128601074219,10255,10255
gpt-j-6b-fp32,hilp_imp_desc,0.3,134,90,MORE-LESS,pair1,P,0.0037784576416015625,0.017584800720214844,18605,18605
gpt-j-6b-fp32,hilp_imp_desc,0.3,134,90,MORE-LESS,pair1,Q,0.014162063598632812,0.00960540771484375,18605,18605
gpt-j-6b-fp32,hilp_imp_desc,0.3,134,90,MORE-LESS,pair2,P,-0.025140762329101562,0.02731037139892578,8038,8038
gpt-j-6b-fp32,hilp_imp_desc,0.3,134,90,MORE-LESS,pair2,Q,-0.027571678161621094,0.021386146545410156,8038,8038
gpt-j-6b-fp32,hilp_imp_desc,0.3,134,90,MORE-LESS,pair3,P,0.03052043914794922,0.04626274108886719,1234,1234
gpt-j-6b-fp32,hilp_imp_desc,0.3,134,90,MORE-LESS,pair3,Q,0.020501136779785156,0.036708831787109375,1234,1234
gpt-j-6b-fp32,hilp_imp_desc,0.3,134,90,MORE-LESS,pair4,P,0.006327629089355469,0.04608726501464844,23448,23448
gpt-j-6b-fp32,hilp_imp_desc,0.3,134,90,MORE-LESS,pair4,Q,-0.0012121200561523438,0.04326057434082031,23448,23448
gpt-j-6b-fp32,hilp_imp_desc,0.3,134,90,MORE-LESS,pair5,P,-0.01658153533935547,-0.008076667785644531,969,969
gpt-j-6b-fp32,hilp_imp_desc,0.3,134,90,MORE-LESS,pair5,Q,-0.009868621826171875,-0.014496803283691406,1426,1426
gpt-j-6b-fp32,hilp_imp_desc,0.3,134,90,MORE-LESS,pair6,P,0.005558013916015625,0.011480331420898438,6514,6514
gpt-j-6b-fp32,hilp_imp_desc,0.3,134,90,MORE-LESS,pair6,Q,0.011414527893066406,0.010171890258789062,6514,6514
gpt-j-6b-fp32,hilp_imp_desc,0.3,134,90,MORE-LESS,pair7,P,-0.023087501525878906,-0.0069427490234375,22111,22111
gpt-j-6b-fp32,hilp_imp_desc,0.3,134,90,MORE-LESS,pair7,Q,-0.02008056640625,-0.0054454803466796875,22111,22111
gpt-j-6b-fp32,hilp_imp_desc,0.3,134,90,MORE-LESS,pair8,P,-0.01874256134033203,0.017638206481933594,969,969
gpt-j-6b-fp32,hilp_imp_desc,0.3,134,90,MORE-LESS,pair8,Q,-0.004536628723144531,0.0033559799194335938,969,969
gpt-j-6b-fp32,hilp_imp_desc,0.3,134,90,MORE-LESS,pair9,P,0.035866737365722656,0.04458141326904297,34439,34439
gpt-j-6b-fp32,hilp_imp_desc,0.3,134,90,MORE-LESS,pair9,Q,0.026458740234375,0.036767005920410156,34439,34439
gpt-j-6b-fp32,hilp_imp_desc,0.5,224,90,SAME-OPP,pair0,P,0.018675804138183594,-0.004168510437011719,632,632
gpt-j-6b-fp32,hilp_imp_desc,0.5,224,90,SAME-OPP,pair0,Q,0.0017490386962890625,-0.06058502197265625,39733,39733
gpt-j-6b-fp32,hilp_imp_desc,0.5,224,90,SAME-OPP,pair1,P,0.022584915161132812,-0.031273841857910156,27059,27059
gpt-j-6b-fp32,hilp_imp_desc,0.5,224,90,SAME-OPP,pair1,Q,-0.023314476013183594,-0.09645271301269531,19157,19157
gpt-j-6b-fp32,hilp_imp_desc,0.5,224,90,SAME-OPP,pair2,P,0.033614158630371094,-0.019387245178222656,632,27059
gpt-j-6b-fp32,hilp_imp_desc,0.5,224,90,SAME-OPP,pair2,Q,0.0012598037719726562,-0.07008743286132812,632,632
gpt-j-6b-fp32,hilp_imp_desc,0.5,224,90,SAME-OPP,pair3,P,0.03461742401123047,-0.03104877471923828,27059,27059
gpt-j-6b-fp32,hilp_imp_desc,0.5,224,90,SAME-OPP,pair3,Q,0.0006761550903320312,-0.06453418731689453,632,632
gpt-j-6b-fp32,hilp_imp_desc,0.5,224,90,SAME-OPP,pair4,P,0.015089988708496094,-0.05608367919921875,27059,27059
gpt-j-6b-fp32,hilp_imp_desc,0.5,224,90,SAME-OPP,pair4,Q,-0.023859024047851562,-0.10494518280029297,632,632
gpt-j-6b-fp32,hilp_imp_desc,0.5,224,90,SAME-OPP,pair5,P,-0.0029535293579101562,-0.02400493621826172,27059,27059
gpt-j-6b-fp32,hilp_imp_desc,0.5,224,90,SAME-OPP,pair5,Q,-0.014647483825683594,-0.0777273178100586,632,632
gpt-j-6b-fp32,hilp_imp_desc,0.5,224,90,SAME-OPP,pair6,P,0.02015972137451172,-0.0284271240234375,27059,27059
gpt-j-6b-fp32,hilp_imp_desc,0.5,224,90,SAME-OPP,pair6,Q,-0.01772594451904297,-0.09739017486572266,632,632
gpt-j-6b-fp32,hilp_imp_desc,0.5,224,90,SAME-OPP,pair7,P,0.02210712432861328,-0.029626846313476562,632,632
gpt-j-6b-fp32,hilp_imp_desc,0.5,224,90,SAME-OPP,pair7,Q,-0.00798797607421875,-0.0911092758178711,632,632
gpt-j-6b-fp32,hilp_imp_desc,0.5,224,90,SAME-OPP,pair8,P,0.017914772033691406,-0.03520774841308594,581,581
gpt-j-6b-fp32,hilp_imp_desc,0.5,224,90,SAME-OPP,pair8,Q,-0.01859283447265625,-0.08079814910888672,581,1874
gpt-j-6b-fp32,hilp_imp_desc,0.5,224,90,SAME-OPP,pair9,P,0.02875041961669922,-0.04895973205566406,27059,27059
gpt-j-6b-fp32,hilp_imp_desc,0.5,224,90,SAME-OPP,pair9,Q,-0.029496192932128906,-0.08273887634277344,1928,23663
gpt-j-6b-fp32,hilp_imp_desc,0.5,224,90,SAME-MORE,pair0,P,-0.04951286315917969,-0.07920169830322266,632,632
gpt-j-6b-fp32,hilp_imp_desc,0.5,224,90,SAME-MORE,pair0,Q,-0.0768136978149414,-0.1375436782836914,39733,39733
gpt-j-6b-fp32,hilp_imp_desc,0.5,224,90,SAME-MORE,pair1,P,0.032593727111816406,0.08346271514892578,27059,27059
gpt-j-6b-fp32,hilp_imp_desc,0.5,224,90,SAME-MORE,pair1,Q,-0.05681419372558594,-0.0028972625732421875,19157,632
gpt-j-6b-fp32,hilp_imp_desc,0.5,224,90,SAME-MORE,pair2,P,-0.010592460632324219,0.07735824584960938,632,632
gpt-j-6b-fp32,hilp_imp_desc,0.5,224,90,SAME-MORE,pair2,Q,-0.056160926818847656,0.0889129638671875,632,632
gpt-j-6b-fp32,hilp_imp_desc,0.5,224,90,SAME-MORE,pair3,P,0.07858753204345703,0.05894279479980469,27059,27059
gpt-j-6b-fp32,hilp_imp_desc,0.5,224,90,SAME-MORE,pair3,Q,-0.02221393585205078,0.04669761657714844,632,632
gpt-j-6b-fp32,hilp_imp_desc,0.5,224,90,SAME-MORE,pair4,P,-0.014041900634765625,0.048142433166503906,27059,27059
gpt-j-6b-fp32,hilp_imp_desc,0.5,224,90,SAME-MORE,pair4,Q,-0.08735942840576172,-0.009318351745605469,632,632
gpt-j-6b-fp32,hilp_imp_desc,0.5,224,90,SAME-MORE,pair5,P,0.10867881774902344,0.10968017578125,27059,27059
gpt-j-6b-fp32,hilp_imp_desc,0.5,224,90,SAME-MORE,pair5,Q,0.0015354156494140625,0.07099246978759766,632,632
gpt-j-6b-fp32,hilp_imp_desc,0.5,224,90,SAME-MORE,pair6,P,-0.02254772186279297,0.025119781494140625,27059,27059
gpt-j-6b-fp32,hilp_imp_desc,0.5,224,90,SAME-MORE,pair6,Q,-0.09093856811523438,0.012632369995117188,632,632
gpt-j-6b-fp32,hilp_imp_desc,0.5,224,90,SAME-MORE,pair7,P,0.13751983642578125,-0.013192176818847656,632,632
gpt-j-6b-fp32,hilp_imp_desc,0.5,224,90,SAME-MORE,pair7,Q,0.03936481475830078,-0.017782211303710938,632,632
gpt-j-6b-fp32,hilp_imp_desc,0.5,224,90,SAME-MORE,pair8,P,-0.016641616821289062,0.015459060668945312,581,581
gpt-j-6b-fp32,hilp_imp_desc,0.5,224,90,SAME-MORE,pair8,Q,-0.09936904907226562,-0.07686710357666016,581,581
gpt-j-6b-fp32,hilp_imp_desc,0.5,224,90,SAME-MORE,pair9,P,0.05134296417236328,-0.0714101791381836,27059,27059
gpt-j-6b-fp32,hilp_imp_desc,0.5,224,90,SAME-MORE,pair9,Q,-0.08844470977783203,-0.04091644287109375,1928,1928
gpt-j-6b-fp32,hilp_imp_desc,0.5,224,90,SAME-LESS,pair0,P,-0.024173736572265625,0.15339088439941406,632,632
gpt-j-6b-fp32,hilp_imp_desc,0.5,224,90,SAME-LESS,pair0,Q,-0.04366779327392578,0.05840110778808594,39733,39733
gpt-j-6b-fp32,hilp_imp_desc,0.5,224,90,SAME-LESS,pair1,P,0.09667205810546875,0.09174728393554688,27059,27059
gpt-j-6b-fp32,hilp_imp_desc,0.5,224,90,SAME-LESS,pair1,Q,-0.015576362609863281,0.038333892822265625,19157,632
gpt-j-6b-fp32,hilp_imp_desc,0.5,224,90,SAME-LESS,pair2,P,0.006608009338378906,0.11720085144042969,632,632
gpt-j-6b-fp32,hilp_imp_desc,0.5,224,90,SAME-LESS,pair2,Q,-0.05628395080566406,-0.051570892333984375,632,632
gpt-j-6b-fp32,hilp_imp_desc,0.5,224,90,SAME-LESS,pair3,P,0.09368228912353516,-0.03856658935546875,27059,27059
gpt-j-6b-fp32,hilp_imp_desc,0.5,224,90,SAME-LESS,pair3,Q,-0.0065746307373046875,-0.03268146514892578,632,632
gpt-j-6b-fp32,hilp_imp_desc,0.5,224,90,SAME-LESS,pair4,P,0.011667251586914062,0.024915695190429688,27059,27059
gpt-j-6b-fp32,hilp_imp_desc,0.5,224,90,SAME-LESS,pair4,Q,-0.052292823791503906,-0.08253097534179688,632,632
gpt-j-6b-fp32,hilp_imp_desc,0.5,224,90,SAME-LESS,pair5,P,0.12746810913085938,0.18196964263916016,27059,27059
gpt-j-6b-fp32,hilp_imp_desc,0.5,224,90,SAME-LESS,pair5,Q,0.018372535705566406,0.06743621826171875,632,632
gpt-j-6b-fp32,hilp_imp_desc,0.5,224,90,SAME-LESS,pair6,P,0.024794578552246094,0.10367488861083984,27059,27059
gpt-j-6b-fp32,hilp_imp_desc,0.5,224,90,SAME-LESS,pair6,Q,-0.05266857147216797,-0.02715587615966797,632,632
gpt-j-6b-fp32,hilp_imp_desc,0.5,224,90,SAME-LESS,pair7,P,0.12112140655517578,0.025203704833984375,632,632
gpt-j-6b-fp32,hilp_imp_desc,0.5,224,90,SAME-LESS,pair7,Q,0.02126598358154297,0.044089317321777344,632,632
gpt-j-6b-fp32,hilp_imp_desc,0.5,224,90,SAME-LESS,pair8,P,0.011333465576171875,0.010404586791992188,581,581
gpt-j-6b-fp32,hilp_imp_desc,0.5,224,90,SAME-LESS,pair8,Q,-0.07348823547363281,-0.05038261413574219,581,581
gpt-j-6b-fp32,hilp_imp_desc,0.5,224,90,SAME-LESS,pair9,P,0.06411457061767578,0.030241966247558594,27059,27059
gpt-j-6b-fp32,hilp_imp_desc,0.5,224,90,SAME-LESS,pair9,Q,-0.07079410552978516,-0.1028585433959961,1928,1928
gpt-j-6b-fp32,hilp_imp_desc,0.5,224,90,OPP-MORE,pair0,P,-0.07072162628173828,-0.11001300811767578,632,632
gpt-j-6b-fp32,hilp_imp_desc,0.5,224,90,OPP-MORE,pair0,Q,-0.005875587463378906,-0.14037132263183594,39733,39733
gpt-j-6b-fp32,hilp_imp_desc,0.5,224,90,OPP-MORE,pair1,P,0.019438743591308594,0.07979869842529297,27059,27059
gpt-j-6b-fp32,hilp_imp_desc,0.5,224,90,OPP-MORE,pair1,Q,0.04695892333984375,0.06937599182128906,19157,19157
gpt-j-6b-fp32,hilp_imp_desc,0.5,224,90,OPP-MORE,pair2,P,-0.021279335021972656,0.13263511657714844,27059,27059
gpt-j-6b-fp32,hilp_imp_desc,0.5,224,90,OPP-MORE,pair2,Q,0.058837890625,0.13052845001220703,632,632
gpt-j-6b-fp32,hilp_imp_desc,0.5,224,90,OPP-MORE,pair3,P,0.025986671447753906,0.07332134246826172,27059,27059
gpt-j-6b-fp32,hilp_imp_desc,0.5,224,90,OPP-MORE,pair3,Q,0.08522796630859375,0.06879329681396484,5930,5930
gpt-j-6b-fp32,hilp_imp_desc,0.5,224,90,OPP-MORE,pair4,P,-0.04226207733154297,0.06530570983886719,27059,27059
gpt-j-6b-fp32,hilp_imp_desc,0.5,224,90,OPP-MORE,pair4,Q,-0.027059555053710938,0.02953624725341797,632,632
gpt-j-6b-fp32,hilp_imp_desc,0.5,224,90,OPP-MORE,pair5,P,0.10911750793457031,0.14565181732177734,27059,27059
gpt-j-6b-fp32,hilp_imp_desc,0.5,224,90,OPP-MORE,pair5,Q,0.11661338806152344,0.12350177764892578,632,632
gpt-j-6b-fp32,hilp_imp_desc,0.5,224,90,OPP-MORE,pair6,P,-0.08265304565429688,0.08131980895996094,27059,27059
gpt-j-6b-fp32,hilp_imp_desc,0.5,224,90,OPP-MORE,pair6,Q,-0.047519683837890625,0.08092975616455078,632,632
gpt-j-6b-fp32,hilp_imp_desc,0.5,224,90,OPP-MORE,pair7,P,0.07289314270019531,-0.014145851135253906,632,632
gpt-j-6b-fp32,hilp_imp_desc,0.5,224,90,OPP-MORE,pair7,Q,0.1252908706665039,0.04738807678222656,632,632
gpt-j-6b-fp32,hilp_imp_desc,0.5,224,90,OPP-MORE,pair8,P,-0.016521453857421875,0.054068565368652344,1874,581
gpt-j-6b-fp32,hilp_imp_desc,0.5,224,90,OPP-MORE,pair8,Q,-0.008029937744140625,-0.017322540283203125,1874,581
gpt-j-6b-fp32,hilp_imp_desc,0.5,224,90,OPP-MORE,pair9,P,-0.018568038940429688,-0.05060100555419922,27059,27059
gpt-j-6b-fp32,hilp_imp_desc,0.5,224,90,OPP-MORE,pair9,Q,-0.005932807922363281,0.013024330139160156,23663,23663
gpt-j-6b-fp32,hilp_imp_desc,0.5,224,90,OPP-LESS,pair0,P,-0.045594215393066406,0.2506380081176758,632,632
gpt-j-6b-fp32,hilp_imp_desc,0.5,224,90,OPP-LESS,pair0,Q,0.0011262893676757812,0.10778236389160156,39733,39733
gpt-j-6b-fp32,hilp_imp_desc,0.5,224,90,OPP-LESS,pair1,P,0.056995391845703125,0.1321878433227539,27059,27059
gpt-j-6b-fp32,hilp_imp_desc,0.5,224,90,OPP-LESS,pair1,Q,0.07767963409423828,0.09619617462158203,19157,19157
gpt-j-6b-fp32,hilp_imp_desc,0.5,224,90,OPP-LESS,pair2,P,0.0026865005493164062,0.2949509620666504,27059,27059
gpt-j-6b-fp32,hilp_imp_desc,0.5,224,90,OPP-LESS,pair2,Q,0.07259464263916016,0.058109283447265625,632,632
gpt-j-6b-fp32,hilp_imp_desc,0.5,224,90,OPP-LESS,pair3,P,0.05665111541748047,0.05891132354736328,27059,27059
gpt-j-6b-fp32,hilp_imp_desc,0.5,224,90,OPP-LESS,pair3,Q,0.093353271484375,0.0722494125366211,5930,632
gpt-j-6b-fp32,hilp_imp_desc,0.5,224,90,OPP-LESS,pair4,P,-0.005415916442871094,0.0762186050415039,27059,27059
gpt-j-6b-fp32,hilp_imp_desc,0.5,224,90,OPP-LESS,pair4,Q,0.004889488220214844,-0.04104804992675781,632,632
gpt-j-6b-fp32,hilp_imp_desc,0.5,224,90,OPP-LESS,pair5,P,0.10843658447265625,0.24912166595458984,27059,27059
gpt-j-6b-fp32,hilp_imp_desc,0.5,224,90,OPP-LESS,pair5,Q,0.1178131103515625,0.16066265106201172,632,632
gpt-j-6b-fp32,hilp_imp_desc,0.5,224,90,OPP-LESS,pair6,P,-0.028934478759765625,0.1697530746459961,27059,27059
gpt-j-6b-fp32,hilp_imp_desc,0.5,224,90,OPP-LESS,pair6,Q,-0.011835098266601562,0.028639793395996094,632,632
gpt-j-6b-fp32,hilp_imp_desc,0.5,224,90,OPP-LESS,pair7,P,0.03327465057373047,0.09081649780273438,632,632
gpt-j-6b-fp32,hilp_imp_desc,0.5,224,90,OPP-LESS,pair7,Q,0.0985250473022461,0.06980419158935547,632,632
gpt-j-6b-fp32,hilp_imp_desc,0.5,224,90,OPP-LESS,pair8,P,-7.152557373046875e-05,0.07954978942871094,1874,581
gpt-j-6b-fp32,hilp_imp_desc,0.5,224,90,OPP-LESS,pair8,Q,0.00677490234375,0.026996612548828125,1874,581
gpt-j-6b-fp32,hilp_imp_desc,0.5,224,90,OPP-LESS,pair9,P,0.015070915222167969,0.061354637145996094,27059,27059
gpt-j-6b-fp32,hilp_imp_desc,0.5,224,90,OPP-LESS,pair9,Q,-0.0039501190185546875,-0.05642890930175781,23663,23663
gpt-j-6b-fp32,hilp_imp_desc,0.5,224,90,MORE-LESS,pair0,P,0.007944107055664062,0.021221160888671875,10255,10255
gpt-j-6b-fp32,hilp_imp_desc,0.5,224,90,MORE-LESS,pair0,Q,0.008305549621582031,0.011752128601074219,10255,10255
gpt-j-6b-fp32,hilp_imp_desc,0.5,224,90,MORE-LESS,pair1,P,0.0037784576416015625,0.017584800720214844,18605,18605
gpt-j-6b-fp32,hilp_imp_desc,0.5,224,90,MORE-LESS,pair1,Q,0.014162063598632812,0.00960540771484375,18605,18605
gpt-j-6b-fp32,hilp_imp_desc,0.5,224,90,MORE-LESS,pair2,P,-0.025140762329101562,0.02731037139892578,8038,8038
gpt-j-6b-fp32,hilp_imp_desc,0.5,224,90,MORE-LESS,pair2,Q,-0.027571678161621094,0.021386146545410156,8038,8038
gpt-j-6b-fp32,hilp_imp_desc,0.5,224,90,MORE-LESS,pair3,P,0.03052043914794922,0.04626274108886719,1234,1234
gpt-j-6b-fp32,hilp_imp_desc,0.5,224,90,MORE-LESS,pair3,Q,0.020501136779785156,0.036708831787109375,1234,1234
gpt-j-6b-fp32,hilp_imp_desc,0.5,224,90,MORE-LESS,pair4,P,0.006327629089355469,0.04608726501464844,23448,23448
gpt-j-6b-fp32,hilp_imp_desc,0.5,224,90,MORE-LESS,pair4,Q,-0.0012121200561523438,0.04326057434082031,23448,23448
gpt-j-6b-fp32,hilp_imp_desc,0.5,224,90,MORE-LESS,pair5,P,-0.01658153533935547,-0.008076667785644531,969,969
gpt-j-6b-fp32,hilp_imp_desc,0.5,224,90,MORE-LESS,pair5,Q,-0.009868621826171875,-0.014496803283691406,1426,1426
gpt-j-6b-fp32,hilp_imp_desc,0.5,224,90,MORE-LESS,pair6,P,0.005558013916015625,0.011480331420898438,6514,6514
gpt-j-6b-fp32,hilp_imp_desc,0.5,224,90,MORE-LESS,pair6,Q,0.011414527893066406,0.010171890258789062,6514,6514
gpt-j-6b-fp32,hilp_imp_desc,0.5,224,90,MORE-LESS,pair7,P,-0.023087501525878906,-0.0069427490234375,22111,22111
gpt-j-6b-fp32,hilp_imp_desc,0.5,224,90,MORE-LESS,pair7,Q,-0.02008056640625,-0.0054454803466796875,22111,22111
gpt-j-6b-fp32,hilp_imp_desc,0.5,224,90,MORE-LESS,pair8,P,-0.01874256134033203,0.017638206481933594,969,969
gpt-j-6b-fp32,hilp_imp_desc,0.5,224,90,MORE-LESS,pair8,Q,-0.004536628723144531,0.0033559799194335938,969,969
gpt-j-6b-fp32,hilp_imp_desc,0.5,224,90,MORE-LESS,pair9,P,0.035866737365722656,0.04458141326904297,34439,34439
gpt-j-6b-fp32,hilp_imp_desc,0.5,224,90,MORE-LESS,pair9,Q,0.026458740234375,0.036767005920410156,34439,34439
gpt-j-6b-fp32,C_imp_asc,0.01,4,4,SAME-OPP,pair0,P,0.0057506561279296875,0.0047435760498046875,632,632
gpt-j-6b-fp32,C_imp_asc,0.01,4,4,SAME-OPP,pair0,Q,0.002323150634765625,-0.007876396179199219,39733,39733
gpt-j-6b-fp32,C_imp_asc,0.01,4,4,SAME-OPP,pair1,P,-0.006361961364746094,0.008317947387695312,27059,27059
gpt-j-6b-fp32,C_imp_asc,0.01,4,4,SAME-OPP,pair1,Q,-0.0024585723876953125,-0.005526542663574219,19157,19157
gpt-j-6b-fp32,C_imp_asc,0.01,4,4,SAME-OPP,pair2,P,0.007870674133300781,-4.76837158203125e-05,632,632
gpt-j-6b-fp32,C_imp_asc,0.01,4,4,SAME-OPP,pair2,Q,0.00406646728515625,0.005261421203613281,632,632
gpt-j-6b-fp32,C_imp_asc,0.01,4,4,SAME-OPP,pair3,P,-0.00754547119140625,-0.000667572021484375,27059,27059
gpt-j-6b-fp32,C_imp_asc,0.01,4,4,SAME-OPP,pair3,Q,0.0015993118286132812,6.29425048828125e-05,632,632
gpt-j-6b-fp32,C_imp_asc,0.01,4,4,SAME-OPP,pair4,P,0.005059242248535156,0.009388923645019531,27059,27059
gpt-j-6b-fp32,C_imp_asc,0.01,4,4,SAME-OPP,pair4,Q,0.004756927490234375,0.001277923583984375,632,632
gpt-j-6b-fp32,C_imp_asc,0.01,4,4,SAME-OPP,pair5,P,-0.0032329559326171875,0.015249252319335938,27059,27059
gpt-j-6b-fp32,C_imp_asc,0.01,4,4,SAME-OPP,pair5,Q,-0.001895904541015625,0.010358810424804688,632,632
gpt-j-6b-fp32,C_imp_asc,0.01,4,4,SAME-OPP,pair6,P,-0.0027637481689453125,-0.0051860809326171875,27059,27059
gpt-j-6b-fp32,C_imp_asc,0.01,4,4,SAME-OPP,pair6,Q,-0.005519866943359375,-0.0063037872314453125,632,632
gpt-j-6b-fp32,C_imp_asc,0.01,4,4,SAME-OPP,pair7,P,0.0076999664306640625,0.030935287475585938,632,632
gpt-j-6b-fp32,C_imp_asc,0.01,4,4,SAME-OPP,pair7,Q,0.0068225860595703125,0.004563331604003906,632,632
gpt-j-6b-fp32,C_imp_asc,0.01,4,4,SAME-OPP,pair8,P,-0.009767532348632812,0.005275726318359375,581,581
gpt-j-6b-fp32,C_imp_asc,0.01,4,4,SAME-OPP,pair8,Q,-0.010931015014648438,2.956390380859375e-05,581,1874
gpt-j-6b-fp32,C_imp_asc,0.01,4,4,SAME-OPP,pair9,P,0.0026454925537109375,0.015147209167480469,27059,27059
gpt-j-6b-fp32,C_imp_asc,0.01,4,4,SAME-OPP,pair9,Q,-0.0037336349487304688,-0.016033172607421875,1928,23663
gpt-j-6b-fp32,C_imp_asc,0.01,4,4,SAME-MORE,pair0,P,0.014812469482421875,0.051334381103515625,632,632
gpt-j-6b-fp32,C_imp_asc,0.01,4,4,SAME-MORE,pair0,Q,0.009629249572753906,-0.11541175842285156,39733,39733
gpt-j-6b-fp32,C_imp_asc,0.01,4,4,SAME-MORE,pair1,P,-0.02088165283203125,-0.23330116271972656,27059,27059
gpt-j-6b-fp32,C_imp_asc,0.01,4,4,SAME-MORE,pair1,Q,1.049041748046875e-05,-0.25670909881591797,19157,19157
gpt-j-6b-fp32,C_imp_asc,0.01,4,4,SAME-MORE,pair2,P,0.07395267486572266,0.09121036529541016,632,632
gpt-j-6b-fp32,C_imp_asc,0.01,4,4,SAME-MORE,pair2,Q,0.027482986450195312,0.10676383972167969,632,632
gpt-j-6b-fp32,C_imp_asc,0.01,4,4,SAME-MORE,pair3,P,-0.0128173828125,-0.023296356201171875,27059,27059
gpt-j-6b-fp32,C_imp_asc,0.01,4,4,SAME-MORE,pair3,Q,0.02153301239013672,-0.07609939575195312,632,632
gpt-j-6b-fp32,C_imp_asc,0.01,4,4,SAME-MORE,pair4,P,0.019313812255859375,0.020247459411621094,27059,27059
gpt-j-6b-fp32,C_imp_asc,0.01,4,4,SAME-MORE,pair4,Q,-0.011694908142089844,0.0047893524169921875,632,632
gpt-j-6b-fp32,C_imp_asc,0.01,4,4,SAME-MORE,pair5,P,0.024387359619140625,-0.08490467071533203,27059,27059
gpt-j-6b-fp32,C_imp_asc,0.01,4,4,SAME-MORE,pair5,Q,0.013823509216308594,-0.0503997802734375,632,632
gpt-j-6b-fp32,C_imp_asc,0.01,4,4,SAME-MORE,pair6,P,0.014927864074707031,0.026340484619140625,27059,27059
gpt-j-6b-fp32,C_imp_asc,0.01,4,4,SAME-MORE,pair6,Q,-0.011576652526855469,0.028191566467285156,632,632
gpt-j-6b-fp32,C_imp_asc,0.01,4,4,SAME-MORE,pair7,P,-0.023321151733398438,-0.15389442443847656,632,632
gpt-j-6b-fp32,C_imp_asc,0.01,4,4,SAME-MORE,pair7,Q,0.03978443145751953,-0.11959266662597656,632,632
gpt-j-6b-fp32,C_imp_asc,0.01,4,4,SAME-MORE,pair8,P,-0.018117904663085938,-0.09508323669433594,581,581
gpt-j-6b-fp32,C_imp_asc,0.01,4,4,SAME-MORE,pair8,Q,0.016010284423828125,0.021739959716796875,581,581
gpt-j-6b-fp32,C_imp_asc,0.01,4,4,SAME-MORE,pair9,P,0.032868385314941406,-0.1874217987060547,27059,27059
gpt-j-6b-fp32,C_imp_asc,0.01,4,4,SAME-MORE,pair9,Q,0.0012750625610351562,-0.17417144775390625,1928,23663
gpt-j-6b-fp32,C_imp_asc,0.01,4,4,SAME-LESS,pair0,P,0.014774322509765625,-0.17700862884521484,632,632
gpt-j-6b-fp32,C_imp_asc,0.01,4,4,SAME-LESS,pair0,Q,0.0010547637939453125,0.1774454116821289,39733,39733
gpt-j-6b-fp32,C_imp_asc,0.01,4,4,SAME-LESS,pair1,P,-0.0245819091796875,0.16420269012451172,27059,27059
gpt-j-6b-fp32,C_imp_asc,0.01,4,4,SAME-LESS,pair1,Q,-0.007274627685546875,0.2209005355834961,19157,19157
gpt-j-6b-fp32,C_imp_asc,0.01,4,4,SAME-LESS,pair2,P,0.08477783203125,0.20279502868652344,632,632
gpt-j-6b-fp32,C_imp_asc,0.01,4,4,SAME-LESS,pair2,Q,0.026271820068359375,0.17452335357666016,632,632
gpt-j-6b-fp32,C_imp_asc,0.01,4,4,SAME-LESS,pair3,P,-0.010004043579101562,0.14501953125,27059,27059
gpt-j-6b-fp32,C_imp_asc,0.01,4,4,SAME-LESS,pair3,Q,0.011240005493164062,0.2024526596069336,632,632
gpt-j-6b-fp32,C_imp_asc,0.01,4,4,SAME-LESS,pair4,P,0.021399497985839844,0.4644041061401367,27059,27059
gpt-j-6b-fp32,C_imp_asc,0.01,4,4,SAME-LESS,pair4,Q,-0.0041255950927734375,0.2695159912109375,632,632
gpt-j-6b-fp32,C_imp_asc,0.01,4,4,SAME-LESS,pair5,P,0.016607284545898438,0.08541107177734375,27059,27059
gpt-j-6b-fp32,C_imp_asc,0.01,4,4,SAME-LESS,pair5,Q,0.014170646667480469,0.10002994537353516,632,632
gpt-j-6b-fp32,C_imp_asc,0.01,4,4,SAME-LESS,pair6,P,0.021004676818847656,0.07613468170166016,27059,27059
gpt-j-6b-fp32,C_imp_asc,0.01,4,4,SAME-LESS,pair6,Q,-0.01800060272216797,0.10089969635009766,632,632
gpt-j-6b-fp32,C_imp_asc,0.01,4,4,SAME-LESS,pair7,P,-0.04031562805175781,0.2934894561767578,632,632
gpt-j-6b-fp32,C_imp_asc,0.01,4,4,SAME-LESS,pair7,Q,0.032745361328125,0.2082834243774414,632,632
gpt-j-6b-fp32,C_imp_asc,0.01,4,4,SAME-LESS,pair8,P,-0.01284027099609375,0.08251476287841797,581,581
gpt-j-6b-fp32,C_imp_asc,0.01,4,4,SAME-LESS,pair8,Q,0.011851310729980469,0.04651069641113281,581,581
gpt-j-6b-fp32,C_imp_asc,0.01,4,4,SAME-LESS,pair9,P,0.034583091735839844,0.12359237670898438,27059,27059
gpt-j-6b-fp32,C_imp_asc,0.01,4,4,SAME-LESS,pair9,Q,-0.0029468536376953125,0.16671276092529297,1928,23663
gpt-j-6b-fp32,C_imp_asc,0.01,4,4,OPP-MORE,pair0,P,0.014776229858398438,0.04053020477294922,632,632
gpt-j-6b-fp32,C_imp_asc,0.01,4,4,OPP-MORE,pair0,Q,0.016119956970214844,-0.09589481353759766,39733,39733
gpt-j-6b-fp32,C_imp_asc,0.01,4,4,OPP-MORE,pair1,P,-0.03268146514892578,-0.20523452758789062,27059,27059
gpt-j-6b-fp32,C_imp_asc,0.01,4,4,OPP-MORE,pair1,Q,-0.021709442138671875,-0.19490718841552734,19157,19157
gpt-j-6b-fp32,C_imp_asc,0.01,4,4,OPP-MORE,pair2,P,0.012675285339355469,0.14716625213623047,27059,27059
gpt-j-6b-fp32,C_imp_asc,0.01,4,4,OPP-MORE,pair2,Q,0.015143394470214844,0.16214847564697266,632,632
gpt-j-6b-fp32,C_imp_asc,0.01,4,4,OPP-MORE,pair3,P,0.016712188720703125,-0.007396697998046875,27059,27059
gpt-j-6b-fp32,C_imp_asc,0.01,4,4,OPP-MORE,pair3,Q,0.008509635925292969,-0.05792713165283203,5930,5930
gpt-j-6b-fp32,C_imp_asc,0.01,4,4,OPP-MORE,pair4,P,0.0030813217163085938,0.03732776641845703,27059,27059
gpt-j-6b-fp32,C_imp_asc,0.01,4,4,OPP-MORE,pair4,Q,-0.015551567077636719,0.027837753295898438,632,632
gpt-j-6b-fp32,C_imp_asc,0.01,4,4,OPP-MORE,pair5,P,0.004559516906738281,0.017065048217773438,27059,27059
gpt-j-6b-fp32,C_imp_asc,0.01,4,4,OPP-MORE,pair5,Q,0.01813030242919922,0.020264625549316406,632,632
gpt-j-6b-fp32,C_imp_asc,0.01,4,4,OPP-MORE,pair6,P,0.005621910095214844,0.05163860321044922,27059,27059
gpt-j-6b-fp32,C_imp_asc,0.01,4,4,OPP-MORE,pair6,Q,0.004696846008300781,0.06215858459472656,632,632
gpt-j-6b-fp32,C_imp_asc,0.01,4,4,OPP-MORE,pair7,P,0.022441864013671875,-0.11272907257080078,632,632
gpt-j-6b-fp32,C_imp_asc,0.01,4,4,OPP-MORE,pair7,Q,-0.004795074462890625,-0.08560371398925781,632,632
gpt-j-6b-fp32,C_imp_asc,0.01,4,4,OPP-MORE,pair8,P,0.010257720947265625,-0.02566242218017578,1874,1874
gpt-j-6b-fp32,C_imp_asc,0.01,4,4,OPP-MORE,pair8,Q,0.005192756652832031,0.0722513198852539,1874,1874
gpt-j-6b-fp32,C_imp_asc,0.01,4,4,OPP-MORE,pair9,P,0.013079643249511719,-0.07726669311523438,27059,27059
gpt-j-6b-fp32,C_imp_asc,0.01,4,4,OPP-MORE,pair9,Q,0.012425422668457031,-0.056159019470214844,23663,23663
gpt-j-6b-fp32,C_imp_asc,0.01,4,4,OPP-LESS,pair0,P,0.010515213012695312,-0.14521503448486328,632,632
gpt-j-6b-fp32,C_imp_asc,0.01,4,4,OPP-LESS,pair0,Q,0.011545181274414062,0.13801097869873047,39733,39733
gpt-j-6b-fp32,C_imp_asc,0.01,4,4,OPP-LESS,pair1,P,-0.029038429260253906,0.1295166015625,27059,27059
gpt-j-6b-fp32,C_imp_asc,0.01,4,4,OPP-LESS,pair1,Q,-0.024468421936035156,0.15700244903564453,19157,19157
gpt-j-6b-fp32,C_imp_asc,0.01,4,4,OPP-LESS,pair2,P,0.017822265625,0.20316028594970703,27059,27059
gpt-j-6b-fp32,C_imp_asc,0.01,4,4,OPP-LESS,pair2,Q,0.028318405151367188,0.1701669692993164,632,632
gpt-j-6b-fp32,C_imp_asc,0.01,4,4,OPP-LESS,pair3,P,0.016706466674804688,0.16225147247314453,27059,27059
gpt-j-6b-fp32,C_imp_asc,0.01,4,4,OPP-LESS,pair3,Q,0.0033330917358398438,0.2108602523803711,5930,5930
gpt-j-6b-fp32,C_imp_asc,0.01,4,4,OPP-LESS,pair4,P,0.012024879455566406,0.4423398971557617,27059,27059
gpt-j-6b-fp32,C_imp_asc,0.01,4,4,OPP-LESS,pair4,Q,-0.008553504943847656,0.2983102798461914,632,632
gpt-j-6b-fp32,C_imp_asc,0.01,4,4,OPP-LESS,pair5,P,0.002605438232421875,0.16142845153808594,27059,27059
gpt-j-6b-fp32,C_imp_asc,0.01,4,4,OPP-LESS,pair5,Q,0.018587112426757812,0.1670246124267578,632,632
gpt-j-6b-fp32,C_imp_asc,0.01,4,4,OPP-LESS,pair6,P,-0.000553131103515625,0.07499313354492188,27059,27059
gpt-j-6b-fp32,C_imp_asc,0.01,4,4,OPP-LESS,pair6,Q,0.010281562805175781,0.09238433837890625,632,632
gpt-j-6b-fp32,C_imp_asc,0.01,4,4,OPP-LESS,pair7,P,0.028519630432128906,0.29139232635498047,632,632
gpt-j-6b-fp32,C_imp_asc,0.01,4,4,OPP-LESS,pair7,Q,-0.01434326171875,0.21431446075439453,632,632
gpt-j-6b-fp32,C_imp_asc,0.01,4,4,OPP-LESS,pair8,P,0.021500587463378906,0.14025402069091797,1874,1874
gpt-j-6b-fp32,C_imp_asc,0.01,4,4,OPP-LESS,pair8,Q,0.005589485168457031,0.09535598754882812,1874,1874
gpt-j-6b-fp32,C_imp_asc,0.01,4,4,OPP-LESS,pair9,P,0.01654338836669922,0.11721992492675781,27059,27059
gpt-j-6b-fp32,C_imp_asc,0.01,4,4,OPP-LESS,pair9,Q,0.0037755966186523438,0.1901416778564453,23663,23663
gpt-j-6b-fp32,C_imp_asc,0.01,4,4,MORE-LESS,pair0,P,-0.02288341522216797,0.023740768432617188,10255,10255
gpt-j-6b-fp32,C_imp_asc,0.01,4,4,MORE-LESS,pair0,Q,-0.016748428344726562,0.007174491882324219,10255,10255
gpt-j-6b-fp32,C_imp_asc,0.01,4,4,MORE-LESS,pair1,P,-0.0036859512329101562,-0.0043010711669921875,18605,18605
gpt-j-6b-fp32,C_imp_asc,0.01,4,4,MORE-LESS,pair1,Q,-0.0003452301025390625,-0.0125885009765625,18605,18605
gpt-j-6b-fp32,C_imp_asc,0.01,4,4,MORE-LESS,pair2,P,-0.0007991790771484375,0.018568992614746094,8038,8038
gpt-j-6b-fp32,C_imp_asc,0.01,4,4,MORE-LESS,pair2,Q,-0.005164146423339844,0.015732765197753906,8038,8038
gpt-j-6b-fp32,C_imp_asc,0.01,4,4,MORE-LESS,pair3,P,-0.004317283630371094,0.0082244873046875,1234,1234
gpt-j-6b-fp32,C_imp_asc,0.01,4,4,MORE-LESS,pair3,Q,-0.005551338195800781,0.008764266967773438,1234,1234
gpt-j-6b-fp32,C_imp_asc,0.01,4,4,MORE-LESS,pair4,P,-0.00452423095703125,0.0038595199584960938,23448,23448
gpt-j-6b-fp32,C_imp_asc,0.01,4,4,MORE-LESS,pair4,Q,-0.0007581710815429688,-0.002086639404296875,23448,23448
gpt-j-6b-fp32,C_imp_asc,0.01,4,4,MORE-LESS,pair5,P,0.0064945220947265625,0.020521163940429688,969,969
gpt-j-6b-fp32,C_imp_asc,0.01,4,4,MORE-LESS,pair5,Q,0.005539894104003906,0.022459030151367188,1426,1426
gpt-j-6b-fp32,C_imp_asc,0.01,4,4,MORE-LESS,pair6,P,-0.03073883056640625,0.0117034912109375,6514,6514
gpt-j-6b-fp32,C_imp_asc,0.01,4,4,MORE-LESS,pair6,Q,-0.02897167205810547,0.0047454833984375,6514,6514
gpt-j-6b-fp32,C_imp_asc,0.01,4,4,MORE-LESS,pair7,P,-0.014738082885742188,0.002376556396484375,22111,22111
gpt-j-6b-fp32,C_imp_asc,0.01,4,4,MORE-LESS,pair7,Q,-0.0147705078125,0.007678031921386719,22111,22111
gpt-j-6b-fp32,C_imp_asc,0.01,4,4,MORE-LESS,pair8,P,-4.863739013671875e-05,0.01909160614013672,969,969
gpt-j-6b-fp32,C_imp_asc,0.01,4,4,MORE-LESS,pair8,Q,-0.00033092498779296875,0.012478828430175781,969,969
gpt-j-6b-fp32,C_imp_asc,0.01,4,4,MORE-LESS,pair9,P,-0.022165298461914062,0.0022640228271484375,34439,34439
gpt-j-6b-fp32,C_imp_asc,0.01,4,4,MORE-LESS,pair9,Q,-0.041014671325683594,-0.004755973815917969,34439,34439
gpt-j-6b-fp32,C_imp_asc,0.03,13,13,SAME-OPP,pair0,P,0.0248260498046875,0.03477001190185547,632,632
gpt-j-6b-fp32,C_imp_asc,0.03,13,13,SAME-OPP,pair0,Q,0.03638172149658203,0.05592632293701172,39733,39733
gpt-j-6b-fp32,C_imp_asc,0.03,13,13,SAME-OPP,pair1,P,0.021042823791503906,0.029778480529785156,27059,27059
gpt-j-6b-fp32,C_imp_asc,0.03,13,13,SAME-OPP,pair1,Q,0.030017852783203125,0.027286529541015625,19157,19157
gpt-j-6b-fp32,C_imp_asc,0.03,13,13,SAME-OPP,pair2,P,-0.02375030517578125,0.008299827575683594,632,632
gpt-j-6b-fp32,C_imp_asc,0.03,13,13,SAME-OPP,pair2,Q,0.004883766174316406,0.020334243774414062,632,632
gpt-j-6b-fp32,C_imp_asc,0.03,13,13,SAME-OPP,pair3,P,-0.007615089416503906,0.0013904571533203125,27059,27059
gpt-j-6b-fp32,C_imp_asc,0.03,13,13,SAME-OPP,pair3,Q,0.010213851928710938,0.005063056945800781,632,632
gpt-j-6b-fp32,C_imp_asc,0.03,13,13,SAME-OPP,pair4,P,-0.010390281677246094,0.0059261322021484375,27059,27059
gpt-j-6b-fp32,C_imp_asc,0.03,13,13,SAME-OPP,pair4,Q,0.038730621337890625,0.04448890686035156,632,632
gpt-j-6b-fp32,C_imp_asc,0.03,13,13,SAME-OPP,pair5,P,-0.0067996978759765625,0.011648178100585938,27059,27059
gpt-j-6b-fp32,C_imp_asc,0.03,13,13,SAME-OPP,pair5,Q,0.010851860046386719,0.026808738708496094,632,632
gpt-j-6b-fp32,C_imp_asc,0.03,13,13,SAME-OPP,pair6,P,-0.017752647399902344,-0.005158424377441406,27059,27059
gpt-j-6b-fp32,C_imp_asc,0.03,13,13,SAME-OPP,pair6,Q,0.032866477966308594,-0.012660026550292969,632,632
gpt-j-6b-fp32,C_imp_asc,0.03,13,13,SAME-OPP,pair7,P,0.030035018920898438,0.044147491455078125,632,632
gpt-j-6b-fp32,C_imp_asc,0.03,13,13,SAME-OPP,pair7,Q,0.020030975341796875,0.01593303680419922,632,632
gpt-j-6b-fp32,C_imp_asc,0.03,13,13,SAME-OPP,pair8,P,-0.015146255493164062,-0.010109901428222656,581,581
gpt-j-6b-fp32,C_imp_asc,0.03,13,13,SAME-OPP,pair8,Q,0.01352691650390625,0.038422584533691406,581,1874
gpt-j-6b-fp32,C_imp_asc,0.03,13,13,SAME-OPP,pair9,P,-0.0014028549194335938,-0.0010690689086914062,27059,27059
gpt-j-6b-fp32,C_imp_asc,0.03,13,13,SAME-OPP,pair9,Q,0.025925636291503906,0.017937660217285156,1928,23663
gpt-j-6b-fp32,C_imp_asc,0.03,13,13,SAME-MORE,pair0,P,0.1661539077758789,0.02378559112548828,632,632
gpt-j-6b-fp32,C_imp_asc,0.03,13,13,SAME-MORE,pair0,Q,0.09058094024658203,-0.2751350402832031,39733,39733
gpt-j-6b-fp32,C_imp_asc,0.03,13,13,SAME-MORE,pair1,P,0.0902853012084961,-0.28209972381591797,27059,27059
gpt-j-6b-fp32,C_imp_asc,0.03,13,13,SAME-MORE,pair1,Q,0.02106761932373047,-0.22413349151611328,19157,19157
gpt-j-6b-fp32,C_imp_asc,0.03,13,13,SAME-MORE,pair2,P,0.5333232879638672,-0.11845588684082031,632,27059
gpt-j-6b-fp32,C_imp_asc,0.03,13,13,SAME-MORE,pair2,Q,0.19747447967529297,-0.1560964584350586,632,632
gpt-j-6b-fp32,C_imp_asc,0.03,13,13,SAME-MORE,pair3,P,-0.007289886474609375,-0.09534072875976562,27059,27059
gpt-j-6b-fp32,C_imp_asc,0.03,13,13,SAME-MORE,pair3,Q,0.12682723999023438,-0.21608829498291016,632,632
gpt-j-6b-fp32,C_imp_asc,0.03,13,13,SAME-MORE,pair4,P,0.11925983428955078,0.1683330535888672,27059,27059
gpt-j-6b-fp32,C_imp_asc,0.03,13,13,SAME-MORE,pair4,Q,0.07020759582519531,-0.079803466796875,632,632
gpt-j-6b-fp32,C_imp_asc,0.03,13,13,SAME-MORE,pair5,P,0.05226325988769531,-0.16619205474853516,27059,27059
gpt-j-6b-fp32,C_imp_asc,0.03,13,13,SAME-MORE,pair5,Q,0.17187118530273438,-0.1577892303466797,632,632
gpt-j-6b-fp32,C_imp_asc,0.03,13,13,SAME-MORE,pair6,P,-0.11107349395751953,-0.07033824920654297,27059,27059
gpt-j-6b-fp32,C_imp_asc,0.03,13,13,SAME-MORE,pair6,Q,0.0291900634765625,-0.03857707977294922,632,632
gpt-j-6b-fp32,C_imp_asc,0.03,13,13,SAME-MORE,pair7,P,-0.009775161743164062,-0.1383371353149414,632,632
gpt-j-6b-fp32,C_imp_asc,0.03,13,13,SAME-MORE,pair7,Q,0.09697151184082031,-0.0876626968383789,632,632
gpt-j-6b-fp32,C_imp_asc,0.03,13,13,SAME-MORE,pair8,P,0.04963111877441406,-0.23819541931152344,581,1874
gpt-j-6b-fp32,C_imp_asc,0.03,13,13,SAME-MORE,pair8,Q,0.1553964614868164,-0.16181564331054688,581,1874
gpt-j-6b-fp32,C_imp_asc,0.03,13,13,SAME-MORE,pair9,P,-0.09178829193115234,-0.2535820007324219,27059,27059
gpt-j-6b-fp32,C_imp_asc,0.03,13,13,SAME-MORE,pair9,Q,-0.006739616394042969,-0.40491485595703125,1928,23663
gpt-j-6b-fp32,C_imp_asc,0.03,13,13,SAME-LESS,pair0,P,0.09925460815429688,0.1784515380859375,632,632
gpt-j-6b-fp32,C_imp_asc,0.03,13,13,SAME-LESS,pair0,Q,0.05356884002685547,0.3922910690307617,39733,39733
gpt-j-6b-fp32,C_imp_asc,0.03,13,13,SAME-LESS,pair1,P,0.06847667694091797,0.38200855255126953,27059,27059
gpt-j-6b-fp32,C_imp_asc,0.03,13,13,SAME-LESS,pair1,Q,0.007124900817871094,0.3669586181640625,19157,19157
gpt-j-6b-fp32,C_imp_asc,0.03,13,13,SAME-LESS,pair2,P,0.5383892059326172,1.6199932098388672,632,27059
gpt-j-6b-fp32,C_imp_asc,0.03,13,13,SAME-LESS,pair2,Q,0.18329811096191406,1.3598079681396484,632,632
gpt-j-6b-fp32,C_imp_asc,0.03,13,13,SAME-LESS,pair3,P,-0.04513740539550781,0.3849058151245117,27059,27059
gpt-j-6b-fp32,C_imp_asc,0.03,13,13,SAME-LESS,pair3,Q,0.11315727233886719,0.3674936294555664,632,632
gpt-j-6b-fp32,C_imp_asc,0.03,13,13,SAME-LESS,pair4,P,0.09786510467529297,0.9904499053955078,27059,27059
gpt-j-6b-fp32,C_imp_asc,0.03,13,13,SAME-LESS,pair4,Q,0.06477165222167969,0.7867374420166016,632,632
gpt-j-6b-fp32,C_imp_asc,0.03,13,13,SAME-LESS,pair5,P,0.026363372802734375,0.36004161834716797,27059,27059
gpt-j-6b-fp32,C_imp_asc,0.03,13,13,SAME-LESS,pair5,Q,0.1722726821899414,0.23232269287109375,632,632
gpt-j-6b-fp32,C_imp_asc,0.03,13,13,SAME-LESS,pair6,P,-0.09811592102050781,0.8753509521484375,27059,27059
gpt-j-6b-fp32,C_imp_asc,0.03,13,13,SAME-LESS,pair6,Q,0.0644845962524414,0.9972333908081055,632,632
gpt-j-6b-fp32,C_imp_asc,0.03,13,13,SAME-LESS,pair7,P,-0.015299797058105469,0.3769235610961914,632,632
gpt-j-6b-fp32,C_imp_asc,0.03,13,13,SAME-LESS,pair7,Q,0.08722877502441406,0.2611703872680664,632,632
gpt-j-6b-fp32,C_imp_asc,0.03,13,13,SAME-LESS,pair8,P,0.06328010559082031,0.2320270538330078,581,581
gpt-j-6b-fp32,C_imp_asc,0.03,13,13,SAME-LESS,pair8,Q,0.17709636688232422,0.08421802520751953,581,1874
gpt-j-6b-fp32,C_imp_asc,0.03,13,13,SAME-LESS,pair9,P,-0.10591983795166016,0.4755401611328125,27059,27059
gpt-j-6b-fp32,C_imp_asc,0.03,13,13,SAME-LESS,pair9,Q,-0.037293434143066406,0.0802469253540039,1928,23663
gpt-j-6b-fp32,C_imp_asc,0.03,13,13,OPP-MORE,pair0,P,-0.03894615173339844,0.09727287292480469,632,632
gpt-j-6b-fp32,C_imp_asc,0.03,13,13,OPP-MORE,pair0,Q,-0.055350303649902344,-0.19675731658935547,39733,39733
gpt-j-6b-fp32,C_imp_asc,0.03,13,13,OPP-MORE,pair1,P,-0.14191436767578125,-0.26563072204589844,27059,27059
gpt-j-6b-fp32,C_imp_asc,0.03,13,13,OPP-MORE,pair1,Q,-0.2134227752685547,-0.1675853729248047,19157,19157
gpt-j-6b-fp32,C_imp_asc,0.03,13,13,OPP-MORE,pair2,P,0.03081989288330078,-0.015972137451171875,27059,27059
gpt-j-6b-fp32,C_imp_asc,0.03,13,13,OPP-MORE,pair2,Q,0.0005140304565429688,-0.03757190704345703,632,632
gpt-j-6b-fp32,C_imp_asc,0.03,13,13,OPP-MORE,pair3,P,-0.04421043395996094,-0.08284568786621094,27059,27059
gpt-j-6b-fp32,C_imp_asc,0.03,13,13,OPP-MORE,pair3,Q,-0.028217315673828125,-0.18776702880859375,5930,5930
gpt-j-6b-fp32,C_imp_asc,0.03,13,13,OPP-MORE,pair4,P,-0.14612102508544922,0.23408222198486328,27059,27059
gpt-j-6b-fp32,C_imp_asc,0.03,13,13,OPP-MORE,pair4,Q,-0.10048484802246094,0.04436969757080078,632,632
gpt-j-6b-fp32,C_imp_asc,0.03,13,13,OPP-MORE,pair5,P,-0.09387397766113281,-0.0417327880859375,27059,27059
gpt-j-6b-fp32,C_imp_asc,0.03,13,13,OPP-MORE,pair5,Q,-0.058136940002441406,-0.0901479721069336,632,19157
gpt-j-6b-fp32,C_imp_asc,0.03,13,13,OPP-MORE,pair6,P,-0.10364341735839844,-0.005405426025390625,27059,27059
gpt-j-6b-fp32,C_imp_asc,0.03,13,13,OPP-MORE,pair6,Q,-0.07811546325683594,0.022263526916503906,632,632
gpt-j-6b-fp32,C_imp_asc,0.03,13,13,OPP-MORE,pair7,P,-0.12241077423095703,-0.07589435577392578,632,632
gpt-j-6b-fp32,C_imp_asc,0.03,13,13,OPP-MORE,pair7,Q,-0.09790229797363281,-0.03284645080566406,632,632
gpt-j-6b-fp32,C_imp_asc,0.03,13,13,OPP-MORE,pair8,P,-0.051207542419433594,-0.1401805877685547,1874,1874
gpt-j-6b-fp32,C_imp_asc,0.03,13,13,OPP-MORE,pair8,Q,-0.10814952850341797,-0.1152801513671875,1874,19157
gpt-j-6b-fp32,C_imp_asc,0.03,13,13,OPP-MORE,pair9,P,-0.08695125579833984,-0.05333518981933594,27059,23663
gpt-j-6b-fp32,C_imp_asc,0.03,13,13,OPP-MORE,pair9,Q,-0.1236715316772461,-0.1534404754638672,23663,23663
gpt-j-6b-fp32,C_imp_asc,0.03,13,13,OPP-LESS,pair0,P,-0.07274818420410156,0.05391979217529297,632,632
gpt-j-6b-fp32,C_imp_asc,0.03,13,13,OPP-LESS,pair0,Q,-0.06729793548583984,0.20432472229003906,39733,39733
gpt-j-6b-fp32,C_imp_asc,0.03,13,13,OPP-LESS,pair1,P,-0.1420431137084961,0.3376474380493164,27059,27059
gpt-j-6b-fp32,C_imp_asc,0.03,13,13,OPP-LESS,pair1,Q,-0.20134258270263672,0.2569150924682617,19157,19157
gpt-j-6b-fp32,C_imp_asc,0.03,13,13,OPP-LESS,pair2,P,0.023424148559570312,1.5461406707763672,27059,27059
gpt-j-6b-fp32,C_imp_asc,0.03,13,13,OPP-LESS,pair2,Q,0.04183483123779297,1.3084545135498047,632,632
gpt-j-6b-fp32,C_imp_asc,0.03,13,13,OPP-LESS,pair3,P,-0.05652618408203125,0.35960960388183594,27059,27059
gpt-j-6b-fp32,C_imp_asc,0.03,13,13,OPP-LESS,pair3,Q,-0.010913848876953125,0.3381052017211914,5930,5930
gpt-j-6b-fp32,C_imp_asc,0.03,13,13,OPP-LESS,pair4,P,-0.14424991607666016,0.8293046951293945,27059,27059
gpt-j-6b-fp32,C_imp_asc,0.03,13,13,OPP-LESS,pair4,Q,-0.0731363296508789,0.692357063293457,632,632
gpt-j-6b-fp32,C_imp_asc,0.03,13,13,OPP-LESS,pair5,P,-0.0932455062866211,0.4008493423461914,27059,27059
gpt-j-6b-fp32,C_imp_asc,0.03,13,13,OPP-LESS,pair5,Q,-0.046441078186035156,0.28861236572265625,632,19157
gpt-j-6b-fp32,C_imp_asc,0.03,13,13,OPP-LESS,pair6,P,-0.11942672729492188,0.44546031951904297,27059,27059
gpt-j-6b-fp32,C_imp_asc,0.03,13,13,OPP-LESS,pair6,Q,-0.05605602264404297,0.6065683364868164,632,632
gpt-j-6b-fp32,C_imp_asc,0.03,13,13,OPP-LESS,pair7,P,-0.10092353820800781,0.33907508850097656,632,632
gpt-j-6b-fp32,C_imp_asc,0.03,13,13,OPP-LESS,pair7,Q,-0.09143257141113281,0.22589588165283203,632,632
gpt-j-6b-fp32,C_imp_asc,0.03,13,13,OPP-LESS,pair8,P,-0.05258369445800781,0.2741556167602539,1874,1874
gpt-j-6b-fp32,C_imp_asc,0.03,13,13,OPP-LESS,pair8,Q,-0.08625602722167969,0.09757709503173828,1874,19157
gpt-j-6b-fp32,C_imp_asc,0.03,13,13,OPP-LESS,pair9,P,-0.0929412841796875,0.3792610168457031,27059,23663
gpt-j-6b-fp32,C_imp_asc,0.03,13,13,OPP-LESS,pair9,Q,-0.12137317657470703,0.15050697326660156,23663,23663
gpt-j-6b-fp32,C_imp_asc,0.03,13,13,MORE-LESS,pair0,P,-0.015079498291015625,0.005557060241699219,10255,10255
gpt-j-6b-fp32,C_imp_asc,0.03,13,13,MORE-LESS,pair0,Q,0.0010919570922851562,-0.010660171508789062,10255,10255
gpt-j-6b-fp32,C_imp_asc,0.03,13,13,MORE-LESS,pair1,P,-0.02229785919189453,-0.044109344482421875,18605,18605
gpt-j-6b-fp32,C_imp_asc,0.03,13,13,MORE-LESS,pair1,Q,0.00031185150146484375,-0.04127979278564453,18605,18605
gpt-j-6b-fp32,C_imp_asc,0.03,13,13,MORE-LESS,pair2,P,0.006983757019042969,-0.009985923767089844,8038,8038
gpt-j-6b-fp32,C_imp_asc,0.03,13,13,MORE-LESS,pair2,Q,-0.005709648132324219,0.0021085739135742188,8038,8038
gpt-j-6b-fp32,C_imp_asc,0.03,13,13,MORE-LESS,pair3,P,-0.020946502685546875,-0.009136199951171875,1234,1234
gpt-j-6b-fp32,C_imp_asc,0.03,13,13,MORE-LESS,pair3,Q,-0.016351699829101562,-0.0062389373779296875,1234,1234
gpt-j-6b-fp32,C_imp_asc,0.03,13,13,MORE-LESS,pair4,P,-0.04320526123046875,-0.026136398315429688,23448,23448
gpt-j-6b-fp32,C_imp_asc,0.03,13,13,MORE-LESS,pair4,Q,-0.04434490203857422,-0.028120994567871094,23448,23448
gpt-j-6b-fp32,C_imp_asc,0.03,13,13,MORE-LESS,pair5,P,-0.004231452941894531,-0.007610321044921875,969,969
gpt-j-6b-fp32,C_imp_asc,0.03,13,13,MORE-LESS,pair5,Q,0.005993843078613281,-0.0031642913818359375,1426,1426
gpt-j-6b-fp32,C_imp_asc,0.03,13,13,MORE-LESS,pair6,P,-0.07493972778320312,0.01688385009765625,6514,6514
gpt-j-6b-fp32,C_imp_asc,0.03,13,13,MORE-LESS,pair6,Q,-0.07405281066894531,0.004876136779785156,6514,6514
gpt-j-6b-fp32,C_imp_asc,0.03,13,13,MORE-LESS,pair7,P,-0.04844951629638672,0.04895305633544922,22111,22111
gpt-j-6b-fp32,C_imp_asc,0.03,13,13,MORE-LESS,pair7,Q,-0.041370391845703125,0.05044841766357422,22111,22111
gpt-j-6b-fp32,C_imp_asc,0.03,13,13,MORE-LESS,pair8,P,0.06585025787353516,-0.023354530334472656,969,969
gpt-j-6b-fp32,C_imp_asc,0.03,13,13,MORE-LESS,pair8,Q,0.08858585357666016,-0.023939132690429688,969,969
gpt-j-6b-fp32,C_imp_asc,0.03,13,13,MORE-LESS,pair9,P,-0.07773876190185547,-0.032265663146972656,34439,34439
gpt-j-6b-fp32,C_imp_asc,0.03,13,13,MORE-LESS,pair9,Q,-0.05507469177246094,-0.038969993591308594,34439,34439
gpt-j-6b-fp32,C_imp_asc,0.05,22,22,SAME-OPP,pair0,P,0.08988094329833984,-0.039107322692871094,632,632
gpt-j-6b-fp32,C_imp_asc,0.05,22,22,SAME-OPP,pair0,Q,0.0645761489868164,0.044768333435058594,39733,39733
gpt-j-6b-fp32,C_imp_asc,0.05,22,22,SAME-OPP,pair1,P,0.04376983642578125,0.0074005126953125,27059,27059
gpt-j-6b-fp32,C_imp_asc,0.05,22,22,SAME-OPP,pair1,Q,0.037842750549316406,0.01650524139404297,19157,19157
gpt-j-6b-fp32,C_imp_asc,0.05,22,22,SAME-OPP,pair2,P,-0.02723979949951172,0.006024360656738281,632,632
gpt-j-6b-fp32,C_imp_asc,0.05,22,22,SAME-OPP,pair2,Q,0.02265644073486328,0.03001689910888672,632,632
gpt-j-6b-fp32,C_imp_asc,0.05,22,22,SAME-OPP,pair3,P,-0.022126197814941406,-0.019577980041503906,27059,27059
gpt-j-6b-fp32,C_imp_asc,0.05,22,22,SAME-OPP,pair3,Q,0.016386032104492188,0.0003662109375,632,632
gpt-j-6b-fp32,C_imp_asc,0.05,22,22,SAME-OPP,pair4,P,0.034549713134765625,0.022754669189453125,27059,27059
gpt-j-6b-fp32,C_imp_asc,0.05,22,22,SAME-OPP,pair4,Q,0.05346393585205078,0.047059059143066406,632,632
gpt-j-6b-fp32,C_imp_asc,0.05,22,22,SAME-OPP,pair5,P,0.0063991546630859375,-0.01457977294921875,27059,27059
gpt-j-6b-fp32,C_imp_asc,0.05,22,22,SAME-OPP,pair5,Q,0.01602458953857422,0.026006698608398438,632,632
gpt-j-6b-fp32,C_imp_asc,0.05,22,22,SAME-OPP,pair6,P,-0.0033969879150390625,-0.036312103271484375,27059,27059
gpt-j-6b-fp32,C_imp_asc,0.05,22,22,SAME-OPP,pair6,Q,0.03171825408935547,-0.02124309539794922,632,632
gpt-j-6b-fp32,C_imp_asc,0.05,22,22,SAME-OPP,pair7,P,0.047466278076171875,0.056868553161621094,632,632
gpt-j-6b-fp32,C_imp_asc,0.05,22,22,SAME-OPP,pair7,Q,0.06302452087402344,0.019683837890625,632,632
gpt-j-6b-fp32,C_imp_asc,0.05,22,22,SAME-OPP,pair8,P,-0.08061599731445312,-0.03151702880859375,581,581
gpt-j-6b-fp32,C_imp_asc,0.05,22,22,SAME-OPP,pair8,Q,0.01684284210205078,0.03471565246582031,581,1874
gpt-j-6b-fp32,C_imp_asc,0.05,22,22,SAME-OPP,pair9,P,0.01858806610107422,-0.027817726135253906,27059,27059
gpt-j-6b-fp32,C_imp_asc,0.05,22,22,SAME-OPP,pair9,Q,0.024127960205078125,-0.008858680725097656,1928,632
gpt-j-6b-fp32,C_imp_asc,0.05,22,22,SAME-MORE,pair0,P,0.36786651611328125,-1.009878158569336,632,632
gpt-j-6b-fp32,C_imp_asc,0.05,22,22,SAME-MORE,pair0,Q,0.123016357421875,-0.2888212203979492,39733,39733
gpt-j-6b-fp32,C_imp_asc,0.05,22,22,SAME-MORE,pair1,P,0.4891319274902344,-0.1479167938232422,27059,27059
gpt-j-6b-fp32,C_imp_asc,0.05,22,22,SAME-MORE,pair1,Q,0.08037471771240234,0.2304525375366211,19157,19157
gpt-j-6b-fp32,C_imp_asc,0.05,22,22,SAME-MORE,pair2,P,0.9251766204833984,0.36779117584228516,632,27059
gpt-j-6b-fp32,C_imp_asc,0.05,22,22,SAME-MORE,pair2,Q,0.3794994354248047,0.7960205078125,632,632
gpt-j-6b-fp32,C_imp_asc,0.05,22,22,SAME-MORE,pair3,P,0.2676048278808594,-0.2764167785644531,27059,27059
gpt-j-6b-fp32,C_imp_asc,0.05,22,22,SAME-MORE,pair3,Q,0.08326339721679688,-0.3141803741455078,632,632
gpt-j-6b-fp32,C_imp_asc,0.05,22,22,SAME-MORE,pair4,P,0.32033824920654297,0.7328710556030273,27059,27059
gpt-j-6b-fp32,C_imp_asc,0.05,22,22,SAME-MORE,pair4,Q,0.0782613754272461,0.5346126556396484,632,632
gpt-j-6b-fp32,C_imp_asc,0.05,22,22,SAME-MORE,pair5,P,0.1573047637939453,0.011381149291992188,27059,27059
gpt-j-6b-fp32,C_imp_asc,0.05,22,22,SAME-MORE,pair5,Q,0.2058858871459961,-0.2171163558959961,632,632
gpt-j-6b-fp32,C_imp_asc,0.05,22,22,SAME-MORE,pair6,P,0.028228759765625,0.16613006591796875,27059,27059
gpt-j-6b-fp32,C_imp_asc,0.05,22,22,SAME-MORE,pair6,Q,-0.07564830780029297,0.38735389709472656,632,13727
gpt-j-6b-fp32,C_imp_asc,0.05,22,22,SAME-MORE,pair7,P,0.27886009216308594,0.2740907669067383,632,632
gpt-j-6b-fp32,C_imp_asc,0.05,22,22,SAME-MORE,pair7,Q,0.2690601348876953,0.08042240142822266,632,632
gpt-j-6b-fp32,C_imp_asc,0.05,22,22,SAME-MORE,pair8,P,0.14681243896484375,-0.37529754638671875,581,1874
gpt-j-6b-fp32,C_imp_asc,0.05,22,22,SAME-MORE,pair8,Q,0.08443355560302734,-0.25092601776123047,581,1874
gpt-j-6b-fp32,C_imp_asc,0.05,22,22,SAME-MORE,pair9,P,-0.0002079010009765625,0.2859201431274414,27059,27059
gpt-j-6b-fp32,C_imp_asc,0.05,22,22,SAME-MORE,pair9,Q,0.015389442443847656,-0.024471282958984375,1928,23663
gpt-j-6b-fp32,C_imp_asc,0.05,22,22,SAME-LESS,pair0,P,0.278472900390625,1.6188383102416992,632,632
gpt-j-6b-fp32,C_imp_asc,0.05,22,22,SAME-LESS,pair0,Q,0.08516979217529297,0.5610589981079102,39733,39733
gpt-j-6b-fp32,C_imp_asc,0.05,22,22,SAME-LESS,pair1,P,0.5007686614990234,1.1841135025024414,27059,27059
gpt-j-6b-fp32,C_imp_asc,0.05,22,22,SAME-LESS,pair1,Q,0.09527873992919922,0.7452573776245117,19157,19157
gpt-j-6b-fp32,C_imp_asc,0.05,22,22,SAME-LESS,pair2,P,0.9697027206420898,2.3226165771484375,632,27059
gpt-j-6b-fp32,C_imp_asc,0.05,22,22,SAME-LESS,pair2,Q,0.39580726623535156,1.9012632369995117,632,632
gpt-j-6b-fp32,C_imp_asc,0.05,22,22,SAME-LESS,pair3,P,0.21823596954345703,1.6354732513427734,27059,27059
gpt-j-6b-fp32,C_imp_asc,0.05,22,22,SAME-LESS,pair3,Q,0.08477210998535156,0.7866239547729492,632,632
gpt-j-6b-fp32,C_imp_asc,0.05,22,22,SAME-LESS,pair4,P,0.32660388946533203,1.3912601470947266,27059,27059
gpt-j-6b-fp32,C_imp_asc,0.05,22,22,SAME-LESS,pair4,Q,0.08639907836914062,1.317631721496582,632,632
gpt-j-6b-fp32,C_imp_asc,0.05,22,22,SAME-LESS,pair5,P,0.12222671508789062,1.6898527145385742,27059,27059
gpt-j-6b-fp32,C_imp_asc,0.05,22,22,SAME-LESS,pair5,Q,0.21297550201416016,1.064300537109375,632,632
gpt-j-6b-fp32,C_imp_asc,0.05,22,22,SAME-LESS,pair6,P,0.058236122131347656,1.6078615188598633,27059,27059
gpt-j-6b-fp32,C_imp_asc,0.05,22,22,SAME-LESS,pair6,Q,-0.030065536499023438,1.1715879440307617,632,632
gpt-j-6b-fp32,C_imp_asc,0.05,22,22,SAME-LESS,pair7,P,0.30052661895751953,0.9714632034301758,632,632
gpt-j-6b-fp32,C_imp_asc,0.05,22,22,SAME-LESS,pair7,Q,0.26790428161621094,0.8564605712890625,632,632
gpt-j-6b-fp32,C_imp_asc,0.05,22,22,SAME-LESS,pair8,P,0.17215919494628906,1.6380853652954102,581,1874
gpt-j-6b-fp32,C_imp_asc,0.05,22,22,SAME-LESS,pair8,Q,0.11533927917480469,0.1768178939819336,581,1874
gpt-j-6b-fp32,C_imp_asc,0.05,22,22,SAME-LESS,pair9,P,-0.0010213851928710938,0.45497608184814453,27059,27059
gpt-j-6b-fp32,C_imp_asc,0.05,22,22,SAME-LESS,pair9,Q,-0.007373809814453125,0.24388599395751953,1928,23663
gpt-j-6b-fp32,C_imp_asc,0.05,22,22,OPP-MORE,pair0,P,-0.294464111328125,-0.5164175033569336,632,632
gpt-j-6b-fp32,C_imp_asc,0.05,22,22,OPP-MORE,pair0,Q,-0.00513458251953125,0.0770101547241211,39733,39733
gpt-j-6b-fp32,C_imp_asc,0.05,22,22,OPP-MORE,pair1,P,-0.08061599731445312,-0.05184459686279297,27059,27059
gpt-j-6b-fp32,C_imp_asc,0.05,22,22,OPP-MORE,pair1,Q,-0.18935489654541016,0.3495197296142578,19157,19157
gpt-j-6b-fp32,C_imp_asc,0.05,22,22,OPP-MORE,pair2,P,0.018675804138183594,0.40022945404052734,27059,27059
gpt-j-6b-fp32,C_imp_asc,0.05,22,22,OPP-MORE,pair2,Q,0.16408729553222656,0.8671855926513672,632,632
gpt-j-6b-fp32,C_imp_asc,0.05,22,22,OPP-MORE,pair3,P,-0.46552276611328125,-0.22513294219970703,27059,27059
gpt-j-6b-fp32,C_imp_asc,0.05,22,22,OPP-MORE,pair3,Q,-0.10858631134033203,-0.2459545135498047,5930,632
gpt-j-6b-fp32,C_imp_asc,0.05,22,22,OPP-MORE,pair4,P,-0.34098243713378906,0.9094686508178711,27059,27059
gpt-j-6b-fp32,C_imp_asc,0.05,22,22,OPP-MORE,pair4,Q,-0.07238006591796875,0.7638998031616211,632,632
gpt-j-6b-fp32,C_imp_asc,0.05,22,22,OPP-MORE,pair5,P,-0.3924427032470703,0.16754722595214844,27059,27059
gpt-j-6b-fp32,C_imp_asc,0.05,22,22,OPP-MORE,pair5,Q,-0.11689567565917969,-0.06003570556640625,632,19157
gpt-j-6b-fp32,C_imp_asc,0.05,22,22,OPP-MORE,pair6,P,-0.12801742553710938,0.30126094818115234,27059,27059
gpt-j-6b-fp32,C_imp_asc,0.05,22,22,OPP-MORE,pair6,Q,-0.06286048889160156,0.48970603942871094,632,13727
gpt-j-6b-fp32,C_imp_asc,0.05,22,22,OPP-MORE,pair7,P,0.1282062530517578,0.3141899108886719,632,632
gpt-j-6b-fp32,C_imp_asc,0.05,22,22,OPP-MORE,pair7,Q,-0.03184986114501953,0.1432342529296875,632,632
gpt-j-6b-fp32,C_imp_asc,0.05,22,22,OPP-MORE,pair8,P,-0.5237340927124023,-0.28554630279541016,1874,27059
gpt-j-6b-fp32,C_imp_asc,0.05,22,22,OPP-MORE,pair8,Q,-0.21362686157226562,-0.2132282257080078,1874,19157
gpt-j-6b-fp32,C_imp_asc,0.05,22,22,OPP-MORE,pair9,P,-0.3339271545410156,0.6622209548950195,27059,27059
gpt-j-6b-fp32,C_imp_asc,0.05,22,22,OPP-MORE,pair9,Q,-0.03650665283203125,0.2824840545654297,23663,23663
gpt-j-6b-fp32,C_imp_asc,0.05,22,22,OPP-LESS,pair0,P,-0.32569217681884766,1.3097400665283203,632,632
gpt-j-6b-fp32,C_imp_asc,0.05,22,22,OPP-LESS,pair0,Q,-0.012141227722167969,0.17863750457763672,39733,39733
gpt-j-6b-fp32,C_imp_asc,0.05,22,22,OPP-LESS,pair1,P,-0.06314659118652344,1.0354547500610352,27059,27059
gpt-j-6b-fp32,C_imp_asc,0.05,22,22,OPP-LESS,pair1,Q,-0.16719532012939453,0.682795524597168,19157,19157
gpt-j-6b-fp32,C_imp_asc,0.05,22,22,OPP-LESS,pair2,P,0.056097984313964844,2.168747901916504,27059,27059
gpt-j-6b-fp32,C_imp_asc,0.05,22,22,OPP-LESS,pair2,Q,0.2097034454345703,1.8338279724121094,632,632
gpt-j-6b-fp32,C_imp_asc,0.05,22,22,OPP-LESS,pair3,P,-0.4894723892211914,1.6299943923950195,27059,27059
gpt-j-6b-fp32,C_imp_asc,0.05,22,22,OPP-LESS,pair3,Q,-0.09355449676513672,0.7199192047119141,5930,632
gpt-j-6b-fp32,C_imp_asc,0.05,22,22,OPP-LESS,pair4,P,-0.328704833984375,1.3136491775512695,27059,27059
gpt-j-6b-fp32,C_imp_asc,0.05,22,22,OPP-LESS,pair4,Q,-0.049785614013671875,1.2579689025878906,632,632
gpt-j-6b-fp32,C_imp_asc,0.05,22,22,OPP-LESS,pair5,P,-0.4110584259033203,1.864725112915039,27059,27059
gpt-j-6b-fp32,C_imp_asc,0.05,22,22,OPP-LESS,pair5,Q,-0.10650062561035156,1.2597522735595703,632,19157
gpt-j-6b-fp32,C_imp_asc,0.05,22,22,OPP-LESS,pair6,P,-0.14746761322021484,0.9175434112548828,27059,27059
gpt-j-6b-fp32,C_imp_asc,0.05,22,22,OPP-LESS,pair6,Q,-0.0391693115234375,0.5754842758178711,632,13727
gpt-j-6b-fp32,C_imp_asc,0.05,22,22,OPP-LESS,pair7,P,0.15431785583496094,0.8360443115234375,632,632
gpt-j-6b-fp32,C_imp_asc,0.05,22,22,OPP-LESS,pair7,Q,-0.02618122100830078,0.6923494338989258,632,632
gpt-j-6b-fp32,C_imp_asc,0.05,22,22,OPP-LESS,pair8,P,-0.5097618103027344,1.8357372283935547,1874,27059
gpt-j-6b-fp32,C_imp_asc,0.05,22,22,OPP-LESS,pair8,Q,-0.17455673217773438,0.3646669387817383,1874,19157
gpt-j-6b-fp32,C_imp_asc,0.05,22,22,OPP-LESS,pair9,P,-0.3430929183959961,0.4901456832885742,27059,27059
gpt-j-6b-fp32,C_imp_asc,0.05,22,22,OPP-LESS,pair9,Q,-0.0341796875,0.4394054412841797,23663,23663
gpt-j-6b-fp32,C_imp_asc,0.05,22,22,MORE-LESS,pair0,P,-0.035864830017089844,-0.005435943603515625,10255,10255
gpt-j-6b-fp32,C_imp_asc,0.05,22,22,MORE-LESS,pair0,Q,-0.01343536376953125,-0.03428936004638672,10255,10255
gpt-j-6b-fp32,C_imp_asc,0.05,22,22,MORE-LESS,pair1,P,0.0029630661010742188,-0.0007495880126953125,18605,18605
gpt-j-6b-fp32,C_imp_asc,0.05,22,22,MORE-LESS,pair1,Q,0.022582054138183594,0.00028705596923828125,18605,18605
gpt-j-6b-fp32,C_imp_asc,0.05,22,22,MORE-LESS,pair2,P,0.12782764434814453,-0.0032682418823242188,8038,8038
gpt-j-6b-fp32,C_imp_asc,0.05,22,22,MORE-LESS,pair2,Q,0.12352561950683594,-0.01858806610107422,8038,8038
gpt-j-6b-fp32,C_imp_asc,0.05,22,22,MORE-LESS,pair3,P,-0.002361297607421875,-0.08416175842285156,1234,1234
gpt-j-6b-fp32,C_imp_asc,0.05,22,22,MORE-LESS,pair3,Q,0.0005578994750976562,-0.08493614196777344,1234,1234
gpt-j-6b-fp32,C_imp_asc,0.05,22,22,MORE-LESS,pair4,P,0.04986763000488281,-0.029829978942871094,23448,23448
gpt-j-6b-fp32,C_imp_asc,0.05,22,22,MORE-LESS,pair4,Q,0.019423484802246094,-0.030249595642089844,23448,23448
gpt-j-6b-fp32,C_imp_asc,0.05,22,22,MORE-LESS,pair5,P,-0.037522315979003906,-0.020287513732910156,969,969
gpt-j-6b-fp32,C_imp_asc,0.05,22,22,MORE-LESS,pair5,Q,-0.03148365020751953,-0.009809494018554688,1426,1426
gpt-j-6b-fp32,C_imp_asc,0.05,22,22,MORE-LESS,pair6,P,-0.09608936309814453,-0.04533672332763672,6514,6514
gpt-j-6b-fp32,C_imp_asc,0.05,22,22,MORE-LESS,pair6,Q,-0.09830665588378906,-0.028947830200195312,6514,6514
gpt-j-6b-fp32,C_imp_asc,0.05,22,22,MORE-LESS,pair7,P,-0.051197052001953125,0.034613609313964844,22111,22111
gpt-j-6b-fp32,C_imp_asc,0.05,22,22,MORE-LESS,pair7,Q,-0.039737701416015625,0.039839744567871094,22111,22111
gpt-j-6b-fp32,C_imp_asc,0.05,22,22,MORE-LESS,pair8,P,0.06961822509765625,-0.1427288055419922,969,969
gpt-j-6b-fp32,C_imp_asc,0.05,22,22,MORE-LESS,pair8,Q,0.09433174133300781,-0.13976192474365234,969,969
gpt-j-6b-fp32,C_imp_asc,0.05,22,22,MORE-LESS,pair9,P,-0.03764152526855469,-0.05763530731201172,34439,34439
gpt-j-6b-fp32,C_imp_asc,0.05,22,22,MORE-LESS,pair9,Q,-0.017223358154296875,-0.06282234191894531,34439,34439
gpt-j-6b-fp32,C_imp_asc,0.07,31,31,SAME-OPP,pair0,P,0.11277389526367188,-0.03370094299316406,632,632
gpt-j-6b-fp32,C_imp_asc,0.07,31,31,SAME-OPP,pair0,Q,0.09698772430419922,0.06430816650390625,39733,39733
gpt-j-6b-fp32,C_imp_asc,0.07,31,31,SAME-OPP,pair1,P,0.05234336853027344,0.014017105102539062,27059,27059
gpt-j-6b-fp32,C_imp_asc,0.07,31,31,SAME-OPP,pair1,Q,0.06036949157714844,0.02341747283935547,19157,19157
gpt-j-6b-fp32,C_imp_asc,0.07,31,31,SAME-OPP,pair2,P,0.011316299438476562,0.05395793914794922,632,27059
gpt-j-6b-fp32,C_imp_asc,0.07,31,31,SAME-OPP,pair2,Q,0.06553363800048828,0.03995227813720703,632,632
gpt-j-6b-fp32,C_imp_asc,0.07,31,31,SAME-OPP,pair3,P,-0.024652481079101562,-0.0054340362548828125,27059,27059
gpt-j-6b-fp32,C_imp_asc,0.07,31,31,SAME-OPP,pair3,Q,0.05339527130126953,0.010287284851074219,632,632
gpt-j-6b-fp32,C_imp_asc,0.07,31,31,SAME-OPP,pair4,P,0.05951404571533203,0.04203987121582031,27059,27059
gpt-j-6b-fp32,C_imp_asc,0.07,31,31,SAME-OPP,pair4,Q,0.06587028503417969,0.06070232391357422,632,632
gpt-j-6b-fp32,C_imp_asc,0.07,31,31,SAME-OPP,pair5,P,-0.017975807189941406,0.013379096984863281,27059,27059
gpt-j-6b-fp32,C_imp_asc,0.07,31,31,SAME-OPP,pair5,Q,0.06066131591796875,0.04046630859375,632,632
gpt-j-6b-fp32,C_imp_asc,0.07,31,31,SAME-OPP,pair6,P,-0.008582115173339844,-0.011560440063476562,27059,27059
gpt-j-6b-fp32,C_imp_asc,0.07,31,31,SAME-OPP,pair6,Q,0.06711387634277344,-0.018720626831054688,632,632
gpt-j-6b-fp32,C_imp_asc,0.07,31,31,SAME-OPP,pair7,P,0.024425506591796875,0.06683158874511719,632,632
gpt-j-6b-fp32,C_imp_asc,0.07,31,31,SAME-OPP,pair7,Q,0.08497905731201172,0.017490386962890625,632,632
gpt-j-6b-fp32,C_imp_asc,0.07,31,31,SAME-OPP,pair8,P,-0.09439373016357422,0.00977325439453125,581,581
gpt-j-6b-fp32,C_imp_asc,0.07,31,31,SAME-OPP,pair8,Q,0.06789112091064453,0.07020092010498047,581,1874
gpt-j-6b-fp32,C_imp_asc,0.07,31,31,SAME-OPP,pair9,P,0.029687881469726562,0.017543792724609375,27059,27059
gpt-j-6b-fp32,C_imp_asc,0.07,31,31,SAME-OPP,pair9,Q,0.06896209716796875,-0.0067081451416015625,1928,23663
gpt-j-6b-fp32,C_imp_asc,0.07,31,31,SAME-MORE,pair0,P,0.32950687408447266,-0.18900394439697266,632,632
gpt-j-6b-fp32,C_imp_asc,0.07,31,31,SAME-MORE,pair0,Q,-0.11402130126953125,-0.4968099594116211,39733,632
gpt-j-6b-fp32,C_imp_asc,0.07,31,31,SAME-MORE,pair1,P,0.3944358825683594,-0.3812694549560547,27059,27059
gpt-j-6b-fp32,C_imp_asc,0.07,31,31,SAME-MORE,pair1,Q,-0.22580814361572266,0.1221303939819336,19157,18605
gpt-j-6b-fp32,C_imp_asc,0.07,31,31,SAME-MORE,pair2,P,0.6147632598876953,0.4754810333251953,632,27059
gpt-j-6b-fp32,C_imp_asc,0.07,31,31,SAME-MORE,pair2,Q,0.1271066665649414,0.6048002243041992,632,632
gpt-j-6b-fp32,C_imp_asc,0.07,31,31,SAME-MORE,pair3,P,-0.032670021057128906,-0.36670875549316406,27059,27059
gpt-j-6b-fp32,C_imp_asc,0.07,31,31,SAME-MORE,pair3,Q,-0.04302215576171875,-0.5198869705200195,632,632
gpt-j-6b-fp32,C_imp_asc,0.07,31,31,SAME-MORE,pair4,P,0.2394847869873047,0.7963619232177734,27059,27059
gpt-j-6b-fp32,C_imp_asc,0.07,31,31,SAME-MORE,pair4,Q,-0.1672840118408203,0.4153156280517578,632,632
gpt-j-6b-fp32,C_imp_asc,0.07,31,31,SAME-MORE,pair5,P,-0.09920787811279297,0.07273387908935547,27059,27059
gpt-j-6b-fp32,C_imp_asc,0.07,31,31,SAME-MORE,pair5,Q,0.016495704650878906,-0.34738922119140625,632,632
gpt-j-6b-fp32,C_imp_asc,0.07,31,31,SAME-MORE,pair6,P,-0.14850330352783203,0.31212520599365234,27059,27059
gpt-j-6b-fp32,C_imp_asc,0.07,31,31,SAME-MORE,pair6,Q,-0.38641834259033203,0.1915416717529297,632,632
gpt-j-6b-fp32,C_imp_asc,0.07,31,31,SAME-MORE,pair7,P,0.1295480728149414,0.44909191131591797,632,632
gpt-j-6b-fp32,C_imp_asc,0.07,31,31,SAME-MORE,pair7,Q,0.06346607208251953,0.027873992919921875,632,632
gpt-j-6b-fp32,C_imp_asc,0.07,31,31,SAME-MORE,pair8,P,-0.09325027465820312,-0.5144977569580078,581,969
gpt-j-6b-fp32,C_imp_asc,0.07,31,31,SAME-MORE,pair8,Q,-0.03765869140625,-0.7264938354492188,581,19157
gpt-j-6b-fp32,C_imp_asc,0.07,31,31,SAME-MORE,pair9,P,-0.15541648864746094,0.2019939422607422,27059,23663
gpt-j-6b-fp32,C_imp_asc,0.07,31,31,SAME-MORE,pair9,Q,-0.15133190155029297,-0.15820789337158203,1928,23663
gpt-j-6b-fp32,C_imp_asc,0.07,31,31,SAME-LESS,pair0,P,0.23066234588623047,2.1846065521240234,632,632
gpt-j-6b-fp32,C_imp_asc,0.07,31,31,SAME-LESS,pair0,Q,-0.1420459747314453,1.1644582748413086,39733,632
gpt-j-6b-fp32,C_imp_asc,0.07,31,31,SAME-LESS,pair1,P,0.3991403579711914,1.8441839218139648,27059,27059
gpt-j-6b-fp32,C_imp_asc,0.07,31,31,SAME-LESS,pair1,Q,-0.1984415054321289,1.268601417541504,19157,18605
gpt-j-6b-fp32,C_imp_asc,0.07,31,31,SAME-LESS,pair2,P,0.7240982055664062,3.3235549926757812,632,27059
gpt-j-6b-fp32,C_imp_asc,0.07,31,31,SAME-LESS,pair2,Q,0.16371631622314453,3.0941762924194336,632,632
gpt-j-6b-fp32,C_imp_asc,0.07,31,31,SAME-LESS,pair3,P,-0.061491966247558594,3.0706939697265625,27059,27059
gpt-j-6b-fp32,C_imp_asc,0.07,31,31,SAME-LESS,pair3,Q,-0.03378105163574219,2.283811569213867,632,632
gpt-j-6b-fp32,C_imp_asc,0.07,31,31,SAME-LESS,pair4,P,0.2788076400756836,2.2447662353515625,27059,27059
gpt-j-6b-fp32,C_imp_asc,0.07,31,31,SAME-LESS,pair4,Q,-0.14273834228515625,1.844329833984375,632,632
gpt-j-6b-fp32,C_imp_asc,0.07,31,31,SAME-LESS,pair5,P,-0.1143655776977539,3.0106372833251953,27059,27059
gpt-j-6b-fp32,C_imp_asc,0.07,31,31,SAME-LESS,pair5,Q,0.03068065643310547,2.4510936737060547,632,632
gpt-j-6b-fp32,C_imp_asc,0.07,31,31,SAME-LESS,pair6,P,-0.11825847625732422,2.6188793182373047,27059,27059
gpt-j-6b-fp32,C_imp_asc,0.07,31,31,SAME-LESS,pair6,Q,-0.3252544403076172,2.1092748641967773,632,632
gpt-j-6b-fp32,C_imp_asc,0.07,31,31,SAME-LESS,pair7,P,0.16964340209960938,1.4477949142456055,632,632
gpt-j-6b-fp32,C_imp_asc,0.07,31,31,SAME-LESS,pair7,Q,0.0707998275756836,1.226541519165039,632,632
gpt-j-6b-fp32,C_imp_asc,0.07,31,31,SAME-LESS,pair8,P,-0.046558380126953125,2.631625175476074,581,969
gpt-j-6b-fp32,C_imp_asc,0.07,31,31,SAME-LESS,pair8,Q,0.014060020446777344,1.4002227783203125,581,19157
gpt-j-6b-fp32,C_imp_asc,0.07,31,31,SAME-LESS,pair9,P,-0.17092037200927734,1.3462200164794922,27059,23663
gpt-j-6b-fp32,C_imp_asc,0.07,31,31,SAME-LESS,pair9,Q,-0.17057132720947266,0.6244592666625977,1928,23663
gpt-j-6b-fp32,C_imp_asc,0.07,31,31,OPP-MORE,pair0,P,-0.4517650604248047,0.16401386260986328,632,632
gpt-j-6b-fp32,C_imp_asc,0.07,31,31,OPP-MORE,pair0,Q,-0.06886577606201172,-0.07390689849853516,39733,39733
gpt-j-6b-fp32,C_imp_asc,0.07,31,31,OPP-MORE,pair1,P,-0.38898277282714844,-0.2950277328491211,27059,27059
gpt-j-6b-fp32,C_imp_asc,0.07,31,31,OPP-MORE,pair1,Q,-0.2797422409057617,0.23530864715576172,19157,18605
gpt-j-6b-fp32,C_imp_asc,0.07,31,31,OPP-MORE,pair2,P,-0.3169841766357422,0.5309305191040039,27059,27059
gpt-j-6b-fp32,C_imp_asc,0.07,31,31,OPP-MORE,pair2,Q,0.007114410400390625,0.6613540649414062,632,632
gpt-j-6b-fp32,C_imp_asc,0.07,31,31,OPP-MORE,pair3,P,-0.7272052764892578,-0.2664003372192383,27059,27059
gpt-j-6b-fp32,C_imp_asc,0.07,31,31,OPP-MORE,pair3,Q,-0.20032978057861328,-0.3846101760864258,5930,632
gpt-j-6b-fp32,C_imp_asc,0.07,31,31,OPP-MORE,pair4,P,-0.6939105987548828,0.9562606811523438,27059,27059
gpt-j-6b-fp32,C_imp_asc,0.07,31,31,OPP-MORE,pair4,Q,-0.19323348999023438,0.6324672698974609,632,632
gpt-j-6b-fp32,C_imp_asc,0.07,31,31,OPP-MORE,pair5,P,-0.6596946716308594,0.18378829956054688,27059,27059
gpt-j-6b-fp32,C_imp_asc,0.07,31,31,OPP-MORE,pair5,Q,-0.21343708038330078,-0.21407127380371094,632,19157
gpt-j-6b-fp32,C_imp_asc,0.07,31,31,OPP-MORE,pair6,P,-0.3575296401977539,0.5353031158447266,27059,27059
gpt-j-6b-fp32,C_imp_asc,0.07,31,31,OPP-MORE,pair6,Q,-0.14723682403564453,0.4117240905761719,632,632
gpt-j-6b-fp32,C_imp_asc,0.07,31,31,OPP-MORE,pair7,P,-0.26445484161376953,0.4337949752807617,632,632
gpt-j-6b-fp32,C_imp_asc,0.07,31,31,OPP-MORE,pair7,Q,-0.029449462890625,0.11561107635498047,632,632
gpt-j-6b-fp32,C_imp_asc,0.07,31,31,OPP-MORE,pair8,P,-0.7854928970336914,-0.23223304748535156,1874,27059
gpt-j-6b-fp32,C_imp_asc,0.07,31,31,OPP-MORE,pair8,Q,-0.3231239318847656,-0.5105571746826172,1874,19157
gpt-j-6b-fp32,C_imp_asc,0.07,31,31,OPP-MORE,pair9,P,-0.547215461730957,0.5649251937866211,27059,23663
gpt-j-6b-fp32,C_imp_asc,0.07,31,31,OPP-MORE,pair9,Q,-0.08612346649169922,0.1859149932861328,23663,23663
gpt-j-6b-fp32,C_imp_asc,0.07,31,31,OPP-LESS,pair0,P,-0.4679584503173828,1.8061494827270508,632,632
gpt-j-6b-fp32,C_imp_asc,0.07,31,31,OPP-LESS,pair0,Q,-0.06332683563232422,0.741999626159668,39733,39733
gpt-j-6b-fp32,C_imp_asc,0.07,31,31,OPP-LESS,pair1,P,-0.36710548400878906,1.5821571350097656,27059,27059
gpt-j-6b-fp32,C_imp_asc,0.07,31,31,OPP-LESS,pair1,Q,-0.2443227767944336,1.1299209594726562,19157,18605
gpt-j-6b-fp32,C_imp_asc,0.07,31,31,OPP-LESS,pair2,P,-0.25568580627441406,3.107391357421875,27059,27059
gpt-j-6b-fp32,C_imp_asc,0.07,31,31,OPP-LESS,pair2,Q,0.07527446746826172,2.9770116806030273,632,632
gpt-j-6b-fp32,C_imp_asc,0.07,31,31,OPP-LESS,pair3,P,-0.7390470504760742,2.76999568939209,27059,27059
gpt-j-6b-fp32,C_imp_asc,0.07,31,31,OPP-LESS,pair3,Q,-0.17673206329345703,1.991140365600586,5930,632
gpt-j-6b-fp32,C_imp_asc,0.07,31,31,OPP-LESS,pair4,P,-0.6579837799072266,2.1110973358154297,27059,27059
gpt-j-6b-fp32,C_imp_asc,0.07,31,31,OPP-LESS,pair4,Q,-0.15611648559570312,1.750143051147461,632,632
gpt-j-6b-fp32,C_imp_asc,0.07,31,31,OPP-LESS,pair5,P,-0.6506366729736328,2.9706926345825195,27059,27059
gpt-j-6b-fp32,C_imp_asc,0.07,31,31,OPP-LESS,pair5,Q,-0.19110107421875,2.597951889038086,632,19157
gpt-j-6b-fp32,C_imp_asc,0.07,31,31,OPP-LESS,pair6,P,-0.3737478256225586,1.674698829650879,27059,27059
gpt-j-6b-fp32,C_imp_asc,0.07,31,31,OPP-LESS,pair6,Q,-0.11707782745361328,1.300863265991211,632,632
gpt-j-6b-fp32,C_imp_asc,0.07,31,31,OPP-LESS,pair7,P,-0.21265697479248047,1.319803237915039,632,632
gpt-j-6b-fp32,C_imp_asc,0.07,31,31,OPP-LESS,pair7,Q,-0.0049896240234375,1.0553207397460938,632,632
gpt-j-6b-fp32,C_imp_asc,0.07,31,31,OPP-LESS,pair8,P,-0.7644147872924805,2.5850601196289062,1874,27059
gpt-j-6b-fp32,C_imp_asc,0.07,31,31,OPP-LESS,pair8,Q,-0.26154041290283203,1.3723344802856445,1874,19157
gpt-j-6b-fp32,C_imp_asc,0.07,31,31,OPP-LESS,pair9,P,-0.5382232666015625,1.2451410293579102,27059,23663
gpt-j-6b-fp32,C_imp_asc,0.07,31,31,OPP-LESS,pair9,Q,-0.07109928131103516,0.6917324066162109,23663,23663
gpt-j-6b-fp32,C_imp_asc,0.07,31,31,MORE-LESS,pair0,P,-0.0337371826171875,-0.010996818542480469,10255,10255
gpt-j-6b-fp32,C_imp_asc,0.07,31,31,MORE-LESS,pair0,Q,0.0010461807250976562,-0.04606151580810547,10255,10255
gpt-j-6b-fp32,C_imp_asc,0.07,31,31,MORE-LESS,pair1,P,0.0230865478515625,-0.018262863159179688,18605,18605
gpt-j-6b-fp32,C_imp_asc,0.07,31,31,MORE-LESS,pair1,Q,0.03709888458251953,-0.011769294738769531,18605,18605
gpt-j-6b-fp32,C_imp_asc,0.07,31,31,MORE-LESS,pair2,P,0.050805091857910156,-0.013872146606445312,8038,8038
gpt-j-6b-fp32,C_imp_asc,0.07,31,31,MORE-LESS,pair2,Q,0.046630859375,-0.014856338500976562,8038,8038
gpt-j-6b-fp32,C_imp_asc,0.07,31,31,MORE-LESS,pair3,P,0.031256675720214844,-0.05045318603515625,1234,1234
gpt-j-6b-fp32,C_imp_asc,0.07,31,31,MORE-LESS,pair3,Q,-0.00046539306640625,-0.058406829833984375,1234,1234
gpt-j-6b-fp32,C_imp_asc,0.07,31,31,MORE-LESS,pair4,P,0.06409835815429688,-0.041168212890625,23448,23448
gpt-j-6b-fp32,C_imp_asc,0.07,31,31,MORE-LESS,pair4,Q,0.036620140075683594,-0.05450630187988281,23448,23448
gpt-j-6b-fp32,C_imp_asc,0.07,31,31,MORE-LESS,pair5,P,-0.02982807159423828,0.029252052307128906,969,969
gpt-j-6b-fp32,C_imp_asc,0.07,31,31,MORE-LESS,pair5,Q,-0.029260635375976562,0.020452499389648438,1426,1426
gpt-j-6b-fp32,C_imp_asc,0.07,31,31,MORE-LESS,pair6,P,-0.16401958465576172,-0.028380393981933594,6514,6514
gpt-j-6b-fp32,C_imp_asc,0.07,31,31,MORE-LESS,pair6,Q,-0.14962291717529297,-0.010610580444335938,6514,6514
gpt-j-6b-fp32,C_imp_asc,0.07,31,31,MORE-LESS,pair7,P,-0.013154029846191406,0.0225830078125,22111,22111
gpt-j-6b-fp32,C_imp_asc,0.07,31,31,MORE-LESS,pair7,Q,-0.01799297332763672,0.029291152954101562,22111,22111
gpt-j-6b-fp32,C_imp_asc,0.07,31,31,MORE-LESS,pair8,P,-0.024079322814941406,-0.06369590759277344,969,969
gpt-j-6b-fp32,C_imp_asc,0.07,31,31,MORE-LESS,pair8,Q,0.0021162033081054688,-0.07845783233642578,969,969
gpt-j-6b-fp32,C_imp_asc,0.07,31,31,MORE-LESS,pair9,P,-0.04078102111816406,-0.06768798828125,34439,34439
gpt-j-6b-fp32,C_imp_asc,0.07,31,31,MORE-LESS,pair9,Q,-0.026439666748046875,-0.09091567993164062,34439,34439
gpt-j-6b-fp32,C_imp_asc,0.1,44,44,SAME-OPP,pair0,P,0.06615638732910156,-0.11709880828857422,632,632
gpt-j-6b-fp32,C_imp_asc,0.1,44,44,SAME-OPP,pair0,Q,0.03950691223144531,0.018377304077148438,39733,632
gpt-j-6b-fp32,C_imp_asc,0.1,44,44,SAME-OPP,pair1,P,0.03349781036376953,-0.03961658477783203,27059,27059
gpt-j-6b-fp32,C_imp_asc,0.1,44,44,SAME-OPP,pair1,Q,0.019189834594726562,0.040386199951171875,19157,19157
gpt-j-6b-fp32,C_imp_asc,0.1,44,44,SAME-OPP,pair2,P,-0.02629375457763672,-0.030541419982910156,632,632
gpt-j-6b-fp32,C_imp_asc,0.1,44,44,SAME-OPP,pair2,Q,0.07462406158447266,0.0018434524536132812,632,632
gpt-j-6b-fp32,C_imp_asc,0.1,44,44,SAME-OPP,pair3,P,-0.057044029235839844,-0.09168720245361328,27059,27059
gpt-j-6b-fp32,C_imp_asc,0.1,44,44,SAME-OPP,pair3,Q,0.01788043975830078,-0.0033445358276367188,632,632
gpt-j-6b-fp32,C_imp_asc,0.1,44,44,SAME-OPP,pair4,P,0.021989822387695312,-0.019775390625,27059,27059
gpt-j-6b-fp32,C_imp_asc,0.1,44,44,SAME-OPP,pair4,Q,0.027922630310058594,0.03262042999267578,632,632
gpt-j-6b-fp32,C_imp_asc,0.1,44,44,SAME-OPP,pair5,P,-0.04809379577636719,-0.06635570526123047,27059,27059
gpt-j-6b-fp32,C_imp_asc,0.1,44,44,SAME-OPP,pair5,Q,0.04645347595214844,0.04186725616455078,632,632
gpt-j-6b-fp32,C_imp_asc,0.1,44,44,SAME-OPP,pair6,P,-0.024366378784179688,-0.09773540496826172,27059,27059
gpt-j-6b-fp32,C_imp_asc,0.1,44,44,SAME-OPP,pair6,Q,0.010379791259765625,-0.033901214599609375,632,632
gpt-j-6b-fp32,C_imp_asc,0.1,44,44,SAME-OPP,pair7,P,-0.0063037872314453125,0.0005559921264648438,632,632
gpt-j-6b-fp32,C_imp_asc,0.1,44,44,SAME-OPP,pair7,Q,0.031065940856933594,0.0228118896484375,632,632
gpt-j-6b-fp32,C_imp_asc,0.1,44,44,SAME-OPP,pair8,P,-0.12669849395751953,-0.08883857727050781,581,581
gpt-j-6b-fp32,C_imp_asc,0.1,44,44,SAME-OPP,pair8,Q,0.055611610412597656,0.07029342651367188,581,1874
gpt-j-6b-fp32,C_imp_asc,0.1,44,44,SAME-OPP,pair9,P,0.015646934509277344,-0.0654144287109375,27059,27059
gpt-j-6b-fp32,C_imp_asc,0.1,44,44,SAME-OPP,pair9,Q,0.053455352783203125,-5.817413330078125e-05,1928,23663
gpt-j-6b-fp32,C_imp_asc,0.1,44,44,SAME-MORE,pair0,P,0.09264659881591797,0.17867469787597656,632,632
gpt-j-6b-fp32,C_imp_asc,0.1,44,44,SAME-MORE,pair0,Q,-0.5946636199951172,-0.18984317779541016,39733,39733
gpt-j-6b-fp32,C_imp_asc,0.1,44,44,SAME-MORE,pair1,P,0.1779336929321289,0.6630992889404297,27059,18605
gpt-j-6b-fp32,C_imp_asc,0.1,44,44,SAME-MORE,pair1,Q,-0.8495588302612305,0.15963459014892578,19157,18605
gpt-j-6b-fp32,C_imp_asc,0.1,44,44,SAME-MORE,pair2,P,0.3147153854370117,1.112776756286621,632,632
gpt-j-6b-fp32,C_imp_asc,0.1,44,44,SAME-MORE,pair2,Q,-0.6106300354003906,0.6379833221435547,632,632
gpt-j-6b-fp32,C_imp_asc,0.1,44,44,SAME-MORE,pair3,P,-0.2562398910522461,-0.31440162658691406,27059,969
gpt-j-6b-fp32,C_imp_asc,0.1,44,44,SAME-MORE,pair3,Q,-0.626063346862793,-0.40371036529541016,632,632
gpt-j-6b-fp32,C_imp_asc,0.1,44,44,SAME-MORE,pair4,P,0.037079811096191406,1.7192106246948242,27059,27059
gpt-j-6b-fp32,C_imp_asc,0.1,44,44,SAME-MORE,pair4,Q,-0.6934213638305664,0.9520940780639648,632,23448
gpt-j-6b-fp32,C_imp_asc,0.1,44,44,SAME-MORE,pair5,P,-0.320404052734375,0.23339080810546875,27059,969
gpt-j-6b-fp32,C_imp_asc,0.1,44,44,SAME-MORE,pair5,Q,-0.5445756912231445,-0.17588520050048828,632,632
gpt-j-6b-fp32,C_imp_asc,0.1,44,44,SAME-MORE,pair6,P,-0.41458988189697266,0.12127399444580078,27059,6514
gpt-j-6b-fp32,C_imp_asc,0.1,44,44,SAME-MORE,pair6,Q,-0.8270864486694336,0.18581008911132812,632,632
gpt-j-6b-fp32,C_imp_asc,0.1,44,44,SAME-MORE,pair7,P,-0.030058860778808594,0.5287418365478516,632,632
gpt-j-6b-fp32,C_imp_asc,0.1,44,44,SAME-MORE,pair7,Q,-0.4960470199584961,0.20599365234375,632,632
gpt-j-6b-fp32,C_imp_asc,0.1,44,44,SAME-MORE,pair8,P,-0.39918994903564453,-0.5710630416870117,581,969
gpt-j-6b-fp32,C_imp_asc,0.1,44,44,SAME-MORE,pair8,Q,-0.5544214248657227,-0.6266241073608398,581,632
gpt-j-6b-fp32,C_imp_asc,0.1,44,44,SAME-MORE,pair9,P,-0.4578590393066406,0.23926067352294922,27059,34439
gpt-j-6b-fp32,C_imp_asc,0.1,44,44,SAME-MORE,pair9,Q,-0.6624336242675781,-0.09833812713623047,1928,23663
gpt-j-6b-fp32,C_imp_asc,0.1,44,44,SAME-LESS,pair0,P,-0.010946273803710938,2.549717903137207,632,632
gpt-j-6b-fp32,C_imp_asc,0.1,44,44,SAME-LESS,pair0,Q,-0.6432619094848633,2.25710391998291,39733,39733
gpt-j-6b-fp32,C_imp_asc,0.1,44,44,SAME-LESS,pair1,P,0.1858053207397461,2.3326902389526367,27059,18605
gpt-j-6b-fp32,C_imp_asc,0.1,44,44,SAME-LESS,pair1,Q,-0.8467082977294922,2.0203514099121094,19157,18605
gpt-j-6b-fp32,C_imp_asc,0.1,44,44,SAME-LESS,pair2,P,0.429718017578125,3.834505081176758,632,632
gpt-j-6b-fp32,C_imp_asc,0.1,44,44,SAME-LESS,pair2,Q,-0.6024255752563477,3.7203664779663086,632,632
gpt-j-6b-fp32,C_imp_asc,0.1,44,44,SAME-LESS,pair3,P,-0.29091548919677734,3.220102310180664,27059,969
gpt-j-6b-fp32,C_imp_asc,0.1,44,44,SAME-LESS,pair3,Q,-0.6096782684326172,2.542093276977539,632,632
gpt-j-6b-fp32,C_imp_asc,0.1,44,44,SAME-LESS,pair4,P,0.07391929626464844,2.7259044647216797,27059,27059
gpt-j-6b-fp32,C_imp_asc,0.1,44,44,SAME-LESS,pair4,Q,-0.7021417617797852,2.6767702102661133,632,23448
gpt-j-6b-fp32,C_imp_asc,0.1,44,44,SAME-LESS,pair5,P,-0.31454944610595703,3.2696924209594727,27059,969
gpt-j-6b-fp32,C_imp_asc,0.1,44,44,SAME-LESS,pair5,Q,-0.556117057800293,2.775874137878418,632,632
gpt-j-6b-fp32,C_imp_asc,0.1,44,44,SAME-LESS,pair6,P,-0.37008190155029297,2.9846572875976562,27059,6514
gpt-j-6b-fp32,C_imp_asc,0.1,44,44,SAME-LESS,pair6,Q,-0.7723770141601562,2.536886215209961,632,632
gpt-j-6b-fp32,C_imp_asc,0.1,44,44,SAME-LESS,pair7,P,0.00292205810546875,1.9761238098144531,632,632
gpt-j-6b-fp32,C_imp_asc,0.1,44,44,SAME-LESS,pair7,Q,-0.5364284515380859,1.9590349197387695,632,632
gpt-j-6b-fp32,C_imp_asc,0.1,44,44,SAME-LESS,pair8,P,-0.34244251251220703,2.754301071166992,581,969
gpt-j-6b-fp32,C_imp_asc,0.1,44,44,SAME-LESS,pair8,Q,-0.5050392150878906,1.5732669830322266,581,632
gpt-j-6b-fp32,C_imp_asc,0.1,44,44,SAME-LESS,pair9,P,-0.48563098907470703,1.5723943710327148,27059,34439
gpt-j-6b-fp32,C_imp_asc,0.1,44,44,SAME-LESS,pair9,Q,-0.6933660507202148,0.8718032836914062,1928,23663
gpt-j-6b-fp32,C_imp_asc,0.1,44,44,OPP-MORE,pair0,P,-0.9184093475341797,0.5999441146850586,632,632
gpt-j-6b-fp32,C_imp_asc,0.1,44,44,OPP-MORE,pair0,Q,-0.1849517822265625,0.27155303955078125,39733,39733
gpt-j-6b-fp32,C_imp_asc,0.1,44,44,OPP-MORE,pair1,P,-0.7816333770751953,0.7956953048706055,27059,18605
gpt-j-6b-fp32,C_imp_asc,0.1,44,44,OPP-MORE,pair1,Q,-0.6872177124023438,0.35614681243896484,19157,18605
gpt-j-6b-fp32,C_imp_asc,0.1,44,44,OPP-MORE,pair2,P,-0.865077018737793,1.3267641067504883,27059,27059
gpt-j-6b-fp32,C_imp_asc,0.1,44,44,OPP-MORE,pair2,Q,-0.7859373092651367,0.8308258056640625,632,632
gpt-j-6b-fp32,C_imp_asc,0.1,44,44,OPP-MORE,pair3,P,-1.276658058166504,-0.20819377899169922,27059,969
gpt-j-6b-fp32,C_imp_asc,0.1,44,44,OPP-MORE,pair3,Q,-0.8876724243164062,-0.27281761169433594,5930,632
gpt-j-6b-fp32,C_imp_asc,0.1,44,44,OPP-MORE,pair4,P,-1.219573974609375,1.9690990447998047,27059,23448
gpt-j-6b-fp32,C_imp_asc,0.1,44,44,OPP-MORE,pair4,Q,-0.7208337783813477,1.289729118347168,632,23448
gpt-j-6b-fp32,C_imp_asc,0.1,44,44,OPP-MORE,pair5,P,-1.1580562591552734,0.4030771255493164,27059,969
gpt-j-6b-fp32,C_imp_asc,0.1,44,44,OPP-MORE,pair5,Q,-0.9534835815429688,-0.018877029418945312,632,632
gpt-j-6b-fp32,C_imp_asc,0.1,44,44,OPP-MORE,pair6,P,-0.807835578918457,0.4392356872558594,27059,6514
gpt-j-6b-fp32,C_imp_asc,0.1,44,44,OPP-MORE,pair6,Q,-0.6434412002563477,0.4513835906982422,632,632
gpt-j-6b-fp32,C_imp_asc,0.1,44,44,OPP-MORE,pair7,P,-1.0048513412475586,0.6807231903076172,632,632
gpt-j-6b-fp32,C_imp_asc,0.1,44,44,OPP-MORE,pair7,Q,-0.1787271499633789,0.4493741989135742,632,632
gpt-j-6b-fp32,C_imp_asc,0.1,44,44,OPP-MORE,pair8,P,-1.3548202514648438,-0.19610023498535156,1874,969
gpt-j-6b-fp32,C_imp_asc,0.1,44,44,OPP-MORE,pair8,Q,-0.9879608154296875,-0.36643028259277344,1874,632
gpt-j-6b-fp32,C_imp_asc,0.1,44,44,OPP-MORE,pair9,P,-1.090500831604004,0.6644563674926758,27059,23663
gpt-j-6b-fp32,C_imp_asc,0.1,44,44,OPP-MORE,pair9,Q,-0.7970542907714844,0.3288440704345703,23663,23663
gpt-j-6b-fp32,C_imp_asc,0.1,44,44,OPP-LESS,pair0,P,-0.9402523040771484,1.9661006927490234,632,632
gpt-j-6b-fp32,C_imp_asc,0.1,44,44,OPP-LESS,pair0,Q,-0.16801929473876953,1.6202669143676758,39733,39733
gpt-j-6b-fp32,C_imp_asc,0.1,44,44,OPP-LESS,pair1,P,-0.7630138397216797,2.0222721099853516,27059,18605
gpt-j-6b-fp32,C_imp_asc,0.1,44,44,OPP-LESS,pair1,Q,-0.656956672668457,1.8347959518432617,19157,18605
gpt-j-6b-fp32,C_imp_asc,0.1,44,44,OPP-LESS,pair2,P,-0.7662162780761719,3.642669677734375,27059,27059
gpt-j-6b-fp32,C_imp_asc,0.1,44,44,OPP-LESS,pair2,Q,-0.7056188583374023,3.599193572998047,632,632
gpt-j-6b-fp32,C_imp_asc,0.1,44,44,OPP-LESS,pair3,P,-1.280771255493164,2.910761833190918,27059,969
gpt-j-6b-fp32,C_imp_asc,0.1,44,44,OPP-LESS,pair3,Q,-0.8883028030395508,2.220304489135742,5930,632
gpt-j-6b-fp32,C_imp_asc,0.1,44,44,OPP-LESS,pair4,P,-1.2262887954711914,2.617375373840332,27059,23448
gpt-j-6b-fp32,C_imp_asc,0.1,44,44,OPP-LESS,pair4,Q,-0.7170743942260742,2.5485153198242188,632,23448
gpt-j-6b-fp32,C_imp_asc,0.1,44,44,OPP-LESS,pair5,P,-1.1238336563110352,3.2205305099487305,27059,969
gpt-j-6b-fp32,C_imp_asc,0.1,44,44,OPP-LESS,pair5,Q,-0.933070182800293,2.8872928619384766,632,632
gpt-j-6b-fp32,C_imp_asc,0.1,44,44,OPP-LESS,pair6,P,-0.8186750411987305,1.992635726928711,27059,6514
gpt-j-6b-fp32,C_imp_asc,0.1,44,44,OPP-LESS,pair6,Q,-0.6332054138183594,1.5994892120361328,632,632
gpt-j-6b-fp32,C_imp_asc,0.1,44,44,OPP-LESS,pair7,P,-0.9464902877807617,1.756119728088379,632,632
gpt-j-6b-fp32,C_imp_asc,0.1,44,44,OPP-LESS,pair7,Q,-0.15973854064941406,1.664581298828125,632,632
gpt-j-6b-fp32,C_imp_asc,0.1,44,44,OPP-LESS,pair8,P,-1.3203554153442383,2.7131872177124023,1874,969
gpt-j-6b-fp32,C_imp_asc,0.1,44,44,OPP-LESS,pair8,Q,-0.9333038330078125,1.5303764343261719,1874,632
gpt-j-6b-fp32,C_imp_asc,0.1,44,44,OPP-LESS,pair9,P,-1.075704574584961,1.4606962203979492,27059,23663
gpt-j-6b-fp32,C_imp_asc,0.1,44,44,OPP-LESS,pair9,Q,-0.7678098678588867,0.9152040481567383,23663,23663
gpt-j-6b-fp32,C_imp_asc,0.1,44,44,MORE-LESS,pair0,P,-0.0010747909545898438,0.03869056701660156,10255,10255
gpt-j-6b-fp32,C_imp_asc,0.1,44,44,MORE-LESS,pair0,Q,0.021154403686523438,-0.00420379638671875,10255,10255
gpt-j-6b-fp32,C_imp_asc,0.1,44,44,MORE-LESS,pair1,P,-0.0465545654296875,-0.03769207000732422,18605,18605
gpt-j-6b-fp32,C_imp_asc,0.1,44,44,MORE-LESS,pair1,Q,-0.021132469177246094,-0.021070480346679688,18605,18605
gpt-j-6b-fp32,C_imp_asc,0.1,44,44,MORE-LESS,pair2,P,-0.04131603240966797,-0.004967689514160156,8038,8038
gpt-j-6b-fp32,C_imp_asc,0.1,44,44,MORE-LESS,pair2,Q,-0.05136585235595703,-0.00310516357421875,8038,8038
gpt-j-6b-fp32,C_imp_asc,0.1,44,44,MORE-LESS,pair3,P,0.02128887176513672,-0.013246536254882812,1234,1234
gpt-j-6b-fp32,C_imp_asc,0.1,44,44,MORE-LESS,pair3,Q,-0.011881828308105469,-0.04206275939941406,1234,1234
gpt-j-6b-fp32,C_imp_asc,0.1,44,44,MORE-LESS,pair4,P,-0.055416107177734375,-0.02810955047607422,23448,23448
gpt-j-6b-fp32,C_imp_asc,0.1,44,44,MORE-LESS,pair4,Q,-0.08303165435791016,-0.05229663848876953,23448,23448
gpt-j-6b-fp32,C_imp_asc,0.1,44,44,MORE-LESS,pair5,P,-0.007702827453613281,0.10465335845947266,969,969
gpt-j-6b-fp32,C_imp_asc,0.1,44,44,MORE-LESS,pair5,Q,-0.004584312438964844,0.06456947326660156,1426,1426
gpt-j-6b-fp32,C_imp_asc,0.1,44,44,MORE-LESS,pair6,P,-0.2545204162597656,0.030530929565429688,6514,6514
gpt-j-6b-fp32,C_imp_asc,0.1,44,44,MORE-LESS,pair6,Q,-0.22513484954833984,0.04371929168701172,6514,6514
gpt-j-6b-fp32,C_imp_asc,0.1,44,44,MORE-LESS,pair7,P,-0.035831451416015625,-0.00678253173828125,22111,22111
gpt-j-6b-fp32,C_imp_asc,0.1,44,44,MORE-LESS,pair7,Q,-0.03308391571044922,-0.014790534973144531,22111,22111
gpt-j-6b-fp32,C_imp_asc,0.1,44,44,MORE-LESS,pair8,P,-0.019674301147460938,-0.042054176330566406,969,969
gpt-j-6b-fp32,C_imp_asc,0.1,44,44,MORE-LESS,pair8,Q,0.0016927719116210938,-0.07190322875976562,969,969
gpt-j-6b-fp32,C_imp_asc,0.1,44,44,MORE-LESS,pair9,P,-0.09059619903564453,-0.019954681396484375,34439,34439
gpt-j-6b-fp32,C_imp_asc,0.1,44,44,MORE-LESS,pair9,Q,-0.07323360443115234,-0.04522895812988281,34439,34439
gpt-j-6b-fp32,C_imp_asc,0.12,53,53,SAME-OPP,pair0,P,0.0954580307006836,-0.16244888305664062,632,632
gpt-j-6b-fp32,C_imp_asc,0.12,53,53,SAME-OPP,pair0,Q,0.0579071044921875,0.008474349975585938,39733,632
gpt-j-6b-fp32,C_imp_asc,0.12,53,53,SAME-OPP,pair1,P,0.0453033447265625,-0.0918722152709961,27059,27059
gpt-j-6b-fp32,C_imp_asc,0.12,53,53,SAME-OPP,pair1,Q,0.011651039123535156,0.012132644653320312,19157,19157
gpt-j-6b-fp32,C_imp_asc,0.12,53,53,SAME-OPP,pair2,P,-0.009700775146484375,-0.053063392639160156,632,27059
gpt-j-6b-fp32,C_imp_asc,0.12,53,53,SAME-OPP,pair2,Q,0.08535575866699219,-0.015280723571777344,632,632
gpt-j-6b-fp32,C_imp_asc,0.12,53,53,SAME-OPP,pair3,P,-0.0455322265625,-0.111053466796875,27059,27059
gpt-j-6b-fp32,C_imp_asc,0.12,53,53,SAME-OPP,pair3,Q,0.011397361755371094,-0.018102645874023438,632,632
gpt-j-6b-fp32,C_imp_asc,0.12,53,53,SAME-OPP,pair4,P,0.05091094970703125,-0.07181549072265625,27059,27059
gpt-j-6b-fp32,C_imp_asc,0.12,53,53,SAME-OPP,pair4,Q,0.017486572265625,0.006809234619140625,632,632
gpt-j-6b-fp32,C_imp_asc,0.12,53,53,SAME-OPP,pair5,P,-0.025289535522460938,-0.0921182632446289,27059,27059
gpt-j-6b-fp32,C_imp_asc,0.12,53,53,SAME-OPP,pair5,Q,0.054564476013183594,0.035820960998535156,632,632
gpt-j-6b-fp32,C_imp_asc,0.12,53,53,SAME-OPP,pair6,P,-0.02756023406982422,-0.14911651611328125,27059,27059
gpt-j-6b-fp32,C_imp_asc,0.12,53,53,SAME-OPP,pair6,Q,-0.0012521743774414062,-0.06787872314453125,632,632
gpt-j-6b-fp32,C_imp_asc,0.12,53,53,SAME-OPP,pair7,P,0.03611183166503906,-0.05254554748535156,632,632
gpt-j-6b-fp32,C_imp_asc,0.12,53,53,SAME-OPP,pair7,Q,0.049422264099121094,0.0164642333984375,632,632
gpt-j-6b-fp32,C_imp_asc,0.12,53,53,SAME-OPP,pair8,P,-0.11090946197509766,-0.12839221954345703,581,581
gpt-j-6b-fp32,C_imp_asc,0.12,53,53,SAME-OPP,pair8,Q,0.0700082778930664,0.057633399963378906,581,1874
gpt-j-6b-fp32,C_imp_asc,0.12,53,53,SAME-OPP,pair9,P,0.024717330932617188,-0.11961650848388672,27059,27059
gpt-j-6b-fp32,C_imp_asc,0.12,53,53,SAME-OPP,pair9,Q,0.04754352569580078,-0.03244972229003906,1928,23663
gpt-j-6b-fp32,C_imp_asc,0.12,53,53,SAME-MORE,pair0,P,-0.11219215393066406,0.2506990432739258,632,632
gpt-j-6b-fp32,C_imp_asc,0.12,53,53,SAME-MORE,pair0,Q,-0.6503324508666992,-0.18845748901367188,39733,39733
gpt-j-6b-fp32,C_imp_asc,0.12,53,53,SAME-MORE,pair1,P,-0.011719703674316406,0.9042692184448242,27059,18605
gpt-j-6b-fp32,C_imp_asc,0.12,53,53,SAME-MORE,pair1,Q,-0.8799057006835938,0.2325124740600586,19157,18605
gpt-j-6b-fp32,C_imp_asc,0.12,53,53,SAME-MORE,pair2,P,-0.04351043701171875,1.965468406677246,632,376
gpt-j-6b-fp32,C_imp_asc,0.12,53,53,SAME-MORE,pair2,Q,-0.6461915969848633,0.9826116561889648,632,376
gpt-j-6b-fp32,C_imp_asc,0.12,53,53,SAME-MORE,pair3,P,-0.6124534606933594,-0.12556076049804688,27059,969
gpt-j-6b-fp32,C_imp_asc,0.12,53,53,SAME-MORE,pair3,Q,-0.7245759963989258,-0.3506278991699219,632,632
gpt-j-6b-fp32,C_imp_asc,0.12,53,53,SAME-MORE,pair4,P,-0.09821510314941406,1.6806421279907227,27059,27059
gpt-j-6b-fp32,C_imp_asc,0.12,53,53,SAME-MORE,pair4,Q,-0.7573442459106445,0.9679374694824219,632,23448
gpt-j-6b-fp32,C_imp_asc,0.12,53,53,SAME-MORE,pair5,P,-0.671177864074707,0.0768880844116211,27059,969
gpt-j-6b-fp32,C_imp_asc,0.12,53,53,SAME-MORE,pair5,Q,-0.6542758941650391,-0.18065452575683594,632,632
gpt-j-6b-fp32,C_imp_asc,0.12,53,53,SAME-MORE,pair6,P,-0.7163896560668945,0.21779823303222656,27059,6514
gpt-j-6b-fp32,C_imp_asc,0.12,53,53,SAME-MORE,pair6,Q,-0.8955650329589844,0.2213582992553711,632,632
gpt-j-6b-fp32,C_imp_asc,0.12,53,53,SAME-MORE,pair7,P,-0.2700691223144531,0.7216968536376953,632,632
gpt-j-6b-fp32,C_imp_asc,0.12,53,53,SAME-MORE,pair7,Q,-0.5308942794799805,0.23833274841308594,632,632
gpt-j-6b-fp32,C_imp_asc,0.12,53,53,SAME-MORE,pair8,P,-0.7686872482299805,0.3989982604980469,581,581
gpt-j-6b-fp32,C_imp_asc,0.12,53,53,SAME-MORE,pair8,Q,-0.6445188522338867,-0.41037464141845703,581,581
gpt-j-6b-fp32,C_imp_asc,0.12,53,53,SAME-MORE,pair9,P,-0.7141504287719727,0.5726222991943359,27059,34439
gpt-j-6b-fp32,C_imp_asc,0.12,53,53,SAME-MORE,pair9,Q,-0.6857166290283203,0.1973733901977539,1928,34439
gpt-j-6b-fp32,C_imp_asc,0.12,53,53,SAME-LESS,pair0,P,-0.19173145294189453,2.7015514373779297,632,632
gpt-j-6b-fp32,C_imp_asc,0.12,53,53,SAME-LESS,pair0,Q,-0.6942081451416016,2.3462257385253906,39733,39733
gpt-j-6b-fp32,C_imp_asc,0.12,53,53,SAME-LESS,pair1,P,-0.0006961822509765625,2.64907169342041,27059,18605
gpt-j-6b-fp32,C_imp_asc,0.12,53,53,SAME-LESS,pair1,Q,-0.8768100738525391,2.4219226837158203,19157,18605
gpt-j-6b-fp32,C_imp_asc,0.12,53,53,SAME-LESS,pair2,P,0.0815582275390625,4.241223335266113,632,376
gpt-j-6b-fp32,C_imp_asc,0.12,53,53,SAME-LESS,pair2,Q,-0.6475505828857422,4.146080017089844,632,376
gpt-j-6b-fp32,C_imp_asc,0.12,53,53,SAME-LESS,pair3,P,-0.6283349990844727,3.492410659790039,27059,969
gpt-j-6b-fp32,C_imp_asc,0.12,53,53,SAME-LESS,pair3,Q,-0.7099723815917969,2.763416290283203,632,632
gpt-j-6b-fp32,C_imp_asc,0.12,53,53,SAME-LESS,pair4,P,-0.057600975036621094,2.926340103149414,27059,27059
gpt-j-6b-fp32,C_imp_asc,0.12,53,53,SAME-LESS,pair4,Q,-0.7589845657348633,2.7966718673706055,632,23448
gpt-j-6b-fp32,C_imp_asc,0.12,53,53,SAME-LESS,pair5,P,-0.6420574188232422,3.5563716888427734,27059,969
gpt-j-6b-fp32,C_imp_asc,0.12,53,53,SAME-LESS,pair5,Q,-0.668848991394043,3.0115623474121094,632,632
gpt-j-6b-fp32,C_imp_asc,0.12,53,53,SAME-LESS,pair6,P,-0.6574792861938477,3.3302974700927734,27059,6514
gpt-j-6b-fp32,C_imp_asc,0.12,53,53,SAME-LESS,pair6,Q,-0.8374042510986328,2.799105644226074,632,632
gpt-j-6b-fp32,C_imp_asc,0.12,53,53,SAME-LESS,pair7,P,-0.22820663452148438,2.302302360534668,632,632
gpt-j-6b-fp32,C_imp_asc,0.12,53,53,SAME-LESS,pair7,Q,-0.5818929672241211,2.214022636413574,632,632
gpt-j-6b-fp32,C_imp_asc,0.12,53,53,SAME-LESS,pair8,P,-0.6864690780639648,3.121469497680664,581,581
gpt-j-6b-fp32,C_imp_asc,0.12,53,53,SAME-LESS,pair8,Q,-0.5905370712280273,1.9510087966918945,581,581
gpt-j-6b-fp32,C_imp_asc,0.12,53,53,SAME-LESS,pair9,P,-0.7280950546264648,1.7357864379882812,27059,34439
gpt-j-6b-fp32,C_imp_asc,0.12,53,53,SAME-LESS,pair9,Q,-0.7178630828857422,0.932591438293457,1928,34439
gpt-j-6b-fp32,C_imp_asc,0.12,53,53,OPP-MORE,pair0,P,-1.5982284545898438,0.7125520706176758,632,632
gpt-j-6b-fp32,C_imp_asc,0.12,53,53,OPP-MORE,pair0,Q,-0.21213626861572266,0.2567758560180664,39733,39733
gpt-j-6b-fp32,C_imp_asc,0.12,53,53,OPP-MORE,pair1,P,-1.4385604858398438,1.0696544647216797,27059,18605
gpt-j-6b-fp32,C_imp_asc,0.12,53,53,OPP-MORE,pair1,Q,-0.671513557434082,0.4490365982055664,19157,18605
gpt-j-6b-fp32,C_imp_asc,0.12,53,53,OPP-MORE,pair2,P,-1.2453346252441406,2.2348852157592773,27059,376
gpt-j-6b-fp32,C_imp_asc,0.12,53,53,OPP-MORE,pair2,Q,-0.7410860061645508,1.2117805480957031,632,376
gpt-j-6b-fp32,C_imp_asc,0.12,53,53,OPP-MORE,pair3,P,-1.9097394943237305,0.05541706085205078,27059,969
gpt-j-6b-fp32,C_imp_asc,0.12,53,53,OPP-MORE,pair3,Q,-0.8857717514038086,-0.1539449691772461,5930,5930
gpt-j-6b-fp32,C_imp_asc,0.12,53,53,OPP-MORE,pair4,P,-1.92527437210083,1.9016733169555664,27059,23448
gpt-j-6b-fp32,C_imp_asc,0.12,53,53,OPP-MORE,pair4,Q,-0.7110319137573242,1.2910442352294922,632,23448
gpt-j-6b-fp32,C_imp_asc,0.12,53,53,OPP-MORE,pair5,P,-1.8732519149780273,0.2718057632446289,27059,969
gpt-j-6b-fp32,C_imp_asc,0.12,53,53,OPP-MORE,pair5,Q,-0.9556427001953125,-0.013582229614257812,632,632
gpt-j-6b-fp32,C_imp_asc,0.12,53,53,OPP-MORE,pair6,P,-1.490647315979004,0.5630130767822266,27059,6514
gpt-j-6b-fp32,C_imp_asc,0.12,53,53,OPP-MORE,pair6,Q,-0.6288566589355469,0.4958343505859375,632,6514
gpt-j-6b-fp32,C_imp_asc,0.12,53,53,OPP-MORE,pair7,P,-2.0831961631774902,0.9421930313110352,632,632
gpt-j-6b-fp32,C_imp_asc,0.12,53,53,OPP-MORE,pair7,Q,-0.18081283569335938,0.5291709899902344,632,632
gpt-j-6b-fp32,C_imp_asc,0.12,53,53,OPP-MORE,pair8,P,-2.0166244506835938,0.7974920272827148,1874,581
gpt-j-6b-fp32,C_imp_asc,0.12,53,53,OPP-MORE,pair8,Q,-0.9434642791748047,-0.05877685546875,1874,581
gpt-j-6b-fp32,C_imp_asc,0.12,53,53,OPP-MORE,pair9,P,-1.7507820129394531,1.0689029693603516,27059,34439
gpt-j-6b-fp32,C_imp_asc,0.12,53,53,OPP-MORE,pair9,Q,-0.7461671829223633,0.6899881362915039,23663,23663
gpt-j-6b-fp32,C_imp_asc,0.12,53,53,OPP-LESS,pair0,P,-1.6134624481201172,2.081052780151367,632,39733
gpt-j-6b-fp32,C_imp_asc,0.12,53,53,OPP-LESS,pair0,Q,-0.1747722625732422,1.6835508346557617,39733,39733
gpt-j-6b-fp32,C_imp_asc,0.12,53,53,OPP-LESS,pair1,P,-1.4141511917114258,2.3817968368530273,27059,18605
gpt-j-6b-fp32,C_imp_asc,0.12,53,53,OPP-LESS,pair1,Q,-0.6315479278564453,2.2653026580810547,19157,18605
gpt-j-6b-fp32,C_imp_asc,0.12,53,53,OPP-LESS,pair2,P,-1.1687545776367188,4.069087982177734,27059,376
gpt-j-6b-fp32,C_imp_asc,0.12,53,53,OPP-LESS,pair2,Q,-0.6504182815551758,3.9935779571533203,632,376
gpt-j-6b-fp32,C_imp_asc,0.12,53,53,OPP-LESS,pair3,P,-1.905965805053711,3.191636085510254,27059,969
gpt-j-6b-fp32,C_imp_asc,0.12,53,53,OPP-LESS,pair3,Q,-0.8638324737548828,2.3911304473876953,5930,5930
gpt-j-6b-fp32,C_imp_asc,0.12,53,53,OPP-LESS,pair4,P,-1.9196686744689941,2.817122459411621,27059,23448
gpt-j-6b-fp32,C_imp_asc,0.12,53,53,OPP-LESS,pair4,Q,-0.6943016052246094,2.6718854904174805,632,23448
gpt-j-6b-fp32,C_imp_asc,0.12,53,53,OPP-LESS,pair5,P,-1.8293819427490234,3.583310127258301,27059,969
gpt-j-6b-fp32,C_imp_asc,0.12,53,53,OPP-LESS,pair5,Q,-0.9177322387695312,3.162637710571289,632,632
gpt-j-6b-fp32,C_imp_asc,0.12,53,53,OPP-LESS,pair6,P,-1.4889945983886719,2.3439950942993164,27059,6514
gpt-j-6b-fp32,C_imp_asc,0.12,53,53,OPP-LESS,pair6,Q,-0.6012420654296875,1.8571224212646484,632,6514
gpt-j-6b-fp32,C_imp_asc,0.12,53,53,OPP-LESS,pair7,P,-2.0442299842834473,2.0717458724975586,632,632
gpt-j-6b-fp32,C_imp_asc,0.12,53,53,OPP-LESS,pair7,Q,-0.16103172302246094,1.883662223815918,632,632
gpt-j-6b-fp32,C_imp_asc,0.12,53,53,OPP-LESS,pair8,P,-1.965433120727539,3.1645774841308594,1874,581
gpt-j-6b-fp32,C_imp_asc,0.12,53,53,OPP-LESS,pair8,Q,-0.8822908401489258,1.8920583724975586,1874,581
gpt-j-6b-fp32,C_imp_asc,0.12,53,53,OPP-LESS,pair9,P,-1.7336950302124023,1.6345558166503906,27059,34439
gpt-j-6b-fp32,C_imp_asc,0.12,53,53,OPP-LESS,pair9,Q,-0.7065019607543945,0.9689302444458008,23663,34439
gpt-j-6b-fp32,C_imp_asc,0.12,53,53,MORE-LESS,pair0,P,0.017139434814453125,0.03357696533203125,10255,10255
gpt-j-6b-fp32,C_imp_asc,0.12,53,53,MORE-LESS,pair0,Q,0.025409698486328125,-0.015143394470214844,10255,10255
gpt-j-6b-fp32,C_imp_asc,0.12,53,53,MORE-LESS,pair1,P,-0.06168937683105469,-0.02754688262939453,18605,18605
gpt-j-6b-fp32,C_imp_asc,0.12,53,53,MORE-LESS,pair1,Q,-0.03508186340332031,-0.009126663208007812,18605,18605
gpt-j-6b-fp32,C_imp_asc,0.12,53,53,MORE-LESS,pair2,P,-0.040406227111816406,0.009037017822265625,8038,8038
gpt-j-6b-fp32,C_imp_asc,0.12,53,53,MORE-LESS,pair2,Q,-0.06868362426757812,0.0035123825073242188,8038,8038
gpt-j-6b-fp32,C_imp_asc,0.12,53,53,MORE-LESS,pair3,P,0.06470012664794922,0.013062477111816406,1234,1234
gpt-j-6b-fp32,C_imp_asc,0.12,53,53,MORE-LESS,pair3,Q,0.007086753845214844,-0.03549671173095703,1234,1234
gpt-j-6b-fp32,C_imp_asc,0.12,53,53,MORE-LESS,pair4,P,-0.06589889526367188,-0.03682136535644531,23448,23448
gpt-j-6b-fp32,C_imp_asc,0.12,53,53,MORE-LESS,pair4,Q,-0.09213733673095703,-0.06209754943847656,23448,23448
gpt-j-6b-fp32,C_imp_asc,0.12,53,53,MORE-LESS,pair5,P,0.009869575500488281,0.10706138610839844,969,969
gpt-j-6b-fp32,C_imp_asc,0.12,53,53,MORE-LESS,pair5,Q,0.01181793212890625,0.03482341766357422,1426,1426
gpt-j-6b-fp32,C_imp_asc,0.12,53,53,MORE-LESS,pair6,P,-0.24409961700439453,0.046158790588378906,6514,6514
gpt-j-6b-fp32,C_imp_asc,0.12,53,53,MORE-LESS,pair6,Q,-0.2165546417236328,0.052455902099609375,6514,6514
gpt-j-6b-fp32,C_imp_asc,0.12,53,53,MORE-LESS,pair7,P,-0.015233039855957031,-0.02588939666748047,22111,22111
gpt-j-6b-fp32,C_imp_asc,0.12,53,53,MORE-LESS,pair7,Q,-0.025048255920410156,-0.03093719482421875,22111,22111
gpt-j-6b-fp32,C_imp_asc,0.12,53,53,MORE-LESS,pair8,P,-0.04879951477050781,-0.050403594970703125,969,969
gpt-j-6b-fp32,C_imp_asc,0.12,53,53,MORE-LESS,pair8,Q,-0.01782989501953125,-0.10105228424072266,969,969
gpt-j-6b-fp32,C_imp_asc,0.12,53,53,MORE-LESS,pair9,P,-0.08733463287353516,-0.012798309326171875,34439,34439
gpt-j-6b-fp32,C_imp_asc,0.12,53,53,MORE-LESS,pair9,Q,-0.08655452728271484,-0.04706573486328125,34439,34439
gpt-j-6b-fp32,C_imp_asc,0.15,67,67,SAME-OPP,pair0,P,0.08961009979248047,-0.08490753173828125,632,632
gpt-j-6b-fp32,C_imp_asc,0.15,67,67,SAME-OPP,pair0,Q,0.040050506591796875,0.04784202575683594,39733,39733
gpt-j-6b-fp32,C_imp_asc,0.15,67,67,SAME-OPP,pair1,P,0.014661788940429688,-0.04411888122558594,27059,27059
gpt-j-6b-fp32,C_imp_asc,0.15,67,67,SAME-OPP,pair1,Q,-0.008272171020507812,0.04167366027832031,19157,19157
gpt-j-6b-fp32,C_imp_asc,0.15,67,67,SAME-OPP,pair2,P,0.19791889190673828,0.02682971954345703,632,27059
gpt-j-6b-fp32,C_imp_asc,0.15,67,67,SAME-OPP,pair2,Q,0.0976409912109375,0.00952911376953125,632,632
gpt-j-6b-fp32,C_imp_asc,0.15,67,67,SAME-OPP,pair3,P,0.01832866668701172,-0.11620140075683594,27059,27059
gpt-j-6b-fp32,C_imp_asc,0.15,67,67,SAME-OPP,pair3,Q,-0.0062541961669921875,0.008298873901367188,632,632
gpt-j-6b-fp32,C_imp_asc,0.15,67,67,SAME-OPP,pair4,P,0.03267860412597656,-0.03149986267089844,27059,27059
gpt-j-6b-fp32,C_imp_asc,0.15,67,67,SAME-OPP,pair4,Q,0.01777172088623047,0.019765853881835938,632,632
gpt-j-6b-fp32,C_imp_asc,0.15,67,67,SAME-OPP,pair5,P,0.0055599212646484375,-0.08296012878417969,27059,27059
gpt-j-6b-fp32,C_imp_asc,0.15,67,67,SAME-OPP,pair5,Q,0.044574737548828125,0.05711650848388672,632,632
gpt-j-6b-fp32,C_imp_asc,0.15,67,67,SAME-OPP,pair6,P,-0.028148651123046875,-0.09048748016357422,27059,27059
gpt-j-6b-fp32,C_imp_asc,0.15,67,67,SAME-OPP,pair6,Q,-0.0020551681518554688,-0.05312156677246094,632,632
gpt-j-6b-fp32,C_imp_asc,0.15,67,67,SAME-OPP,pair7,P,0.0615997314453125,0.06899642944335938,632,632
gpt-j-6b-fp32,C_imp_asc,0.15,67,67,SAME-OPP,pair7,Q,0.051924705505371094,0.0459136962890625,632,632
gpt-j-6b-fp32,C_imp_asc,0.15,67,67,SAME-OPP,pair8,P,-0.05756092071533203,-0.10588455200195312,581,632
gpt-j-6b-fp32,C_imp_asc,0.15,67,67,SAME-OPP,pair8,Q,0.07169723510742188,0.08468151092529297,581,1874
gpt-j-6b-fp32,C_imp_asc,0.15,67,67,SAME-OPP,pair9,P,0.05604076385498047,-0.06407737731933594,27059,27059
gpt-j-6b-fp32,C_imp_asc,0.15,67,67,SAME-OPP,pair9,Q,0.04324531555175781,-0.014225006103515625,1928,23663
gpt-j-6b-fp32,C_imp_asc,0.15,67,67,SAME-MORE,pair0,P,-0.8575439453125,0.5725383758544922,632,39733
gpt-j-6b-fp32,C_imp_asc,0.15,67,67,SAME-MORE,pair0,Q,-0.6375017166137695,0.12971019744873047,39733,39733
gpt-j-6b-fp32,C_imp_asc,0.15,67,67,SAME-MORE,pair1,P,0.09401798248291016,0.9016704559326172,27059,18605
gpt-j-6b-fp32,C_imp_asc,0.15,67,67,SAME-MORE,pair1,Q,-0.8313636779785156,0.35674571990966797,19157,18605
gpt-j-6b-fp32,C_imp_asc,0.15,67,67,SAME-MORE,pair2,P,-1.6084012985229492,2.027979850769043,632,376
gpt-j-6b-fp32,C_imp_asc,0.15,67,67,SAME-MORE,pair2,Q,-0.5134706497192383,0.6817750930786133,632,8038
gpt-j-6b-fp32,C_imp_asc,0.15,67,67,SAME-MORE,pair3,P,-0.37247753143310547,0.07106876373291016,27059,969
gpt-j-6b-fp32,C_imp_asc,0.15,67,67,SAME-MORE,pair3,Q,-0.6237421035766602,-0.2603273391723633,632,5930
gpt-j-6b-fp32,C_imp_asc,0.15,67,67,SAME-MORE,pair4,P,-0.4146404266357422,1.6731681823730469,27059,23448
gpt-j-6b-fp32,C_imp_asc,0.15,67,67,SAME-MORE,pair4,Q,-0.6869707107543945,1.081233024597168,632,23448
gpt-j-6b-fp32,C_imp_asc,0.15,67,67,SAME-MORE,pair5,P,-0.5315380096435547,0.7031641006469727,27059,969
gpt-j-6b-fp32,C_imp_asc,0.15,67,67,SAME-MORE,pair5,Q,-0.5624046325683594,-0.020511627197265625,632,632
gpt-j-6b-fp32,C_imp_asc,0.15,67,67,SAME-MORE,pair6,P,-0.6879501342773438,0.6363363265991211,27059,6514
gpt-j-6b-fp32,C_imp_asc,0.15,67,67,SAME-MORE,pair6,Q,-0.7856407165527344,0.5651683807373047,632,632
gpt-j-6b-fp32,C_imp_asc,0.15,67,67,SAME-MORE,pair7,P,-0.1359729766845703,0.5785694122314453,632,632
gpt-j-6b-fp32,C_imp_asc,0.15,67,67,SAME-MORE,pair7,Q,-0.34799861907958984,0.26508617401123047,632,632
gpt-j-6b-fp32,C_imp_asc,0.15,67,67,SAME-MORE,pair8,P,-0.5222482681274414,0.36086177825927734,581,581
gpt-j-6b-fp32,C_imp_asc,0.15,67,67,SAME-MORE,pair8,Q,-0.5613279342651367,-0.44599151611328125,581,581
gpt-j-6b-fp32,C_imp_asc,0.15,67,67,SAME-MORE,pair9,P,-0.5637273788452148,0.69366455078125,27059,34439
gpt-j-6b-fp32,C_imp_asc,0.15,67,67,SAME-MORE,pair9,Q,-0.5654640197753906,0.31178855895996094,1928,34439
gpt-j-6b-fp32,C_imp_asc,0.15,67,67,SAME-LESS,pair0,P,-0.9406576156616211,2.757033348083496,632,39733
gpt-j-6b-fp32,C_imp_asc,0.15,67,67,SAME-LESS,pair0,Q,-0.7005701065063477,2.2955732345581055,39733,39733
gpt-j-6b-fp32,C_imp_asc,0.15,67,67,SAME-LESS,pair1,P,0.08644580841064453,2.8460073471069336,27059,18605
gpt-j-6b-fp32,C_imp_asc,0.15,67,67,SAME-LESS,pair1,Q,-0.8444147109985352,2.5617074966430664,19157,18605
gpt-j-6b-fp32,C_imp_asc,0.15,67,67,SAME-LESS,pair2,P,-1.6148624420166016,6.4205522537231445,632,376
gpt-j-6b-fp32,C_imp_asc,0.15,67,67,SAME-LESS,pair2,Q,-0.5356893539428711,5.832903861999512,632,8038
gpt-j-6b-fp32,C_imp_asc,0.15,67,67,SAME-LESS,pair3,P,-0.40172672271728516,3.504021644592285,27059,969
gpt-j-6b-fp32,C_imp_asc,0.15,67,67,SAME-LESS,pair3,Q,-0.6272449493408203,2.756814956665039,632,5930
gpt-j-6b-fp32,C_imp_asc,0.15,67,67,SAME-LESS,pair4,P,-0.3789215087890625,3.125288963317871,27059,23448
gpt-j-6b-fp32,C_imp_asc,0.15,67,67,SAME-LESS,pair4,Q,-0.6994810104370117,3.205352783203125,632,23448
gpt-j-6b-fp32,C_imp_asc,0.15,67,67,SAME-LESS,pair5,P,-0.5680036544799805,3.622234344482422,27059,969
gpt-j-6b-fp32,C_imp_asc,0.15,67,67,SAME-LESS,pair5,Q,-0.6024236679077148,3.05904483795166,632,632
gpt-j-6b-fp32,C_imp_asc,0.15,67,67,SAME-LESS,pair6,P,-0.6354045867919922,3.342435836791992,27059,6514
gpt-j-6b-fp32,C_imp_asc,0.15,67,67,SAME-LESS,pair6,Q,-0.7504081726074219,2.9257936477661133,632,632
gpt-j-6b-fp32,C_imp_asc,0.15,67,67,SAME-LESS,pair7,P,-0.1788320541381836,2.235462188720703,632,632
gpt-j-6b-fp32,C_imp_asc,0.15,67,67,SAME-LESS,pair7,Q,-0.41709327697753906,2.199721336364746,632,632
gpt-j-6b-fp32,C_imp_asc,0.15,67,67,SAME-LESS,pair8,P,-0.43139171600341797,3.190361976623535,581,581
gpt-j-6b-fp32,C_imp_asc,0.15,67,67,SAME-LESS,pair8,Q,-0.5216960906982422,1.9862632751464844,581,581
gpt-j-6b-fp32,C_imp_asc,0.15,67,67,SAME-LESS,pair9,P,-0.6659984588623047,1.7381858825683594,27059,34439
gpt-j-6b-fp32,C_imp_asc,0.15,67,67,SAME-LESS,pair9,Q,-0.6335506439208984,1.029301643371582,1928,34439
gpt-j-6b-fp32,C_imp_asc,0.15,67,67,OPP-MORE,pair0,P,-2.0941543579101562,1.0293903350830078,632,39733
gpt-j-6b-fp32,C_imp_asc,0.15,67,67,OPP-MORE,pair0,Q,-0.14314746856689453,0.541966438293457,39733,39733
gpt-j-6b-fp32,C_imp_asc,0.15,67,67,OPP-MORE,pair1,P,-1.8237247467041016,1.0908727645874023,27059,18605
gpt-j-6b-fp32,C_imp_asc,0.15,67,67,OPP-MORE,pair1,Q,-0.6441497802734375,0.575200080871582,19157,18605
gpt-j-6b-fp32,C_imp_asc,0.15,67,67,OPP-MORE,pair2,P,-1.6151161193847656,2.455784797668457,27059,376
gpt-j-6b-fp32,C_imp_asc,0.15,67,67,OPP-MORE,pair2,Q,-0.6719322204589844,1.0383481979370117,632,8038
gpt-j-6b-fp32,C_imp_asc,0.15,67,67,OPP-MORE,pair3,P,-2.4223852157592773,0.2628746032714844,27059,969
gpt-j-6b-fp32,C_imp_asc,0.15,67,67,OPP-MORE,pair3,Q,-0.8626880645751953,-0.04294776916503906,5930,5930
gpt-j-6b-fp32,C_imp_asc,0.15,67,67,OPP-MORE,pair4,P,-2.1759772300720215,1.884078025817871,27059,23448
gpt-j-6b-fp32,C_imp_asc,0.15,67,67,OPP-MORE,pair4,Q,-0.6296482086181641,1.3846435546875,632,23448
gpt-j-6b-fp32,C_imp_asc,0.15,67,67,OPP-MORE,pair5,P,-2.238619804382324,0.9176063537597656,27059,969
gpt-j-6b-fp32,C_imp_asc,0.15,67,67,OPP-MORE,pair5,Q,-0.9136466979980469,0.26279640197753906,632,632
gpt-j-6b-fp32,C_imp_asc,0.15,67,67,OPP-MORE,pair6,P,-1.9019241333007812,0.9495229721069336,27059,6514
gpt-j-6b-fp32,C_imp_asc,0.15,67,67,OPP-MORE,pair6,Q,-0.5720033645629883,0.8601827621459961,632,6514
gpt-j-6b-fp32,C_imp_asc,0.15,67,67,OPP-MORE,pair7,P,-2.2643628120422363,0.8966922760009766,632,632
gpt-j-6b-fp32,C_imp_asc,0.15,67,67,OPP-MORE,pair7,Q,-0.05807304382324219,0.5868844985961914,632,632
gpt-j-6b-fp32,C_imp_asc,0.15,67,67,OPP-MORE,pair8,P,-2.4824390411376953,0.7677726745605469,1874,581
gpt-j-6b-fp32,C_imp_asc,0.15,67,67,OPP-MORE,pair8,Q,-0.920771598815918,-0.08416557312011719,1874,581
gpt-j-6b-fp32,C_imp_asc,0.15,67,67,OPP-MORE,pair9,P,-2.054387092590332,1.178349494934082,27059,34439
gpt-j-6b-fp32,C_imp_asc,0.15,67,67,OPP-MORE,pair9,Q,-0.6349725723266602,0.8159666061401367,23663,23663
gpt-j-6b-fp32,C_imp_asc,0.15,67,67,OPP-LESS,pair0,P,-2.1568374633789062,2.1240835189819336,632,39733
gpt-j-6b-fp32,C_imp_asc,0.15,67,67,OPP-LESS,pair0,Q,-0.13346385955810547,1.665013313293457,39733,39733
gpt-j-6b-fp32,C_imp_asc,0.15,67,67,OPP-LESS,pair1,P,-1.8338394165039062,2.56943416595459,27059,18605
gpt-j-6b-fp32,C_imp_asc,0.15,67,67,OPP-LESS,pair1,Q,-0.6166191101074219,2.4205322265625,19157,18605
gpt-j-6b-fp32,C_imp_asc,0.15,67,67,OPP-LESS,pair2,P,-1.5928640365600586,6.3054704666137695,27059,376
gpt-j-6b-fp32,C_imp_asc,0.15,67,67,OPP-LESS,pair2,Q,-0.6161289215087891,5.556332588195801,632,8038
gpt-j-6b-fp32,C_imp_asc,0.15,67,67,OPP-LESS,pair3,P,-2.4505844116210938,3.16680908203125,27059,969
gpt-j-6b-fp32,C_imp_asc,0.15,67,67,OPP-LESS,pair3,Q,-0.8553686141967773,2.3507862091064453,5930,5930
gpt-j-6b-fp32,C_imp_asc,0.15,67,67,OPP-LESS,pair4,P,-2.1666979789733887,3.03348445892334,27059,23448
gpt-j-6b-fp32,C_imp_asc,0.15,67,67,OPP-LESS,pair4,Q,-0.6217660903930664,3.0316638946533203,632,23448
gpt-j-6b-fp32,C_imp_asc,0.15,67,67,OPP-LESS,pair5,P,-2.2320337295532227,3.621302604675293,27059,969
gpt-j-6b-fp32,C_imp_asc,0.15,67,67,OPP-LESS,pair5,Q,-0.9054670333862305,3.189432144165039,632,632
gpt-j-6b-fp32,C_imp_asc,0.15,67,67,OPP-LESS,pair6,P,-1.917466163635254,2.357839584350586,27059,6514
gpt-j-6b-fp32,C_imp_asc,0.15,67,67,OPP-LESS,pair6,Q,-0.5612354278564453,1.9861745834350586,632,6514
gpt-j-6b-fp32,C_imp_asc,0.15,67,67,OPP-LESS,pair7,P,-2.2925682067871094,2.064359664916992,632,632
gpt-j-6b-fp32,C_imp_asc,0.15,67,67,OPP-LESS,pair7,Q,-0.04344463348388672,1.8818769454956055,632,632
gpt-j-6b-fp32,C_imp_asc,0.15,67,67,OPP-LESS,pair8,P,-2.4567527770996094,3.186990737915039,1874,581
gpt-j-6b-fp32,C_imp_asc,0.15,67,67,OPP-LESS,pair8,Q,-0.8786096572875977,1.9106559753417969,1874,581
gpt-j-6b-fp32,C_imp_asc,0.15,67,67,OPP-LESS,pair9,P,-2.062772750854492,1.624037742614746,27059,34439
gpt-j-6b-fp32,C_imp_asc,0.15,67,67,OPP-LESS,pair9,Q,-0.6175336837768555,1.0731821060180664,23663,34439
gpt-j-6b-fp32,C_imp_asc,0.15,67,67,MORE-LESS,pair0,P,-0.04801654815673828,0.013422012329101562,10255,10255
gpt-j-6b-fp32,C_imp_asc,0.15,67,67,MORE-LESS,pair0,Q,-0.03919696807861328,-0.035223960876464844,10255,10255
gpt-j-6b-fp32,C_imp_asc,0.15,67,67,MORE-LESS,pair1,P,-0.052390098571777344,-0.038277626037597656,18605,18605
gpt-j-6b-fp32,C_imp_asc,0.15,67,67,MORE-LESS,pair1,Q,-0.04614543914794922,-0.015147209167480469,18605,18605
gpt-j-6b-fp32,C_imp_asc,0.15,67,67,MORE-LESS,pair2,P,-0.11062335968017578,0.13059520721435547,8038,8038
gpt-j-6b-fp32,C_imp_asc,0.15,67,67,MORE-LESS,pair2,Q,-0.16179466247558594,0.09348487854003906,8038,8038
gpt-j-6b-fp32,C_imp_asc,0.15,67,67,MORE-LESS,pair3,P,0.08056068420410156,-0.002056121826171875,1234,1234
gpt-j-6b-fp32,C_imp_asc,0.15,67,67,MORE-LESS,pair3,Q,0.0016794204711914062,-0.05134868621826172,1234,1234
gpt-j-6b-fp32,C_imp_asc,0.15,67,67,MORE-LESS,pair4,P,-0.0989217758178711,-0.03001689910888672,23448,23448
gpt-j-6b-fp32,C_imp_asc,0.15,67,67,MORE-LESS,pair4,Q,-0.127655029296875,-0.07941627502441406,23448,23448
gpt-j-6b-fp32,C_imp_asc,0.15,67,67,MORE-LESS,pair5,P,0.054320335388183594,0.09771442413330078,969,969
gpt-j-6b-fp32,C_imp_asc,0.15,67,67,MORE-LESS,pair5,Q,0.055538177490234375,0.02068328857421875,1426,1426
gpt-j-6b-fp32,C_imp_asc,0.15,67,67,MORE-LESS,pair6,P,-0.27866363525390625,0.06182384490966797,6514,6514
gpt-j-6b-fp32,C_imp_asc,0.15,67,67,MORE-LESS,pair6,Q,-0.2738218307495117,0.07316112518310547,6514,6514
gpt-j-6b-fp32,C_imp_asc,0.15,67,67,MORE-LESS,pair7,P,-0.01039886474609375,3.24249267578125e-05,22111,22111
gpt-j-6b-fp32,C_imp_asc,0.15,67,67,MORE-LESS,pair7,Q,-0.034941673278808594,-0.015583038330078125,22111,22111
gpt-j-6b-fp32,C_imp_asc,0.15,67,67,MORE-LESS,pair8,P,-0.04066658020019531,-0.04464530944824219,969,969
gpt-j-6b-fp32,C_imp_asc,0.15,67,67,MORE-LESS,pair8,Q,-0.02007770538330078,-0.0986013412475586,969,969
gpt-j-6b-fp32,C_imp_asc,0.15,67,67,MORE-LESS,pair9,P,-0.13514137268066406,0.0034465789794921875,34439,34439
gpt-j-6b-fp32,C_imp_asc,0.15,67,67,MORE-LESS,pair9,Q,-0.13525962829589844,-0.04483604431152344,34439,34439
gpt-j-6b-fp32,C_imp_asc,0.2,89,89,SAME-OPP,pair0,P,0.014882087707519531,-0.09459972381591797,632,632
gpt-j-6b-fp32,C_imp_asc,0.2,89,89,SAME-OPP,pair0,Q,0.06679153442382812,0.17151355743408203,39733,39733
gpt-j-6b-fp32,C_imp_asc,0.2,89,89,SAME-OPP,pair1,P,-0.03428936004638672,-0.020189285278320312,27059,27059
gpt-j-6b-fp32,C_imp_asc,0.2,89,89,SAME-OPP,pair1,Q,0.05231952667236328,0.1547231674194336,19157,19157
gpt-j-6b-fp32,C_imp_asc,0.2,89,89,SAME-OPP,pair2,P,0.23934555053710938,-0.054442405700683594,632,27059
gpt-j-6b-fp32,C_imp_asc,0.2,89,89,SAME-OPP,pair2,Q,0.23752403259277344,0.09702587127685547,632,632
gpt-j-6b-fp32,C_imp_asc,0.2,89,89,SAME-OPP,pair3,P,-0.01722240447998047,-0.2081460952758789,27059,27059
gpt-j-6b-fp32,C_imp_asc,0.2,89,89,SAME-OPP,pair3,Q,2.86102294921875e-06,0.014346122741699219,632,632
gpt-j-6b-fp32,C_imp_asc,0.2,89,89,SAME-OPP,pair4,P,-0.09012603759765625,-0.14922714233398438,27059,27059
gpt-j-6b-fp32,C_imp_asc,0.2,89,89,SAME-OPP,pair4,Q,0.045844078063964844,-0.0029048919677734375,632,632
gpt-j-6b-fp32,C_imp_asc,0.2,89,89,SAME-OPP,pair5,P,-0.03715801239013672,-0.1441507339477539,27059,27059
gpt-j-6b-fp32,C_imp_asc,0.2,89,89,SAME-OPP,pair5,Q,0.08652210235595703,0.056735992431640625,632,632
gpt-j-6b-fp32,C_imp_asc,0.2,89,89,SAME-OPP,pair6,P,-0.07867240905761719,-0.16343212127685547,27059,27059
gpt-j-6b-fp32,C_imp_asc,0.2,89,89,SAME-OPP,pair6,Q,0.037506103515625,0.012319564819335938,632,632
gpt-j-6b-fp32,C_imp_asc,0.2,89,89,SAME-OPP,pair7,P,0.01920318603515625,-0.1865701675415039,632,632
gpt-j-6b-fp32,C_imp_asc,0.2,89,89,SAME-OPP,pair7,Q,0.040167808532714844,0.043938636779785156,632,632
gpt-j-6b-fp32,C_imp_asc,0.2,89,89,SAME-OPP,pair8,P,-0.08079719543457031,-0.18957805633544922,581,632
gpt-j-6b-fp32,C_imp_asc,0.2,89,89,SAME-OPP,pair8,Q,0.14104175567626953,0.14818191528320312,581,1874
gpt-j-6b-fp32,C_imp_asc,0.2,89,89,SAME-OPP,pair9,P,0.00028514862060546875,-0.08473396301269531,27059,27059
gpt-j-6b-fp32,C_imp_asc,0.2,89,89,SAME-OPP,pair9,Q,0.11833763122558594,0.07295036315917969,1928,23663
gpt-j-6b-fp32,C_imp_asc,0.2,89,89,SAME-MORE,pair0,P,-2.3628082275390625,1.248997688293457,632,39733
gpt-j-6b-fp32,C_imp_asc,0.2,89,89,SAME-MORE,pair0,Q,-2.4057579040527344,0.06176948547363281,39733,39733
gpt-j-6b-fp32,C_imp_asc,0.2,89,89,SAME-MORE,pair1,P,-1.3449907302856445,1.3431243896484375,27059,18605
gpt-j-6b-fp32,C_imp_asc,0.2,89,89,SAME-MORE,pair1,Q,-2.844148635864258,0.38562583923339844,19157,18605
gpt-j-6b-fp32,C_imp_asc,0.2,89,89,SAME-MORE,pair2,P,-3.593846321105957,2.854391098022461,632,8038
gpt-j-6b-fp32,C_imp_asc,0.2,89,89,SAME-MORE,pair2,Q,-2.8924312591552734,0.8006296157836914,632,8038
gpt-j-6b-fp32,C_imp_asc,0.2,89,89,SAME-MORE,pair3,P,-1.97503662109375,0.5717668533325195,27059,969
gpt-j-6b-fp32,C_imp_asc,0.2,89,89,SAME-MORE,pair3,Q,-2.5713701248168945,-0.05632495880126953,632,5930
gpt-j-6b-fp32,C_imp_asc,0.2,89,89,SAME-MORE,pair4,P,-2.2944583892822266,1.8578004837036133,27059,23448
gpt-j-6b-fp32,C_imp_asc,0.2,89,89,SAME-MORE,pair4,Q,-2.7203025817871094,1.0763158798217773,632,23448
gpt-j-6b-fp32,C_imp_asc,0.2,89,89,SAME-MORE,pair5,P,-1.9626827239990234,1.409062385559082,27059,969
gpt-j-6b-fp32,C_imp_asc,0.2,89,89,SAME-MORE,pair5,Q,-2.4328813552856445,0.23594188690185547,632,969
gpt-j-6b-fp32,C_imp_asc,0.2,89,89,SAME-MORE,pair6,P,-2.0246238708496094,1.2095327377319336,27059,6514
gpt-j-6b-fp32,C_imp_asc,0.2,89,89,SAME-MORE,pair6,Q,-2.5482091903686523,0.7035312652587891,632,6514
gpt-j-6b-fp32,C_imp_asc,0.2,89,89,SAME-MORE,pair7,P,-2.0402870178222656,0.7706975936889648,632,22111
gpt-j-6b-fp32,C_imp_asc,0.2,89,89,SAME-MORE,pair7,Q,-2.285219192504883,0.2872943878173828,632,22111
gpt-j-6b-fp32,C_imp_asc,0.2,89,89,SAME-MORE,pair8,P,-2.0701065063476562,0.4039602279663086,581,969
gpt-j-6b-fp32,C_imp_asc,0.2,89,89,SAME-MORE,pair8,Q,-2.3108463287353516,-0.5975923538208008,581,581
gpt-j-6b-fp32,C_imp_asc,0.2,89,89,SAME-MORE,pair9,P,-2.459029197692871,1.1049823760986328,27059,34439
gpt-j-6b-fp32,C_imp_asc,0.2,89,89,SAME-MORE,pair9,Q,-2.675945281982422,0.15901851654052734,1928,34439
gpt-j-6b-fp32,C_imp_asc,0.2,89,89,SAME-LESS,pair0,P,-2.455655097961426,3.433638572692871,632,39733
gpt-j-6b-fp32,C_imp_asc,0.2,89,89,SAME-LESS,pair0,Q,-2.489323616027832,2.7114124298095703,39733,39733
gpt-j-6b-fp32,C_imp_asc,0.2,89,89,SAME-LESS,pair1,P,-1.3128395080566406,3.1329727172851562,27059,18605
gpt-j-6b-fp32,C_imp_asc,0.2,89,89,SAME-LESS,pair1,Q,-2.8893795013427734,2.4791088104248047,19157,18605
gpt-j-6b-fp32,C_imp_asc,0.2,89,89,SAME-LESS,pair2,P,-3.5804357528686523,7.044283866882324,632,8038
gpt-j-6b-fp32,C_imp_asc,0.2,89,89,SAME-LESS,pair2,Q,-2.9369287490844727,6.011724472045898,632,8038
gpt-j-6b-fp32,C_imp_asc,0.2,89,89,SAME-LESS,pair3,P,-1.953038215637207,3.6002283096313477,27059,969
gpt-j-6b-fp32,C_imp_asc,0.2,89,89,SAME-LESS,pair3,Q,-2.530416488647461,3.0257749557495117,632,5930
gpt-j-6b-fp32,C_imp_asc,0.2,89,89,SAME-LESS,pair4,P,-2.287224769592285,3.724442481994629,27059,23448
gpt-j-6b-fp32,C_imp_asc,0.2,89,89,SAME-LESS,pair4,Q,-2.698099136352539,3.4125823974609375,632,23448
gpt-j-6b-fp32,C_imp_asc,0.2,89,89,SAME-LESS,pair5,P,-1.9938621520996094,3.859457015991211,27059,969
gpt-j-6b-fp32,C_imp_asc,0.2,89,89,SAME-LESS,pair5,Q,-2.500821113586426,3.466451644897461,632,969
gpt-j-6b-fp32,C_imp_asc,0.2,89,89,SAME-LESS,pair6,P,-1.8872156143188477,4.052263259887695,27059,6514
gpt-j-6b-fp32,C_imp_asc,0.2,89,89,SAME-LESS,pair6,Q,-2.5218257904052734,3.762226104736328,632,6514
gpt-j-6b-fp32,C_imp_asc,0.2,89,89,SAME-LESS,pair7,P,-2.1771507263183594,4.0372161865234375,632,22111
gpt-j-6b-fp32,C_imp_asc,0.2,89,89,SAME-LESS,pair7,Q,-2.4391860961914062,3.552607536315918,632,22111
gpt-j-6b-fp32,C_imp_asc,0.2,89,89,SAME-LESS,pair8,P,-1.9674882888793945,3.509293556213379,581,969
gpt-j-6b-fp32,C_imp_asc,0.2,89,89,SAME-LESS,pair8,Q,-2.3155345916748047,2.3933238983154297,581,581
gpt-j-6b-fp32,C_imp_asc,0.2,89,89,SAME-LESS,pair9,P,-2.5964412689208984,2.2824811935424805,27059,34439
gpt-j-6b-fp32,C_imp_asc,0.2,89,89,SAME-LESS,pair9,Q,-2.7430763244628906,0.9562807083129883,1928,34439
gpt-j-6b-fp32,C_imp_asc,0.2,89,89,OPP-MORE,pair0,P,-6.5083231925964355,1.7089595794677734,632,39733
gpt-j-6b-fp32,C_imp_asc,0.2,89,89,OPP-MORE,pair0,Q,-3.374016284942627,0.45357799530029297,39733,39733
gpt-j-6b-fp32,C_imp_asc,0.2,89,89,OPP-MORE,pair1,P,-6.359957695007324,1.5539207458496094,27059,18605
gpt-j-6b-fp32,C_imp_asc,0.2,89,89,OPP-MORE,pair1,Q,-4.401364326477051,0.5637569427490234,19157,18605
gpt-j-6b-fp32,C_imp_asc,0.2,89,89,OPP-MORE,pair2,P,-6.025802135467529,3.3643131256103516,27059,8038
gpt-j-6b-fp32,C_imp_asc,0.2,89,89,OPP-MORE,pair2,Q,-4.197115898132324,1.212529182434082,632,8038
gpt-j-6b-fp32,C_imp_asc,0.2,89,89,OPP-MORE,pair3,P,-7.016515731811523,0.7901172637939453,27059,969
gpt-j-6b-fp32,C_imp_asc,0.2,89,89,OPP-MORE,pair3,Q,-3.9381418228149414,0.1652536392211914,5930,5930
gpt-j-6b-fp32,C_imp_asc,0.2,89,89,OPP-MORE,pair4,P,-6.402587652206421,2.1186323165893555,27059,23448
gpt-j-6b-fp32,C_imp_asc,0.2,89,89,OPP-MORE,pair4,Q,-4.014520645141602,1.4010591506958008,632,23448
gpt-j-6b-fp32,C_imp_asc,0.2,89,89,OPP-MORE,pair5,P,-6.582057476043701,1.7144536972045898,27059,969
gpt-j-6b-fp32,C_imp_asc,0.2,89,89,OPP-MORE,pair5,Q,-3.865873336791992,0.5254287719726562,632,969
gpt-j-6b-fp32,C_imp_asc,0.2,89,89,OPP-MORE,pair6,P,-6.093369960784912,1.549774169921875,27059,6514
gpt-j-6b-fp32,C_imp_asc,0.2,89,89,OPP-MORE,pair6,Q,-3.694884777069092,1.0106287002563477,632,6514
gpt-j-6b-fp32,C_imp_asc,0.2,89,89,OPP-MORE,pair7,P,-5.980440139770508,1.0910921096801758,632,22111
gpt-j-6b-fp32,C_imp_asc,0.2,89,89,OPP-MORE,pair7,Q,-2.8222789764404297,0.6352548599243164,632,22111
gpt-j-6b-fp32,C_imp_asc,0.2,89,89,OPP-MORE,pair8,P,-7.2910096645355225,0.9170722961425781,1874,581
gpt-j-6b-fp32,C_imp_asc,0.2,89,89,OPP-MORE,pair8,Q,-3.993692398071289,-0.20942020416259766,1874,581
gpt-j-6b-fp32,C_imp_asc,0.2,89,89,OPP-MORE,pair9,P,-6.746992588043213,1.6452159881591797,27059,34439
gpt-j-6b-fp32,C_imp_asc,0.2,89,89,OPP-MORE,pair9,Q,-4.2398905754089355,0.6638784408569336,23663,34439
gpt-j-6b-fp32,C_imp_asc,0.2,89,89,OPP-LESS,pair0,P,-6.641045570373535,2.781352996826172,632,39733
gpt-j-6b-fp32,C_imp_asc,0.2,89,89,OPP-LESS,pair0,Q,-3.500222682952881,1.9602575302124023,39733,39733
gpt-j-6b-fp32,C_imp_asc,0.2,89,89,OPP-LESS,pair1,P,-6.385468006134033,2.8849477767944336,27059,18605
gpt-j-6b-fp32,C_imp_asc,0.2,89,89,OPP-LESS,pair1,Q,-4.452554702758789,2.289351463317871,19157,18605
gpt-j-6b-fp32,C_imp_asc,0.2,89,89,OPP-LESS,pair2,P,-6.040585041046143,6.967075347900391,27059,8038
gpt-j-6b-fp32,C_imp_asc,0.2,89,89,OPP-LESS,pair2,Q,-4.2268452644348145,5.697785377502441,632,8038
gpt-j-6b-fp32,C_imp_asc,0.2,89,89,OPP-LESS,pair3,P,-7.091850280761719,3.2563247680664062,27059,969
gpt-j-6b-fp32,C_imp_asc,0.2,89,89,OPP-LESS,pair3,Q,-3.9823007583618164,2.614370346069336,5930,5930
gpt-j-6b-fp32,C_imp_asc,0.2,89,89,OPP-LESS,pair4,P,-6.426881551742554,3.646211624145508,27059,23448
gpt-j-6b-fp32,C_imp_asc,0.2,89,89,OPP-LESS,pair4,Q,-4.074680328369141,3.205839157104492,632,23448
gpt-j-6b-fp32,C_imp_asc,0.2,89,89,OPP-LESS,pair5,P,-6.582106113433838,3.8492422103881836,27059,969
gpt-j-6b-fp32,C_imp_asc,0.2,89,89,OPP-LESS,pair5,Q,-3.936192512512207,3.5938539505004883,632,969
gpt-j-6b-fp32,C_imp_asc,0.2,89,89,OPP-LESS,pair6,P,-6.156301736831665,3.0023908615112305,27059,6514
gpt-j-6b-fp32,C_imp_asc,0.2,89,89,OPP-LESS,pair6,Q,-3.7526984214782715,2.6729812622070312,632,6514
gpt-j-6b-fp32,C_imp_asc,0.2,89,89,OPP-LESS,pair7,P,-6.111719846725464,3.6296119689941406,632,22111
gpt-j-6b-fp32,C_imp_asc,0.2,89,89,OPP-LESS,pair7,Q,-2.904262065887451,2.9854698181152344,632,22111
gpt-j-6b-fp32,C_imp_asc,0.2,89,89,OPP-LESS,pair8,P,-7.29040002822876,3.5198535919189453,1874,969
gpt-j-6b-fp32,C_imp_asc,0.2,89,89,OPP-LESS,pair8,Q,-4.034692764282227,2.315488815307617,1874,581
gpt-j-6b-fp32,C_imp_asc,0.2,89,89,OPP-LESS,pair9,P,-6.811513423919678,2.1488637924194336,27059,34439
gpt-j-6b-fp32,C_imp_asc,0.2,89,89,OPP-LESS,pair9,Q,-4.340365886688232,0.8968772888183594,23663,34439
gpt-j-6b-fp32,C_imp_asc,0.2,89,89,MORE-LESS,pair0,P,0.014171600341796875,0.02608013153076172,10255,10255
gpt-j-6b-fp32,C_imp_asc,0.2,89,89,MORE-LESS,pair0,Q,0.0031061172485351562,-0.02762126922607422,10255,10255
gpt-j-6b-fp32,C_imp_asc,0.2,89,89,MORE-LESS,pair1,P,-0.04162406921386719,0.0042095184326171875,18605,18605
gpt-j-6b-fp32,C_imp_asc,0.2,89,89,MORE-LESS,pair1,Q,-0.05301666259765625,0.02223968505859375,18605,18605
gpt-j-6b-fp32,C_imp_asc,0.2,89,89,MORE-LESS,pair2,P,-0.16830825805664062,0.18356800079345703,8038,8038
gpt-j-6b-fp32,C_imp_asc,0.2,89,89,MORE-LESS,pair2,Q,-0.23352336883544922,0.1505880355834961,8038,8038
gpt-j-6b-fp32,C_imp_asc,0.2,89,89,MORE-LESS,pair3,P,0.040825843811035156,0.03935050964355469,1234,1234
gpt-j-6b-fp32,C_imp_asc,0.2,89,89,MORE-LESS,pair3,Q,-0.04734230041503906,-0.02122020721435547,1234,5930
gpt-j-6b-fp32,C_imp_asc,0.2,89,89,MORE-LESS,pair4,P,-0.14064788818359375,0.007430076599121094,23448,23448
gpt-j-6b-fp32,C_imp_asc,0.2,89,89,MORE-LESS,pair4,Q,-0.16910362243652344,-0.045805931091308594,23448,23448
gpt-j-6b-fp32,C_imp_asc,0.2,89,89,MORE-LESS,pair5,P,0.044632911682128906,0.15366172790527344,969,969
gpt-j-6b-fp32,C_imp_asc,0.2,89,89,MORE-LESS,pair5,Q,0.04177570343017578,0.06726646423339844,1426,1426
gpt-j-6b-fp32,C_imp_asc,0.2,89,89,MORE-LESS,pair6,P,-0.30867767333984375,0.1617727279663086,6514,6514
gpt-j-6b-fp32,C_imp_asc,0.2,89,89,MORE-LESS,pair6,Q,-0.3044462203979492,0.16708087921142578,6514,6514
gpt-j-6b-fp32,C_imp_asc,0.2,89,89,MORE-LESS,pair7,P,0.005023956298828125,-0.019214630126953125,22111,22111
gpt-j-6b-fp32,C_imp_asc,0.2,89,89,MORE-LESS,pair7,Q,-0.02302837371826172,-0.03580665588378906,22111,22111
gpt-j-6b-fp32,C_imp_asc,0.2,89,89,MORE-LESS,pair8,P,-0.020895004272460938,-0.014304161071777344,969,969
gpt-j-6b-fp32,C_imp_asc,0.2,89,89,MORE-LESS,pair8,Q,-0.009907722473144531,-0.08162879943847656,969,969
gpt-j-6b-fp32,C_imp_asc,0.2,89,89,MORE-LESS,pair9,P,-0.21353816986083984,-0.04754161834716797,34439,34439
gpt-j-6b-fp32,C_imp_asc,0.2,89,89,MORE-LESS,pair9,Q,-0.19247722625732422,-0.10542488098144531,34439,34439
gpt-j-6b-fp32,C_imp_asc,0.200893,90,90,SAME-OPP,pair0,P,0.01998424530029297,-0.09296512603759766,632,632
gpt-j-6b-fp32,C_imp_asc,0.200893,90,90,SAME-OPP,pair0,Q,0.067047119140625,0.17544078826904297,39733,39733
gpt-j-6b-fp32,C_imp_asc,0.200893,90,90,SAME-OPP,pair1,P,-0.025175094604492188,-0.013785362243652344,27059,27059
gpt-j-6b-fp32,C_imp_asc,0.200893,90,90,SAME-OPP,pair1,Q,0.05574798583984375,0.15897274017333984,19157,19157
gpt-j-6b-fp32,C_imp_asc,0.200893,90,90,SAME-OPP,pair2,P,0.25260257720947266,-0.04803466796875,632,27059
gpt-j-6b-fp32,C_imp_asc,0.200893,90,90,SAME-OPP,pair2,Q,0.24453353881835938,0.09953117370605469,632,632
gpt-j-6b-fp32,C_imp_asc,0.200893,90,90,SAME-OPP,pair3,P,-0.004815101623535156,-0.19653034210205078,27059,27059
gpt-j-6b-fp32,C_imp_asc,0.200893,90,90,SAME-OPP,pair3,Q,0.0025463104248046875,0.012763023376464844,632,632
gpt-j-6b-fp32,C_imp_asc,0.200893,90,90,SAME-OPP,pair4,P,-0.0869741439819336,-0.14515113830566406,27059,27059
gpt-j-6b-fp32,C_imp_asc,0.200893,90,90,SAME-OPP,pair4,Q,0.046303749084472656,-0.007561683654785156,632,632
gpt-j-6b-fp32,C_imp_asc,0.200893,90,90,SAME-OPP,pair5,P,-0.024832725524902344,-0.13893699645996094,27059,27059
gpt-j-6b-fp32,C_imp_asc,0.200893,90,90,SAME-OPP,pair5,Q,0.09035301208496094,0.06233024597167969,632,632
gpt-j-6b-fp32,C_imp_asc,0.200893,90,90,SAME-OPP,pair6,P,-0.0724935531616211,-0.15794849395751953,27059,27059
gpt-j-6b-fp32,C_imp_asc,0.200893,90,90,SAME-OPP,pair6,Q,0.03909873962402344,0.012125968933105469,632,632
gpt-j-6b-fp32,C_imp_asc,0.200893,90,90,SAME-OPP,pair7,P,0.02767658233642578,-0.17882442474365234,632,632
gpt-j-6b-fp32,C_imp_asc,0.200893,90,90,SAME-OPP,pair7,Q,0.04294586181640625,0.03652191162109375,632,632
gpt-j-6b-fp32,C_imp_asc,0.200893,90,90,SAME-OPP,pair8,P,-0.0690317153930664,-0.18065834045410156,581,632
gpt-j-6b-fp32,C_imp_asc,0.200893,90,90,SAME-OPP,pair8,Q,0.1474008560180664,0.14945220947265625,581,1874
gpt-j-6b-fp32,C_imp_asc,0.200893,90,90,SAME-OPP,pair9,P,0.015550613403320312,-0.07439708709716797,27059,27059
gpt-j-6b-fp32,C_imp_asc,0.200893,90,90,SAME-OPP,pair9,Q,0.12366294860839844,0.07625675201416016,1928,23663
gpt-j-6b-fp32,C_imp_asc,0.200893,90,90,SAME-MORE,pair0,P,-2.346957206726074,1.2412033081054688,632,39733
gpt-j-6b-fp32,C_imp_asc,0.200893,90,90,SAME-MORE,pair0,Q,-2.416748046875,0.05876922607421875,39733,39733
gpt-j-6b-fp32,C_imp_asc,0.200893,90,90,SAME-MORE,pair1,P,-1.3185043334960938,1.3471345901489258,27059,18605
gpt-j-6b-fp32,C_imp_asc,0.200893,90,90,SAME-MORE,pair1,Q,-2.8509702682495117,0.38913631439208984,19157,18605
gpt-j-6b-fp32,C_imp_asc,0.200893,90,90,SAME-MORE,pair2,P,-3.570829391479492,2.8825578689575195,632,8038
gpt-j-6b-fp32,C_imp_asc,0.200893,90,90,SAME-MORE,pair2,Q,-2.889179229736328,0.8271408081054688,632,8038
gpt-j-6b-fp32,C_imp_asc,0.200893,90,90,SAME-MORE,pair3,P,-1.930093765258789,0.5748090744018555,27059,969
gpt-j-6b-fp32,C_imp_asc,0.200893,90,90,SAME-MORE,pair3,Q,-2.5742721557617188,-0.052626609802246094,632,5930
gpt-j-6b-fp32,C_imp_asc,0.200893,90,90,SAME-MORE,pair4,P,-2.256930351257324,1.864161491394043,27059,23448
gpt-j-6b-fp32,C_imp_asc,0.200893,90,90,SAME-MORE,pair4,Q,-2.717439651489258,1.089761734008789,632,23448
gpt-j-6b-fp32,C_imp_asc,0.200893,90,90,SAME-MORE,pair5,P,-1.937051773071289,1.4165430068969727,27059,969
gpt-j-6b-fp32,C_imp_asc,0.200893,90,90,SAME-MORE,pair5,Q,-2.4405927658081055,0.24802398681640625,632,969
gpt-j-6b-fp32,C_imp_asc,0.200893,90,90,SAME-MORE,pair6,P,-1.9907293319702148,1.226832389831543,27059,6514
gpt-j-6b-fp32,C_imp_asc,0.200893,90,90,SAME-MORE,pair6,Q,-2.546780586242676,0.7245082855224609,632,6514
gpt-j-6b-fp32,C_imp_asc,0.200893,90,90,SAME-MORE,pair7,P,-2.016712188720703,0.766871452331543,632,22111
gpt-j-6b-fp32,C_imp_asc,0.200893,90,90,SAME-MORE,pair7,Q,-2.295077323913574,0.29034996032714844,632,22111
gpt-j-6b-fp32,C_imp_asc,0.200893,90,90,SAME-MORE,pair8,P,-2.035135269165039,0.39834022521972656,581,969
gpt-j-6b-fp32,C_imp_asc,0.200893,90,90,SAME-MORE,pair8,Q,-2.3099966049194336,-0.5984773635864258,581,969
gpt-j-6b-fp32,C_imp_asc,0.200893,90,90,SAME-MORE,pair9,P,-2.4103403091430664,1.1302852630615234,27059,34439
gpt-j-6b-fp32,C_imp_asc,0.200893,90,90,SAME-MORE,pair9,Q,-2.6679506301879883,0.19197750091552734,1928,34439
gpt-j-6b-fp32,C_imp_asc,0.200893,90,90,SAME-LESS,pair0,P,-2.437713623046875,3.4408369064331055,632,39733
gpt-j-6b-fp32,C_imp_asc,0.200893,90,90,SAME-LESS,pair0,Q,-2.4967050552368164,2.7222824096679688,39733,39733
gpt-j-6b-fp32,C_imp_asc,0.200893,90,90,SAME-LESS,pair1,P,-1.2822198867797852,3.1490402221679688,27059,18605
gpt-j-6b-fp32,C_imp_asc,0.200893,90,90,SAME-LESS,pair1,Q,-2.8916807174682617,2.500751495361328,19157,18605
gpt-j-6b-fp32,C_imp_asc,0.200893,90,90,SAME-LESS,pair2,P,-3.564883232116699,7.069085121154785,632,8038
gpt-j-6b-fp32,C_imp_asc,0.200893,90,90,SAME-LESS,pair2,Q,-2.9308300018310547,6.044203758239746,632,8038
gpt-j-6b-fp32,C_imp_asc,0.200893,90,90,SAME-LESS,pair3,P,-1.9130468368530273,3.6282482147216797,27059,969
gpt-j-6b-fp32,C_imp_asc,0.200893,90,90,SAME-LESS,pair3,Q,-2.5312013626098633,3.0653905868530273,632,5930
gpt-j-6b-fp32,C_imp_asc,0.200893,90,90,SAME-LESS,pair4,P,-2.249593734741211,3.727691650390625,27059,23448
gpt-j-6b-fp32,C_imp_asc,0.200893,90,90,SAME-LESS,pair4,Q,-2.6949501037597656,3.4295616149902344,632,23448
gpt-j-6b-fp32,C_imp_asc,0.200893,90,90,SAME-LESS,pair5,P,-1.967869758605957,3.8826074600219727,27059,969
gpt-j-6b-fp32,C_imp_asc,0.200893,90,90,SAME-LESS,pair5,Q,-2.5042619705200195,3.4952573776245117,632,969
gpt-j-6b-fp32,C_imp_asc,0.200893,90,90,SAME-LESS,pair6,P,-1.8535337448120117,4.066191673278809,27059,6514
gpt-j-6b-fp32,C_imp_asc,0.200893,90,90,SAME-LESS,pair6,Q,-2.519333839416504,3.783843994140625,632,6514
gpt-j-6b-fp32,C_imp_asc,0.200893,90,90,SAME-LESS,pair7,P,-2.1604604721069336,4.046268463134766,632,22111
gpt-j-6b-fp32,C_imp_asc,0.200893,90,90,SAME-LESS,pair7,Q,-2.450784683227539,3.564352035522461,632,22111
gpt-j-6b-fp32,C_imp_asc,0.200893,90,90,SAME-LESS,pair8,P,-1.9328947067260742,3.5308961868286133,581,969
gpt-j-6b-fp32,C_imp_asc,0.200893,90,90,SAME-LESS,pair8,Q,-2.311779022216797,2.421847343444824,581,581
gpt-j-6b-fp32,C_imp_asc,0.200893,90,90,SAME-LESS,pair9,P,-2.546773910522461,2.311274528503418,27059,34439
gpt-j-6b-fp32,C_imp_asc,0.200893,90,90,SAME-LESS,pair9,Q,-2.7298851013183594,0.9895353317260742,1928,34439
gpt-j-6b-fp32,C_imp_asc,0.200893,90,90,OPP-MORE,pair0,P,-6.489306926727295,1.7001047134399414,632,39733
gpt-j-6b-fp32,C_imp_asc,0.200893,90,90,OPP-MORE,pair0,Q,-3.3696179389953613,0.4546546936035156,39733,39733
gpt-j-6b-fp32,C_imp_asc,0.200893,90,90,OPP-MORE,pair1,P,-6.3385396003723145,1.5565929412841797,27059,18605
gpt-j-6b-fp32,C_imp_asc,0.200893,90,90,OPP-MORE,pair1,Q,-4.402154445648193,0.5711460113525391,19157,18605
gpt-j-6b-fp32,C_imp_asc,0.200893,90,90,OPP-MORE,pair2,P,-6.007017135620117,3.3873205184936523,27059,8038
gpt-j-6b-fp32,C_imp_asc,0.200893,90,90,OPP-MORE,pair2,Q,-4.180238246917725,1.2394189834594727,632,8038
gpt-j-6b-fp32,C_imp_asc,0.200893,90,90,OPP-MORE,pair3,P,-6.980590343475342,0.7978544235229492,27059,969
gpt-j-6b-fp32,C_imp_asc,0.200893,90,90,OPP-MORE,pair3,Q,-3.904735565185547,0.1737518310546875,5930,5930
gpt-j-6b-fp32,C_imp_asc,0.200893,90,90,OPP-MORE,pair4,P,-6.371766567230225,2.12457275390625,27059,23448
gpt-j-6b-fp32,C_imp_asc,0.200893,90,90,OPP-MORE,pair4,Q,-3.996027946472168,1.415724754333496,632,23448
gpt-j-6b-fp32,C_imp_asc,0.200893,90,90,OPP-MORE,pair5,P,-6.571239948272705,1.7251043319702148,27059,969
gpt-j-6b-fp32,C_imp_asc,0.200893,90,90,OPP-MORE,pair5,Q,-3.851445198059082,0.5408544540405273,632,969
gpt-j-6b-fp32,C_imp_asc,0.200893,90,90,OPP-MORE,pair6,P,-6.060027599334717,1.5651655197143555,27059,6514
gpt-j-6b-fp32,C_imp_asc,0.200893,90,90,OPP-MORE,pair6,Q,-3.677055835723877,1.031606674194336,632,6514
gpt-j-6b-fp32,C_imp_asc,0.200893,90,90,OPP-MORE,pair7,P,-5.966444730758667,1.0898771286010742,632,22111
gpt-j-6b-fp32,C_imp_asc,0.200893,90,90,OPP-MORE,pair7,Q,-2.791107654571533,0.6453742980957031,632,22111
gpt-j-6b-fp32,C_imp_asc,0.200893,90,90,OPP-MORE,pair8,P,-7.271706819534302,0.9071264266967773,1874,969
gpt-j-6b-fp32,C_imp_asc,0.200893,90,90,OPP-MORE,pair8,Q,-3.9767465591430664,-0.2134256362915039,1874,581
gpt-j-6b-fp32,C_imp_asc,0.200893,90,90,OPP-MORE,pair9,P,-6.715471029281616,1.6584482192993164,27059,34439
gpt-j-6b-fp32,C_imp_asc,0.200893,90,90,OPP-MORE,pair9,Q,-4.219471454620361,0.6903886795043945,23663,34439
gpt-j-6b-fp32,C_imp_asc,0.200893,90,90,OPP-LESS,pair0,P,-6.624622821807861,2.7891311645507812,632,39733
gpt-j-6b-fp32,C_imp_asc,0.200893,90,90,OPP-LESS,pair0,Q,-3.496307849884033,1.9731454849243164,39733,39733
gpt-j-6b-fp32,C_imp_asc,0.200893,90,90,OPP-LESS,pair1,P,-6.368589878082275,2.891969680786133,27059,18605
gpt-j-6b-fp32,C_imp_asc,0.200893,90,90,OPP-LESS,pair1,Q,-4.452192306518555,2.308650016784668,19157,18605
gpt-j-6b-fp32,C_imp_asc,0.200893,90,90,OPP-LESS,pair2,P,-6.030059337615967,6.980648040771484,27059,8038
gpt-j-6b-fp32,C_imp_asc,0.200893,90,90,OPP-LESS,pair2,Q,-4.207077503204346,5.725485801696777,632,8038
gpt-j-6b-fp32,C_imp_asc,0.200893,90,90,OPP-LESS,pair3,P,-7.066789627075195,3.2799177169799805,27059,969
gpt-j-6b-fp32,C_imp_asc,0.200893,90,90,OPP-LESS,pair3,Q,-3.9542784690856934,2.646028518676758,5930,5930
gpt-j-6b-fp32,C_imp_asc,0.200893,90,90,OPP-LESS,pair4,P,-6.4064717292785645,3.6446990966796875,27059,23448
gpt-j-6b-fp32,C_imp_asc,0.200893,90,90,OPP-LESS,pair4,Q,-4.058063983917236,3.2224855422973633,632,23448
gpt-j-6b-fp32,C_imp_asc,0.200893,90,90,OPP-LESS,pair5,P,-6.574471950531006,3.868069648742676,27059,969
gpt-j-6b-fp32,C_imp_asc,0.200893,90,90,OPP-LESS,pair5,Q,-3.926044464111328,3.6210031509399414,632,969
gpt-j-6b-fp32,C_imp_asc,0.200893,90,90,OPP-LESS,pair6,P,-6.13419771194458,3.0073204040527344,27059,6514
gpt-j-6b-fp32,C_imp_asc,0.200893,90,90,OPP-LESS,pair6,Q,-3.7361249923706055,2.6890735626220703,632,6514
gpt-j-6b-fp32,C_imp_asc,0.200893,90,90,OPP-LESS,pair7,P,-6.107012748718262,3.6329593658447266,632,22111
gpt-j-6b-fp32,C_imp_asc,0.200893,90,90,OPP-LESS,pair7,Q,-2.8762078285217285,2.9951868057250977,632,22111
gpt-j-6b-fp32,C_imp_asc,0.200893,90,90,OPP-LESS,pair8,P,-7.278327226638794,3.5383663177490234,1874,969
gpt-j-6b-fp32,C_imp_asc,0.200893,90,90,OPP-LESS,pair8,Q,-4.019711017608643,2.344510078430176,1874,581
gpt-j-6b-fp32,C_imp_asc,0.200893,90,90,OPP-LESS,pair9,P,-6.7842161655426025,2.173680305480957,27059,34439
gpt-j-6b-fp32,C_imp_asc,0.200893,90,90,OPP-LESS,pair9,Q,-4.320006847381592,0.9304141998291016,23663,34439
gpt-j-6b-fp32,C_imp_asc,0.200893,90,90,MORE-LESS,pair0,P,0.01995086669921875,0.03194236755371094,10255,10255
gpt-j-6b-fp32,C_imp_asc,0.200893,90,90,MORE-LESS,pair0,Q,0.007992744445800781,-0.025163650512695312,10255,10255
gpt-j-6b-fp32,C_imp_asc,0.200893,90,90,MORE-LESS,pair1,P,-0.035228729248046875,0.009515762329101562,18605,18605
gpt-j-6b-fp32,C_imp_asc,0.200893,90,90,MORE-LESS,pair1,Q,-0.048915863037109375,0.026096343994140625,18605,18605
gpt-j-6b-fp32,C_imp_asc,0.200893,90,90,MORE-LESS,pair2,P,-0.165191650390625,0.18764591217041016,8038,8038
gpt-j-6b-fp32,C_imp_asc,0.200893,90,90,MORE-LESS,pair2,Q,-0.23035049438476562,0.15311527252197266,8038,8038
gpt-j-6b-fp32,C_imp_asc,0.200893,90,90,MORE-LESS,pair3,P,0.03733062744140625,0.03936290740966797,1234,1234
gpt-j-6b-fp32,C_imp_asc,0.200893,90,90,MORE-LESS,pair3,Q,-0.052097320556640625,-0.02379894256591797,1234,5930
gpt-j-6b-fp32,C_imp_asc,0.200893,90,90,MORE-LESS,pair4,P,-0.13718318939208984,0.009129524230957031,23448,23448
gpt-j-6b-fp32,C_imp_asc,0.200893,90,90,MORE-LESS,pair4,Q,-0.16843891143798828,-0.04612255096435547,23448,23448
gpt-j-6b-fp32,C_imp_asc,0.200893,90,90,MORE-LESS,pair5,P,0.052567481994628906,0.1541891098022461,969,969
gpt-j-6b-fp32,C_imp_asc,0.200893,90,90,MORE-LESS,pair5,Q,0.048857688903808594,0.06621932983398438,1426,1426
gpt-j-6b-fp32,C_imp_asc,0.200893,90,90,MORE-LESS,pair6,P,-0.3107166290283203,0.16199016571044922,6514,6514
gpt-j-6b-fp32,C_imp_asc,0.200893,90,90,MORE-LESS,pair6,Q,-0.3072690963745117,0.1662731170654297,6514,6514
gpt-j-6b-fp32,C_imp_asc,0.200893,90,90,MORE-LESS,pair7,P,0.009064674377441406,-0.0169219970703125,22111,22111
gpt-j-6b-fp32,C_imp_asc,0.200893,90,90,MORE-LESS,pair7,Q,-0.019933700561523438,-0.03462409973144531,22111,22111
gpt-j-6b-fp32,C_imp_asc,0.200893,90,90,MORE-LESS,pair8,P,-0.017885208129882812,-0.013772010803222656,969,969
gpt-j-6b-fp32,C_imp_asc,0.200893,90,90,MORE-LESS,pair8,Q,-0.008481025695800781,-0.08131980895996094,969,969
gpt-j-6b-fp32,C_imp_asc,0.200893,90,90,MORE-LESS,pair9,P,-0.2148876190185547,-0.048300743103027344,34439,34439
gpt-j-6b-fp32,C_imp_asc,0.200893,90,90,MORE-LESS,pair9,Q,-0.19519996643066406,-0.10806083679199219,34439,34439
gpt-j-6b-fp32,C_imp_asc,0.3,134,90,SAME-OPP,pair0,P,0.01998424530029297,-0.09296512603759766,632,632
gpt-j-6b-fp32,C_imp_asc,0.3,134,90,SAME-OPP,pair0,Q,0.067047119140625,0.17544078826904297,39733,39733
gpt-j-6b-fp32,C_imp_asc,0.3,134,90,SAME-OPP,pair1,P,-0.025175094604492188,-0.013785362243652344,27059,27059
gpt-j-6b-fp32,C_imp_asc,0.3,134,90,SAME-OPP,pair1,Q,0.05574798583984375,0.15897274017333984,19157,19157
gpt-j-6b-fp32,C_imp_asc,0.3,134,90,SAME-OPP,pair2,P,0.25260257720947266,-0.04803466796875,632,27059
gpt-j-6b-fp32,C_imp_asc,0.3,134,90,SAME-OPP,pair2,Q,0.24453353881835938,0.09953117370605469,632,632
gpt-j-6b-fp32,C_imp_asc,0.3,134,90,SAME-OPP,pair3,P,-0.004815101623535156,-0.19653034210205078,27059,27059
gpt-j-6b-fp32,C_imp_asc,0.3,134,90,SAME-OPP,pair3,Q,0.0025463104248046875,0.012763023376464844,632,632
gpt-j-6b-fp32,C_imp_asc,0.3,134,90,SAME-OPP,pair4,P,-0.0869741439819336,-0.14515113830566406,27059,27059
gpt-j-6b-fp32,C_imp_asc,0.3,134,90,SAME-OPP,pair4,Q,0.046303749084472656,-0.007561683654785156,632,632
gpt-j-6b-fp32,C_imp_asc,0.3,134,90,SAME-OPP,pair5,P,-0.024832725524902344,-0.13893699645996094,27059,27059
gpt-j-6b-fp32,C_imp_asc,0.3,134,90,SAME-OPP,pair5,Q,0.09035301208496094,0.06233024597167969,632,632
gpt-j-6b-fp32,C_imp_asc,0.3,134,90,SAME-OPP,pair6,P,-0.0724935531616211,-0.15794849395751953,27059,27059
gpt-j-6b-fp32,C_imp_asc,0.3,134,90,SAME-OPP,pair6,Q,0.03909873962402344,0.012125968933105469,632,632
gpt-j-6b-fp32,C_imp_asc,0.3,134,90,SAME-OPP,pair7,P,0.02767658233642578,-0.17882442474365234,632,632
gpt-j-6b-fp32,C_imp_asc,0.3,134,90,SAME-OPP,pair7,Q,0.04294586181640625,0.03652191162109375,632,632
gpt-j-6b-fp32,C_imp_asc,0.3,134,90,SAME-OPP,pair8,P,-0.0690317153930664,-0.18065834045410156,581,632
gpt-j-6b-fp32,C_imp_asc,0.3,134,90,SAME-OPP,pair8,Q,0.1474008560180664,0.14945220947265625,581,1874
gpt-j-6b-fp32,C_imp_asc,0.3,134,90,SAME-OPP,pair9,P,0.015550613403320312,-0.07439708709716797,27059,27059
gpt-j-6b-fp32,C_imp_asc,0.3,134,90,SAME-OPP,pair9,Q,0.12366294860839844,0.07625675201416016,1928,23663
gpt-j-6b-fp32,C_imp_asc,0.3,134,90,SAME-MORE,pair0,P,-2.346957206726074,1.2412033081054688,632,39733
gpt-j-6b-fp32,C_imp_asc,0.3,134,90,SAME-MORE,pair0,Q,-2.416748046875,0.05876922607421875,39733,39733
gpt-j-6b-fp32,C_imp_asc,0.3,134,90,SAME-MORE,pair1,P,-1.3185043334960938,1.3471345901489258,27059,18605
gpt-j-6b-fp32,C_imp_asc,0.3,134,90,SAME-MORE,pair1,Q,-2.8509702682495117,0.38913631439208984,19157,18605
gpt-j-6b-fp32,C_imp_asc,0.3,134,90,SAME-MORE,pair2,P,-3.570829391479492,2.8825578689575195,632,8038
gpt-j-6b-fp32,C_imp_asc,0.3,134,90,SAME-MORE,pair2,Q,-2.889179229736328,0.8271408081054688,632,8038
gpt-j-6b-fp32,C_imp_asc,0.3,134,90,SAME-MORE,pair3,P,-1.930093765258789,0.5748090744018555,27059,969
gpt-j-6b-fp32,C_imp_asc,0.3,134,90,SAME-MORE,pair3,Q,-2.5742721557617188,-0.052626609802246094,632,5930
gpt-j-6b-fp32,C_imp_asc,0.3,134,90,SAME-MORE,pair4,P,-2.256930351257324,1.864161491394043,27059,23448
gpt-j-6b-fp32,C_imp_asc,0.3,134,90,SAME-MORE,pair4,Q,-2.717439651489258,1.089761734008789,632,23448
gpt-j-6b-fp32,C_imp_asc,0.3,134,90,SAME-MORE,pair5,P,-1.937051773071289,1.4165430068969727,27059,969
gpt-j-6b-fp32,C_imp_asc,0.3,134,90,SAME-MORE,pair5,Q,-2.4405927658081055,0.24802398681640625,632,969
gpt-j-6b-fp32,C_imp_asc,0.3,134,90,SAME-MORE,pair6,P,-1.9907293319702148,1.226832389831543,27059,6514
gpt-j-6b-fp32,C_imp_asc,0.3,134,90,SAME-MORE,pair6,Q,-2.546780586242676,0.7245082855224609,632,6514
gpt-j-6b-fp32,C_imp_asc,0.3,134,90,SAME-MORE,pair7,P,-2.016712188720703,0.766871452331543,632,22111
gpt-j-6b-fp32,C_imp_asc,0.3,134,90,SAME-MORE,pair7,Q,-2.295077323913574,0.29034996032714844,632,22111
gpt-j-6b-fp32,C_imp_asc,0.3,134,90,SAME-MORE,pair8,P,-2.035135269165039,0.39834022521972656,581,969
gpt-j-6b-fp32,C_imp_asc,0.3,134,90,SAME-MORE,pair8,Q,-2.3099966049194336,-0.5984773635864258,581,969
gpt-j-6b-fp32,C_imp_asc,0.3,134,90,SAME-MORE,pair9,P,-2.4103403091430664,1.1302852630615234,27059,34439
gpt-j-6b-fp32,C_imp_asc,0.3,134,90,SAME-MORE,pair9,Q,-2.6679506301879883,0.19197750091552734,1928,34439
gpt-j-6b-fp32,C_imp_asc,0.3,134,90,SAME-LESS,pair0,P,-2.437713623046875,3.4408369064331055,632,39733
gpt-j-6b-fp32,C_imp_asc,0.3,134,90,SAME-LESS,pair0,Q,-2.4967050552368164,2.7222824096679688,39733,39733
gpt-j-6b-fp32,C_imp_asc,0.3,134,90,SAME-LESS,pair1,P,-1.2822198867797852,3.1490402221679688,27059,18605
gpt-j-6b-fp32,C_imp_asc,0.3,134,90,SAME-LESS,pair1,Q,-2.8916807174682617,2.500751495361328,19157,18605
gpt-j-6b-fp32,C_imp_asc,0.3,134,90,SAME-LESS,pair2,P,-3.564883232116699,7.069085121154785,632,8038
gpt-j-6b-fp32,C_imp_asc,0.3,134,90,SAME-LESS,pair2,Q,-2.9308300018310547,6.044203758239746,632,8038
gpt-j-6b-fp32,C_imp_asc,0.3,134,90,SAME-LESS,pair3,P,-1.9130468368530273,3.6282482147216797,27059,969
gpt-j-6b-fp32,C_imp_asc,0.3,134,90,SAME-LESS,pair3,Q,-2.5312013626098633,3.0653905868530273,632,5930
gpt-j-6b-fp32,C_imp_asc,0.3,134,90,SAME-LESS,pair4,P,-2.249593734741211,3.727691650390625,27059,23448
gpt-j-6b-fp32,C_imp_asc,0.3,134,90,SAME-LESS,pair4,Q,-2.6949501037597656,3.4295616149902344,632,23448
gpt-j-6b-fp32,C_imp_asc,0.3,134,90,SAME-LESS,pair5,P,-1.967869758605957,3.8826074600219727,27059,969
gpt-j-6b-fp32,C_imp_asc,0.3,134,90,SAME-LESS,pair5,Q,-2.5042619705200195,3.4952573776245117,632,969
gpt-j-6b-fp32,C_imp_asc,0.3,134,90,SAME-LESS,pair6,P,-1.8535337448120117,4.066191673278809,27059,6514
gpt-j-6b-fp32,C_imp_asc,0.3,134,90,SAME-LESS,pair6,Q,-2.519333839416504,3.783843994140625,632,6514
gpt-j-6b-fp32,C_imp_asc,0.3,134,90,SAME-LESS,pair7,P,-2.1604604721069336,4.046268463134766,632,22111
gpt-j-6b-fp32,C_imp_asc,0.3,134,90,SAME-LESS,pair7,Q,-2.450784683227539,3.564352035522461,632,22111
gpt-j-6b-fp32,C_imp_asc,0.3,134,90,SAME-LESS,pair8,P,-1.9328947067260742,3.5308961868286133,581,969
gpt-j-6b-fp32,C_imp_asc,0.3,134,90,SAME-LESS,pair8,Q,-2.311779022216797,2.421847343444824,581,581
gpt-j-6b-fp32,C_imp_asc,0.3,134,90,SAME-LESS,pair9,P,-2.546773910522461,2.311274528503418,27059,34439
gpt-j-6b-fp32,C_imp_asc,0.3,134,90,SAME-LESS,pair9,Q,-2.7298851013183594,0.9895353317260742,1928,34439
gpt-j-6b-fp32,C_imp_asc,0.3,134,90,OPP-MORE,pair0,P,-6.489306926727295,1.7001047134399414,632,39733
gpt-j-6b-fp32,C_imp_asc,0.3,134,90,OPP-MORE,pair0,Q,-3.3696179389953613,0.4546546936035156,39733,39733
gpt-j-6b-fp32,C_imp_asc,0.3,134,90,OPP-MORE,pair1,P,-6.3385396003723145,1.5565929412841797,27059,18605
gpt-j-6b-fp32,C_imp_asc,0.3,134,90,OPP-MORE,pair1,Q,-4.402154445648193,0.5711460113525391,19157,18605
gpt-j-6b-fp32,C_imp_asc,0.3,134,90,OPP-MORE,pair2,P,-6.007017135620117,3.3873205184936523,27059,8038
gpt-j-6b-fp32,C_imp_asc,0.3,134,90,OPP-MORE,pair2,Q,-4.180238246917725,1.2394189834594727,632,8038
gpt-j-6b-fp32,C_imp_asc,0.3,134,90,OPP-MORE,pair3,P,-6.980590343475342,0.7978544235229492,27059,969
gpt-j-6b-fp32,C_imp_asc,0.3,134,90,OPP-MORE,pair3,Q,-3.904735565185547,0.1737518310546875,5930,5930
gpt-j-6b-fp32,C_imp_asc,0.3,134,90,OPP-MORE,pair4,P,-6.371766567230225,2.12457275390625,27059,23448
gpt-j-6b-fp32,C_imp_asc,0.3,134,90,OPP-MORE,pair4,Q,-3.996027946472168,1.415724754333496,632,23448
gpt-j-6b-fp32,C_imp_asc,0.3,134,90,OPP-MORE,pair5,P,-6.571239948272705,1.7251043319702148,27059,969
gpt-j-6b-fp32,C_imp_asc,0.3,134,90,OPP-MORE,pair5,Q,-3.851445198059082,0.5408544540405273,632,969
gpt-j-6b-fp32,C_imp_asc,0.3,134,90,OPP-MORE,pair6,P,-6.060027599334717,1.5651655197143555,27059,6514
gpt-j-6b-fp32,C_imp_asc,0.3,134,90,OPP-MORE,pair6,Q,-3.677055835723877,1.031606674194336,632,6514
gpt-j-6b-fp32,C_imp_asc,0.3,134,90,OPP-MORE,pair7,P,-5.966444730758667,1.0898771286010742,632,22111
gpt-j-6b-fp32,C_imp_asc,0.3,134,90,OPP-MORE,pair7,Q,-2.791107654571533,0.6453742980957031,632,22111
gpt-j-6b-fp32,C_imp_asc,0.3,134,90,OPP-MORE,pair8,P,-7.271706819534302,0.9071264266967773,1874,969
gpt-j-6b-fp32,C_imp_asc,0.3,134,90,OPP-MORE,pair8,Q,-3.9767465591430664,-0.2134256362915039,1874,581
gpt-j-6b-fp32,C_imp_asc,0.3,134,90,OPP-MORE,pair9,P,-6.715471029281616,1.6584482192993164,27059,34439
gpt-j-6b-fp32,C_imp_asc,0.3,134,90,OPP-MORE,pair9,Q,-4.219471454620361,0.6903886795043945,23663,34439
gpt-j-6b-fp32,C_imp_asc,0.3,134,90,OPP-LESS,pair0,P,-6.624622821807861,2.7891311645507812,632,39733
gpt-j-6b-fp32,C_imp_asc,0.3,134,90,OPP-LESS,pair0,Q,-3.496307849884033,1.9731454849243164,39733,39733
gpt-j-6b-fp32,C_imp_asc,0.3,134,90,OPP-LESS,pair1,P,-6.368589878082275,2.891969680786133,27059,18605
gpt-j-6b-fp32,C_imp_asc,0.3,134,90,OPP-LESS,pair1,Q,-4.452192306518555,2.308650016784668,19157,18605
gpt-j-6b-fp32,C_imp_asc,0.3,134,90,OPP-LESS,pair2,P,-6.030059337615967,6.980648040771484,27059,8038
gpt-j-6b-fp32,C_imp_asc,0.3,134,90,OPP-LESS,pair2,Q,-4.207077503204346,5.725485801696777,632,8038
gpt-j-6b-fp32,C_imp_asc,0.3,134,90,OPP-LESS,pair3,P,-7.066789627075195,3.2799177169799805,27059,969
gpt-j-6b-fp32,C_imp_asc,0.3,134,90,OPP-LESS,pair3,Q,-3.9542784690856934,2.646028518676758,5930,5930
gpt-j-6b-fp32,C_imp_asc,0.3,134,90,OPP-LESS,pair4,P,-6.4064717292785645,3.6446990966796875,27059,23448
gpt-j-6b-fp32,C_imp_asc,0.3,134,90,OPP-LESS,pair4,Q,-4.058063983917236,3.2224855422973633,632,23448
gpt-j-6b-fp32,C_imp_asc,0.3,134,90,OPP-LESS,pair5,P,-6.574471950531006,3.868069648742676,27059,969
gpt-j-6b-fp32,C_imp_asc,0.3,134,90,OPP-LESS,pair5,Q,-3.926044464111328,3.6210031509399414,632,969
gpt-j-6b-fp32,C_imp_asc,0.3,134,90,OPP-LESS,pair6,P,-6.13419771194458,3.0073204040527344,27059,6514
gpt-j-6b-fp32,C_imp_asc,0.3,134,90,OPP-LESS,pair6,Q,-3.7361249923706055,2.6890735626220703,632,6514
gpt-j-6b-fp32,C_imp_asc,0.3,134,90,OPP-LESS,pair7,P,-6.107012748718262,3.6329593658447266,632,22111
gpt-j-6b-fp32,C_imp_asc,0.3,134,90,OPP-LESS,pair7,Q,-2.8762078285217285,2.9951868057250977,632,22111
gpt-j-6b-fp32,C_imp_asc,0.3,134,90,OPP-LESS,pair8,P,-7.278327226638794,3.5383663177490234,1874,969
gpt-j-6b-fp32,C_imp_asc,0.3,134,90,OPP-LESS,pair8,Q,-4.019711017608643,2.344510078430176,1874,581
gpt-j-6b-fp32,C_imp_asc,0.3,134,90,OPP-LESS,pair9,P,-6.7842161655426025,2.173680305480957,27059,34439
gpt-j-6b-fp32,C_imp_asc,0.3,134,90,OPP-LESS,pair9,Q,-4.320006847381592,0.9304141998291016,23663,34439
gpt-j-6b-fp32,C_imp_asc,0.3,134,90,MORE-LESS,pair0,P,0.01995086669921875,0.03194236755371094,10255,10255
gpt-j-6b-fp32,C_imp_asc,0.3,134,90,MORE-LESS,pair0,Q,0.007992744445800781,-0.025163650512695312,10255,10255
gpt-j-6b-fp32,C_imp_asc,0.3,134,90,MORE-LESS,pair1,P,-0.035228729248046875,0.009515762329101562,18605,18605
gpt-j-6b-fp32,C_imp_asc,0.3,134,90,MORE-LESS,pair1,Q,-0.048915863037109375,0.026096343994140625,18605,18605
gpt-j-6b-fp32,C_imp_asc,0.3,134,90,MORE-LESS,pair2,P,-0.165191650390625,0.18764591217041016,8038,8038
gpt-j-6b-fp32,C_imp_asc,0.3,134,90,MORE-LESS,pair2,Q,-0.23035049438476562,0.15311527252197266,8038,8038
gpt-j-6b-fp32,C_imp_asc,0.3,134,90,MORE-LESS,pair3,P,0.03733062744140625,0.03936290740966797,1234,1234
gpt-j-6b-fp32,C_imp_asc,0.3,134,90,MORE-LESS,pair3,Q,-0.052097320556640625,-0.02379894256591797,1234,5930
gpt-j-6b-fp32,C_imp_asc,0.3,134,90,MORE-LESS,pair4,P,-0.13718318939208984,0.009129524230957031,23448,23448
gpt-j-6b-fp32,C_imp_asc,0.3,134,90,MORE-LESS,pair4,Q,-0.16843891143798828,-0.04612255096435547,23448,23448
gpt-j-6b-fp32,C_imp_asc,0.3,134,90,MORE-LESS,pair5,P,0.052567481994628906,0.1541891098022461,969,969
gpt-j-6b-fp32,C_imp_asc,0.3,134,90,MORE-LESS,pair5,Q,0.048857688903808594,0.06621932983398438,1426,1426
gpt-j-6b-fp32,C_imp_asc,0.3,134,90,MORE-LESS,pair6,P,-0.3107166290283203,0.16199016571044922,6514,6514
gpt-j-6b-fp32,C_imp_asc,0.3,134,90,MORE-LESS,pair6,Q,-0.3072690963745117,0.1662731170654297,6514,6514
gpt-j-6b-fp32,C_imp_asc,0.3,134,90,MORE-LESS,pair7,P,0.009064674377441406,-0.0169219970703125,22111,22111
gpt-j-6b-fp32,C_imp_asc,0.3,134,90,MORE-LESS,pair7,Q,-0.019933700561523438,-0.03462409973144531,22111,22111
gpt-j-6b-fp32,C_imp_asc,0.3,134,90,MORE-LESS,pair8,P,-0.017885208129882812,-0.013772010803222656,969,969
gpt-j-6b-fp32,C_imp_asc,0.3,134,90,MORE-LESS,pair8,Q,-0.008481025695800781,-0.08131980895996094,969,969
gpt-j-6b-fp32,C_imp_asc,0.3,134,90,MORE-LESS,pair9,P,-0.2148876190185547,-0.048300743103027344,34439,34439
gpt-j-6b-fp32,C_imp_asc,0.3,134,90,MORE-LESS,pair9,Q,-0.19519996643066406,-0.10806083679199219,34439,34439
gpt-j-6b-fp32,C_imp_asc,0.5,224,90,SAME-OPP,pair0,P,0.01998424530029297,-0.09296512603759766,632,632
gpt-j-6b-fp32,C_imp_asc,0.5,224,90,SAME-OPP,pair0,Q,0.067047119140625,0.17544078826904297,39733,39733
gpt-j-6b-fp32,C_imp_asc,0.5,224,90,SAME-OPP,pair1,P,-0.025175094604492188,-0.013785362243652344,27059,27059
gpt-j-6b-fp32,C_imp_asc,0.5,224,90,SAME-OPP,pair1,Q,0.05574798583984375,0.15897274017333984,19157,19157
gpt-j-6b-fp32,C_imp_asc,0.5,224,90,SAME-OPP,pair2,P,0.25260257720947266,-0.04803466796875,632,27059
gpt-j-6b-fp32,C_imp_asc,0.5,224,90,SAME-OPP,pair2,Q,0.24453353881835938,0.09953117370605469,632,632
gpt-j-6b-fp32,C_imp_asc,0.5,224,90,SAME-OPP,pair3,P,-0.004815101623535156,-0.19653034210205078,27059,27059
gpt-j-6b-fp32,C_imp_asc,0.5,224,90,SAME-OPP,pair3,Q,0.0025463104248046875,0.012763023376464844,632,632
gpt-j-6b-fp32,C_imp_asc,0.5,224,90,SAME-OPP,pair4,P,-0.0869741439819336,-0.14515113830566406,27059,27059
gpt-j-6b-fp32,C_imp_asc,0.5,224,90,SAME-OPP,pair4,Q,0.046303749084472656,-0.007561683654785156,632,632
gpt-j-6b-fp32,C_imp_asc,0.5,224,90,SAME-OPP,pair5,P,-0.024832725524902344,-0.13893699645996094,27059,27059
gpt-j-6b-fp32,C_imp_asc,0.5,224,90,SAME-OPP,pair5,Q,0.09035301208496094,0.06233024597167969,632,632
gpt-j-6b-fp32,C_imp_asc,0.5,224,90,SAME-OPP,pair6,P,-0.0724935531616211,-0.15794849395751953,27059,27059
gpt-j-6b-fp32,C_imp_asc,0.5,224,90,SAME-OPP,pair6,Q,0.03909873962402344,0.012125968933105469,632,632
gpt-j-6b-fp32,C_imp_asc,0.5,224,90,SAME-OPP,pair7,P,0.02767658233642578,-0.17882442474365234,632,632
gpt-j-6b-fp32,C_imp_asc,0.5,224,90,SAME-OPP,pair7,Q,0.04294586181640625,0.03652191162109375,632,632
gpt-j-6b-fp32,C_imp_asc,0.5,224,90,SAME-OPP,pair8,P,-0.0690317153930664,-0.18065834045410156,581,632
gpt-j-6b-fp32,C_imp_asc,0.5,224,90,SAME-OPP,pair8,Q,0.1474008560180664,0.14945220947265625,581,1874
gpt-j-6b-fp32,C_imp_asc,0.5,224,90,SAME-OPP,pair9,P,0.015550613403320312,-0.07439708709716797,27059,27059
gpt-j-6b-fp32,C_imp_asc,0.5,224,90,SAME-OPP,pair9,Q,0.12366294860839844,0.07625675201416016,1928,23663
gpt-j-6b-fp32,C_imp_asc,0.5,224,90,SAME-MORE,pair0,P,-2.346957206726074,1.2412033081054688,632,39733
gpt-j-6b-fp32,C_imp_asc,0.5,224,90,SAME-MORE,pair0,Q,-2.416748046875,0.05876922607421875,39733,39733
gpt-j-6b-fp32,C_imp_asc,0.5,224,90,SAME-MORE,pair1,P,-1.3185043334960938,1.3471345901489258,27059,18605
gpt-j-6b-fp32,C_imp_asc,0.5,224,90,SAME-MORE,pair1,Q,-2.8509702682495117,0.38913631439208984,19157,18605
gpt-j-6b-fp32,C_imp_asc,0.5,224,90,SAME-MORE,pair2,P,-3.570829391479492,2.8825578689575195,632,8038
gpt-j-6b-fp32,C_imp_asc,0.5,224,90,SAME-MORE,pair2,Q,-2.889179229736328,0.8271408081054688,632,8038
gpt-j-6b-fp32,C_imp_asc,0.5,224,90,SAME-MORE,pair3,P,-1.930093765258789,0.5748090744018555,27059,969
gpt-j-6b-fp32,C_imp_asc,0.5,224,90,SAME-MORE,pair3,Q,-2.5742721557617188,-0.052626609802246094,632,5930
gpt-j-6b-fp32,C_imp_asc,0.5,224,90,SAME-MORE,pair4,P,-2.256930351257324,1.864161491394043,27059,23448
gpt-j-6b-fp32,C_imp_asc,0.5,224,90,SAME-MORE,pair4,Q,-2.717439651489258,1.089761734008789,632,23448
gpt-j-6b-fp32,C_imp_asc,0.5,224,90,SAME-MORE,pair5,P,-1.937051773071289,1.4165430068969727,27059,969
gpt-j-6b-fp32,C_imp_asc,0.5,224,90,SAME-MORE,pair5,Q,-2.4405927658081055,0.24802398681640625,632,969
gpt-j-6b-fp32,C_imp_asc,0.5,224,90,SAME-MORE,pair6,P,-1.9907293319702148,1.226832389831543,27059,6514
gpt-j-6b-fp32,C_imp_asc,0.5,224,90,SAME-MORE,pair6,Q,-2.546780586242676,0.7245082855224609,632,6514
gpt-j-6b-fp32,C_imp_asc,0.5,224,90,SAME-MORE,pair7,P,-2.016712188720703,0.766871452331543,632,22111
gpt-j-6b-fp32,C_imp_asc,0.5,224,90,SAME-MORE,pair7,Q,-2.295077323913574,0.29034996032714844,632,22111
gpt-j-6b-fp32,C_imp_asc,0.5,224,90,SAME-MORE,pair8,P,-2.035135269165039,0.39834022521972656,581,969
gpt-j-6b-fp32,C_imp_asc,0.5,224,90,SAME-MORE,pair8,Q,-2.3099966049194336,-0.5984773635864258,581,969
gpt-j-6b-fp32,C_imp_asc,0.5,224,90,SAME-MORE,pair9,P,-2.4103403091430664,1.1302852630615234,27059,34439
gpt-j-6b-fp32,C_imp_asc,0.5,224,90,SAME-MORE,pair9,Q,-2.6679506301879883,0.19197750091552734,1928,34439
gpt-j-6b-fp32,C_imp_asc,0.5,224,90,SAME-LESS,pair0,P,-2.437713623046875,3.4408369064331055,632,39733
gpt-j-6b-fp32,C_imp_asc,0.5,224,90,SAME-LESS,pair0,Q,-2.4967050552368164,2.7222824096679688,39733,39733
gpt-j-6b-fp32,C_imp_asc,0.5,224,90,SAME-LESS,pair1,P,-1.2822198867797852,3.1490402221679688,27059,18605
gpt-j-6b-fp32,C_imp_asc,0.5,224,90,SAME-LESS,pair1,Q,-2.8916807174682617,2.500751495361328,19157,18605
gpt-j-6b-fp32,C_imp_asc,0.5,224,90,SAME-LESS,pair2,P,-3.564883232116699,7.069085121154785,632,8038
gpt-j-6b-fp32,C_imp_asc,0.5,224,90,SAME-LESS,pair2,Q,-2.9308300018310547,6.044203758239746,632,8038
gpt-j-6b-fp32,C_imp_asc,0.5,224,90,SAME-LESS,pair3,P,-1.9130468368530273,3.6282482147216797,27059,969
gpt-j-6b-fp32,C_imp_asc,0.5,224,90,SAME-LESS,pair3,Q,-2.5312013626098633,3.0653905868530273,632,5930
gpt-j-6b-fp32,C_imp_asc,0.5,224,90,SAME-LESS,pair4,P,-2.249593734741211,3.727691650390625,27059,23448
gpt-j-6b-fp32,C_imp_asc,0.5,224,90,SAME-LESS,pair4,Q,-2.6949501037597656,3.4295616149902344,632,23448
gpt-j-6b-fp32,C_imp_asc,0.5,224,90,SAME-LESS,pair5,P,-1.967869758605957,3.8826074600219727,27059,969
gpt-j-6b-fp32,C_imp_asc,0.5,224,90,SAME-LESS,pair5,Q,-2.5042619705200195,3.4952573776245117,632,969
gpt-j-6b-fp32,C_imp_asc,0.5,224,90,SAME-LESS,pair6,P,-1.8535337448120117,4.066191673278809,27059,6514
gpt-j-6b-fp32,C_imp_asc,0.5,224,90,SAME-LESS,pair6,Q,-2.519333839416504,3.783843994140625,632,6514
gpt-j-6b-fp32,C_imp_asc,0.5,224,90,SAME-LESS,pair7,P,-2.1604604721069336,4.046268463134766,632,22111
gpt-j-6b-fp32,C_imp_asc,0.5,224,90,SAME-LESS,pair7,Q,-2.450784683227539,3.564352035522461,632,22111
gpt-j-6b-fp32,C_imp_asc,0.5,224,90,SAME-LESS,pair8,P,-1.9328947067260742,3.5308961868286133,581,969
gpt-j-6b-fp32,C_imp_asc,0.5,224,90,SAME-LESS,pair8,Q,-2.311779022216797,2.421847343444824,581,581
gpt-j-6b-fp32,C_imp_asc,0.5,224,90,SAME-LESS,pair9,P,-2.546773910522461,2.311274528503418,27059,34439
gpt-j-6b-fp32,C_imp_asc,0.5,224,90,SAME-LESS,pair9,Q,-2.7298851013183594,0.9895353317260742,1928,34439
gpt-j-6b-fp32,C_imp_asc,0.5,224,90,OPP-MORE,pair0,P,-6.489306926727295,1.7001047134399414,632,39733
gpt-j-6b-fp32,C_imp_asc,0.5,224,90,OPP-MORE,pair0,Q,-3.3696179389953613,0.4546546936035156,39733,39733
gpt-j-6b-fp32,C_imp_asc,0.5,224,90,OPP-MORE,pair1,P,-6.3385396003723145,1.5565929412841797,27059,18605
gpt-j-6b-fp32,C_imp_asc,0.5,224,90,OPP-MORE,pair1,Q,-4.402154445648193,0.5711460113525391,19157,18605
gpt-j-6b-fp32,C_imp_asc,0.5,224,90,OPP-MORE,pair2,P,-6.007017135620117,3.3873205184936523,27059,8038
gpt-j-6b-fp32,C_imp_asc,0.5,224,90,OPP-MORE,pair2,Q,-4.180238246917725,1.2394189834594727,632,8038
gpt-j-6b-fp32,C_imp_asc,0.5,224,90,OPP-MORE,pair3,P,-6.980590343475342,0.7978544235229492,27059,969
gpt-j-6b-fp32,C_imp_asc,0.5,224,90,OPP-MORE,pair3,Q,-3.904735565185547,0.1737518310546875,5930,5930
gpt-j-6b-fp32,C_imp_asc,0.5,224,90,OPP-MORE,pair4,P,-6.371766567230225,2.12457275390625,27059,23448
gpt-j-6b-fp32,C_imp_asc,0.5,224,90,OPP-MORE,pair4,Q,-3.996027946472168,1.415724754333496,632,23448
gpt-j-6b-fp32,C_imp_asc,0.5,224,90,OPP-MORE,pair5,P,-6.571239948272705,1.7251043319702148,27059,969
gpt-j-6b-fp32,C_imp_asc,0.5,224,90,OPP-MORE,pair5,Q,-3.851445198059082,0.5408544540405273,632,969
gpt-j-6b-fp32,C_imp_asc,0.5,224,90,OPP-MORE,pair6,P,-6.060027599334717,1.5651655197143555,27059,6514
gpt-j-6b-fp32,C_imp_asc,0.5,224,90,OPP-MORE,pair6,Q,-3.677055835723877,1.031606674194336,632,6514
gpt-j-6b-fp32,C_imp_asc,0.5,224,90,OPP-MORE,pair7,P,-5.966444730758667,1.0898771286010742,632,22111
gpt-j-6b-fp32,C_imp_asc,0.5,224,90,OPP-MORE,pair7,Q,-2.791107654571533,0.6453742980957031,632,22111
gpt-j-6b-fp32,C_imp_asc,0.5,224,90,OPP-MORE,pair8,P,-7.271706819534302,0.9071264266967773,1874,969
gpt-j-6b-fp32,C_imp_asc,0.5,224,90,OPP-MORE,pair8,Q,-3.9767465591430664,-0.2134256362915039,1874,581
gpt-j-6b-fp32,C_imp_asc,0.5,224,90,OPP-MORE,pair9,P,-6.715471029281616,1.6584482192993164,27059,34439
gpt-j-6b-fp32,C_imp_asc,0.5,224,90,OPP-MORE,pair9,Q,-4.219471454620361,0.6903886795043945,23663,34439
gpt-j-6b-fp32,C_imp_asc,0.5,224,90,OPP-LESS,pair0,P,-6.624622821807861,2.7891311645507812,632,39733
gpt-j-6b-fp32,C_imp_asc,0.5,224,90,OPP-LESS,pair0,Q,-3.496307849884033,1.9731454849243164,39733,39733
gpt-j-6b-fp32,C_imp_asc,0.5,224,90,OPP-LESS,pair1,P,-6.368589878082275,2.891969680786133,27059,18605
gpt-j-6b-fp32,C_imp_asc,0.5,224,90,OPP-LESS,pair1,Q,-4.452192306518555,2.308650016784668,19157,18605
gpt-j-6b-fp32,C_imp_asc,0.5,224,90,OPP-LESS,pair2,P,-6.030059337615967,6.980648040771484,27059,8038
gpt-j-6b-fp32,C_imp_asc,0.5,224,90,OPP-LESS,pair2,Q,-4.207077503204346,5.725485801696777,632,8038
gpt-j-6b-fp32,C_imp_asc,0.5,224,90,OPP-LESS,pair3,P,-7.066789627075195,3.2799177169799805,27059,969
gpt-j-6b-fp32,C_imp_asc,0.5,224,90,OPP-LESS,pair3,Q,-3.9542784690856934,2.646028518676758,5930,5930
gpt-j-6b-fp32,C_imp_asc,0.5,224,90,OPP-LESS,pair4,P,-6.4064717292785645,3.6446990966796875,27059,23448
gpt-j-6b-fp32,C_imp_asc,0.5,224,90,OPP-LESS,pair4,Q,-4.058063983917236,3.2224855422973633,632,23448
gpt-j-6b-fp32,C_imp_asc,0.5,224,90,OPP-LESS,pair5,P,-6.574471950531006,3.868069648742676,27059,969
gpt-j-6b-fp32,C_imp_asc,0.5,224,90,OPP-LESS,pair5,Q,-3.926044464111328,3.6210031509399414,632,969
gpt-j-6b-fp32,C_imp_asc,0.5,224,90,OPP-LESS,pair6,P,-6.13419771194458,3.0073204040527344,27059,6514
gpt-j-6b-fp32,C_imp_asc,0.5,224,90,OPP-LESS,pair6,Q,-3.7361249923706055,2.6890735626220703,632,6514
gpt-j-6b-fp32,C_imp_asc,0.5,224,90,OPP-LESS,pair7,P,-6.107012748718262,3.6329593658447266,632,22111
gpt-j-6b-fp32,C_imp_asc,0.5,224,90,OPP-LESS,pair7,Q,-2.8762078285217285,2.9951868057250977,632,22111
gpt-j-6b-fp32,C_imp_asc,0.5,224,90,OPP-LESS,pair8,P,-7.278327226638794,3.5383663177490234,1874,969
gpt-j-6b-fp32,C_imp_asc,0.5,224,90,OPP-LESS,pair8,Q,-4.019711017608643,2.344510078430176,1874,581
gpt-j-6b-fp32,C_imp_asc,0.5,224,90,OPP-LESS,pair9,P,-6.7842161655426025,2.173680305480957,27059,34439
gpt-j-6b-fp32,C_imp_asc,0.5,224,90,OPP-LESS,pair9,Q,-4.320006847381592,0.9304141998291016,23663,34439
gpt-j-6b-fp32,C_imp_asc,0.5,224,90,MORE-LESS,pair0,P,0.01995086669921875,0.03194236755371094,10255,10255
gpt-j-6b-fp32,C_imp_asc,0.5,224,90,MORE-LESS,pair0,Q,0.007992744445800781,-0.025163650512695312,10255,10255
gpt-j-6b-fp32,C_imp_asc,0.5,224,90,MORE-LESS,pair1,P,-0.035228729248046875,0.009515762329101562,18605,18605
gpt-j-6b-fp32,C_imp_asc,0.5,224,90,MORE-LESS,pair1,Q,-0.048915863037109375,0.026096343994140625,18605,18605
gpt-j-6b-fp32,C_imp_asc,0.5,224,90,MORE-LESS,pair2,P,-0.165191650390625,0.18764591217041016,8038,8038
gpt-j-6b-fp32,C_imp_asc,0.5,224,90,MORE-LESS,pair2,Q,-0.23035049438476562,0.15311527252197266,8038,8038
gpt-j-6b-fp32,C_imp_asc,0.5,224,90,MORE-LESS,pair3,P,0.03733062744140625,0.03936290740966797,1234,1234
gpt-j-6b-fp32,C_imp_asc,0.5,224,90,MORE-LESS,pair3,Q,-0.052097320556640625,-0.02379894256591797,1234,5930
gpt-j-6b-fp32,C_imp_asc,0.5,224,90,MORE-LESS,pair4,P,-0.13718318939208984,0.009129524230957031,23448,23448
gpt-j-6b-fp32,C_imp_asc,0.5,224,90,MORE-LESS,pair4,Q,-0.16843891143798828,-0.04612255096435547,23448,23448
gpt-j-6b-fp32,C_imp_asc,0.5,224,90,MORE-LESS,pair5,P,0.052567481994628906,0.1541891098022461,969,969
gpt-j-6b-fp32,C_imp_asc,0.5,224,90,MORE-LESS,pair5,Q,0.048857688903808594,0.06621932983398438,1426,1426
gpt-j-6b-fp32,C_imp_asc,0.5,224,90,MORE-LESS,pair6,P,-0.3107166290283203,0.16199016571044922,6514,6514
gpt-j-6b-fp32,C_imp_asc,0.5,224,90,MORE-LESS,pair6,Q,-0.3072690963745117,0.1662731170654297,6514,6514
gpt-j-6b-fp32,C_imp_asc,0.5,224,90,MORE-LESS,pair7,P,0.009064674377441406,-0.0169219970703125,22111,22111
gpt-j-6b-fp32,C_imp_asc,0.5,224,90,MORE-LESS,pair7,Q,-0.019933700561523438,-0.03462409973144531,22111,22111
gpt-j-6b-fp32,C_imp_asc,0.5,224,90,MORE-LESS,pair8,P,-0.017885208129882812,-0.013772010803222656,969,969
gpt-j-6b-fp32,C_imp_asc,0.5,224,90,MORE-LESS,pair8,Q,-0.008481025695800781,-0.08131980895996094,969,969
gpt-j-6b-fp32,C_imp_asc,0.5,224,90,MORE-LESS,pair9,P,-0.2148876190185547,-0.048300743103027344,34439,34439
gpt-j-6b-fp32,C_imp_asc,0.5,224,90,MORE-LESS,pair9,Q,-0.19519996643066406,-0.10806083679199219,34439,34439
gpt-j-6b-fp32,D_imp_asc,0.01,4,4,SAME-OPP,pair0,P,-0.0030050277709960938,-0.0013227462768554688,632,632
gpt-j-6b-fp32,D_imp_asc,0.01,4,4,SAME-OPP,pair0,Q,-0.0013141632080078125,-0.0007715225219726562,39733,39733
gpt-j-6b-fp32,D_imp_asc,0.01,4,4,SAME-OPP,pair1,P,-0.0033235549926757812,0.00033664703369140625,27059,27059
gpt-j-6b-fp32,D_imp_asc,0.01,4,4,SAME-OPP,pair1,Q,0.000255584716796875,0.0007658004760742188,19157,19157
gpt-j-6b-fp32,D_imp_asc,0.01,4,4,SAME-OPP,pair2,P,-0.0012636184692382812,0.00028705596923828125,632,632
gpt-j-6b-fp32,D_imp_asc,0.01,4,4,SAME-OPP,pair2,Q,0.0011615753173828125,7.62939453125e-05,632,632
gpt-j-6b-fp32,D_imp_asc,0.01,4,4,SAME-OPP,pair3,P,-0.0014753341674804688,-0.0014743804931640625,27059,27059
gpt-j-6b-fp32,D_imp_asc,0.01,4,4,SAME-OPP,pair3,Q,-0.000225067138671875,0.00041103363037109375,632,632
gpt-j-6b-fp32,D_imp_asc,0.01,4,4,SAME-OPP,pair4,P,-0.0013227462768554688,-0.0005006790161132812,27059,27059
gpt-j-6b-fp32,D_imp_asc,0.01,4,4,SAME-OPP,pair4,Q,-0.000179290771484375,-0.00030803680419921875,632,632
gpt-j-6b-fp32,D_imp_asc,0.01,4,4,SAME-OPP,pair5,P,0.00028896331787109375,0.00043201446533203125,27059,27059
gpt-j-6b-fp32,D_imp_asc,0.01,4,4,SAME-OPP,pair5,Q,-0.00023365020751953125,-8.487701416015625e-05,632,632
gpt-j-6b-fp32,D_imp_asc,0.01,4,4,SAME-OPP,pair6,P,-0.0029125213623046875,-0.00243377685546875,27059,27059
gpt-j-6b-fp32,D_imp_asc,0.01,4,4,SAME-OPP,pair6,Q,0.0010824203491210938,-0.00020313262939453125,632,632
gpt-j-6b-fp32,D_imp_asc,0.01,4,4,SAME-OPP,pair7,P,0.0013885498046875,0.004176139831542969,632,632
gpt-j-6b-fp32,D_imp_asc,0.01,4,4,SAME-OPP,pair7,Q,0.0009679794311523438,0.005574226379394531,632,632
gpt-j-6b-fp32,D_imp_asc,0.01,4,4,SAME-OPP,pair8,P,-0.0011224746704101562,0.00093841552734375,581,581
gpt-j-6b-fp32,D_imp_asc,0.01,4,4,SAME-OPP,pair8,Q,-0.0008687973022460938,-0.00022602081298828125,581,581
gpt-j-6b-fp32,D_imp_asc,0.01,4,4,SAME-OPP,pair9,P,-0.00234222412109375,0.0004100799560546875,27059,27059
gpt-j-6b-fp32,D_imp_asc,0.01,4,4,SAME-OPP,pair9,Q,-0.0005865097045898438,0.000331878662109375,1928,1928
gpt-j-6b-fp32,D_imp_asc,0.01,4,4,SAME-MORE,pair0,P,0.014791488647460938,0.008861541748046875,632,632
gpt-j-6b-fp32,D_imp_asc,0.01,4,4,SAME-MORE,pair0,Q,0.0034589767456054688,0.001102447509765625,39733,39733
gpt-j-6b-fp32,D_imp_asc,0.01,4,4,SAME-MORE,pair1,P,0.007502555847167969,-0.004923820495605469,27059,27059
gpt-j-6b-fp32,D_imp_asc,0.01,4,4,SAME-MORE,pair1,Q,-0.005309104919433594,-0.008231163024902344,19157,19157
gpt-j-6b-fp32,D_imp_asc,0.01,4,4,SAME-MORE,pair2,P,0.0036020278930664062,-0.015508651733398438,632,632
gpt-j-6b-fp32,D_imp_asc,0.01,4,4,SAME-MORE,pair2,Q,0.013873100280761719,-0.016748428344726562,632,632
gpt-j-6b-fp32,D_imp_asc,0.01,4,4,SAME-MORE,pair3,P,-0.00337982177734375,-0.005469322204589844,27059,27059
gpt-j-6b-fp32,D_imp_asc,0.01,4,4,SAME-MORE,pair3,Q,-0.004566192626953125,0.0012903213500976562,632,632
gpt-j-6b-fp32,D_imp_asc,0.01,4,4,SAME-MORE,pair4,P,0.0008401870727539062,-0.0023679733276367188,27059,27059
gpt-j-6b-fp32,D_imp_asc,0.01,4,4,SAME-MORE,pair4,Q,0.0032567977905273438,-0.0033626556396484375,632,632
gpt-j-6b-fp32,D_imp_asc,0.01,4,4,SAME-MORE,pair5,P,0.01665210723876953,0.007521629333496094,27059,27059
gpt-j-6b-fp32,D_imp_asc,0.01,4,4,SAME-MORE,pair5,Q,-0.0064525604248046875,0.008675575256347656,632,632
gpt-j-6b-fp32,D_imp_asc,0.01,4,4,SAME-MORE,pair6,P,0.0005979537963867188,-0.010823249816894531,27059,27059
gpt-j-6b-fp32,D_imp_asc,0.01,4,4,SAME-MORE,pair6,Q,0.0032682418823242188,-0.009490013122558594,632,632
gpt-j-6b-fp32,D_imp_asc,0.01,4,4,SAME-MORE,pair7,P,0.0017271041870117188,0.014670372009277344,632,632
gpt-j-6b-fp32,D_imp_asc,0.01,4,4,SAME-MORE,pair7,Q,-0.0006227493286132812,0.0013685226440429688,632,632
gpt-j-6b-fp32,D_imp_asc,0.01,4,4,SAME-MORE,pair8,P,0.006768226623535156,-0.004921913146972656,581,581
gpt-j-6b-fp32,D_imp_asc,0.01,4,4,SAME-MORE,pair8,Q,-0.007538795471191406,-0.0020532608032226562,581,581
gpt-j-6b-fp32,D_imp_asc,0.01,4,4,SAME-MORE,pair9,P,0.0095672607421875,-0.001430511474609375,27059,27059
gpt-j-6b-fp32,D_imp_asc,0.01,4,4,SAME-MORE,pair9,Q,0.001483917236328125,-0.0031499862670898438,1928,1928
gpt-j-6b-fp32,D_imp_asc,0.01,4,4,SAME-LESS,pair0,P,0.015370368957519531,-0.0034513473510742188,632,632
gpt-j-6b-fp32,D_imp_asc,0.01,4,4,SAME-LESS,pair0,Q,0.0048370361328125,-0.005400657653808594,39733,39733
gpt-j-6b-fp32,D_imp_asc,0.01,4,4,SAME-LESS,pair1,P,0.009453773498535156,-0.015366554260253906,27059,27059
gpt-j-6b-fp32,D_imp_asc,0.01,4,4,SAME-LESS,pair1,Q,-0.00311279296875,-0.024003028869628906,19157,19157
gpt-j-6b-fp32,D_imp_asc,0.01,4,4,SAME-LESS,pair2,P,0.0021190643310546875,-0.024514198303222656,632,632
gpt-j-6b-fp32,D_imp_asc,0.01,4,4,SAME-LESS,pair2,Q,0.014550209045410156,-0.0396881103515625,632,632
gpt-j-6b-fp32,D_imp_asc,0.01,4,4,SAME-LESS,pair3,P,-0.005188941955566406,0.002445220947265625,27059,27059
gpt-j-6b-fp32,D_imp_asc,0.01,4,4,SAME-LESS,pair3,Q,-0.0024356842041015625,0.006424903869628906,632,632
gpt-j-6b-fp32,D_imp_asc,0.01,4,4,SAME-LESS,pair4,P,0.0021505355834960938,-0.02777385711669922,27059,27059
gpt-j-6b-fp32,D_imp_asc,0.01,4,4,SAME-LESS,pair4,Q,0.0025358200073242188,-0.030263900756835938,632,632
gpt-j-6b-fp32,D_imp_asc,0.01,4,4,SAME-LESS,pair5,P,0.015222549438476562,0.006839752197265625,27059,27059
gpt-j-6b-fp32,D_imp_asc,0.01,4,4,SAME-LESS,pair5,Q,-0.002674102783203125,0.020644187927246094,632,632
gpt-j-6b-fp32,D_imp_asc,0.01,4,4,SAME-LESS,pair6,P,0.0027942657470703125,-0.020372390747070312,27059,27059
gpt-j-6b-fp32,D_imp_asc,0.01,4,4,SAME-LESS,pair6,Q,0.0056743621826171875,-0.009286880493164062,632,632
gpt-j-6b-fp32,D_imp_asc,0.01,4,4,SAME-LESS,pair7,P,-0.0004787445068359375,0.0009670257568359375,632,632
gpt-j-6b-fp32,D_imp_asc,0.01,4,4,SAME-LESS,pair7,Q,-0.0029020309448242188,0.023130416870117188,632,632
gpt-j-6b-fp32,D_imp_asc,0.01,4,4,SAME-LESS,pair8,P,0.007155418395996094,0.0054111480712890625,581,581
gpt-j-6b-fp32,D_imp_asc,0.01,4,4,SAME-LESS,pair8,Q,-0.005335807800292969,0.012708663940429688,581,581
gpt-j-6b-fp32,D_imp_asc,0.01,4,4,SAME-LESS,pair9,P,0.0113372802734375,0.0018434524536132812,27059,27059
gpt-j-6b-fp32,D_imp_asc,0.01,4,4,SAME-LESS,pair9,Q,0.002201080322265625,-0.011437416076660156,1928,1928
gpt-j-6b-fp32,D_imp_asc,0.01,4,4,OPP-MORE,pair0,P,0.008341789245605469,0.010075569152832031,632,632
gpt-j-6b-fp32,D_imp_asc,0.01,4,4,OPP-MORE,pair0,Q,0.005923271179199219,0.0007419586181640625,39733,39733
gpt-j-6b-fp32,D_imp_asc,0.01,4,4,OPP-MORE,pair1,P,0.0113525390625,-0.0029726028442382812,27059,27059
gpt-j-6b-fp32,D_imp_asc,0.01,4,4,OPP-MORE,pair1,Q,0.00048542022705078125,-0.007168769836425781,19157,19157
gpt-j-6b-fp32,D_imp_asc,0.01,4,4,OPP-MORE,pair2,P,0.007955551147460938,-0.014983177185058594,27059,27059
gpt-j-6b-fp32,D_imp_asc,0.01,4,4,OPP-MORE,pair2,Q,-0.0072956085205078125,-0.01586151123046875,632,632
gpt-j-6b-fp32,D_imp_asc,0.01,4,4,OPP-MORE,pair3,P,-0.009989738464355469,-0.006008148193359375,27059,27059
gpt-j-6b-fp32,D_imp_asc,0.01,4,4,OPP-MORE,pair3,Q,0.000606536865234375,0.001972198486328125,5930,5930
gpt-j-6b-fp32,D_imp_asc,0.01,4,4,OPP-MORE,pair4,P,0.0044994354248046875,-0.0022258758544921875,27059,27059
gpt-j-6b-fp32,D_imp_asc,0.01,4,4,OPP-MORE,pair4,Q,0.004771232604980469,-0.0036678314208984375,632,632
gpt-j-6b-fp32,D_imp_asc,0.01,4,4,OPP-MORE,pair5,P,0.006205558776855469,0.011577606201171875,27059,27059
gpt-j-6b-fp32,D_imp_asc,0.01,4,4,OPP-MORE,pair5,Q,0.0032300949096679688,0.010885238647460938,632,632
gpt-j-6b-fp32,D_imp_asc,0.01,4,4,OPP-MORE,pair6,P,0.0054168701171875,-0.005347251892089844,27059,27059
gpt-j-6b-fp32,D_imp_asc,0.01,4,4,OPP-MORE,pair6,Q,0.0047817230224609375,-0.0046710968017578125,632,632
gpt-j-6b-fp32,D_imp_asc,0.01,4,4,OPP-MORE,pair7,P,0.006751060485839844,0.008846282958984375,632,632
gpt-j-6b-fp32,D_imp_asc,0.01,4,4,OPP-MORE,pair7,Q,-0.00911712646484375,-0.0029096603393554688,632,632
gpt-j-6b-fp32,D_imp_asc,0.01,4,4,OPP-MORE,pair8,P,0.0032110214233398438,-0.0020647048950195312,1874,1874
gpt-j-6b-fp32,D_imp_asc,0.01,4,4,OPP-MORE,pair8,Q,-0.0030069351196289062,-0.00037860870361328125,1874,1874
gpt-j-6b-fp32,D_imp_asc,0.01,4,4,OPP-MORE,pair9,P,0.006972312927246094,0.0017070770263671875,27059,27059
gpt-j-6b-fp32,D_imp_asc,0.01,4,4,OPP-MORE,pair9,Q,0.00270843505859375,-0.0019922256469726562,23663,23663
gpt-j-6b-fp32,D_imp_asc,0.01,4,4,OPP-LESS,pair0,P,0.009388923645019531,-0.0025777816772460938,632,632
gpt-j-6b-fp32,D_imp_asc,0.01,4,4,OPP-LESS,pair0,Q,0.006046295166015625,-0.0027170181274414062,39733,39733
gpt-j-6b-fp32,D_imp_asc,0.01,4,4,OPP-LESS,pair1,P,0.013414382934570312,-0.008545875549316406,27059,27059
gpt-j-6b-fp32,D_imp_asc,0.01,4,4,OPP-LESS,pair1,Q,0.0021123886108398438,-0.018853187561035156,19157,19157
gpt-j-6b-fp32,D_imp_asc,0.01,4,4,OPP-LESS,pair2,P,0.006267547607421875,-0.025921344757080078,27059,27059
gpt-j-6b-fp32,D_imp_asc,0.01,4,4,OPP-LESS,pair2,Q,-0.008251190185546875,-0.03652191162109375,632,632
gpt-j-6b-fp32,D_imp_asc,0.01,4,4,OPP-LESS,pair3,P,-0.010286331176757812,0.0067081451416015625,27059,27059
gpt-j-6b-fp32,D_imp_asc,0.01,4,4,OPP-LESS,pair3,Q,0.00096893310546875,0.008569717407226562,5930,5930
gpt-j-6b-fp32,D_imp_asc,0.01,4,4,OPP-LESS,pair4,P,0.004689216613769531,-0.024084091186523438,27059,27059
gpt-j-6b-fp32,D_imp_asc,0.01,4,4,OPP-LESS,pair4,Q,0.0055370330810546875,-0.02700042724609375,632,632
gpt-j-6b-fp32,D_imp_asc,0.01,4,4,OPP-LESS,pair5,P,0.004313468933105469,0.011915206909179688,27059,27059
gpt-j-6b-fp32,D_imp_asc,0.01,4,4,OPP-LESS,pair5,Q,0.0046710968017578125,0.022095680236816406,632,632
gpt-j-6b-fp32,D_imp_asc,0.01,4,4,OPP-LESS,pair6,P,0.005535125732421875,-0.0148468017578125,27059,27059
gpt-j-6b-fp32,D_imp_asc,0.01,4,4,OPP-LESS,pair6,Q,0.00614166259765625,-0.0034656524658203125,632,632
gpt-j-6b-fp32,D_imp_asc,0.01,4,4,OPP-LESS,pair7,P,0.0077495574951171875,0.00433349609375,632,632
gpt-j-6b-fp32,D_imp_asc,0.01,4,4,OPP-LESS,pair7,Q,-0.0063934326171875,0.019181251525878906,632,632
gpt-j-6b-fp32,D_imp_asc,0.01,4,4,OPP-LESS,pair8,P,0.0033788681030273438,0.006798744201660156,1874,1874
gpt-j-6b-fp32,D_imp_asc,0.01,4,4,OPP-LESS,pair8,Q,-0.0013170242309570312,0.014966964721679688,1874,1874
gpt-j-6b-fp32,D_imp_asc,0.01,4,4,OPP-LESS,pair9,P,0.005825042724609375,0.004504203796386719,27059,27059
gpt-j-6b-fp32,D_imp_asc,0.01,4,4,OPP-LESS,pair9,Q,0.004405975341796875,-0.0107879638671875,23663,23663
gpt-j-6b-fp32,D_imp_asc,0.01,4,4,MORE-LESS,pair0,P,-0.0013475418090820312,-0.001277923583984375,10255,10255
gpt-j-6b-fp32,D_imp_asc,0.01,4,4,MORE-LESS,pair0,Q,-0.0006542205810546875,-0.001270294189453125,10255,10255
gpt-j-6b-fp32,D_imp_asc,0.01,4,4,MORE-LESS,pair1,P,0.00046062469482421875,-0.0037631988525390625,18605,18605
gpt-j-6b-fp32,D_imp_asc,0.01,4,4,MORE-LESS,pair1,Q,0.000518798828125,-0.004296302795410156,18605,18605
gpt-j-6b-fp32,D_imp_asc,0.01,4,4,MORE-LESS,pair2,P,-0.00043487548828125,-0.00858306884765625,8038,8038
gpt-j-6b-fp32,D_imp_asc,0.01,4,4,MORE-LESS,pair2,Q,7.534027099609375e-05,-0.007953643798828125,8038,8038
gpt-j-6b-fp32,D_imp_asc,0.01,4,4,MORE-LESS,pair3,P,0.0006008148193359375,-0.001537322998046875,1234,1234
gpt-j-6b-fp32,D_imp_asc,0.01,4,4,MORE-LESS,pair3,Q,0.0006418228149414062,-0.000400543212890625,1234,1234
gpt-j-6b-fp32,D_imp_asc,0.01,4,4,MORE-LESS,pair4,P,0.0011348724365234375,0.0003566741943359375,23448,23448
gpt-j-6b-fp32,D_imp_asc,0.01,4,4,MORE-LESS,pair4,Q,0.00136566162109375,0.0022687911987304688,23448,23448
gpt-j-6b-fp32,D_imp_asc,0.01,4,4,MORE-LESS,pair5,P,-0.001377105712890625,-0.010359764099121094,969,969
gpt-j-6b-fp32,D_imp_asc,0.01,4,4,MORE-LESS,pair5,Q,1.9073486328125e-06,-0.007941246032714844,1426,1426
gpt-j-6b-fp32,D_imp_asc,0.01,4,4,MORE-LESS,pair6,P,-0.0022497177124023438,-0.0010528564453125,6514,6514
gpt-j-6b-fp32,D_imp_asc,0.01,4,4,MORE-LESS,pair6,Q,-0.0006694793701171875,-0.00023555755615234375,6514,6514
gpt-j-6b-fp32,D_imp_asc,0.01,4,4,MORE-LESS,pair7,P,-0.012743949890136719,0.0043811798095703125,22111,22111
gpt-j-6b-fp32,D_imp_asc,0.01,4,4,MORE-LESS,pair7,Q,-0.012798309326171875,0.0034885406494140625,22111,22111
gpt-j-6b-fp32,D_imp_asc,0.01,4,4,MORE-LESS,pair8,P,-0.00039196014404296875,-0.00011920928955078125,969,969
gpt-j-6b-fp32,D_imp_asc,0.01,4,4,MORE-LESS,pair8,Q,-0.00044536590576171875,0.0008955001831054688,969,969
gpt-j-6b-fp32,D_imp_asc,0.01,4,4,MORE-LESS,pair9,P,-0.0012464523315429688,0.0025644302368164062,34439,34439
gpt-j-6b-fp32,D_imp_asc,0.01,4,4,MORE-LESS,pair9,Q,-0.0017328262329101562,0.0026493072509765625,34439,34439
gpt-j-6b-fp32,D_imp_asc,0.03,13,13,SAME-OPP,pair0,P,-0.006562232971191406,-0.0027532577514648438,632,632
gpt-j-6b-fp32,D_imp_asc,0.03,13,13,SAME-OPP,pair0,Q,0.0068817138671875,0.0035429000854492188,39733,39733
gpt-j-6b-fp32,D_imp_asc,0.03,13,13,SAME-OPP,pair1,P,-0.006205558776855469,0.0028896331787109375,27059,27059
gpt-j-6b-fp32,D_imp_asc,0.03,13,13,SAME-OPP,pair1,Q,0.0016031265258789062,0.002521514892578125,19157,19157
gpt-j-6b-fp32,D_imp_asc,0.03,13,13,SAME-OPP,pair2,P,0.006350517272949219,0.014319419860839844,632,632
gpt-j-6b-fp32,D_imp_asc,0.03,13,13,SAME-OPP,pair2,Q,0.0077114105224609375,0.010115623474121094,632,632
gpt-j-6b-fp32,D_imp_asc,0.03,13,13,SAME-OPP,pair3,P,0.0068683624267578125,0.007403373718261719,27059,27059
gpt-j-6b-fp32,D_imp_asc,0.03,13,13,SAME-OPP,pair3,Q,0.014937400817871094,0.01659679412841797,632,632
gpt-j-6b-fp32,D_imp_asc,0.03,13,13,SAME-OPP,pair4,P,-0.00323486328125,0.004351615905761719,27059,27059
gpt-j-6b-fp32,D_imp_asc,0.03,13,13,SAME-OPP,pair4,Q,0.0118408203125,0.007144927978515625,632,632
gpt-j-6b-fp32,D_imp_asc,0.03,13,13,SAME-OPP,pair5,P,0.0005578994750976562,0.004952430725097656,27059,27059
gpt-j-6b-fp32,D_imp_asc,0.03,13,13,SAME-OPP,pair5,Q,0.010197639465332031,0.0058841705322265625,632,632
gpt-j-6b-fp32,D_imp_asc,0.03,13,13,SAME-OPP,pair6,P,-0.009547233581542969,-0.0019731521606445312,27059,27059
gpt-j-6b-fp32,D_imp_asc,0.03,13,13,SAME-OPP,pair6,Q,0.00589752197265625,0.003635406494140625,632,632
gpt-j-6b-fp32,D_imp_asc,0.03,13,13,SAME-OPP,pair7,P,-0.001735687255859375,0.021585464477539062,632,632
gpt-j-6b-fp32,D_imp_asc,0.03,13,13,SAME-OPP,pair7,Q,0.019934654235839844,0.013210296630859375,632,632
gpt-j-6b-fp32,D_imp_asc,0.03,13,13,SAME-OPP,pair8,P,0.004771232604980469,0.010390281677246094,581,581
gpt-j-6b-fp32,D_imp_asc,0.03,13,13,SAME-OPP,pair8,Q,0.008090019226074219,0.006938934326171875,581,581
gpt-j-6b-fp32,D_imp_asc,0.03,13,13,SAME-OPP,pair9,P,-0.0040740966796875,0.00634002685546875,27059,27059
gpt-j-6b-fp32,D_imp_asc,0.03,13,13,SAME-OPP,pair9,Q,0.007039070129394531,0.0074005126953125,1928,1928
gpt-j-6b-fp32,D_imp_asc,0.03,13,13,SAME-MORE,pair0,P,0.008543014526367188,0.018601417541503906,632,632
gpt-j-6b-fp32,D_imp_asc,0.03,13,13,SAME-MORE,pair0,Q,0.027307510375976562,0.007315635681152344,39733,39733
gpt-j-6b-fp32,D_imp_asc,0.03,13,13,SAME-MORE,pair1,P,0.0048427581787109375,-0.006800651550292969,27059,27059
gpt-j-6b-fp32,D_imp_asc,0.03,13,13,SAME-MORE,pair1,Q,-0.00482940673828125,-0.040350914001464844,19157,19157
gpt-j-6b-fp32,D_imp_asc,0.03,13,13,SAME-MORE,pair2,P,0.014477729797363281,-0.02286529541015625,632,632
gpt-j-6b-fp32,D_imp_asc,0.03,13,13,SAME-MORE,pair2,Q,0.027670860290527344,-0.05699348449707031,632,632
gpt-j-6b-fp32,D_imp_asc,0.03,13,13,SAME-MORE,pair3,P,0.0039615631103515625,0.02626800537109375,27059,27059
gpt-j-6b-fp32,D_imp_asc,0.03,13,13,SAME-MORE,pair3,Q,0.01974964141845703,0.02210712432861328,632,632
gpt-j-6b-fp32,D_imp_asc,0.03,13,13,SAME-MORE,pair4,P,0.00034236907958984375,-0.01358795166015625,27059,27059
gpt-j-6b-fp32,D_imp_asc,0.03,13,13,SAME-MORE,pair4,Q,0.03529930114746094,-0.03238964080810547,632,632
gpt-j-6b-fp32,D_imp_asc,0.03,13,13,SAME-MORE,pair5,P,0.030893325805664062,0.03784942626953125,27059,27059
gpt-j-6b-fp32,D_imp_asc,0.03,13,13,SAME-MORE,pair5,Q,0.032115936279296875,0.017076492309570312,632,632
gpt-j-6b-fp32,D_imp_asc,0.03,13,13,SAME-MORE,pair6,P,-0.008233070373535156,-0.0257110595703125,27059,27059
gpt-j-6b-fp32,D_imp_asc,0.03,13,13,SAME-MORE,pair6,Q,0.014689445495605469,-0.042534828186035156,632,632
gpt-j-6b-fp32,D_imp_asc,0.03,13,13,SAME-MORE,pair7,P,0.011023521423339844,0.03752613067626953,632,632
gpt-j-6b-fp32,D_imp_asc,0.03,13,13,SAME-MORE,pair7,Q,0.024201393127441406,-0.024074554443359375,632,632
gpt-j-6b-fp32,D_imp_asc,0.03,13,13,SAME-MORE,pair8,P,0.038677215576171875,-0.005298614501953125,581,581
gpt-j-6b-fp32,D_imp_asc,0.03,13,13,SAME-MORE,pair8,Q,0.038901329040527344,-0.026505470275878906,581,581
gpt-j-6b-fp32,D_imp_asc,0.03,13,13,SAME-MORE,pair9,P,0.007884025573730469,0.0008687973022460938,27059,27059
gpt-j-6b-fp32,D_imp_asc,0.03,13,13,SAME-MORE,pair9,Q,0.008100509643554688,-0.0033502578735351562,1928,1928
gpt-j-6b-fp32,D_imp_asc,0.03,13,13,SAME-LESS,pair0,P,0.011783599853515625,0.04204750061035156,632,632
gpt-j-6b-fp32,D_imp_asc,0.03,13,13,SAME-LESS,pair0,Q,0.036548614501953125,-0.004527091979980469,39733,39733
gpt-j-6b-fp32,D_imp_asc,0.03,13,13,SAME-LESS,pair1,P,4.1961669921875e-05,-0.017553329467773438,27059,27059
gpt-j-6b-fp32,D_imp_asc,0.03,13,13,SAME-LESS,pair1,Q,-0.0014362335205078125,-0.047107696533203125,19157,19157
gpt-j-6b-fp32,D_imp_asc,0.03,13,13,SAME-LESS,pair2,P,0.009550094604492188,-0.017696857452392578,632,632
gpt-j-6b-fp32,D_imp_asc,0.03,13,13,SAME-LESS,pair2,Q,0.027362823486328125,-0.04281902313232422,632,632
gpt-j-6b-fp32,D_imp_asc,0.03,13,13,SAME-LESS,pair3,P,-0.0014982223510742188,0.054953575134277344,27059,27059
gpt-j-6b-fp32,D_imp_asc,0.03,13,13,SAME-LESS,pair3,Q,0.026078224182128906,0.02254199981689453,632,632
gpt-j-6b-fp32,D_imp_asc,0.03,13,13,SAME-LESS,pair4,P,-0.0020608901977539062,-0.044036865234375,27059,27059
gpt-j-6b-fp32,D_imp_asc,0.03,13,13,SAME-LESS,pair4,Q,0.03509807586669922,-0.08911609649658203,632,632
gpt-j-6b-fp32,D_imp_asc,0.03,13,13,SAME-LESS,pair5,P,0.025595664978027344,0.02248668670654297,27059,27059
gpt-j-6b-fp32,D_imp_asc,0.03,13,13,SAME-LESS,pair5,Q,0.03893089294433594,-0.02825164794921875,632,632
gpt-j-6b-fp32,D_imp_asc,0.03,13,13,SAME-LESS,pair6,P,-0.012485504150390625,-0.045228004455566406,27059,27059
gpt-j-6b-fp32,D_imp_asc,0.03,13,13,SAME-LESS,pair6,Q,0.01791858673095703,-0.06676769256591797,632,632
gpt-j-6b-fp32,D_imp_asc,0.03,13,13,SAME-LESS,pair7,P,0.010370254516601562,0.03301429748535156,632,632
gpt-j-6b-fp32,D_imp_asc,0.03,13,13,SAME-LESS,pair7,Q,0.0269012451171875,0.042054176330566406,632,632
gpt-j-6b-fp32,D_imp_asc,0.03,13,13,SAME-LESS,pair8,P,0.03691387176513672,-0.02264404296875,581,581
gpt-j-6b-fp32,D_imp_asc,0.03,13,13,SAME-LESS,pair8,Q,0.045861244201660156,-0.0827627182006836,581,581
gpt-j-6b-fp32,D_imp_asc,0.03,13,13,SAME-LESS,pair9,P,0.005352020263671875,-0.005908966064453125,27059,27059
gpt-j-6b-fp32,D_imp_asc,0.03,13,13,SAME-LESS,pair9,Q,0.010341644287109375,-0.035902976989746094,1928,1928
gpt-j-6b-fp32,D_imp_asc,0.03,13,13,OPP-MORE,pair0,P,0.0037059783935546875,0.01976299285888672,632,632
gpt-j-6b-fp32,D_imp_asc,0.03,13,13,OPP-MORE,pair0,Q,0.016547203063964844,0.011577606201171875,39733,39733
gpt-j-6b-fp32,D_imp_asc,0.03,13,13,OPP-MORE,pair1,P,0.016782760620117188,-0.0066890716552734375,27059,27059
gpt-j-6b-fp32,D_imp_asc,0.03,13,13,OPP-MORE,pair1,Q,0.004559516906738281,-0.03653144836425781,19157,19157
gpt-j-6b-fp32,D_imp_asc,0.03,13,13,OPP-MORE,pair2,P,0.009602546691894531,-0.012080192565917969,27059,27059
gpt-j-6b-fp32,D_imp_asc,0.03,13,13,OPP-MORE,pair2,Q,0.00147247314453125,-0.04703044891357422,632,632
gpt-j-6b-fp32,D_imp_asc,0.03,13,13,OPP-MORE,pair3,P,-0.011252403259277344,0.02042388916015625,27059,27059
gpt-j-6b-fp32,D_imp_asc,0.03,13,13,OPP-MORE,pair3,Q,0.012491226196289062,0.02296924591064453,5930,5930
gpt-j-6b-fp32,D_imp_asc,0.03,13,13,OPP-MORE,pair4,P,0.008268356323242188,-0.017652511596679688,27059,27059
gpt-j-6b-fp32,D_imp_asc,0.03,13,13,OPP-MORE,pair4,Q,0.015064239501953125,-0.025388717651367188,632,632
gpt-j-6b-fp32,D_imp_asc,0.03,13,13,OPP-MORE,pair5,P,0.0063915252685546875,0.04802989959716797,27059,27059
gpt-j-6b-fp32,D_imp_asc,0.03,13,13,OPP-MORE,pair5,Q,0.021944046020507812,0.028162002563476562,632,632
gpt-j-6b-fp32,D_imp_asc,0.03,13,13,OPP-MORE,pair6,P,0.010419845581054688,-0.0048313140869140625,27059,27059
gpt-j-6b-fp32,D_imp_asc,0.03,13,13,OPP-MORE,pair6,Q,0.010068893432617188,-0.024346351623535156,632,632
gpt-j-6b-fp32,D_imp_asc,0.03,13,13,OPP-MORE,pair7,P,-0.019471168518066406,0.05186176300048828,632,632
gpt-j-6b-fp32,D_imp_asc,0.03,13,13,OPP-MORE,pair7,Q,0.0022573471069335938,-0.0061187744140625,632,632
gpt-j-6b-fp32,D_imp_asc,0.03,13,13,OPP-MORE,pair8,P,0.006722450256347656,-0.010937690734863281,1874,1874
gpt-j-6b-fp32,D_imp_asc,0.03,13,13,OPP-MORE,pair8,Q,0.029993057250976562,-0.028390884399414062,1874,1874
gpt-j-6b-fp32,D_imp_asc,0.03,13,13,OPP-MORE,pair9,P,0.00711822509765625,-0.0060100555419921875,27059,27059
gpt-j-6b-fp32,D_imp_asc,0.03,13,13,OPP-MORE,pair9,Q,0.008510589599609375,-0.01218414306640625,23663,23663
gpt-j-6b-fp32,D_imp_asc,0.03,13,13,OPP-LESS,pair0,P,0.010890960693359375,0.033013343811035156,632,632
gpt-j-6b-fp32,D_imp_asc,0.03,13,13,OPP-LESS,pair0,Q,0.022752761840820312,-0.0005483627319335938,39733,39733
gpt-j-6b-fp32,D_imp_asc,0.03,13,13,OPP-LESS,pair1,P,0.014298439025878906,-0.017202377319335938,27059,27059
gpt-j-6b-fp32,D_imp_asc,0.03,13,13,OPP-LESS,pair1,Q,0.0013780593872070312,-0.046356201171875,19157,19157
gpt-j-6b-fp32,D_imp_asc,0.03,13,13,OPP-LESS,pair2,P,0.0012197494506835938,-0.006024360656738281,27059,27059
gpt-j-6b-fp32,D_imp_asc,0.03,13,13,OPP-LESS,pair2,Q,-0.0017156600952148438,-0.037413597106933594,632,632
gpt-j-6b-fp32,D_imp_asc,0.03,13,13,OPP-LESS,pair3,P,-0.015951156616210938,0.06252574920654297,27059,27059
gpt-j-6b-fp32,D_imp_asc,0.03,13,13,OPP-LESS,pair3,Q,0.013792991638183594,0.025465011596679688,5930,5930
gpt-j-6b-fp32,D_imp_asc,0.03,13,13,OPP-LESS,pair4,P,0.0027294158935546875,-0.024639129638671875,27059,27059
gpt-j-6b-fp32,D_imp_asc,0.03,13,13,OPP-LESS,pair4,Q,0.015506744384765625,-0.06137847900390625,632,632
gpt-j-6b-fp32,D_imp_asc,0.03,13,13,OPP-LESS,pair5,P,0.0037174224853515625,0.03877449035644531,27059,27059
gpt-j-6b-fp32,D_imp_asc,0.03,13,13,OPP-LESS,pair5,Q,0.026114463806152344,-0.019725799560546875,632,632
gpt-j-6b-fp32,D_imp_asc,0.03,13,13,OPP-LESS,pair6,P,0.0026493072509765625,-0.02925872802734375,27059,27059
gpt-j-6b-fp32,D_imp_asc,0.03,13,13,OPP-LESS,pair6,Q,0.011523246765136719,-0.044997215270996094,632,632
gpt-j-6b-fp32,D_imp_asc,0.03,13,13,OPP-LESS,pair7,P,-0.008858680725097656,0.039933204650878906,632,632
gpt-j-6b-fp32,D_imp_asc,0.03,13,13,OPP-LESS,pair7,Q,0.008512496948242188,0.051807403564453125,632,632
gpt-j-6b-fp32,D_imp_asc,0.03,13,13,OPP-LESS,pair8,P,0.004347801208496094,-0.0033349990844726562,1874,1874
gpt-j-6b-fp32,D_imp_asc,0.03,13,13,OPP-LESS,pair8,Q,0.030736923217773438,-0.059490203857421875,1874,1874
gpt-j-6b-fp32,D_imp_asc,0.03,13,13,OPP-LESS,pair9,P,0.0003490447998046875,-0.004055023193359375,27059,27059
gpt-j-6b-fp32,D_imp_asc,0.03,13,13,OPP-LESS,pair9,Q,0.009777069091796875,-0.029462814331054688,23663,23663
gpt-j-6b-fp32,D_imp_asc,0.03,13,13,MORE-LESS,pair0,P,0.0004177093505859375,0.0036077499389648438,10255,10255
gpt-j-6b-fp32,D_imp_asc,0.03,13,13,MORE-LESS,pair0,Q,0.0031404495239257812,0.006137847900390625,10255,10255
gpt-j-6b-fp32,D_imp_asc,0.03,13,13,MORE-LESS,pair1,P,-0.002941131591796875,-0.011312484741210938,18605,18605
gpt-j-6b-fp32,D_imp_asc,0.03,13,13,MORE-LESS,pair1,Q,-0.0011205673217773438,-0.0084686279296875,18605,18605
gpt-j-6b-fp32,D_imp_asc,0.03,13,13,MORE-LESS,pair2,P,-0.004306793212890625,-0.010907173156738281,8038,8038
gpt-j-6b-fp32,D_imp_asc,0.03,13,13,MORE-LESS,pair2,Q,-0.0029449462890625,-0.011594772338867188,8038,8038
gpt-j-6b-fp32,D_imp_asc,0.03,13,13,MORE-LESS,pair3,P,-0.001117706298828125,7.534027099609375e-05,1234,1234
gpt-j-6b-fp32,D_imp_asc,0.03,13,13,MORE-LESS,pair3,Q,0.002216339111328125,0.0014667510986328125,1234,1234
gpt-j-6b-fp32,D_imp_asc,0.03,13,13,MORE-LESS,pair4,P,0.0010557174682617188,-0.0026702880859375,23448,23448
gpt-j-6b-fp32,D_imp_asc,0.03,13,13,MORE-LESS,pair4,Q,-0.000156402587890625,-0.00130462646484375,23448,23448
gpt-j-6b-fp32,D_imp_asc,0.03,13,13,MORE-LESS,pair5,P,-0.005031585693359375,-0.013525009155273438,969,969
gpt-j-6b-fp32,D_imp_asc,0.03,13,13,MORE-LESS,pair5,Q,-0.0009832382202148438,-0.010356903076171875,1426,1426
gpt-j-6b-fp32,D_imp_asc,0.03,13,13,MORE-LESS,pair6,P,-0.006569862365722656,0.00014400482177734375,6514,6514
gpt-j-6b-fp32,D_imp_asc,0.03,13,13,MORE-LESS,pair6,Q,-0.004643440246582031,0.0005016326904296875,6514,6514
gpt-j-6b-fp32,D_imp_asc,0.03,13,13,MORE-LESS,pair7,P,-0.019590377807617188,0.005064964294433594,22111,22111
gpt-j-6b-fp32,D_imp_asc,0.03,13,13,MORE-LESS,pair7,Q,-0.015848159790039062,0.004385948181152344,22111,22111
gpt-j-6b-fp32,D_imp_asc,0.03,13,13,MORE-LESS,pair8,P,-0.004894256591796875,-0.0008668899536132812,969,969
gpt-j-6b-fp32,D_imp_asc,0.03,13,13,MORE-LESS,pair8,Q,-0.0021142959594726562,0.0024404525756835938,969,969
gpt-j-6b-fp32,D_imp_asc,0.03,13,13,MORE-LESS,pair9,P,-0.007110595703125,0.002685546875,34439,34439
gpt-j-6b-fp32,D_imp_asc,0.03,13,13,MORE-LESS,pair9,Q,-0.007117271423339844,0.003345489501953125,34439,34439
gpt-j-6b-fp32,D_imp_asc,0.05,22,22,SAME-OPP,pair0,P,-0.0018157958984375,-0.0035037994384765625,632,632
gpt-j-6b-fp32,D_imp_asc,0.05,22,22,SAME-OPP,pair0,Q,0.0081634521484375,0.00774383544921875,39733,39733
gpt-j-6b-fp32,D_imp_asc,0.05,22,22,SAME-OPP,pair1,P,-0.009860992431640625,0.006680488586425781,27059,27059
gpt-j-6b-fp32,D_imp_asc,0.05,22,22,SAME-OPP,pair1,Q,-0.00017642974853515625,0.00027370452880859375,19157,19157
gpt-j-6b-fp32,D_imp_asc,0.05,22,22,SAME-OPP,pair2,P,-0.0009717941284179688,0.008261680603027344,632,632
gpt-j-6b-fp32,D_imp_asc,0.05,22,22,SAME-OPP,pair2,Q,0.006014823913574219,0.011694908142089844,632,632
gpt-j-6b-fp32,D_imp_asc,0.05,22,22,SAME-OPP,pair3,P,0.0002613067626953125,0.00589752197265625,27059,27059
gpt-j-6b-fp32,D_imp_asc,0.05,22,22,SAME-OPP,pair3,Q,0.011576652526855469,0.017212867736816406,632,632
gpt-j-6b-fp32,D_imp_asc,0.05,22,22,SAME-OPP,pair4,P,-0.013446807861328125,-0.0034961700439453125,27059,27059
gpt-j-6b-fp32,D_imp_asc,0.05,22,22,SAME-OPP,pair4,Q,0.0049533843994140625,0.0050811767578125,632,632
gpt-j-6b-fp32,D_imp_asc,0.05,22,22,SAME-OPP,pair5,P,-0.0058498382568359375,0.0032224655151367188,27059,27059
gpt-j-6b-fp32,D_imp_asc,0.05,22,22,SAME-OPP,pair5,Q,0.005974769592285156,0.004416465759277344,632,632
gpt-j-6b-fp32,D_imp_asc,0.05,22,22,SAME-OPP,pair6,P,-0.011574745178222656,-0.008416175842285156,27059,27059
gpt-j-6b-fp32,D_imp_asc,0.05,22,22,SAME-OPP,pair6,Q,0.005066871643066406,0.0086517333984375,632,632
gpt-j-6b-fp32,D_imp_asc,0.05,22,22,SAME-OPP,pair7,P,-0.01094818115234375,0.01675128936767578,632,632
gpt-j-6b-fp32,D_imp_asc,0.05,22,22,SAME-OPP,pair7,Q,0.017230987548828125,0.013920783996582031,632,632
gpt-j-6b-fp32,D_imp_asc,0.05,22,22,SAME-OPP,pair8,P,-0.00048351287841796875,0.00756072998046875,581,581
gpt-j-6b-fp32,D_imp_asc,0.05,22,22,SAME-OPP,pair8,Q,0.0038900375366210938,0.009900093078613281,581,581
gpt-j-6b-fp32,D_imp_asc,0.05,22,22,SAME-OPP,pair9,P,-0.009960174560546875,0.0009899139404296875,27059,27059
gpt-j-6b-fp32,D_imp_asc,0.05,22,22,SAME-OPP,pair9,Q,0.00054168701171875,0.008802413940429688,1928,1928
gpt-j-6b-fp32,D_imp_asc,0.05,22,22,SAME-MORE,pair0,P,-0.02033519744873047,-0.016592025756835938,632,632
gpt-j-6b-fp32,D_imp_asc,0.05,22,22,SAME-MORE,pair0,Q,0.008365631103515625,-0.02230358123779297,39733,39733
gpt-j-6b-fp32,D_imp_asc,0.05,22,22,SAME-MORE,pair1,P,-0.01836872100830078,-0.02544689178466797,27059,27059
gpt-j-6b-fp32,D_imp_asc,0.05,22,22,SAME-MORE,pair1,Q,-0.034859657287597656,-0.055008888244628906,19157,19157
gpt-j-6b-fp32,D_imp_asc,0.05,22,22,SAME-MORE,pair2,P,0.013177871704101562,-0.02586841583251953,632,632
gpt-j-6b-fp32,D_imp_asc,0.05,22,22,SAME-MORE,pair2,Q,0.01123046875,-0.056443214416503906,632,632
gpt-j-6b-fp32,D_imp_asc,0.05,22,22,SAME-MORE,pair3,P,0.009252548217773438,0.02453136444091797,27059,27059
gpt-j-6b-fp32,D_imp_asc,0.05,22,22,SAME-MORE,pair3,Q,0.010494232177734375,0.020409584045410156,632,632
gpt-j-6b-fp32,D_imp_asc,0.05,22,22,SAME-MORE,pair4,P,-0.011075973510742188,-0.026571273803710938,27059,27059
gpt-j-6b-fp32,D_imp_asc,0.05,22,22,SAME-MORE,pair4,Q,0.026412010192871094,-0.051731109619140625,632,632
gpt-j-6b-fp32,D_imp_asc,0.05,22,22,SAME-MORE,pair5,P,0.03446483612060547,0.037789344787597656,27059,27059
gpt-j-6b-fp32,D_imp_asc,0.05,22,22,SAME-MORE,pair5,Q,0.017621994018554688,0.021833419799804688,632,632
gpt-j-6b-fp32,D_imp_asc,0.05,22,22,SAME-MORE,pair6,P,-0.034259796142578125,-0.0018529891967773438,27059,27059
gpt-j-6b-fp32,D_imp_asc,0.05,22,22,SAME-MORE,pair6,Q,-0.0061664581298828125,-0.05833625793457031,632,632
gpt-j-6b-fp32,D_imp_asc,0.05,22,22,SAME-MORE,pair7,P,0.034030914306640625,0.018227577209472656,632,632
gpt-j-6b-fp32,D_imp_asc,0.05,22,22,SAME-MORE,pair7,Q,0.013457298278808594,-0.04476451873779297,632,632
gpt-j-6b-fp32,D_imp_asc,0.05,22,22,SAME-MORE,pair8,P,0.049887657165527344,0.02162647247314453,581,581
gpt-j-6b-fp32,D_imp_asc,0.05,22,22,SAME-MORE,pair8,Q,0.029754638671875,-0.019483566284179688,581,581
gpt-j-6b-fp32,D_imp_asc,0.05,22,22,SAME-MORE,pair9,P,0.008863449096679688,0.0041332244873046875,27059,27059
gpt-j-6b-fp32,D_imp_asc,0.05,22,22,SAME-MORE,pair9,Q,-0.0022783279418945312,-0.0022945404052734375,1928,1928
gpt-j-6b-fp32,D_imp_asc,0.05,22,22,SAME-LESS,pair0,P,-0.013219833374023438,0.041182518005371094,632,632
gpt-j-6b-fp32,D_imp_asc,0.05,22,22,SAME-LESS,pair0,Q,0.023677825927734375,-0.031650543212890625,39733,39733
gpt-j-6b-fp32,D_imp_asc,0.05,22,22,SAME-LESS,pair1,P,-0.02491283416748047,-0.040871620178222656,27059,27059
gpt-j-6b-fp32,D_imp_asc,0.05,22,22,SAME-LESS,pair1,Q,-0.02376556396484375,-0.075225830078125,19157,19157
gpt-j-6b-fp32,D_imp_asc,0.05,22,22,SAME-LESS,pair2,P,0.008027076721191406,-0.029524803161621094,632,632
gpt-j-6b-fp32,D_imp_asc,0.05,22,22,SAME-LESS,pair2,Q,0.017822265625,-0.06342220306396484,632,632
gpt-j-6b-fp32,D_imp_asc,0.05,22,22,SAME-LESS,pair3,P,0.004917144775390625,0.05626392364501953,27059,27059
gpt-j-6b-fp32,D_imp_asc,0.05,22,22,SAME-LESS,pair3,Q,0.024941444396972656,0.002101898193359375,632,632
gpt-j-6b-fp32,D_imp_asc,0.05,22,22,SAME-LESS,pair4,P,-0.01639080047607422,-0.07943534851074219,27059,27059
gpt-j-6b-fp32,D_imp_asc,0.05,22,22,SAME-LESS,pair4,Q,0.031307220458984375,-0.13202762603759766,632,632
gpt-j-6b-fp32,D_imp_asc,0.05,22,22,SAME-LESS,pair5,P,0.02908611297607422,0.03033447265625,27059,27059
gpt-j-6b-fp32,D_imp_asc,0.05,22,22,SAME-LESS,pair5,Q,0.03226757049560547,-0.03685760498046875,632,632
gpt-j-6b-fp32,D_imp_asc,0.05,22,22,SAME-LESS,pair6,P,-0.04286670684814453,0.010066032409667969,27059,27059
gpt-j-6b-fp32,D_imp_asc,0.05,22,22,SAME-LESS,pair6,Q,0.0039310455322265625,-0.06982898712158203,632,632
gpt-j-6b-fp32,D_imp_asc,0.05,22,22,SAME-LESS,pair7,P,0.03416156768798828,0.022317886352539062,632,632
gpt-j-6b-fp32,D_imp_asc,0.05,22,22,SAME-LESS,pair7,Q,0.021512985229492188,0.0130157470703125,632,632
gpt-j-6b-fp32,D_imp_asc,0.05,22,22,SAME-LESS,pair8,P,0.048483848571777344,-0.03924083709716797,581,581
gpt-j-6b-fp32,D_imp_asc,0.05,22,22,SAME-LESS,pair8,Q,0.04272270202636719,-0.1179971694946289,581,581
gpt-j-6b-fp32,D_imp_asc,0.05,22,22,SAME-LESS,pair9,P,0.0038461685180664062,-0.01818370819091797,27059,27059
gpt-j-6b-fp32,D_imp_asc,0.05,22,22,SAME-LESS,pair9,Q,0.00420379638671875,-0.058012962341308594,1928,1928
gpt-j-6b-fp32,D_imp_asc,0.05,22,22,OPP-MORE,pair0,P,-0.0027399063110351562,-0.021596908569335938,632,632
gpt-j-6b-fp32,D_imp_asc,0.05,22,22,OPP-MORE,pair0,Q,0.005664825439453125,-0.023363113403320312,39733,39733
gpt-j-6b-fp32,D_imp_asc,0.05,22,22,OPP-MORE,pair1,P,0.0037202835083007812,-0.025237083435058594,27059,27059
gpt-j-6b-fp32,D_imp_asc,0.05,22,22,OPP-MORE,pair1,Q,-0.000347137451171875,-0.051705360412597656,19157,19157
gpt-j-6b-fp32,D_imp_asc,0.05,22,22,OPP-MORE,pair2,P,0.028367042541503906,-0.00017261505126953125,27059,27059
gpt-j-6b-fp32,D_imp_asc,0.05,22,22,OPP-MORE,pair2,Q,0.0050640106201171875,-0.042748451232910156,632,632
gpt-j-6b-fp32,D_imp_asc,0.05,22,22,OPP-MORE,pair3,P,-0.015363693237304688,0.017902374267578125,27059,27059
gpt-j-6b-fp32,D_imp_asc,0.05,22,22,OPP-MORE,pair3,Q,0.010678291320800781,0.018975257873535156,5930,5930
gpt-j-6b-fp32,D_imp_asc,0.05,22,22,OPP-MORE,pair4,P,0.025046348571777344,-0.01970958709716797,27059,27059
gpt-j-6b-fp32,D_imp_asc,0.05,22,22,OPP-MORE,pair4,Q,0.015608787536621094,-0.04112529754638672,632,632
gpt-j-6b-fp32,D_imp_asc,0.05,22,22,OPP-MORE,pair5,P,0.007613182067871094,0.04786205291748047,27059,27059
gpt-j-6b-fp32,D_imp_asc,0.05,22,22,OPP-MORE,pair5,Q,0.020392417907714844,0.03642845153808594,632,632
gpt-j-6b-fp32,D_imp_asc,0.05,22,22,OPP-MORE,pair6,P,0.018502235412597656,0.033493995666503906,27059,27059
gpt-j-6b-fp32,D_imp_asc,0.05,22,22,OPP-MORE,pair6,Q,-0.003345489501953125,-0.037425994873046875,632,632
gpt-j-6b-fp32,D_imp_asc,0.05,22,22,OPP-MORE,pair7,P,-0.02132415771484375,0.027637481689453125,632,632
gpt-j-6b-fp32,D_imp_asc,0.05,22,22,OPP-MORE,pair7,Q,0.00826263427734375,-0.031742095947265625,632,632
gpt-j-6b-fp32,D_imp_asc,0.05,22,22,OPP-MORE,pair8,P,0.004741668701171875,0.009199142456054688,1874,1874
gpt-j-6b-fp32,D_imp_asc,0.05,22,22,OPP-MORE,pair8,Q,0.028928756713867188,-0.028858184814453125,1874,1874
gpt-j-6b-fp32,D_imp_asc,0.05,22,22,OPP-MORE,pair9,P,0.017087936401367188,0.0014753341674804688,27059,27059
gpt-j-6b-fp32,D_imp_asc,0.05,22,22,OPP-MORE,pair9,Q,0.014075279235839844,-0.009242057800292969,23663,23663
gpt-j-6b-fp32,D_imp_asc,0.05,22,22,OPP-LESS,pair0,P,0.0049571990966796875,0.031261444091796875,632,632
gpt-j-6b-fp32,D_imp_asc,0.05,22,22,OPP-LESS,pair0,Q,0.014372825622558594,-0.023599624633789062,39733,39733
gpt-j-6b-fp32,D_imp_asc,0.05,22,22,OPP-LESS,pair1,P,0.0034656524658203125,-0.029041290283203125,27059,27059
gpt-j-6b-fp32,D_imp_asc,0.05,22,22,OPP-LESS,pair1,Q,0.0009765625,-0.06381988525390625,19157,19157
gpt-j-6b-fp32,D_imp_asc,0.05,22,22,OPP-LESS,pair2,P,0.01929950714111328,-0.0011630058288574219,27059,27059
gpt-j-6b-fp32,D_imp_asc,0.05,22,22,OPP-LESS,pair2,Q,0.0032062530517578125,-0.05559349060058594,632,632
gpt-j-6b-fp32,D_imp_asc,0.05,22,22,OPP-LESS,pair3,P,-0.022369384765625,0.07158565521240234,27059,27059
gpt-j-6b-fp32,D_imp_asc,0.05,22,22,OPP-LESS,pair3,Q,0.015616416931152344,0.007761955261230469,5930,5930
gpt-j-6b-fp32,D_imp_asc,0.05,22,22,OPP-LESS,pair4,P,0.023303985595703125,-0.03698539733886719,27059,27059
gpt-j-6b-fp32,D_imp_asc,0.05,22,22,OPP-LESS,pair4,Q,0.018591880798339844,-0.08954048156738281,632,632
gpt-j-6b-fp32,D_imp_asc,0.05,22,22,OPP-LESS,pair5,P,0.005573272705078125,0.053539276123046875,27059,27059
gpt-j-6b-fp32,D_imp_asc,0.05,22,22,OPP-LESS,pair5,Q,0.029862403869628906,-0.01931285858154297,632,632
gpt-j-6b-fp32,D_imp_asc,0.05,22,22,OPP-LESS,pair6,P,0.011624336242675781,0.030755996704101562,27059,27059
gpt-j-6b-fp32,D_imp_asc,0.05,22,22,OPP-LESS,pair6,Q,0.0012159347534179688,-0.035683631896972656,632,632
gpt-j-6b-fp32,D_imp_asc,0.05,22,22,OPP-LESS,pair7,P,-0.0038499832153320312,0.03287696838378906,632,632
gpt-j-6b-fp32,D_imp_asc,0.05,22,22,OPP-LESS,pair7,Q,0.018258094787597656,0.0237579345703125,632,632
gpt-j-6b-fp32,D_imp_asc,0.05,22,22,OPP-LESS,pair8,P,0.0011444091796875,-0.008941650390625,1874,1874
gpt-j-6b-fp32,D_imp_asc,0.05,22,22,OPP-LESS,pair8,Q,0.03173065185546875,-0.08822345733642578,1874,1874
gpt-j-6b-fp32,D_imp_asc,0.05,22,22,OPP-LESS,pair9,P,0.011651992797851562,-0.0037546157836914062,27059,27059
gpt-j-6b-fp32,D_imp_asc,0.05,22,22,OPP-LESS,pair9,Q,0.01586627960205078,-0.04215717315673828,23663,23663
gpt-j-6b-fp32,D_imp_asc,0.05,22,22,MORE-LESS,pair0,P,0.0030698776245117188,0.013438224792480469,10255,10255
gpt-j-6b-fp32,D_imp_asc,0.05,22,22,MORE-LESS,pair0,Q,0.004679679870605469,0.010478019714355469,10255,10255
gpt-j-6b-fp32,D_imp_asc,0.05,22,22,MORE-LESS,pair1,P,0.006427764892578125,-0.004281044006347656,18605,18605
gpt-j-6b-fp32,D_imp_asc,0.05,22,22,MORE-LESS,pair1,Q,0.007818222045898438,-0.0009517669677734375,18605,18605
gpt-j-6b-fp32,D_imp_asc,0.05,22,22,MORE-LESS,pair2,P,0.006962776184082031,-0.0022869110107421875,8038,8038
gpt-j-6b-fp32,D_imp_asc,0.05,22,22,MORE-LESS,pair2,Q,0.005505561828613281,-0.003322601318359375,8038,8038
gpt-j-6b-fp32,D_imp_asc,0.05,22,22,MORE-LESS,pair3,P,0.005461692810058594,0.0013751983642578125,1234,1234
gpt-j-6b-fp32,D_imp_asc,0.05,22,22,MORE-LESS,pair3,Q,0.00933074951171875,0.0037126541137695312,1234,1234
gpt-j-6b-fp32,D_imp_asc,0.05,22,22,MORE-LESS,pair4,P,0.0063304901123046875,-0.001613616943359375,23448,23448
gpt-j-6b-fp32,D_imp_asc,0.05,22,22,MORE-LESS,pair4,Q,0.005623817443847656,0.0010023117065429688,23448,23448
gpt-j-6b-fp32,D_imp_asc,0.05,22,22,MORE-LESS,pair5,P,4.482269287109375e-05,-0.00952911376953125,969,969
gpt-j-6b-fp32,D_imp_asc,0.05,22,22,MORE-LESS,pair5,Q,0.004123687744140625,-0.005684852600097656,1426,1426
gpt-j-6b-fp32,D_imp_asc,0.05,22,22,MORE-LESS,pair6,P,0.0013761520385742188,0.0031719207763671875,6514,6514
gpt-j-6b-fp32,D_imp_asc,0.05,22,22,MORE-LESS,pair6,Q,0.00189971923828125,0.004998207092285156,6514,6514
gpt-j-6b-fp32,D_imp_asc,0.05,22,22,MORE-LESS,pair7,P,-0.011325836181640625,0.008593559265136719,22111,22111
gpt-j-6b-fp32,D_imp_asc,0.05,22,22,MORE-LESS,pair7,Q,-0.010588645935058594,0.007769584655761719,22111,22111
gpt-j-6b-fp32,D_imp_asc,0.05,22,22,MORE-LESS,pair8,P,0.0037717819213867188,0.0003814697265625,969,969
gpt-j-6b-fp32,D_imp_asc,0.05,22,22,MORE-LESS,pair8,Q,0.003795623779296875,0.0050945281982421875,969,969
gpt-j-6b-fp32,D_imp_asc,0.05,22,22,MORE-LESS,pair9,P,0.000492095947265625,0.0015916824340820312,34439,34439
gpt-j-6b-fp32,D_imp_asc,0.05,22,22,MORE-LESS,pair9,Q,0.00026702880859375,0.004608154296875,34439,34439
gpt-j-6b-fp32,D_imp_asc,0.07,31,31,SAME-OPP,pair0,P,-0.0028390884399414062,-0.0035400390625,632,632
gpt-j-6b-fp32,D_imp_asc,0.07,31,31,SAME-OPP,pair0,Q,0.0056018829345703125,0.009072303771972656,39733,39733
gpt-j-6b-fp32,D_imp_asc,0.07,31,31,SAME-OPP,pair1,P,-0.011582374572753906,0.004733085632324219,27059,27059
gpt-j-6b-fp32,D_imp_asc,0.07,31,31,SAME-OPP,pair1,Q,-0.0023889541625976562,0.00081634521484375,19157,19157
gpt-j-6b-fp32,D_imp_asc,0.07,31,31,SAME-OPP,pair2,P,0.00028705596923828125,0.00716400146484375,632,632
gpt-j-6b-fp32,D_imp_asc,0.07,31,31,SAME-OPP,pair2,Q,0.0032472610473632812,0.012498855590820312,632,632
gpt-j-6b-fp32,D_imp_asc,0.07,31,31,SAME-OPP,pair3,P,-0.00030803680419921875,0.005211830139160156,27059,27059
gpt-j-6b-fp32,D_imp_asc,0.07,31,31,SAME-OPP,pair3,Q,0.00948333740234375,0.01850128173828125,632,632
gpt-j-6b-fp32,D_imp_asc,0.07,31,31,SAME-OPP,pair4,P,-0.013356208801269531,-0.005336761474609375,27059,27059
gpt-j-6b-fp32,D_imp_asc,0.07,31,31,SAME-OPP,pair4,Q,0.0026807785034179688,0.0060176849365234375,632,632
gpt-j-6b-fp32,D_imp_asc,0.07,31,31,SAME-OPP,pair5,P,-0.007290840148925781,0.0031518936157226562,27059,27059
gpt-j-6b-fp32,D_imp_asc,0.07,31,31,SAME-OPP,pair5,Q,0.0052585601806640625,0.006701469421386719,632,632
gpt-j-6b-fp32,D_imp_asc,0.07,31,31,SAME-OPP,pair6,P,-0.01078033447265625,-0.00836181640625,27059,27059
gpt-j-6b-fp32,D_imp_asc,0.07,31,31,SAME-OPP,pair6,Q,0.0035371780395507812,0.011026382446289062,632,632
gpt-j-6b-fp32,D_imp_asc,0.07,31,31,SAME-OPP,pair7,P,-0.010581016540527344,0.015242576599121094,632,632
gpt-j-6b-fp32,D_imp_asc,0.07,31,31,SAME-OPP,pair7,Q,0.013291358947753906,0.013383865356445312,632,632
gpt-j-6b-fp32,D_imp_asc,0.07,31,31,SAME-OPP,pair8,P,-0.0023174285888671875,0.007094383239746094,581,581
gpt-j-6b-fp32,D_imp_asc,0.07,31,31,SAME-OPP,pair8,Q,0.0015621185302734375,0.01032257080078125,581,581
gpt-j-6b-fp32,D_imp_asc,0.07,31,31,SAME-OPP,pair9,P,-0.009136199951171875,0.00038909912109375,27059,27059
gpt-j-6b-fp32,D_imp_asc,0.07,31,31,SAME-OPP,pair9,Q,-0.0024509429931640625,0.009747505187988281,1928,1928
gpt-j-6b-fp32,D_imp_asc,0.07,31,31,SAME-MORE,pair0,P,-0.01942729949951172,-0.015186309814453125,632,632
gpt-j-6b-fp32,D_imp_asc,0.07,31,31,SAME-MORE,pair0,Q,0.014233589172363281,-0.021478652954101562,39733,39733
gpt-j-6b-fp32,D_imp_asc,0.07,31,31,SAME-MORE,pair1,P,-0.009280204772949219,-0.0074672698974609375,27059,27059
gpt-j-6b-fp32,D_imp_asc,0.07,31,31,SAME-MORE,pair1,Q,-0.019117355346679688,-0.04496574401855469,19157,19157
gpt-j-6b-fp32,D_imp_asc,0.07,31,31,SAME-MORE,pair2,P,0.01879119873046875,-0.016936302185058594,632,632
gpt-j-6b-fp32,D_imp_asc,0.07,31,31,SAME-MORE,pair2,Q,0.024322509765625,-0.05376148223876953,632,632
gpt-j-6b-fp32,D_imp_asc,0.07,31,31,SAME-MORE,pair3,P,0.00859832763671875,0.024537086486816406,27059,27059
gpt-j-6b-fp32,D_imp_asc,0.07,31,31,SAME-MORE,pair3,Q,0.022642135620117188,0.016876220703125,632,632
gpt-j-6b-fp32,D_imp_asc,0.07,31,31,SAME-MORE,pair4,P,-0.0016841888427734375,-0.016882896423339844,27059,27059
gpt-j-6b-fp32,D_imp_asc,0.07,31,31,SAME-MORE,pair4,Q,0.04150104522705078,-0.05375957489013672,632,632
gpt-j-6b-fp32,D_imp_asc,0.07,31,31,SAME-MORE,pair5,P,0.033951759338378906,0.042824745178222656,27059,27059
gpt-j-6b-fp32,D_imp_asc,0.07,31,31,SAME-MORE,pair5,Q,0.031887054443359375,0.018123626708984375,632,632
gpt-j-6b-fp32,D_imp_asc,0.07,31,31,SAME-MORE,pair6,P,-0.02670574188232422,0.004223823547363281,27059,27059
gpt-j-6b-fp32,D_imp_asc,0.07,31,31,SAME-MORE,pair6,Q,0.009832382202148438,-0.057964324951171875,632,632
gpt-j-6b-fp32,D_imp_asc,0.07,31,31,SAME-MORE,pair7,P,0.041296958923339844,0.028255462646484375,632,632
gpt-j-6b-fp32,D_imp_asc,0.07,31,31,SAME-MORE,pair7,Q,0.023572921752929688,-0.03782081604003906,632,632
gpt-j-6b-fp32,D_imp_asc,0.07,31,31,SAME-MORE,pair8,P,0.06595993041992188,0.029335975646972656,581,581
gpt-j-6b-fp32,D_imp_asc,0.07,31,31,SAME-MORE,pair8,Q,0.04435443878173828,-0.022706985473632812,581,581
gpt-j-6b-fp32,D_imp_asc,0.07,31,31,SAME-MORE,pair9,P,0.0108489990234375,0.013978958129882812,27059,27059
gpt-j-6b-fp32,D_imp_asc,0.07,31,31,SAME-MORE,pair9,Q,0.01148223876953125,0.0015420913696289062,1928,1928
gpt-j-6b-fp32,D_imp_asc,0.07,31,31,SAME-LESS,pair0,P,-0.012917518615722656,0.04184436798095703,632,632
gpt-j-6b-fp32,D_imp_asc,0.07,31,31,SAME-LESS,pair0,Q,0.029829978942871094,-0.03719520568847656,39733,39733
gpt-j-6b-fp32,D_imp_asc,0.07,31,31,SAME-LESS,pair1,P,-0.015461921691894531,-0.030768394470214844,27059,27059
gpt-j-6b-fp32,D_imp_asc,0.07,31,31,SAME-LESS,pair1,Q,-0.007890701293945312,-0.07783889770507812,19157,19157
gpt-j-6b-fp32,D_imp_asc,0.07,31,31,SAME-LESS,pair2,P,0.0142669677734375,-0.048017024993896484,632,632
gpt-j-6b-fp32,D_imp_asc,0.07,31,31,SAME-LESS,pair2,Q,0.030355453491210938,-0.09076499938964844,632,632
gpt-j-6b-fp32,D_imp_asc,0.07,31,31,SAME-LESS,pair3,P,0.003498077392578125,0.06870460510253906,27059,27059
gpt-j-6b-fp32,D_imp_asc,0.07,31,31,SAME-LESS,pair3,Q,0.038681983947753906,0.0035247802734375,632,632
gpt-j-6b-fp32,D_imp_asc,0.07,31,31,SAME-LESS,pair4,P,-0.007636070251464844,-0.07473945617675781,27059,27059
gpt-j-6b-fp32,D_imp_asc,0.07,31,31,SAME-LESS,pair4,Q,0.046370506286621094,-0.14026641845703125,632,632
gpt-j-6b-fp32,D_imp_asc,0.07,31,31,SAME-LESS,pair5,P,0.029107093811035156,0.0365753173828125,27059,27059
gpt-j-6b-fp32,D_imp_asc,0.07,31,31,SAME-LESS,pair5,Q,0.048628807067871094,-0.043804168701171875,632,632
gpt-j-6b-fp32,D_imp_asc,0.07,31,31,SAME-LESS,pair6,P,-0.03499126434326172,0.024331092834472656,27059,27059
gpt-j-6b-fp32,D_imp_asc,0.07,31,31,SAME-LESS,pair6,Q,0.02039813995361328,-0.07539558410644531,632,632
gpt-j-6b-fp32,D_imp_asc,0.07,31,31,SAME-LESS,pair7,P,0.042792320251464844,0.028313636779785156,632,632
gpt-j-6b-fp32,D_imp_asc,0.07,31,31,SAME-LESS,pair7,Q,0.03190135955810547,0.013677597045898438,632,632
gpt-j-6b-fp32,D_imp_asc,0.07,31,31,SAME-LESS,pair8,P,0.062896728515625,-0.02889728546142578,581,581
gpt-j-6b-fp32,D_imp_asc,0.07,31,31,SAME-LESS,pair8,Q,0.057041168212890625,-0.12389659881591797,581,581
gpt-j-6b-fp32,D_imp_asc,0.07,31,31,SAME-LESS,pair9,P,0.005875587463378906,-0.026079177856445312,27059,27059
gpt-j-6b-fp32,D_imp_asc,0.07,31,31,SAME-LESS,pair9,Q,0.018186569213867188,-0.07211875915527344,1928,1928
gpt-j-6b-fp32,D_imp_asc,0.07,31,31,OPP-MORE,pair0,P,0.0053615570068359375,-0.01881885528564453,632,632
gpt-j-6b-fp32,D_imp_asc,0.07,31,31,OPP-MORE,pair0,Q,0.017037391662597656,-0.02053546905517578,39733,39733
gpt-j-6b-fp32,D_imp_asc,0.07,31,31,OPP-MORE,pair1,P,0.024056434631347656,-0.009057044982910156,27059,27059
gpt-j-6b-fp32,D_imp_asc,0.07,31,31,OPP-MORE,pair1,Q,0.019975662231445312,-0.04743385314941406,19157,19157
gpt-j-6b-fp32,D_imp_asc,0.07,31,31,OPP-MORE,pair2,P,0.043503761291503906,0.005748748779296875,27059,27059
gpt-j-6b-fp32,D_imp_asc,0.07,31,31,OPP-MORE,pair2,Q,0.016672134399414062,-0.04353046417236328,632,632
gpt-j-6b-fp32,D_imp_asc,0.07,31,31,OPP-MORE,pair3,P,0.007172584533691406,0.016633033752441406,27059,27059
gpt-j-6b-fp32,D_imp_asc,0.07,31,31,OPP-MORE,pair3,Q,0.020333290100097656,0.014959335327148438,5930,5930
gpt-j-6b-fp32,D_imp_asc,0.07,31,31,OPP-MORE,pair4,P,0.04633045196533203,-0.010057449340820312,27059,27059
gpt-j-6b-fp32,D_imp_asc,0.07,31,31,OPP-MORE,pair4,Q,0.03388214111328125,-0.04265403747558594,632,632
gpt-j-6b-fp32,D_imp_asc,0.07,31,31,OPP-MORE,pair5,P,0.024301528930664062,0.05150032043457031,27059,27059
gpt-j-6b-fp32,D_imp_asc,0.07,31,31,OPP-MORE,pair5,Q,0.036261558532714844,0.032238006591796875,632,632
gpt-j-6b-fp32,D_imp_asc,0.07,31,31,OPP-MORE,pair6,P,0.03368186950683594,0.037766456604003906,27059,27059
gpt-j-6b-fp32,D_imp_asc,0.07,31,31,OPP-MORE,pair6,Q,0.017181396484375,-0.039757728576660156,632,632
gpt-j-6b-fp32,D_imp_asc,0.07,31,31,OPP-MORE,pair7,P,-0.0013856887817382812,0.03731822967529297,632,632
gpt-j-6b-fp32,D_imp_asc,0.07,31,31,OPP-MORE,pair7,Q,0.02116107940673828,-0.025641441345214844,632,632
gpt-j-6b-fp32,D_imp_asc,0.07,31,31,OPP-MORE,pair8,P,0.03436088562011719,0.016338348388671875,1874,27059
gpt-j-6b-fp32,D_imp_asc,0.07,31,31,OPP-MORE,pair8,Q,0.053526878356933594,-0.03532981872558594,1874,1874
gpt-j-6b-fp32,D_imp_asc,0.07,31,31,OPP-MORE,pair9,P,0.038238525390625,0.009584426879882812,27059,27059
gpt-j-6b-fp32,D_imp_asc,0.07,31,31,OPP-MORE,pair9,Q,0.026803016662597656,-0.0060749053955078125,23663,23663
gpt-j-6b-fp32,D_imp_asc,0.07,31,31,OPP-LESS,pair0,P,0.013072013854980469,0.03526496887207031,632,632
gpt-j-6b-fp32,D_imp_asc,0.07,31,31,OPP-LESS,pair0,Q,0.026976585388183594,-0.024644851684570312,39733,39733
gpt-j-6b-fp32,D_imp_asc,0.07,31,31,OPP-LESS,pair1,P,0.022368431091308594,-0.019104957580566406,27059,27059
gpt-j-6b-fp32,D_imp_asc,0.07,31,31,OPP-LESS,pair1,Q,0.021457672119140625,-0.0649557113647461,19157,19157
gpt-j-6b-fp32,D_imp_asc,0.07,31,31,OPP-LESS,pair2,P,0.03458690643310547,-0.015561580657958984,27059,27059
gpt-j-6b-fp32,D_imp_asc,0.07,31,31,OPP-LESS,pair2,Q,0.015348434448242188,-0.07677268981933594,632,632
gpt-j-6b-fp32,D_imp_asc,0.07,31,31,OPP-LESS,pair3,P,0.00013828277587890625,0.08844280242919922,27059,27059
gpt-j-6b-fp32,D_imp_asc,0.07,31,31,OPP-LESS,pair3,Q,0.027509689331054688,0.013262748718261719,5930,5930
gpt-j-6b-fp32,D_imp_asc,0.07,31,31,OPP-LESS,pair4,P,0.04397773742675781,-0.03337574005126953,27059,27059
gpt-j-6b-fp32,D_imp_asc,0.07,31,31,OPP-LESS,pair4,Q,0.036118507385253906,-0.09778404235839844,632,632
gpt-j-6b-fp32,D_imp_asc,0.07,31,31,OPP-LESS,pair5,P,0.01896190643310547,0.05932331085205078,27059,27059
gpt-j-6b-fp32,D_imp_asc,0.07,31,31,OPP-LESS,pair5,Q,0.048496246337890625,-0.02380847930908203,632,632
gpt-j-6b-fp32,D_imp_asc,0.07,31,31,OPP-LESS,pair6,P,0.02724456787109375,0.04791450500488281,27059,27059
gpt-j-6b-fp32,D_imp_asc,0.07,31,31,OPP-LESS,pair6,Q,0.023105621337890625,-0.03803443908691406,632,632
gpt-j-6b-fp32,D_imp_asc,0.07,31,31,OPP-LESS,pair7,P,0.01716899871826172,0.04096221923828125,632,632
gpt-j-6b-fp32,D_imp_asc,0.07,31,31,OPP-LESS,pair7,Q,0.03215789794921875,0.026103973388671875,632,632
gpt-j-6b-fp32,D_imp_asc,0.07,31,31,OPP-LESS,pair8,P,0.028900146484375,0.00103759765625,1874,27059
gpt-j-6b-fp32,D_imp_asc,0.07,31,31,OPP-LESS,pair8,Q,0.05675983428955078,-0.09262847900390625,1874,1874
gpt-j-6b-fp32,D_imp_asc,0.07,31,31,OPP-LESS,pair9,P,0.03354358673095703,-0.007968902587890625,27059,27059
gpt-j-6b-fp32,D_imp_asc,0.07,31,31,OPP-LESS,pair9,Q,0.02941417694091797,-0.05437946319580078,23663,23663
gpt-j-6b-fp32,D_imp_asc,0.07,31,31,MORE-LESS,pair0,P,0.004948616027832031,0.0099334716796875,10255,10255
gpt-j-6b-fp32,D_imp_asc,0.07,31,31,MORE-LESS,pair0,Q,0.006484031677246094,0.007829666137695312,10255,10255
gpt-j-6b-fp32,D_imp_asc,0.07,31,31,MORE-LESS,pair1,P,0.00481414794921875,-0.0030069351196289062,18605,18605
gpt-j-6b-fp32,D_imp_asc,0.07,31,31,MORE-LESS,pair1,Q,0.0063838958740234375,0.00015354156494140625,18605,18605
gpt-j-6b-fp32,D_imp_asc,0.07,31,31,MORE-LESS,pair2,P,0.005818367004394531,-0.004742622375488281,8038,8038
gpt-j-6b-fp32,D_imp_asc,0.07,31,31,MORE-LESS,pair2,Q,0.003963470458984375,-0.005527496337890625,8038,8038
gpt-j-6b-fp32,D_imp_asc,0.07,31,31,MORE-LESS,pair3,P,0.005080223083496094,0.0006999969482421875,1234,1234
gpt-j-6b-fp32,D_imp_asc,0.07,31,31,MORE-LESS,pair3,Q,0.0094757080078125,0.0038051605224609375,1234,1234
gpt-j-6b-fp32,D_imp_asc,0.07,31,31,MORE-LESS,pair4,P,0.0044155120849609375,-0.0005865097045898438,23448,23448
gpt-j-6b-fp32,D_imp_asc,0.07,31,31,MORE-LESS,pair4,Q,0.004471778869628906,0.0022525787353515625,23448,23448
gpt-j-6b-fp32,D_imp_asc,0.07,31,31,MORE-LESS,pair5,P,0.0009250640869140625,-0.011616706848144531,969,969
gpt-j-6b-fp32,D_imp_asc,0.07,31,31,MORE-LESS,pair5,Q,0.005738258361816406,-0.006394386291503906,1426,1426
gpt-j-6b-fp32,D_imp_asc,0.07,31,31,MORE-LESS,pair6,P,0.0015172958374023438,0.0013837814331054688,6514,6514
gpt-j-6b-fp32,D_imp_asc,0.07,31,31,MORE-LESS,pair6,Q,0.00202178955078125,0.0038976669311523438,6514,6514
gpt-j-6b-fp32,D_imp_asc,0.07,31,31,MORE-LESS,pair7,P,-0.011140823364257812,0.005576133728027344,22111,22111
gpt-j-6b-fp32,D_imp_asc,0.07,31,31,MORE-LESS,pair7,Q,-0.010083198547363281,0.005343437194824219,22111,22111
gpt-j-6b-fp32,D_imp_asc,0.07,31,31,MORE-LESS,pair8,P,0.004469871520996094,-0.0020313262939453125,969,969
gpt-j-6b-fp32,D_imp_asc,0.07,31,31,MORE-LESS,pair8,Q,0.0049953460693359375,0.0033931732177734375,969,969
gpt-j-6b-fp32,D_imp_asc,0.07,31,31,MORE-LESS,pair9,P,-0.0014352798461914062,-0.0002231597900390625,34439,34439
gpt-j-6b-fp32,D_imp_asc,0.07,31,31,MORE-LESS,pair9,Q,-0.00104522705078125,0.0034732818603515625,34439,34439
gpt-j-6b-fp32,D_imp_asc,0.1,44,44,SAME-OPP,pair0,P,-0.006186485290527344,-0.010209083557128906,632,632
gpt-j-6b-fp32,D_imp_asc,0.1,44,44,SAME-OPP,pair0,Q,0.008764266967773438,0.012665748596191406,39733,39733
gpt-j-6b-fp32,D_imp_asc,0.1,44,44,SAME-OPP,pair1,P,-0.01602935791015625,0.00027751922607421875,27059,27059
gpt-j-6b-fp32,D_imp_asc,0.1,44,44,SAME-OPP,pair1,Q,0.0031280517578125,0.0027227401733398438,19157,19157
gpt-j-6b-fp32,D_imp_asc,0.1,44,44,SAME-OPP,pair2,P,-0.0043354034423828125,0.010006904602050781,632,632
gpt-j-6b-fp32,D_imp_asc,0.1,44,44,SAME-OPP,pair2,Q,0.005784034729003906,0.012331962585449219,632,632
gpt-j-6b-fp32,D_imp_asc,0.1,44,44,SAME-OPP,pair3,P,-0.010149955749511719,4.482269287109375e-05,27059,27059
gpt-j-6b-fp32,D_imp_asc,0.1,44,44,SAME-OPP,pair3,Q,0.011921882629394531,0.014932632446289062,632,632
gpt-j-6b-fp32,D_imp_asc,0.1,44,44,SAME-OPP,pair4,P,-0.019151687622070312,-0.00884246826171875,27059,27059
gpt-j-6b-fp32,D_imp_asc,0.1,44,44,SAME-OPP,pair4,Q,0.002349853515625,0.0038166046142578125,632,632
gpt-j-6b-fp32,D_imp_asc,0.1,44,44,SAME-OPP,pair5,P,-0.021640777587890625,-0.0014400482177734375,27059,27059
gpt-j-6b-fp32,D_imp_asc,0.1,44,44,SAME-OPP,pair5,Q,0.012211799621582031,0.008802413940429688,632,632
gpt-j-6b-fp32,D_imp_asc,0.1,44,44,SAME-OPP,pair6,P,-0.019371986389160156,-0.008123397827148438,27059,27059
gpt-j-6b-fp32,D_imp_asc,0.1,44,44,SAME-OPP,pair6,Q,0.005928993225097656,0.011412620544433594,632,632
gpt-j-6b-fp32,D_imp_asc,0.1,44,44,SAME-OPP,pair7,P,-0.011521339416503906,0.015048980712890625,632,632
gpt-j-6b-fp32,D_imp_asc,0.1,44,44,SAME-OPP,pair7,Q,0.01676654815673828,0.014599800109863281,632,632
gpt-j-6b-fp32,D_imp_asc,0.1,44,44,SAME-OPP,pair8,P,-0.0060291290283203125,-0.0019750595092773438,581,581
gpt-j-6b-fp32,D_imp_asc,0.1,44,44,SAME-OPP,pair8,Q,0.0028848648071289062,0.005591392517089844,581,581
gpt-j-6b-fp32,D_imp_asc,0.1,44,44,SAME-OPP,pair9,P,-0.014349937438964844,-0.0007266998291015625,27059,27059
gpt-j-6b-fp32,D_imp_asc,0.1,44,44,SAME-OPP,pair9,Q,-0.0014476776123046875,0.009356498718261719,1928,1928
gpt-j-6b-fp32,D_imp_asc,0.1,44,44,SAME-MORE,pair0,P,-0.02312183380126953,0.04664897918701172,632,632
gpt-j-6b-fp32,D_imp_asc,0.1,44,44,SAME-MORE,pair0,Q,0.010643959045410156,-0.018611907958984375,39733,39733
gpt-j-6b-fp32,D_imp_asc,0.1,44,44,SAME-MORE,pair1,P,-0.0017175674438476562,0.06176185607910156,27059,27059
gpt-j-6b-fp32,D_imp_asc,0.1,44,44,SAME-MORE,pair1,Q,-0.03742694854736328,-0.0061931610107421875,19157,19157
gpt-j-6b-fp32,D_imp_asc,0.1,44,44,SAME-MORE,pair2,P,0.019354820251464844,0.04243183135986328,632,632
gpt-j-6b-fp32,D_imp_asc,0.1,44,44,SAME-MORE,pair2,Q,0.013662338256835938,-0.022470474243164062,632,632
gpt-j-6b-fp32,D_imp_asc,0.1,44,44,SAME-MORE,pair3,P,-0.0017833709716796875,0.042842864990234375,27059,27059
gpt-j-6b-fp32,D_imp_asc,0.1,44,44,SAME-MORE,pair3,Q,0.000469207763671875,0.02063751220703125,632,632
gpt-j-6b-fp32,D_imp_asc,0.1,44,44,SAME-MORE,pair4,P,0.013963699340820312,0.023665428161621094,27059,27059
gpt-j-6b-fp32,D_imp_asc,0.1,44,44,SAME-MORE,pair4,Q,0.03707313537597656,-0.04360675811767578,632,632
gpt-j-6b-fp32,D_imp_asc,0.1,44,44,SAME-MORE,pair5,P,0.015303611755371094,0.0649404525756836,27059,27059
gpt-j-6b-fp32,D_imp_asc,0.1,44,44,SAME-MORE,pair5,Q,0.016407012939453125,0.03173637390136719,632,632
gpt-j-6b-fp32,D_imp_asc,0.1,44,44,SAME-MORE,pair6,P,-0.025011062622070312,0.056023597717285156,27059,27059
gpt-j-6b-fp32,D_imp_asc,0.1,44,44,SAME-MORE,pair6,Q,-0.004403114318847656,-0.031716346740722656,632,632
gpt-j-6b-fp32,D_imp_asc,0.1,44,44,SAME-MORE,pair7,P,0.04413604736328125,0.010686874389648438,632,632
gpt-j-6b-fp32,D_imp_asc,0.1,44,44,SAME-MORE,pair7,Q,0.009368896484375,-0.04510784149169922,632,632
gpt-j-6b-fp32,D_imp_asc,0.1,44,44,SAME-MORE,pair8,P,0.056374549865722656,0.06608390808105469,581,581
gpt-j-6b-fp32,D_imp_asc,0.1,44,44,SAME-MORE,pair8,Q,0.0482177734375,-0.010581016540527344,581,581
gpt-j-6b-fp32,D_imp_asc,0.1,44,44,SAME-MORE,pair9,P,0.009627342224121094,0.026172637939453125,27059,27059
gpt-j-6b-fp32,D_imp_asc,0.1,44,44,SAME-MORE,pair9,Q,0.00016307830810546875,0.0023927688598632812,1928,1928
gpt-j-6b-fp32,D_imp_asc,0.1,44,44,SAME-LESS,pair0,P,-0.011368751525878906,0.23820209503173828,632,632
gpt-j-6b-fp32,D_imp_asc,0.1,44,44,SAME-LESS,pair0,Q,0.02349090576171875,0.05949211120605469,39733,39733
gpt-j-6b-fp32,D_imp_asc,0.1,44,44,SAME-LESS,pair1,P,-0.005984306335449219,-0.02942180633544922,27059,27059
gpt-j-6b-fp32,D_imp_asc,0.1,44,44,SAME-LESS,pair1,Q,-0.022510528564453125,-0.08406448364257812,19157,19157
gpt-j-6b-fp32,D_imp_asc,0.1,44,44,SAME-LESS,pair2,P,0.017111778259277344,-0.03643655776977539,632,632
gpt-j-6b-fp32,D_imp_asc,0.1,44,44,SAME-LESS,pair2,Q,0.0197296142578125,-0.09253787994384766,632,632
gpt-j-6b-fp32,D_imp_asc,0.1,44,44,SAME-LESS,pair3,P,-0.002849578857421875,0.09765243530273438,27059,27059
gpt-j-6b-fp32,D_imp_asc,0.1,44,44,SAME-LESS,pair3,Q,0.021582603454589844,0.00545501708984375,632,632
gpt-j-6b-fp32,D_imp_asc,0.1,44,44,SAME-LESS,pair4,P,0.009119987487792969,-0.03547859191894531,27059,27059
gpt-j-6b-fp32,D_imp_asc,0.1,44,44,SAME-LESS,pair4,Q,0.04042243957519531,-0.1400737762451172,632,632
gpt-j-6b-fp32,D_imp_asc,0.1,44,44,SAME-LESS,pair5,P,0.01744842529296875,0.05534076690673828,27059,27059
gpt-j-6b-fp32,D_imp_asc,0.1,44,44,SAME-LESS,pair5,Q,0.03444671630859375,-0.046764373779296875,632,632
gpt-j-6b-fp32,D_imp_asc,0.1,44,44,SAME-LESS,pair6,P,-0.0322113037109375,-0.007475852966308594,27059,27059
gpt-j-6b-fp32,D_imp_asc,0.1,44,44,SAME-LESS,pair6,Q,0.0013227462768554688,-0.08001708984375,632,632
gpt-j-6b-fp32,D_imp_asc,0.1,44,44,SAME-LESS,pair7,P,0.05182361602783203,0.033313751220703125,632,632
gpt-j-6b-fp32,D_imp_asc,0.1,44,44,SAME-LESS,pair7,Q,0.018174171447753906,0.003931999206542969,632,632
gpt-j-6b-fp32,D_imp_asc,0.1,44,44,SAME-LESS,pair8,P,0.059070587158203125,-0.015048980712890625,581,581
gpt-j-6b-fp32,D_imp_asc,0.1,44,44,SAME-LESS,pair8,Q,0.06337642669677734,-0.12741374969482422,581,581
gpt-j-6b-fp32,D_imp_asc,0.1,44,44,SAME-LESS,pair9,P,0.009134292602539062,-0.01855182647705078,27059,27059
gpt-j-6b-fp32,D_imp_asc,0.1,44,44,SAME-LESS,pair9,Q,0.005112648010253906,-0.07310867309570312,1928,1928
gpt-j-6b-fp32,D_imp_asc,0.1,44,44,OPP-MORE,pair0,P,-0.01458740234375,0.05458641052246094,632,632
gpt-j-6b-fp32,D_imp_asc,0.1,44,44,OPP-MORE,pair0,Q,0.029409408569335938,-0.015648841857910156,39733,39733
gpt-j-6b-fp32,D_imp_asc,0.1,44,44,OPP-MORE,pair1,P,0.030488967895507812,0.04351615905761719,27059,27059
gpt-j-6b-fp32,D_imp_asc,0.1,44,44,OPP-MORE,pair1,Q,0.004696846008300781,-0.01604175567626953,19157,19157
gpt-j-6b-fp32,D_imp_asc,0.1,44,44,OPP-MORE,pair2,P,0.03092193603515625,0.0703420639038086,27059,27059
gpt-j-6b-fp32,D_imp_asc,0.1,44,44,OPP-MORE,pair2,Q,0.010057449340820312,-0.0064544677734375,632,632
gpt-j-6b-fp32,D_imp_asc,0.1,44,44,OPP-MORE,pair3,P,0.0025730133056640625,0.041708946228027344,27059,27059
gpt-j-6b-fp32,D_imp_asc,0.1,44,44,OPP-MORE,pair3,Q,0.0063076019287109375,0.023731231689453125,5930,5930
gpt-j-6b-fp32,D_imp_asc,0.1,44,44,OPP-MORE,pair4,P,0.06386947631835938,0.03012561798095703,27059,27059
gpt-j-6b-fp32,D_imp_asc,0.1,44,44,OPP-MORE,pair4,Q,0.032134056091308594,-0.026037216186523438,632,632
gpt-j-6b-fp32,D_imp_asc,0.1,44,44,OPP-MORE,pair5,P,0.016162872314453125,0.08227348327636719,27059,27059
gpt-j-6b-fp32,D_imp_asc,0.1,44,44,OPP-MORE,pair5,Q,0.014950752258300781,0.05357837677001953,632,632
gpt-j-6b-fp32,D_imp_asc,0.1,44,44,OPP-MORE,pair6,P,0.02915191650390625,0.085845947265625,27059,27059
gpt-j-6b-fp32,D_imp_asc,0.1,44,44,OPP-MORE,pair6,Q,2.193450927734375e-05,-0.018446922302246094,632,632
gpt-j-6b-fp32,D_imp_asc,0.1,44,44,OPP-MORE,pair7,P,0.011983871459960938,0.028786659240722656,632,632
gpt-j-6b-fp32,D_imp_asc,0.1,44,44,OPP-MORE,pair7,Q,0.009204864501953125,-0.025610923767089844,632,632
gpt-j-6b-fp32,D_imp_asc,0.1,44,44,OPP-MORE,pair8,P,0.03857898712158203,0.05008983612060547,1874,1874
gpt-j-6b-fp32,D_imp_asc,0.1,44,44,OPP-MORE,pair8,Q,0.058261871337890625,-0.020667076110839844,1874,1874
gpt-j-6b-fp32,D_imp_asc,0.1,44,44,OPP-MORE,pair9,P,0.04166603088378906,0.0240478515625,27059,27059
gpt-j-6b-fp32,D_imp_asc,0.1,44,44,OPP-MORE,pair9,Q,0.016831398010253906,-0.0026407241821289062,23663,23663
gpt-j-6b-fp32,D_imp_asc,0.1,44,44,OPP-LESS,pair0,P,-0.0058498382568359375,0.21894359588623047,632,632
gpt-j-6b-fp32,D_imp_asc,0.1,44,44,OPP-LESS,pair0,Q,0.040673255920410156,0.07172298431396484,39733,39733
gpt-j-6b-fp32,D_imp_asc,0.1,44,44,OPP-LESS,pair1,P,0.037929534912109375,-0.030241966247558594,27059,27059
gpt-j-6b-fp32,D_imp_asc,0.1,44,44,OPP-LESS,pair1,Q,0.010933876037597656,-0.07168388366699219,19157,19157
gpt-j-6b-fp32,D_imp_asc,0.1,44,44,OPP-LESS,pair2,P,0.023466110229492188,-0.003627300262451172,27059,27059
gpt-j-6b-fp32,D_imp_asc,0.1,44,44,OPP-LESS,pair2,Q,0.010853767395019531,-0.07953453063964844,632,632
gpt-j-6b-fp32,D_imp_asc,0.1,44,44,OPP-LESS,pair3,P,0.000701904296875,0.11409664154052734,27059,27059
gpt-j-6b-fp32,D_imp_asc,0.1,44,44,OPP-LESS,pair3,Q,0.019468307495117188,0.019988059997558594,5930,5930
gpt-j-6b-fp32,D_imp_asc,0.1,44,44,OPP-LESS,pair4,P,0.06335639953613281,0.009465217590332031,27059,27059
gpt-j-6b-fp32,D_imp_asc,0.1,44,44,OPP-LESS,pair4,Q,0.037674903869628906,-0.08840465545654297,632,632
gpt-j-6b-fp32,D_imp_asc,0.1,44,44,OPP-LESS,pair5,P,0.021959304809570312,0.07584857940673828,27059,27059
gpt-j-6b-fp32,D_imp_asc,0.1,44,44,OPP-LESS,pair5,Q,0.03257942199707031,-0.02740001678466797,632,632
gpt-j-6b-fp32,D_imp_asc,0.1,44,44,OPP-LESS,pair6,P,0.0254669189453125,0.0206298828125,27059,27059
gpt-j-6b-fp32,D_imp_asc,0.1,44,44,OPP-LESS,pair6,Q,0.007875442504882812,-0.043445587158203125,632,632
gpt-j-6b-fp32,D_imp_asc,0.1,44,44,OPP-LESS,pair7,P,0.03506946563720703,0.04501152038574219,632,632
gpt-j-6b-fp32,D_imp_asc,0.1,44,44,OPP-LESS,pair7,Q,0.024211883544921875,0.02174091339111328,632,632
gpt-j-6b-fp32,D_imp_asc,0.1,44,44,OPP-LESS,pair8,P,0.04090309143066406,0.008274078369140625,1874,1874
gpt-j-6b-fp32,D_imp_asc,0.1,44,44,OPP-LESS,pair8,Q,0.06747627258300781,-0.08751296997070312,1874,1874
gpt-j-6b-fp32,D_imp_asc,0.1,44,44,OPP-LESS,pair9,P,0.03876304626464844,-0.007655143737792969,27059,27059
gpt-j-6b-fp32,D_imp_asc,0.1,44,44,OPP-LESS,pair9,Q,0.023244857788085938,-0.04815196990966797,23663,23663
gpt-j-6b-fp32,D_imp_asc,0.1,44,44,MORE-LESS,pair0,P,0.0011310577392578125,0.007965087890625,10255,10255
gpt-j-6b-fp32,D_imp_asc,0.1,44,44,MORE-LESS,pair0,Q,0.005394935607910156,0.004191398620605469,10255,10255
gpt-j-6b-fp32,D_imp_asc,0.1,44,44,MORE-LESS,pair1,P,-0.0032930374145507812,-0.005125999450683594,18605,18605
gpt-j-6b-fp32,D_imp_asc,0.1,44,44,MORE-LESS,pair1,Q,-0.000499725341796875,7.2479248046875e-05,18605,18605
gpt-j-6b-fp32,D_imp_asc,0.1,44,44,MORE-LESS,pair2,P,0.007109642028808594,-0.008732795715332031,8038,8038
gpt-j-6b-fp32,D_imp_asc,0.1,44,44,MORE-LESS,pair2,Q,0.0041561126708984375,-0.010400772094726562,8038,8038
gpt-j-6b-fp32,D_imp_asc,0.1,44,44,MORE-LESS,pair3,P,0.005008697509765625,-0.0033559799194335938,1234,1234
gpt-j-6b-fp32,D_imp_asc,0.1,44,44,MORE-LESS,pair3,Q,0.010066032409667969,0.0003261566162109375,1234,1234
gpt-j-6b-fp32,D_imp_asc,0.1,44,44,MORE-LESS,pair4,P,0.001354217529296875,-0.0025653839111328125,23448,23448
gpt-j-6b-fp32,D_imp_asc,0.1,44,44,MORE-LESS,pair4,Q,0.0018768310546875,0.0017271041870117188,23448,23448
gpt-j-6b-fp32,D_imp_asc,0.1,44,44,MORE-LESS,pair5,P,0.004784584045410156,-0.013379096984863281,969,969
gpt-j-6b-fp32,D_imp_asc,0.1,44,44,MORE-LESS,pair5,Q,0.009249687194824219,-0.009105682373046875,1426,1426
gpt-j-6b-fp32,D_imp_asc,0.1,44,44,MORE-LESS,pair6,P,0.00334930419921875,0.0022907257080078125,6514,6514
gpt-j-6b-fp32,D_imp_asc,0.1,44,44,MORE-LESS,pair6,Q,0.0023832321166992188,0.0034761428833007812,6514,6514
gpt-j-6b-fp32,D_imp_asc,0.1,44,44,MORE-LESS,pair7,P,-0.008691787719726562,0.009924888610839844,22111,22111
gpt-j-6b-fp32,D_imp_asc,0.1,44,44,MORE-LESS,pair7,Q,-0.0084686279296875,0.0107269287109375,22111,22111
gpt-j-6b-fp32,D_imp_asc,0.1,44,44,MORE-LESS,pair8,P,0.0031061172485351562,-0.0033483505249023438,969,969
gpt-j-6b-fp32,D_imp_asc,0.1,44,44,MORE-LESS,pair8,Q,0.00316619873046875,0.0018825531005859375,969,969
gpt-j-6b-fp32,D_imp_asc,0.1,44,44,MORE-LESS,pair9,P,-0.0025272369384765625,-0.0028553009033203125,34439,34439
gpt-j-6b-fp32,D_imp_asc,0.1,44,44,MORE-LESS,pair9,Q,-0.0025386810302734375,-7.534027099609375e-05,34439,34439
gpt-j-6b-fp32,D_imp_asc,0.12,53,53,SAME-OPP,pair0,P,-0.0028429031372070312,-0.0076313018798828125,632,632
gpt-j-6b-fp32,D_imp_asc,0.12,53,53,SAME-OPP,pair0,Q,0.010214805603027344,0.013492584228515625,39733,39733
gpt-j-6b-fp32,D_imp_asc,0.12,53,53,SAME-OPP,pair1,P,-0.015454292297363281,0.00012683868408203125,27059,27059
gpt-j-6b-fp32,D_imp_asc,0.12,53,53,SAME-OPP,pair1,Q,-0.0007104873657226562,0.00040340423583984375,19157,19157
gpt-j-6b-fp32,D_imp_asc,0.12,53,53,SAME-OPP,pair2,P,-0.005932807922363281,0.0081634521484375,632,632
gpt-j-6b-fp32,D_imp_asc,0.12,53,53,SAME-OPP,pair2,Q,0.0032148361206054688,0.011334419250488281,632,632
gpt-j-6b-fp32,D_imp_asc,0.12,53,53,SAME-OPP,pair3,P,-0.009988784790039062,0.0016040802001953125,27059,27059
gpt-j-6b-fp32,D_imp_asc,0.12,53,53,SAME-OPP,pair3,Q,0.0095977783203125,0.014780044555664062,632,632
gpt-j-6b-fp32,D_imp_asc,0.12,53,53,SAME-OPP,pair4,P,-0.01933765411376953,-0.00878143310546875,27059,27059
gpt-j-6b-fp32,D_imp_asc,0.12,53,53,SAME-OPP,pair4,Q,-0.0014657974243164062,0.0025148391723632812,632,632
gpt-j-6b-fp32,D_imp_asc,0.12,53,53,SAME-OPP,pair5,P,-0.021018028259277344,-0.00023937225341796875,27059,27059
gpt-j-6b-fp32,D_imp_asc,0.12,53,53,SAME-OPP,pair5,Q,0.009714126586914062,0.00881195068359375,632,632
gpt-j-6b-fp32,D_imp_asc,0.12,53,53,SAME-OPP,pair6,P,-0.019594192504882812,-0.007332801818847656,27059,27059
gpt-j-6b-fp32,D_imp_asc,0.12,53,53,SAME-OPP,pair6,Q,0.003971099853515625,0.012232780456542969,632,632
gpt-j-6b-fp32,D_imp_asc,0.12,53,53,SAME-OPP,pair7,P,-0.013555526733398438,0.015832901000976562,632,632
gpt-j-6b-fp32,D_imp_asc,0.12,53,53,SAME-OPP,pair7,Q,0.014735221862792969,0.013035774230957031,632,632
gpt-j-6b-fp32,D_imp_asc,0.12,53,53,SAME-OPP,pair8,P,-0.007082939147949219,-0.0021648406982421875,581,581
gpt-j-6b-fp32,D_imp_asc,0.12,53,53,SAME-OPP,pair8,Q,0.0013990402221679688,0.0059261322021484375,581,581
gpt-j-6b-fp32,D_imp_asc,0.12,53,53,SAME-OPP,pair9,P,-0.01694202423095703,-0.0012292861938476562,27059,27059
gpt-j-6b-fp32,D_imp_asc,0.12,53,53,SAME-OPP,pair9,Q,-0.005527496337890625,0.007905960083007812,1928,1928
gpt-j-6b-fp32,D_imp_asc,0.12,53,53,SAME-MORE,pair0,P,-0.026015281677246094,0.04897117614746094,632,632
gpt-j-6b-fp32,D_imp_asc,0.12,53,53,SAME-MORE,pair0,Q,0.01651477813720703,-0.01468658447265625,39733,39733
gpt-j-6b-fp32,D_imp_asc,0.12,53,53,SAME-MORE,pair1,P,-0.012399673461914062,0.05551910400390625,27059,27059
gpt-j-6b-fp32,D_imp_asc,0.12,53,53,SAME-MORE,pair1,Q,-0.03727245330810547,-0.0031766891479492188,19157,19157
gpt-j-6b-fp32,D_imp_asc,0.12,53,53,SAME-MORE,pair2,P,0.019563674926757812,0.04874992370605469,632,632
gpt-j-6b-fp32,D_imp_asc,0.12,53,53,SAME-MORE,pair2,Q,0.021646499633789062,-0.00185394287109375,632,632
gpt-j-6b-fp32,D_imp_asc,0.12,53,53,SAME-MORE,pair3,P,-0.007327079772949219,0.03376197814941406,27059,27059
gpt-j-6b-fp32,D_imp_asc,0.12,53,53,SAME-MORE,pair3,Q,0.009935379028320312,0.014507293701171875,632,632
gpt-j-6b-fp32,D_imp_asc,0.12,53,53,SAME-MORE,pair4,P,0.010875701904296875,0.014688491821289062,27059,27059
gpt-j-6b-fp32,D_imp_asc,0.12,53,53,SAME-MORE,pair4,Q,0.04882240295410156,-0.04783344268798828,632,632
gpt-j-6b-fp32,D_imp_asc,0.12,53,53,SAME-MORE,pair5,P,0.008248329162597656,0.05336952209472656,27059,27059
gpt-j-6b-fp32,D_imp_asc,0.12,53,53,SAME-MORE,pair5,Q,0.018053054809570312,0.02804279327392578,632,632
gpt-j-6b-fp32,D_imp_asc,0.12,53,53,SAME-MORE,pair6,P,-0.032776832580566406,0.04895782470703125,27059,27059
gpt-j-6b-fp32,D_imp_asc,0.12,53,53,SAME-MORE,pair6,Q,0.011167526245117188,-0.025252342224121094,632,632
gpt-j-6b-fp32,D_imp_asc,0.12,53,53,SAME-MORE,pair7,P,0.03741931915283203,-0.00514984130859375,632,632
gpt-j-6b-fp32,D_imp_asc,0.12,53,53,SAME-MORE,pair7,Q,0.0124359130859375,-0.05416107177734375,632,632
gpt-j-6b-fp32,D_imp_asc,0.12,53,53,SAME-MORE,pair8,P,0.056252479553222656,0.06650066375732422,581,581
gpt-j-6b-fp32,D_imp_asc,0.12,53,53,SAME-MORE,pair8,Q,0.06458473205566406,0.0034799575805664062,581,581
gpt-j-6b-fp32,D_imp_asc,0.12,53,53,SAME-MORE,pair9,P,0.005337715148925781,0.025623321533203125,27059,27059
gpt-j-6b-fp32,D_imp_asc,0.12,53,53,SAME-MORE,pair9,Q,0.010205268859863281,0.00579833984375,1928,1928
gpt-j-6b-fp32,D_imp_asc,0.12,53,53,SAME-LESS,pair0,P,-0.014486312866210938,0.22714710235595703,632,632
gpt-j-6b-fp32,D_imp_asc,0.12,53,53,SAME-LESS,pair0,Q,0.02889251708984375,0.05208301544189453,39733,39733
gpt-j-6b-fp32,D_imp_asc,0.12,53,53,SAME-LESS,pair1,P,-0.01801300048828125,-0.03483295440673828,27059,27059
gpt-j-6b-fp32,D_imp_asc,0.12,53,53,SAME-LESS,pair1,Q,-0.021526336669921875,-0.09453964233398438,19157,19157
gpt-j-6b-fp32,D_imp_asc,0.12,53,53,SAME-LESS,pair2,P,0.01784992218017578,-0.02806234359741211,632,632
gpt-j-6b-fp32,D_imp_asc,0.12,53,53,SAME-LESS,pair2,Q,0.027332305908203125,-0.10329246520996094,632,632
gpt-j-6b-fp32,D_imp_asc,0.12,53,53,SAME-LESS,pair3,P,-0.006934165954589844,0.10227394104003906,27059,27059
gpt-j-6b-fp32,D_imp_asc,0.12,53,53,SAME-LESS,pair3,Q,0.032965660095214844,0.011247634887695312,632,632
gpt-j-6b-fp32,D_imp_asc,0.12,53,53,SAME-LESS,pair4,P,0.00501251220703125,-0.054617881774902344,27059,27059
gpt-j-6b-fp32,D_imp_asc,0.12,53,53,SAME-LESS,pair4,Q,0.05401325225830078,-0.1566314697265625,632,632
gpt-j-6b-fp32,D_imp_asc,0.12,53,53,SAME-LESS,pair5,P,0.011445045471191406,0.05287933349609375,27059,27059
gpt-j-6b-fp32,D_imp_asc,0.12,53,53,SAME-LESS,pair5,Q,0.04027080535888672,-0.03895092010498047,632,632
gpt-j-6b-fp32,D_imp_asc,0.12,53,53,SAME-LESS,pair6,P,-0.039951324462890625,-0.011837005615234375,27059,27059
gpt-j-6b-fp32,D_imp_asc,0.12,53,53,SAME-LESS,pair6,Q,0.016210556030273438,-0.08494281768798828,632,632
gpt-j-6b-fp32,D_imp_asc,0.12,53,53,SAME-LESS,pair7,P,0.04881000518798828,0.03199291229248047,632,632
gpt-j-6b-fp32,D_imp_asc,0.12,53,53,SAME-LESS,pair7,Q,0.023832321166992188,-0.0035486221313476562,632,632
gpt-j-6b-fp32,D_imp_asc,0.12,53,53,SAME-LESS,pair8,P,0.05993938446044922,-0.009061813354492188,581,581
gpt-j-6b-fp32,D_imp_asc,0.12,53,53,SAME-LESS,pair8,Q,0.08028030395507812,-0.12099552154541016,581,581
gpt-j-6b-fp32,D_imp_asc,0.12,53,53,SAME-LESS,pair9,P,0.0031757354736328125,-0.03621482849121094,27059,27059
gpt-j-6b-fp32,D_imp_asc,0.12,53,53,SAME-LESS,pair9,Q,0.014619827270507812,-0.07440853118896484,1928,1928
gpt-j-6b-fp32,D_imp_asc,0.12,53,53,OPP-MORE,pair0,P,-0.018503189086914062,0.05945777893066406,632,632
gpt-j-6b-fp32,D_imp_asc,0.12,53,53,OPP-MORE,pair0,Q,0.04047107696533203,-0.014899253845214844,39733,39733
gpt-j-6b-fp32,D_imp_asc,0.12,53,53,OPP-MORE,pair1,P,0.040373802185058594,0.03979015350341797,27059,27059
gpt-j-6b-fp32,D_imp_asc,0.12,53,53,OPP-MORE,pair1,Q,0.0068683624267578125,-0.010259628295898438,19157,19157
gpt-j-6b-fp32,D_imp_asc,0.12,53,53,OPP-MORE,pair2,P,0.04600811004638672,0.0743560791015625,27059,27059
gpt-j-6b-fp32,D_imp_asc,0.12,53,53,OPP-MORE,pair2,Q,0.020473480224609375,0.008643150329589844,632,632
gpt-j-6b-fp32,D_imp_asc,0.12,53,53,OPP-MORE,pair3,P,0.0038852691650390625,0.03256797790527344,27059,27059
gpt-j-6b-fp32,D_imp_asc,0.12,53,53,OPP-MORE,pair3,Q,0.0175323486328125,0.015903472900390625,5930,5930
gpt-j-6b-fp32,D_imp_asc,0.12,53,53,OPP-MORE,pair4,P,0.07660865783691406,0.021200180053710938,27059,27059
gpt-j-6b-fp32,D_imp_asc,0.12,53,53,OPP-MORE,pair4,Q,0.04727458953857422,-0.03537464141845703,632,632
gpt-j-6b-fp32,D_imp_asc,0.12,53,53,OPP-MORE,pair5,P,0.016037940979003906,0.07482051849365234,27059,27059
gpt-j-6b-fp32,D_imp_asc,0.12,53,53,OPP-MORE,pair5,Q,0.020923614501953125,0.052219390869140625,632,632
gpt-j-6b-fp32,D_imp_asc,0.12,53,53,OPP-MORE,pair6,P,0.03627777099609375,0.0786590576171875,27059,27059
gpt-j-6b-fp32,D_imp_asc,0.12,53,53,OPP-MORE,pair6,Q,0.01103973388671875,-0.010380744934082031,632,632
gpt-j-6b-fp32,D_imp_asc,0.12,53,53,OPP-MORE,pair7,P,0.03069019317626953,0.01848316192626953,632,632
gpt-j-6b-fp32,D_imp_asc,0.12,53,53,OPP-MORE,pair7,Q,0.023224830627441406,-0.02880382537841797,632,632
gpt-j-6b-fp32,D_imp_asc,0.12,53,53,OPP-MORE,pair8,P,0.04292106628417969,0.053374290466308594,1874,1874
gpt-j-6b-fp32,D_imp_asc,0.12,53,53,OPP-MORE,pair8,Q,0.07011222839355469,-0.0037984848022460938,1874,1874
gpt-j-6b-fp32,D_imp_asc,0.12,53,53,OPP-MORE,pair9,P,0.05476188659667969,0.023454666137695312,27059,27059
gpt-j-6b-fp32,D_imp_asc,0.12,53,53,OPP-MORE,pair9,Q,0.03966712951660156,0.0005674362182617188,23663,23663
gpt-j-6b-fp32,D_imp_asc,0.12,53,53,OPP-LESS,pair0,P,-0.010937690734863281,0.2128915786743164,632,632
gpt-j-6b-fp32,D_imp_asc,0.12,53,53,OPP-LESS,pair0,Q,0.05364799499511719,0.06488800048828125,39733,39733
gpt-j-6b-fp32,D_imp_asc,0.12,53,53,OPP-LESS,pair1,P,0.04856395721435547,-0.032265663146972656,27059,27059
gpt-j-6b-fp32,D_imp_asc,0.12,53,53,OPP-LESS,pair1,Q,0.020322799682617188,-0.07737350463867188,19157,19157
gpt-j-6b-fp32,D_imp_asc,0.12,53,53,OPP-LESS,pair2,P,0.039043426513671875,0.005474567413330078,27059,27059
gpt-j-6b-fp32,D_imp_asc,0.12,53,53,OPP-LESS,pair2,Q,0.02380084991455078,-0.08749103546142578,632,632
gpt-j-6b-fp32,D_imp_asc,0.12,53,53,OPP-LESS,pair3,P,0.0017728805541992188,0.11634159088134766,27059,27059
gpt-j-6b-fp32,D_imp_asc,0.12,53,53,OPP-LESS,pair3,Q,0.03369617462158203,0.02612018585205078,5930,5930
gpt-j-6b-fp32,D_imp_asc,0.12,53,53,OPP-LESS,pair4,P,0.07351016998291016,-0.0032196044921875,27059,27059
gpt-j-6b-fp32,D_imp_asc,0.12,53,53,OPP-LESS,pair4,Q,0.05643749237060547,-0.10428524017333984,632,632
gpt-j-6b-fp32,D_imp_asc,0.12,53,53,OPP-LESS,pair5,P,0.023209571838378906,0.07601547241210938,27059,27059
gpt-j-6b-fp32,D_imp_asc,0.12,53,53,OPP-LESS,pair5,Q,0.04503345489501953,-0.015183448791503906,632,632
gpt-j-6b-fp32,D_imp_asc,0.12,53,53,OPP-LESS,pair6,P,0.03125190734863281,0.022281646728515625,27059,27059
gpt-j-6b-fp32,D_imp_asc,0.12,53,53,OPP-LESS,pair6,Q,0.02043914794921875,-0.038028717041015625,632,632
gpt-j-6b-fp32,D_imp_asc,0.12,53,53,OPP-LESS,pair7,P,0.054741859436035156,0.051039695739746094,632,632
gpt-j-6b-fp32,D_imp_asc,0.12,53,53,OPP-LESS,pair7,Q,0.04329204559326172,0.01913928985595703,632,632
gpt-j-6b-fp32,D_imp_asc,0.12,53,53,OPP-LESS,pair8,P,0.046417236328125,0.016549110412597656,1874,1874
gpt-j-6b-fp32,D_imp_asc,0.12,53,53,OPP-LESS,pair8,Q,0.0842905044555664,-0.07762336730957031,1874,1874
gpt-j-6b-fp32,D_imp_asc,0.12,53,53,OPP-LESS,pair9,P,0.04979991912841797,-0.02234363555908203,27059,27059
gpt-j-6b-fp32,D_imp_asc,0.12,53,53,OPP-LESS,pair9,Q,0.04765129089355469,-0.047507286071777344,23663,23663
gpt-j-6b-fp32,D_imp_asc,0.12,53,53,MORE-LESS,pair0,P,0.00024890899658203125,0.006344795227050781,10255,10255
gpt-j-6b-fp32,D_imp_asc,0.12,53,53,MORE-LESS,pair0,Q,0.004193305969238281,0.0024204254150390625,10255,10255
gpt-j-6b-fp32,D_imp_asc,0.12,53,53,MORE-LESS,pair1,P,-0.0020475387573242188,-0.006260871887207031,18605,18605
gpt-j-6b-fp32,D_imp_asc,0.12,53,53,MORE-LESS,pair1,Q,-0.00022125244140625,-0.002529144287109375,18605,18605
gpt-j-6b-fp32,D_imp_asc,0.12,53,53,MORE-LESS,pair2,P,0.0012331008911132812,-0.0055484771728515625,8038,8038
gpt-j-6b-fp32,D_imp_asc,0.12,53,53,MORE-LESS,pair2,Q,-0.001033782958984375,-0.007953643798828125,8038,8038
gpt-j-6b-fp32,D_imp_asc,0.12,53,53,MORE-LESS,pair3,P,0.0074596405029296875,-0.0017423629760742188,1234,1234
gpt-j-6b-fp32,D_imp_asc,0.12,53,53,MORE-LESS,pair3,Q,0.012539863586425781,0.0019121170043945312,1234,1234
gpt-j-6b-fp32,D_imp_asc,0.12,53,53,MORE-LESS,pair4,P,0.0022115707397460938,0.0031557083129882812,23448,23448
gpt-j-6b-fp32,D_imp_asc,0.12,53,53,MORE-LESS,pair4,Q,0.0031347274780273438,0.008099555969238281,23448,23448
gpt-j-6b-fp32,D_imp_asc,0.12,53,53,MORE-LESS,pair5,P,0.006646156311035156,-0.009909629821777344,969,969
gpt-j-6b-fp32,D_imp_asc,0.12,53,53,MORE-LESS,pair5,Q,0.011240005493164062,-0.0066986083984375,1426,1426
gpt-j-6b-fp32,D_imp_asc,0.12,53,53,MORE-LESS,pair6,P,0.001979827880859375,0.0022630691528320312,6514,6514
gpt-j-6b-fp32,D_imp_asc,0.12,53,53,MORE-LESS,pair6,Q,0.0013380050659179688,0.0024671554565429688,6514,6514
gpt-j-6b-fp32,D_imp_asc,0.12,53,53,MORE-LESS,pair7,P,-0.007773399353027344,0.014662742614746094,22111,22111
gpt-j-6b-fp32,D_imp_asc,0.12,53,53,MORE-LESS,pair7,Q,-0.007266998291015625,0.015317916870117188,22111,22111
gpt-j-6b-fp32,D_imp_asc,0.12,53,53,MORE-LESS,pair8,P,0.002002716064453125,-0.0012493133544921875,969,969
gpt-j-6b-fp32,D_imp_asc,0.12,53,53,MORE-LESS,pair8,Q,0.003082275390625,0.0032873153686523438,969,969
gpt-j-6b-fp32,D_imp_asc,0.12,53,53,MORE-LESS,pair9,P,-0.0027856826782226562,-0.0007963180541992188,34439,34439
gpt-j-6b-fp32,D_imp_asc,0.12,53,53,MORE-LESS,pair9,Q,-0.0025691986083984375,0.0009679794311523438,34439,34439
gpt-j-6b-fp32,D_imp_asc,0.15,67,67,SAME-OPP,pair0,P,-0.010671615600585938,-0.015778541564941406,632,632
gpt-j-6b-fp32,D_imp_asc,0.15,67,67,SAME-OPP,pair0,Q,0.0041141510009765625,-0.003849029541015625,39733,39733
gpt-j-6b-fp32,D_imp_asc,0.15,67,67,SAME-OPP,pair1,P,-0.025682449340820312,-0.0104217529296875,27059,27059
gpt-j-6b-fp32,D_imp_asc,0.15,67,67,SAME-OPP,pair1,Q,-0.012328147888183594,-0.014357566833496094,19157,19157
gpt-j-6b-fp32,D_imp_asc,0.15,67,67,SAME-OPP,pair2,P,-0.007285118103027344,0.00435638427734375,632,632
gpt-j-6b-fp32,D_imp_asc,0.15,67,67,SAME-OPP,pair2,Q,-0.0039348602294921875,-0.000164031982421875,632,632
gpt-j-6b-fp32,D_imp_asc,0.15,67,67,SAME-OPP,pair3,P,-0.013772010803222656,-0.004360198974609375,27059,27059
gpt-j-6b-fp32,D_imp_asc,0.15,67,67,SAME-OPP,pair3,Q,0.003975868225097656,0.0044231414794921875,632,632
gpt-j-6b-fp32,D_imp_asc,0.15,67,67,SAME-OPP,pair4,P,-0.023664474487304688,-0.019136428833007812,27059,27059
gpt-j-6b-fp32,D_imp_asc,0.15,67,67,SAME-OPP,pair4,Q,-0.008504867553710938,-0.015041351318359375,632,632
gpt-j-6b-fp32,D_imp_asc,0.15,67,67,SAME-OPP,pair5,P,-0.018425941467285156,-0.0025129318237304688,27059,27059
gpt-j-6b-fp32,D_imp_asc,0.15,67,67,SAME-OPP,pair5,Q,0.005066871643066406,-0.005814552307128906,632,632
gpt-j-6b-fp32,D_imp_asc,0.15,67,67,SAME-OPP,pair6,P,-0.02783679962158203,-0.016229629516601562,27059,27059
gpt-j-6b-fp32,D_imp_asc,0.15,67,67,SAME-OPP,pair6,Q,-0.006549835205078125,-0.0017213821411132812,632,632
gpt-j-6b-fp32,D_imp_asc,0.15,67,67,SAME-OPP,pair7,P,-0.011967658996582031,0.013980865478515625,632,632
gpt-j-6b-fp32,D_imp_asc,0.15,67,67,SAME-OPP,pair7,Q,-0.0011167526245117188,-0.020734786987304688,632,632
gpt-j-6b-fp32,D_imp_asc,0.15,67,67,SAME-OPP,pair8,P,-0.019309043884277344,-0.018268585205078125,581,581
gpt-j-6b-fp32,D_imp_asc,0.15,67,67,SAME-OPP,pair8,Q,-0.0063533782958984375,-0.016889572143554688,581,581
gpt-j-6b-fp32,D_imp_asc,0.15,67,67,SAME-OPP,pair9,P,-0.01918506622314453,-0.009119987487792969,27059,27059
gpt-j-6b-fp32,D_imp_asc,0.15,67,67,SAME-OPP,pair9,Q,-0.015299797058105469,-0.008275032043457031,1928,1928
gpt-j-6b-fp32,D_imp_asc,0.15,67,67,SAME-MORE,pair0,P,-0.01670074462890625,0.05996131896972656,632,632
gpt-j-6b-fp32,D_imp_asc,0.15,67,67,SAME-MORE,pair0,Q,0.021201133728027344,-0.008256912231445312,39733,39733
gpt-j-6b-fp32,D_imp_asc,0.15,67,67,SAME-MORE,pair1,P,0.010317802429199219,0.05950927734375,27059,27059
gpt-j-6b-fp32,D_imp_asc,0.15,67,67,SAME-MORE,pair1,Q,-0.01814746856689453,-0.00699615478515625,19157,19157
gpt-j-6b-fp32,D_imp_asc,0.15,67,67,SAME-MORE,pair2,P,0.02979755401611328,0.06476688385009766,632,632
gpt-j-6b-fp32,D_imp_asc,0.15,67,67,SAME-MORE,pair2,Q,0.03798103332519531,-0.008978843688964844,632,632
gpt-j-6b-fp32,D_imp_asc,0.15,67,67,SAME-MORE,pair3,P,0.021465301513671875,0.03774833679199219,27059,27059
gpt-j-6b-fp32,D_imp_asc,0.15,67,67,SAME-MORE,pair3,Q,0.028301239013671875,0.0390777587890625,632,632
gpt-j-6b-fp32,D_imp_asc,0.15,67,67,SAME-MORE,pair4,P,0.02907085418701172,0.04487419128417969,27059,27059
gpt-j-6b-fp32,D_imp_asc,0.15,67,67,SAME-MORE,pair4,Q,0.05887317657470703,-0.01778125762939453,632,632
gpt-j-6b-fp32,D_imp_asc,0.15,67,67,SAME-MORE,pair5,P,0.03380775451660156,0.07210636138916016,27059,27059
gpt-j-6b-fp32,D_imp_asc,0.15,67,67,SAME-MORE,pair5,Q,0.027237892150878906,0.044951438903808594,632,632
gpt-j-6b-fp32,D_imp_asc,0.15,67,67,SAME-MORE,pair6,P,-0.021744728088378906,0.06426525115966797,27059,27059
gpt-j-6b-fp32,D_imp_asc,0.15,67,67,SAME-MORE,pair6,Q,0.01810932159423828,-0.0073871612548828125,632,632
gpt-j-6b-fp32,D_imp_asc,0.15,67,67,SAME-MORE,pair7,P,0.05904579162597656,-0.0011014938354492188,632,632
gpt-j-6b-fp32,D_imp_asc,0.15,67,67,SAME-MORE,pair7,Q,0.015599250793457031,-0.05991649627685547,632,632
gpt-j-6b-fp32,D_imp_asc,0.15,67,67,SAME-MORE,pair8,P,0.07054901123046875,0.09224414825439453,581,581
gpt-j-6b-fp32,D_imp_asc,0.15,67,67,SAME-MORE,pair8,Q,0.07911014556884766,0.015329360961914062,581,581
gpt-j-6b-fp32,D_imp_asc,0.15,67,67,SAME-MORE,pair9,P,0.031905174255371094,0.033496856689453125,27059,27059
gpt-j-6b-fp32,D_imp_asc,0.15,67,67,SAME-MORE,pair9,Q,0.029863357543945312,0.018021583557128906,1928,1928
gpt-j-6b-fp32,D_imp_asc,0.15,67,67,SAME-LESS,pair0,P,0.0031232833862304688,0.2608489990234375,632,632
gpt-j-6b-fp32,D_imp_asc,0.15,67,67,SAME-LESS,pair0,Q,0.03880023956298828,0.08210086822509766,39733,39733
gpt-j-6b-fp32,D_imp_asc,0.15,67,67,SAME-LESS,pair1,P,0.012468338012695312,-0.004200935363769531,27059,27059
gpt-j-6b-fp32,D_imp_asc,0.15,67,67,SAME-LESS,pair1,Q,-0.006621360778808594,-0.08260154724121094,19157,19157
gpt-j-6b-fp32,D_imp_asc,0.15,67,67,SAME-LESS,pair2,P,0.033560752868652344,-0.014058589935302734,632,632
gpt-j-6b-fp32,D_imp_asc,0.15,67,67,SAME-LESS,pair2,Q,0.046115875244140625,-0.09019184112548828,632,632
gpt-j-6b-fp32,D_imp_asc,0.15,67,67,SAME-LESS,pair3,P,0.026927947998046875,0.16672706604003906,27059,27059
gpt-j-6b-fp32,D_imp_asc,0.15,67,67,SAME-LESS,pair3,Q,0.050055503845214844,0.050467491149902344,632,632
gpt-j-6b-fp32,D_imp_asc,0.15,67,67,SAME-LESS,pair4,P,0.032288551330566406,-0.04942131042480469,27059,27059
gpt-j-6b-fp32,D_imp_asc,0.15,67,67,SAME-LESS,pair4,Q,0.06635093688964844,-0.15027999877929688,632,632
gpt-j-6b-fp32,D_imp_asc,0.15,67,67,SAME-LESS,pair5,P,0.044773101806640625,0.09447860717773438,27059,27059
gpt-j-6b-fp32,D_imp_asc,0.15,67,67,SAME-LESS,pair5,Q,0.05235099792480469,-0.0026187896728515625,632,632
gpt-j-6b-fp32,D_imp_asc,0.15,67,67,SAME-LESS,pair6,P,-0.02165985107421875,0.010701179504394531,27059,27059
gpt-j-6b-fp32,D_imp_asc,0.15,67,67,SAME-LESS,pair6,Q,0.026544570922851562,-0.0689077377319336,632,632
gpt-j-6b-fp32,D_imp_asc,0.15,67,67,SAME-LESS,pair7,P,0.07977867126464844,0.07361793518066406,632,632
gpt-j-6b-fp32,D_imp_asc,0.15,67,67,SAME-LESS,pair7,Q,0.034702301025390625,0.04184246063232422,632,632
gpt-j-6b-fp32,D_imp_asc,0.15,67,67,SAME-LESS,pair8,P,0.08347702026367188,0.026674270629882812,581,581
gpt-j-6b-fp32,D_imp_asc,0.15,67,67,SAME-LESS,pair8,Q,0.09839725494384766,-0.10442733764648438,581,581
gpt-j-6b-fp32,D_imp_asc,0.15,67,67,SAME-LESS,pair9,P,0.03562641143798828,-0.008639335632324219,27059,27059
gpt-j-6b-fp32,D_imp_asc,0.15,67,67,SAME-LESS,pair9,Q,0.03390693664550781,-0.04680347442626953,1928,1928
gpt-j-6b-fp32,D_imp_asc,0.15,67,67,OPP-MORE,pair0,P,0.023670196533203125,0.07028675079345703,632,632
gpt-j-6b-fp32,D_imp_asc,0.15,67,67,OPP-MORE,pair0,Q,0.06338214874267578,-0.000446319580078125,39733,39733
gpt-j-6b-fp32,D_imp_asc,0.15,67,67,OPP-MORE,pair1,P,0.07426643371582031,0.035045623779296875,27059,27059
gpt-j-6b-fp32,D_imp_asc,0.15,67,67,OPP-MORE,pair1,Q,0.04014873504638672,-0.014308929443359375,19157,19157
gpt-j-6b-fp32,D_imp_asc,0.15,67,67,OPP-MORE,pair2,P,0.06406497955322266,0.0655050277709961,27059,27059
gpt-j-6b-fp32,D_imp_asc,0.15,67,67,OPP-MORE,pair2,Q,0.03031158447265625,-0.01798534393310547,632,632
gpt-j-6b-fp32,D_imp_asc,0.15,67,67,OPP-MORE,pair3,P,0.04338550567626953,0.03437042236328125,27059,27059
gpt-j-6b-fp32,D_imp_asc,0.15,67,67,OPP-MORE,pair3,Q,0.028199195861816406,0.04404640197753906,5930,5930
gpt-j-6b-fp32,D_imp_asc,0.15,67,67,OPP-MORE,pair4,P,0.11029338836669922,0.04904651641845703,27059,27059
gpt-j-6b-fp32,D_imp_asc,0.15,67,67,OPP-MORE,pair4,Q,0.06278038024902344,-0.00295257568359375,632,632
gpt-j-6b-fp32,D_imp_asc,0.15,67,67,OPP-MORE,pair5,P,0.05145549774169922,0.087066650390625,27059,27059
gpt-j-6b-fp32,D_imp_asc,0.15,67,67,OPP-MORE,pair5,Q,0.041149139404296875,0.06995296478271484,632,632
gpt-j-6b-fp32,D_imp_asc,0.15,67,67,OPP-MORE,pair6,P,0.07167911529541016,0.08698177337646484,27059,27059
gpt-j-6b-fp32,D_imp_asc,0.15,67,67,OPP-MORE,pair6,Q,0.03090667724609375,0.0043735504150390625,632,632
gpt-j-6b-fp32,D_imp_asc,0.15,67,67,OPP-MORE,pair7,P,0.06217384338378906,0.016922950744628906,632,632
gpt-j-6b-fp32,D_imp_asc,0.15,67,67,OPP-MORE,pair7,Q,0.04856681823730469,-0.02613544464111328,632,632
gpt-j-6b-fp32,D_imp_asc,0.15,67,67,OPP-MORE,pair8,P,0.07785606384277344,0.07126235961914062,1874,1874
gpt-j-6b-fp32,D_imp_asc,0.15,67,67,OPP-MORE,pair8,Q,0.11191272735595703,0.01748371124267578,1874,1874
gpt-j-6b-fp32,D_imp_asc,0.15,67,67,OPP-MORE,pair9,P,0.09856891632080078,0.036742210388183594,27059,27059
gpt-j-6b-fp32,D_imp_asc,0.15,67,67,OPP-MORE,pair9,Q,0.0743246078491211,0.0231475830078125,23663,23663
gpt-j-6b-fp32,D_imp_asc,0.15,67,67,OPP-LESS,pair0,P,0.028018951416015625,0.2347574234008789,632,632
gpt-j-6b-fp32,D_imp_asc,0.15,67,67,OPP-LESS,pair0,Q,0.0769662857055664,0.08507728576660156,39733,39733
gpt-j-6b-fp32,D_imp_asc,0.15,67,67,OPP-LESS,pair1,P,0.08215522766113281,-0.005373954772949219,27059,27059
gpt-j-6b-fp32,D_imp_asc,0.15,67,67,OPP-LESS,pair1,Q,0.04860496520996094,-0.06471538543701172,19157,19157
gpt-j-6b-fp32,D_imp_asc,0.15,67,67,OPP-LESS,pair2,P,0.055805206298828125,-0.0028524398803710938,27059,27059
gpt-j-6b-fp32,D_imp_asc,0.15,67,67,OPP-LESS,pair2,Q,0.035800933837890625,-0.09891128540039062,632,632
gpt-j-6b-fp32,D_imp_asc,0.15,67,67,OPP-LESS,pair3,P,0.038578033447265625,0.1790904998779297,27059,27059
gpt-j-6b-fp32,D_imp_asc,0.15,67,67,OPP-LESS,pair3,Q,0.04690265655517578,0.0760650634765625,5930,5930
gpt-j-6b-fp32,D_imp_asc,0.15,67,67,OPP-LESS,pair4,P,0.10673809051513672,-0.0015430450439453125,27059,27059
gpt-j-6b-fp32,D_imp_asc,0.15,67,67,OPP-LESS,pair4,Q,0.07636737823486328,-0.10625839233398438,632,632
gpt-j-6b-fp32,D_imp_asc,0.15,67,67,OPP-LESS,pair5,P,0.05317497253417969,0.12464046478271484,27059,27059
gpt-j-6b-fp32,D_imp_asc,0.15,67,67,OPP-LESS,pair5,Q,0.06796073913574219,0.027208328247070312,632,632
gpt-j-6b-fp32,D_imp_asc,0.15,67,67,OPP-LESS,pair6,P,0.06039714813232422,0.03716564178466797,27059,27059
gpt-j-6b-fp32,D_imp_asc,0.15,67,67,OPP-LESS,pair6,Q,0.041123390197753906,-0.029615402221679688,632,632
gpt-j-6b-fp32,D_imp_asc,0.15,67,67,OPP-LESS,pair7,P,0.08423042297363281,0.07403564453125,632,632
gpt-j-6b-fp32,D_imp_asc,0.15,67,67,OPP-LESS,pair7,Q,0.07395744323730469,0.04027843475341797,632,632
gpt-j-6b-fp32,D_imp_asc,0.15,67,67,OPP-LESS,pair8,P,0.08264923095703125,0.03522014617919922,1874,1874
gpt-j-6b-fp32,D_imp_asc,0.15,67,67,OPP-LESS,pair8,Q,0.12522029876708984,-0.05791950225830078,1874,1874
gpt-j-6b-fp32,D_imp_asc,0.15,67,67,OPP-LESS,pair9,P,0.09150218963623047,0.013705253601074219,27059,27059
gpt-j-6b-fp32,D_imp_asc,0.15,67,67,OPP-LESS,pair9,Q,0.07988739013671875,-0.009340286254882812,23663,23663
gpt-j-6b-fp32,D_imp_asc,0.15,67,67,MORE-LESS,pair0,P,0.007206916809082031,0.007891654968261719,10255,10255
gpt-j-6b-fp32,D_imp_asc,0.15,67,67,MORE-LESS,pair0,Q,0.008898735046386719,0.00022792816162109375,10255,10255
gpt-j-6b-fp32,D_imp_asc,0.15,67,67,MORE-LESS,pair1,P,0.004622459411621094,-0.0068149566650390625,18605,18605
gpt-j-6b-fp32,D_imp_asc,0.15,67,67,MORE-LESS,pair1,Q,0.004517555236816406,-0.005408287048339844,18605,18605
gpt-j-6b-fp32,D_imp_asc,0.15,67,67,MORE-LESS,pair2,P,0.009251594543457031,-0.0014123916625976562,8038,8038
gpt-j-6b-fp32,D_imp_asc,0.15,67,67,MORE-LESS,pair2,Q,0.0074596405029296875,-0.004389762878417969,8038,8038
gpt-j-6b-fp32,D_imp_asc,0.15,67,67,MORE-LESS,pair3,P,0.010663032531738281,0.0066661834716796875,1234,1234
gpt-j-6b-fp32,D_imp_asc,0.15,67,67,MORE-LESS,pair3,Q,0.0148468017578125,0.007435798645019531,1234,1234
gpt-j-6b-fp32,D_imp_asc,0.15,67,67,MORE-LESS,pair4,P,0.004513740539550781,-0.0018320083618164062,23448,23448
gpt-j-6b-fp32,D_imp_asc,0.15,67,67,MORE-LESS,pair4,Q,0.005234718322753906,0.0034046173095703125,23448,23448
gpt-j-6b-fp32,D_imp_asc,0.15,67,67,MORE-LESS,pair5,P,0.016676902770996094,-0.0010013580322265625,969,969
gpt-j-6b-fp32,D_imp_asc,0.15,67,67,MORE-LESS,pair5,Q,0.01984882354736328,-0.0012836456298828125,1426,1426
gpt-j-6b-fp32,D_imp_asc,0.15,67,67,MORE-LESS,pair6,P,0.0069255828857421875,0.004532814025878906,6514,6514
gpt-j-6b-fp32,D_imp_asc,0.15,67,67,MORE-LESS,pair6,Q,0.006548881530761719,0.0033407211303710938,6514,6514
gpt-j-6b-fp32,D_imp_asc,0.15,67,67,MORE-LESS,pair7,P,-0.0002117156982421875,0.02288532257080078,22111,22111
gpt-j-6b-fp32,D_imp_asc,0.15,67,67,MORE-LESS,pair7,Q,-0.002044677734375,0.020374298095703125,22111,22111
gpt-j-6b-fp32,D_imp_asc,0.15,67,67,MORE-LESS,pair8,P,0.006896018981933594,0.0016565322875976562,969,969
gpt-j-6b-fp32,D_imp_asc,0.15,67,67,MORE-LESS,pair8,Q,0.006802558898925781,0.005680084228515625,969,969
gpt-j-6b-fp32,D_imp_asc,0.15,67,67,MORE-LESS,pair9,P,0.0008287429809570312,0.0018033981323242188,34439,34439
gpt-j-6b-fp32,D_imp_asc,0.15,67,67,MORE-LESS,pair9,Q,0.000461578369140625,0.0017366409301757812,34439,34439
gpt-j-6b-fp32,D_imp_asc,0.2,89,89,SAME-OPP,pair0,P,-0.009516716003417969,-0.01100921630859375,632,632
gpt-j-6b-fp32,D_imp_asc,0.2,89,89,SAME-OPP,pair0,Q,0.009271621704101562,0.0016918182373046875,39733,39733
gpt-j-6b-fp32,D_imp_asc,0.2,89,89,SAME-OPP,pair1,P,-0.022843360900878906,-0.0017032623291015625,27059,27059
gpt-j-6b-fp32,D_imp_asc,0.2,89,89,SAME-OPP,pair1,Q,-0.004067420959472656,-0.0032548904418945312,19157,19157
gpt-j-6b-fp32,D_imp_asc,0.2,89,89,SAME-OPP,pair2,P,-0.001068115234375,0.009591102600097656,632,632
gpt-j-6b-fp32,D_imp_asc,0.2,89,89,SAME-OPP,pair2,Q,0.005976676940917969,0.009857177734375,632,632
gpt-j-6b-fp32,D_imp_asc,0.2,89,89,SAME-OPP,pair3,P,-0.012822151184082031,0.003143310546875,27059,27059
gpt-j-6b-fp32,D_imp_asc,0.2,89,89,SAME-OPP,pair3,Q,0.012700080871582031,0.013564109802246094,632,632
gpt-j-6b-fp32,D_imp_asc,0.2,89,89,SAME-OPP,pair4,P,-0.01953887939453125,-0.012888908386230469,27059,27059
gpt-j-6b-fp32,D_imp_asc,0.2,89,89,SAME-OPP,pair4,Q,-0.0033130645751953125,-0.00768280029296875,632,632
gpt-j-6b-fp32,D_imp_asc,0.2,89,89,SAME-OPP,pair5,P,-0.01717662811279297,-0.0027265548706054688,27059,27059
gpt-j-6b-fp32,D_imp_asc,0.2,89,89,SAME-OPP,pair5,Q,0.009724617004394531,-0.0004730224609375,632,632
gpt-j-6b-fp32,D_imp_asc,0.2,89,89,SAME-OPP,pair6,P,-0.018372535705566406,-0.005082130432128906,27059,27059
gpt-j-6b-fp32,D_imp_asc,0.2,89,89,SAME-OPP,pair6,Q,0.0028858184814453125,0.006707191467285156,632,632
gpt-j-6b-fp32,D_imp_asc,0.2,89,89,SAME-OPP,pair7,P,-0.010678291320800781,0.014353752136230469,632,632
gpt-j-6b-fp32,D_imp_asc,0.2,89,89,SAME-OPP,pair7,Q,0.008108139038085938,-0.012780189514160156,632,632
gpt-j-6b-fp32,D_imp_asc,0.2,89,89,SAME-OPP,pair8,P,-0.019512176513671875,-0.011181831359863281,581,581
gpt-j-6b-fp32,D_imp_asc,0.2,89,89,SAME-OPP,pair8,Q,0.006337165832519531,-0.007218360900878906,581,581
gpt-j-6b-fp32,D_imp_asc,0.2,89,89,SAME-OPP,pair9,P,-0.01641845703125,-0.0044403076171875,27059,27059
gpt-j-6b-fp32,D_imp_asc,0.2,89,89,SAME-OPP,pair9,Q,-0.003932952880859375,0.006572723388671875,1928,1928
gpt-j-6b-fp32,D_imp_asc,0.2,89,89,SAME-MORE,pair0,P,-0.012464523315429688,0.06062602996826172,632,632
gpt-j-6b-fp32,D_imp_asc,0.2,89,89,SAME-MORE,pair0,Q,0.025819778442382812,-0.004145622253417969,39733,39733
gpt-j-6b-fp32,D_imp_asc,0.2,89,89,SAME-MORE,pair1,P,0.016925811767578125,0.06803131103515625,27059,27059
gpt-j-6b-fp32,D_imp_asc,0.2,89,89,SAME-MORE,pair1,Q,-0.011941909790039062,0.0048503875732421875,19157,19157
gpt-j-6b-fp32,D_imp_asc,0.2,89,89,SAME-MORE,pair2,P,0.018888473510742188,0.06496047973632812,632,632
gpt-j-6b-fp32,D_imp_asc,0.2,89,89,SAME-MORE,pair2,Q,0.01824474334716797,-0.007803916931152344,632,632
gpt-j-6b-fp32,D_imp_asc,0.2,89,89,SAME-MORE,pair3,P,0.028936386108398438,0.023451805114746094,27059,27059
gpt-j-6b-fp32,D_imp_asc,0.2,89,89,SAME-MORE,pair3,Q,0.036540985107421875,0.03661060333251953,632,632
gpt-j-6b-fp32,D_imp_asc,0.2,89,89,SAME-MORE,pair4,P,0.02861499786376953,0.03811168670654297,27059,27059
gpt-j-6b-fp32,D_imp_asc,0.2,89,89,SAME-MORE,pair4,Q,0.057440757751464844,-0.015267372131347656,632,632
gpt-j-6b-fp32,D_imp_asc,0.2,89,89,SAME-MORE,pair5,P,0.023946762084960938,0.08109378814697266,27059,27059
gpt-j-6b-fp32,D_imp_asc,0.2,89,89,SAME-MORE,pair5,Q,0.025686264038085938,0.07371997833251953,632,632
gpt-j-6b-fp32,D_imp_asc,0.2,89,89,SAME-MORE,pair6,P,-0.023084640502929688,0.037674903869628906,27059,27059
gpt-j-6b-fp32,D_imp_asc,0.2,89,89,SAME-MORE,pair6,Q,0.008333206176757812,-0.015080451965332031,632,632
gpt-j-6b-fp32,D_imp_asc,0.2,89,89,SAME-MORE,pair7,P,0.050701141357421875,-0.007208824157714844,632,632
gpt-j-6b-fp32,D_imp_asc,0.2,89,89,SAME-MORE,pair7,Q,0.006743431091308594,-0.04602527618408203,632,632
gpt-j-6b-fp32,D_imp_asc,0.2,89,89,SAME-MORE,pair8,P,0.07567405700683594,0.09016132354736328,581,581
gpt-j-6b-fp32,D_imp_asc,0.2,89,89,SAME-MORE,pair8,Q,0.07571792602539062,0.014575958251953125,581,581
gpt-j-6b-fp32,D_imp_asc,0.2,89,89,SAME-MORE,pair9,P,0.03668689727783203,0.023779869079589844,27059,27059
gpt-j-6b-fp32,D_imp_asc,0.2,89,89,SAME-MORE,pair9,Q,0.023481369018554688,0.04356956481933594,1928,1928
gpt-j-6b-fp32,D_imp_asc,0.2,89,89,SAME-LESS,pair0,P,0.0014028549194335938,0.2513408660888672,632,632
gpt-j-6b-fp32,D_imp_asc,0.2,89,89,SAME-LESS,pair0,Q,0.039124488830566406,0.08105182647705078,39733,39733
gpt-j-6b-fp32,D_imp_asc,0.2,89,89,SAME-LESS,pair1,P,0.020565032958984375,0.018050193786621094,27059,27059
gpt-j-6b-fp32,D_imp_asc,0.2,89,89,SAME-LESS,pair1,Q,-0.0006399154663085938,-0.052257537841796875,19157,19157
gpt-j-6b-fp32,D_imp_asc,0.2,89,89,SAME-LESS,pair2,P,0.024688720703125,-0.014055728912353516,632,632
gpt-j-6b-fp32,D_imp_asc,0.2,89,89,SAME-LESS,pair2,Q,0.02661895751953125,-0.10572433471679688,632,632
gpt-j-6b-fp32,D_imp_asc,0.2,89,89,SAME-LESS,pair3,P,0.032645225524902344,0.1537303924560547,27059,27059
gpt-j-6b-fp32,D_imp_asc,0.2,89,89,SAME-LESS,pair3,Q,0.05532264709472656,0.05501079559326172,632,632
gpt-j-6b-fp32,D_imp_asc,0.2,89,89,SAME-LESS,pair4,P,0.029695510864257812,-0.04648399353027344,27059,27059
gpt-j-6b-fp32,D_imp_asc,0.2,89,89,SAME-LESS,pair4,Q,0.06255912780761719,-0.14644241333007812,632,632
gpt-j-6b-fp32,D_imp_asc,0.2,89,89,SAME-LESS,pair5,P,0.031096458435058594,0.08720970153808594,27059,27059
gpt-j-6b-fp32,D_imp_asc,0.2,89,89,SAME-LESS,pair5,Q,0.047183990478515625,-0.0018110275268554688,632,632
gpt-j-6b-fp32,D_imp_asc,0.2,89,89,SAME-LESS,pair6,P,-0.025643348693847656,0.021909713745117188,27059,27059
gpt-j-6b-fp32,D_imp_asc,0.2,89,89,SAME-LESS,pair6,Q,0.014102935791015625,-0.06802940368652344,632,632
gpt-j-6b-fp32,D_imp_asc,0.2,89,89,SAME-LESS,pair7,P,0.07163143157958984,0.0813302993774414,632,632
gpt-j-6b-fp32,D_imp_asc,0.2,89,89,SAME-LESS,pair7,Q,0.023281097412109375,0.059042930603027344,632,632
gpt-j-6b-fp32,D_imp_asc,0.2,89,89,SAME-LESS,pair8,P,0.08543586730957031,0.04113006591796875,581,581
gpt-j-6b-fp32,D_imp_asc,0.2,89,89,SAME-LESS,pair8,Q,0.09451866149902344,-0.09556293487548828,581,581
gpt-j-6b-fp32,D_imp_asc,0.2,89,89,SAME-LESS,pair9,P,0.040607452392578125,-0.015364646911621094,27059,27059
gpt-j-6b-fp32,D_imp_asc,0.2,89,89,SAME-LESS,pair9,Q,0.026273727416992188,-0.038665771484375,1928,1928
gpt-j-6b-fp32,D_imp_asc,0.2,89,89,OPP-MORE,pair0,P,0.025180816650390625,0.07504940032958984,632,632
gpt-j-6b-fp32,D_imp_asc,0.2,89,89,OPP-MORE,pair0,Q,0.07040023803710938,0.0054149627685546875,39733,39733
gpt-j-6b-fp32,D_imp_asc,0.2,89,89,OPP-MORE,pair1,P,0.08488082885742188,0.041565895080566406,27059,27059
gpt-j-6b-fp32,D_imp_asc,0.2,89,89,OPP-MORE,pair1,Q,0.03901100158691406,-0.007174491882324219,19157,19157
gpt-j-6b-fp32,D_imp_asc,0.2,89,89,OPP-MORE,pair2,P,0.055718421936035156,0.0545501708984375,27059,27059
gpt-j-6b-fp32,D_imp_asc,0.2,89,89,OPP-MORE,pair2,Q,0.008646965026855469,-0.023853302001953125,632,632
gpt-j-6b-fp32,D_imp_asc,0.2,89,89,OPP-MORE,pair3,P,0.05619525909423828,0.008776664733886719,27059,27059
gpt-j-6b-fp32,D_imp_asc,0.2,89,89,OPP-MORE,pair3,Q,0.01906108856201172,0.031081199645996094,5930,5930
gpt-j-6b-fp32,D_imp_asc,0.2,89,89,OPP-MORE,pair4,P,0.1038656234741211,0.043071746826171875,27059,27059
gpt-j-6b-fp32,D_imp_asc,0.2,89,89,OPP-MORE,pair4,Q,0.041229248046875,0.0004482269287109375,632,632
gpt-j-6b-fp32,D_imp_asc,0.2,89,89,OPP-MORE,pair5,P,0.052575111389160156,0.08667469024658203,27059,27059
gpt-j-6b-fp32,D_imp_asc,0.2,89,89,OPP-MORE,pair5,Q,0.03625297546386719,0.0888824462890625,632,632
gpt-j-6b-fp32,D_imp_asc,0.2,89,89,OPP-MORE,pair6,P,0.06899261474609375,0.05186939239501953,27059,27059
gpt-j-6b-fp32,D_imp_asc,0.2,89,89,OPP-MORE,pair6,Q,0.009449005126953125,-0.012452125549316406,632,632
gpt-j-6b-fp32,D_imp_asc,0.2,89,89,OPP-MORE,pair7,P,0.05883216857910156,0.0060901641845703125,632,632
gpt-j-6b-fp32,D_imp_asc,0.2,89,89,OPP-MORE,pair7,Q,0.03699016571044922,-0.019350051879882812,632,632
gpt-j-6b-fp32,D_imp_asc,0.2,89,89,OPP-MORE,pair8,P,0.07219219207763672,0.06588459014892578,1874,1874
gpt-j-6b-fp32,D_imp_asc,0.2,89,89,OPP-MORE,pair8,Q,0.09224414825439453,0.011723518371582031,1874,1874
gpt-j-6b-fp32,D_imp_asc,0.2,89,89,OPP-MORE,pair9,P,0.09203147888183594,0.01100921630859375,27059,27059
gpt-j-6b-fp32,D_imp_asc,0.2,89,89,OPP-MORE,pair9,Q,0.059207916259765625,0.03546333312988281,23663,23663
gpt-j-6b-fp32,D_imp_asc,0.2,89,89,OPP-LESS,pair0,P,0.026160240173339844,0.228485107421875,632,632
gpt-j-6b-fp32,D_imp_asc,0.2,89,89,OPP-LESS,pair0,Q,0.0803995132446289,0.0825653076171875,39733,39733
gpt-j-6b-fp32,D_imp_asc,0.2,89,89,OPP-LESS,pair1,P,0.09253311157226562,0.024065017700195312,27059,27059
gpt-j-6b-fp32,D_imp_asc,0.2,89,89,OPP-LESS,pair1,Q,0.048951148986816406,-0.03229522705078125,19157,19157
gpt-j-6b-fp32,D_imp_asc,0.2,89,89,OPP-LESS,pair2,P,0.04717063903808594,-0.014182090759277344,27059,27059
gpt-j-6b-fp32,D_imp_asc,0.2,89,89,OPP-LESS,pair2,Q,0.01519012451171875,-0.12232780456542969,632,632
gpt-j-6b-fp32,D_imp_asc,0.2,89,89,OPP-LESS,pair3,P,0.046939849853515625,0.1617288589477539,27059,27059
gpt-j-6b-fp32,D_imp_asc,0.2,89,89,OPP-LESS,pair3,Q,0.036965370178222656,0.07732009887695312,5930,5930
gpt-j-6b-fp32,D_imp_asc,0.2,89,89,OPP-LESS,pair4,P,0.09802818298339844,0.010997772216796875,27059,27059
gpt-j-6b-fp32,D_imp_asc,0.2,89,89,OPP-LESS,pair4,Q,0.05285072326660156,-0.09521484375,632,632
gpt-j-6b-fp32,D_imp_asc,0.2,89,89,OPP-LESS,pair5,P,0.048790931701660156,0.11431026458740234,27059,27059
gpt-j-6b-fp32,D_imp_asc,0.2,89,89,OPP-LESS,pair5,Q,0.06268024444580078,0.02143096923828125,632,632
gpt-j-6b-fp32,D_imp_asc,0.2,89,89,OPP-LESS,pair6,P,0.05604076385498047,0.03641986846923828,27059,27059
gpt-j-6b-fp32,D_imp_asc,0.2,89,89,OPP-LESS,pair6,Q,0.018016815185546875,-0.035811424255371094,632,632
gpt-j-6b-fp32,D_imp_asc,0.2,89,89,OPP-LESS,pair7,P,0.08019256591796875,0.08367633819580078,632,632
gpt-j-6b-fp32,D_imp_asc,0.2,89,89,OPP-LESS,pair7,Q,0.06098175048828125,0.057590484619140625,632,632
gpt-j-6b-fp32,D_imp_asc,0.2,89,89,OPP-LESS,pair8,P,0.07284832000732422,0.047766685485839844,1874,1874
gpt-j-6b-fp32,D_imp_asc,0.2,89,89,OPP-LESS,pair8,Q,0.10343647003173828,-0.05879497528076172,1874,1874
gpt-j-6b-fp32,D_imp_asc,0.2,89,89,OPP-LESS,pair9,P,0.08187198638916016,0.010038375854492188,27059,27059
gpt-j-6b-fp32,D_imp_asc,0.2,89,89,OPP-LESS,pair9,Q,0.06264305114746094,-0.0044498443603515625,23663,23663
gpt-j-6b-fp32,D_imp_asc,0.2,89,89,MORE-LESS,pair0,P,0.004523277282714844,0.008235931396484375,10255,10255
gpt-j-6b-fp32,D_imp_asc,0.2,89,89,MORE-LESS,pair0,Q,0.0035448074340820312,-0.0005207061767578125,10255,10255
gpt-j-6b-fp32,D_imp_asc,0.2,89,89,MORE-LESS,pair1,P,0.0005979537963867188,-0.011139869689941406,18605,18605
gpt-j-6b-fp32,D_imp_asc,0.2,89,89,MORE-LESS,pair1,Q,0.0011234283447265625,-0.010356903076171875,18605,18605
gpt-j-6b-fp32,D_imp_asc,0.2,89,89,MORE-LESS,pair2,P,0.010204315185546875,-0.005000114440917969,8038,8038
gpt-j-6b-fp32,D_imp_asc,0.2,89,89,MORE-LESS,pair2,Q,0.008070945739746094,-0.008719444274902344,8038,8038
gpt-j-6b-fp32,D_imp_asc,0.2,89,89,MORE-LESS,pair3,P,0.0066661834716796875,0.0008230209350585938,1234,1234
gpt-j-6b-fp32,D_imp_asc,0.2,89,89,MORE-LESS,pair3,Q,0.010843276977539062,0.0009202957153320312,1234,1234
gpt-j-6b-fp32,D_imp_asc,0.2,89,89,MORE-LESS,pair4,P,-0.00027942657470703125,-0.00537109375,23448,23448
gpt-j-6b-fp32,D_imp_asc,0.2,89,89,MORE-LESS,pair4,Q,-0.0004711151123046875,-0.0010671615600585938,23448,23448
gpt-j-6b-fp32,D_imp_asc,0.2,89,89,MORE-LESS,pair5,P,0.009446144104003906,-0.008042335510253906,969,969
gpt-j-6b-fp32,D_imp_asc,0.2,89,89,MORE-LESS,pair5,Q,0.011244773864746094,-0.008922576904296875,1426,1426
gpt-j-6b-fp32,D_imp_asc,0.2,89,89,MORE-LESS,pair6,P,0.004834175109863281,-0.0018815994262695312,6514,6514
gpt-j-6b-fp32,D_imp_asc,0.2,89,89,MORE-LESS,pair6,Q,0.004122734069824219,-0.0021333694458007812,6514,6514
gpt-j-6b-fp32,D_imp_asc,0.2,89,89,MORE-LESS,pair7,P,0.00023651123046875,0.022979736328125,22111,22111
gpt-j-6b-fp32,D_imp_asc,0.2,89,89,MORE-LESS,pair7,Q,-0.0017290115356445312,0.019921302795410156,22111,22111
gpt-j-6b-fp32,D_imp_asc,0.2,89,89,MORE-LESS,pair8,P,0.0014238357543945312,-0.0037746429443359375,969,969
gpt-j-6b-fp32,D_imp_asc,0.2,89,89,MORE-LESS,pair8,Q,0.0010318756103515625,-0.0007028579711914062,969,969
gpt-j-6b-fp32,D_imp_asc,0.2,89,89,MORE-LESS,pair9,P,-0.006504058837890625,-0.0019044876098632812,34439,34439
gpt-j-6b-fp32,D_imp_asc,0.2,89,89,MORE-LESS,pair9,Q,-0.00653839111328125,-0.0014400482177734375,34439,34439
gpt-j-6b-fp32,D_imp_asc,0.200893,90,90,SAME-OPP,pair0,P,-0.012658119201660156,-0.011241912841796875,632,632
gpt-j-6b-fp32,D_imp_asc,0.200893,90,90,SAME-OPP,pair0,Q,0.009199142456054688,-0.0018911361694335938,39733,39733
gpt-j-6b-fp32,D_imp_asc,0.200893,90,90,SAME-OPP,pair1,P,-0.026010513305664062,-0.002532958984375,27059,27059
gpt-j-6b-fp32,D_imp_asc,0.200893,90,90,SAME-OPP,pair1,Q,-0.0038900375366210938,-0.005581855773925781,19157,19157
gpt-j-6b-fp32,D_imp_asc,0.200893,90,90,SAME-OPP,pair2,P,-0.0033397674560546875,0.010866165161132812,632,632
gpt-j-6b-fp32,D_imp_asc,0.200893,90,90,SAME-OPP,pair2,Q,0.0076465606689453125,0.007724761962890625,632,632
gpt-j-6b-fp32,D_imp_asc,0.200893,90,90,SAME-OPP,pair3,P,-0.015735626220703125,0.0033721923828125,27059,27059
gpt-j-6b-fp32,D_imp_asc,0.200893,90,90,SAME-OPP,pair3,Q,0.012587547302246094,0.010471343994140625,632,632
gpt-j-6b-fp32,D_imp_asc,0.200893,90,90,SAME-OPP,pair4,P,-0.023481369018554688,-0.013924598693847656,27059,27059
gpt-j-6b-fp32,D_imp_asc,0.200893,90,90,SAME-OPP,pair4,Q,-0.004124641418457031,-0.012399673461914062,632,632
gpt-j-6b-fp32,D_imp_asc,0.200893,90,90,SAME-OPP,pair5,P,-0.020294189453125,-0.0027446746826171875,27059,27059
gpt-j-6b-fp32,D_imp_asc,0.200893,90,90,SAME-OPP,pair5,Q,0.009684562683105469,-0.004137992858886719,632,632
gpt-j-6b-fp32,D_imp_asc,0.200893,90,90,SAME-OPP,pair6,P,-0.02210712432861328,-0.006794929504394531,27059,27059
gpt-j-6b-fp32,D_imp_asc,0.200893,90,90,SAME-OPP,pair6,Q,0.0037870407104492188,0.0037984848022460938,632,632
gpt-j-6b-fp32,D_imp_asc,0.200893,90,90,SAME-OPP,pair7,P,-0.014728546142578125,0.013421058654785156,632,632
gpt-j-6b-fp32,D_imp_asc,0.200893,90,90,SAME-OPP,pair7,Q,0.008240699768066406,-0.01698780059814453,632,632
gpt-j-6b-fp32,D_imp_asc,0.200893,90,90,SAME-OPP,pair8,P,-0.023021697998046875,-0.012134552001953125,581,581
gpt-j-6b-fp32,D_imp_asc,0.200893,90,90,SAME-OPP,pair8,Q,0.006360054016113281,-0.011452674865722656,581,581
gpt-j-6b-fp32,D_imp_asc,0.200893,90,90,SAME-OPP,pair9,P,-0.0177459716796875,-0.0024824142456054688,27059,27059
gpt-j-6b-fp32,D_imp_asc,0.200893,90,90,SAME-OPP,pair9,Q,-0.000812530517578125,0.005158424377441406,1928,1928
gpt-j-6b-fp32,D_imp_asc,0.200893,90,90,SAME-MORE,pair0,P,-0.02920246124267578,0.060967445373535156,632,632
gpt-j-6b-fp32,D_imp_asc,0.200893,90,90,SAME-MORE,pair0,Q,0.020814895629882812,-0.0041351318359375,39733,39733
gpt-j-6b-fp32,D_imp_asc,0.200893,90,90,SAME-MORE,pair1,P,0.002933502197265625,0.0698690414428711,27059,27059
gpt-j-6b-fp32,D_imp_asc,0.200893,90,90,SAME-MORE,pair1,Q,-0.013806343078613281,0.0014886856079101562,19157,19157
gpt-j-6b-fp32,D_imp_asc,0.200893,90,90,SAME-MORE,pair2,P,0.005957603454589844,0.0563812255859375,632,632
gpt-j-6b-fp32,D_imp_asc,0.200893,90,90,SAME-MORE,pair2,Q,0.00547027587890625,-0.014707565307617188,632,632
gpt-j-6b-fp32,D_imp_asc,0.200893,90,90,SAME-MORE,pair3,P,0.014307975769042969,0.018201828002929688,27059,27059
gpt-j-6b-fp32,D_imp_asc,0.200893,90,90,SAME-MORE,pair3,Q,0.025388717651367188,0.032077789306640625,632,632
gpt-j-6b-fp32,D_imp_asc,0.200893,90,90,SAME-MORE,pair4,P,0.02002239227294922,0.046451568603515625,27059,27059
gpt-j-6b-fp32,D_imp_asc,0.200893,90,90,SAME-MORE,pair4,Q,0.04994487762451172,-0.015585899353027344,632,632
gpt-j-6b-fp32,D_imp_asc,0.200893,90,90,SAME-MORE,pair5,P,0.016785621643066406,0.07691574096679688,27059,27059
gpt-j-6b-fp32,D_imp_asc,0.200893,90,90,SAME-MORE,pair5,Q,0.011080741882324219,0.0695333480834961,632,632
gpt-j-6b-fp32,D_imp_asc,0.200893,90,90,SAME-MORE,pair6,P,-0.03376960754394531,0.037200927734375,27059,27059
gpt-j-6b-fp32,D_imp_asc,0.200893,90,90,SAME-MORE,pair6,Q,0.004923820495605469,-0.017584800720214844,632,632
gpt-j-6b-fp32,D_imp_asc,0.200893,90,90,SAME-MORE,pair7,P,0.028334617614746094,-0.010540962219238281,632,632
gpt-j-6b-fp32,D_imp_asc,0.200893,90,90,SAME-MORE,pair7,Q,-0.008806228637695312,-0.04559803009033203,632,632
gpt-j-6b-fp32,D_imp_asc,0.200893,90,90,SAME-MORE,pair8,P,0.06917285919189453,0.09199714660644531,581,581
gpt-j-6b-fp32,D_imp_asc,0.200893,90,90,SAME-MORE,pair8,Q,0.07027530670166016,0.014593124389648438,581,581
gpt-j-6b-fp32,D_imp_asc,0.200893,90,90,SAME-MORE,pair9,P,0.024932861328125,0.02028656005859375,27059,27059
gpt-j-6b-fp32,D_imp_asc,0.200893,90,90,SAME-MORE,pair9,Q,0.018857955932617188,0.03685283660888672,1928,1928
gpt-j-6b-fp32,D_imp_asc,0.200893,90,90,SAME-LESS,pair0,P,-0.013033866882324219,0.24930095672607422,632,632
gpt-j-6b-fp32,D_imp_asc,0.200893,90,90,SAME-LESS,pair0,Q,0.035073280334472656,0.0853271484375,39733,39733
gpt-j-6b-fp32,D_imp_asc,0.200893,90,90,SAME-LESS,pair1,P,0.005616188049316406,0.011651992797851562,27059,27059
gpt-j-6b-fp32,D_imp_asc,0.200893,90,90,SAME-LESS,pair1,Q,-0.0037126541137695312,-0.06144428253173828,19157,19157
gpt-j-6b-fp32,D_imp_asc,0.200893,90,90,SAME-LESS,pair2,P,0.012432098388671875,-0.011981964111328125,632,632
gpt-j-6b-fp32,D_imp_asc,0.200893,90,90,SAME-LESS,pair2,Q,0.011898994445800781,-0.10886955261230469,632,632
gpt-j-6b-fp32,D_imp_asc,0.200893,90,90,SAME-LESS,pair3,P,0.019461631774902344,0.1608142852783203,27059,27059
gpt-j-6b-fp32,D_imp_asc,0.200893,90,90,SAME-LESS,pair3,Q,0.045409202575683594,0.056303977966308594,632,632
gpt-j-6b-fp32,D_imp_asc,0.200893,90,90,SAME-LESS,pair4,P,0.02100372314453125,-0.04211711883544922,27059,27059
gpt-j-6b-fp32,D_imp_asc,0.200893,90,90,SAME-LESS,pair4,Q,0.05496501922607422,-0.14043140411376953,632,632
gpt-j-6b-fp32,D_imp_asc,0.200893,90,90,SAME-LESS,pair5,P,0.025783538818359375,0.09533023834228516,27059,27059
gpt-j-6b-fp32,D_imp_asc,0.200893,90,90,SAME-LESS,pair5,Q,0.032012939453125,0.0011243820190429688,632,632
gpt-j-6b-fp32,D_imp_asc,0.200893,90,90,SAME-LESS,pair6,P,-0.03673839569091797,0.022797584533691406,27059,27059
gpt-j-6b-fp32,D_imp_asc,0.200893,90,90,SAME-LESS,pair6,Q,0.007940292358398438,-0.06365108489990234,632,632
gpt-j-6b-fp32,D_imp_asc,0.200893,90,90,SAME-LESS,pair7,P,0.049109458923339844,0.07190990447998047,632,632
gpt-j-6b-fp32,D_imp_asc,0.200893,90,90,SAME-LESS,pair7,Q,0.0062961578369140625,0.05032634735107422,632,632
gpt-j-6b-fp32,D_imp_asc,0.200893,90,90,SAME-LESS,pair8,P,0.07967853546142578,0.05416107177734375,581,581
gpt-j-6b-fp32,D_imp_asc,0.200893,90,90,SAME-LESS,pair8,Q,0.08838462829589844,-0.08881759643554688,581,581
gpt-j-6b-fp32,D_imp_asc,0.200893,90,90,SAME-LESS,pair9,P,0.028318405151367188,-0.021921157836914062,27059,27059
gpt-j-6b-fp32,D_imp_asc,0.200893,90,90,SAME-LESS,pair9,Q,0.021218299865722656,-0.04681682586669922,1928,1928
gpt-j-6b-fp32,D_imp_asc,0.200893,90,90,OPP-MORE,pair0,P,0.025768280029296875,0.07532024383544922,632,632
gpt-j-6b-fp32,D_imp_asc,0.200893,90,90,OPP-MORE,pair0,Q,0.06249523162841797,0.006495475769042969,39733,39733
gpt-j-6b-fp32,D_imp_asc,0.200893,90,90,OPP-MORE,pair1,P,0.09229755401611328,0.04397392272949219,27059,27059
gpt-j-6b-fp32,D_imp_asc,0.200893,90,90,OPP-MORE,pair1,Q,0.0308837890625,-0.01139068603515625,19157,19157
gpt-j-6b-fp32,D_imp_asc,0.200893,90,90,OPP-MORE,pair2,P,0.05374336242675781,0.047614097595214844,27059,27059
gpt-j-6b-fp32,D_imp_asc,0.200893,90,90,OPP-MORE,pair2,Q,-0.004444122314453125,-0.031220436096191406,632,632
gpt-j-6b-fp32,D_imp_asc,0.200893,90,90,OPP-MORE,pair3,P,0.05509376525878906,0.006516456604003906,27059,27059
gpt-j-6b-fp32,D_imp_asc,0.200893,90,90,OPP-MORE,pair3,Q,0.008527755737304688,0.029389381408691406,5930,5930
gpt-j-6b-fp32,D_imp_asc,0.200893,90,90,OPP-MORE,pair4,P,0.10549068450927734,0.05198097229003906,27059,27059
gpt-j-6b-fp32,D_imp_asc,0.200893,90,90,OPP-MORE,pair4,Q,0.034557342529296875,0.0026216506958007812,632,632
gpt-j-6b-fp32,D_imp_asc,0.200893,90,90,OPP-MORE,pair5,P,0.05261707305908203,0.08411312103271484,27059,27059
gpt-j-6b-fp32,D_imp_asc,0.200893,90,90,OPP-MORE,pair5,Q,0.025976181030273438,0.08397769927978516,632,632
gpt-j-6b-fp32,D_imp_asc,0.200893,90,90,OPP-MORE,pair6,P,0.07421302795410156,0.05396842956542969,27059,27059
gpt-j-6b-fp32,D_imp_asc,0.200893,90,90,OPP-MORE,pair6,Q,0.0027408599853515625,-0.013600349426269531,632,632
gpt-j-6b-fp32,D_imp_asc,0.200893,90,90,OPP-MORE,pair7,P,0.05040454864501953,0.00319671630859375,632,632
gpt-j-6b-fp32,D_imp_asc,0.200893,90,90,OPP-MORE,pair7,Q,0.018995285034179688,-0.01943492889404297,632,632
gpt-j-6b-fp32,D_imp_asc,0.200893,90,90,OPP-MORE,pair8,P,0.07692432403564453,0.07048416137695312,1874,1874
gpt-j-6b-fp32,D_imp_asc,0.200893,90,90,OPP-MORE,pair8,Q,0.08884048461914062,0.01572418212890625,1874,1874
gpt-j-6b-fp32,D_imp_asc,0.200893,90,90,OPP-MORE,pair9,P,0.0998992919921875,0.00792694091796875,27059,27059
gpt-j-6b-fp32,D_imp_asc,0.200893,90,90,OPP-MORE,pair9,Q,0.04728126525878906,0.02761077880859375,23663,23663
gpt-j-6b-fp32,D_imp_asc,0.200893,90,90,OPP-LESS,pair0,P,0.02842235565185547,0.22544574737548828,632,632
gpt-j-6b-fp32,D_imp_asc,0.200893,90,90,OPP-LESS,pair0,Q,0.07599544525146484,0.08451652526855469,39733,39733
gpt-j-6b-fp32,D_imp_asc,0.200893,90,90,OPP-LESS,pair1,P,0.10091495513916016,0.019613265991210938,27059,27059
gpt-j-6b-fp32,D_imp_asc,0.200893,90,90,OPP-LESS,pair1,Q,0.03963184356689453,-0.040556907653808594,19157,19157
gpt-j-6b-fp32,D_imp_asc,0.200893,90,90,OPP-LESS,pair2,P,0.04492950439453125,-0.010661602020263672,27059,27059
gpt-j-6b-fp32,D_imp_asc,0.200893,90,90,OPP-LESS,pair2,Q,0.0027494430541992188,-0.12281227111816406,632,632
gpt-j-6b-fp32,D_imp_asc,0.200893,90,90,OPP-LESS,pair3,P,0.04806709289550781,0.16816043853759766,27059,27059
gpt-j-6b-fp32,D_imp_asc,0.200893,90,90,OPP-LESS,pair3,Q,0.029081344604492188,0.07863998413085938,5930,5930
gpt-j-6b-fp32,D_imp_asc,0.200893,90,90,OPP-LESS,pair4,P,0.10093879699707031,0.016783714294433594,27059,27059
gpt-j-6b-fp32,D_imp_asc,0.200893,90,90,OPP-LESS,pair4,Q,0.04668426513671875,-0.08723926544189453,632,632
gpt-j-6b-fp32,D_imp_asc,0.200893,90,90,OPP-LESS,pair5,P,0.05045604705810547,0.12301921844482422,27059,27059
gpt-j-6b-fp32,D_imp_asc,0.200893,90,90,OPP-LESS,pair5,Q,0.05402183532714844,0.026625633239746094,632,632
gpt-j-6b-fp32,D_imp_asc,0.200893,90,90,OPP-LESS,pair6,P,0.06158256530761719,0.03772163391113281,27059,27059
gpt-j-6b-fp32,D_imp_asc,0.200893,90,90,OPP-LESS,pair6,Q,0.00992584228515625,-0.03267192840576172,632,632
gpt-j-6b-fp32,D_imp_asc,0.200893,90,90,OPP-LESS,pair7,P,0.07092952728271484,0.07439804077148438,632,632
gpt-j-6b-fp32,D_imp_asc,0.200893,90,90,OPP-LESS,pair7,Q,0.043491363525390625,0.048397064208984375,632,632
gpt-j-6b-fp32,D_imp_asc,0.200893,90,90,OPP-LESS,pair8,P,0.07886791229248047,0.06312942504882812,1874,1874
gpt-j-6b-fp32,D_imp_asc,0.200893,90,90,OPP-LESS,pair8,Q,0.10097026824951172,-0.04883575439453125,1874,1874
gpt-j-6b-fp32,D_imp_asc,0.200893,90,90,OPP-LESS,pair9,P,0.09299755096435547,0.0020847320556640625,27059,27059
gpt-j-6b-fp32,D_imp_asc,0.200893,90,90,OPP-LESS,pair9,Q,0.051540374755859375,-0.01948070526123047,23663,23663
gpt-j-6b-fp32,D_imp_asc,0.200893,90,90,MORE-LESS,pair0,P,0.0061283111572265625,0.008957862854003906,10255,10255
gpt-j-6b-fp32,D_imp_asc,0.200893,90,90,MORE-LESS,pair0,Q,0.005509376525878906,0.0011196136474609375,10255,10255
gpt-j-6b-fp32,D_imp_asc,0.200893,90,90,MORE-LESS,pair1,P,0.0004482269287109375,-0.010800361633300781,18605,18605
gpt-j-6b-fp32,D_imp_asc,0.200893,90,90,MORE-LESS,pair1,Q,0.0003566741943359375,-0.010516166687011719,18605,18605
gpt-j-6b-fp32,D_imp_asc,0.200893,90,90,MORE-LESS,pair2,P,0.010318756103515625,-0.0051517486572265625,8038,8038
gpt-j-6b-fp32,D_imp_asc,0.200893,90,90,MORE-LESS,pair2,Q,0.008905410766601562,-0.008107185363769531,8038,8038
gpt-j-6b-fp32,D_imp_asc,0.200893,90,90,MORE-LESS,pair3,P,0.0073070526123046875,0.0032253265380859375,1234,1234
gpt-j-6b-fp32,D_imp_asc,0.200893,90,90,MORE-LESS,pair3,Q,0.012198448181152344,0.003437042236328125,1234,1234
gpt-j-6b-fp32,D_imp_asc,0.200893,90,90,MORE-LESS,pair4,P,0.001430511474609375,-0.0048236846923828125,23448,23448
gpt-j-6b-fp32,D_imp_asc,0.200893,90,90,MORE-LESS,pair4,Q,0.0004138946533203125,6.67572021484375e-05,23448,23448
gpt-j-6b-fp32,D_imp_asc,0.200893,90,90,MORE-LESS,pair5,P,0.009713172912597656,-0.007033348083496094,969,969
gpt-j-6b-fp32,D_imp_asc,0.200893,90,90,MORE-LESS,pair5,Q,0.011317253112792969,-0.0071849822998046875,1426,1426
gpt-j-6b-fp32,D_imp_asc,0.200893,90,90,MORE-LESS,pair6,P,0.0048694610595703125,-0.001316070556640625,6514,6514
gpt-j-6b-fp32,D_imp_asc,0.200893,90,90,MORE-LESS,pair6,Q,0.0038318634033203125,-0.00141143798828125,6514,6514
gpt-j-6b-fp32,D_imp_asc,0.200893,90,90,MORE-LESS,pair7,P,-0.00212860107421875,0.02141857147216797,22111,22111
gpt-j-6b-fp32,D_imp_asc,0.200893,90,90,MORE-LESS,pair7,Q,-0.003406524658203125,0.019364356994628906,22111,22111
gpt-j-6b-fp32,D_imp_asc,0.200893,90,90,MORE-LESS,pair8,P,0.0017986297607421875,-0.0028505325317382812,969,969
gpt-j-6b-fp32,D_imp_asc,0.200893,90,90,MORE-LESS,pair8,Q,0.0019445419311523438,0.0007038116455078125,969,969
gpt-j-6b-fp32,D_imp_asc,0.200893,90,90,MORE-LESS,pair9,P,-0.005564689636230469,0.0004749298095703125,34439,34439
gpt-j-6b-fp32,D_imp_asc,0.200893,90,90,MORE-LESS,pair9,Q,-0.005909919738769531,-7.152557373046875e-05,34439,34439
gpt-j-6b-fp32,D_imp_asc,0.3,134,134,SAME-OPP,pair0,P,-0.010853767395019531,-0.0020227432250976562,632,632
gpt-j-6b-fp32,D_imp_asc,0.3,134,134,SAME-OPP,pair0,Q,0.009902000427246094,-0.015966415405273438,39733,39733
gpt-j-6b-fp32,D_imp_asc,0.3,134,134,SAME-OPP,pair1,P,-0.03992462158203125,-0.007512092590332031,27059,27059
gpt-j-6b-fp32,D_imp_asc,0.3,134,134,SAME-OPP,pair1,Q,-0.004954338073730469,-0.020827293395996094,19157,19157
gpt-j-6b-fp32,D_imp_asc,0.3,134,134,SAME-OPP,pair2,P,-0.02051258087158203,0.0037279129028320312,632,632
gpt-j-6b-fp32,D_imp_asc,0.3,134,134,SAME-OPP,pair2,Q,-0.0012760162353515625,-0.014704704284667969,632,632
gpt-j-6b-fp32,D_imp_asc,0.3,134,134,SAME-OPP,pair3,P,-0.02710723876953125,0.010152816772460938,27059,27059
gpt-j-6b-fp32,D_imp_asc,0.3,134,134,SAME-OPP,pair3,Q,0.019354820251464844,0.008599281311035156,632,632
gpt-j-6b-fp32,D_imp_asc,0.3,134,134,SAME-OPP,pair4,P,-0.028174400329589844,-0.0151824951171875,27059,27059
gpt-j-6b-fp32,D_imp_asc,0.3,134,134,SAME-OPP,pair4,Q,-0.0010318756103515625,-0.022696495056152344,632,632
gpt-j-6b-fp32,D_imp_asc,0.3,134,134,SAME-OPP,pair5,P,-0.036597251892089844,-0.006546974182128906,27059,27059
gpt-j-6b-fp32,D_imp_asc,0.3,134,134,SAME-OPP,pair5,Q,-0.004523277282714844,-0.0279693603515625,632,632
gpt-j-6b-fp32,D_imp_asc,0.3,134,134,SAME-OPP,pair6,P,-0.035088539123535156,-0.010676383972167969,27059,27059
gpt-j-6b-fp32,D_imp_asc,0.3,134,134,SAME-OPP,pair6,Q,0.004406929016113281,-0.0113983154296875,632,632
gpt-j-6b-fp32,D_imp_asc,0.3,134,134,SAME-OPP,pair7,P,-0.019466400146484375,0.014161109924316406,632,632
gpt-j-6b-fp32,D_imp_asc,0.3,134,134,SAME-OPP,pair7,Q,0.00864410400390625,-0.03515625,632,632
gpt-j-6b-fp32,D_imp_asc,0.3,134,134,SAME-OPP,pair8,P,-0.037337303161621094,-0.012262344360351562,581,581
gpt-j-6b-fp32,D_imp_asc,0.3,134,134,SAME-OPP,pair8,Q,0.010357856750488281,-0.025734901428222656,581,581
gpt-j-6b-fp32,D_imp_asc,0.3,134,134,SAME-OPP,pair9,P,-0.026092529296875,7.43865966796875e-05,27059,27059
gpt-j-6b-fp32,D_imp_asc,0.3,134,134,SAME-OPP,pair9,Q,0.005610466003417969,-0.0015897750854492188,1928,1928
gpt-j-6b-fp32,D_imp_asc,0.3,134,134,SAME-MORE,pair0,P,0.022733688354492188,0.06131935119628906,632,632
gpt-j-6b-fp32,D_imp_asc,0.3,134,134,SAME-MORE,pair0,Q,-0.006567955017089844,-0.01856708526611328,39733,39733
gpt-j-6b-fp32,D_imp_asc,0.3,134,134,SAME-MORE,pair1,P,0.050856590270996094,0.10797786712646484,27059,27059
gpt-j-6b-fp32,D_imp_asc,0.3,134,134,SAME-MORE,pair1,Q,-0.04631233215332031,-0.01200103759765625,19157,19157
gpt-j-6b-fp32,D_imp_asc,0.3,134,134,SAME-MORE,pair2,P,0.04131126403808594,0.13402557373046875,632,632
gpt-j-6b-fp32,D_imp_asc,0.3,134,134,SAME-MORE,pair2,Q,0.027166366577148438,0.0177764892578125,632,632
gpt-j-6b-fp32,D_imp_asc,0.3,134,134,SAME-MORE,pair3,P,0.05726051330566406,0.02350139617919922,27059,27059
gpt-j-6b-fp32,D_imp_asc,0.3,134,134,SAME-MORE,pair3,Q,0.043265342712402344,0.006473541259765625,632,632
gpt-j-6b-fp32,D_imp_asc,0.3,134,134,SAME-MORE,pair4,P,0.06346511840820312,0.05972862243652344,27059,27059
gpt-j-6b-fp32,D_imp_asc,0.3,134,134,SAME-MORE,pair4,Q,0.03319835662841797,-0.023595809936523438,632,632
gpt-j-6b-fp32,D_imp_asc,0.3,134,134,SAME-MORE,pair5,P,0.11325740814208984,0.020751953125,27059,27059
gpt-j-6b-fp32,D_imp_asc,0.3,134,134,SAME-MORE,pair5,Q,0.06401634216308594,0.00720977783203125,632,632
gpt-j-6b-fp32,D_imp_asc,0.3,134,134,SAME-MORE,pair6,P,-0.006154060363769531,0.03928661346435547,27059,27059
gpt-j-6b-fp32,D_imp_asc,0.3,134,134,SAME-MORE,pair6,Q,-0.009002685546875,-0.04348564147949219,632,632
gpt-j-6b-fp32,D_imp_asc,0.3,134,134,SAME-MORE,pair7,P,0.06887626647949219,0.010424613952636719,632,632
gpt-j-6b-fp32,D_imp_asc,0.3,134,134,SAME-MORE,pair7,Q,-0.002704620361328125,-0.0674285888671875,632,632
gpt-j-6b-fp32,D_imp_asc,0.3,134,134,SAME-MORE,pair8,P,0.11637020111083984,0.1350259780883789,581,581
gpt-j-6b-fp32,D_imp_asc,0.3,134,134,SAME-MORE,pair8,Q,0.07200431823730469,0.03753852844238281,581,581
gpt-j-6b-fp32,D_imp_asc,0.3,134,134,SAME-MORE,pair9,P,0.08970832824707031,-0.05109119415283203,27059,27059
gpt-j-6b-fp32,D_imp_asc,0.3,134,134,SAME-MORE,pair9,Q,0.03820228576660156,-0.03020954132080078,1928,1928
gpt-j-6b-fp32,D_imp_asc,0.3,134,134,SAME-LESS,pair0,P,0.04855823516845703,0.29378318786621094,632,632
gpt-j-6b-fp32,D_imp_asc,0.3,134,134,SAME-LESS,pair0,Q,0.005242347717285156,0.090118408203125,39733,39733
gpt-j-6b-fp32,D_imp_asc,0.3,134,134,SAME-LESS,pair1,P,0.061881065368652344,0.022871017456054688,27059,27059
gpt-j-6b-fp32,D_imp_asc,0.3,134,134,SAME-LESS,pair1,Q,-0.03978729248046875,-0.052581787109375,19157,19157
gpt-j-6b-fp32,D_imp_asc,0.3,134,134,SAME-LESS,pair2,P,0.048577308654785156,0.03885316848754883,632,632
gpt-j-6b-fp32,D_imp_asc,0.3,134,134,SAME-LESS,pair2,Q,0.02004528045654297,-0.14829540252685547,632,632
gpt-j-6b-fp32,D_imp_asc,0.3,134,134,SAME-LESS,pair3,P,0.06251716613769531,0.2229156494140625,27059,27059
gpt-j-6b-fp32,D_imp_asc,0.3,134,134,SAME-LESS,pair3,Q,0.04608154296875,0.08204936981201172,632,632
gpt-j-6b-fp32,D_imp_asc,0.3,134,134,SAME-LESS,pair4,P,0.06133270263671875,0.09095382690429688,27059,27059
gpt-j-6b-fp32,D_imp_asc,0.3,134,134,SAME-LESS,pair4,Q,0.035513877868652344,-0.12186431884765625,632,632
gpt-j-6b-fp32,D_imp_asc,0.3,134,134,SAME-LESS,pair5,P,0.1263751983642578,0.15227603912353516,27059,27059
gpt-j-6b-fp32,D_imp_asc,0.3,134,134,SAME-LESS,pair5,Q,0.0787353515625,-0.014218330383300781,632,632
gpt-j-6b-fp32,D_imp_asc,0.3,134,134,SAME-LESS,pair6,P,0.0025730133056640625,0.12026023864746094,27059,27059
gpt-j-6b-fp32,D_imp_asc,0.3,134,134,SAME-LESS,pair6,Q,-0.004542350769042969,-0.08253860473632812,632,632
gpt-j-6b-fp32,D_imp_asc,0.3,134,134,SAME-LESS,pair7,P,0.08643245697021484,0.12796592712402344,632,632
gpt-j-6b-fp32,D_imp_asc,0.3,134,134,SAME-LESS,pair7,Q,0.0017490386962890625,0.024547576904296875,632,632
gpt-j-6b-fp32,D_imp_asc,0.3,134,134,SAME-LESS,pair8,P,0.13280487060546875,0.037937164306640625,581,581
gpt-j-6b-fp32,D_imp_asc,0.3,134,134,SAME-LESS,pair8,Q,0.08903217315673828,-0.09628582000732422,581,581
gpt-j-6b-fp32,D_imp_asc,0.3,134,134,SAME-LESS,pair9,P,0.08684635162353516,0.01871013641357422,27059,27059
gpt-j-6b-fp32,D_imp_asc,0.3,134,134,SAME-LESS,pair9,Q,0.025750160217285156,-0.07226753234863281,1928,1928
gpt-j-6b-fp32,D_imp_asc,0.3,134,134,OPP-MORE,pair0,P,0.005188941955566406,0.09520530700683594,632,632
gpt-j-6b-fp32,D_imp_asc,0.3,134,134,OPP-MORE,pair0,Q,0.09122943878173828,-0.0020904541015625,39733,39733
gpt-j-6b-fp32,D_imp_asc,0.3,134,134,OPP-MORE,pair1,P,0.06507587432861328,0.09029769897460938,27059,27059
gpt-j-6b-fp32,D_imp_asc,0.3,134,134,OPP-MORE,pair1,Q,0.062043190002441406,-0.012384414672851562,19157,19157
gpt-j-6b-fp32,D_imp_asc,0.3,134,134,OPP-MORE,pair2,P,0.033638954162597656,0.16603755950927734,27059,27059
gpt-j-6b-fp32,D_imp_asc,0.3,134,134,OPP-MORE,pair2,Q,0.08649349212646484,0.019911766052246094,632,632
gpt-j-6b-fp32,D_imp_asc,0.3,134,134,OPP-MORE,pair3,P,0.047606468200683594,0.021660804748535156,27059,27059
gpt-j-6b-fp32,D_imp_asc,0.3,134,134,OPP-MORE,pair3,Q,0.079498291015625,0.01990985870361328,5930,5930
gpt-j-6b-fp32,D_imp_asc,0.3,134,134,OPP-MORE,pair4,P,-0.0070667266845703125,0.0771036148071289,27059,27059
gpt-j-6b-fp32,D_imp_asc,0.3,134,134,OPP-MORE,pair4,Q,0.07505416870117188,-0.00978851318359375,632,632
gpt-j-6b-fp32,D_imp_asc,0.3,134,134,OPP-MORE,pair5,P,0.08421897888183594,0.03997802734375,27059,27059
gpt-j-6b-fp32,D_imp_asc,0.3,134,134,OPP-MORE,pair5,Q,0.16268157958984375,0.03135871887207031,632,632
gpt-j-6b-fp32,D_imp_asc,0.3,134,134,OPP-MORE,pair6,P,-0.0038738250732421875,0.07902050018310547,27059,27059
gpt-j-6b-fp32,D_imp_asc,0.3,134,134,OPP-MORE,pair6,Q,0.047255516052246094,-0.02798938751220703,632,632
gpt-j-6b-fp32,D_imp_asc,0.3,134,134,OPP-MORE,pair7,P,-0.03421783447265625,0.04392814636230469,632,632
gpt-j-6b-fp32,D_imp_asc,0.3,134,134,OPP-MORE,pair7,Q,0.09357452392578125,-0.024964332580566406,632,632
gpt-j-6b-fp32,D_imp_asc,0.3,134,134,OPP-MORE,pair8,P,0.09089851379394531,0.11586666107177734,1874,1874
gpt-j-6b-fp32,D_imp_asc,0.3,134,134,OPP-MORE,pair8,Q,0.1630401611328125,0.04094886779785156,1874,1874
gpt-j-6b-fp32,D_imp_asc,0.3,134,134,OPP-MORE,pair9,P,0.10219478607177734,-0.03358650207519531,27059,27059
gpt-j-6b-fp32,D_imp_asc,0.3,134,134,OPP-MORE,pair9,Q,0.11827564239501953,-0.022910118103027344,23663,23663
gpt-j-6b-fp32,D_imp_asc,0.3,134,134,OPP-LESS,pair0,P,0.020730972290039062,0.2753734588623047,632,632
gpt-j-6b-fp32,D_imp_asc,0.3,134,134,OPP-LESS,pair0,Q,0.10974502563476562,0.08922576904296875,39733,39733
gpt-j-6b-fp32,D_imp_asc,0.3,134,134,OPP-LESS,pair1,P,0.07928848266601562,0.049114227294921875,27059,27059
gpt-j-6b-fp32,D_imp_asc,0.3,134,134,OPP-LESS,pair1,Q,0.0703592300415039,-0.036407470703125,19157,19157
gpt-j-6b-fp32,D_imp_asc,0.3,134,134,OPP-LESS,pair2,P,0.03373241424560547,0.10482549667358398,27059,27059
gpt-j-6b-fp32,D_imp_asc,0.3,134,134,OPP-LESS,pair2,Q,0.0957498550415039,-0.11087894439697266,632,632
gpt-j-6b-fp32,D_imp_asc,0.3,134,134,OPP-LESS,pair3,P,0.05016803741455078,0.2501392364501953,27059,27059
gpt-j-6b-fp32,D_imp_asc,0.3,134,134,OPP-LESS,pair3,Q,0.09857845306396484,0.12392520904541016,5930,5930
gpt-j-6b-fp32,D_imp_asc,0.3,134,134,OPP-LESS,pair4,P,-0.0025806427001953125,0.13817310333251953,27059,27059
gpt-j-6b-fp32,D_imp_asc,0.3,134,134,OPP-LESS,pair4,Q,0.08742046356201172,-0.07922649383544922,632,632
gpt-j-6b-fp32,D_imp_asc,0.3,134,134,OPP-LESS,pair5,P,0.08495903015136719,0.21117401123046875,27059,27059
gpt-j-6b-fp32,D_imp_asc,0.3,134,134,OPP-LESS,pair5,Q,0.19861602783203125,0.032077789306640625,632,19157
gpt-j-6b-fp32,D_imp_asc,0.3,134,134,OPP-LESS,pair6,P,-0.0042057037353515625,0.1539936065673828,27059,27059
gpt-j-6b-fp32,D_imp_asc,0.3,134,134,OPP-LESS,pair6,Q,0.06164264678955078,-0.044798851013183594,632,632
gpt-j-6b-fp32,D_imp_asc,0.3,134,134,OPP-LESS,pair7,P,-0.009490966796875,0.17242431640625,632,632
gpt-j-6b-fp32,D_imp_asc,0.3,134,134,OPP-LESS,pair7,Q,0.11609458923339844,0.02950000762939453,632,632
gpt-j-6b-fp32,D_imp_asc,0.3,134,134,OPP-LESS,pair8,P,0.10301685333251953,0.0605316162109375,1874,27059
gpt-j-6b-fp32,D_imp_asc,0.3,134,134,OPP-LESS,pair8,Q,0.18567943572998047,-0.055149078369140625,1874,1874
gpt-j-6b-fp32,D_imp_asc,0.3,134,134,OPP-LESS,pair9,P,0.10446357727050781,0.04198455810546875,27059,27059
gpt-j-6b-fp32,D_imp_asc,0.3,134,134,OPP-LESS,pair9,Q,0.11923408508300781,-0.05399513244628906,23663,23663
gpt-j-6b-fp32,D_imp_asc,0.3,134,134,MORE-LESS,pair0,P,0.03450298309326172,0.02114582061767578,10255,10255
gpt-j-6b-fp32,D_imp_asc,0.3,134,134,MORE-LESS,pair0,Q,0.02514171600341797,0.005831718444824219,10255,10255
gpt-j-6b-fp32,D_imp_asc,0.3,134,134,MORE-LESS,pair1,P,0.015048980712890625,-0.0020542144775390625,18605,18605
gpt-j-6b-fp32,D_imp_asc,0.3,134,134,MORE-LESS,pair1,Q,0.007982254028320312,-0.006127357482910156,18605,18605
gpt-j-6b-fp32,D_imp_asc,0.3,134,134,MORE-LESS,pair2,P,0.009202003479003906,0.015307426452636719,8038,8038
gpt-j-6b-fp32,D_imp_asc,0.3,134,134,MORE-LESS,pair2,Q,0.00572967529296875,0.0057525634765625,8038,8038
gpt-j-6b-fp32,D_imp_asc,0.3,134,134,MORE-LESS,pair3,P,0.02680683135986328,0.011537551879882812,1234,1234
gpt-j-6b-fp32,D_imp_asc,0.3,134,134,MORE-LESS,pair3,Q,0.028450965881347656,0.008322715759277344,1234,1234
gpt-j-6b-fp32,D_imp_asc,0.3,134,134,MORE-LESS,pair4,P,0.0073032379150390625,0.01486968994140625,23448,23448
gpt-j-6b-fp32,D_imp_asc,0.3,134,134,MORE-LESS,pair4,Q,0.0029001235961914062,0.014883041381835938,23448,23448
gpt-j-6b-fp32,D_imp_asc,0.3,134,134,MORE-LESS,pair5,P,0.030409812927246094,-0.0028486251831054688,969,969
gpt-j-6b-fp32,D_imp_asc,0.3,134,134,MORE-LESS,pair5,Q,0.032248497009277344,-0.0049457550048828125,1426,1426
gpt-j-6b-fp32,D_imp_asc,0.3,134,134,MORE-LESS,pair6,P,0.01242828369140625,0.007518768310546875,6514,6514
gpt-j-6b-fp32,D_imp_asc,0.3,134,134,MORE-LESS,pair6,Q,0.009838104248046875,0.007790565490722656,6514,6514
gpt-j-6b-fp32,D_imp_asc,0.3,134,134,MORE-LESS,pair7,P,-0.0009622573852539062,0.01746654510498047,22111,22111
gpt-j-6b-fp32,D_imp_asc,0.3,134,134,MORE-LESS,pair7,Q,-0.004436492919921875,0.01561737060546875,22111,22111
gpt-j-6b-fp32,D_imp_asc,0.3,134,134,MORE-LESS,pair8,P,0.010439872741699219,-0.0014562606811523438,969,969
gpt-j-6b-fp32,D_imp_asc,0.3,134,134,MORE-LESS,pair8,Q,0.011728286743164062,-0.0011262893676757812,969,969
gpt-j-6b-fp32,D_imp_asc,0.3,134,134,MORE-LESS,pair9,P,0.0006656646728515625,-0.0028743743896484375,34439,34439
gpt-j-6b-fp32,D_imp_asc,0.3,134,134,MORE-LESS,pair9,Q,-0.00466156005859375,-0.0016965866088867188,34439,34439
gpt-j-6b-fp32,D_imp_asc,0.5,224,134,SAME-OPP,pair0,P,-0.010853767395019531,-0.0020227432250976562,632,632
gpt-j-6b-fp32,D_imp_asc,0.5,224,134,SAME-OPP,pair0,Q,0.009902000427246094,-0.015966415405273438,39733,39733
gpt-j-6b-fp32,D_imp_asc,0.5,224,134,SAME-OPP,pair1,P,-0.03992462158203125,-0.007512092590332031,27059,27059
gpt-j-6b-fp32,D_imp_asc,0.5,224,134,SAME-OPP,pair1,Q,-0.004954338073730469,-0.020827293395996094,19157,19157
gpt-j-6b-fp32,D_imp_asc,0.5,224,134,SAME-OPP,pair2,P,-0.02051258087158203,0.0037279129028320312,632,632
gpt-j-6b-fp32,D_imp_asc,0.5,224,134,SAME-OPP,pair2,Q,-0.0012760162353515625,-0.014704704284667969,632,632
gpt-j-6b-fp32,D_imp_asc,0.5,224,134,SAME-OPP,pair3,P,-0.02710723876953125,0.010152816772460938,27059,27059
gpt-j-6b-fp32,D_imp_asc,0.5,224,134,SAME-OPP,pair3,Q,0.019354820251464844,0.008599281311035156,632,632
gpt-j-6b-fp32,D_imp_asc,0.5,224,134,SAME-OPP,pair4,P,-0.028174400329589844,-0.0151824951171875,27059,27059
gpt-j-6b-fp32,D_imp_asc,0.5,224,134,SAME-OPP,pair4,Q,-0.0010318756103515625,-0.022696495056152344,632,632
gpt-j-6b-fp32,D_imp_asc,0.5,224,134,SAME-OPP,pair5,P,-0.036597251892089844,-0.006546974182128906,27059,27059
gpt-j-6b-fp32,D_imp_asc,0.5,224,134,SAME-OPP,pair5,Q,-0.004523277282714844,-0.0279693603515625,632,632
gpt-j-6b-fp32,D_imp_asc,0.5,224,134,SAME-OPP,pair6,P,-0.035088539123535156,-0.010676383972167969,27059,27059
gpt-j-6b-fp32,D_imp_asc,0.5,224,134,SAME-OPP,pair6,Q,0.004406929016113281,-0.0113983154296875,632,632
gpt-j-6b-fp32,D_imp_asc,0.5,224,134,SAME-OPP,pair7,P,-0.019466400146484375,0.014161109924316406,632,632
gpt-j-6b-fp32,D_imp_asc,0.5,224,134,SAME-OPP,pair7,Q,0.00864410400390625,-0.03515625,632,632
gpt-j-6b-fp32,D_imp_asc,0.5,224,134,SAME-OPP,pair8,P,-0.037337303161621094,-0.012262344360351562,581,581
gpt-j-6b-fp32,D_imp_asc,0.5,224,134,SAME-OPP,pair8,Q,0.010357856750488281,-0.025734901428222656,581,581
gpt-j-6b-fp32,D_imp_asc,0.5,224,134,SAME-OPP,pair9,P,-0.026092529296875,7.43865966796875e-05,27059,27059
gpt-j-6b-fp32,D_imp_asc,0.5,224,134,SAME-OPP,pair9,Q,0.005610466003417969,-0.0015897750854492188,1928,1928
gpt-j-6b-fp32,D_imp_asc,0.5,224,134,SAME-MORE,pair0,P,0.022733688354492188,0.06131935119628906,632,632
gpt-j-6b-fp32,D_imp_asc,0.5,224,134,SAME-MORE,pair0,Q,-0.006567955017089844,-0.01856708526611328,39733,39733
gpt-j-6b-fp32,D_imp_asc,0.5,224,134,SAME-MORE,pair1,P,0.050856590270996094,0.10797786712646484,27059,27059
gpt-j-6b-fp32,D_imp_asc,0.5,224,134,SAME-MORE,pair1,Q,-0.04631233215332031,-0.01200103759765625,19157,19157
gpt-j-6b-fp32,D_imp_asc,0.5,224,134,SAME-MORE,pair2,P,0.04131126403808594,0.13402557373046875,632,632
gpt-j-6b-fp32,D_imp_asc,0.5,224,134,SAME-MORE,pair2,Q,0.027166366577148438,0.0177764892578125,632,632
gpt-j-6b-fp32,D_imp_asc,0.5,224,134,SAME-MORE,pair3,P,0.05726051330566406,0.02350139617919922,27059,27059
gpt-j-6b-fp32,D_imp_asc,0.5,224,134,SAME-MORE,pair3,Q,0.043265342712402344,0.006473541259765625,632,632
gpt-j-6b-fp32,D_imp_asc,0.5,224,134,SAME-MORE,pair4,P,0.06346511840820312,0.05972862243652344,27059,27059
gpt-j-6b-fp32,D_imp_asc,0.5,224,134,SAME-MORE,pair4,Q,0.03319835662841797,-0.023595809936523438,632,632
gpt-j-6b-fp32,D_imp_asc,0.5,224,134,SAME-MORE,pair5,P,0.11325740814208984,0.020751953125,27059,27059
gpt-j-6b-fp32,D_imp_asc,0.5,224,134,SAME-MORE,pair5,Q,0.06401634216308594,0.00720977783203125,632,632
gpt-j-6b-fp32,D_imp_asc,0.5,224,134,SAME-MORE,pair6,P,-0.006154060363769531,0.03928661346435547,27059,27059
gpt-j-6b-fp32,D_imp_asc,0.5,224,134,SAME-MORE,pair6,Q,-0.009002685546875,-0.04348564147949219,632,632
gpt-j-6b-fp32,D_imp_asc,0.5,224,134,SAME-MORE,pair7,P,0.06887626647949219,0.010424613952636719,632,632
gpt-j-6b-fp32,D_imp_asc,0.5,224,134,SAME-MORE,pair7,Q,-0.002704620361328125,-0.0674285888671875,632,632
gpt-j-6b-fp32,D_imp_asc,0.5,224,134,SAME-MORE,pair8,P,0.11637020111083984,0.1350259780883789,581,581
gpt-j-6b-fp32,D_imp_asc,0.5,224,134,SAME-MORE,pair8,Q,0.07200431823730469,0.03753852844238281,581,581
gpt-j-6b-fp32,D_imp_asc,0.5,224,134,SAME-MORE,pair9,P,0.08970832824707031,-0.05109119415283203,27059,27059
gpt-j-6b-fp32,D_imp_asc,0.5,224,134,SAME-MORE,pair9,Q,0.03820228576660156,-0.03020954132080078,1928,1928
gpt-j-6b-fp32,D_imp_asc,0.5,224,134,SAME-LESS,pair0,P,0.04855823516845703,0.29378318786621094,632,632
gpt-j-6b-fp32,D_imp_asc,0.5,224,134,SAME-LESS,pair0,Q,0.005242347717285156,0.090118408203125,39733,39733
gpt-j-6b-fp32,D_imp_asc,0.5,224,134,SAME-LESS,pair1,P,0.061881065368652344,0.022871017456054688,27059,27059
gpt-j-6b-fp32,D_imp_asc,0.5,224,134,SAME-LESS,pair1,Q,-0.03978729248046875,-0.052581787109375,19157,19157
gpt-j-6b-fp32,D_imp_asc,0.5,224,134,SAME-LESS,pair2,P,0.048577308654785156,0.03885316848754883,632,632
gpt-j-6b-fp32,D_imp_asc,0.5,224,134,SAME-LESS,pair2,Q,0.02004528045654297,-0.14829540252685547,632,632
gpt-j-6b-fp32,D_imp_asc,0.5,224,134,SAME-LESS,pair3,P,0.06251716613769531,0.2229156494140625,27059,27059
gpt-j-6b-fp32,D_imp_asc,0.5,224,134,SAME-LESS,pair3,Q,0.04608154296875,0.08204936981201172,632,632
gpt-j-6b-fp32,D_imp_asc,0.5,224,134,SAME-LESS,pair4,P,0.06133270263671875,0.09095382690429688,27059,27059
gpt-j-6b-fp32,D_imp_asc,0.5,224,134,SAME-LESS,pair4,Q,0.035513877868652344,-0.12186431884765625,632,632
gpt-j-6b-fp32,D_imp_asc,0.5,224,134,SAME-LESS,pair5,P,0.1263751983642578,0.15227603912353516,27059,27059
gpt-j-6b-fp32,D_imp_asc,0.5,224,134,SAME-LESS,pair5,Q,0.0787353515625,-0.014218330383300781,632,632
gpt-j-6b-fp32,D_imp_asc,0.5,224,134,SAME-LESS,pair6,P,0.0025730133056640625,0.12026023864746094,27059,27059
gpt-j-6b-fp32,D_imp_asc,0.5,224,134,SAME-LESS,pair6,Q,-0.004542350769042969,-0.08253860473632812,632,632
gpt-j-6b-fp32,D_imp_asc,0.5,224,134,SAME-LESS,pair7,P,0.08643245697021484,0.12796592712402344,632,632
gpt-j-6b-fp32,D_imp_asc,0.5,224,134,SAME-LESS,pair7,Q,0.0017490386962890625,0.024547576904296875,632,632
gpt-j-6b-fp32,D_imp_asc,0.5,224,134,SAME-LESS,pair8,P,0.13280487060546875,0.037937164306640625,581,581
gpt-j-6b-fp32,D_imp_asc,0.5,224,134,SAME-LESS,pair8,Q,0.08903217315673828,-0.09628582000732422,581,581
gpt-j-6b-fp32,D_imp_asc,0.5,224,134,SAME-LESS,pair9,P,0.08684635162353516,0.01871013641357422,27059,27059
gpt-j-6b-fp32,D_imp_asc,0.5,224,134,SAME-LESS,pair9,Q,0.025750160217285156,-0.07226753234863281,1928,1928
gpt-j-6b-fp32,D_imp_asc,0.5,224,134,OPP-MORE,pair0,P,0.005188941955566406,0.09520530700683594,632,632
gpt-j-6b-fp32,D_imp_asc,0.5,224,134,OPP-MORE,pair0,Q,0.09122943878173828,-0.0020904541015625,39733,39733
gpt-j-6b-fp32,D_imp_asc,0.5,224,134,OPP-MORE,pair1,P,0.06507587432861328,0.09029769897460938,27059,27059
gpt-j-6b-fp32,D_imp_asc,0.5,224,134,OPP-MORE,pair1,Q,0.062043190002441406,-0.012384414672851562,19157,19157
gpt-j-6b-fp32,D_imp_asc,0.5,224,134,OPP-MORE,pair2,P,0.033638954162597656,0.16603755950927734,27059,27059
gpt-j-6b-fp32,D_imp_asc,0.5,224,134,OPP-MORE,pair2,Q,0.08649349212646484,0.019911766052246094,632,632
gpt-j-6b-fp32,D_imp_asc,0.5,224,134,OPP-MORE,pair3,P,0.047606468200683594,0.021660804748535156,27059,27059
gpt-j-6b-fp32,D_imp_asc,0.5,224,134,OPP-MORE,pair3,Q,0.079498291015625,0.01990985870361328,5930,5930
gpt-j-6b-fp32,D_imp_asc,0.5,224,134,OPP-MORE,pair4,P,-0.0070667266845703125,0.0771036148071289,27059,27059
gpt-j-6b-fp32,D_imp_asc,0.5,224,134,OPP-MORE,pair4,Q,0.07505416870117188,-0.00978851318359375,632,632
gpt-j-6b-fp32,D_imp_asc,0.5,224,134,OPP-MORE,pair5,P,0.08421897888183594,0.03997802734375,27059,27059
gpt-j-6b-fp32,D_imp_asc,0.5,224,134,OPP-MORE,pair5,Q,0.16268157958984375,0.03135871887207031,632,632
gpt-j-6b-fp32,D_imp_asc,0.5,224,134,OPP-MORE,pair6,P,-0.0038738250732421875,0.07902050018310547,27059,27059
gpt-j-6b-fp32,D_imp_asc,0.5,224,134,OPP-MORE,pair6,Q,0.047255516052246094,-0.02798938751220703,632,632
gpt-j-6b-fp32,D_imp_asc,0.5,224,134,OPP-MORE,pair7,P,-0.03421783447265625,0.04392814636230469,632,632
gpt-j-6b-fp32,D_imp_asc,0.5,224,134,OPP-MORE,pair7,Q,0.09357452392578125,-0.024964332580566406,632,632
gpt-j-6b-fp32,D_imp_asc,0.5,224,134,OPP-MORE,pair8,P,0.09089851379394531,0.11586666107177734,1874,1874
gpt-j-6b-fp32,D_imp_asc,0.5,224,134,OPP-MORE,pair8,Q,0.1630401611328125,0.04094886779785156,1874,1874
gpt-j-6b-fp32,D_imp_asc,0.5,224,134,OPP-MORE,pair9,P,0.10219478607177734,-0.03358650207519531,27059,27059
gpt-j-6b-fp32,D_imp_asc,0.5,224,134,OPP-MORE,pair9,Q,0.11827564239501953,-0.022910118103027344,23663,23663
gpt-j-6b-fp32,D_imp_asc,0.5,224,134,OPP-LESS,pair0,P,0.020730972290039062,0.2753734588623047,632,632
gpt-j-6b-fp32,D_imp_asc,0.5,224,134,OPP-LESS,pair0,Q,0.10974502563476562,0.08922576904296875,39733,39733
gpt-j-6b-fp32,D_imp_asc,0.5,224,134,OPP-LESS,pair1,P,0.07928848266601562,0.049114227294921875,27059,27059
gpt-j-6b-fp32,D_imp_asc,0.5,224,134,OPP-LESS,pair1,Q,0.0703592300415039,-0.036407470703125,19157,19157
gpt-j-6b-fp32,D_imp_asc,0.5,224,134,OPP-LESS,pair2,P,0.03373241424560547,0.10482549667358398,27059,27059
gpt-j-6b-fp32,D_imp_asc,0.5,224,134,OPP-LESS,pair2,Q,0.0957498550415039,-0.11087894439697266,632,632
gpt-j-6b-fp32,D_imp_asc,0.5,224,134,OPP-LESS,pair3,P,0.05016803741455078,0.2501392364501953,27059,27059
gpt-j-6b-fp32,D_imp_asc,0.5,224,134,OPP-LESS,pair3,Q,0.09857845306396484,0.12392520904541016,5930,5930
gpt-j-6b-fp32,D_imp_asc,0.5,224,134,OPP-LESS,pair4,P,-0.0025806427001953125,0.13817310333251953,27059,27059
gpt-j-6b-fp32,D_imp_asc,0.5,224,134,OPP-LESS,pair4,Q,0.08742046356201172,-0.07922649383544922,632,632
gpt-j-6b-fp32,D_imp_asc,0.5,224,134,OPP-LESS,pair5,P,0.08495903015136719,0.21117401123046875,27059,27059
gpt-j-6b-fp32,D_imp_asc,0.5,224,134,OPP-LESS,pair5,Q,0.19861602783203125,0.032077789306640625,632,19157
gpt-j-6b-fp32,D_imp_asc,0.5,224,134,OPP-LESS,pair6,P,-0.0042057037353515625,0.1539936065673828,27059,27059
gpt-j-6b-fp32,D_imp_asc,0.5,224,134,OPP-LESS,pair6,Q,0.06164264678955078,-0.044798851013183594,632,632
gpt-j-6b-fp32,D_imp_asc,0.5,224,134,OPP-LESS,pair7,P,-0.009490966796875,0.17242431640625,632,632
gpt-j-6b-fp32,D_imp_asc,0.5,224,134,OPP-LESS,pair7,Q,0.11609458923339844,0.02950000762939453,632,632
gpt-j-6b-fp32,D_imp_asc,0.5,224,134,OPP-LESS,pair8,P,0.10301685333251953,0.0605316162109375,1874,27059
gpt-j-6b-fp32,D_imp_asc,0.5,224,134,OPP-LESS,pair8,Q,0.18567943572998047,-0.055149078369140625,1874,1874
gpt-j-6b-fp32,D_imp_asc,0.5,224,134,OPP-LESS,pair9,P,0.10446357727050781,0.04198455810546875,27059,27059
gpt-j-6b-fp32,D_imp_asc,0.5,224,134,OPP-LESS,pair9,Q,0.11923408508300781,-0.05399513244628906,23663,23663
gpt-j-6b-fp32,D_imp_asc,0.5,224,134,MORE-LESS,pair0,P,0.03450298309326172,0.02114582061767578,10255,10255
gpt-j-6b-fp32,D_imp_asc,0.5,224,134,MORE-LESS,pair0,Q,0.02514171600341797,0.005831718444824219,10255,10255
gpt-j-6b-fp32,D_imp_asc,0.5,224,134,MORE-LESS,pair1,P,0.015048980712890625,-0.0020542144775390625,18605,18605
gpt-j-6b-fp32,D_imp_asc,0.5,224,134,MORE-LESS,pair1,Q,0.007982254028320312,-0.006127357482910156,18605,18605
gpt-j-6b-fp32,D_imp_asc,0.5,224,134,MORE-LESS,pair2,P,0.009202003479003906,0.015307426452636719,8038,8038
gpt-j-6b-fp32,D_imp_asc,0.5,224,134,MORE-LESS,pair2,Q,0.00572967529296875,0.0057525634765625,8038,8038
gpt-j-6b-fp32,D_imp_asc,0.5,224,134,MORE-LESS,pair3,P,0.02680683135986328,0.011537551879882812,1234,1234
gpt-j-6b-fp32,D_imp_asc,0.5,224,134,MORE-LESS,pair3,Q,0.028450965881347656,0.008322715759277344,1234,1234
gpt-j-6b-fp32,D_imp_asc,0.5,224,134,MORE-LESS,pair4,P,0.0073032379150390625,0.01486968994140625,23448,23448
gpt-j-6b-fp32,D_imp_asc,0.5,224,134,MORE-LESS,pair4,Q,0.0029001235961914062,0.014883041381835938,23448,23448
gpt-j-6b-fp32,D_imp_asc,0.5,224,134,MORE-LESS,pair5,P,0.030409812927246094,-0.0028486251831054688,969,969
gpt-j-6b-fp32,D_imp_asc,0.5,224,134,MORE-LESS,pair5,Q,0.032248497009277344,-0.0049457550048828125,1426,1426
gpt-j-6b-fp32,D_imp_asc,0.5,224,134,MORE-LESS,pair6,P,0.01242828369140625,0.007518768310546875,6514,6514
gpt-j-6b-fp32,D_imp_asc,0.5,224,134,MORE-LESS,pair6,Q,0.009838104248046875,0.007790565490722656,6514,6514
gpt-j-6b-fp32,D_imp_asc,0.5,224,134,MORE-LESS,pair7,P,-0.0009622573852539062,0.01746654510498047,22111,22111
gpt-j-6b-fp32,D_imp_asc,0.5,224,134,MORE-LESS,pair7,Q,-0.004436492919921875,0.01561737060546875,22111,22111
gpt-j-6b-fp32,D_imp_asc,0.5,224,134,MORE-LESS,pair8,P,0.010439872741699219,-0.0014562606811523438,969,969
gpt-j-6b-fp32,D_imp_asc,0.5,224,134,MORE-LESS,pair8,Q,0.011728286743164062,-0.0011262893676757812,969,969
gpt-j-6b-fp32,D_imp_asc,0.5,224,134,MORE-LESS,pair9,P,0.0006656646728515625,-0.0028743743896484375,34439,34439
gpt-j-6b-fp32,D_imp_asc,0.5,224,134,MORE-LESS,pair9,Q,-0.00466156005859375,-0.0016965866088867188,34439,34439
gpt-j-6b-fp32,std_imp_asc,0.01,4,4,SAME-OPP,pair0,P,0.0057506561279296875,0.0047435760498046875,632,632
gpt-j-6b-fp32,std_imp_asc,0.01,4,4,SAME-OPP,pair0,Q,0.002323150634765625,-0.007876396179199219,39733,39733
gpt-j-6b-fp32,std_imp_asc,0.01,4,4,SAME-OPP,pair1,P,-0.006361961364746094,0.008317947387695312,27059,27059
gpt-j-6b-fp32,std_imp_asc,0.01,4,4,SAME-OPP,pair1,Q,-0.0024585723876953125,-0.005526542663574219,19157,19157
gpt-j-6b-fp32,std_imp_asc,0.01,4,4,SAME-OPP,pair2,P,0.007870674133300781,-4.76837158203125e-05,632,632
gpt-j-6b-fp32,std_imp_asc,0.01,4,4,SAME-OPP,pair2,Q,0.00406646728515625,0.005261421203613281,632,632
gpt-j-6b-fp32,std_imp_asc,0.01,4,4,SAME-OPP,pair3,P,-0.00754547119140625,-0.000667572021484375,27059,27059
gpt-j-6b-fp32,std_imp_asc,0.01,4,4,SAME-OPP,pair3,Q,0.0015993118286132812,6.29425048828125e-05,632,632
gpt-j-6b-fp32,std_imp_asc,0.01,4,4,SAME-OPP,pair4,P,0.005059242248535156,0.009388923645019531,27059,27059
gpt-j-6b-fp32,std_imp_asc,0.01,4,4,SAME-OPP,pair4,Q,0.004756927490234375,0.001277923583984375,632,632
gpt-j-6b-fp32,std_imp_asc,0.01,4,4,SAME-OPP,pair5,P,-0.0032329559326171875,0.015249252319335938,27059,27059
gpt-j-6b-fp32,std_imp_asc,0.01,4,4,SAME-OPP,pair5,Q,-0.001895904541015625,0.010358810424804688,632,632
gpt-j-6b-fp32,std_imp_asc,0.01,4,4,SAME-OPP,pair6,P,-0.0027637481689453125,-0.0051860809326171875,27059,27059
gpt-j-6b-fp32,std_imp_asc,0.01,4,4,SAME-OPP,pair6,Q,-0.005519866943359375,-0.0063037872314453125,632,632
gpt-j-6b-fp32,std_imp_asc,0.01,4,4,SAME-OPP,pair7,P,0.0076999664306640625,0.030935287475585938,632,632
gpt-j-6b-fp32,std_imp_asc,0.01,4,4,SAME-OPP,pair7,Q,0.0068225860595703125,0.004563331604003906,632,632
gpt-j-6b-fp32,std_imp_asc,0.01,4,4,SAME-OPP,pair8,P,-0.009767532348632812,0.005275726318359375,581,581
gpt-j-6b-fp32,std_imp_asc,0.01,4,4,SAME-OPP,pair8,Q,-0.010931015014648438,2.956390380859375e-05,581,1874
gpt-j-6b-fp32,std_imp_asc,0.01,4,4,SAME-OPP,pair9,P,0.0026454925537109375,0.015147209167480469,27059,27059
gpt-j-6b-fp32,std_imp_asc,0.01,4,4,SAME-OPP,pair9,Q,-0.0037336349487304688,-0.016033172607421875,1928,23663
gpt-j-6b-fp32,std_imp_asc,0.01,4,4,SAME-MORE,pair0,P,0.014812469482421875,0.051334381103515625,632,632
gpt-j-6b-fp32,std_imp_asc,0.01,4,4,SAME-MORE,pair0,Q,0.009629249572753906,-0.11541175842285156,39733,39733
gpt-j-6b-fp32,std_imp_asc,0.01,4,4,SAME-MORE,pair1,P,-0.02088165283203125,-0.23330116271972656,27059,27059
gpt-j-6b-fp32,std_imp_asc,0.01,4,4,SAME-MORE,pair1,Q,1.049041748046875e-05,-0.25670909881591797,19157,19157
gpt-j-6b-fp32,std_imp_asc,0.01,4,4,SAME-MORE,pair2,P,0.07395267486572266,0.09121036529541016,632,632
gpt-j-6b-fp32,std_imp_asc,0.01,4,4,SAME-MORE,pair2,Q,0.027482986450195312,0.10676383972167969,632,632
gpt-j-6b-fp32,std_imp_asc,0.01,4,4,SAME-MORE,pair3,P,-0.0128173828125,-0.023296356201171875,27059,27059
gpt-j-6b-fp32,std_imp_asc,0.01,4,4,SAME-MORE,pair3,Q,0.02153301239013672,-0.07609939575195312,632,632
gpt-j-6b-fp32,std_imp_asc,0.01,4,4,SAME-MORE,pair4,P,0.019313812255859375,0.020247459411621094,27059,27059
gpt-j-6b-fp32,std_imp_asc,0.01,4,4,SAME-MORE,pair4,Q,-0.011694908142089844,0.0047893524169921875,632,632
gpt-j-6b-fp32,std_imp_asc,0.01,4,4,SAME-MORE,pair5,P,0.024387359619140625,-0.08490467071533203,27059,27059
gpt-j-6b-fp32,std_imp_asc,0.01,4,4,SAME-MORE,pair5,Q,0.013823509216308594,-0.0503997802734375,632,632
gpt-j-6b-fp32,std_imp_asc,0.01,4,4,SAME-MORE,pair6,P,0.014927864074707031,0.026340484619140625,27059,27059
gpt-j-6b-fp32,std_imp_asc,0.01,4,4,SAME-MORE,pair6,Q,-0.011576652526855469,0.028191566467285156,632,632
gpt-j-6b-fp32,std_imp_asc,0.01,4,4,SAME-MORE,pair7,P,-0.023321151733398438,-0.15389442443847656,632,632
gpt-j-6b-fp32,std_imp_asc,0.01,4,4,SAME-MORE,pair7,Q,0.03978443145751953,-0.11959266662597656,632,632
gpt-j-6b-fp32,std_imp_asc,0.01,4,4,SAME-MORE,pair8,P,-0.018117904663085938,-0.09508323669433594,581,581
gpt-j-6b-fp32,std_imp_asc,0.01,4,4,SAME-MORE,pair8,Q,0.016010284423828125,0.021739959716796875,581,581
gpt-j-6b-fp32,std_imp_asc,0.01,4,4,SAME-MORE,pair9,P,0.032868385314941406,-0.1874217987060547,27059,27059
gpt-j-6b-fp32,std_imp_asc,0.01,4,4,SAME-MORE,pair9,Q,0.0012750625610351562,-0.17417144775390625,1928,23663
gpt-j-6b-fp32,std_imp_asc,0.01,4,4,SAME-LESS,pair0,P,0.014774322509765625,-0.17700862884521484,632,632
gpt-j-6b-fp32,std_imp_asc,0.01,4,4,SAME-LESS,pair0,Q,0.0010547637939453125,0.1774454116821289,39733,39733
gpt-j-6b-fp32,std_imp_asc,0.01,4,4,SAME-LESS,pair1,P,-0.0245819091796875,0.16420269012451172,27059,27059
gpt-j-6b-fp32,std_imp_asc,0.01,4,4,SAME-LESS,pair1,Q,-0.007274627685546875,0.2209005355834961,19157,19157
gpt-j-6b-fp32,std_imp_asc,0.01,4,4,SAME-LESS,pair2,P,0.08477783203125,0.20279502868652344,632,632
gpt-j-6b-fp32,std_imp_asc,0.01,4,4,SAME-LESS,pair2,Q,0.026271820068359375,0.17452335357666016,632,632
gpt-j-6b-fp32,std_imp_asc,0.01,4,4,SAME-LESS,pair3,P,-0.010004043579101562,0.14501953125,27059,27059
gpt-j-6b-fp32,std_imp_asc,0.01,4,4,SAME-LESS,pair3,Q,0.011240005493164062,0.2024526596069336,632,632
gpt-j-6b-fp32,std_imp_asc,0.01,4,4,SAME-LESS,pair4,P,0.021399497985839844,0.4644041061401367,27059,27059
gpt-j-6b-fp32,std_imp_asc,0.01,4,4,SAME-LESS,pair4,Q,-0.0041255950927734375,0.2695159912109375,632,632
gpt-j-6b-fp32,std_imp_asc,0.01,4,4,SAME-LESS,pair5,P,0.016607284545898438,0.08541107177734375,27059,27059
gpt-j-6b-fp32,std_imp_asc,0.01,4,4,SAME-LESS,pair5,Q,0.014170646667480469,0.10002994537353516,632,632
gpt-j-6b-fp32,std_imp_asc,0.01,4,4,SAME-LESS,pair6,P,0.021004676818847656,0.07613468170166016,27059,27059
gpt-j-6b-fp32,std_imp_asc,0.01,4,4,SAME-LESS,pair6,Q,-0.01800060272216797,0.10089969635009766,632,632
gpt-j-6b-fp32,std_imp_asc,0.01,4,4,SAME-LESS,pair7,P,-0.04031562805175781,0.2934894561767578,632,632
gpt-j-6b-fp32,std_imp_asc,0.01,4,4,SAME-LESS,pair7,Q,0.032745361328125,0.2082834243774414,632,632
gpt-j-6b-fp32,std_imp_asc,0.01,4,4,SAME-LESS,pair8,P,-0.01284027099609375,0.08251476287841797,581,581
gpt-j-6b-fp32,std_imp_asc,0.01,4,4,SAME-LESS,pair8,Q,0.011851310729980469,0.04651069641113281,581,581
gpt-j-6b-fp32,std_imp_asc,0.01,4,4,SAME-LESS,pair9,P,0.034583091735839844,0.12359237670898438,27059,27059
gpt-j-6b-fp32,std_imp_asc,0.01,4,4,SAME-LESS,pair9,Q,-0.0029468536376953125,0.16671276092529297,1928,23663
gpt-j-6b-fp32,std_imp_asc,0.01,4,4,OPP-MORE,pair0,P,0.014776229858398438,0.04053020477294922,632,632
gpt-j-6b-fp32,std_imp_asc,0.01,4,4,OPP-MORE,pair0,Q,0.016119956970214844,-0.09589481353759766,39733,39733
gpt-j-6b-fp32,std_imp_asc,0.01,4,4,OPP-MORE,pair1,P,-0.03268146514892578,-0.20523452758789062,27059,27059
gpt-j-6b-fp32,std_imp_asc,0.01,4,4,OPP-MORE,pair1,Q,-0.021709442138671875,-0.19490718841552734,19157,19157
gpt-j-6b-fp32,std_imp_asc,0.01,4,4,OPP-MORE,pair2,P,0.012675285339355469,0.14716625213623047,27059,27059
gpt-j-6b-fp32,std_imp_asc,0.01,4,4,OPP-MORE,pair2,Q,0.015143394470214844,0.16214847564697266,632,632
gpt-j-6b-fp32,std_imp_asc,0.01,4,4,OPP-MORE,pair3,P,0.016712188720703125,-0.007396697998046875,27059,27059
gpt-j-6b-fp32,std_imp_asc,0.01,4,4,OPP-MORE,pair3,Q,0.008509635925292969,-0.05792713165283203,5930,5930
gpt-j-6b-fp32,std_imp_asc,0.01,4,4,OPP-MORE,pair4,P,0.0030813217163085938,0.03732776641845703,27059,27059
gpt-j-6b-fp32,std_imp_asc,0.01,4,4,OPP-MORE,pair4,Q,-0.015551567077636719,0.027837753295898438,632,632
gpt-j-6b-fp32,std_imp_asc,0.01,4,4,OPP-MORE,pair5,P,0.004559516906738281,0.017065048217773438,27059,27059
gpt-j-6b-fp32,std_imp_asc,0.01,4,4,OPP-MORE,pair5,Q,0.01813030242919922,0.020264625549316406,632,632
gpt-j-6b-fp32,std_imp_asc,0.01,4,4,OPP-MORE,pair6,P,0.005621910095214844,0.05163860321044922,27059,27059
gpt-j-6b-fp32,std_imp_asc,0.01,4,4,OPP-MORE,pair6,Q,0.004696846008300781,0.06215858459472656,632,632
gpt-j-6b-fp32,std_imp_asc,0.01,4,4,OPP-MORE,pair7,P,0.022441864013671875,-0.11272907257080078,632,632
gpt-j-6b-fp32,std_imp_asc,0.01,4,4,OPP-MORE,pair7,Q,-0.004795074462890625,-0.08560371398925781,632,632
gpt-j-6b-fp32,std_imp_asc,0.01,4,4,OPP-MORE,pair8,P,0.010257720947265625,-0.02566242218017578,1874,1874
gpt-j-6b-fp32,std_imp_asc,0.01,4,4,OPP-MORE,pair8,Q,0.005192756652832031,0.0722513198852539,1874,1874
gpt-j-6b-fp32,std_imp_asc,0.01,4,4,OPP-MORE,pair9,P,0.013079643249511719,-0.07726669311523438,27059,27059
gpt-j-6b-fp32,std_imp_asc,0.01,4,4,OPP-MORE,pair9,Q,0.012425422668457031,-0.056159019470214844,23663,23663
gpt-j-6b-fp32,std_imp_asc,0.01,4,4,OPP-LESS,pair0,P,0.010515213012695312,-0.14521503448486328,632,632
gpt-j-6b-fp32,std_imp_asc,0.01,4,4,OPP-LESS,pair0,Q,0.011545181274414062,0.13801097869873047,39733,39733
gpt-j-6b-fp32,std_imp_asc,0.01,4,4,OPP-LESS,pair1,P,-0.029038429260253906,0.1295166015625,27059,27059
gpt-j-6b-fp32,std_imp_asc,0.01,4,4,OPP-LESS,pair1,Q,-0.024468421936035156,0.15700244903564453,19157,19157
gpt-j-6b-fp32,std_imp_asc,0.01,4,4,OPP-LESS,pair2,P,0.017822265625,0.20316028594970703,27059,27059
gpt-j-6b-fp32,std_imp_asc,0.01,4,4,OPP-LESS,pair2,Q,0.028318405151367188,0.1701669692993164,632,632
gpt-j-6b-fp32,std_imp_asc,0.01,4,4,OPP-LESS,pair3,P,0.016706466674804688,0.16225147247314453,27059,27059
gpt-j-6b-fp32,std_imp_asc,0.01,4,4,OPP-LESS,pair3,Q,0.0033330917358398438,0.2108602523803711,5930,5930
gpt-j-6b-fp32,std_imp_asc,0.01,4,4,OPP-LESS,pair4,P,0.012024879455566406,0.4423398971557617,27059,27059
gpt-j-6b-fp32,std_imp_asc,0.01,4,4,OPP-LESS,pair4,Q,-0.008553504943847656,0.2983102798461914,632,632
gpt-j-6b-fp32,std_imp_asc,0.01,4,4,OPP-LESS,pair5,P,0.002605438232421875,0.16142845153808594,27059,27059
gpt-j-6b-fp32,std_imp_asc,0.01,4,4,OPP-LESS,pair5,Q,0.018587112426757812,0.1670246124267578,632,632
gpt-j-6b-fp32,std_imp_asc,0.01,4,4,OPP-LESS,pair6,P,-0.000553131103515625,0.07499313354492188,27059,27059
gpt-j-6b-fp32,std_imp_asc,0.01,4,4,OPP-LESS,pair6,Q,0.010281562805175781,0.09238433837890625,632,632
gpt-j-6b-fp32,std_imp_asc,0.01,4,4,OPP-LESS,pair7,P,0.028519630432128906,0.29139232635498047,632,632
gpt-j-6b-fp32,std_imp_asc,0.01,4,4,OPP-LESS,pair7,Q,-0.01434326171875,0.21431446075439453,632,632
gpt-j-6b-fp32,std_imp_asc,0.01,4,4,OPP-LESS,pair8,P,0.021500587463378906,0.14025402069091797,1874,1874
gpt-j-6b-fp32,std_imp_asc,0.01,4,4,OPP-LESS,pair8,Q,0.005589485168457031,0.09535598754882812,1874,1874
gpt-j-6b-fp32,std_imp_asc,0.01,4,4,OPP-LESS,pair9,P,0.01654338836669922,0.11721992492675781,27059,27059
gpt-j-6b-fp32,std_imp_asc,0.01,4,4,OPP-LESS,pair9,Q,0.0037755966186523438,0.1901416778564453,23663,23663
gpt-j-6b-fp32,std_imp_asc,0.01,4,4,MORE-LESS,pair0,P,-0.02288341522216797,0.023740768432617188,10255,10255
gpt-j-6b-fp32,std_imp_asc,0.01,4,4,MORE-LESS,pair0,Q,-0.016748428344726562,0.007174491882324219,10255,10255
gpt-j-6b-fp32,std_imp_asc,0.01,4,4,MORE-LESS,pair1,P,-0.0036859512329101562,-0.0043010711669921875,18605,18605
gpt-j-6b-fp32,std_imp_asc,0.01,4,4,MORE-LESS,pair1,Q,-0.0003452301025390625,-0.0125885009765625,18605,18605
gpt-j-6b-fp32,std_imp_asc,0.01,4,4,MORE-LESS,pair2,P,-0.0007991790771484375,0.018568992614746094,8038,8038
gpt-j-6b-fp32,std_imp_asc,0.01,4,4,MORE-LESS,pair2,Q,-0.005164146423339844,0.015732765197753906,8038,8038
gpt-j-6b-fp32,std_imp_asc,0.01,4,4,MORE-LESS,pair3,P,-0.004317283630371094,0.0082244873046875,1234,1234
gpt-j-6b-fp32,std_imp_asc,0.01,4,4,MORE-LESS,pair3,Q,-0.005551338195800781,0.008764266967773438,1234,1234
gpt-j-6b-fp32,std_imp_asc,0.01,4,4,MORE-LESS,pair4,P,-0.00452423095703125,0.0038595199584960938,23448,23448
gpt-j-6b-fp32,std_imp_asc,0.01,4,4,MORE-LESS,pair4,Q,-0.0007581710815429688,-0.002086639404296875,23448,23448
gpt-j-6b-fp32,std_imp_asc,0.01,4,4,MORE-LESS,pair5,P,0.0064945220947265625,0.020521163940429688,969,969
gpt-j-6b-fp32,std_imp_asc,0.01,4,4,MORE-LESS,pair5,Q,0.005539894104003906,0.022459030151367188,1426,1426
gpt-j-6b-fp32,std_imp_asc,0.01,4,4,MORE-LESS,pair6,P,-0.03073883056640625,0.0117034912109375,6514,6514
gpt-j-6b-fp32,std_imp_asc,0.01,4,4,MORE-LESS,pair6,Q,-0.02897167205810547,0.0047454833984375,6514,6514
gpt-j-6b-fp32,std_imp_asc,0.01,4,4,MORE-LESS,pair7,P,-0.014738082885742188,0.002376556396484375,22111,22111
gpt-j-6b-fp32,std_imp_asc,0.01,4,4,MORE-LESS,pair7,Q,-0.0147705078125,0.007678031921386719,22111,22111
gpt-j-6b-fp32,std_imp_asc,0.01,4,4,MORE-LESS,pair8,P,-4.863739013671875e-05,0.01909160614013672,969,969
gpt-j-6b-fp32,std_imp_asc,0.01,4,4,MORE-LESS,pair8,Q,-0.00033092498779296875,0.012478828430175781,969,969
gpt-j-6b-fp32,std_imp_asc,0.01,4,4,MORE-LESS,pair9,P,-0.022165298461914062,0.0022640228271484375,34439,34439
gpt-j-6b-fp32,std_imp_asc,0.01,4,4,MORE-LESS,pair9,Q,-0.041014671325683594,-0.004755973815917969,34439,34439
gpt-j-6b-fp32,std_imp_asc,0.03,13,13,SAME-OPP,pair0,P,0.029684066772460938,0.031882286071777344,632,632
gpt-j-6b-fp32,std_imp_asc,0.03,13,13,SAME-OPP,pair0,Q,0.039366722106933594,0.056967735290527344,39733,39733
gpt-j-6b-fp32,std_imp_asc,0.03,13,13,SAME-OPP,pair1,P,0.023871421813964844,0.030088424682617188,27059,27059
gpt-j-6b-fp32,std_imp_asc,0.03,13,13,SAME-OPP,pair1,Q,0.03145408630371094,0.029336929321289062,19157,19157
gpt-j-6b-fp32,std_imp_asc,0.03,13,13,SAME-OPP,pair2,P,-0.0084686279296875,0.01819133758544922,632,632
gpt-j-6b-fp32,std_imp_asc,0.03,13,13,SAME-OPP,pair2,Q,0.013676643371582031,0.026056289672851562,632,632
gpt-j-6b-fp32,std_imp_asc,0.03,13,13,SAME-OPP,pair3,P,-0.003935813903808594,-0.00272369384765625,27059,27059
gpt-j-6b-fp32,std_imp_asc,0.03,13,13,SAME-OPP,pair3,Q,0.012189865112304688,0.008060455322265625,632,632
gpt-j-6b-fp32,std_imp_asc,0.03,13,13,SAME-OPP,pair4,P,-0.00688934326171875,0.0031614303588867188,27059,27059
gpt-j-6b-fp32,std_imp_asc,0.03,13,13,SAME-OPP,pair4,Q,0.04356575012207031,0.04500293731689453,632,632
gpt-j-6b-fp32,std_imp_asc,0.03,13,13,SAME-OPP,pair5,P,0.00084686279296875,0.009446144104003906,27059,27059
gpt-j-6b-fp32,std_imp_asc,0.03,13,13,SAME-OPP,pair5,Q,0.01406097412109375,0.030002593994140625,632,632
gpt-j-6b-fp32,std_imp_asc,0.03,13,13,SAME-OPP,pair6,P,-0.014593124389648438,-0.008510589599609375,27059,27059
gpt-j-6b-fp32,std_imp_asc,0.03,13,13,SAME-OPP,pair6,Q,0.03610801696777344,-0.012638092041015625,632,632
gpt-j-6b-fp32,std_imp_asc,0.03,13,13,SAME-OPP,pair7,P,0.027006149291992188,0.042885780334472656,632,632
gpt-j-6b-fp32,std_imp_asc,0.03,13,13,SAME-OPP,pair7,Q,0.021175384521484375,0.01747417449951172,632,632
gpt-j-6b-fp32,std_imp_asc,0.03,13,13,SAME-OPP,pair8,P,-0.013085365295410156,-0.014475822448730469,581,581
gpt-j-6b-fp32,std_imp_asc,0.03,13,13,SAME-OPP,pair8,Q,0.012516975402832031,0.03992938995361328,581,1874
gpt-j-6b-fp32,std_imp_asc,0.03,13,13,SAME-OPP,pair9,P,-0.00045490264892578125,0.003086090087890625,27059,27059
gpt-j-6b-fp32,std_imp_asc,0.03,13,13,SAME-OPP,pair9,Q,0.029253005981445312,0.02132892608642578,1928,23663
gpt-j-6b-fp32,std_imp_asc,0.03,13,13,SAME-MORE,pair0,P,0.1672210693359375,0.0294342041015625,632,632
gpt-j-6b-fp32,std_imp_asc,0.03,13,13,SAME-MORE,pair0,Q,0.09424781799316406,-0.2787313461303711,39733,39733
gpt-j-6b-fp32,std_imp_asc,0.03,13,13,SAME-MORE,pair1,P,0.08392715454101562,-0.24688339233398438,27059,27059
gpt-j-6b-fp32,std_imp_asc,0.03,13,13,SAME-MORE,pair1,Q,0.018405914306640625,-0.20952510833740234,19157,19157
gpt-j-6b-fp32,std_imp_asc,0.03,13,13,SAME-MORE,pair2,P,0.5291948318481445,-0.11412620544433594,632,27059
gpt-j-6b-fp32,std_imp_asc,0.03,13,13,SAME-MORE,pair2,Q,0.18594646453857422,-0.16243648529052734,632,632
gpt-j-6b-fp32,std_imp_asc,0.03,13,13,SAME-MORE,pair3,P,-0.007784843444824219,-0.1129913330078125,27059,27059
gpt-j-6b-fp32,std_imp_asc,0.03,13,13,SAME-MORE,pair3,Q,0.11662006378173828,-0.24798107147216797,632,632
gpt-j-6b-fp32,std_imp_asc,0.03,13,13,SAME-MORE,pair4,P,0.0985879898071289,0.1847076416015625,27059,27059
gpt-j-6b-fp32,std_imp_asc,0.03,13,13,SAME-MORE,pair4,Q,0.09441566467285156,-0.07155609130859375,632,632
gpt-j-6b-fp32,std_imp_asc,0.03,13,13,SAME-MORE,pair5,P,0.06672954559326172,-0.14467144012451172,27059,27059
gpt-j-6b-fp32,std_imp_asc,0.03,13,13,SAME-MORE,pair5,Q,0.1758441925048828,-0.13652324676513672,632,632
gpt-j-6b-fp32,std_imp_asc,0.03,13,13,SAME-MORE,pair6,P,-0.1015024185180664,-0.08637714385986328,27059,27059
gpt-j-6b-fp32,std_imp_asc,0.03,13,13,SAME-MORE,pair6,Q,0.03201484680175781,-0.04504966735839844,632,632
gpt-j-6b-fp32,std_imp_asc,0.03,13,13,SAME-MORE,pair7,P,-0.014495849609375,-0.1668109893798828,632,632
gpt-j-6b-fp32,std_imp_asc,0.03,13,13,SAME-MORE,pair7,Q,0.08957481384277344,-0.1680898666381836,632,632
gpt-j-6b-fp32,std_imp_asc,0.03,13,13,SAME-MORE,pair8,P,0.03406333923339844,-0.2436351776123047,581,1874
gpt-j-6b-fp32,std_imp_asc,0.03,13,13,SAME-MORE,pair8,Q,0.15344619750976562,-0.17398643493652344,581,1874
gpt-j-6b-fp32,std_imp_asc,0.03,13,13,SAME-MORE,pair9,P,-0.0652475357055664,-0.19562721252441406,27059,27059
gpt-j-6b-fp32,std_imp_asc,0.03,13,13,SAME-MORE,pair9,Q,0.02896404266357422,-0.3183774948120117,1928,23663
gpt-j-6b-fp32,std_imp_asc,0.03,13,13,SAME-LESS,pair0,P,0.10202693939208984,0.17679691314697266,632,632
gpt-j-6b-fp32,std_imp_asc,0.03,13,13,SAME-LESS,pair0,Q,0.058990478515625,0.40421485900878906,39733,39733
gpt-j-6b-fp32,std_imp_asc,0.03,13,13,SAME-LESS,pair1,P,0.06762027740478516,0.3916053771972656,27059,27059
gpt-j-6b-fp32,std_imp_asc,0.03,13,13,SAME-LESS,pair1,Q,0.0062389373779296875,0.3814525604248047,19157,19157
gpt-j-6b-fp32,std_imp_asc,0.03,13,13,SAME-LESS,pair2,P,0.5350313186645508,1.6180143356323242,632,27059
gpt-j-6b-fp32,std_imp_asc,0.03,13,13,SAME-LESS,pair2,Q,0.1728219985961914,1.322561264038086,632,632
gpt-j-6b-fp32,std_imp_asc,0.03,13,13,SAME-LESS,pair3,P,-0.04270458221435547,0.38191986083984375,27059,27059
gpt-j-6b-fp32,std_imp_asc,0.03,13,13,SAME-LESS,pair3,Q,0.104217529296875,0.3939247131347656,632,632
gpt-j-6b-fp32,std_imp_asc,0.03,13,13,SAME-LESS,pair4,P,0.08233165740966797,0.7613344192504883,27059,27059
gpt-j-6b-fp32,std_imp_asc,0.03,13,13,SAME-LESS,pair4,Q,0.09295368194580078,0.5710906982421875,632,632
gpt-j-6b-fp32,std_imp_asc,0.03,13,13,SAME-LESS,pair5,P,0.040615081787109375,0.3530921936035156,27059,27059
gpt-j-6b-fp32,std_imp_asc,0.03,13,13,SAME-LESS,pair5,Q,0.1808633804321289,0.2557973861694336,632,632
gpt-j-6b-fp32,std_imp_asc,0.03,13,13,SAME-LESS,pair6,P,-0.08051776885986328,0.8690700531005859,27059,27059
gpt-j-6b-fp32,std_imp_asc,0.03,13,13,SAME-LESS,pair6,Q,0.07064151763916016,1.0142698287963867,632,632
gpt-j-6b-fp32,std_imp_asc,0.03,13,13,SAME-LESS,pair7,P,-0.018262863159179688,0.3554391860961914,632,632
gpt-j-6b-fp32,std_imp_asc,0.03,13,13,SAME-LESS,pair7,Q,0.07825088500976562,0.2525157928466797,632,632
gpt-j-6b-fp32,std_imp_asc,0.03,13,13,SAME-LESS,pair8,P,0.05125236511230469,0.24897289276123047,581,581
gpt-j-6b-fp32,std_imp_asc,0.03,13,13,SAME-LESS,pair8,Q,0.17744731903076172,0.13581466674804688,581,1874
gpt-j-6b-fp32,std_imp_asc,0.03,13,13,SAME-LESS,pair9,P,-0.07041740417480469,0.5084133148193359,27059,27059
gpt-j-6b-fp32,std_imp_asc,0.03,13,13,SAME-LESS,pair9,Q,0.0028886795043945312,0.18171215057373047,1928,23663
gpt-j-6b-fp32,std_imp_asc,0.03,13,13,OPP-MORE,pair0,P,-0.027994155883789062,0.10074520111083984,632,632
gpt-j-6b-fp32,std_imp_asc,0.03,13,13,OPP-MORE,pair0,Q,-0.06494808197021484,-0.19657039642333984,39733,39733
gpt-j-6b-fp32,std_imp_asc,0.03,13,13,OPP-MORE,pair1,P,-0.14078998565673828,-0.23122882843017578,27059,27059
gpt-j-6b-fp32,std_imp_asc,0.03,13,13,OPP-MORE,pair1,Q,-0.22641754150390625,-0.1509552001953125,19157,19157
gpt-j-6b-fp32,std_imp_asc,0.03,13,13,OPP-MORE,pair2,P,0.03103923797607422,-0.02476215362548828,27059,27059
gpt-j-6b-fp32,std_imp_asc,0.03,13,13,OPP-MORE,pair2,Q,-0.0072174072265625,-0.05312061309814453,632,632
gpt-j-6b-fp32,std_imp_asc,0.03,13,13,OPP-MORE,pair3,P,-0.051751136779785156,-0.09583854675292969,27059,27059
gpt-j-6b-fp32,std_imp_asc,0.03,13,13,OPP-MORE,pair3,Q,-0.0294189453125,-0.2089557647705078,5930,5930
gpt-j-6b-fp32,std_imp_asc,0.03,13,13,OPP-MORE,pair4,P,-0.14304828643798828,0.2417583465576172,27059,27059
gpt-j-6b-fp32,std_imp_asc,0.03,13,13,OPP-MORE,pair4,Q,-0.1018209457397461,0.04197120666503906,632,632
gpt-j-6b-fp32,std_imp_asc,0.03,13,13,OPP-MORE,pair5,P,-0.09058189392089844,-0.022255897521972656,27059,27059
gpt-j-6b-fp32,std_imp_asc,0.03,13,13,OPP-MORE,pair5,Q,-0.0493011474609375,-0.06854248046875,632,19157
gpt-j-6b-fp32,std_imp_asc,0.03,13,13,OPP-MORE,pair6,P,-0.10127544403076172,-0.015041351318359375,27059,27059
gpt-j-6b-fp32,std_imp_asc,0.03,13,13,OPP-MORE,pair6,Q,-0.07965469360351562,0.019652366638183594,632,632
gpt-j-6b-fp32,std_imp_asc,0.03,13,13,OPP-MORE,pair7,P,-0.10782241821289062,-0.11305809020996094,632,632
gpt-j-6b-fp32,std_imp_asc,0.03,13,13,OPP-MORE,pair7,Q,-0.10033035278320312,-0.11186981201171875,632,632
gpt-j-6b-fp32,std_imp_asc,0.03,13,13,OPP-MORE,pair8,P,-0.05137062072753906,-0.14389896392822266,1874,1874
gpt-j-6b-fp32,std_imp_asc,0.03,13,13,OPP-MORE,pair8,Q,-0.10623550415039062,-0.12556171417236328,1874,19157
gpt-j-6b-fp32,std_imp_asc,0.03,13,13,OPP-MORE,pair9,P,-0.04007434844970703,-0.0024404525756835938,27059,27059
gpt-j-6b-fp32,std_imp_asc,0.03,13,13,OPP-MORE,pair9,Q,-0.09626293182373047,-0.06601428985595703,23663,23663
gpt-j-6b-fp32,std_imp_asc,0.03,13,13,OPP-LESS,pair0,P,-0.06118488311767578,0.046830177307128906,632,632
gpt-j-6b-fp32,std_imp_asc,0.03,13,13,OPP-LESS,pair0,Q,-0.07764339447021484,0.20688438415527344,39733,39733
gpt-j-6b-fp32,std_imp_asc,0.03,13,13,OPP-LESS,pair1,P,-0.13866519927978516,0.34938907623291016,27059,27059
gpt-j-6b-fp32,std_imp_asc,0.03,13,13,OPP-LESS,pair1,Q,-0.21661853790283203,0.27580833435058594,19157,19157
gpt-j-6b-fp32,std_imp_asc,0.03,13,13,OPP-LESS,pair2,P,0.025977134704589844,1.539698600769043,27059,27059
gpt-j-6b-fp32,std_imp_asc,0.03,13,13,OPP-LESS,pair2,Q,0.03423881530761719,1.2593603134155273,632,632
gpt-j-6b-fp32,std_imp_asc,0.03,13,13,OPP-LESS,pair3,P,-0.06349563598632812,0.35922813415527344,27059,27059
gpt-j-6b-fp32,std_imp_asc,0.03,13,13,OPP-LESS,pair3,Q,-0.010013580322265625,0.3665914535522461,5930,5930
gpt-j-6b-fp32,std_imp_asc,0.03,13,13,OPP-LESS,pair4,P,-0.13996124267578125,0.6151533126831055,27059,27059
gpt-j-6b-fp32,std_imp_asc,0.03,13,13,OPP-LESS,pair4,Q,-0.07257652282714844,0.49530506134033203,632,632
gpt-j-6b-fp32,std_imp_asc,0.03,13,13,OPP-LESS,pair5,P,-0.09209632873535156,0.39965343475341797,27059,27059
gpt-j-6b-fp32,std_imp_asc,0.03,13,13,OPP-LESS,pair5,Q,-0.0352630615234375,0.31624889373779297,632,19157
gpt-j-6b-fp32,std_imp_asc,0.03,13,13,OPP-LESS,pair6,P,-0.11636829376220703,0.4486675262451172,27059,27059
gpt-j-6b-fp32,std_imp_asc,0.03,13,13,OPP-LESS,pair6,Q,-0.05610847473144531,0.6363792419433594,632,632
gpt-j-6b-fp32,std_imp_asc,0.03,13,13,OPP-LESS,pair7,P,-0.08246898651123047,0.3195924758911133,632,632
gpt-j-6b-fp32,std_imp_asc,0.03,13,13,OPP-LESS,pair7,Q,-0.09246349334716797,0.22304344177246094,632,632
gpt-j-6b-fp32,std_imp_asc,0.03,13,13,OPP-LESS,pair8,P,-0.05161571502685547,0.293243408203125,1874,1874
gpt-j-6b-fp32,std_imp_asc,0.03,13,13,OPP-LESS,pair8,Q,-0.08385753631591797,0.1556081771850586,1874,19157
gpt-j-6b-fp32,std_imp_asc,0.03,13,13,OPP-LESS,pair9,P,-0.03666210174560547,0.41891002655029297,27059,27059
gpt-j-6b-fp32,std_imp_asc,0.03,13,13,OPP-LESS,pair9,Q,-0.08855724334716797,0.24396133422851562,23663,23663
gpt-j-6b-fp32,std_imp_asc,0.03,13,13,MORE-LESS,pair0,P,-0.012865066528320312,0.006871223449707031,10255,10255
gpt-j-6b-fp32,std_imp_asc,0.03,13,13,MORE-LESS,pair0,Q,0.0033121109008789062,-0.00902557373046875,10255,10255
gpt-j-6b-fp32,std_imp_asc,0.03,13,13,MORE-LESS,pair1,P,-0.018268585205078125,-0.03818511962890625,18605,18605
gpt-j-6b-fp32,std_imp_asc,0.03,13,13,MORE-LESS,pair1,Q,0.00363922119140625,-0.0366363525390625,18605,18605
gpt-j-6b-fp32,std_imp_asc,0.03,13,13,MORE-LESS,pair2,P,0.009874343872070312,-0.008745193481445312,8038,8038
gpt-j-6b-fp32,std_imp_asc,0.03,13,13,MORE-LESS,pair2,Q,-0.001300811767578125,0.0037050247192382812,8038,8038
gpt-j-6b-fp32,std_imp_asc,0.03,13,13,MORE-LESS,pair3,P,-0.018492698669433594,-0.0020160675048828125,1234,1234
gpt-j-6b-fp32,std_imp_asc,0.03,13,13,MORE-LESS,pair3,Q,-0.015058517456054688,0.001239776611328125,1234,1234
gpt-j-6b-fp32,std_imp_asc,0.03,13,13,MORE-LESS,pair4,P,-0.03950977325439453,-0.031777381896972656,23448,23448
gpt-j-6b-fp32,std_imp_asc,0.03,13,13,MORE-LESS,pair4,Q,-0.041861534118652344,-0.03182697296142578,23448,23448
gpt-j-6b-fp32,std_imp_asc,0.03,13,13,MORE-LESS,pair5,P,-0.0034885406494140625,-0.011774063110351562,969,969
gpt-j-6b-fp32,std_imp_asc,0.03,13,13,MORE-LESS,pair5,Q,0.007678031921386719,-0.00687408447265625,1426,1426
gpt-j-6b-fp32,std_imp_asc,0.03,13,13,MORE-LESS,pair6,P,-0.07021045684814453,0.018645286560058594,6514,6514
gpt-j-6b-fp32,std_imp_asc,0.03,13,13,MORE-LESS,pair6,Q,-0.06798934936523438,0.008257865905761719,6514,6514
gpt-j-6b-fp32,std_imp_asc,0.03,13,13,MORE-LESS,pair7,P,-0.05454063415527344,0.046535491943359375,22111,22111
gpt-j-6b-fp32,std_imp_asc,0.03,13,13,MORE-LESS,pair7,Q,-0.048346519470214844,0.048409461975097656,22111,22111
gpt-j-6b-fp32,std_imp_asc,0.03,13,13,MORE-LESS,pair8,P,0.06669998168945312,-0.011141777038574219,969,969
gpt-j-6b-fp32,std_imp_asc,0.03,13,13,MORE-LESS,pair8,Q,0.0893402099609375,-0.013812065124511719,969,969
gpt-j-6b-fp32,std_imp_asc,0.03,13,13,MORE-LESS,pair9,P,-0.06203937530517578,-0.01979351043701172,34439,34439
gpt-j-6b-fp32,std_imp_asc,0.03,13,13,MORE-LESS,pair9,Q,-0.04300403594970703,-0.027024269104003906,34439,34439
gpt-j-6b-fp32,std_imp_asc,0.05,22,22,SAME-OPP,pair0,P,0.029631614685058594,0.04641532897949219,632,632
gpt-j-6b-fp32,std_imp_asc,0.05,22,22,SAME-OPP,pair0,Q,0.04311656951904297,0.05777740478515625,39733,39733
gpt-j-6b-fp32,std_imp_asc,0.05,22,22,SAME-OPP,pair1,P,0.023956298828125,0.04145050048828125,27059,27059
gpt-j-6b-fp32,std_imp_asc,0.05,22,22,SAME-OPP,pair1,Q,0.05312538146972656,0.03705406188964844,19157,19157
gpt-j-6b-fp32,std_imp_asc,0.05,22,22,SAME-OPP,pair2,P,-0.03431892395019531,0.007039070129394531,632,632
gpt-j-6b-fp32,std_imp_asc,0.05,22,22,SAME-OPP,pair2,Q,0.013095855712890625,0.02286052703857422,632,632
gpt-j-6b-fp32,std_imp_asc,0.05,22,22,SAME-OPP,pair3,P,-0.022139549255371094,-0.007950782775878906,27059,27059
gpt-j-6b-fp32,std_imp_asc,0.05,22,22,SAME-OPP,pair3,Q,0.0049686431884765625,-0.007153511047363281,632,632
gpt-j-6b-fp32,std_imp_asc,0.05,22,22,SAME-OPP,pair4,P,-0.0028581619262695312,0.015237808227539062,27059,27059
gpt-j-6b-fp32,std_imp_asc,0.05,22,22,SAME-OPP,pair4,Q,0.04538154602050781,0.047852516174316406,632,632
gpt-j-6b-fp32,std_imp_asc,0.05,22,22,SAME-OPP,pair5,P,-0.0018873214721679688,0.0040760040283203125,27059,27059
gpt-j-6b-fp32,std_imp_asc,0.05,22,22,SAME-OPP,pair5,Q,0.014491081237792969,0.02660655975341797,632,632
gpt-j-6b-fp32,std_imp_asc,0.05,22,22,SAME-OPP,pair6,P,-0.029634475708007812,-0.010956764221191406,27059,27059
gpt-j-6b-fp32,std_imp_asc,0.05,22,22,SAME-OPP,pair6,Q,0.031223297119140625,-0.014264106750488281,632,632
gpt-j-6b-fp32,std_imp_asc,0.05,22,22,SAME-OPP,pair7,P,0.03754711151123047,0.04869556427001953,632,632
gpt-j-6b-fp32,std_imp_asc,0.05,22,22,SAME-OPP,pair7,Q,0.04097461700439453,0.018901824951171875,632,632
gpt-j-6b-fp32,std_imp_asc,0.05,22,22,SAME-OPP,pair8,P,-0.015611648559570312,-0.0041370391845703125,581,581
gpt-j-6b-fp32,std_imp_asc,0.05,22,22,SAME-OPP,pair8,Q,0.01718902587890625,0.034676551818847656,581,1874
gpt-j-6b-fp32,std_imp_asc,0.05,22,22,SAME-OPP,pair9,P,-0.0021657943725585938,-0.009148597717285156,27059,27059
gpt-j-6b-fp32,std_imp_asc,0.05,22,22,SAME-OPP,pair9,Q,0.024028778076171875,0.003086090087890625,1928,23663
gpt-j-6b-fp32,std_imp_asc,0.05,22,22,SAME-MORE,pair0,P,0.20608139038085938,0.005219459533691406,632,632
gpt-j-6b-fp32,std_imp_asc,0.05,22,22,SAME-MORE,pair0,Q,0.09074878692626953,-0.3661031723022461,39733,39733
gpt-j-6b-fp32,std_imp_asc,0.05,22,22,SAME-MORE,pair1,P,0.12918758392333984,-0.16808605194091797,27059,27059
gpt-j-6b-fp32,std_imp_asc,0.05,22,22,SAME-MORE,pair1,Q,0.04649639129638672,-0.14473915100097656,19157,18605
gpt-j-6b-fp32,std_imp_asc,0.05,22,22,SAME-MORE,pair2,P,0.5970916748046875,0.08698177337646484,632,27059
gpt-j-6b-fp32,std_imp_asc,0.05,22,22,SAME-MORE,pair2,Q,0.2276468276977539,0.0074558258056640625,632,632
gpt-j-6b-fp32,std_imp_asc,0.05,22,22,SAME-MORE,pair3,P,-0.06511974334716797,-0.08397293090820312,27059,27059
gpt-j-6b-fp32,std_imp_asc,0.05,22,22,SAME-MORE,pair3,Q,0.0802001953125,-0.1719980239868164,632,632
gpt-j-6b-fp32,std_imp_asc,0.05,22,22,SAME-MORE,pair4,P,0.1744546890258789,0.2714223861694336,27059,27059
gpt-j-6b-fp32,std_imp_asc,0.05,22,22,SAME-MORE,pair4,Q,0.04850006103515625,0.05188560485839844,632,632
gpt-j-6b-fp32,std_imp_asc,0.05,22,22,SAME-MORE,pair5,P,-0.008159637451171875,-0.17906761169433594,27059,27059
gpt-j-6b-fp32,std_imp_asc,0.05,22,22,SAME-MORE,pair5,Q,0.1786184310913086,-0.10906505584716797,632,632
gpt-j-6b-fp32,std_imp_asc,0.05,22,22,SAME-MORE,pair6,P,-0.11150264739990234,0.004299163818359375,27059,27059
gpt-j-6b-fp32,std_imp_asc,0.05,22,22,SAME-MORE,pair6,Q,0.026946067810058594,0.03199005126953125,632,632
gpt-j-6b-fp32,std_imp_asc,0.05,22,22,SAME-MORE,pair7,P,0.09046077728271484,-7.2479248046875e-05,632,632
gpt-j-6b-fp32,std_imp_asc,0.05,22,22,SAME-MORE,pair7,Q,0.22757434844970703,0.008035659790039062,632,632
gpt-j-6b-fp32,std_imp_asc,0.05,22,22,SAME-MORE,pair8,P,-0.06003761291503906,-0.266571044921875,581,1874
gpt-j-6b-fp32,std_imp_asc,0.05,22,22,SAME-MORE,pair8,Q,0.09239959716796875,-0.1483135223388672,581,1874
gpt-j-6b-fp32,std_imp_asc,0.05,22,22,SAME-MORE,pair9,P,-0.13916015625,-0.159393310546875,27059,23663
gpt-j-6b-fp32,std_imp_asc,0.05,22,22,SAME-MORE,pair9,Q,-0.02579784393310547,-0.3225593566894531,1928,23663
gpt-j-6b-fp32,std_imp_asc,0.05,22,22,SAME-LESS,pair0,P,0.1447916030883789,0.3610057830810547,632,632
gpt-j-6b-fp32,std_imp_asc,0.05,22,22,SAME-LESS,pair0,Q,0.06430244445800781,0.4519357681274414,39733,39733
gpt-j-6b-fp32,std_imp_asc,0.05,22,22,SAME-LESS,pair1,P,0.12915802001953125,0.6846590042114258,27059,27059
gpt-j-6b-fp32,std_imp_asc,0.05,22,22,SAME-LESS,pair1,Q,0.05438709259033203,0.7429790496826172,19157,19157
gpt-j-6b-fp32,std_imp_asc,0.05,22,22,SAME-LESS,pair2,P,0.6111106872558594,1.8356237411499023,632,27059
gpt-j-6b-fp32,std_imp_asc,0.05,22,22,SAME-LESS,pair2,Q,0.22513866424560547,1.5993537902832031,632,632
gpt-j-6b-fp32,std_imp_asc,0.05,22,22,SAME-LESS,pair3,P,-0.1051797866821289,1.1320257186889648,27059,27059
gpt-j-6b-fp32,std_imp_asc,0.05,22,22,SAME-LESS,pair3,Q,0.07845211029052734,0.8991832733154297,632,632
gpt-j-6b-fp32,std_imp_asc,0.05,22,22,SAME-LESS,pair4,P,0.16161537170410156,1.650355339050293,27059,27059
gpt-j-6b-fp32,std_imp_asc,0.05,22,22,SAME-LESS,pair4,Q,0.04506492614746094,1.445225715637207,632,632
gpt-j-6b-fp32,std_imp_asc,0.05,22,22,SAME-LESS,pair5,P,-0.03899383544921875,1.4264020919799805,27059,27059
gpt-j-6b-fp32,std_imp_asc,0.05,22,22,SAME-LESS,pair5,Q,0.187713623046875,1.1297321319580078,632,632
gpt-j-6b-fp32,std_imp_asc,0.05,22,22,SAME-LESS,pair6,P,-0.0907144546508789,1.5809650421142578,27059,27059
gpt-j-6b-fp32,std_imp_asc,0.05,22,22,SAME-LESS,pair6,Q,0.07005596160888672,1.731328010559082,632,632
gpt-j-6b-fp32,std_imp_asc,0.05,22,22,SAME-LESS,pair7,P,0.08629894256591797,0.7727632522583008,632,632
gpt-j-6b-fp32,std_imp_asc,0.05,22,22,SAME-LESS,pair7,Q,0.21696090698242188,0.7305994033813477,632,632
gpt-j-6b-fp32,std_imp_asc,0.05,22,22,SAME-LESS,pair8,P,-0.035915374755859375,0.8436565399169922,581,1874
gpt-j-6b-fp32,std_imp_asc,0.05,22,22,SAME-LESS,pair8,Q,0.1264057159423828,0.5560064315795898,581,1874
gpt-j-6b-fp32,std_imp_asc,0.05,22,22,SAME-LESS,pair9,P,-0.1482219696044922,0.769312858581543,27059,23663
gpt-j-6b-fp32,std_imp_asc,0.05,22,22,SAME-LESS,pair9,Q,-0.05194282531738281,0.3195781707763672,1928,23663
gpt-j-6b-fp32,std_imp_asc,0.05,22,22,OPP-MORE,pair0,P,0.1054525375366211,0.09891986846923828,632,632
gpt-j-6b-fp32,std_imp_asc,0.05,22,22,OPP-MORE,pair0,Q,-0.022363662719726562,-0.27118587493896484,39733,39733
gpt-j-6b-fp32,std_imp_asc,0.05,22,22,OPP-MORE,pair1,P,-0.060626983642578125,-0.15864849090576172,27059,27059
gpt-j-6b-fp32,std_imp_asc,0.05,22,22,OPP-MORE,pair1,Q,-0.19443416595458984,-0.09654903411865234,19157,19157
gpt-j-6b-fp32,std_imp_asc,0.05,22,22,OPP-MORE,pair2,P,0.14220428466796875,0.20615768432617188,27059,27059
gpt-j-6b-fp32,std_imp_asc,0.05,22,22,OPP-MORE,pair2,Q,0.046683311462402344,0.11960792541503906,632,632
gpt-j-6b-fp32,std_imp_asc,0.05,22,22,OPP-MORE,pair3,P,-0.11509895324707031,-0.05676555633544922,27059,27059
gpt-j-6b-fp32,std_imp_asc,0.05,22,22,OPP-MORE,pair3,Q,-0.035086631774902344,-0.12713623046875,5930,5930
gpt-j-6b-fp32,std_imp_asc,0.05,22,22,OPP-MORE,pair4,P,-0.1250457763671875,0.35059642791748047,27059,27059
gpt-j-6b-fp32,std_imp_asc,0.05,22,22,OPP-MORE,pair4,Q,-0.08103466033935547,0.18349075317382812,632,632
gpt-j-6b-fp32,std_imp_asc,0.05,22,22,OPP-MORE,pair5,P,-0.13484859466552734,-0.033072471618652344,27059,27059
gpt-j-6b-fp32,std_imp_asc,0.05,22,22,OPP-MORE,pair5,Q,-0.06395626068115234,-0.034942626953125,632,19157
gpt-j-6b-fp32,std_imp_asc,0.05,22,22,OPP-MORE,pair6,P,-0.049884796142578125,0.0813751220703125,27059,27059
gpt-j-6b-fp32,std_imp_asc,0.05,22,22,OPP-MORE,pair6,Q,-0.011777877807617188,0.10565471649169922,632,632
gpt-j-6b-fp32,std_imp_asc,0.05,22,22,OPP-MORE,pair7,P,0.09591102600097656,0.05074596405029297,632,632
gpt-j-6b-fp32,std_imp_asc,0.05,22,22,OPP-MORE,pair7,Q,-0.019245147705078125,0.06414031982421875,632,632
gpt-j-6b-fp32,std_imp_asc,0.05,22,22,OPP-MORE,pair8,P,-0.12166690826416016,-0.16738033294677734,1874,1874
gpt-j-6b-fp32,std_imp_asc,0.05,22,22,OPP-MORE,pair8,Q,-0.15222644805908203,-0.10805225372314453,1874,1874
gpt-j-6b-fp32,std_imp_asc,0.05,22,22,OPP-MORE,pair9,P,-0.04045391082763672,0.06602001190185547,27059,23663
gpt-j-6b-fp32,std_imp_asc,0.05,22,22,OPP-MORE,pair9,Q,-0.0659780502319336,-0.06703948974609375,23663,23663
gpt-j-6b-fp32,std_imp_asc,0.05,22,22,OPP-LESS,pair0,P,0.0801239013671875,0.2072887420654297,632,632
gpt-j-6b-fp32,std_imp_asc,0.05,22,22,OPP-LESS,pair0,Q,-0.02298450469970703,0.25806331634521484,39733,39733
gpt-j-6b-fp32,std_imp_asc,0.05,22,22,OPP-LESS,pair1,P,-0.05060291290283203,0.5792465209960938,27059,27059
gpt-j-6b-fp32,std_imp_asc,0.05,22,22,OPP-LESS,pair1,Q,-0.16913604736328125,0.5441179275512695,19157,19157
gpt-j-6b-fp32,std_imp_asc,0.05,22,22,OPP-LESS,pair2,P,0.14174365997314453,1.7659797668457031,27059,27059
gpt-j-6b-fp32,std_imp_asc,0.05,22,22,OPP-LESS,pair2,Q,0.08454227447509766,1.534764289855957,632,632
gpt-j-6b-fp32,std_imp_asc,0.05,22,22,OPP-LESS,pair3,P,-0.1315450668334961,1.1129932403564453,27059,27059
gpt-j-6b-fp32,std_imp_asc,0.05,22,22,OPP-LESS,pair3,Q,-0.01290130615234375,0.8668966293334961,5930,5930
gpt-j-6b-fp32,std_imp_asc,0.05,22,22,OPP-LESS,pair4,P,-0.11743736267089844,1.5289936065673828,27059,27059
gpt-j-6b-fp32,std_imp_asc,0.05,22,22,OPP-LESS,pair4,Q,-0.04870796203613281,1.3314876556396484,632,632
gpt-j-6b-fp32,std_imp_asc,0.05,22,22,OPP-LESS,pair5,P,-0.13968372344970703,1.5364990234375,27059,27059
gpt-j-6b-fp32,std_imp_asc,0.05,22,22,OPP-LESS,pair5,Q,-0.04107189178466797,1.2535200119018555,632,19157
gpt-j-6b-fp32,std_imp_asc,0.05,22,22,OPP-LESS,pair6,P,-0.06296253204345703,1.0036287307739258,27059,27059
gpt-j-6b-fp32,std_imp_asc,0.05,22,22,OPP-LESS,pair6,Q,0.014322280883789062,1.2093467712402344,632,632
gpt-j-6b-fp32,std_imp_asc,0.05,22,22,OPP-LESS,pair7,P,0.1280651092529297,0.6650428771972656,632,632
gpt-j-6b-fp32,std_imp_asc,0.05,22,22,OPP-LESS,pair7,Q,-0.011324882507324219,0.5774898529052734,632,632
gpt-j-6b-fp32,std_imp_asc,0.05,22,22,OPP-LESS,pair8,P,-0.11438941955566406,0.9389514923095703,1874,1874
gpt-j-6b-fp32,std_imp_asc,0.05,22,22,OPP-LESS,pair8,Q,-0.11343002319335938,0.5811166763305664,1874,1874
gpt-j-6b-fp32,std_imp_asc,0.05,22,22,OPP-LESS,pair9,P,-0.0535888671875,0.7045116424560547,27059,23663
gpt-j-6b-fp32,std_imp_asc,0.05,22,22,OPP-LESS,pair9,Q,-0.05743408203125,0.4020814895629883,23663,23663
gpt-j-6b-fp32,std_imp_asc,0.05,22,22,MORE-LESS,pair0,P,-0.014471054077148438,0.0018138885498046875,10255,10255
gpt-j-6b-fp32,std_imp_asc,0.05,22,22,MORE-LESS,pair0,Q,0.0001964569091796875,-0.01875019073486328,10255,10255
gpt-j-6b-fp32,std_imp_asc,0.05,22,22,MORE-LESS,pair1,P,-0.017455101013183594,-0.03731060028076172,18605,18605
gpt-j-6b-fp32,std_imp_asc,0.05,22,22,MORE-LESS,pair1,Q,-0.007870674133300781,-0.038575172424316406,18605,18605
gpt-j-6b-fp32,std_imp_asc,0.05,22,22,MORE-LESS,pair2,P,-0.012271881103515625,-0.020833969116210938,8038,8038
gpt-j-6b-fp32,std_imp_asc,0.05,22,22,MORE-LESS,pair2,Q,-0.028947830200195312,-0.012357711791992188,8038,8038
gpt-j-6b-fp32,std_imp_asc,0.05,22,22,MORE-LESS,pair3,P,-0.01464080810546875,-0.010293960571289062,1234,1234
gpt-j-6b-fp32,std_imp_asc,0.05,22,22,MORE-LESS,pair3,Q,-0.011977195739746094,-0.02224254608154297,1234,1234
gpt-j-6b-fp32,std_imp_asc,0.05,22,22,MORE-LESS,pair4,P,-0.04620170593261719,-0.025650978088378906,23448,23448
gpt-j-6b-fp32,std_imp_asc,0.05,22,22,MORE-LESS,pair4,Q,-0.054798126220703125,-0.030663490295410156,23448,23448
gpt-j-6b-fp32,std_imp_asc,0.05,22,22,MORE-LESS,pair5,P,-0.0242462158203125,-0.0296173095703125,969,969
gpt-j-6b-fp32,std_imp_asc,0.05,22,22,MORE-LESS,pair5,Q,-0.009052276611328125,-0.040696144104003906,1426,1426
gpt-j-6b-fp32,std_imp_asc,0.05,22,22,MORE-LESS,pair6,P,-0.08264541625976562,-0.00604248046875,6514,6514
gpt-j-6b-fp32,std_imp_asc,0.05,22,22,MORE-LESS,pair6,Q,-0.07774066925048828,-0.009122848510742188,6514,6514
gpt-j-6b-fp32,std_imp_asc,0.05,22,22,MORE-LESS,pair7,P,-0.07315444946289062,0.04800128936767578,22111,22111
gpt-j-6b-fp32,std_imp_asc,0.05,22,22,MORE-LESS,pair7,Q,-0.06640625,0.044533729553222656,22111,22111
gpt-j-6b-fp32,std_imp_asc,0.05,22,22,MORE-LESS,pair8,P,0.05814647674560547,-0.048809051513671875,969,969
gpt-j-6b-fp32,std_imp_asc,0.05,22,22,MORE-LESS,pair8,Q,0.08100509643554688,-0.06251716613769531,969,969
gpt-j-6b-fp32,std_imp_asc,0.05,22,22,MORE-LESS,pair9,P,-0.09906291961669922,-0.05185222625732422,34439,34439
gpt-j-6b-fp32,std_imp_asc,0.05,22,22,MORE-LESS,pair9,Q,-0.0798044204711914,-0.06798744201660156,34439,34439
gpt-j-6b-fp32,std_imp_asc,0.07,31,31,SAME-OPP,pair0,P,0.086669921875,-0.039913177490234375,632,632
gpt-j-6b-fp32,std_imp_asc,0.07,31,31,SAME-OPP,pair0,Q,0.06771564483642578,0.047550201416015625,39733,39733
gpt-j-6b-fp32,std_imp_asc,0.07,31,31,SAME-OPP,pair1,P,0.04181671142578125,0.010035514831542969,27059,27059
gpt-j-6b-fp32,std_imp_asc,0.07,31,31,SAME-OPP,pair1,Q,0.03717231750488281,0.01859569549560547,19157,19157
gpt-j-6b-fp32,std_imp_asc,0.07,31,31,SAME-OPP,pair2,P,-0.024933815002441406,0.013438224792480469,632,632
gpt-j-6b-fp32,std_imp_asc,0.07,31,31,SAME-OPP,pair2,Q,0.02422332763671875,0.037357330322265625,632,632
gpt-j-6b-fp32,std_imp_asc,0.07,31,31,SAME-OPP,pair3,P,-0.014927864074707031,-0.012939453125,27059,27059
gpt-j-6b-fp32,std_imp_asc,0.07,31,31,SAME-OPP,pair3,Q,0.01806926727294922,0.007054328918457031,632,632
gpt-j-6b-fp32,std_imp_asc,0.07,31,31,SAME-OPP,pair4,P,0.03458690643310547,0.026819229125976562,27059,27059
gpt-j-6b-fp32,std_imp_asc,0.07,31,31,SAME-OPP,pair4,Q,0.05804920196533203,0.05229759216308594,632,632
gpt-j-6b-fp32,std_imp_asc,0.07,31,31,SAME-OPP,pair5,P,0.007124900817871094,-0.010318756103515625,27059,27059
gpt-j-6b-fp32,std_imp_asc,0.07,31,31,SAME-OPP,pair5,Q,0.014334678649902344,0.02792072296142578,632,632
gpt-j-6b-fp32,std_imp_asc,0.07,31,31,SAME-OPP,pair6,P,-0.005748748779296875,-0.03435325622558594,27059,27059
gpt-j-6b-fp32,std_imp_asc,0.07,31,31,SAME-OPP,pair6,Q,0.03278827667236328,-0.020049095153808594,632,632
gpt-j-6b-fp32,std_imp_asc,0.07,31,31,SAME-OPP,pair7,P,0.04466056823730469,0.07094287872314453,632,632
gpt-j-6b-fp32,std_imp_asc,0.07,31,31,SAME-OPP,pair7,Q,0.07097148895263672,0.0323486328125,632,632
gpt-j-6b-fp32,std_imp_asc,0.07,31,31,SAME-OPP,pair8,P,-0.07232475280761719,-0.022502899169921875,581,581
gpt-j-6b-fp32,std_imp_asc,0.07,31,31,SAME-OPP,pair8,Q,0.016760826110839844,0.038580894470214844,581,1874
gpt-j-6b-fp32,std_imp_asc,0.07,31,31,SAME-OPP,pair9,P,0.017229080200195312,-0.024013519287109375,27059,27059
gpt-j-6b-fp32,std_imp_asc,0.07,31,31,SAME-OPP,pair9,Q,0.023328781127929688,-0.0061130523681640625,1928,632
gpt-j-6b-fp32,std_imp_asc,0.07,31,31,SAME-MORE,pair0,P,0.3714256286621094,-1.003692626953125,632,632
gpt-j-6b-fp32,std_imp_asc,0.07,31,31,SAME-MORE,pair0,Q,0.1428966522216797,-0.2971458435058594,39733,39733
gpt-j-6b-fp32,std_imp_asc,0.07,31,31,SAME-MORE,pair1,P,0.49738216400146484,-0.15619564056396484,27059,27059
gpt-j-6b-fp32,std_imp_asc,0.07,31,31,SAME-MORE,pair1,Q,0.08928203582763672,0.2057514190673828,19157,19157
gpt-j-6b-fp32,std_imp_asc,0.07,31,31,SAME-MORE,pair2,P,0.9421215057373047,0.34903717041015625,632,27059
gpt-j-6b-fp32,std_imp_asc,0.07,31,31,SAME-MORE,pair2,Q,0.4075508117675781,0.7683506011962891,632,632
gpt-j-6b-fp32,std_imp_asc,0.07,31,31,SAME-MORE,pair3,P,0.2780742645263672,-0.25712013244628906,27059,27059
gpt-j-6b-fp32,std_imp_asc,0.07,31,31,SAME-MORE,pair3,Q,0.08800220489501953,-0.29465198516845703,632,632
gpt-j-6b-fp32,std_imp_asc,0.07,31,31,SAME-MORE,pair4,P,0.31798839569091797,0.7161836624145508,27059,27059
gpt-j-6b-fp32,std_imp_asc,0.07,31,31,SAME-MORE,pair4,Q,0.09475040435791016,0.49619388580322266,632,632
gpt-j-6b-fp32,std_imp_asc,0.07,31,31,SAME-MORE,pair5,P,0.17128372192382812,0.042365074157714844,27059,27059
gpt-j-6b-fp32,std_imp_asc,0.07,31,31,SAME-MORE,pair5,Q,0.21373558044433594,-0.2031240463256836,632,632
gpt-j-6b-fp32,std_imp_asc,0.07,31,31,SAME-MORE,pair6,P,0.02629566192626953,0.14191341400146484,27059,27059
gpt-j-6b-fp32,std_imp_asc,0.07,31,31,SAME-MORE,pair6,Q,-0.06200408935546875,0.3527679443359375,632,632
gpt-j-6b-fp32,std_imp_asc,0.07,31,31,SAME-MORE,pair7,P,0.2826213836669922,0.28823375701904297,632,632
gpt-j-6b-fp32,std_imp_asc,0.07,31,31,SAME-MORE,pair7,Q,0.27882862091064453,0.058312416076660156,632,632
gpt-j-6b-fp32,std_imp_asc,0.07,31,31,SAME-MORE,pair8,P,0.1549844741821289,-0.3812246322631836,581,1874
gpt-j-6b-fp32,std_imp_asc,0.07,31,31,SAME-MORE,pair8,Q,0.09528827667236328,-0.2962665557861328,581,1874
gpt-j-6b-fp32,std_imp_asc,0.07,31,31,SAME-MORE,pair9,P,0.010610580444335938,0.27356815338134766,27059,27059
gpt-j-6b-fp32,std_imp_asc,0.07,31,31,SAME-MORE,pair9,Q,0.014492988586425781,-0.04525947570800781,1928,23663
gpt-j-6b-fp32,std_imp_asc,0.07,31,31,SAME-LESS,pair0,P,0.28105735778808594,1.6441736221313477,632,632
gpt-j-6b-fp32,std_imp_asc,0.07,31,31,SAME-LESS,pair0,Q,0.10785579681396484,0.5504741668701172,39733,39733
gpt-j-6b-fp32,std_imp_asc,0.07,31,31,SAME-LESS,pair1,P,0.5082979202270508,1.1698722839355469,27059,27059
gpt-j-6b-fp32,std_imp_asc,0.07,31,31,SAME-LESS,pair1,Q,0.10748958587646484,0.7173004150390625,19157,19157
gpt-j-6b-fp32,std_imp_asc,0.07,31,31,SAME-LESS,pair2,P,0.9832944869995117,2.3203125,632,27059
gpt-j-6b-fp32,std_imp_asc,0.07,31,31,SAME-LESS,pair2,Q,0.4239358901977539,1.8779077529907227,632,632
gpt-j-6b-fp32,std_imp_asc,0.07,31,31,SAME-LESS,pair3,P,0.22429561614990234,1.671957015991211,27059,27059
gpt-j-6b-fp32,std_imp_asc,0.07,31,31,SAME-LESS,pair3,Q,0.09550857543945312,0.7867240905761719,632,632
gpt-j-6b-fp32,std_imp_asc,0.07,31,31,SAME-LESS,pair4,P,0.3227968215942383,1.3621273040771484,27059,27059
gpt-j-6b-fp32,std_imp_asc,0.07,31,31,SAME-LESS,pair4,Q,0.10160064697265625,1.2493410110473633,632,632
gpt-j-6b-fp32,std_imp_asc,0.07,31,31,SAME-LESS,pair5,P,0.13463211059570312,1.7219228744506836,27059,27059
gpt-j-6b-fp32,std_imp_asc,0.07,31,31,SAME-LESS,pair5,Q,0.22636985778808594,1.0485343933105469,632,632
gpt-j-6b-fp32,std_imp_asc,0.07,31,31,SAME-LESS,pair6,P,0.05290985107421875,1.5884637832641602,27059,27059
gpt-j-6b-fp32,std_imp_asc,0.07,31,31,SAME-LESS,pair6,Q,-0.014327049255371094,1.1263971328735352,632,632
gpt-j-6b-fp32,std_imp_asc,0.07,31,31,SAME-LESS,pair7,P,0.30040454864501953,0.9804563522338867,632,632
gpt-j-6b-fp32,std_imp_asc,0.07,31,31,SAME-LESS,pair7,Q,0.27541255950927734,0.9055662155151367,632,632
gpt-j-6b-fp32,std_imp_asc,0.07,31,31,SAME-LESS,pair8,P,0.17961692810058594,1.637838363647461,581,1874
gpt-j-6b-fp32,std_imp_asc,0.07,31,31,SAME-LESS,pair8,Q,0.13058185577392578,0.10895729064941406,581,1874
gpt-j-6b-fp32,std_imp_asc,0.07,31,31,SAME-LESS,pair9,P,0.006987571716308594,0.45221805572509766,27059,27059
gpt-j-6b-fp32,std_imp_asc,0.07,31,31,SAME-LESS,pair9,Q,-0.007195472717285156,0.20219135284423828,1928,23663
gpt-j-6b-fp32,std_imp_asc,0.07,31,31,OPP-MORE,pair0,P,-0.29628944396972656,-0.5116653442382812,632,632
gpt-j-6b-fp32,std_imp_asc,0.07,31,31,OPP-MORE,pair0,Q,0.007336616516113281,0.0691976547241211,39733,39733
gpt-j-6b-fp32,std_imp_asc,0.07,31,31,OPP-MORE,pair1,P,-0.06672286987304688,-0.059090614318847656,27059,27059
gpt-j-6b-fp32,std_imp_asc,0.07,31,31,OPP-MORE,pair1,Q,-0.16839981079101562,0.32532787322998047,19157,19157
gpt-j-6b-fp32,std_imp_asc,0.07,31,31,OPP-MORE,pair2,P,0.03765296936035156,0.3831748962402344,27059,27059
gpt-j-6b-fp32,std_imp_asc,0.07,31,31,OPP-MORE,pair2,Q,0.1780376434326172,0.8375329971313477,632,632
gpt-j-6b-fp32,std_imp_asc,0.07,31,31,OPP-MORE,pair3,P,-0.4707164764404297,-0.20696067810058594,27059,27059
gpt-j-6b-fp32,std_imp_asc,0.07,31,31,OPP-MORE,pair3,Q,-0.094146728515625,-0.22638511657714844,5930,632
gpt-j-6b-fp32,std_imp_asc,0.07,31,31,OPP-MORE,pair4,P,-0.3416566848754883,0.8983154296875,27059,27059
gpt-j-6b-fp32,std_imp_asc,0.07,31,31,OPP-MORE,pair4,Q,-0.06011962890625,0.7306880950927734,632,632
gpt-j-6b-fp32,std_imp_asc,0.07,31,31,OPP-MORE,pair5,P,-0.3953733444213867,0.20337200164794922,27059,27059
gpt-j-6b-fp32,std_imp_asc,0.07,31,31,OPP-MORE,pair5,Q,-0.09847831726074219,-0.04314994812011719,632,19157
gpt-j-6b-fp32,std_imp_asc,0.07,31,31,OPP-MORE,pair6,P,-0.12086296081542969,0.28780174255371094,27059,27059
gpt-j-6b-fp32,std_imp_asc,0.07,31,31,OPP-MORE,pair6,Q,-0.04518413543701172,0.4635772705078125,632,13727
gpt-j-6b-fp32,std_imp_asc,0.07,31,31,OPP-MORE,pair7,P,0.1374368667602539,0.32491493225097656,632,632
gpt-j-6b-fp32,std_imp_asc,0.07,31,31,OPP-MORE,pair7,Q,-0.027716636657714844,0.12160968780517578,632,632
gpt-j-6b-fp32,std_imp_asc,0.07,31,31,OPP-MORE,pair8,P,-0.5281553268432617,-0.2857961654663086,1874,27059
gpt-j-6b-fp32,std_imp_asc,0.07,31,31,OPP-MORE,pair8,Q,-0.21116256713867188,-0.2527914047241211,1874,19157
gpt-j-6b-fp32,std_imp_asc,0.07,31,31,OPP-MORE,pair9,P,-0.32802295684814453,0.6500034332275391,27059,27059
gpt-j-6b-fp32,std_imp_asc,0.07,31,31,OPP-MORE,pair9,Q,-0.029296875,0.26093006134033203,23663,23663
gpt-j-6b-fp32,std_imp_asc,0.07,31,31,OPP-LESS,pair0,P,-0.32616329193115234,1.3317699432373047,632,632
gpt-j-6b-fp32,std_imp_asc,0.07,31,31,OPP-LESS,pair0,Q,0.0025701522827148438,0.16533851623535156,39733,39733
gpt-j-6b-fp32,std_imp_asc,0.07,31,31,OPP-LESS,pair1,P,-0.04809379577636719,1.0260744094848633,27059,27059
gpt-j-6b-fp32,std_imp_asc,0.07,31,31,OPP-LESS,pair1,Q,-0.1441974639892578,0.6563863754272461,19157,19157
gpt-j-6b-fp32,std_imp_asc,0.07,31,31,OPP-LESS,pair2,P,0.0694875717163086,2.1626529693603516,27059,27059
gpt-j-6b-fp32,std_imp_asc,0.07,31,31,OPP-LESS,pair2,Q,0.22252559661865234,1.8093299865722656,632,19157
gpt-j-6b-fp32,std_imp_asc,0.07,31,31,OPP-LESS,pair3,P,-0.4966297149658203,1.6698989868164062,27059,27059
gpt-j-6b-fp32,std_imp_asc,0.07,31,31,OPP-LESS,pair3,Q,-0.07828235626220703,0.7281074523925781,5930,632
gpt-j-6b-fp32,std_imp_asc,0.07,31,31,OPP-LESS,pair4,P,-0.3313941955566406,1.2985010147094727,27059,27059
gpt-j-6b-fp32,std_imp_asc,0.07,31,31,OPP-LESS,pair4,Q,-0.037093162536621094,1.205108642578125,632,632
gpt-j-6b-fp32,std_imp_asc,0.07,31,31,OPP-LESS,pair5,P,-0.4145851135253906,1.904348373413086,27059,27059
gpt-j-6b-fp32,std_imp_asc,0.07,31,31,OPP-LESS,pair5,Q,-0.08600711822509766,1.249399185180664,632,19157
gpt-j-6b-fp32,std_imp_asc,0.07,31,31,OPP-LESS,pair6,P,-0.14299678802490234,0.9114236831665039,27059,27059
gpt-j-6b-fp32,std_imp_asc,0.07,31,31,OPP-LESS,pair6,Q,-0.021239280700683594,0.5415878295898438,632,13727
gpt-j-6b-fp32,std_imp_asc,0.07,31,31,OPP-LESS,pair7,P,0.16180038452148438,0.8405828475952148,632,632
gpt-j-6b-fp32,std_imp_asc,0.07,31,31,OPP-LESS,pair7,Q,-0.018518447875976562,0.7308502197265625,632,632
gpt-j-6b-fp32,std_imp_asc,0.07,31,31,OPP-LESS,pair8,P,-0.5147686004638672,1.8500661849975586,1874,27059
gpt-j-6b-fp32,std_imp_asc,0.07,31,31,OPP-LESS,pair8,Q,-0.1697254180908203,0.31650257110595703,1874,19157
gpt-j-6b-fp32,std_imp_asc,0.07,31,31,OPP-LESS,pair9,P,-0.34113597869873047,0.4937591552734375,27059,27059
gpt-j-6b-fp32,std_imp_asc,0.07,31,31,OPP-LESS,pair9,Q,-0.026178359985351562,0.4048347473144531,23663,23663
gpt-j-6b-fp32,std_imp_asc,0.07,31,31,MORE-LESS,pair0,P,-0.03669929504394531,-0.003887176513671875,10255,10255
gpt-j-6b-fp32,std_imp_asc,0.07,31,31,MORE-LESS,pair0,Q,-0.012460708618164062,-0.034119606018066406,10255,10255
gpt-j-6b-fp32,std_imp_asc,0.07,31,31,MORE-LESS,pair1,P,0.001293182373046875,-0.006434440612792969,18605,18605
gpt-j-6b-fp32,std_imp_asc,0.07,31,31,MORE-LESS,pair1,Q,0.02167510986328125,-0.00542449951171875,18605,18605
gpt-j-6b-fp32,std_imp_asc,0.07,31,31,MORE-LESS,pair2,P,0.13009262084960938,-0.01012420654296875,8038,8038
gpt-j-6b-fp32,std_imp_asc,0.07,31,31,MORE-LESS,pair2,Q,0.12642955780029297,-0.025191307067871094,8038,8038
gpt-j-6b-fp32,std_imp_asc,0.07,31,31,MORE-LESS,pair3,P,-0.0011186599731445312,-0.08452987670898438,1234,1234
gpt-j-6b-fp32,std_imp_asc,0.07,31,31,MORE-LESS,pair3,Q,0.0024013519287109375,-0.08544635772705078,1234,1234
gpt-j-6b-fp32,std_imp_asc,0.07,31,31,MORE-LESS,pair4,P,0.056603431701660156,-0.02671527862548828,23448,23448
gpt-j-6b-fp32,std_imp_asc,0.07,31,31,MORE-LESS,pair4,Q,0.024976730346679688,-0.028093338012695312,23448,23448
gpt-j-6b-fp32,std_imp_asc,0.07,31,31,MORE-LESS,pair5,P,-0.04195976257324219,-0.03327178955078125,969,969
gpt-j-6b-fp32,std_imp_asc,0.07,31,31,MORE-LESS,pair5,Q,-0.03488922119140625,-0.021562576293945312,1426,1426
gpt-j-6b-fp32,std_imp_asc,0.07,31,31,MORE-LESS,pair6,P,-0.10029315948486328,-0.04296398162841797,6514,6514
gpt-j-6b-fp32,std_imp_asc,0.07,31,31,MORE-LESS,pair6,Q,-0.10142707824707031,-0.027634620666503906,6514,6514
gpt-j-6b-fp32,std_imp_asc,0.07,31,31,MORE-LESS,pair7,P,-0.06716632843017578,0.037566184997558594,22111,22111
gpt-j-6b-fp32,std_imp_asc,0.07,31,31,MORE-LESS,pair7,Q,-0.05510425567626953,0.0420684814453125,22111,22111
gpt-j-6b-fp32,std_imp_asc,0.07,31,31,MORE-LESS,pair8,P,0.06753063201904297,-0.14205455780029297,969,969
gpt-j-6b-fp32,std_imp_asc,0.07,31,31,MORE-LESS,pair8,Q,0.0927591323852539,-0.13758087158203125,969,969
gpt-j-6b-fp32,std_imp_asc,0.07,31,31,MORE-LESS,pair9,P,-0.03865528106689453,-0.05323982238769531,34439,34439
gpt-j-6b-fp32,std_imp_asc,0.07,31,31,MORE-LESS,pair9,Q,-0.018652915954589844,-0.05932140350341797,34439,34439
gpt-j-6b-fp32,std_imp_asc,0.1,44,44,SAME-OPP,pair0,P,0.11076068878173828,-0.042344093322753906,632,632
gpt-j-6b-fp32,std_imp_asc,0.1,44,44,SAME-OPP,pair0,Q,0.07362747192382812,0.047707557678222656,39733,39733
gpt-j-6b-fp32,std_imp_asc,0.1,44,44,SAME-OPP,pair1,P,0.04668235778808594,0.02307415008544922,27059,27059
gpt-j-6b-fp32,std_imp_asc,0.1,44,44,SAME-OPP,pair1,Q,0.04974555969238281,0.0167694091796875,19157,19157
gpt-j-6b-fp32,std_imp_asc,0.1,44,44,SAME-OPP,pair2,P,-0.026360511779785156,0.032830238342285156,632,632
gpt-j-6b-fp32,std_imp_asc,0.1,44,44,SAME-OPP,pair2,Q,0.04535865783691406,0.04487037658691406,632,632
gpt-j-6b-fp32,std_imp_asc,0.1,44,44,SAME-OPP,pair3,P,-0.01761150360107422,-0.018743515014648438,27059,27059
gpt-j-6b-fp32,std_imp_asc,0.1,44,44,SAME-OPP,pair3,Q,0.027801513671875,0.0073833465576171875,632,632
gpt-j-6b-fp32,std_imp_asc,0.1,44,44,SAME-OPP,pair4,P,0.035243988037109375,0.0245361328125,27059,27059
gpt-j-6b-fp32,std_imp_asc,0.1,44,44,SAME-OPP,pair4,Q,0.0665597915649414,0.05234336853027344,632,632
gpt-j-6b-fp32,std_imp_asc,0.1,44,44,SAME-OPP,pair5,P,-0.012027740478515625,-0.0031061172485351562,27059,27059
gpt-j-6b-fp32,std_imp_asc,0.1,44,44,SAME-OPP,pair5,Q,0.033492088317871094,0.024847984313964844,632,632
gpt-j-6b-fp32,std_imp_asc,0.1,44,44,SAME-OPP,pair6,P,-0.009377479553222656,-0.03688240051269531,27059,27059
gpt-j-6b-fp32,std_imp_asc,0.1,44,44,SAME-OPP,pair6,Q,0.055159568786621094,-0.02570056915283203,632,632
gpt-j-6b-fp32,std_imp_asc,0.1,44,44,SAME-OPP,pair7,P,0.03616046905517578,0.067535400390625,632,632
gpt-j-6b-fp32,std_imp_asc,0.1,44,44,SAME-OPP,pair7,Q,0.09072113037109375,0.03212547302246094,632,632
gpt-j-6b-fp32,std_imp_asc,0.1,44,44,SAME-OPP,pair8,P,-0.09523391723632812,-0.01715087890625,581,581
gpt-j-6b-fp32,std_imp_asc,0.1,44,44,SAME-OPP,pair8,Q,0.0374298095703125,0.04532814025878906,581,1874
gpt-j-6b-fp32,std_imp_asc,0.1,44,44,SAME-OPP,pair9,P,0.02520751953125,-0.012089729309082031,27059,27059
gpt-j-6b-fp32,std_imp_asc,0.1,44,44,SAME-OPP,pair9,Q,0.04263591766357422,-0.0022478103637695312,1928,632
gpt-j-6b-fp32,std_imp_asc,0.1,44,44,SAME-MORE,pair0,P,0.3555421829223633,-0.3868074417114258,632,632
gpt-j-6b-fp32,std_imp_asc,0.1,44,44,SAME-MORE,pair0,Q,0.037207603454589844,-0.10869216918945312,39733,39733
gpt-j-6b-fp32,std_imp_asc,0.1,44,44,SAME-MORE,pair1,P,0.4501066207885742,-0.17295551300048828,27059,27059
gpt-j-6b-fp32,std_imp_asc,0.1,44,44,SAME-MORE,pair1,Q,-0.06174945831298828,0.15410995483398438,19157,18605
gpt-j-6b-fp32,std_imp_asc,0.1,44,44,SAME-MORE,pair2,P,0.7627954483032227,0.5312938690185547,632,27059
gpt-j-6b-fp32,std_imp_asc,0.1,44,44,SAME-MORE,pair2,Q,0.2642784118652344,0.980891227722168,632,632
gpt-j-6b-fp32,std_imp_asc,0.1,44,44,SAME-MORE,pair3,P,0.10868644714355469,-0.20299625396728516,27059,27059
gpt-j-6b-fp32,std_imp_asc,0.1,44,44,SAME-MORE,pair3,Q,0.032662391662597656,-0.3293113708496094,632,632
gpt-j-6b-fp32,std_imp_asc,0.1,44,44,SAME-MORE,pair4,P,0.23682308197021484,0.8525962829589844,27059,27059
gpt-j-6b-fp32,std_imp_asc,0.1,44,44,SAME-MORE,pair4,Q,-0.07271003723144531,0.6090717315673828,632,632
gpt-j-6b-fp32,std_imp_asc,0.1,44,44,SAME-MORE,pair5,P,-0.0010519027709960938,0.21188068389892578,27059,27059
gpt-j-6b-fp32,std_imp_asc,0.1,44,44,SAME-MORE,pair5,Q,0.14875411987304688,-0.17287445068359375,632,632
gpt-j-6b-fp32,std_imp_asc,0.1,44,44,SAME-MORE,pair6,P,-0.05364418029785156,0.2592744827270508,27059,27059
gpt-j-6b-fp32,std_imp_asc,0.1,44,44,SAME-MORE,pair6,Q,-0.21379470825195312,0.2443246841430664,632,632
gpt-j-6b-fp32,std_imp_asc,0.1,44,44,SAME-MORE,pair7,P,0.18488311767578125,0.4797325134277344,632,632
gpt-j-6b-fp32,std_imp_asc,0.1,44,44,SAME-MORE,pair7,Q,0.1747283935546875,0.12123966217041016,632,632
gpt-j-6b-fp32,std_imp_asc,0.1,44,44,SAME-MORE,pair8,P,-0.014708518981933594,-0.22150897979736328,581,1874
gpt-j-6b-fp32,std_imp_asc,0.1,44,44,SAME-MORE,pair8,Q,0.07217025756835938,-0.4185161590576172,581,1874
gpt-j-6b-fp32,std_imp_asc,0.1,44,44,SAME-MORE,pair9,P,-0.08418941497802734,0.3645668029785156,27059,23663
gpt-j-6b-fp32,std_imp_asc,0.1,44,44,SAME-MORE,pair9,Q,-0.08826828002929688,-0.042011260986328125,1928,23663
gpt-j-6b-fp32,std_imp_asc,0.1,44,44,SAME-LESS,pair0,P,0.26238059997558594,1.8041391372680664,632,632
gpt-j-6b-fp32,std_imp_asc,0.1,44,44,SAME-LESS,pair0,Q,0.01794910430908203,0.6654691696166992,39733,39733
gpt-j-6b-fp32,std_imp_asc,0.1,44,44,SAME-LESS,pair1,P,0.4540977478027344,1.5326347351074219,27059,27059
gpt-j-6b-fp32,std_imp_asc,0.1,44,44,SAME-LESS,pair1,Q,-0.031693458557128906,0.9173069000244141,19157,18605
gpt-j-6b-fp32,std_imp_asc,0.1,44,44,SAME-LESS,pair2,P,0.8101348876953125,2.7317895889282227,632,27059
gpt-j-6b-fp32,std_imp_asc,0.1,44,44,SAME-LESS,pair2,Q,0.29340362548828125,2.3626346588134766,632,632
gpt-j-6b-fp32,std_imp_asc,0.1,44,44,SAME-LESS,pair3,P,0.05356311798095703,2.7169418334960938,27059,27059
gpt-j-6b-fp32,std_imp_asc,0.1,44,44,SAME-LESS,pair3,Q,0.04282379150390625,1.892660140991211,632,632
gpt-j-6b-fp32,std_imp_asc,0.1,44,44,SAME-LESS,pair4,P,0.2608041763305664,1.5571260452270508,27059,27059
gpt-j-6b-fp32,std_imp_asc,0.1,44,44,SAME-LESS,pair4,Q,-0.055736541748046875,1.350956916809082,632,10797
gpt-j-6b-fp32,std_imp_asc,0.1,44,44,SAME-LESS,pair5,P,-0.036208152770996094,2.654094696044922,27059,27059
gpt-j-6b-fp32,std_imp_asc,0.1,44,44,SAME-LESS,pair5,Q,0.17383193969726562,2.115818977355957,632,632
gpt-j-6b-fp32,std_imp_asc,0.1,44,44,SAME-LESS,pair6,P,-0.0399932861328125,2.0743064880371094,27059,27059
gpt-j-6b-fp32,std_imp_asc,0.1,44,44,SAME-LESS,pair6,Q,-0.15911483764648438,1.476165771484375,632,632
gpt-j-6b-fp32,std_imp_asc,0.1,44,44,SAME-LESS,pair7,P,0.20618343353271484,1.128321647644043,632,632
gpt-j-6b-fp32,std_imp_asc,0.1,44,44,SAME-LESS,pair7,Q,0.1802530288696289,0.9923553466796875,632,632
gpt-j-6b-fp32,std_imp_asc,0.1,44,44,SAME-LESS,pair8,P,0.0019311904907226562,2.1526126861572266,581,1874
gpt-j-6b-fp32,std_imp_asc,0.1,44,44,SAME-LESS,pair8,Q,0.11855697631835938,0.7979602813720703,581,581
gpt-j-6b-fp32,std_imp_asc,0.1,44,44,SAME-LESS,pair9,P,-0.0962076187133789,1.0274763107299805,27059,23663
gpt-j-6b-fp32,std_imp_asc,0.1,44,44,SAME-LESS,pair9,Q,-0.10538578033447266,0.6519966125488281,1928,23663
gpt-j-6b-fp32,std_imp_asc,0.1,44,44,OPP-MORE,pair0,P,-0.3661355972290039,0.03959941864013672,632,632
gpt-j-6b-fp32,std_imp_asc,0.1,44,44,OPP-MORE,pair0,Q,0.009839057922363281,0.29828357696533203,39733,39733
gpt-j-6b-fp32,std_imp_asc,0.1,44,44,OPP-MORE,pair1,P,-0.22597312927246094,-0.08994579315185547,27059,27059
gpt-j-6b-fp32,std_imp_asc,0.1,44,44,OPP-MORE,pair1,Q,-0.2047128677368164,0.24628829956054688,19157,18605
gpt-j-6b-fp32,std_imp_asc,0.1,44,44,OPP-MORE,pair2,P,-0.0715951919555664,0.5726432800292969,27059,27059
gpt-j-6b-fp32,std_imp_asc,0.1,44,44,OPP-MORE,pair2,Q,0.06624603271484375,1.0275020599365234,632,632
gpt-j-6b-fp32,std_imp_asc,0.1,44,44,OPP-MORE,pair3,P,-0.61572265625,-0.1073770523071289,27059,27059
gpt-j-6b-fp32,std_imp_asc,0.1,44,44,OPP-MORE,pair3,Q,-0.12857532501220703,-0.20957183837890625,5930,5930
gpt-j-6b-fp32,std_imp_asc,0.1,44,44,OPP-MORE,pair4,P,-0.5442066192626953,1.0270118713378906,27059,27059
gpt-j-6b-fp32,std_imp_asc,0.1,44,44,OPP-MORE,pair4,Q,-0.13225555419921875,0.8480968475341797,632,10797
gpt-j-6b-fp32,std_imp_asc,0.1,44,44,OPP-MORE,pair5,P,-0.5676717758178711,0.35738086700439453,27059,27059
gpt-j-6b-fp32,std_imp_asc,0.1,44,44,OPP-MORE,pair5,Q,-0.1580638885498047,-0.016989707946777344,632,19157
gpt-j-6b-fp32,std_imp_asc,0.1,44,44,OPP-MORE,pair6,P,-0.16402339935302734,0.4304838180541992,27059,27059
gpt-j-6b-fp32,std_imp_asc,0.1,44,44,OPP-MORE,pair6,Q,-0.06686878204345703,0.39945125579833984,632,13727
gpt-j-6b-fp32,std_imp_asc,0.1,44,44,OPP-MORE,pair7,P,-0.04282093048095703,0.4989461898803711,632,632
gpt-j-6b-fp32,std_imp_asc,0.1,44,44,OPP-MORE,pair7,Q,-0.043071746826171875,0.19435787200927734,632,632
gpt-j-6b-fp32,std_imp_asc,0.1,44,44,OPP-MORE,pair8,P,-0.6910591125488281,-0.039078712463378906,1874,1874
gpt-j-6b-fp32,std_imp_asc,0.1,44,44,OPP-MORE,pair8,Q,-0.25715065002441406,-0.26828479766845703,1874,1874
gpt-j-6b-fp32,std_imp_asc,0.1,44,44,OPP-MORE,pair9,P,-0.40368175506591797,0.72576904296875,27059,23663
gpt-j-6b-fp32,std_imp_asc,0.1,44,44,OPP-MORE,pair9,Q,-0.0693206787109375,0.25434017181396484,23663,23663
gpt-j-6b-fp32,std_imp_asc,0.1,44,44,OPP-LESS,pair0,P,-0.3880167007446289,1.4778003692626953,632,632
gpt-j-6b-fp32,std_imp_asc,0.1,44,44,OPP-LESS,pair0,Q,0.018392562866210938,0.282073974609375,39733,39733
gpt-j-6b-fp32,std_imp_asc,0.1,44,44,OPP-LESS,pair1,P,-0.20524120330810547,1.3302888870239258,27059,27059
gpt-j-6b-fp32,std_imp_asc,0.1,44,44,OPP-LESS,pair1,Q,-0.1766796112060547,0.8411693572998047,19157,18605
gpt-j-6b-fp32,std_imp_asc,0.1,44,44,OPP-LESS,pair2,P,-0.0439605712890625,2.5369482040405273,27059,27059
gpt-j-6b-fp32,std_imp_asc,0.1,44,44,OPP-LESS,pair2,Q,0.12792682647705078,2.2255420684814453,632,632
gpt-j-6b-fp32,std_imp_asc,0.1,44,44,OPP-LESS,pair3,P,-0.6418018341064453,2.467038154602051,27059,27059
gpt-j-6b-fp32,std_imp_asc,0.1,44,44,OPP-LESS,pair3,Q,-0.10629749298095703,1.6543388366699219,5930,5930
gpt-j-6b-fp32,std_imp_asc,0.1,44,44,OPP-LESS,pair4,P,-0.5315036773681641,1.497725486755371,27059,27059
gpt-j-6b-fp32,std_imp_asc,0.1,44,44,OPP-LESS,pair4,Q,-0.1009817123413086,1.3039531707763672,632,10797
gpt-j-6b-fp32,std_imp_asc,0.1,44,44,OPP-LESS,pair5,P,-0.5824060440063477,2.632796287536621,27059,27059
gpt-j-6b-fp32,std_imp_asc,0.1,44,44,OPP-LESS,pair5,Q,-0.13920974731445312,2.2700271606445312,632,19157
gpt-j-6b-fp32,std_imp_asc,0.1,44,44,OPP-LESS,pair6,P,-0.18960285186767578,1.2747907638549805,27059,27059
gpt-j-6b-fp32,std_imp_asc,0.1,44,44,OPP-LESS,pair6,Q,-0.041159629821777344,0.8094825744628906,632,13727
gpt-j-6b-fp32,std_imp_asc,0.1,44,44,OPP-LESS,pair7,P,0.00026988983154296875,0.9726991653442383,632,632
gpt-j-6b-fp32,std_imp_asc,0.1,44,44,OPP-LESS,pair7,Q,-0.024175643920898438,0.8138322830200195,632,632
gpt-j-6b-fp32,std_imp_asc,0.1,44,44,OPP-LESS,pair8,P,-0.6778020858764648,2.1618480682373047,1874,1874
gpt-j-6b-fp32,std_imp_asc,0.1,44,44,OPP-LESS,pair8,Q,-0.20618057250976562,0.8375673294067383,1874,19157
gpt-j-6b-fp32,std_imp_asc,0.1,44,44,OPP-LESS,pair9,P,-0.4102344512939453,1.0145196914672852,27059,23663
gpt-j-6b-fp32,std_imp_asc,0.1,44,44,OPP-LESS,pair9,Q,-0.05674171447753906,0.8275508880615234,23663,23663
gpt-j-6b-fp32,std_imp_asc,0.1,44,44,MORE-LESS,pair0,P,-0.016439437866210938,0.012843132019042969,10255,10255
gpt-j-6b-fp32,std_imp_asc,0.1,44,44,MORE-LESS,pair0,Q,0.018854141235351562,-0.029458045959472656,10255,10255
gpt-j-6b-fp32,std_imp_asc,0.1,44,44,MORE-LESS,pair1,P,0.010439872741699219,-0.020341873168945312,18605,18605
gpt-j-6b-fp32,std_imp_asc,0.1,44,44,MORE-LESS,pair1,Q,0.03407859802246094,-0.009542465209960938,18605,18605
gpt-j-6b-fp32,std_imp_asc,0.1,44,44,MORE-LESS,pair2,P,0.11082935333251953,-0.0494384765625,8038,8038
gpt-j-6b-fp32,std_imp_asc,0.1,44,44,MORE-LESS,pair2,Q,0.1090250015258789,-0.058284759521484375,8038,8038
gpt-j-6b-fp32,std_imp_asc,0.1,44,44,MORE-LESS,pair3,P,0.03076934814453125,-0.06175041198730469,1234,1234
gpt-j-6b-fp32,std_imp_asc,0.1,44,44,MORE-LESS,pair3,Q,0.009908676147460938,-0.06040477752685547,1234,1234
gpt-j-6b-fp32,std_imp_asc,0.1,44,44,MORE-LESS,pair4,P,0.09274578094482422,-0.053854942321777344,23448,23448
gpt-j-6b-fp32,std_imp_asc,0.1,44,44,MORE-LESS,pair4,Q,0.06855487823486328,-0.050133705139160156,23448,23448
gpt-j-6b-fp32,std_imp_asc,0.1,44,44,MORE-LESS,pair5,P,-0.016693115234375,0.011832237243652344,969,969
gpt-j-6b-fp32,std_imp_asc,0.1,44,44,MORE-LESS,pair5,Q,-0.0042667388916015625,0.015817642211914062,1426,1426
gpt-j-6b-fp32,std_imp_asc,0.1,44,44,MORE-LESS,pair6,P,-0.12306499481201172,-0.04261589050292969,6514,6514
gpt-j-6b-fp32,std_imp_asc,0.1,44,44,MORE-LESS,pair6,Q,-0.11374092102050781,-0.024598121643066406,6514,6514
gpt-j-6b-fp32,std_imp_asc,0.1,44,44,MORE-LESS,pair7,P,-0.035907745361328125,0.031057357788085938,22111,22111
gpt-j-6b-fp32,std_imp_asc,0.1,44,44,MORE-LESS,pair7,Q,-0.027477264404296875,0.03498268127441406,22111,22111
gpt-j-6b-fp32,std_imp_asc,0.1,44,44,MORE-LESS,pair8,P,0.04556083679199219,-0.0628824234008789,969,969
gpt-j-6b-fp32,std_imp_asc,0.1,44,44,MORE-LESS,pair8,Q,0.08318805694580078,-0.0691823959350586,969,969
gpt-j-6b-fp32,std_imp_asc,0.1,44,44,MORE-LESS,pair9,P,-0.042191505432128906,-0.061862945556640625,34439,34439
gpt-j-6b-fp32,std_imp_asc,0.1,44,44,MORE-LESS,pair9,Q,-0.022035598754882812,-0.07338142395019531,34439,34439
gpt-j-6b-fp32,std_imp_asc,0.12,53,53,SAME-OPP,pair0,P,0.1103057861328125,-0.043341636657714844,632,632
gpt-j-6b-fp32,std_imp_asc,0.12,53,53,SAME-OPP,pair0,Q,0.07204246520996094,0.052435874938964844,39733,39733
gpt-j-6b-fp32,std_imp_asc,0.12,53,53,SAME-OPP,pair1,P,0.046118736267089844,0.01692676544189453,27059,27059
gpt-j-6b-fp32,std_imp_asc,0.12,53,53,SAME-OPP,pair1,Q,0.04807472229003906,0.015630722045898438,19157,19157
gpt-j-6b-fp32,std_imp_asc,0.12,53,53,SAME-OPP,pair2,P,-0.02350330352783203,0.04652881622314453,632,632
gpt-j-6b-fp32,std_imp_asc,0.12,53,53,SAME-OPP,pair2,Q,0.050139427185058594,0.04390239715576172,632,632
gpt-j-6b-fp32,std_imp_asc,0.12,53,53,SAME-OPP,pair3,P,-0.01662731170654297,-0.01656055450439453,27059,27059
gpt-j-6b-fp32,std_imp_asc,0.12,53,53,SAME-OPP,pair3,Q,0.031775474548339844,0.012136459350585938,632,632
gpt-j-6b-fp32,std_imp_asc,0.12,53,53,SAME-OPP,pair4,P,0.04611778259277344,0.03180885314941406,27059,27059
gpt-j-6b-fp32,std_imp_asc,0.12,53,53,SAME-OPP,pair4,Q,0.061855316162109375,0.049530029296875,632,632
gpt-j-6b-fp32,std_imp_asc,0.12,53,53,SAME-OPP,pair5,P,-0.01636505126953125,-0.001728057861328125,27059,27059
gpt-j-6b-fp32,std_imp_asc,0.12,53,53,SAME-OPP,pair5,Q,0.037667274475097656,0.026556015014648438,632,632
gpt-j-6b-fp32,std_imp_asc,0.12,53,53,SAME-OPP,pair6,P,-0.0067424774169921875,-0.03337574005126953,27059,27059
gpt-j-6b-fp32,std_imp_asc,0.12,53,53,SAME-OPP,pair6,Q,0.04685211181640625,-0.03393840789794922,632,632
gpt-j-6b-fp32,std_imp_asc,0.12,53,53,SAME-OPP,pair7,P,0.03204345703125,0.06638526916503906,632,632
gpt-j-6b-fp32,std_imp_asc,0.12,53,53,SAME-OPP,pair7,Q,0.08279895782470703,0.023771286010742188,632,632
gpt-j-6b-fp32,std_imp_asc,0.12,53,53,SAME-OPP,pair8,P,-0.08351993560791016,0.0021257400512695312,581,581
gpt-j-6b-fp32,std_imp_asc,0.12,53,53,SAME-OPP,pair8,Q,0.05231285095214844,0.05547904968261719,581,1874
gpt-j-6b-fp32,std_imp_asc,0.12,53,53,SAME-OPP,pair9,P,0.02410602569580078,-0.0043506622314453125,27059,27059
gpt-j-6b-fp32,std_imp_asc,0.12,53,53,SAME-OPP,pair9,Q,0.0382232666015625,-0.008318901062011719,1928,23663
gpt-j-6b-fp32,std_imp_asc,0.12,53,53,SAME-MORE,pair0,P,0.32546043395996094,-0.09535884857177734,632,632
gpt-j-6b-fp32,std_imp_asc,0.12,53,53,SAME-MORE,pair0,Q,-0.06529998779296875,-0.2314777374267578,39733,39733
gpt-j-6b-fp32,std_imp_asc,0.12,53,53,SAME-MORE,pair1,P,0.3670473098754883,-0.16182708740234375,27059,27059
gpt-j-6b-fp32,std_imp_asc,0.12,53,53,SAME-MORE,pair1,Q,-0.18719196319580078,0.21045207977294922,19157,18605
gpt-j-6b-fp32,std_imp_asc,0.12,53,53,SAME-MORE,pair2,P,0.7198371887207031,0.6305809020996094,632,27059
gpt-j-6b-fp32,std_imp_asc,0.12,53,53,SAME-MORE,pair2,Q,0.13286495208740234,0.97198486328125,632,632
gpt-j-6b-fp32,std_imp_asc,0.12,53,53,SAME-MORE,pair3,P,0.04466724395751953,-0.22466659545898438,27059,27059
gpt-j-6b-fp32,std_imp_asc,0.12,53,53,SAME-MORE,pair3,Q,-0.021306991577148438,-0.3297910690307617,632,632
gpt-j-6b-fp32,std_imp_asc,0.12,53,53,SAME-MORE,pair4,P,0.24787521362304688,0.8745794296264648,27059,27059
gpt-j-6b-fp32,std_imp_asc,0.12,53,53,SAME-MORE,pair4,Q,-0.13189983367919922,0.5558557510375977,632,632
gpt-j-6b-fp32,std_imp_asc,0.12,53,53,SAME-MORE,pair5,P,-0.06049346923828125,0.27901268005371094,27059,27059
gpt-j-6b-fp32,std_imp_asc,0.12,53,53,SAME-MORE,pair5,Q,0.06205940246582031,-0.22722816467285156,632,632
gpt-j-6b-fp32,std_imp_asc,0.12,53,53,SAME-MORE,pair6,P,-0.14512062072753906,0.4390850067138672,27059,27059
gpt-j-6b-fp32,std_imp_asc,0.12,53,53,SAME-MORE,pair6,Q,-0.340606689453125,0.33176708221435547,632,632
gpt-j-6b-fp32,std_imp_asc,0.12,53,53,SAME-MORE,pair7,P,0.1252593994140625,0.5673704147338867,632,632
gpt-j-6b-fp32,std_imp_asc,0.12,53,53,SAME-MORE,pair7,Q,0.12174701690673828,0.1257495880126953,632,632
gpt-j-6b-fp32,std_imp_asc,0.12,53,53,SAME-MORE,pair8,P,-0.05286121368408203,-0.28639984130859375,581,1874
gpt-j-6b-fp32,std_imp_asc,0.12,53,53,SAME-MORE,pair8,Q,0.02031421661376953,-0.6347761154174805,581,632
gpt-j-6b-fp32,std_imp_asc,0.12,53,53,SAME-MORE,pair9,P,-0.16890811920166016,0.4265451431274414,27059,23663
gpt-j-6b-fp32,std_imp_asc,0.12,53,53,SAME-MORE,pair9,Q,-0.1448383331298828,0.005992889404296875,1928,23663
gpt-j-6b-fp32,std_imp_asc,0.12,53,53,SAME-LESS,pair0,P,0.24010086059570312,1.9347753524780273,632,632
gpt-j-6b-fp32,std_imp_asc,0.12,53,53,SAME-LESS,pair0,Q,-0.07933330535888672,0.7937288284301758,39733,39733
gpt-j-6b-fp32,std_imp_asc,0.12,53,53,SAME-LESS,pair1,P,0.3713541030883789,1.7131280899047852,27059,27059
gpt-j-6b-fp32,std_imp_asc,0.12,53,53,SAME-LESS,pair1,Q,-0.1508026123046875,1.0965461730957031,19157,18605
gpt-j-6b-fp32,std_imp_asc,0.12,53,53,SAME-LESS,pair2,P,0.773097038269043,2.943174362182617,632,27059
gpt-j-6b-fp32,std_imp_asc,0.12,53,53,SAME-LESS,pair2,Q,0.16937541961669922,2.5154294967651367,632,632
gpt-j-6b-fp32,std_imp_asc,0.12,53,53,SAME-LESS,pair3,P,-0.0023984909057617188,2.849142074584961,27059,27059
gpt-j-6b-fp32,std_imp_asc,0.12,53,53,SAME-LESS,pair3,Q,-0.0047969818115234375,1.9919624328613281,632,632
gpt-j-6b-fp32,std_imp_asc,0.12,53,53,SAME-LESS,pair4,P,0.2704010009765625,2.0412559509277344,27059,27059
gpt-j-6b-fp32,std_imp_asc,0.12,53,53,SAME-LESS,pair4,Q,-0.10555648803710938,1.5336599349975586,632,632
gpt-j-6b-fp32,std_imp_asc,0.12,53,53,SAME-LESS,pair5,P,-0.08518123626708984,2.750091552734375,27059,27059
gpt-j-6b-fp32,std_imp_asc,0.12,53,53,SAME-LESS,pair5,Q,0.09390926361083984,2.1827449798583984,632,632
gpt-j-6b-fp32,std_imp_asc,0.12,53,53,SAME-LESS,pair6,P,-0.1279582977294922,2.289632797241211,27059,27059
gpt-j-6b-fp32,std_imp_asc,0.12,53,53,SAME-LESS,pair6,Q,-0.2730436325073242,1.6511592864990234,632,632
gpt-j-6b-fp32,std_imp_asc,0.12,53,53,SAME-LESS,pair7,P,0.1549091339111328,1.2678136825561523,632,632
gpt-j-6b-fp32,std_imp_asc,0.12,53,53,SAME-LESS,pair7,Q,0.12929058074951172,1.0763797760009766,632,632
gpt-j-6b-fp32,std_imp_asc,0.12,53,53,SAME-LESS,pair8,P,-0.012256622314453125,2.238968849182129,581,1874
gpt-j-6b-fp32,std_imp_asc,0.12,53,53,SAME-LESS,pair8,Q,0.08300304412841797,0.8990955352783203,581,632
gpt-j-6b-fp32,std_imp_asc,0.12,53,53,SAME-LESS,pair9,P,-0.18367481231689453,1.1832876205444336,27059,23663
gpt-j-6b-fp32,std_imp_asc,0.12,53,53,SAME-LESS,pair9,Q,-0.15943050384521484,0.3826923370361328,1928,23663
gpt-j-6b-fp32,std_imp_asc,0.12,53,53,OPP-MORE,pair0,P,-0.4271831512451172,0.2667427062988281,632,632
gpt-j-6b-fp32,std_imp_asc,0.12,53,53,OPP-MORE,pair0,Q,-0.027953147888183594,0.15679168701171875,39733,39733
gpt-j-6b-fp32,std_imp_asc,0.12,53,53,OPP-MORE,pair1,P,-0.3836088180541992,-0.06143665313720703,27059,27059
gpt-j-6b-fp32,std_imp_asc,0.12,53,53,OPP-MORE,pair1,Q,-0.22167301177978516,0.3276386260986328,19157,18605
gpt-j-6b-fp32,std_imp_asc,0.12,53,53,OPP-MORE,pair2,P,-0.21515941619873047,0.6545896530151367,27059,27059
gpt-j-6b-fp32,std_imp_asc,0.12,53,53,OPP-MORE,pair2,Q,0.036126136779785156,0.9870462417602539,632,632
gpt-j-6b-fp32,std_imp_asc,0.12,53,53,OPP-MORE,pair3,P,-0.7384252548217773,-0.12449359893798828,27059,27059
gpt-j-6b-fp32,std_imp_asc,0.12,53,53,OPP-MORE,pair3,Q,-0.1844949722290039,-0.20656108856201172,5930,632
gpt-j-6b-fp32,std_imp_asc,0.12,53,53,OPP-MORE,pair4,P,-0.6212902069091797,1.040670394897461,27059,27059
gpt-j-6b-fp32,std_imp_asc,0.12,53,53,OPP-MORE,pair4,Q,-0.15626239776611328,0.7975015640258789,632,632
gpt-j-6b-fp32,std_imp_asc,0.12,53,53,OPP-MORE,pair5,P,-0.6944665908813477,0.41841602325439453,27059,27059
gpt-j-6b-fp32,std_imp_asc,0.12,53,53,OPP-MORE,pair5,Q,-0.216705322265625,-0.06773948669433594,632,19157
gpt-j-6b-fp32,std_imp_asc,0.12,53,53,OPP-MORE,pair6,P,-0.30536937713623047,0.6112823486328125,27059,27059
gpt-j-6b-fp32,std_imp_asc,0.12,53,53,OPP-MORE,pair6,Q,-0.13719463348388672,0.4864997863769531,632,632
gpt-j-6b-fp32,std_imp_asc,0.12,53,53,OPP-MORE,pair7,P,-0.18488693237304688,0.5675067901611328,632,632
gpt-j-6b-fp32,std_imp_asc,0.12,53,53,OPP-MORE,pair7,Q,-0.046355247497558594,0.20178985595703125,632,632
gpt-j-6b-fp32,std_imp_asc,0.12,53,53,OPP-MORE,pair8,P,-0.76788330078125,-0.037929534912109375,1874,1874
gpt-j-6b-fp32,std_imp_asc,0.12,53,53,OPP-MORE,pair8,Q,-0.3395395278930664,-0.4275379180908203,1874,19157
gpt-j-6b-fp32,std_imp_asc,0.12,53,53,OPP-MORE,pair9,P,-0.5125436782836914,0.7958345413208008,27059,23663
gpt-j-6b-fp32,std_imp_asc,0.12,53,53,OPP-MORE,pair9,Q,-0.08181571960449219,0.30807971954345703,23663,23663
gpt-j-6b-fp32,std_imp_asc,0.12,53,53,OPP-LESS,pair0,P,-0.4380664825439453,1.6073369979858398,632,632
gpt-j-6b-fp32,std_imp_asc,0.12,53,53,OPP-LESS,pair0,Q,-0.019623756408691406,0.40721702575683594,39733,39733
gpt-j-6b-fp32,std_imp_asc,0.12,53,53,OPP-LESS,pair1,P,-0.3593597412109375,1.484208106994629,27059,27059
gpt-j-6b-fp32,std_imp_asc,0.12,53,53,OPP-LESS,pair1,Q,-0.19590282440185547,0.9790668487548828,19157,18605
gpt-j-6b-fp32,std_imp_asc,0.12,53,53,OPP-LESS,pair2,P,-0.17184925079345703,2.753978729248047,27059,27059
gpt-j-6b-fp32,std_imp_asc,0.12,53,53,OPP-LESS,pair2,Q,0.09464836120605469,2.3766021728515625,632,632
gpt-j-6b-fp32,std_imp_asc,0.12,53,53,OPP-LESS,pair3,P,-0.7548646926879883,2.601163864135742,27059,27059
gpt-j-6b-fp32,std_imp_asc,0.12,53,53,OPP-LESS,pair3,Q,-0.1618814468383789,1.7563657760620117,5930,5930
gpt-j-6b-fp32,std_imp_asc,0.12,53,53,OPP-LESS,pair4,P,-0.5942325592041016,1.926060676574707,27059,27059
gpt-j-6b-fp32,std_imp_asc,0.12,53,53,OPP-LESS,pair4,Q,-0.12540912628173828,1.4381284713745117,632,632
gpt-j-6b-fp32,std_imp_asc,0.12,53,53,OPP-LESS,pair5,P,-0.6921615600585938,2.7353954315185547,27059,27059
gpt-j-6b-fp32,std_imp_asc,0.12,53,53,OPP-LESS,pair5,Q,-0.19297504425048828,2.3479366302490234,632,19157
gpt-j-6b-fp32,std_imp_asc,0.12,53,53,OPP-LESS,pair6,P,-0.32783031463623047,1.4568967819213867,27059,27059
gpt-j-6b-fp32,std_imp_asc,0.12,53,53,OPP-LESS,pair6,Q,-0.11278724670410156,0.9387149810791016,632,632
gpt-j-6b-fp32,std_imp_asc,0.12,53,53,OPP-LESS,pair7,P,-0.12967491149902344,1.104231834411621,632,632
gpt-j-6b-fp32,std_imp_asc,0.12,53,53,OPP-LESS,pair7,Q,-0.02781391143798828,0.8740396499633789,632,632
gpt-j-6b-fp32,std_imp_asc,0.12,53,53,OPP-LESS,pair8,P,-0.7429103851318359,2.2471370697021484,1874,1874
gpt-j-6b-fp32,std_imp_asc,0.12,53,53,OPP-LESS,pair8,Q,-0.2791299819946289,0.9341268539428711,1874,19157
gpt-j-6b-fp32,std_imp_asc,0.12,53,53,OPP-LESS,pair9,P,-0.5085906982421875,1.1518287658691406,27059,23663
gpt-j-6b-fp32,std_imp_asc,0.12,53,53,OPP-LESS,pair9,Q,-0.06975269317626953,0.5303983688354492,23663,23663
gpt-j-6b-fp32,std_imp_asc,0.12,53,53,MORE-LESS,pair0,P,-0.023027420043945312,0.009305953979492188,10255,10255
gpt-j-6b-fp32,std_imp_asc,0.12,53,53,MORE-LESS,pair0,Q,0.01590251922607422,-0.03565502166748047,10255,10255
gpt-j-6b-fp32,std_imp_asc,0.12,53,53,MORE-LESS,pair1,P,0.016798973083496094,-0.01933002471923828,18605,18605
gpt-j-6b-fp32,std_imp_asc,0.12,53,53,MORE-LESS,pair1,Q,0.039218902587890625,-0.009962081909179688,18605,18605
gpt-j-6b-fp32,std_imp_asc,0.12,53,53,MORE-LESS,pair2,P,0.09769916534423828,-0.026518821716308594,8038,8038
gpt-j-6b-fp32,std_imp_asc,0.12,53,53,MORE-LESS,pair2,Q,0.09370040893554688,-0.04049396514892578,8038,8038
gpt-j-6b-fp32,std_imp_asc,0.12,53,53,MORE-LESS,pair3,P,0.03283214569091797,-0.05556201934814453,1234,1234
gpt-j-6b-fp32,std_imp_asc,0.12,53,53,MORE-LESS,pair3,Q,0.014189720153808594,-0.060706138610839844,1234,1234
gpt-j-6b-fp32,std_imp_asc,0.12,53,53,MORE-LESS,pair4,P,0.0804300308227539,-0.04461479187011719,23448,23448
gpt-j-6b-fp32,std_imp_asc,0.12,53,53,MORE-LESS,pair4,Q,0.05593109130859375,-0.056952476501464844,23448,23448
gpt-j-6b-fp32,std_imp_asc,0.12,53,53,MORE-LESS,pair5,P,-0.023253440856933594,0.014003753662109375,969,969
gpt-j-6b-fp32,std_imp_asc,0.12,53,53,MORE-LESS,pair5,Q,-0.007053375244140625,0.015613555908203125,1426,1426
gpt-j-6b-fp32,std_imp_asc,0.12,53,53,MORE-LESS,pair6,P,-0.15980911254882812,-0.03825950622558594,6514,6514
gpt-j-6b-fp32,std_imp_asc,0.12,53,53,MORE-LESS,pair6,Q,-0.14354801177978516,-0.020910263061523438,6514,6514
gpt-j-6b-fp32,std_imp_asc,0.12,53,53,MORE-LESS,pair7,P,-0.032558441162109375,0.026468276977539062,22111,22111
gpt-j-6b-fp32,std_imp_asc,0.12,53,53,MORE-LESS,pair7,Q,-0.02752208709716797,0.030887603759765625,22111,22111
gpt-j-6b-fp32,std_imp_asc,0.12,53,53,MORE-LESS,pair8,P,-0.016660690307617188,-0.05451774597167969,969,969
gpt-j-6b-fp32,std_imp_asc,0.12,53,53,MORE-LESS,pair8,Q,0.011221885681152344,-0.058510780334472656,969,969
gpt-j-6b-fp32,std_imp_asc,0.12,53,53,MORE-LESS,pair9,P,-0.03621959686279297,-0.04514503479003906,34439,34439
gpt-j-6b-fp32,std_imp_asc,0.12,53,53,MORE-LESS,pair9,Q,-0.015035629272460938,-0.07054805755615234,34439,34439
gpt-j-6b-fp32,std_imp_asc,0.15,67,67,SAME-OPP,pair0,P,0.09715461730957031,-0.048252105712890625,632,632
gpt-j-6b-fp32,std_imp_asc,0.15,67,67,SAME-OPP,pair0,Q,0.08664608001708984,0.0641775131225586,39733,39733
gpt-j-6b-fp32,std_imp_asc,0.15,67,67,SAME-OPP,pair1,P,0.02740001678466797,0.011542320251464844,27059,27059
gpt-j-6b-fp32,std_imp_asc,0.15,67,67,SAME-OPP,pair1,Q,0.04638957977294922,0.020374298095703125,19157,19157
gpt-j-6b-fp32,std_imp_asc,0.15,67,67,SAME-OPP,pair2,P,-0.002468109130859375,0.049243927001953125,632,632
gpt-j-6b-fp32,std_imp_asc,0.15,67,67,SAME-OPP,pair2,Q,0.048920631408691406,0.03820228576660156,632,632
gpt-j-6b-fp32,std_imp_asc,0.15,67,67,SAME-OPP,pair3,P,-0.031622886657714844,-0.008489608764648438,27059,27059
gpt-j-6b-fp32,std_imp_asc,0.15,67,67,SAME-OPP,pair3,Q,0.05477142333984375,0.022759437561035156,632,632
gpt-j-6b-fp32,std_imp_asc,0.15,67,67,SAME-OPP,pair4,P,0.045510292053222656,0.03352165222167969,27059,27059
gpt-j-6b-fp32,std_imp_asc,0.15,67,67,SAME-OPP,pair4,Q,0.05455589294433594,0.06391429901123047,632,632
gpt-j-6b-fp32,std_imp_asc,0.15,67,67,SAME-OPP,pair5,P,-0.03738880157470703,0.0074558258056640625,27059,27059
gpt-j-6b-fp32,std_imp_asc,0.15,67,67,SAME-OPP,pair5,Q,0.050342559814453125,0.03757190704345703,632,632
gpt-j-6b-fp32,std_imp_asc,0.15,67,67,SAME-OPP,pair6,P,-0.023412704467773438,-0.035605430603027344,27059,27059
gpt-j-6b-fp32,std_imp_asc,0.15,67,67,SAME-OPP,pair6,Q,0.05661201477050781,-0.022169113159179688,632,632
gpt-j-6b-fp32,std_imp_asc,0.15,67,67,SAME-OPP,pair7,P,0.010364532470703125,0.07355976104736328,632,632
gpt-j-6b-fp32,std_imp_asc,0.15,67,67,SAME-OPP,pair7,Q,0.0923318862915039,0.027099609375,632,632
gpt-j-6b-fp32,std_imp_asc,0.15,67,67,SAME-OPP,pair8,P,-0.09896659851074219,0.007587432861328125,581,581
gpt-j-6b-fp32,std_imp_asc,0.15,67,67,SAME-OPP,pair8,Q,0.06167793273925781,0.07504558563232422,581,1874
gpt-j-6b-fp32,std_imp_asc,0.15,67,67,SAME-OPP,pair9,P,0.014005661010742188,0.015316963195800781,27059,27059
gpt-j-6b-fp32,std_imp_asc,0.15,67,67,SAME-OPP,pair9,Q,0.06164741516113281,-0.0001888275146484375,1928,23663
gpt-j-6b-fp32,std_imp_asc,0.15,67,67,SAME-MORE,pair0,P,0.28615760803222656,-0.2604207992553711,632,632
gpt-j-6b-fp32,std_imp_asc,0.15,67,67,SAME-MORE,pair0,Q,-0.09705638885498047,-0.5322141647338867,39733,632
gpt-j-6b-fp32,std_imp_asc,0.15,67,67,SAME-MORE,pair1,P,0.3604459762573242,-0.431304931640625,27059,27059
gpt-j-6b-fp32,std_imp_asc,0.15,67,67,SAME-MORE,pair1,Q,-0.24013519287109375,0.08007526397705078,19157,18605
gpt-j-6b-fp32,std_imp_asc,0.15,67,67,SAME-MORE,pair2,P,0.6194324493408203,0.4179344177246094,632,27059
gpt-j-6b-fp32,std_imp_asc,0.15,67,67,SAME-MORE,pair2,Q,0.10117435455322266,0.47165679931640625,632,632
gpt-j-6b-fp32,std_imp_asc,0.15,67,67,SAME-MORE,pair3,P,-0.04189586639404297,-0.33321475982666016,27059,27059
gpt-j-6b-fp32,std_imp_asc,0.15,67,67,SAME-MORE,pair3,Q,-0.018299102783203125,-0.4942150115966797,632,632
gpt-j-6b-fp32,std_imp_asc,0.15,67,67,SAME-MORE,pair4,P,0.23264217376708984,0.6328239440917969,27059,27059
gpt-j-6b-fp32,std_imp_asc,0.15,67,67,SAME-MORE,pair4,Q,-0.16862964630126953,0.27915096282958984,632,632
gpt-j-6b-fp32,std_imp_asc,0.15,67,67,SAME-MORE,pair5,P,-0.08163928985595703,0.15818405151367188,27059,27059
gpt-j-6b-fp32,std_imp_asc,0.15,67,67,SAME-MORE,pair5,Q,0.04196929931640625,-0.3469104766845703,632,632
gpt-j-6b-fp32,std_imp_asc,0.15,67,67,SAME-MORE,pair6,P,-0.16592693328857422,0.2040882110595703,27059,27059
gpt-j-6b-fp32,std_imp_asc,0.15,67,67,SAME-MORE,pair6,Q,-0.3632469177246094,0.07215023040771484,632,632
gpt-j-6b-fp32,std_imp_asc,0.15,67,67,SAME-MORE,pair7,P,0.15137004852294922,0.49305057525634766,632,632
gpt-j-6b-fp32,std_imp_asc,0.15,67,67,SAME-MORE,pair7,Q,0.08590316772460938,-0.004695892333984375,632,632
gpt-j-6b-fp32,std_imp_asc,0.15,67,67,SAME-MORE,pair8,P,-0.053277015686035156,-0.5048484802246094,581,969
gpt-j-6b-fp32,std_imp_asc,0.15,67,67,SAME-MORE,pair8,Q,0.00579071044921875,-0.8222637176513672,581,632
gpt-j-6b-fp32,std_imp_asc,0.15,67,67,SAME-MORE,pair9,P,-0.16793060302734375,0.19416046142578125,27059,23663
gpt-j-6b-fp32,std_imp_asc,0.15,67,67,SAME-MORE,pair9,Q,-0.13520240783691406,-0.21509742736816406,1928,23663
gpt-j-6b-fp32,std_imp_asc,0.15,67,67,SAME-LESS,pair0,P,0.20056629180908203,2.3046884536743164,632,632
gpt-j-6b-fp32,std_imp_asc,0.15,67,67,SAME-LESS,pair0,Q,-0.10931968688964844,1.2112102508544922,39733,632
gpt-j-6b-fp32,std_imp_asc,0.15,67,67,SAME-LESS,pair1,P,0.3709983825683594,1.8041400909423828,27059,27059
gpt-j-6b-fp32,std_imp_asc,0.15,67,67,SAME-LESS,pair1,Q,-0.19736671447753906,1.198897361755371,19157,18605
gpt-j-6b-fp32,std_imp_asc,0.15,67,67,SAME-LESS,pair2,P,0.7320451736450195,3.3698062896728516,632,27059
gpt-j-6b-fp32,std_imp_asc,0.15,67,67,SAME-LESS,pair2,Q,0.14689350128173828,3.128726005554199,632,632
gpt-j-6b-fp32,std_imp_asc,0.15,67,67,SAME-LESS,pair3,P,-0.06783008575439453,3.130983352661133,27059,27059
gpt-j-6b-fp32,std_imp_asc,0.15,67,67,SAME-LESS,pair3,Q,0.005184173583984375,2.2986831665039062,632,632
gpt-j-6b-fp32,std_imp_asc,0.15,67,67,SAME-LESS,pair4,P,0.2779865264892578,2.404913902282715,27059,27059
gpt-j-6b-fp32,std_imp_asc,0.15,67,67,SAME-LESS,pair4,Q,-0.14226436614990234,1.998311996459961,632,632
gpt-j-6b-fp32,std_imp_asc,0.15,67,67,SAME-LESS,pair5,P,-0.08652305603027344,3.044468879699707,27059,27059
gpt-j-6b-fp32,std_imp_asc,0.15,67,67,SAME-LESS,pair5,Q,0.07153034210205078,2.451024055480957,632,632
gpt-j-6b-fp32,std_imp_asc,0.15,67,67,SAME-LESS,pair6,P,-0.12859821319580078,2.622417449951172,27059,27059
gpt-j-6b-fp32,std_imp_asc,0.15,67,67,SAME-LESS,pair6,Q,-0.2893505096435547,2.057156562805176,632,632
gpt-j-6b-fp32,std_imp_asc,0.15,67,67,SAME-LESS,pair7,P,0.20519733428955078,1.4979047775268555,632,632
gpt-j-6b-fp32,std_imp_asc,0.15,67,67,SAME-LESS,pair7,Q,0.09946537017822266,1.2709636688232422,632,632
gpt-j-6b-fp32,std_imp_asc,0.15,67,67,SAME-LESS,pair8,P,0.00656890869140625,2.589289665222168,581,969
gpt-j-6b-fp32,std_imp_asc,0.15,67,67,SAME-LESS,pair8,Q,0.07331657409667969,1.281498908996582,581,632
gpt-j-6b-fp32,std_imp_asc,0.15,67,67,SAME-LESS,pair9,P,-0.17603302001953125,1.3268041610717773,27059,23663
gpt-j-6b-fp32,std_imp_asc,0.15,67,67,SAME-LESS,pair9,Q,-0.14652347564697266,0.550602912902832,1928,23663
gpt-j-6b-fp32,std_imp_asc,0.15,67,67,OPP-MORE,pair0,P,-0.4561004638671875,0.07923603057861328,632,632
gpt-j-6b-fp32,std_imp_asc,0.15,67,67,OPP-MORE,pair0,Q,-0.0555419921875,-0.1094655990600586,39733,39733
gpt-j-6b-fp32,std_imp_asc,0.15,67,67,OPP-MORE,pair1,P,-0.34547996520996094,-0.35001182556152344,27059,27059
gpt-j-6b-fp32,std_imp_asc,0.15,67,67,OPP-MORE,pair1,Q,-0.27051734924316406,0.1936779022216797,19157,18605
gpt-j-6b-fp32,std_imp_asc,0.15,67,67,OPP-MORE,pair2,P,-0.3083944320678711,0.4882040023803711,27059,27059
gpt-j-6b-fp32,std_imp_asc,0.15,67,67,OPP-MORE,pair2,Q,-0.05187416076660156,0.5324172973632812,632,632
gpt-j-6b-fp32,std_imp_asc,0.15,67,67,OPP-MORE,pair3,P,-0.7367076873779297,-0.23714828491210938,27059,27059
gpt-j-6b-fp32,std_imp_asc,0.15,67,67,OPP-MORE,pair3,Q,-0.1998891830444336,-0.35848236083984375,5930,632
gpt-j-6b-fp32,std_imp_asc,0.15,67,67,OPP-MORE,pair4,P,-0.6701278686523438,0.8123483657836914,27059,27059
gpt-j-6b-fp32,std_imp_asc,0.15,67,67,OPP-MORE,pair4,Q,-0.16797447204589844,0.5113143920898438,632,23448
gpt-j-6b-fp32,std_imp_asc,0.15,67,67,OPP-MORE,pair5,P,-0.6346578598022461,0.26291751861572266,27059,27059
gpt-j-6b-fp32,std_imp_asc,0.15,67,67,OPP-MORE,pair5,Q,-0.1931924819946289,-0.19874095916748047,632,19157
gpt-j-6b-fp32,std_imp_asc,0.15,67,67,OPP-MORE,pair6,P,-0.2950897216796875,0.4249744415283203,27059,27059
gpt-j-6b-fp32,std_imp_asc,0.15,67,67,OPP-MORE,pair6,Q,-0.14837360382080078,0.29428577423095703,632,632
gpt-j-6b-fp32,std_imp_asc,0.15,67,67,OPP-MORE,pair7,P,-0.25936317443847656,0.4648628234863281,632,632
gpt-j-6b-fp32,std_imp_asc,0.15,67,67,OPP-MORE,pair7,Q,-0.021513938903808594,0.09196090698242188,632,632
gpt-j-6b-fp32,std_imp_asc,0.15,67,67,OPP-MORE,pair8,P,-0.7791366577148438,-0.21827411651611328,1874,27059
gpt-j-6b-fp32,std_imp_asc,0.15,67,67,OPP-MORE,pair8,Q,-0.2885284423828125,-0.5928468704223633,1874,19157
gpt-j-6b-fp32,std_imp_asc,0.15,67,67,OPP-MORE,pair9,P,-0.5186300277709961,0.5675878524780273,27059,23663
gpt-j-6b-fp32,std_imp_asc,0.15,67,67,OPP-MORE,pair9,Q,-0.07395267486572266,0.13790607452392578,23663,23663
gpt-j-6b-fp32,std_imp_asc,0.15,67,67,OPP-LESS,pair0,P,-0.45950794219970703,1.9295692443847656,632,632
gpt-j-6b-fp32,std_imp_asc,0.15,67,67,OPP-LESS,pair0,Q,-0.038620948791503906,0.8031377792358398,39733,39733
gpt-j-6b-fp32,std_imp_asc,0.15,67,67,OPP-LESS,pair1,P,-0.3105335235595703,1.5530357360839844,27059,27059
gpt-j-6b-fp32,std_imp_asc,0.15,67,67,OPP-LESS,pair1,Q,-0.22430896759033203,1.0695934295654297,19157,18605
gpt-j-6b-fp32,std_imp_asc,0.15,67,67,OPP-LESS,pair2,P,-0.24267959594726562,3.162433624267578,27059,27059
gpt-j-6b-fp32,std_imp_asc,0.15,67,67,OPP-LESS,pair2,Q,0.01698589324951172,3.016200065612793,632,632
gpt-j-6b-fp32,std_imp_asc,0.15,67,67,OPP-LESS,pair3,P,-0.7497806549072266,2.838808059692383,27059,27059
gpt-j-6b-fp32,std_imp_asc,0.15,67,67,OPP-LESS,pair3,Q,-0.16747474670410156,2.0188121795654297,5930,632
gpt-j-6b-fp32,std_imp_asc,0.15,67,67,OPP-LESS,pair4,P,-0.6204042434692383,2.292170524597168,27059,27059
gpt-j-6b-fp32,std_imp_asc,0.15,67,67,OPP-LESS,pair4,Q,-0.12604713439941406,1.9092912673950195,632,23448
gpt-j-6b-fp32,std_imp_asc,0.15,67,67,OPP-LESS,pair5,P,-0.6227998733520508,3.01723575592041,27059,27059
gpt-j-6b-fp32,std_imp_asc,0.15,67,67,OPP-LESS,pair5,Q,-0.15880680084228516,2.6121511459350586,632,19157
gpt-j-6b-fp32,std_imp_asc,0.15,67,67,OPP-LESS,pair6,P,-0.30979156494140625,1.681279182434082,27059,27059
gpt-j-6b-fp32,std_imp_asc,0.15,67,67,OPP-LESS,pair6,Q,-0.11429309844970703,1.2706851959228516,632,632
gpt-j-6b-fp32,std_imp_asc,0.15,67,67,OPP-LESS,pair7,P,-0.18371963500976562,1.3687257766723633,632,632
gpt-j-6b-fp32,std_imp_asc,0.15,67,67,OPP-LESS,pair7,Q,0.01725482940673828,1.1074485778808594,632,632
gpt-j-6b-fp32,std_imp_asc,0.15,67,67,OPP-LESS,pair8,P,-0.754939079284668,2.565152168273926,1874,27059
gpt-j-6b-fp32,std_imp_asc,0.15,67,67,OPP-LESS,pair8,Q,-0.2203054428100586,1.2847404479980469,1874,19157
gpt-j-6b-fp32,std_imp_asc,0.15,67,67,OPP-LESS,pair9,P,-0.5069389343261719,1.2404909133911133,27059,23663
gpt-j-6b-fp32,std_imp_asc,0.15,67,67,OPP-LESS,pair9,Q,-0.04984569549560547,0.6247825622558594,23663,23663
gpt-j-6b-fp32,std_imp_asc,0.15,67,67,MORE-LESS,pair0,P,-0.017477035522460938,0.02158069610595703,10255,10255
gpt-j-6b-fp32,std_imp_asc,0.15,67,67,MORE-LESS,pair0,Q,0.012526512145996094,-0.02525043487548828,10255,10255
gpt-j-6b-fp32,std_imp_asc,0.15,67,67,MORE-LESS,pair1,P,0.02985668182373047,-0.02055835723876953,18605,18605
gpt-j-6b-fp32,std_imp_asc,0.15,67,67,MORE-LESS,pair1,Q,0.04497814178466797,-0.009611129760742188,18605,18605
gpt-j-6b-fp32,std_imp_asc,0.15,67,67,MORE-LESS,pair2,P,0.057465553283691406,-0.014370918273925781,8038,8038
gpt-j-6b-fp32,std_imp_asc,0.15,67,67,MORE-LESS,pair2,Q,0.051375389099121094,-0.013621330261230469,8038,8038
gpt-j-6b-fp32,std_imp_asc,0.15,67,67,MORE-LESS,pair3,P,0.037804603576660156,-0.03894615173339844,1234,1234
gpt-j-6b-fp32,std_imp_asc,0.15,67,67,MORE-LESS,pair3,Q,0.008358955383300781,-0.049012184143066406,1234,1234
gpt-j-6b-fp32,std_imp_asc,0.15,67,67,MORE-LESS,pair4,P,0.07571887969970703,-0.044116973876953125,23448,23448
gpt-j-6b-fp32,std_imp_asc,0.15,67,67,MORE-LESS,pair4,Q,0.04506969451904297,-0.06005573272705078,23448,23448
gpt-j-6b-fp32,std_imp_asc,0.15,67,67,MORE-LESS,pair5,P,-0.0372467041015625,0.027014732360839844,969,969
gpt-j-6b-fp32,std_imp_asc,0.15,67,67,MORE-LESS,pair5,Q,-0.030343055725097656,0.016155242919921875,1426,1426
gpt-j-6b-fp32,std_imp_asc,0.15,67,67,MORE-LESS,pair6,P,-0.16944026947021484,-0.01756572723388672,6514,6514
gpt-j-6b-fp32,std_imp_asc,0.15,67,67,MORE-LESS,pair6,Q,-0.15294933319091797,-0.00266265869140625,6514,6514
gpt-j-6b-fp32,std_imp_asc,0.15,67,67,MORE-LESS,pair7,P,-0.024763107299804688,0.025865554809570312,22111,22111
gpt-j-6b-fp32,std_imp_asc,0.15,67,67,MORE-LESS,pair7,Q,-0.031232833862304688,0.030847549438476562,22111,22111
gpt-j-6b-fp32,std_imp_asc,0.15,67,67,MORE-LESS,pair8,P,-0.016012191772460938,-0.054879188537597656,969,969
gpt-j-6b-fp32,std_imp_asc,0.15,67,67,MORE-LESS,pair8,Q,0.010046005249023438,-0.0646200180053711,969,969
gpt-j-6b-fp32,std_imp_asc,0.15,67,67,MORE-LESS,pair9,P,-0.04780292510986328,-0.061781883239746094,34439,34439
gpt-j-6b-fp32,std_imp_asc,0.15,67,67,MORE-LESS,pair9,Q,-0.03322029113769531,-0.08395195007324219,34439,34439
gpt-j-6b-fp32,std_imp_asc,0.2,89,89,SAME-OPP,pair0,P,0.05506324768066406,-0.12456989288330078,632,632
gpt-j-6b-fp32,std_imp_asc,0.2,89,89,SAME-OPP,pair0,Q,0.056308746337890625,0.02121734619140625,39733,39733
gpt-j-6b-fp32,std_imp_asc,0.2,89,89,SAME-OPP,pair1,P,0.02212047576904297,-0.036002159118652344,27059,27059
gpt-j-6b-fp32,std_imp_asc,0.2,89,89,SAME-OPP,pair1,Q,0.03414630889892578,0.04114055633544922,19157,19157
gpt-j-6b-fp32,std_imp_asc,0.2,89,89,SAME-OPP,pair2,P,-0.03905677795410156,-0.014161109924316406,632,632
gpt-j-6b-fp32,std_imp_asc,0.2,89,89,SAME-OPP,pair2,Q,0.020752906799316406,0.017182350158691406,632,632
gpt-j-6b-fp32,std_imp_asc,0.2,89,89,SAME-OPP,pair3,P,-0.055771827697753906,-0.07468605041503906,27059,27059
gpt-j-6b-fp32,std_imp_asc,0.2,89,89,SAME-OPP,pair3,Q,0.02674388885498047,0.006378173828125,632,632
gpt-j-6b-fp32,std_imp_asc,0.2,89,89,SAME-OPP,pair4,P,0.017787933349609375,-0.025841712951660156,27059,27059
gpt-j-6b-fp32,std_imp_asc,0.2,89,89,SAME-OPP,pair4,Q,0.025690078735351562,0.036818504333496094,632,632
gpt-j-6b-fp32,std_imp_asc,0.2,89,89,SAME-OPP,pair5,P,-0.06882286071777344,-0.04981231689453125,27059,27059
gpt-j-6b-fp32,std_imp_asc,0.2,89,89,SAME-OPP,pair5,Q,0.03509044647216797,0.045726776123046875,632,632
gpt-j-6b-fp32,std_imp_asc,0.2,89,89,SAME-OPP,pair6,P,-0.044365882873535156,-0.10008049011230469,27059,27059
gpt-j-6b-fp32,std_imp_asc,0.2,89,89,SAME-OPP,pair6,Q,0.035233497619628906,-0.02933216094970703,632,632
gpt-j-6b-fp32,std_imp_asc,0.2,89,89,SAME-OPP,pair7,P,-0.027561187744140625,0.020143508911132812,632,632
gpt-j-6b-fp32,std_imp_asc,0.2,89,89,SAME-OPP,pair7,Q,0.05544853210449219,0.029366493225097656,632,632
gpt-j-6b-fp32,std_imp_asc,0.2,89,89,SAME-OPP,pair8,P,-0.12116527557373047,-0.07696247100830078,581,581
gpt-j-6b-fp32,std_imp_asc,0.2,89,89,SAME-OPP,pair8,Q,0.044251441955566406,0.07433795928955078,581,1874
gpt-j-6b-fp32,std_imp_asc,0.2,89,89,SAME-OPP,pair9,P,0.005214691162109375,-0.04570579528808594,27059,27059
gpt-j-6b-fp32,std_imp_asc,0.2,89,89,SAME-OPP,pair9,Q,0.043791770935058594,0.0005350112915039062,1928,23663
gpt-j-6b-fp32,std_imp_asc,0.2,89,89,SAME-MORE,pair0,P,0.19015884399414062,0.06578826904296875,632,632
gpt-j-6b-fp32,std_imp_asc,0.2,89,89,SAME-MORE,pair0,Q,-0.13277912139892578,-0.3475008010864258,39733,39733
gpt-j-6b-fp32,std_imp_asc,0.2,89,89,SAME-MORE,pair1,P,0.2486858367919922,0.7508831024169922,27059,18605
gpt-j-6b-fp32,std_imp_asc,0.2,89,89,SAME-MORE,pair1,Q,-0.31339359283447266,0.1361865997314453,19157,18605
gpt-j-6b-fp32,std_imp_asc,0.2,89,89,SAME-MORE,pair2,P,0.38918018341064453,0.8725147247314453,632,632
gpt-j-6b-fp32,std_imp_asc,0.2,89,89,SAME-MORE,pair2,Q,0.0067386627197265625,0.37873268127441406,632,632
gpt-j-6b-fp32,std_imp_asc,0.2,89,89,SAME-MORE,pair3,P,-0.17320632934570312,-0.38274192810058594,27059,969
gpt-j-6b-fp32,std_imp_asc,0.2,89,89,SAME-MORE,pair3,Q,-0.08752822875976562,-0.49345874786376953,632,632
gpt-j-6b-fp32,std_imp_asc,0.2,89,89,SAME-MORE,pair4,P,0.12159538269042969,1.6657886505126953,27059,27059
gpt-j-6b-fp32,std_imp_asc,0.2,89,89,SAME-MORE,pair4,Q,-0.16951465606689453,0.6392049789428711,632,23448
gpt-j-6b-fp32,std_imp_asc,0.2,89,89,SAME-MORE,pair5,P,-0.23103904724121094,0.22388076782226562,27059,969
gpt-j-6b-fp32,std_imp_asc,0.2,89,89,SAME-MORE,pair5,Q,-0.06315326690673828,-0.32423973083496094,632,632
gpt-j-6b-fp32,std_imp_asc,0.2,89,89,SAME-MORE,pair6,P,-0.3468799591064453,0.037075042724609375,27059,6514
gpt-j-6b-fp32,std_imp_asc,0.2,89,89,SAME-MORE,pair6,Q,-0.4386014938354492,0.06181907653808594,632,632
gpt-j-6b-fp32,std_imp_asc,0.2,89,89,SAME-MORE,pair7,P,0.056163787841796875,0.46833324432373047,632,632
gpt-j-6b-fp32,std_imp_asc,0.2,89,89,SAME-MORE,pair7,Q,-0.012271881103515625,0.01813793182373047,632,632
gpt-j-6b-fp32,std_imp_asc,0.2,89,89,SAME-MORE,pair8,P,-0.22330570220947266,-0.643763542175293,581,969
gpt-j-6b-fp32,std_imp_asc,0.2,89,89,SAME-MORE,pair8,Q,-0.03200054168701172,-0.7812232971191406,581,632
gpt-j-6b-fp32,std_imp_asc,0.2,89,89,SAME-MORE,pair9,P,-0.37703418731689453,0.21025371551513672,27059,23663
gpt-j-6b-fp32,std_imp_asc,0.2,89,89,SAME-MORE,pair9,Q,-0.12882232666015625,-0.19211292266845703,1928,23663
gpt-j-6b-fp32,std_imp_asc,0.2,89,89,SAME-LESS,pair0,P,0.10711479187011719,2.6950244903564453,632,632
gpt-j-6b-fp32,std_imp_asc,0.2,89,89,SAME-LESS,pair0,Q,-0.16363239288330078,2.3032236099243164,39733,39733
gpt-j-6b-fp32,std_imp_asc,0.2,89,89,SAME-LESS,pair1,P,0.2665071487426758,2.137070655822754,27059,18605
gpt-j-6b-fp32,std_imp_asc,0.2,89,89,SAME-LESS,pair1,Q,-0.2861309051513672,1.5845632553100586,19157,18605
gpt-j-6b-fp32,std_imp_asc,0.2,89,89,SAME-LESS,pair2,P,0.49327945709228516,3.7397193908691406,632,27059
gpt-j-6b-fp32,std_imp_asc,0.2,89,89,SAME-LESS,pair2,Q,0.03300285339355469,3.4714279174804688,632,632
gpt-j-6b-fp32,std_imp_asc,0.2,89,89,SAME-LESS,pair3,P,-0.20084381103515625,3.2177114486694336,27059,969
gpt-j-6b-fp32,std_imp_asc,0.2,89,89,SAME-LESS,pair3,Q,-0.07175540924072266,2.4271936416625977,632,632
gpt-j-6b-fp32,std_imp_asc,0.2,89,89,SAME-LESS,pair4,P,0.1574869155883789,2.652266502380371,27059,27059
gpt-j-6b-fp32,std_imp_asc,0.2,89,89,SAME-LESS,pair4,Q,-0.18374156951904297,2.545140266418457,632,23448
gpt-j-6b-fp32,std_imp_asc,0.2,89,89,SAME-LESS,pair5,P,-0.21454524993896484,3.2263574600219727,27059,969
gpt-j-6b-fp32,std_imp_asc,0.2,89,89,SAME-LESS,pair5,Q,-0.05343055725097656,2.6160478591918945,632,632
gpt-j-6b-fp32,std_imp_asc,0.2,89,89,SAME-LESS,pair6,P,-0.2994871139526367,2.946072578430176,27059,6514
gpt-j-6b-fp32,std_imp_asc,0.2,89,89,SAME-LESS,pair6,Q,-0.3874225616455078,2.3891258239746094,632,632
gpt-j-6b-fp32,std_imp_asc,0.2,89,89,SAME-LESS,pair7,P,0.11054134368896484,1.9298171997070312,632,632
gpt-j-6b-fp32,std_imp_asc,0.2,89,89,SAME-LESS,pair7,Q,-0.025146484375,1.8983287811279297,632,632
gpt-j-6b-fp32,std_imp_asc,0.2,89,89,SAME-LESS,pair8,P,-0.15932083129882812,2.6569156646728516,581,969
gpt-j-6b-fp32,std_imp_asc,0.2,89,89,SAME-LESS,pair8,Q,0.02970123291015625,1.353775978088379,581,632
gpt-j-6b-fp32,std_imp_asc,0.2,89,89,SAME-LESS,pair9,P,-0.39200496673583984,1.499680519104004,27059,34439
gpt-j-6b-fp32,std_imp_asc,0.2,89,89,SAME-LESS,pair9,Q,-0.15280723571777344,0.7124671936035156,1928,23663
gpt-j-6b-fp32,std_imp_asc,0.2,89,89,OPP-MORE,pair0,P,-0.9072036743164062,0.4423666000366211,632,632
gpt-j-6b-fp32,std_imp_asc,0.2,89,89,OPP-MORE,pair0,Q,-0.2831554412841797,0.08831310272216797,39733,39733
gpt-j-6b-fp32,std_imp_asc,0.2,89,89,OPP-MORE,pair1,P,-0.7705917358398438,0.843109130859375,27059,18605
gpt-j-6b-fp32,std_imp_asc,0.2,89,89,OPP-MORE,pair1,Q,-0.7788858413696289,0.3178520202636719,19157,18605
gpt-j-6b-fp32,std_imp_asc,0.2,89,89,OPP-MORE,pair2,P,-0.8308143615722656,1.0559864044189453,27059,27059
gpt-j-6b-fp32,std_imp_asc,0.2,89,89,OPP-MORE,pair2,Q,-1.038832664489746,0.5306129455566406,632,632
gpt-j-6b-fp32,std_imp_asc,0.2,89,89,OPP-MORE,pair3,P,-1.2613716125488281,-0.2852439880371094,27059,969
gpt-j-6b-fp32,std_imp_asc,0.2,89,89,OPP-MORE,pair3,Q,-1.0309782028198242,-0.363037109375,5930,632
gpt-j-6b-fp32,std_imp_asc,0.2,89,89,OPP-MORE,pair4,P,-1.0745458602905273,1.896622657775879,27059,27059
gpt-j-6b-fp32,std_imp_asc,0.2,89,89,OPP-MORE,pair4,Q,-0.8698482513427734,0.9703950881958008,632,23448
gpt-j-6b-fp32,std_imp_asc,0.2,89,89,OPP-MORE,pair5,P,-1.092268943786621,0.36846256256103516,27059,27059
gpt-j-6b-fp32,std_imp_asc,0.2,89,89,OPP-MORE,pair5,Q,-1.0675201416015625,-0.1553640365600586,632,632
gpt-j-6b-fp32,std_imp_asc,0.2,89,89,OPP-MORE,pair6,P,-0.7405691146850586,0.2912721633911133,27059,6514
gpt-j-6b-fp32,std_imp_asc,0.2,89,89,OPP-MORE,pair6,Q,-0.7433071136474609,0.28619384765625,632,632
gpt-j-6b-fp32,std_imp_asc,0.2,89,89,OPP-MORE,pair7,P,-0.8262090682983398,0.5843362808227539,632,632
gpt-j-6b-fp32,std_imp_asc,0.2,89,89,OPP-MORE,pair7,Q,-0.33977603912353516,0.23493576049804688,632,632
gpt-j-6b-fp32,std_imp_asc,0.2,89,89,OPP-MORE,pair8,P,-1.280858039855957,-0.2891378402709961,1874,969
gpt-j-6b-fp32,std_imp_asc,0.2,89,89,OPP-MORE,pair8,Q,-1.0810213088989258,-0.5118846893310547,1874,19157
gpt-j-6b-fp32,std_imp_asc,0.2,89,89,OPP-MORE,pair9,P,-1.0224494934082031,0.6165046691894531,27059,23663
gpt-j-6b-fp32,std_imp_asc,0.2,89,89,OPP-MORE,pair9,Q,-0.9695405960083008,0.21477794647216797,23663,23663
gpt-j-6b-fp32,std_imp_asc,0.2,89,89,OPP-LESS,pair0,P,-0.9180269241333008,2.131503105163574,632,632
gpt-j-6b-fp32,std_imp_asc,0.2,89,89,OPP-LESS,pair0,Q,-0.26584720611572266,1.6874570846557617,39733,39733
gpt-j-6b-fp32,std_imp_asc,0.2,89,89,OPP-LESS,pair1,P,-0.728978157043457,1.847320556640625,27059,18605
gpt-j-6b-fp32,std_imp_asc,0.2,89,89,OPP-LESS,pair1,Q,-0.7476978302001953,1.4320240020751953,19157,18605
gpt-j-6b-fp32,std_imp_asc,0.2,89,89,OPP-LESS,pair2,P,-0.7487220764160156,3.546876907348633,27059,27059
gpt-j-6b-fp32,std_imp_asc,0.2,89,89,OPP-LESS,pair2,Q,-0.9739961624145508,3.3603296279907227,632,632
gpt-j-6b-fp32,std_imp_asc,0.2,89,89,OPP-LESS,pair3,P,-1.263514518737793,2.9238691329956055,27059,969
gpt-j-6b-fp32,std_imp_asc,0.2,89,89,OPP-LESS,pair3,Q,-1.0208101272583008,2.1555871963500977,5930,632
gpt-j-6b-fp32,std_imp_asc,0.2,89,89,OPP-LESS,pair4,P,-1.0834732055664062,2.5708227157592773,27059,27059
gpt-j-6b-fp32,std_imp_asc,0.2,89,89,OPP-LESS,pair4,Q,-0.8729743957519531,2.4635658264160156,632,23448
gpt-j-6b-fp32,std_imp_asc,0.2,89,89,OPP-LESS,pair5,P,-1.059706687927246,3.185286521911621,27059,27059
gpt-j-6b-fp32,std_imp_asc,0.2,89,89,OPP-LESS,pair5,Q,-1.0450944900512695,2.76483154296875,632,632
gpt-j-6b-fp32,std_imp_asc,0.2,89,89,OPP-LESS,pair6,P,-0.7465000152587891,1.989802360534668,27059,6514
gpt-j-6b-fp32,std_imp_asc,0.2,89,89,OPP-LESS,pair6,Q,-0.7295818328857422,1.522749900817871,632,632
gpt-j-6b-fp32,std_imp_asc,0.2,89,89,OPP-LESS,pair7,P,-0.7543258666992188,1.7160911560058594,632,632
gpt-j-6b-fp32,std_imp_asc,0.2,89,89,OPP-LESS,pair7,Q,-0.3276052474975586,1.6239051818847656,632,632
gpt-j-6b-fp32,std_imp_asc,0.2,89,89,OPP-LESS,pair8,P,-1.2463445663452148,2.6326684951782227,1874,969
gpt-j-6b-fp32,std_imp_asc,0.2,89,89,OPP-LESS,pair8,Q,-1.0244827270507812,1.3528680801391602,1874,19157
gpt-j-6b-fp32,std_imp_asc,0.2,89,89,OPP-LESS,pair9,P,-1.013443946838379,1.4141016006469727,27059,23663
gpt-j-6b-fp32,std_imp_asc,0.2,89,89,OPP-LESS,pair9,Q,-0.9434051513671875,0.7913799285888672,23663,23663
gpt-j-6b-fp32,std_imp_asc,0.2,89,89,MORE-LESS,pair0,P,-0.007397651672363281,0.04325580596923828,10255,10255
gpt-j-6b-fp32,std_imp_asc,0.2,89,89,MORE-LESS,pair0,Q,0.012389183044433594,-0.016455650329589844,10255,10255
gpt-j-6b-fp32,std_imp_asc,0.2,89,89,MORE-LESS,pair1,P,-0.0515289306640625,-0.034694671630859375,18605,18605
gpt-j-6b-fp32,std_imp_asc,0.2,89,89,MORE-LESS,pair1,Q,-0.022643089294433594,-0.02438640594482422,18605,18605
gpt-j-6b-fp32,std_imp_asc,0.2,89,89,MORE-LESS,pair2,P,-0.031767845153808594,0.000614166259765625,8038,8038
gpt-j-6b-fp32,std_imp_asc,0.2,89,89,MORE-LESS,pair2,Q,-0.04248332977294922,-0.004042625427246094,8038,8038
gpt-j-6b-fp32,std_imp_asc,0.2,89,89,MORE-LESS,pair3,P,0.029532432556152344,-0.01597309112548828,1234,1234
gpt-j-6b-fp32,std_imp_asc,0.2,89,89,MORE-LESS,pair3,Q,-0.001728057861328125,-0.045332908630371094,1234,1234
gpt-j-6b-fp32,std_imp_asc,0.2,89,89,MORE-LESS,pair4,P,-0.04847431182861328,-0.03972148895263672,23448,23448
gpt-j-6b-fp32,std_imp_asc,0.2,89,89,MORE-LESS,pair4,Q,-0.07825946807861328,-0.060936927795410156,23448,23448
gpt-j-6b-fp32,std_imp_asc,0.2,89,89,MORE-LESS,pair5,P,-0.007723808288574219,0.09145927429199219,969,969
gpt-j-6b-fp32,std_imp_asc,0.2,89,89,MORE-LESS,pair5,Q,0.000713348388671875,0.05117034912109375,1426,1426
gpt-j-6b-fp32,std_imp_asc,0.2,89,89,MORE-LESS,pair6,P,-0.24697113037109375,0.019563674926757812,6514,6514
gpt-j-6b-fp32,std_imp_asc,0.2,89,89,MORE-LESS,pair6,Q,-0.22432518005371094,0.03188037872314453,6514,6514
gpt-j-6b-fp32,std_imp_asc,0.2,89,89,MORE-LESS,pair7,P,-0.03945732116699219,0.004725456237792969,22111,22111
gpt-j-6b-fp32,std_imp_asc,0.2,89,89,MORE-LESS,pair7,Q,-0.03991508483886719,-0.004638671875,22111,22111
gpt-j-6b-fp32,std_imp_asc,0.2,89,89,MORE-LESS,pair8,P,-0.018749237060546875,-0.040790557861328125,969,969
gpt-j-6b-fp32,std_imp_asc,0.2,89,89,MORE-LESS,pair8,Q,0.0015001296997070312,-0.0677337646484375,969,969
gpt-j-6b-fp32,std_imp_asc,0.2,89,89,MORE-LESS,pair9,P,-0.08556365966796875,-0.04045295715332031,34439,34439
gpt-j-6b-fp32,std_imp_asc,0.2,89,89,MORE-LESS,pair9,Q,-0.070343017578125,-0.06364727020263672,34439,34439
gpt-j-6b-fp32,std_imp_asc,0.200893,90,90,SAME-OPP,pair0,P,0.056595802307128906,-0.12398147583007812,632,632
gpt-j-6b-fp32,std_imp_asc,0.200893,90,90,SAME-OPP,pair0,Q,0.05701732635498047,0.021669387817382812,39733,39733
gpt-j-6b-fp32,std_imp_asc,0.200893,90,90,SAME-OPP,pair1,P,0.022948265075683594,-0.0354766845703125,27059,27059
gpt-j-6b-fp32,std_imp_asc,0.200893,90,90,SAME-OPP,pair1,Q,0.03448200225830078,0.04150104522705078,19157,19157
gpt-j-6b-fp32,std_imp_asc,0.200893,90,90,SAME-OPP,pair2,P,-0.037375450134277344,-0.013910293579101562,632,632
gpt-j-6b-fp32,std_imp_asc,0.200893,90,90,SAME-OPP,pair2,Q,0.02136516571044922,0.01805400848388672,632,632
gpt-j-6b-fp32,std_imp_asc,0.200893,90,90,SAME-OPP,pair3,P,-0.055149078369140625,-0.07438945770263672,27059,27059
gpt-j-6b-fp32,std_imp_asc,0.200893,90,90,SAME-OPP,pair3,Q,0.02788829803466797,0.00774383544921875,632,632
gpt-j-6b-fp32,std_imp_asc,0.200893,90,90,SAME-OPP,pair4,P,0.01969432830810547,-0.025116920471191406,27059,27059
gpt-j-6b-fp32,std_imp_asc,0.200893,90,90,SAME-OPP,pair4,Q,0.026214599609375,0.037853240966796875,632,632
gpt-j-6b-fp32,std_imp_asc,0.200893,90,90,SAME-OPP,pair5,P,-0.06660652160644531,-0.048956871032714844,27059,27059
gpt-j-6b-fp32,std_imp_asc,0.200893,90,90,SAME-OPP,pair5,Q,0.036342620849609375,0.047957420349121094,632,632
gpt-j-6b-fp32,std_imp_asc,0.200893,90,90,SAME-OPP,pair6,P,-0.04308509826660156,-0.09938335418701172,27059,27059
gpt-j-6b-fp32,std_imp_asc,0.200893,90,90,SAME-OPP,pair6,Q,0.03579902648925781,-0.028179168701171875,632,632
gpt-j-6b-fp32,std_imp_asc,0.200893,90,90,SAME-OPP,pair7,P,-0.02641010284423828,0.021409988403320312,632,632
gpt-j-6b-fp32,std_imp_asc,0.200893,90,90,SAME-OPP,pair7,Q,0.05614471435546875,0.03075408935546875,632,632
gpt-j-6b-fp32,std_imp_asc,0.200893,90,90,SAME-OPP,pair8,P,-0.1195840835571289,-0.07680892944335938,581,581
gpt-j-6b-fp32,std_imp_asc,0.200893,90,90,SAME-OPP,pair8,Q,0.04532146453857422,0.07563114166259766,581,1874
gpt-j-6b-fp32,std_imp_asc,0.200893,90,90,SAME-OPP,pair9,P,0.0057373046875,-0.045497894287109375,27059,27059
gpt-j-6b-fp32,std_imp_asc,0.200893,90,90,SAME-OPP,pair9,Q,0.0440673828125,0.0013980865478515625,1928,23663
gpt-j-6b-fp32,std_imp_asc,0.200893,90,90,SAME-MORE,pair0,P,0.19029903411865234,0.06518840789794922,632,632
gpt-j-6b-fp32,std_imp_asc,0.200893,90,90,SAME-MORE,pair0,Q,-0.1324138641357422,-0.3493509292602539,39733,39733
gpt-j-6b-fp32,std_imp_asc,0.200893,90,90,SAME-MORE,pair1,P,0.24904346466064453,0.7500162124633789,27059,18605
gpt-j-6b-fp32,std_imp_asc,0.200893,90,90,SAME-MORE,pair1,Q,-0.31317996978759766,0.13609695434570312,19157,18605
gpt-j-6b-fp32,std_imp_asc,0.200893,90,90,SAME-MORE,pair2,P,0.39057064056396484,0.871307373046875,632,632
gpt-j-6b-fp32,std_imp_asc,0.200893,90,90,SAME-MORE,pair2,Q,0.008165359497070312,0.3776865005493164,632,632
gpt-j-6b-fp32,std_imp_asc,0.200893,90,90,SAME-MORE,pair3,P,-0.1732196807861328,-0.3842153549194336,27059,969
gpt-j-6b-fp32,std_imp_asc,0.200893,90,90,SAME-MORE,pair3,Q,-0.0868988037109375,-0.4957399368286133,632,632
gpt-j-6b-fp32,std_imp_asc,0.200893,90,90,SAME-MORE,pair4,P,0.12049579620361328,1.6646595001220703,27059,27059
gpt-j-6b-fp32,std_imp_asc,0.200893,90,90,SAME-MORE,pair4,Q,-0.1684417724609375,0.6363048553466797,632,23448
gpt-j-6b-fp32,std_imp_asc,0.200893,90,90,SAME-MORE,pair5,P,-0.23059654235839844,0.2218332290649414,27059,969
gpt-j-6b-fp32,std_imp_asc,0.200893,90,90,SAME-MORE,pair5,Q,-0.06166553497314453,-0.32605648040771484,632,632
gpt-j-6b-fp32,std_imp_asc,0.200893,90,90,SAME-MORE,pair6,P,-0.34703540802001953,0.03806495666503906,27059,6514
gpt-j-6b-fp32,std_imp_asc,0.200893,90,90,SAME-MORE,pair6,Q,-0.43758583068847656,0.06416797637939453,632,632
gpt-j-6b-fp32,std_imp_asc,0.200893,90,90,SAME-MORE,pair7,P,0.05489635467529297,0.4622335433959961,632,632
gpt-j-6b-fp32,std_imp_asc,0.200893,90,90,SAME-MORE,pair7,Q,-0.011847496032714844,0.013300895690917969,632,632
gpt-j-6b-fp32,std_imp_asc,0.200893,90,90,SAME-MORE,pair8,P,-0.22148609161376953,-0.6444320678710938,581,969
gpt-j-6b-fp32,std_imp_asc,0.200893,90,90,SAME-MORE,pair8,Q,-0.029193878173828125,-0.7815275192260742,581,632
gpt-j-6b-fp32,std_imp_asc,0.200893,90,90,SAME-MORE,pair9,P,-0.37630558013916016,0.2119770050048828,27059,23663
gpt-j-6b-fp32,std_imp_asc,0.200893,90,90,SAME-MORE,pair9,Q,-0.1267719268798828,-0.1929607391357422,1928,23663
gpt-j-6b-fp32,std_imp_asc,0.200893,90,90,SAME-LESS,pair0,P,0.10758495330810547,2.696287155151367,632,632
gpt-j-6b-fp32,std_imp_asc,0.200893,90,90,SAME-LESS,pair0,Q,-0.16349124908447266,2.301602363586426,39733,39733
gpt-j-6b-fp32,std_imp_asc,0.200893,90,90,SAME-LESS,pair1,P,0.2673625946044922,2.136795997619629,27059,18605
gpt-j-6b-fp32,std_imp_asc,0.200893,90,90,SAME-LESS,pair1,Q,-0.2858552932739258,1.580183982849121,19157,18605
gpt-j-6b-fp32,std_imp_asc,0.200893,90,90,SAME-LESS,pair2,P,0.4950876235961914,3.7384777069091797,632,27059
gpt-j-6b-fp32,std_imp_asc,0.200893,90,90,SAME-LESS,pair2,Q,0.034354209899902344,3.468717575073242,632,632
gpt-j-6b-fp32,std_imp_asc,0.200893,90,90,SAME-LESS,pair3,P,-0.20022201538085938,3.217191696166992,27059,969
gpt-j-6b-fp32,std_imp_asc,0.200893,90,90,SAME-LESS,pair3,Q,-0.07103252410888672,2.427201271057129,632,632
gpt-j-6b-fp32,std_imp_asc,0.200893,90,90,SAME-LESS,pair4,P,0.15769481658935547,2.644681930541992,27059,27059
gpt-j-6b-fp32,std_imp_asc,0.200893,90,90,SAME-LESS,pair4,Q,-0.18244647979736328,2.5361452102661133,632,23448
gpt-j-6b-fp32,std_imp_asc,0.200893,90,90,SAME-LESS,pair5,P,-0.21360206604003906,3.2255916595458984,27059,969
gpt-j-6b-fp32,std_imp_asc,0.200893,90,90,SAME-LESS,pair5,Q,-0.052018165588378906,2.6163158416748047,632,632
gpt-j-6b-fp32,std_imp_asc,0.200893,90,90,SAME-LESS,pair6,P,-0.2987852096557617,2.9449262619018555,27059,6514
gpt-j-6b-fp32,std_imp_asc,0.200893,90,90,SAME-LESS,pair6,Q,-0.3864154815673828,2.3857364654541016,632,632
gpt-j-6b-fp32,std_imp_asc,0.200893,90,90,SAME-LESS,pair7,P,0.1100454330444336,1.9292707443237305,632,632
gpt-j-6b-fp32,std_imp_asc,0.200893,90,90,SAME-LESS,pair7,Q,-0.024605751037597656,1.8989028930664062,632,632
gpt-j-6b-fp32,std_imp_asc,0.200893,90,90,SAME-LESS,pair8,P,-0.1569805145263672,2.657197952270508,581,969
gpt-j-6b-fp32,std_imp_asc,0.200893,90,90,SAME-LESS,pair8,Q,0.03249168395996094,1.3544692993164062,581,632
gpt-j-6b-fp32,std_imp_asc,0.200893,90,90,SAME-LESS,pair9,P,-0.3906707763671875,1.4966421127319336,27059,34439
gpt-j-6b-fp32,std_imp_asc,0.200893,90,90,SAME-LESS,pair9,Q,-0.1509113311767578,0.7106857299804688,1928,23663
gpt-j-6b-fp32,std_imp_asc,0.200893,90,90,OPP-MORE,pair0,P,-0.9056472778320312,0.4425163269042969,632,632
gpt-j-6b-fp32,std_imp_asc,0.200893,90,90,OPP-MORE,pair0,Q,-0.2852001190185547,0.08757686614990234,39733,39733
gpt-j-6b-fp32,std_imp_asc,0.200893,90,90,OPP-MORE,pair1,P,-0.7683067321777344,0.842198371887207,27059,18605
gpt-j-6b-fp32,std_imp_asc,0.200893,90,90,OPP-MORE,pair1,Q,-0.7806930541992188,0.31783103942871094,19157,18605
gpt-j-6b-fp32,std_imp_asc,0.200893,90,90,OPP-MORE,pair2,P,-0.8292627334594727,1.0535621643066406,27059,27059
gpt-j-6b-fp32,std_imp_asc,0.200893,90,90,OPP-MORE,pair2,Q,-1.040907859802246,0.5279426574707031,632,632
gpt-j-6b-fp32,std_imp_asc,0.200893,90,90,OPP-MORE,pair3,P,-1.259439468383789,-0.2864990234375,27059,969
gpt-j-6b-fp32,std_imp_asc,0.200893,90,90,OPP-MORE,pair3,Q,-1.0328893661499023,-0.3652677536010742,5930,632
gpt-j-6b-fp32,std_imp_asc,0.200893,90,90,OPP-MORE,pair4,P,-1.0719079971313477,1.8953466415405273,27059,27059
gpt-j-6b-fp32,std_imp_asc,0.200893,90,90,OPP-MORE,pair4,Q,-0.8733024597167969,0.9675168991088867,632,23448
gpt-j-6b-fp32,std_imp_asc,0.200893,90,90,OPP-MORE,pair5,P,-1.089792251586914,0.3659839630126953,27059,27059
gpt-j-6b-fp32,std_imp_asc,0.200893,90,90,OPP-MORE,pair5,Q,-1.0686378479003906,-0.15770721435546875,632,632
gpt-j-6b-fp32,std_imp_asc,0.200893,90,90,OPP-MORE,pair6,P,-0.7385835647583008,0.2924919128417969,27059,6514
gpt-j-6b-fp32,std_imp_asc,0.200893,90,90,OPP-MORE,pair6,Q,-0.7453651428222656,0.2888031005859375,632,632
gpt-j-6b-fp32,std_imp_asc,0.200893,90,90,OPP-MORE,pair7,P,-0.8236703872680664,0.5810623168945312,632,632
gpt-j-6b-fp32,std_imp_asc,0.200893,90,90,OPP-MORE,pair7,Q,-0.3424491882324219,0.23179244995117188,632,632
gpt-j-6b-fp32,std_imp_asc,0.200893,90,90,OPP-MORE,pair8,P,-1.2786941528320312,-0.29024219512939453,1874,969
gpt-j-6b-fp32,std_imp_asc,0.200893,90,90,OPP-MORE,pair8,Q,-1.082228660583496,-0.5126924514770508,1874,19157
gpt-j-6b-fp32,std_imp_asc,0.200893,90,90,OPP-MORE,pair9,P,-1.0194978713989258,0.617426872253418,27059,23663
gpt-j-6b-fp32,std_imp_asc,0.200893,90,90,OPP-MORE,pair9,Q,-0.9693059921264648,0.21340465545654297,23663,23663
gpt-j-6b-fp32,std_imp_asc,0.200893,90,90,OPP-LESS,pair0,P,-0.9162073135375977,2.1320009231567383,632,632
gpt-j-6b-fp32,std_imp_asc,0.200893,90,90,OPP-LESS,pair0,Q,-0.2674999237060547,1.6859254837036133,39733,39733
gpt-j-6b-fp32,std_imp_asc,0.200893,90,90,OPP-LESS,pair1,P,-0.72674560546875,1.8470849990844727,27059,18605
gpt-j-6b-fp32,std_imp_asc,0.200893,90,90,OPP-LESS,pair1,Q,-0.7493820190429688,1.428192138671875,19157,18605
gpt-j-6b-fp32,std_imp_asc,0.200893,90,90,OPP-LESS,pair2,P,-0.7469654083251953,3.5456371307373047,27059,27059
gpt-j-6b-fp32,std_imp_asc,0.200893,90,90,OPP-LESS,pair2,Q,-0.9759120941162109,3.3575897216796875,632,632
gpt-j-6b-fp32,std_imp_asc,0.200893,90,90,OPP-LESS,pair3,P,-1.2613706588745117,2.9240846633911133,27059,969
gpt-j-6b-fp32,std_imp_asc,0.200893,90,90,OPP-LESS,pair3,Q,-1.022385597229004,2.1558189392089844,5930,632
gpt-j-6b-fp32,std_imp_asc,0.200893,90,90,OPP-LESS,pair4,P,-1.080174446105957,2.563876152038574,27059,27059
gpt-j-6b-fp32,std_imp_asc,0.200893,90,90,OPP-LESS,pair4,Q,-0.875762939453125,2.455561637878418,632,23448
gpt-j-6b-fp32,std_imp_asc,0.200893,90,90,OPP-LESS,pair5,P,-1.0571002960205078,3.184946060180664,27059,27059
gpt-j-6b-fp32,std_imp_asc,0.200893,90,90,OPP-LESS,pair5,Q,-1.0462074279785156,2.7645797729492188,632,632
gpt-j-6b-fp32,std_imp_asc,0.200893,90,90,OPP-LESS,pair6,P,-0.7441253662109375,1.9902067184448242,27059,6514
gpt-j-6b-fp32,std_imp_asc,0.200893,90,90,OPP-LESS,pair6,Q,-0.7312345504760742,1.5211124420166016,632,632
gpt-j-6b-fp32,std_imp_asc,0.200893,90,90,OPP-LESS,pair7,P,-0.7517738342285156,1.7150068283081055,632,632
gpt-j-6b-fp32,std_imp_asc,0.200893,90,90,OPP-LESS,pair7,Q,-0.3298635482788086,1.6237802505493164,632,632
gpt-j-6b-fp32,std_imp_asc,0.200893,90,90,OPP-LESS,pair8,P,-1.2436494827270508,2.633035659790039,1874,969
gpt-j-6b-fp32,std_imp_asc,0.200893,90,90,OPP-LESS,pair8,Q,-1.0255193710327148,1.3525915145874023,1874,19157
gpt-j-6b-fp32,std_imp_asc,0.200893,90,90,OPP-LESS,pair9,P,-1.0101099014282227,1.411280632019043,27059,23663
gpt-j-6b-fp32,std_imp_asc,0.200893,90,90,OPP-LESS,pair9,Q,-0.9429454803466797,0.7893705368041992,23663,23663
gpt-j-6b-fp32,std_imp_asc,0.200893,90,90,MORE-LESS,pair0,P,-0.006526947021484375,0.04300975799560547,10255,10255
gpt-j-6b-fp32,std_imp_asc,0.200893,90,90,MORE-LESS,pair0,Q,0.013225555419921875,-0.016753196716308594,10255,10255
gpt-j-6b-fp32,std_imp_asc,0.200893,90,90,MORE-LESS,pair1,P,-0.05153656005859375,-0.03555488586425781,18605,18605
gpt-j-6b-fp32,std_imp_asc,0.200893,90,90,MORE-LESS,pair1,Q,-0.022530555725097656,-0.02506732940673828,18605,18605
gpt-j-6b-fp32,std_imp_asc,0.200893,90,90,MORE-LESS,pair2,P,-0.031821250915527344,0.0006542205810546875,8038,8038
gpt-j-6b-fp32,std_imp_asc,0.200893,90,90,MORE-LESS,pair2,Q,-0.04235649108886719,-0.003985404968261719,8038,8038
gpt-j-6b-fp32,std_imp_asc,0.200893,90,90,MORE-LESS,pair3,P,0.030081748962402344,-0.015433311462402344,1234,1234
gpt-j-6b-fp32,std_imp_asc,0.200893,90,90,MORE-LESS,pair3,Q,-0.0012187957763671875,-0.044887542724609375,1234,1234
gpt-j-6b-fp32,std_imp_asc,0.200893,90,90,MORE-LESS,pair4,P,-0.047313690185546875,-0.03935813903808594,23448,23448
gpt-j-6b-fp32,std_imp_asc,0.200893,90,90,MORE-LESS,pair4,Q,-0.0770559310913086,-0.0605010986328125,23448,23448
gpt-j-6b-fp32,std_imp_asc,0.200893,90,90,MORE-LESS,pair5,P,-0.008024215698242188,0.09224128723144531,969,969
gpt-j-6b-fp32,std_imp_asc,0.200893,90,90,MORE-LESS,pair5,Q,0.0006999969482421875,0.051970481872558594,1426,1426
gpt-j-6b-fp32,std_imp_asc,0.200893,90,90,MORE-LESS,pair6,P,-0.24725627899169922,0.01952838897705078,6514,6514
gpt-j-6b-fp32,std_imp_asc,0.200893,90,90,MORE-LESS,pair6,Q,-0.22451496124267578,0.031706809997558594,6514,6514
gpt-j-6b-fp32,std_imp_asc,0.200893,90,90,MORE-LESS,pair7,P,-0.0382232666015625,0.0046482086181640625,22111,22111
gpt-j-6b-fp32,std_imp_asc,0.200893,90,90,MORE-LESS,pair7,Q,-0.038802146911621094,-0.0047817230224609375,22111,22111
gpt-j-6b-fp32,std_imp_asc,0.200893,90,90,MORE-LESS,pair8,P,-0.01860523223876953,-0.03998088836669922,969,969
gpt-j-6b-fp32,std_imp_asc,0.200893,90,90,MORE-LESS,pair8,Q,0.001674652099609375,-0.066986083984375,969,969
gpt-j-6b-fp32,std_imp_asc,0.200893,90,90,MORE-LESS,pair9,P,-0.08528804779052734,-0.04034233093261719,34439,34439
gpt-j-6b-fp32,std_imp_asc,0.200893,90,90,MORE-LESS,pair9,Q,-0.06984233856201172,-0.06353473663330078,34439,34439
gpt-j-6b-fp32,std_imp_asc,0.3,134,134,SAME-OPP,pair0,P,0.07987499237060547,-0.12717914581298828,632,632
gpt-j-6b-fp32,std_imp_asc,0.3,134,134,SAME-OPP,pair0,Q,0.05344676971435547,0.04825305938720703,39733,632
gpt-j-6b-fp32,std_imp_asc,0.3,134,134,SAME-OPP,pair1,P,0.0037384033203125,-0.06699466705322266,27059,27059
gpt-j-6b-fp32,std_imp_asc,0.3,134,134,SAME-OPP,pair1,Q,-0.012295722961425781,0.0321807861328125,19157,19157
gpt-j-6b-fp32,std_imp_asc,0.3,134,134,SAME-OPP,pair2,P,0.0010938644409179688,-0.0013895034790039062,632,632
gpt-j-6b-fp32,std_imp_asc,0.3,134,134,SAME-OPP,pair2,Q,0.0975046157836914,0.016737937927246094,632,632
gpt-j-6b-fp32,std_imp_asc,0.3,134,134,SAME-OPP,pair3,P,-0.044051170349121094,-0.08223438262939453,27059,27059
gpt-j-6b-fp32,std_imp_asc,0.3,134,134,SAME-OPP,pair3,Q,0.025608062744140625,0.019565582275390625,632,632
gpt-j-6b-fp32,std_imp_asc,0.3,134,134,SAME-OPP,pair4,P,0.037674903869628906,-0.07650089263916016,27059,27059
gpt-j-6b-fp32,std_imp_asc,0.3,134,134,SAME-OPP,pair4,Q,-0.0053615570068359375,0.0009622573852539062,632,632
gpt-j-6b-fp32,std_imp_asc,0.3,134,134,SAME-OPP,pair5,P,-0.04639244079589844,-0.07639694213867188,27059,27059
gpt-j-6b-fp32,std_imp_asc,0.3,134,134,SAME-OPP,pair5,Q,0.0700674057006836,0.06556129455566406,632,632
gpt-j-6b-fp32,std_imp_asc,0.3,134,134,SAME-OPP,pair6,P,-0.051815032958984375,-0.1157979965209961,27059,27059
gpt-j-6b-fp32,std_imp_asc,0.3,134,134,SAME-OPP,pair6,Q,0.0006437301635742188,-0.05195140838623047,632,632
gpt-j-6b-fp32,std_imp_asc,0.3,134,134,SAME-OPP,pair7,P,0.045627593994140625,0.05496692657470703,632,632
gpt-j-6b-fp32,std_imp_asc,0.3,134,134,SAME-OPP,pair7,Q,0.07169628143310547,0.04113578796386719,632,632
gpt-j-6b-fp32,std_imp_asc,0.3,134,134,SAME-OPP,pair8,P,-0.12945079803466797,-0.1110382080078125,581,581
gpt-j-6b-fp32,std_imp_asc,0.3,134,134,SAME-OPP,pair8,Q,0.08332252502441406,0.07207393646240234,581,1874
gpt-j-6b-fp32,std_imp_asc,0.3,134,134,SAME-OPP,pair9,P,0.030252456665039062,-0.05879497528076172,27059,27059
gpt-j-6b-fp32,std_imp_asc,0.3,134,134,SAME-OPP,pair9,Q,0.054996490478515625,-0.0027866363525390625,1928,23663
gpt-j-6b-fp32,std_imp_asc,0.3,134,134,SAME-MORE,pair0,P,-0.11676025390625,0.3475513458251953,632,10255
gpt-j-6b-fp32,std_imp_asc,0.3,134,134,SAME-MORE,pair0,Q,-0.6576738357543945,-0.1010446548461914,39733,39733
gpt-j-6b-fp32,std_imp_asc,0.3,134,134,SAME-MORE,pair1,P,0.009218215942382812,1.01141357421875,27059,18605
gpt-j-6b-fp32,std_imp_asc,0.3,134,134,SAME-MORE,pair1,Q,-0.9074792861938477,0.1900806427001953,19157,18605
gpt-j-6b-fp32,std_imp_asc,0.3,134,134,SAME-MORE,pair2,P,0.007363319396972656,2.029672622680664,632,376
gpt-j-6b-fp32,std_imp_asc,0.3,134,134,SAME-MORE,pair2,Q,-0.5643701553344727,1.0621929168701172,632,632
gpt-j-6b-fp32,std_imp_asc,0.3,134,134,SAME-MORE,pair3,P,-0.5716657638549805,-0.042069435119628906,27059,969
gpt-j-6b-fp32,std_imp_asc,0.3,134,134,SAME-MORE,pair3,Q,-0.6096220016479492,-0.34486961364746094,632,632
gpt-j-6b-fp32,std_imp_asc,0.3,134,134,SAME-MORE,pair4,P,-0.04128456115722656,1.7328357696533203,27059,27059
gpt-j-6b-fp32,std_imp_asc,0.3,134,134,SAME-MORE,pair4,Q,-0.7174673080444336,0.9503669738769531,632,23448
gpt-j-6b-fp32,std_imp_asc,0.3,134,134,SAME-MORE,pair5,P,-0.650507926940918,0.24463653564453125,27059,969
gpt-j-6b-fp32,std_imp_asc,0.3,134,134,SAME-MORE,pair5,Q,-0.5682888031005859,-0.1603403091430664,632,632
gpt-j-6b-fp32,std_imp_asc,0.3,134,134,SAME-MORE,pair6,P,-0.7132129669189453,0.11875438690185547,27059,6514
gpt-j-6b-fp32,std_imp_asc,0.3,134,134,SAME-MORE,pair6,Q,-0.8520565032958984,0.11420345306396484,632,632
gpt-j-6b-fp32,std_imp_asc,0.3,134,134,SAME-MORE,pair7,P,-0.16173553466796875,0.7182559967041016,632,632
gpt-j-6b-fp32,std_imp_asc,0.3,134,134,SAME-MORE,pair7,Q,-0.38834095001220703,0.1318807601928711,632,632
gpt-j-6b-fp32,std_imp_asc,0.3,134,134,SAME-MORE,pair8,P,-0.6683692932128906,0.5238943099975586,581,581
gpt-j-6b-fp32,std_imp_asc,0.3,134,134,SAME-MORE,pair8,Q,-0.5142126083374023,-0.4205284118652344,581,581
gpt-j-6b-fp32,std_imp_asc,0.3,134,134,SAME-MORE,pair9,P,-0.6313838958740234,0.6524877548217773,27059,34439
gpt-j-6b-fp32,std_imp_asc,0.3,134,134,SAME-MORE,pair9,Q,-0.6132087707519531,0.223480224609375,1928,34439
gpt-j-6b-fp32,std_imp_asc,0.3,134,134,SAME-LESS,pair0,P,-0.1818695068359375,3.0727434158325195,632,10255
gpt-j-6b-fp32,std_imp_asc,0.3,134,134,SAME-LESS,pair0,Q,-0.6995992660522461,2.512722969055176,39733,39733
gpt-j-6b-fp32,std_imp_asc,0.3,134,134,SAME-LESS,pair1,P,0.027311325073242188,2.8140439987182617,27059,18605
gpt-j-6b-fp32,std_imp_asc,0.3,134,134,SAME-LESS,pair1,Q,-0.8988370895385742,2.3873891830444336,19157,18605
gpt-j-6b-fp32,std_imp_asc,0.3,134,134,SAME-LESS,pair2,P,0.13443470001220703,4.224055290222168,632,376
gpt-j-6b-fp32,std_imp_asc,0.3,134,134,SAME-LESS,pair2,Q,-0.5703344345092773,4.006207466125488,632,632
gpt-j-6b-fp32,std_imp_asc,0.3,134,134,SAME-LESS,pair3,P,-0.5950307846069336,3.6094493865966797,27059,969
gpt-j-6b-fp32,std_imp_asc,0.3,134,134,SAME-LESS,pair3,Q,-0.5937738418579102,2.703857421875,632,632
gpt-j-6b-fp32,std_imp_asc,0.3,134,134,SAME-LESS,pair4,P,-0.0048828125,2.929534912109375,27059,27059
gpt-j-6b-fp32,std_imp_asc,0.3,134,134,SAME-LESS,pair4,Q,-0.7246465682983398,2.650796890258789,632,23448
gpt-j-6b-fp32,std_imp_asc,0.3,134,134,SAME-LESS,pair5,P,-0.6222515106201172,3.680622100830078,27059,969
gpt-j-6b-fp32,std_imp_asc,0.3,134,134,SAME-LESS,pair5,Q,-0.5828208923339844,2.9603261947631836,632,632
gpt-j-6b-fp32,std_imp_asc,0.3,134,134,SAME-LESS,pair6,P,-0.6626310348510742,3.280986785888672,27059,6514
gpt-j-6b-fp32,std_imp_asc,0.3,134,134,SAME-LESS,pair6,Q,-0.8019199371337891,2.685495376586914,632,632
gpt-j-6b-fp32,std_imp_asc,0.3,134,134,SAME-LESS,pair7,P,-0.11148834228515625,2.251591682434082,632,632
gpt-j-6b-fp32,std_imp_asc,0.3,134,134,SAME-LESS,pair7,Q,-0.4448976516723633,2.007758140563965,632,632
gpt-j-6b-fp32,std_imp_asc,0.3,134,134,SAME-LESS,pair8,P,-0.5751829147338867,3.1810789108276367,581,581
gpt-j-6b-fp32,std_imp_asc,0.3,134,134,SAME-LESS,pair8,Q,-0.4540071487426758,1.852029800415039,581,581
gpt-j-6b-fp32,std_imp_asc,0.3,134,134,SAME-LESS,pair9,P,-0.6677141189575195,1.7607126235961914,27059,34439
gpt-j-6b-fp32,std_imp_asc,0.3,134,134,SAME-LESS,pair9,Q,-0.6588411331176758,0.9049358367919922,1928,34439
gpt-j-6b-fp32,std_imp_asc,0.3,134,134,OPP-MORE,pair0,P,-1.8405179977416992,0.8025989532470703,632,10255
gpt-j-6b-fp32,std_imp_asc,0.3,134,134,OPP-MORE,pair0,Q,-0.0911407470703125,0.3319816589355469,39733,39733
gpt-j-6b-fp32,std_imp_asc,0.3,134,134,OPP-MORE,pair1,P,-1.6848955154418945,1.1023979187011719,27059,18605
gpt-j-6b-fp32,std_imp_asc,0.3,134,134,OPP-MORE,pair1,Q,-0.6415700912475586,0.3486499786376953,19157,18605
gpt-j-6b-fp32,std_imp_asc,0.3,134,134,OPP-MORE,pair2,P,-1.2891960144042969,2.2688302993774414,27059,376
gpt-j-6b-fp32,std_imp_asc,0.3,134,134,OPP-MORE,pair2,Q,-0.620387077331543,1.2498664855957031,632,376
gpt-j-6b-fp32,std_imp_asc,0.3,134,134,OPP-MORE,pair3,P,-2.0300073623657227,0.1261911392211914,27059,969
gpt-j-6b-fp32,std_imp_asc,0.3,134,134,OPP-MORE,pair3,Q,-0.7971115112304688,-0.18367671966552734,5930,5930
gpt-j-6b-fp32,std_imp_asc,0.3,134,134,OPP-MORE,pair4,P,-1.9997258186340332,1.9352006912231445,27059,23448
gpt-j-6b-fp32,std_imp_asc,0.3,134,134,OPP-MORE,pair4,Q,-0.6281795501708984,1.2761287689208984,632,23448
gpt-j-6b-fp32,std_imp_asc,0.3,134,134,OPP-MORE,pair5,P,-1.9926834106445312,0.43479156494140625,27059,969
gpt-j-6b-fp32,std_imp_asc,0.3,134,134,OPP-MORE,pair5,Q,-0.8808984756469727,-0.01848125457763672,632,632
gpt-j-6b-fp32,std_imp_asc,0.3,134,134,OPP-MORE,pair6,P,-1.6577939987182617,0.3736429214477539,27059,6514
gpt-j-6b-fp32,std_imp_asc,0.3,134,134,OPP-MORE,pair6,Q,-0.6058635711669922,0.31130027770996094,632,632
gpt-j-6b-fp32,std_imp_asc,0.3,134,134,OPP-MORE,pair7,P,-2.2205514907836914,0.9659910202026367,632,632
gpt-j-6b-fp32,std_imp_asc,0.3,134,134,OPP-MORE,pair7,Q,-0.07106685638427734,0.4416179656982422,632,632
gpt-j-6b-fp32,std_imp_asc,0.3,134,134,OPP-MORE,pair8,P,-2.0898475646972656,0.8871326446533203,1874,581
gpt-j-6b-fp32,std_imp_asc,0.3,134,134,OPP-MORE,pair8,Q,-0.8144397735595703,-0.08578681945800781,1874,581
gpt-j-6b-fp32,std_imp_asc,0.3,134,134,OPP-MORE,pair9,P,-1.8666629791259766,1.1180038452148438,27059,34439
gpt-j-6b-fp32,std_imp_asc,0.3,134,134,OPP-MORE,pair9,Q,-0.6679668426513672,0.7071352005004883,23663,34439
gpt-j-6b-fp32,std_imp_asc,0.3,134,134,OPP-LESS,pair0,P,-1.8918952941894531,2.4348011016845703,632,10255
gpt-j-6b-fp32,std_imp_asc,0.3,134,134,OPP-LESS,pair0,Q,-0.06858634948730469,1.8700370788574219,39733,39733
gpt-j-6b-fp32,std_imp_asc,0.3,134,134,OPP-LESS,pair1,P,-1.668680191040039,2.565004348754883,27059,18605
gpt-j-6b-fp32,std_imp_asc,0.3,134,134,OPP-LESS,pair1,Q,-0.6000041961669922,2.2570905685424805,19157,18605
gpt-j-6b-fp32,std_imp_asc,0.3,134,134,OPP-LESS,pair2,P,-1.2359485626220703,4.071866035461426,27059,376
gpt-j-6b-fp32,std_imp_asc,0.3,134,134,OPP-LESS,pair2,Q,-0.5328540802001953,3.8770503997802734,632,376
gpt-j-6b-fp32,std_imp_asc,0.3,134,134,OPP-LESS,pair3,P,-2.037510871887207,3.30422306060791,27059,969
gpt-j-6b-fp32,std_imp_asc,0.3,134,134,OPP-LESS,pair3,Q,-0.7672023773193359,2.351024627685547,5930,5930
gpt-j-6b-fp32,std_imp_asc,0.3,134,134,OPP-LESS,pair4,P,-2.000960350036621,2.836186408996582,27059,27059
gpt-j-6b-fp32,std_imp_asc,0.3,134,134,OPP-LESS,pair4,Q,-0.6111812591552734,2.544839859008789,632,23448
gpt-j-6b-fp32,std_imp_asc,0.3,134,134,OPP-LESS,pair5,P,-1.9578428268432617,3.707164764404297,27059,969
gpt-j-6b-fp32,std_imp_asc,0.3,134,134,OPP-LESS,pair5,Q,-0.8309268951416016,3.1193246841430664,632,632
gpt-j-6b-fp32,std_imp_asc,0.3,134,134,OPP-LESS,pair6,P,-1.6718645095825195,2.3092775344848633,27059,6514
gpt-j-6b-fp32,std_imp_asc,0.3,134,134,OPP-LESS,pair6,Q,-0.5715446472167969,1.763601303100586,632,632
gpt-j-6b-fp32,std_imp_asc,0.3,134,134,OPP-LESS,pair7,P,-2.1859307289123535,2.032843589782715,632,632
gpt-j-6b-fp32,std_imp_asc,0.3,134,134,OPP-LESS,pair7,Q,-0.03521537780761719,1.6831798553466797,632,632
gpt-j-6b-fp32,std_imp_asc,0.3,134,134,OPP-LESS,pair8,P,-2.046506881713867,3.2041778564453125,1874,581
gpt-j-6b-fp32,std_imp_asc,0.3,134,134,OPP-LESS,pair8,Q,-0.754328727722168,1.8017139434814453,1874,581
gpt-j-6b-fp32,std_imp_asc,0.3,134,134,OPP-LESS,pair9,P,-1.8688459396362305,1.6676387786865234,27059,34439
gpt-j-6b-fp32,std_imp_asc,0.3,134,134,OPP-LESS,pair9,Q,-0.6361923217773438,0.9677438735961914,23663,34439
gpt-j-6b-fp32,std_imp_asc,0.3,134,134,MORE-LESS,pair0,P,-0.0066967010498046875,0.03137779235839844,10255,10255
gpt-j-6b-fp32,std_imp_asc,0.3,134,134,MORE-LESS,pair0,Q,-0.0016431808471679688,-0.028150558471679688,10255,10255
gpt-j-6b-fp32,std_imp_asc,0.3,134,134,MORE-LESS,pair1,P,-0.07373714447021484,-0.05123710632324219,18605,18605
gpt-j-6b-fp32,std_imp_asc,0.3,134,134,MORE-LESS,pair1,Q,-0.04877758026123047,-0.02431964874267578,18605,18605
gpt-j-6b-fp32,std_imp_asc,0.3,134,134,MORE-LESS,pair2,P,-0.05988502502441406,0.003505706787109375,8038,8038
gpt-j-6b-fp32,std_imp_asc,0.3,134,134,MORE-LESS,pair2,Q,-0.09563541412353516,-0.0016956329345703125,8038,8038
gpt-j-6b-fp32,std_imp_asc,0.3,134,134,MORE-LESS,pair3,P,0.058159828186035156,-0.004479408264160156,1234,1234
gpt-j-6b-fp32,std_imp_asc,0.3,134,134,MORE-LESS,pair3,Q,-0.0001354217529296875,-0.05642127990722656,1234,1234
gpt-j-6b-fp32,std_imp_asc,0.3,134,134,MORE-LESS,pair4,P,-0.07805538177490234,-0.056034088134765625,23448,23448
gpt-j-6b-fp32,std_imp_asc,0.3,134,134,MORE-LESS,pair4,Q,-0.1060342788696289,-0.0760335922241211,23448,23448
gpt-j-6b-fp32,std_imp_asc,0.3,134,134,MORE-LESS,pair5,P,-0.024471282958984375,0.09474658966064453,969,969
gpt-j-6b-fp32,std_imp_asc,0.3,134,134,MORE-LESS,pair5,Q,-0.023227691650390625,0.01682567596435547,1426,1426
gpt-j-6b-fp32,std_imp_asc,0.3,134,134,MORE-LESS,pair6,P,-0.28019046783447266,0.055617332458496094,6514,6514
gpt-j-6b-fp32,std_imp_asc,0.3,134,134,MORE-LESS,pair6,Q,-0.2585010528564453,0.062191009521484375,6514,6514
gpt-j-6b-fp32,std_imp_asc,0.3,134,134,MORE-LESS,pair7,P,-0.032614707946777344,-0.005950927734375,22111,22111
gpt-j-6b-fp32,std_imp_asc,0.3,134,134,MORE-LESS,pair7,Q,-0.050518035888671875,-0.013749122619628906,22111,22111
gpt-j-6b-fp32,std_imp_asc,0.3,134,134,MORE-LESS,pair8,P,-0.055362701416015625,-0.05820655822753906,969,969
gpt-j-6b-fp32,std_imp_asc,0.3,134,134,MORE-LESS,pair8,Q,-0.024992942810058594,-0.10670185089111328,969,969
gpt-j-6b-fp32,std_imp_asc,0.3,134,134,MORE-LESS,pair9,P,-0.13027286529541016,-0.0211944580078125,34439,34439
gpt-j-6b-fp32,std_imp_asc,0.3,134,134,MORE-LESS,pair9,Q,-0.12687301635742188,-0.054457664489746094,34439,34439
gpt-j-6b-fp32,std_imp_asc,0.5,224,224,SAME-OPP,pair0,P,-0.009247779846191406,-0.08835697174072266,632,632
gpt-j-6b-fp32,std_imp_asc,0.5,224,224,SAME-OPP,pair0,Q,0.07085323333740234,0.1597309112548828,39733,39733
gpt-j-6b-fp32,std_imp_asc,0.5,224,224,SAME-OPP,pair1,P,-0.06332969665527344,-0.007297515869140625,27059,27059
gpt-j-6b-fp32,std_imp_asc,0.5,224,224,SAME-OPP,pair1,Q,0.051364898681640625,0.15162086486816406,19157,19157
gpt-j-6b-fp32,std_imp_asc,0.5,224,224,SAME-OPP,pair2,P,0.23340988159179688,-0.030492782592773438,632,27059
gpt-j-6b-fp32,std_imp_asc,0.5,224,224,SAME-OPP,pair2,Q,0.2547178268432617,0.10270118713378906,632,632
gpt-j-6b-fp32,std_imp_asc,0.5,224,224,SAME-OPP,pair3,P,-0.02311992645263672,-0.17965221405029297,27059,27059
gpt-j-6b-fp32,std_imp_asc,0.5,224,224,SAME-OPP,pair3,Q,0.022253036499023438,0.028696060180664062,632,632
gpt-j-6b-fp32,std_imp_asc,0.5,224,224,SAME-OPP,pair4,P,-0.1045980453491211,-0.13979148864746094,27059,27059
gpt-j-6b-fp32,std_imp_asc,0.5,224,224,SAME-OPP,pair4,Q,0.046143531799316406,-0.011780738830566406,632,632
gpt-j-6b-fp32,std_imp_asc,0.5,224,224,SAME-OPP,pair5,P,-0.06222343444824219,-0.13684844970703125,27059,27059
gpt-j-6b-fp32,std_imp_asc,0.5,224,224,SAME-OPP,pair5,Q,0.08269977569580078,0.04172229766845703,632,632
gpt-j-6b-fp32,std_imp_asc,0.5,224,224,SAME-OPP,pair6,P,-0.10762214660644531,-0.15394878387451172,27059,27059
gpt-j-6b-fp32,std_imp_asc,0.5,224,224,SAME-OPP,pair6,Q,0.04434680938720703,0.0045490264892578125,632,632
gpt-j-6b-fp32,std_imp_asc,0.5,224,224,SAME-OPP,pair7,P,0.010798454284667969,-0.1604928970336914,632,632
gpt-j-6b-fp32,std_imp_asc,0.5,224,224,SAME-OPP,pair7,Q,0.053307533264160156,0.02960968017578125,632,632
gpt-j-6b-fp32,std_imp_asc,0.5,224,224,SAME-OPP,pair8,P,-0.09419918060302734,-0.17466163635253906,581,632
gpt-j-6b-fp32,std_imp_asc,0.5,224,224,SAME-OPP,pair8,Q,0.15915489196777344,0.13826942443847656,581,1874
gpt-j-6b-fp32,std_imp_asc,0.5,224,224,SAME-OPP,pair9,P,-0.008649826049804688,-0.05437946319580078,27059,27059
gpt-j-6b-fp32,std_imp_asc,0.5,224,224,SAME-OPP,pair9,Q,0.13402557373046875,0.08464717864990234,1928,23663
gpt-j-6b-fp32,std_imp_asc,0.5,224,224,SAME-MORE,pair0,P,-2.3715696334838867,1.2590999603271484,632,39733
gpt-j-6b-fp32,std_imp_asc,0.5,224,224,SAME-MORE,pair0,Q,-2.422079086303711,0.04331398010253906,39733,39733
gpt-j-6b-fp32,std_imp_asc,0.5,224,224,SAME-MORE,pair1,P,-1.3631420135498047,1.3945865631103516,27059,18605
gpt-j-6b-fp32,std_imp_asc,0.5,224,224,SAME-MORE,pair1,Q,-2.9091339111328125,0.3774747848510742,19157,18605
gpt-j-6b-fp32,std_imp_asc,0.5,224,224,SAME-MORE,pair2,P,-3.569960594177246,2.8764123916625977,632,8038
gpt-j-6b-fp32,std_imp_asc,0.5,224,224,SAME-MORE,pair2,Q,-2.8647661209106445,0.7901573181152344,632,8038
gpt-j-6b-fp32,std_imp_asc,0.5,224,224,SAME-MORE,pair3,P,-1.9194135665893555,0.6001148223876953,27059,969
gpt-j-6b-fp32,std_imp_asc,0.5,224,224,SAME-MORE,pair3,Q,-2.55765438079834,-0.047607421875,632,5930
gpt-j-6b-fp32,std_imp_asc,0.5,224,224,SAME-MORE,pair4,P,-2.2463769912719727,1.874349594116211,27059,23448
gpt-j-6b-fp32,std_imp_asc,0.5,224,224,SAME-MORE,pair4,Q,-2.710886001586914,1.033538818359375,632,23448
gpt-j-6b-fp32,std_imp_asc,0.5,224,224,SAME-MORE,pair5,P,-1.9121341705322266,1.462839126586914,27059,969
gpt-j-6b-fp32,std_imp_asc,0.5,224,224,SAME-MORE,pair5,Q,-2.4382553100585938,0.2417774200439453,632,969
gpt-j-6b-fp32,std_imp_asc,0.5,224,224,SAME-MORE,pair6,P,-2.009998321533203,1.1245574951171875,27059,6514
gpt-j-6b-fp32,std_imp_asc,0.5,224,224,SAME-MORE,pair6,Q,-2.5534706115722656,0.6271448135375977,632,6514
gpt-j-6b-fp32,std_imp_asc,0.5,224,224,SAME-MORE,pair7,P,-1.996506690979004,0.6894207000732422,632,22111
gpt-j-6b-fp32,std_imp_asc,0.5,224,224,SAME-MORE,pair7,Q,-2.2976150512695312,0.21372413635253906,632,22111
gpt-j-6b-fp32,std_imp_asc,0.5,224,224,SAME-MORE,pair8,P,-2.0092029571533203,0.46881580352783203,581,969
gpt-j-6b-fp32,std_imp_asc,0.5,224,224,SAME-MORE,pair8,Q,-2.2783050537109375,-0.5400419235229492,581,581
gpt-j-6b-fp32,std_imp_asc,0.5,224,224,SAME-MORE,pair9,P,-2.409698486328125,1.116943359375,27059,34439
gpt-j-6b-fp32,std_imp_asc,0.5,224,224,SAME-MORE,pair9,Q,-2.644087791442871,0.17400836944580078,1928,34439
gpt-j-6b-fp32,std_imp_asc,0.5,224,224,SAME-LESS,pair0,P,-2.440031051635742,3.737783432006836,632,39733
gpt-j-6b-fp32,std_imp_asc,0.5,224,224,SAME-LESS,pair0,Q,-2.498636245727539,2.895087242126465,39733,39733
gpt-j-6b-fp32,std_imp_asc,0.5,224,224,SAME-LESS,pair1,P,-1.3141965866088867,3.199254035949707,27059,18605
gpt-j-6b-fp32,std_imp_asc,0.5,224,224,SAME-LESS,pair1,Q,-2.943868637084961,2.478696823120117,19157,18605
gpt-j-6b-fp32,std_imp_asc,0.5,224,224,SAME-LESS,pair2,P,-3.5585336685180664,7.114164352416992,632,8038
gpt-j-6b-fp32,std_imp_asc,0.5,224,224,SAME-LESS,pair2,Q,-2.9137725830078125,6.073556900024414,632,8038
gpt-j-6b-fp32,std_imp_asc,0.5,224,224,SAME-LESS,pair3,P,-1.898427963256836,3.7288284301757812,27059,969
gpt-j-6b-fp32,std_imp_asc,0.5,224,224,SAME-LESS,pair3,Q,-2.5119495391845703,3.138728141784668,632,5930
gpt-j-6b-fp32,std_imp_asc,0.5,224,224,SAME-LESS,pair4,P,-2.238800048828125,3.7449913024902344,27059,23448
gpt-j-6b-fp32,std_imp_asc,0.5,224,224,SAME-LESS,pair4,Q,-2.6793460845947266,3.3797473907470703,632,23448
gpt-j-6b-fp32,std_imp_asc,0.5,224,224,SAME-LESS,pair5,P,-1.9357309341430664,3.99521541595459,27059,969
gpt-j-6b-fp32,std_imp_asc,0.5,224,224,SAME-LESS,pair5,Q,-2.4910354614257812,3.600937843322754,632,969
gpt-j-6b-fp32,std_imp_asc,0.5,224,224,SAME-LESS,pair6,P,-1.8661203384399414,4.1593170166015625,27059,6514
gpt-j-6b-fp32,std_imp_asc,0.5,224,224,SAME-LESS,pair6,Q,-2.5279293060302734,3.813054084777832,632,6514
gpt-j-6b-fp32,std_imp_asc,0.5,224,224,SAME-LESS,pair7,P,-2.1173782348632812,4.066767692565918,632,22111
gpt-j-6b-fp32,std_imp_asc,0.5,224,224,SAME-LESS,pair7,Q,-2.4488649368286133,3.614665985107422,632,22111
gpt-j-6b-fp32,std_imp_asc,0.5,224,224,SAME-LESS,pair8,P,-1.8959884643554688,3.631237030029297,581,969
gpt-j-6b-fp32,std_imp_asc,0.5,224,224,SAME-LESS,pair8,Q,-2.2666826248168945,2.464336395263672,581,581
gpt-j-6b-fp32,std_imp_asc,0.5,224,224,SAME-LESS,pair9,P,-2.546581268310547,2.320098876953125,27059,34439
gpt-j-6b-fp32,std_imp_asc,0.5,224,224,SAME-LESS,pair9,Q,-2.7164487838745117,0.9863901138305664,1928,34439
gpt-j-6b-fp32,std_imp_asc,0.5,224,224,OPP-MORE,pair0,P,-6.623575210571289,1.693735122680664,632,39733
gpt-j-6b-fp32,std_imp_asc,0.5,224,224,OPP-MORE,pair0,Q,-3.3088512420654297,0.4164543151855469,39733,39733
gpt-j-6b-fp32,std_imp_asc,0.5,224,224,OPP-MORE,pair1,P,-6.50736665725708,1.5749483108520508,27059,18605
gpt-j-6b-fp32,std_imp_asc,0.5,224,224,OPP-MORE,pair1,Q,-4.395995140075684,0.5385293960571289,19157,18605
gpt-j-6b-fp32,std_imp_asc,0.5,224,224,OPP-MORE,pair2,P,-6.090834617614746,3.376523971557617,27059,8038
gpt-j-6b-fp32,std_imp_asc,0.5,224,224,OPP-MORE,pair2,Q,-4.094010829925537,1.2194738388061523,632,8038
gpt-j-6b-fp32,std_imp_asc,0.5,224,224,OPP-MORE,pair3,P,-7.043569803237915,0.8214111328125,27059,969
gpt-j-6b-fp32,std_imp_asc,0.5,224,224,OPP-MORE,pair3,Q,-3.8552041053771973,0.17080211639404297,5930,5930
gpt-j-6b-fp32,std_imp_asc,0.5,224,224,OPP-MORE,pair4,P,-6.487590312957764,2.138979911804199,27059,23448
gpt-j-6b-fp32,std_imp_asc,0.5,224,224,OPP-MORE,pair4,Q,-3.9479317665100098,1.3684425354003906,632,23448
gpt-j-6b-fp32,std_imp_asc,0.5,224,224,OPP-MORE,pair5,P,-6.615413188934326,1.7691564559936523,27059,969
gpt-j-6b-fp32,std_imp_asc,0.5,224,224,OPP-MORE,pair5,Q,-3.7528839111328125,0.5417795181274414,632,969
gpt-j-6b-fp32,std_imp_asc,0.5,224,224,OPP-MORE,pair6,P,-6.18934440612793,1.4373893737792969,27059,6514
gpt-j-6b-fp32,std_imp_asc,0.5,224,224,OPP-MORE,pair6,Q,-3.6514878273010254,0.9035110473632812,632,6514
gpt-j-6b-fp32,std_imp_asc,0.5,224,224,OPP-MORE,pair7,P,-6.014016151428223,1.016815185546875,632,22111
gpt-j-6b-fp32,std_imp_asc,0.5,224,224,OPP-MORE,pair7,Q,-2.737701892852783,0.588627815246582,632,22111
gpt-j-6b-fp32,std_imp_asc,0.5,224,224,OPP-MORE,pair8,P,-7.373715162277222,0.9761505126953125,1874,969
gpt-j-6b-fp32,std_imp_asc,0.5,224,224,OPP-MORE,pair8,Q,-3.930756092071533,-0.15928077697753906,1874,581
gpt-j-6b-fp32,std_imp_asc,0.5,224,224,OPP-MORE,pair9,P,-6.78179407119751,1.6311721801757812,27059,34439
gpt-j-6b-fp32,std_imp_asc,0.5,224,224,OPP-MORE,pair9,Q,-4.165004253387451,0.6635475158691406,23663,34439
gpt-j-6b-fp32,std_imp_asc,0.5,224,224,OPP-LESS,pair0,P,-6.748078346252441,3.103178024291992,632,39733
gpt-j-6b-fp32,std_imp_asc,0.5,224,224,OPP-LESS,pair0,Q,-3.4356226921081543,2.152484893798828,39733,39733
gpt-j-6b-fp32,std_imp_asc,0.5,224,224,OPP-LESS,pair1,P,-6.51690673828125,2.9638309478759766,27059,18605
gpt-j-6b-fp32,std_imp_asc,0.5,224,224,OPP-LESS,pair1,Q,-4.440615177154541,2.2978458404541016,19157,18605
gpt-j-6b-fp32,std_imp_asc,0.5,224,224,OPP-LESS,pair2,P,-6.104328632354736,7.055055618286133,27059,8038
gpt-j-6b-fp32,std_imp_asc,0.5,224,224,OPP-LESS,pair2,Q,-4.112371921539307,5.771022796630859,632,8038
gpt-j-6b-fp32,std_imp_asc,0.5,224,224,OPP-LESS,pair3,P,-7.127222061157227,3.400674819946289,27059,969
gpt-j-6b-fp32,std_imp_asc,0.5,224,224,OPP-LESS,pair3,Q,-3.881077289581299,2.742241859436035,5930,5930
gpt-j-6b-fp32,std_imp_asc,0.5,224,224,OPP-LESS,pair4,P,-6.504349708557129,3.682476043701172,27059,23448
gpt-j-6b-fp32,std_imp_asc,0.5,224,224,OPP-LESS,pair4,Q,-4.0014967918396,3.1911888122558594,632,23448
gpt-j-6b-fp32,std_imp_asc,0.5,224,224,OPP-LESS,pair5,P,-6.619366645812988,4.009097099304199,27059,969
gpt-j-6b-fp32,std_imp_asc,0.5,224,224,OPP-LESS,pair5,Q,-3.7929258346557617,3.7543210983276367,632,969
gpt-j-6b-fp32,std_imp_asc,0.5,224,224,OPP-LESS,pair6,P,-6.2567970752716064,3.1040592193603516,27059,6514
gpt-j-6b-fp32,std_imp_asc,0.5,224,224,OPP-LESS,pair6,Q,-3.699587821960449,2.729660987854004,632,6514
gpt-j-6b-fp32,std_imp_asc,0.5,224,224,OPP-LESS,pair7,P,-6.131247043609619,3.6477231979370117,632,22111
gpt-j-6b-fp32,std_imp_asc,0.5,224,224,OPP-LESS,pair7,Q,-2.8040823936462402,3.0346202850341797,632,22111
gpt-j-6b-fp32,std_imp_asc,0.5,224,224,OPP-LESS,pair8,P,-7.371585369110107,3.6598548889160156,1874,969
gpt-j-6b-fp32,std_imp_asc,0.5,224,224,OPP-LESS,pair8,Q,-3.9554057121276855,2.4065589904785156,1874,581
gpt-j-6b-fp32,std_imp_asc,0.5,224,224,OPP-LESS,pair9,P,-6.84604287147522,2.1837968826293945,27059,34439
gpt-j-6b-fp32,std_imp_asc,0.5,224,224,OPP-LESS,pair9,Q,-4.262275218963623,0.9228143692016602,23663,34439
gpt-j-6b-fp32,std_imp_asc,0.5,224,224,MORE-LESS,pair0,P,0.04763984680175781,0.07254981994628906,10255,10255
gpt-j-6b-fp32,std_imp_asc,0.5,224,224,MORE-LESS,pair0,Q,0.02985858917236328,-0.0035142898559570312,10255,10255
gpt-j-6b-fp32,std_imp_asc,0.5,224,224,MORE-LESS,pair1,P,-0.025203704833984375,-0.002719879150390625,18605,18605
gpt-j-6b-fp32,std_imp_asc,0.5,224,224,MORE-LESS,pair1,Q,-0.036232948303222656,0.01739215850830078,18605,18605
gpt-j-6b-fp32,std_imp_asc,0.5,224,224,MORE-LESS,pair2,P,-0.1568002700805664,0.19543170928955078,8038,8038
gpt-j-6b-fp32,std_imp_asc,0.5,224,224,MORE-LESS,pair2,Q,-0.2215890884399414,0.15806007385253906,8038,8038
gpt-j-6b-fp32,std_imp_asc,0.5,224,224,MORE-LESS,pair3,P,0.055649757385253906,0.051512718200683594,1234,1234
gpt-j-6b-fp32,std_imp_asc,0.5,224,224,MORE-LESS,pair3,Q,-0.03387451171875,-0.012411117553710938,1234,5930
gpt-j-6b-fp32,std_imp_asc,0.5,224,224,MORE-LESS,pair4,P,-0.13574695587158203,0.015848159790039062,23448,23448
gpt-j-6b-fp32,std_imp_asc,0.5,224,224,MORE-LESS,pair4,Q,-0.1653299331665039,-0.03411865234375,23448,23448
gpt-j-6b-fp32,std_imp_asc,0.5,224,224,MORE-LESS,pair5,P,0.061919212341308594,0.16131877899169922,969,969
gpt-j-6b-fp32,std_imp_asc,0.5,224,224,MORE-LESS,pair5,Q,0.05727863311767578,0.06996631622314453,1426,1426
gpt-j-6b-fp32,std_imp_asc,0.5,224,224,MORE-LESS,pair6,P,-0.2979898452758789,0.17555809020996094,6514,6514
gpt-j-6b-fp32,std_imp_asc,0.5,224,224,MORE-LESS,pair6,Q,-0.29937076568603516,0.17679500579833984,6514,6514
gpt-j-6b-fp32,std_imp_asc,0.5,224,224,MORE-LESS,pair7,P,0.00591278076171875,-0.021292686462402344,22111,22111
gpt-j-6b-fp32,std_imp_asc,0.5,224,224,MORE-LESS,pair7,Q,-0.023172378540039062,-0.03665351867675781,22111,22111
gpt-j-6b-fp32,std_imp_asc,0.5,224,224,MORE-LESS,pair8,P,-0.009792327880859375,-0.0013856887817382812,969,969
gpt-j-6b-fp32,std_imp_asc,0.5,224,224,MORE-LESS,pair8,Q,0.002925872802734375,-0.0651712417602539,969,969
gpt-j-6b-fp32,std_imp_asc,0.5,224,224,MORE-LESS,pair9,P,-0.22415828704833984,-0.061478614807128906,34439,34439
gpt-j-6b-fp32,std_imp_asc,0.5,224,224,MORE-LESS,pair9,Q,-0.2053079605102539,-0.11832523345947266,34439,34439
gpt-j-6b-fp32,D_pert_asc,0.01,4,4,SAME-OPP,pair0,P,-4.1961669921875e-05,1.52587890625e-05,632,632
gpt-j-6b-fp32,D_pert_asc,0.01,4,4,SAME-OPP,pair0,Q,-0.000133514404296875,-9.34600830078125e-05,39733,39733
gpt-j-6b-fp32,D_pert_asc,0.01,4,4,SAME-OPP,pair1,P,-2.86102294921875e-05,3.910064697265625e-05,27059,27059
gpt-j-6b-fp32,D_pert_asc,0.01,4,4,SAME-OPP,pair1,Q,-0.00022029876708984375,-5.53131103515625e-05,19157,19157
gpt-j-6b-fp32,D_pert_asc,0.01,4,4,SAME-OPP,pair2,P,-0.00021266937255859375,-0.00016498565673828125,632,632
gpt-j-6b-fp32,D_pert_asc,0.01,4,4,SAME-OPP,pair2,Q,-0.00048065185546875,-0.00031757354736328125,632,632
gpt-j-6b-fp32,D_pert_asc,0.01,4,4,SAME-OPP,pair3,P,-0.00035572052001953125,-3.814697265625e-06,27059,27059
gpt-j-6b-fp32,D_pert_asc,0.01,4,4,SAME-OPP,pair3,Q,-0.0005292892456054688,-0.00022983551025390625,632,632
gpt-j-6b-fp32,D_pert_asc,0.01,4,4,SAME-OPP,pair4,P,1.239776611328125e-05,-0.00029754638671875,27059,27059
gpt-j-6b-fp32,D_pert_asc,0.01,4,4,SAME-OPP,pair4,Q,-0.00039768218994140625,-0.000213623046875,632,632
gpt-j-6b-fp32,D_pert_asc,0.01,4,4,SAME-OPP,pair5,P,-0.000270843505859375,5.245208740234375e-05,27059,27059
gpt-j-6b-fp32,D_pert_asc,0.01,4,4,SAME-OPP,pair5,Q,-0.0005941390991210938,-0.0002994537353515625,632,632
gpt-j-6b-fp32,D_pert_asc,0.01,4,4,SAME-OPP,pair6,P,-0.0001373291015625,-0.00022125244140625,27059,27059
gpt-j-6b-fp32,D_pert_asc,0.01,4,4,SAME-OPP,pair6,Q,-0.0003528594970703125,-0.00032711029052734375,632,632
gpt-j-6b-fp32,D_pert_asc,0.01,4,4,SAME-OPP,pair7,P,-8.869171142578125e-05,-9.5367431640625e-07,632,632
gpt-j-6b-fp32,D_pert_asc,0.01,4,4,SAME-OPP,pair7,Q,-0.0002460479736328125,-0.000179290771484375,632,632
gpt-j-6b-fp32,D_pert_asc,0.01,4,4,SAME-OPP,pair8,P,-0.00048160552978515625,-0.00012302398681640625,581,581
gpt-j-6b-fp32,D_pert_asc,0.01,4,4,SAME-OPP,pair8,Q,-0.0005626678466796875,-0.000438690185546875,581,581
gpt-j-6b-fp32,D_pert_asc,0.01,4,4,SAME-OPP,pair9,P,-3.910064697265625e-05,5.91278076171875e-05,27059,27059
gpt-j-6b-fp32,D_pert_asc,0.01,4,4,SAME-OPP,pair9,Q,-0.00012493133544921875,-8.869171142578125e-05,1928,1928
gpt-j-6b-fp32,D_pert_asc,0.01,4,4,SAME-MORE,pair0,P,0.0014057159423828125,0.0008783340454101562,632,632
gpt-j-6b-fp32,D_pert_asc,0.01,4,4,SAME-MORE,pair0,Q,0.000316619873046875,0.00044155120849609375,39733,39733
gpt-j-6b-fp32,D_pert_asc,0.01,4,4,SAME-MORE,pair1,P,0.0002841949462890625,0.0013256072998046875,27059,27059
gpt-j-6b-fp32,D_pert_asc,0.01,4,4,SAME-MORE,pair1,Q,-0.000152587890625,0.0017490386962890625,19157,19157
gpt-j-6b-fp32,D_pert_asc,0.01,4,4,SAME-MORE,pair2,P,0.00214385986328125,-0.0026397705078125,632,632
gpt-j-6b-fp32,D_pert_asc,0.01,4,4,SAME-MORE,pair2,Q,0.00023174285888671875,-0.0021915435791015625,632,632
gpt-j-6b-fp32,D_pert_asc,0.01,4,4,SAME-MORE,pair3,P,0.0020322799682617188,0.0002803802490234375,27059,27059
gpt-j-6b-fp32,D_pert_asc,0.01,4,4,SAME-MORE,pair3,Q,-0.000957489013671875,0.00033473968505859375,632,632
gpt-j-6b-fp32,D_pert_asc,0.01,4,4,SAME-MORE,pair4,P,0.0015468597412109375,0.0012674331665039062,27059,27059
gpt-j-6b-fp32,D_pert_asc,0.01,4,4,SAME-MORE,pair4,Q,4.9591064453125e-05,0.0009784698486328125,632,632
gpt-j-6b-fp32,D_pert_asc,0.01,4,4,SAME-MORE,pair5,P,0.0012569427490234375,0.00010585784912109375,27059,27059
gpt-j-6b-fp32,D_pert_asc,0.01,4,4,SAME-MORE,pair5,Q,-0.0019197463989257812,-0.0006132125854492188,632,632
gpt-j-6b-fp32,D_pert_asc,0.01,4,4,SAME-MORE,pair6,P,0.00043773651123046875,-0.00046062469482421875,27059,27059
gpt-j-6b-fp32,D_pert_asc,0.01,4,4,SAME-MORE,pair6,Q,-0.00046539306640625,0.0008716583251953125,632,632
gpt-j-6b-fp32,D_pert_asc,0.01,4,4,SAME-MORE,pair7,P,0.0010004043579101562,0.0020685195922851562,632,632
gpt-j-6b-fp32,D_pert_asc,0.01,4,4,SAME-MORE,pair7,Q,-0.00037479400634765625,0.000209808349609375,632,632
gpt-j-6b-fp32,D_pert_asc,0.01,4,4,SAME-MORE,pair8,P,0.0005655288696289062,0.0017309188842773438,581,581
gpt-j-6b-fp32,D_pert_asc,0.01,4,4,SAME-MORE,pair8,Q,-0.0009870529174804688,0.0010080337524414062,581,581
gpt-j-6b-fp32,D_pert_asc,0.01,4,4,SAME-MORE,pair9,P,0.0009450912475585938,-0.00024509429931640625,27059,27059
gpt-j-6b-fp32,D_pert_asc,0.01,4,4,SAME-MORE,pair9,Q,-0.000568389892578125,0.00046062469482421875,1928,1928
gpt-j-6b-fp32,D_pert_asc,0.01,4,4,SAME-LESS,pair0,P,0.0009279251098632812,-0.0051116943359375,632,632
gpt-j-6b-fp32,D_pert_asc,0.01,4,4,SAME-LESS,pair0,Q,0.00028896331787109375,-0.0047321319580078125,39733,39733
gpt-j-6b-fp32,D_pert_asc,0.01,4,4,SAME-LESS,pair1,P,4.863739013671875e-05,0.000835418701171875,27059,27059
gpt-j-6b-fp32,D_pert_asc,0.01,4,4,SAME-LESS,pair1,Q,-0.00017833709716796875,-6.4849853515625e-05,19157,19157
gpt-j-6b-fp32,D_pert_asc,0.01,4,4,SAME-LESS,pair2,P,0.0019969940185546875,-0.004340648651123047,632,632
gpt-j-6b-fp32,D_pert_asc,0.01,4,4,SAME-LESS,pair2,Q,0.00034999847412109375,-0.0023937225341796875,632,632
gpt-j-6b-fp32,D_pert_asc,0.01,4,4,SAME-LESS,pair3,P,0.00168609619140625,-0.00298309326171875,27059,27059
gpt-j-6b-fp32,D_pert_asc,0.01,4,4,SAME-LESS,pair3,Q,-0.000812530517578125,-0.0022563934326171875,632,632
gpt-j-6b-fp32,D_pert_asc,0.01,4,4,SAME-LESS,pair4,P,0.0015087127685546875,-0.000881195068359375,27059,27059
gpt-j-6b-fp32,D_pert_asc,0.01,4,4,SAME-LESS,pair4,Q,0.00018596649169921875,-0.00101470947265625,632,632
gpt-j-6b-fp32,D_pert_asc,0.01,4,4,SAME-LESS,pair5,P,0.0005207061767578125,2.288818359375e-05,27059,27059
gpt-j-6b-fp32,D_pert_asc,0.01,4,4,SAME-LESS,pair5,Q,-0.0020418167114257812,-0.00112152099609375,632,632
gpt-j-6b-fp32,D_pert_asc,0.01,4,4,SAME-LESS,pair6,P,0.00012874603271484375,-0.0011625289916992188,27059,27059
gpt-j-6b-fp32,D_pert_asc,0.01,4,4,SAME-LESS,pair6,Q,-0.00048160552978515625,-0.0009012222290039062,632,632
gpt-j-6b-fp32,D_pert_asc,0.01,4,4,SAME-LESS,pair7,P,0.000736236572265625,0.0017843246459960938,632,632
gpt-j-6b-fp32,D_pert_asc,0.01,4,4,SAME-LESS,pair7,Q,-7.05718994140625e-05,0.0005693435668945312,632,632
gpt-j-6b-fp32,D_pert_asc,0.01,4,4,SAME-LESS,pair8,P,0.00032520294189453125,-0.0020542144775390625,581,581
gpt-j-6b-fp32,D_pert_asc,0.01,4,4,SAME-LESS,pair8,Q,-0.0010099411010742188,-0.0004787445068359375,581,581
gpt-j-6b-fp32,D_pert_asc,0.01,4,4,SAME-LESS,pair9,P,0.00087738037109375,-0.0006895065307617188,27059,27059
gpt-j-6b-fp32,D_pert_asc,0.01,4,4,SAME-LESS,pair9,Q,-0.0005092620849609375,-1.9073486328125e-05,1928,1928
gpt-j-6b-fp32,D_pert_asc,0.01,4,4,OPP-MORE,pair0,P,0.00026798248291015625,0.00042247772216796875,632,632
gpt-j-6b-fp32,D_pert_asc,0.01,4,4,OPP-MORE,pair0,Q,0.00024127960205078125,2.956390380859375e-05,39733,39733
gpt-j-6b-fp32,D_pert_asc,0.01,4,4,OPP-MORE,pair1,P,-4.57763671875e-05,0.0012140274047851562,27059,27059
gpt-j-6b-fp32,D_pert_asc,0.01,4,4,OPP-MORE,pair1,Q,-0.0010461807250976562,0.0018367767333984375,19157,19157
gpt-j-6b-fp32,D_pert_asc,0.01,4,4,OPP-MORE,pair2,P,0.0006561279296875,-0.0031518936157226562,27059,27059
gpt-j-6b-fp32,D_pert_asc,0.01,4,4,OPP-MORE,pair2,Q,0.000225067138671875,-0.0027103424072265625,632,632
gpt-j-6b-fp32,D_pert_asc,0.01,4,4,OPP-MORE,pair3,P,-0.00018787384033203125,0.0007228851318359375,27059,27059
gpt-j-6b-fp32,D_pert_asc,0.01,4,4,OPP-MORE,pair3,Q,-0.0021800994873046875,0.000537872314453125,5930,5930
gpt-j-6b-fp32,D_pert_asc,0.01,4,4,OPP-MORE,pair4,P,-0.0012578964233398438,0.000438690185546875,27059,27059
gpt-j-6b-fp32,D_pert_asc,0.01,4,4,OPP-MORE,pair4,Q,-0.000457763671875,0.00033855438232421875,632,632
gpt-j-6b-fp32,D_pert_asc,0.01,4,4,OPP-MORE,pair5,P,-0.0005674362182617188,0.0001316070556640625,27059,27059
gpt-j-6b-fp32,D_pert_asc,0.01,4,4,OPP-MORE,pair5,Q,-0.0017042160034179688,-0.00043201446533203125,632,632
gpt-j-6b-fp32,D_pert_asc,0.01,4,4,OPP-MORE,pair6,P,2.6702880859375e-05,-0.0003948211669921875,27059,27059
gpt-j-6b-fp32,D_pert_asc,0.01,4,4,OPP-MORE,pair6,Q,-0.0016269683837890625,0.0009889602661132812,632,632
gpt-j-6b-fp32,D_pert_asc,0.01,4,4,OPP-MORE,pair7,P,-0.0012731552124023438,0.0015306472778320312,632,632
gpt-j-6b-fp32,D_pert_asc,0.01,4,4,OPP-MORE,pair7,Q,-0.0010232925415039062,-0.00011348724365234375,632,632
gpt-j-6b-fp32,D_pert_asc,0.01,4,4,OPP-MORE,pair8,P,0.000484466552734375,0.0016603469848632812,1874,1874
gpt-j-6b-fp32,D_pert_asc,0.01,4,4,OPP-MORE,pair8,Q,-0.0010328292846679688,0.0015745162963867188,1874,1874
gpt-j-6b-fp32,D_pert_asc,0.01,4,4,OPP-MORE,pair9,P,0.000331878662109375,-0.00091552734375,27059,27059
gpt-j-6b-fp32,D_pert_asc,0.01,4,4,OPP-MORE,pair9,Q,-0.0012073516845703125,-0.000152587890625,23663,23663
gpt-j-6b-fp32,D_pert_asc,0.01,4,4,OPP-LESS,pair0,P,0.00019168853759765625,-0.005023002624511719,632,632
gpt-j-6b-fp32,D_pert_asc,0.01,4,4,OPP-LESS,pair0,Q,-6.103515625e-05,-0.004630088806152344,39733,39733
gpt-j-6b-fp32,D_pert_asc,0.01,4,4,OPP-LESS,pair1,P,-9.5367431640625e-05,0.0011310577392578125,27059,27059
gpt-j-6b-fp32,D_pert_asc,0.01,4,4,OPP-LESS,pair1,Q,-0.0011415481567382812,0.0005884170532226562,19157,19157
gpt-j-6b-fp32,D_pert_asc,0.01,4,4,OPP-LESS,pair2,P,0.0006723403930664062,-0.005381584167480469,27059,27059
gpt-j-6b-fp32,D_pert_asc,0.01,4,4,OPP-LESS,pair2,Q,0.00031375885009765625,-0.0024538040161132812,632,632
gpt-j-6b-fp32,D_pert_asc,0.01,4,4,OPP-LESS,pair3,P,-0.0002117156982421875,-0.0019693374633789062,27059,27059
gpt-j-6b-fp32,D_pert_asc,0.01,4,4,OPP-LESS,pair3,Q,-0.0021190643310546875,-0.0005950927734375,5930,5930
gpt-j-6b-fp32,D_pert_asc,0.01,4,4,OPP-LESS,pair4,P,-0.00104522705078125,-0.000301361083984375,27059,27059
gpt-j-6b-fp32,D_pert_asc,0.01,4,4,OPP-LESS,pair4,Q,-0.00026988983154296875,-0.0005855560302734375,632,632
gpt-j-6b-fp32,D_pert_asc,0.01,4,4,OPP-LESS,pair5,P,-0.0008497238159179688,0.0004405975341796875,27059,27059
gpt-j-6b-fp32,D_pert_asc,0.01,4,4,OPP-LESS,pair5,Q,-0.0020704269409179688,-0.00022029876708984375,632,632
gpt-j-6b-fp32,D_pert_asc,0.01,4,4,OPP-LESS,pair6,P,-1.430511474609375e-05,-0.00031948089599609375,27059,27059
gpt-j-6b-fp32,D_pert_asc,0.01,4,4,OPP-LESS,pair6,Q,-0.0016317367553710938,-0.0001010894775390625,632,632
gpt-j-6b-fp32,D_pert_asc,0.01,4,4,OPP-LESS,pair7,P,-0.0012340545654296875,0.0028181076049804688,632,632
gpt-j-6b-fp32,D_pert_asc,0.01,4,4,OPP-LESS,pair7,Q,-0.0010623931884765625,0.0013875961303710938,632,632
gpt-j-6b-fp32,D_pert_asc,0.01,4,4,OPP-LESS,pair8,P,0.0004892349243164062,-0.0025634765625,1874,1874
gpt-j-6b-fp32,D_pert_asc,0.01,4,4,OPP-LESS,pair8,Q,-0.0012388229370117188,-0.0002307891845703125,1874,1874
gpt-j-6b-fp32,D_pert_asc,0.01,4,4,OPP-LESS,pair9,P,0.00045871734619140625,-7.534027099609375e-05,27059,27059
gpt-j-6b-fp32,D_pert_asc,0.01,4,4,OPP-LESS,pair9,Q,-0.00115203857421875,5.7220458984375e-05,23663,23663
gpt-j-6b-fp32,D_pert_asc,0.01,4,4,MORE-LESS,pair0,P,-1.430511474609375e-05,-0.00031566619873046875,10255,10255
gpt-j-6b-fp32,D_pert_asc,0.01,4,4,MORE-LESS,pair0,Q,-2.193450927734375e-05,-0.0003070831298828125,10255,10255
gpt-j-6b-fp32,D_pert_asc,0.01,4,4,MORE-LESS,pair1,P,-0.00014019012451171875,0.0001811981201171875,18605,18605
gpt-j-6b-fp32,D_pert_asc,0.01,4,4,MORE-LESS,pair1,Q,-8.0108642578125e-05,0.0002918243408203125,18605,18605
gpt-j-6b-fp32,D_pert_asc,0.01,4,4,MORE-LESS,pair2,P,-0.00022220611572265625,0.0001583099365234375,8038,8038
gpt-j-6b-fp32,D_pert_asc,0.01,4,4,MORE-LESS,pair2,Q,-0.000118255615234375,0.00011157989501953125,8038,8038
gpt-j-6b-fp32,D_pert_asc,0.01,4,4,MORE-LESS,pair3,P,0.0001430511474609375,-7.2479248046875e-05,1234,1234
gpt-j-6b-fp32,D_pert_asc,0.01,4,4,MORE-LESS,pair3,Q,0.0002231597900390625,8.58306884765625e-06,1234,1234
gpt-j-6b-fp32,D_pert_asc,0.01,4,4,MORE-LESS,pair4,P,0.0001983642578125,3.62396240234375e-05,23448,23448
gpt-j-6b-fp32,D_pert_asc,0.01,4,4,MORE-LESS,pair4,Q,0.000308990478515625,0.0001125335693359375,23448,23448
gpt-j-6b-fp32,D_pert_asc,0.01,4,4,MORE-LESS,pair5,P,9.441375732421875e-05,-0.00020503997802734375,969,969
gpt-j-6b-fp32,D_pert_asc,0.01,4,4,MORE-LESS,pair5,Q,0.000141143798828125,-0.0001468658447265625,1426,1426
gpt-j-6b-fp32,D_pert_asc,0.01,4,4,MORE-LESS,pair6,P,0.0003204345703125,-0.00022983551025390625,6514,6514
gpt-j-6b-fp32,D_pert_asc,0.01,4,4,MORE-LESS,pair6,Q,0.0004405975341796875,-0.0001583099365234375,6514,6514
gpt-j-6b-fp32,D_pert_asc,0.01,4,4,MORE-LESS,pair7,P,-7.152557373046875e-05,-8.96453857421875e-05,22111,22111
gpt-j-6b-fp32,D_pert_asc,0.01,4,4,MORE-LESS,pair7,Q,-0.00011730194091796875,-5.435943603515625e-05,22111,22111
gpt-j-6b-fp32,D_pert_asc,0.01,4,4,MORE-LESS,pair8,P,-0.00012302398681640625,-0.00039958953857421875,969,969
gpt-j-6b-fp32,D_pert_asc,0.01,4,4,MORE-LESS,pair8,Q,-2.86102294921875e-05,-0.000408172607421875,969,969
gpt-j-6b-fp32,D_pert_asc,0.01,4,4,MORE-LESS,pair9,P,0.00030803680419921875,0.00016880035400390625,34439,34439
gpt-j-6b-fp32,D_pert_asc,0.01,4,4,MORE-LESS,pair9,Q,0.00037384033203125,0.0002899169921875,34439,34439
gpt-j-6b-fp32,D_pert_asc,0.03,13,13,SAME-OPP,pair0,P,-0.0008382797241210938,1.33514404296875e-05,632,632
gpt-j-6b-fp32,D_pert_asc,0.03,13,13,SAME-OPP,pair0,Q,-0.000164031982421875,-0.0008115768432617188,39733,39733
gpt-j-6b-fp32,D_pert_asc,0.03,13,13,SAME-OPP,pair1,P,-0.0012454986572265625,-0.00018596649169921875,27059,27059
gpt-j-6b-fp32,D_pert_asc,0.03,13,13,SAME-OPP,pair1,Q,-0.00055694580078125,-0.000774383544921875,19157,19157
gpt-j-6b-fp32,D_pert_asc,0.03,13,13,SAME-OPP,pair2,P,-0.0005331039428710938,-0.0005750656127929688,632,632
gpt-j-6b-fp32,D_pert_asc,0.03,13,13,SAME-OPP,pair2,Q,0.0006160736083984375,-0.0011358261108398438,632,632
gpt-j-6b-fp32,D_pert_asc,0.03,13,13,SAME-OPP,pair3,P,-0.0010881423950195312,0.000705718994140625,27059,27059
gpt-j-6b-fp32,D_pert_asc,0.03,13,13,SAME-OPP,pair3,Q,-6.580352783203125e-05,-0.0007381439208984375,632,632
gpt-j-6b-fp32,D_pert_asc,0.03,13,13,SAME-OPP,pair4,P,-0.00055694580078125,-0.0010881423950195312,27059,27059
gpt-j-6b-fp32,D_pert_asc,0.03,13,13,SAME-OPP,pair4,Q,-0.000980377197265625,-0.001338958740234375,632,632
gpt-j-6b-fp32,D_pert_asc,0.03,13,13,SAME-OPP,pair5,P,-0.0006952285766601562,0.0007534027099609375,27059,27059
gpt-j-6b-fp32,D_pert_asc,0.03,13,13,SAME-OPP,pair5,Q,0.000675201416015625,-2.86102294921875e-05,632,632
gpt-j-6b-fp32,D_pert_asc,0.03,13,13,SAME-OPP,pair6,P,-0.0005598068237304688,0.00011920928955078125,27059,27059
gpt-j-6b-fp32,D_pert_asc,0.03,13,13,SAME-OPP,pair6,Q,-0.0005693435668945312,-0.0006542205810546875,632,632
gpt-j-6b-fp32,D_pert_asc,0.03,13,13,SAME-OPP,pair7,P,-0.0009059906005859375,0.0005064010620117188,632,632
gpt-j-6b-fp32,D_pert_asc,0.03,13,13,SAME-OPP,pair7,Q,-0.00011730194091796875,-0.0010890960693359375,632,632
gpt-j-6b-fp32,D_pert_asc,0.03,13,13,SAME-OPP,pair8,P,-0.0014734268188476562,0.000217437744140625,581,581
gpt-j-6b-fp32,D_pert_asc,0.03,13,13,SAME-OPP,pair8,Q,-0.0004482269287109375,-0.000644683837890625,581,581
gpt-j-6b-fp32,D_pert_asc,0.03,13,13,SAME-OPP,pair9,P,-0.0007181167602539062,0.0006532669067382812,27059,27059
gpt-j-6b-fp32,D_pert_asc,0.03,13,13,SAME-OPP,pair9,Q,-0.0009412765502929688,-0.0013103485107421875,1928,1928
gpt-j-6b-fp32,D_pert_asc,0.03,13,13,SAME-MORE,pair0,P,-0.0030689239501953125,-0.0023164749145507812,632,632
gpt-j-6b-fp32,D_pert_asc,0.03,13,13,SAME-MORE,pair0,Q,-0.0038776397705078125,-0.0030679702758789062,39733,39733
gpt-j-6b-fp32,D_pert_asc,0.03,13,13,SAME-MORE,pair1,P,-0.005362510681152344,0.0007457733154296875,27059,27059
gpt-j-6b-fp32,D_pert_asc,0.03,13,13,SAME-MORE,pair1,Q,-0.0033540725708007812,0.0035037994384765625,19157,19157
gpt-j-6b-fp32,D_pert_asc,0.03,13,13,SAME-MORE,pair2,P,-0.0021829605102539062,-0.006008148193359375,632,632
gpt-j-6b-fp32,D_pert_asc,0.03,13,13,SAME-MORE,pair2,Q,-0.0021677017211914062,-0.006411552429199219,632,632
gpt-j-6b-fp32,D_pert_asc,0.03,13,13,SAME-MORE,pair3,P,-0.0025281906127929688,-0.0022554397583007812,27059,27059
gpt-j-6b-fp32,D_pert_asc,0.03,13,13,SAME-MORE,pair3,Q,-0.0010499954223632812,-0.0009975433349609375,632,632
gpt-j-6b-fp32,D_pert_asc,0.03,13,13,SAME-MORE,pair4,P,-0.004535675048828125,-0.0036334991455078125,27059,27059
gpt-j-6b-fp32,D_pert_asc,0.03,13,13,SAME-MORE,pair4,Q,-0.0020160675048828125,-0.001239776611328125,632,632
gpt-j-6b-fp32,D_pert_asc,0.03,13,13,SAME-MORE,pair5,P,-0.0022439956665039062,0.00463104248046875,27059,27059
gpt-j-6b-fp32,D_pert_asc,0.03,13,13,SAME-MORE,pair5,Q,-0.005990028381347656,0.0014772415161132812,632,632
gpt-j-6b-fp32,D_pert_asc,0.03,13,13,SAME-MORE,pair6,P,-0.006264686584472656,0.00016880035400390625,27059,27059
gpt-j-6b-fp32,D_pert_asc,0.03,13,13,SAME-MORE,pair6,Q,-0.0054073333740234375,0.0023040771484375,632,632
gpt-j-6b-fp32,D_pert_asc,0.03,13,13,SAME-MORE,pair7,P,-0.004683494567871094,0.005405426025390625,632,632
gpt-j-6b-fp32,D_pert_asc,0.03,13,13,SAME-MORE,pair7,Q,-0.004418373107910156,0.0044231414794921875,632,632
gpt-j-6b-fp32,D_pert_asc,0.03,13,13,SAME-MORE,pair8,P,-0.007210731506347656,-0.0027942657470703125,581,581
gpt-j-6b-fp32,D_pert_asc,0.03,13,13,SAME-MORE,pair8,Q,-0.006592750549316406,-0.00267791748046875,581,581
gpt-j-6b-fp32,D_pert_asc,0.03,13,13,SAME-MORE,pair9,P,-0.0047321319580078125,-0.00033473968505859375,27059,27059
gpt-j-6b-fp32,D_pert_asc,0.03,13,13,SAME-MORE,pair9,Q,-0.0060558319091796875,-0.000202178955078125,1928,1928
gpt-j-6b-fp32,D_pert_asc,0.03,13,13,SAME-LESS,pair0,P,-0.0036859512329101562,0.0072689056396484375,632,632
gpt-j-6b-fp32,D_pert_asc,0.03,13,13,SAME-LESS,pair0,Q,-0.00467681884765625,0.0039501190185546875,39733,39733
gpt-j-6b-fp32,D_pert_asc,0.03,13,13,SAME-LESS,pair1,P,-0.005901336669921875,0.0046215057373046875,27059,27059
gpt-j-6b-fp32,D_pert_asc,0.03,13,13,SAME-LESS,pair1,Q,-0.003498077392578125,0.0031995773315429688,19157,19157
gpt-j-6b-fp32,D_pert_asc,0.03,13,13,SAME-LESS,pair2,P,-0.0026140213012695312,2.7179718017578125e-05,632,632
gpt-j-6b-fp32,D_pert_asc,0.03,13,13,SAME-LESS,pair2,Q,-0.0020475387573242188,0.0031566619873046875,632,632
gpt-j-6b-fp32,D_pert_asc,0.03,13,13,SAME-LESS,pair3,P,-0.0029277801513671875,0.0004482269287109375,27059,27059
gpt-j-6b-fp32,D_pert_asc,0.03,13,13,SAME-LESS,pair3,Q,-0.0010213851928710938,0.0010347366333007812,632,632
gpt-j-6b-fp32,D_pert_asc,0.03,13,13,SAME-LESS,pair4,P,-0.005115509033203125,-0.0030851364135742188,27059,27059
gpt-j-6b-fp32,D_pert_asc,0.03,13,13,SAME-LESS,pair4,Q,-0.0017251968383789062,-0.00493621826171875,632,632
gpt-j-6b-fp32,D_pert_asc,0.03,13,13,SAME-LESS,pair5,P,-0.0031757354736328125,0.006585121154785156,27059,27059
gpt-j-6b-fp32,D_pert_asc,0.03,13,13,SAME-LESS,pair5,Q,-0.006201744079589844,0.007594108581542969,632,632
gpt-j-6b-fp32,D_pert_asc,0.03,13,13,SAME-LESS,pair6,P,-0.007289886474609375,0.004179954528808594,27059,27059
gpt-j-6b-fp32,D_pert_asc,0.03,13,13,SAME-LESS,pair6,Q,-0.005374908447265625,0.0029621124267578125,632,632
gpt-j-6b-fp32,D_pert_asc,0.03,13,13,SAME-LESS,pair7,P,-0.004927635192871094,0.005625724792480469,632,632
gpt-j-6b-fp32,D_pert_asc,0.03,13,13,SAME-LESS,pair7,Q,-0.004291534423828125,0.004792213439941406,632,632
gpt-j-6b-fp32,D_pert_asc,0.03,13,13,SAME-LESS,pair8,P,-0.007503509521484375,6.771087646484375e-05,581,581
gpt-j-6b-fp32,D_pert_asc,0.03,13,13,SAME-LESS,pair8,Q,-0.006564140319824219,0.0033178329467773438,581,581
gpt-j-6b-fp32,D_pert_asc,0.03,13,13,SAME-LESS,pair9,P,-0.0051860809326171875,0.0025920867919921875,27059,27059
gpt-j-6b-fp32,D_pert_asc,0.03,13,13,SAME-LESS,pair9,Q,-0.0055389404296875,0.0023469924926757812,1928,1928
gpt-j-6b-fp32,D_pert_asc,0.03,13,13,OPP-MORE,pair0,P,-0.004389762878417969,-0.0023488998413085938,632,632
gpt-j-6b-fp32,D_pert_asc,0.03,13,13,OPP-MORE,pair0,Q,-0.005778312683105469,-0.0030927658081054688,39733,39733
gpt-j-6b-fp32,D_pert_asc,0.03,13,13,OPP-MORE,pair1,P,-0.0045070648193359375,0.0014123916625976562,27059,27059
gpt-j-6b-fp32,D_pert_asc,0.03,13,13,OPP-MORE,pair1,Q,-0.006110191345214844,0.004326820373535156,19157,19157
gpt-j-6b-fp32,D_pert_asc,0.03,13,13,OPP-MORE,pair2,P,-0.004207611083984375,-0.006422996520996094,27059,27059
gpt-j-6b-fp32,D_pert_asc,0.03,13,13,OPP-MORE,pair2,Q,-0.005303382873535156,-0.006968498229980469,632,632
gpt-j-6b-fp32,D_pert_asc,0.03,13,13,OPP-MORE,pair3,P,-0.0027103424072265625,-0.0023355484008789062,27059,27059
gpt-j-6b-fp32,D_pert_asc,0.03,13,13,OPP-MORE,pair3,Q,-0.00589752197265625,-7.534027099609375e-05,5930,5930
gpt-j-6b-fp32,D_pert_asc,0.03,13,13,OPP-MORE,pair4,P,-0.004573822021484375,-0.0029239654541015625,27059,27059
gpt-j-6b-fp32,D_pert_asc,0.03,13,13,OPP-MORE,pair4,Q,-0.005427360534667969,-0.00079345703125,632,632
gpt-j-6b-fp32,D_pert_asc,0.03,13,13,OPP-MORE,pair5,P,-0.0031986236572265625,0.006108283996582031,27059,27059
gpt-j-6b-fp32,D_pert_asc,0.03,13,13,OPP-MORE,pair5,Q,-0.007396697998046875,0.0029134750366210938,632,632
gpt-j-6b-fp32,D_pert_asc,0.03,13,13,OPP-MORE,pair6,P,-0.007717132568359375,-7.343292236328125e-05,27059,27059
gpt-j-6b-fp32,D_pert_asc,0.03,13,13,OPP-MORE,pair6,Q,-0.009785652160644531,0.0013456344604492188,632,632
gpt-j-6b-fp32,D_pert_asc,0.03,13,13,OPP-MORE,pair7,P,-0.0058994293212890625,0.006281852722167969,632,632
gpt-j-6b-fp32,D_pert_asc,0.03,13,13,OPP-MORE,pair7,Q,-0.006412506103515625,0.005621910095214844,632,632
gpt-j-6b-fp32,D_pert_asc,0.03,13,13,OPP-MORE,pair8,P,-0.004300117492675781,-0.003498077392578125,1874,1874
gpt-j-6b-fp32,D_pert_asc,0.03,13,13,OPP-MORE,pair8,Q,-0.00986480712890625,-0.0031375885009765625,1874,1874
gpt-j-6b-fp32,D_pert_asc,0.03,13,13,OPP-MORE,pair9,P,-0.0041637420654296875,-0.0016851425170898438,27059,27059
gpt-j-6b-fp32,D_pert_asc,0.03,13,13,OPP-MORE,pair9,Q,-0.008234024047851562,-0.0001888275146484375,23663,23663
gpt-j-6b-fp32,D_pert_asc,0.03,13,13,OPP-LESS,pair0,P,-0.004847526550292969,0.0072574615478515625,632,632
gpt-j-6b-fp32,D_pert_asc,0.03,13,13,OPP-LESS,pair0,Q,-0.0066051483154296875,0.0034999847412109375,39733,39733
gpt-j-6b-fp32,D_pert_asc,0.03,13,13,OPP-LESS,pair1,P,-0.004044532775878906,0.0048732757568359375,27059,27059
gpt-j-6b-fp32,D_pert_asc,0.03,13,13,OPP-LESS,pair1,Q,-0.006207466125488281,0.004700660705566406,19157,19157
gpt-j-6b-fp32,D_pert_asc,0.03,13,13,OPP-LESS,pair2,P,-0.00356292724609375,-0.0008115768432617188,27059,27059
gpt-j-6b-fp32,D_pert_asc,0.03,13,13,OPP-LESS,pair2,Q,-0.005064964294433594,0.0035638809204101562,632,632
gpt-j-6b-fp32,D_pert_asc,0.03,13,13,OPP-LESS,pair3,P,-0.0026655197143554688,0.002025604248046875,27059,27059
gpt-j-6b-fp32,D_pert_asc,0.03,13,13,OPP-LESS,pair3,Q,-0.005875587463378906,0.0031290054321289062,5930,5930
gpt-j-6b-fp32,D_pert_asc,0.03,13,13,OPP-LESS,pair4,P,-0.004693031311035156,-0.0030755996704101562,27059,27059
gpt-j-6b-fp32,D_pert_asc,0.03,13,13,OPP-LESS,pair4,Q,-0.0054683685302734375,-0.005166053771972656,632,632
gpt-j-6b-fp32,D_pert_asc,0.03,13,13,OPP-LESS,pair5,P,-0.0033550262451171875,0.0072879791259765625,27059,27059
gpt-j-6b-fp32,D_pert_asc,0.03,13,13,OPP-LESS,pair5,Q,-0.007709503173828125,0.0093994140625,632,632
gpt-j-6b-fp32,D_pert_asc,0.03,13,13,OPP-LESS,pair6,P,-0.00762176513671875,0.004223823547363281,27059,27059
gpt-j-6b-fp32,D_pert_asc,0.03,13,13,OPP-LESS,pair6,Q,-0.010087013244628906,0.00264739990234375,632,632
gpt-j-6b-fp32,D_pert_asc,0.03,13,13,OPP-LESS,pair7,P,-0.0062580108642578125,0.008795738220214844,632,632
gpt-j-6b-fp32,D_pert_asc,0.03,13,13,OPP-LESS,pair7,Q,-0.006577491760253906,0.007582664489746094,632,632
gpt-j-6b-fp32,D_pert_asc,0.03,13,13,OPP-LESS,pair8,P,-0.004070281982421875,-0.0007982254028320312,1874,1874
gpt-j-6b-fp32,D_pert_asc,0.03,13,13,OPP-LESS,pair8,Q,-0.010107994079589844,0.0026578903198242188,1874,1874
gpt-j-6b-fp32,D_pert_asc,0.03,13,13,OPP-LESS,pair9,P,-0.004302978515625,0.0033788681030273438,27059,27059
gpt-j-6b-fp32,D_pert_asc,0.03,13,13,OPP-LESS,pair9,Q,-0.007792472839355469,0.003924369812011719,23663,23663
gpt-j-6b-fp32,D_pert_asc,0.03,13,13,MORE-LESS,pair0,P,-0.0002002716064453125,-0.0005674362182617188,10255,10255
gpt-j-6b-fp32,D_pert_asc,0.03,13,13,MORE-LESS,pair0,Q,-7.82012939453125e-05,-0.0005970001220703125,10255,10255
gpt-j-6b-fp32,D_pert_asc,0.03,13,13,MORE-LESS,pair1,P,-0.0007715225219726562,2.09808349609375e-05,18605,18605
gpt-j-6b-fp32,D_pert_asc,0.03,13,13,MORE-LESS,pair1,Q,-0.0005979537963867188,-0.0002117156982421875,18605,18605
gpt-j-6b-fp32,D_pert_asc,0.03,13,13,MORE-LESS,pair2,P,-0.00039196014404296875,-3.719329833984375e-05,8038,8038
gpt-j-6b-fp32,D_pert_asc,0.03,13,13,MORE-LESS,pair2,Q,-8.20159912109375e-05,-0.000118255615234375,8038,8038
gpt-j-6b-fp32,D_pert_asc,0.03,13,13,MORE-LESS,pair3,P,-0.0001621246337890625,-0.00013637542724609375,1234,1234
gpt-j-6b-fp32,D_pert_asc,0.03,13,13,MORE-LESS,pair3,Q,8.487701416015625e-05,-0.0002593994140625,1234,1234
gpt-j-6b-fp32,D_pert_asc,0.03,13,13,MORE-LESS,pair4,P,-0.00031757354736328125,0.0003070831298828125,23448,23448
gpt-j-6b-fp32,D_pert_asc,0.03,13,13,MORE-LESS,pair4,Q,-0.00013446807861328125,0.00035858154296875,23448,23448
gpt-j-6b-fp32,D_pert_asc,0.03,13,13,MORE-LESS,pair5,P,-0.0002155303955078125,-0.0004367828369140625,969,969
gpt-j-6b-fp32,D_pert_asc,0.03,13,13,MORE-LESS,pair5,Q,0.00011920928955078125,-0.000476837158203125,1426,1426
gpt-j-6b-fp32,D_pert_asc,0.03,13,13,MORE-LESS,pair6,P,-0.00020885467529296875,6.29425048828125e-05,6514,6514
gpt-j-6b-fp32,D_pert_asc,0.03,13,13,MORE-LESS,pair6,Q,-0.00019550323486328125,-3.147125244140625e-05,6514,6514
gpt-j-6b-fp32,D_pert_asc,0.03,13,13,MORE-LESS,pair7,P,-0.0005950927734375,-0.000614166259765625,22111,22111
gpt-j-6b-fp32,D_pert_asc,0.03,13,13,MORE-LESS,pair7,Q,-0.00030803680419921875,-0.0003414154052734375,22111,22111
gpt-j-6b-fp32,D_pert_asc,0.03,13,13,MORE-LESS,pair8,P,-0.00034427642822265625,-0.0002613067626953125,969,969
gpt-j-6b-fp32,D_pert_asc,0.03,13,13,MORE-LESS,pair8,Q,-0.00022792816162109375,-0.0005254745483398438,969,969
gpt-j-6b-fp32,D_pert_asc,0.03,13,13,MORE-LESS,pair9,P,0.00012493133544921875,-0.000701904296875,34439,34439
gpt-j-6b-fp32,D_pert_asc,0.03,13,13,MORE-LESS,pair9,Q,0.000385284423828125,-0.000438690185546875,34439,34439
gpt-j-6b-fp32,D_pert_asc,0.05,22,22,SAME-OPP,pair0,P,-0.0012273788452148438,-0.0010080337524414062,632,632
gpt-j-6b-fp32,D_pert_asc,0.05,22,22,SAME-OPP,pair0,Q,5.7220458984375e-05,-0.0006933212280273438,39733,39733
gpt-j-6b-fp32,D_pert_asc,0.05,22,22,SAME-OPP,pair1,P,-0.0021266937255859375,-0.00093841552734375,27059,27059
gpt-j-6b-fp32,D_pert_asc,0.05,22,22,SAME-OPP,pair1,Q,-0.0008878707885742188,-0.0005893707275390625,19157,19157
gpt-j-6b-fp32,D_pert_asc,0.05,22,22,SAME-OPP,pair2,P,-0.0019168853759765625,-0.00213623046875,632,632
gpt-j-6b-fp32,D_pert_asc,0.05,22,22,SAME-OPP,pair2,Q,0.0016298294067382812,-0.00011539459228515625,632,632
gpt-j-6b-fp32,D_pert_asc,0.05,22,22,SAME-OPP,pair3,P,-0.0019083023071289062,-0.0001392364501953125,27059,27059
gpt-j-6b-fp32,D_pert_asc,0.05,22,22,SAME-OPP,pair3,Q,4.1961669921875e-05,-0.0005016326904296875,632,632
gpt-j-6b-fp32,D_pert_asc,0.05,22,22,SAME-OPP,pair4,P,-0.00164031982421875,-0.0024900436401367188,27059,27059
gpt-j-6b-fp32,D_pert_asc,0.05,22,22,SAME-OPP,pair4,Q,-0.0022916793823242188,-0.0018358230590820312,632,632
gpt-j-6b-fp32,D_pert_asc,0.05,22,22,SAME-OPP,pair5,P,-0.0020151138305664062,-0.0012989044189453125,27059,27059
gpt-j-6b-fp32,D_pert_asc,0.05,22,22,SAME-OPP,pair5,Q,0.00039386749267578125,-0.0004940032958984375,632,632
gpt-j-6b-fp32,D_pert_asc,0.05,22,22,SAME-OPP,pair6,P,-0.0015516281127929688,-0.000469207763671875,27059,27059
gpt-j-6b-fp32,D_pert_asc,0.05,22,22,SAME-OPP,pair6,Q,-0.0011043548583984375,-0.000873565673828125,632,632
gpt-j-6b-fp32,D_pert_asc,0.05,22,22,SAME-OPP,pair7,P,-0.00186920166015625,-0.0005512237548828125,632,632
gpt-j-6b-fp32,D_pert_asc,0.05,22,22,SAME-OPP,pair7,Q,0.000202178955078125,-0.0008611679077148438,632,632
gpt-j-6b-fp32,D_pert_asc,0.05,22,22,SAME-OPP,pair8,P,-0.0027952194213867188,-0.0016336441040039062,581,581
gpt-j-6b-fp32,D_pert_asc,0.05,22,22,SAME-OPP,pair8,Q,-0.000705718994140625,-9.441375732421875e-05,581,581
gpt-j-6b-fp32,D_pert_asc,0.05,22,22,SAME-OPP,pair9,P,-0.0021715164184570312,-0.0009365081787109375,27059,27059
gpt-j-6b-fp32,D_pert_asc,0.05,22,22,SAME-OPP,pair9,Q,-0.001483917236328125,-0.0010404586791992188,1928,1928
gpt-j-6b-fp32,D_pert_asc,0.05,22,22,SAME-MORE,pair0,P,-0.003047943115234375,-0.004380226135253906,632,632
gpt-j-6b-fp32,D_pert_asc,0.05,22,22,SAME-MORE,pair0,Q,-0.0010776519775390625,-0.0016450881958007812,39733,39733
gpt-j-6b-fp32,D_pert_asc,0.05,22,22,SAME-MORE,pair1,P,0.0013093948364257812,-0.001232147216796875,27059,27059
gpt-j-6b-fp32,D_pert_asc,0.05,22,22,SAME-MORE,pair1,Q,0.0069427490234375,0.004300117492675781,19157,19157
gpt-j-6b-fp32,D_pert_asc,0.05,22,22,SAME-MORE,pair2,P,-0.000995635986328125,-0.005253791809082031,632,632
gpt-j-6b-fp32,D_pert_asc,0.05,22,22,SAME-MORE,pair2,Q,-0.000774383544921875,-0.0032510757446289062,632,632
gpt-j-6b-fp32,D_pert_asc,0.05,22,22,SAME-MORE,pair3,P,0.004746437072753906,-0.0019426345825195312,27059,27059
gpt-j-6b-fp32,D_pert_asc,0.05,22,22,SAME-MORE,pair3,Q,0.008287429809570312,0.0011930465698242188,632,632
gpt-j-6b-fp32,D_pert_asc,0.05,22,22,SAME-MORE,pair4,P,-0.0002651214599609375,-0.005738258361816406,27059,27059
gpt-j-6b-fp32,D_pert_asc,0.05,22,22,SAME-MORE,pair4,Q,0.0011577606201171875,0.0018320083618164062,632,632
gpt-j-6b-fp32,D_pert_asc,0.05,22,22,SAME-MORE,pair5,P,0.004323005676269531,0.0035400390625,27059,27059
gpt-j-6b-fp32,D_pert_asc,0.05,22,22,SAME-MORE,pair5,Q,0.0011682510375976562,0.010789871215820312,632,632
gpt-j-6b-fp32,D_pert_asc,0.05,22,22,SAME-MORE,pair6,P,-0.001682281494140625,-0.006458282470703125,27059,27059
gpt-j-6b-fp32,D_pert_asc,0.05,22,22,SAME-MORE,pair6,Q,0.00019073486328125,0.001354217529296875,632,632
gpt-j-6b-fp32,D_pert_asc,0.05,22,22,SAME-MORE,pair7,P,-0.00164794921875,0.0074176788330078125,632,632
gpt-j-6b-fp32,D_pert_asc,0.05,22,22,SAME-MORE,pair7,Q,-0.0001068115234375,0.009449958801269531,632,632
gpt-j-6b-fp32,D_pert_asc,0.05,22,22,SAME-MORE,pair8,P,-0.00623321533203125,-0.0013780593872070312,581,581
gpt-j-6b-fp32,D_pert_asc,0.05,22,22,SAME-MORE,pair8,Q,-0.0052204132080078125,0.0011615753173828125,581,581
gpt-j-6b-fp32,D_pert_asc,0.05,22,22,SAME-MORE,pair9,P,-0.00237274169921875,0.0009098052978515625,27059,27059
gpt-j-6b-fp32,D_pert_asc,0.05,22,22,SAME-MORE,pair9,Q,-0.0029296875,0.0016927719116210938,1928,1928
gpt-j-6b-fp32,D_pert_asc,0.05,22,22,SAME-LESS,pair0,P,-0.003803253173828125,0.004019737243652344,632,632
gpt-j-6b-fp32,D_pert_asc,0.05,22,22,SAME-LESS,pair0,Q,-0.0003643035888671875,0.007205009460449219,39733,39733
gpt-j-6b-fp32,D_pert_asc,0.05,22,22,SAME-LESS,pair1,P,0.00041866302490234375,0.004323005676269531,27059,27059
gpt-j-6b-fp32,D_pert_asc,0.05,22,22,SAME-LESS,pair1,Q,0.006361961364746094,0.007863998413085938,19157,19157
gpt-j-6b-fp32,D_pert_asc,0.05,22,22,SAME-LESS,pair2,P,2.956390380859375e-05,-0.0065059661865234375,632,632
gpt-j-6b-fp32,D_pert_asc,0.05,22,22,SAME-LESS,pair2,Q,-0.00104522705078125,-0.0006875991821289062,632,632
gpt-j-6b-fp32,D_pert_asc,0.05,22,22,SAME-LESS,pair3,P,0.004374504089355469,0.007357597351074219,27059,27059
gpt-j-6b-fp32,D_pert_asc,0.05,22,22,SAME-LESS,pair3,Q,0.007997512817382812,0.013928413391113281,632,632
gpt-j-6b-fp32,D_pert_asc,0.05,22,22,SAME-LESS,pair4,P,-0.00025272369384765625,-0.0056056976318359375,27059,27059
gpt-j-6b-fp32,D_pert_asc,0.05,22,22,SAME-LESS,pair4,Q,0.0023164749145507812,-0.002124786376953125,632,632
gpt-j-6b-fp32,D_pert_asc,0.05,22,22,SAME-LESS,pair5,P,0.003055572509765625,0.011936187744140625,27059,27059
gpt-j-6b-fp32,D_pert_asc,0.05,22,22,SAME-LESS,pair5,Q,0.00063323974609375,0.02125835418701172,632,632
gpt-j-6b-fp32,D_pert_asc,0.05,22,22,SAME-LESS,pair6,P,-0.0022525787353515625,-0.002002716064453125,27059,27059
gpt-j-6b-fp32,D_pert_asc,0.05,22,22,SAME-LESS,pair6,Q,0.00041961669921875,0.0034208297729492188,632,632
gpt-j-6b-fp32,D_pert_asc,0.05,22,22,SAME-LESS,pair7,P,-0.0022068023681640625,0.005185127258300781,632,632
gpt-j-6b-fp32,D_pert_asc,0.05,22,22,SAME-LESS,pair7,Q,-0.00034809112548828125,0.013335227966308594,632,632
gpt-j-6b-fp32,D_pert_asc,0.05,22,22,SAME-LESS,pair8,P,-0.005894660949707031,0.0027666091918945312,581,581
gpt-j-6b-fp32,D_pert_asc,0.05,22,22,SAME-LESS,pair8,Q,-0.004913330078125,0.011040687561035156,581,581
gpt-j-6b-fp32,D_pert_asc,0.05,22,22,SAME-LESS,pair9,P,-0.0024652481079101562,0.0009164810180664062,27059,27059
gpt-j-6b-fp32,D_pert_asc,0.05,22,22,SAME-LESS,pair9,Q,-0.0027790069580078125,0.0050296783447265625,1928,1928
gpt-j-6b-fp32,D_pert_asc,0.05,22,22,OPP-MORE,pair0,P,0.0032634735107421875,-0.0017032623291015625,632,632
gpt-j-6b-fp32,D_pert_asc,0.05,22,22,OPP-MORE,pair0,Q,-0.00042819976806640625,9.059906005859375e-05,39733,39733
gpt-j-6b-fp32,D_pert_asc,0.05,22,22,OPP-MORE,pair1,P,0.005535125732421875,0.0017185211181640625,27059,27059
gpt-j-6b-fp32,D_pert_asc,0.05,22,22,OPP-MORE,pair1,Q,0.0077762603759765625,0.009230613708496094,19157,19157
gpt-j-6b-fp32,D_pert_asc,0.05,22,22,OPP-MORE,pair2,P,0.004418373107910156,-0.0035161972045898438,27059,27059
gpt-j-6b-fp32,D_pert_asc,0.05,22,22,OPP-MORE,pair2,Q,-0.00103759765625,-0.0011014938354492188,632,632
gpt-j-6b-fp32,D_pert_asc,0.05,22,22,OPP-MORE,pair3,P,0.01044464111328125,-0.0010061264038085938,27059,27059
gpt-j-6b-fp32,D_pert_asc,0.05,22,22,OPP-MORE,pair3,Q,0.00795745849609375,0.002605438232421875,5930,5930
gpt-j-6b-fp32,D_pert_asc,0.05,22,22,OPP-MORE,pair4,P,0.003025054931640625,-0.0037374496459960938,27059,27059
gpt-j-6b-fp32,D_pert_asc,0.05,22,22,OPP-MORE,pair4,Q,0.0024566650390625,0.0043125152587890625,632,632
gpt-j-6b-fp32,D_pert_asc,0.05,22,22,OPP-MORE,pair5,P,0.008702278137207031,0.0069484710693359375,27059,27059
gpt-j-6b-fp32,D_pert_asc,0.05,22,22,OPP-MORE,pair5,Q,0.0041103363037109375,0.013563156127929688,632,632
gpt-j-6b-fp32,D_pert_asc,0.05,22,22,OPP-MORE,pair6,P,0.0008134841918945312,-0.007236480712890625,27059,27059
gpt-j-6b-fp32,D_pert_asc,0.05,22,22,OPP-MORE,pair6,Q,-0.0014390945434570312,0.0015954971313476562,632,632
gpt-j-6b-fp32,D_pert_asc,0.05,22,22,OPP-MORE,pair7,P,0.0038118362426757812,0.009539604187011719,632,632
gpt-j-6b-fp32,D_pert_asc,0.05,22,22,OPP-MORE,pair7,Q,0.0009374618530273438,0.010982513427734375,632,632
gpt-j-6b-fp32,D_pert_asc,0.05,22,22,OPP-MORE,pair8,P,0.0034008026123046875,-0.0009374618530273438,1874,1874
gpt-j-6b-fp32,D_pert_asc,0.05,22,22,OPP-MORE,pair8,Q,-0.005809783935546875,0.0023088455200195312,1874,1874
gpt-j-6b-fp32,D_pert_asc,0.05,22,22,OPP-MORE,pair9,P,0.002506256103515625,-0.001049041748046875,27059,27059
gpt-j-6b-fp32,D_pert_asc,0.05,22,22,OPP-MORE,pair9,Q,-0.002105712890625,0.0024156570434570312,23663,23663
gpt-j-6b-fp32,D_pert_asc,0.05,22,22,OPP-LESS,pair0,P,0.0032587051391601562,0.005711555480957031,632,632
gpt-j-6b-fp32,D_pert_asc,0.05,22,22,OPP-LESS,pair0,Q,-0.0007419586181640625,0.006756782531738281,39733,39733
gpt-j-6b-fp32,D_pert_asc,0.05,22,22,OPP-LESS,pair1,P,0.0058345794677734375,0.007149696350097656,27059,27059
gpt-j-6b-fp32,D_pert_asc,0.05,22,22,OPP-LESS,pair1,Q,0.006991386413574219,0.010462760925292969,19157,19157
gpt-j-6b-fp32,D_pert_asc,0.05,22,22,OPP-LESS,pair2,P,0.0053615570068359375,-0.005471229553222656,27059,27059
gpt-j-6b-fp32,D_pert_asc,0.05,22,22,OPP-LESS,pair2,Q,-0.0005979537963867188,0.0026388168334960938,632,632
gpt-j-6b-fp32,D_pert_asc,0.05,22,22,OPP-LESS,pair3,P,0.0102081298828125,0.010682106018066406,27059,27059
gpt-j-6b-fp32,D_pert_asc,0.05,22,22,OPP-LESS,pair3,Q,0.007777214050292969,0.016628265380859375,5930,5930
gpt-j-6b-fp32,D_pert_asc,0.05,22,22,OPP-LESS,pair4,P,0.0030393600463867188,-0.00249481201171875,27059,27059
gpt-j-6b-fp32,D_pert_asc,0.05,22,22,OPP-LESS,pair4,Q,0.0020656585693359375,0.0017576217651367188,632,632
gpt-j-6b-fp32,D_pert_asc,0.05,22,22,OPP-LESS,pair5,P,0.008493423461914062,0.013426780700683594,27059,27059
gpt-j-6b-fp32,D_pert_asc,0.05,22,22,OPP-LESS,pair5,Q,0.003002166748046875,0.023324012756347656,632,632
gpt-j-6b-fp32,D_pert_asc,0.05,22,22,OPP-LESS,pair6,P,0.0007762908935546875,0.0014963150024414062,27059,27059
gpt-j-6b-fp32,D_pert_asc,0.05,22,22,OPP-LESS,pair6,Q,-0.0024566650390625,0.004367828369140625,632,632
gpt-j-6b-fp32,D_pert_asc,0.05,22,22,OPP-LESS,pair7,P,0.003711700439453125,0.012494087219238281,632,632
gpt-j-6b-fp32,D_pert_asc,0.05,22,22,OPP-LESS,pair7,Q,-0.00027561187744140625,0.017867088317871094,632,632
gpt-j-6b-fp32,D_pert_asc,0.05,22,22,OPP-LESS,pair8,P,0.004105567932128906,0.0028104782104492188,1874,1874
gpt-j-6b-fp32,D_pert_asc,0.05,22,22,OPP-LESS,pair8,Q,-0.0062351226806640625,0.011629104614257812,1874,1874
gpt-j-6b-fp32,D_pert_asc,0.05,22,22,OPP-LESS,pair9,P,0.0016937255859375,0.005848884582519531,27059,27059
gpt-j-6b-fp32,D_pert_asc,0.05,22,22,OPP-LESS,pair9,Q,-0.0020856857299804688,0.009145736694335938,23663,23663
gpt-j-6b-fp32,D_pert_asc,0.05,22,22,MORE-LESS,pair0,P,5.626678466796875e-05,0.000217437744140625,10255,10255
gpt-j-6b-fp32,D_pert_asc,0.05,22,22,MORE-LESS,pair0,Q,-0.00013828277587890625,0.00047206878662109375,10255,10255
gpt-j-6b-fp32,D_pert_asc,0.05,22,22,MORE-LESS,pair1,P,-0.0014219284057617188,0.0013370513916015625,18605,18605
gpt-j-6b-fp32,D_pert_asc,0.05,22,22,MORE-LESS,pair1,Q,-0.0010662078857421875,0.000904083251953125,18605,18605
gpt-j-6b-fp32,D_pert_asc,0.05,22,22,MORE-LESS,pair2,P,0.0005311965942382812,-0.0006418228149414062,8038,8038
gpt-j-6b-fp32,D_pert_asc,0.05,22,22,MORE-LESS,pair2,Q,0.001087188720703125,-0.000659942626953125,8038,8038
gpt-j-6b-fp32,D_pert_asc,0.05,22,22,MORE-LESS,pair3,P,0.0009336471557617188,-0.000244140625,1234,1234
gpt-j-6b-fp32,D_pert_asc,0.05,22,22,MORE-LESS,pair3,Q,0.001239776611328125,-0.000263214111328125,1234,1234
gpt-j-6b-fp32,D_pert_asc,0.05,22,22,MORE-LESS,pair4,P,0.0007410049438476562,0.00015544891357421875,23448,23448
gpt-j-6b-fp32,D_pert_asc,0.05,22,22,MORE-LESS,pair4,Q,0.0007476806640625,0.00040340423583984375,23448,23448
gpt-j-6b-fp32,D_pert_asc,0.05,22,22,MORE-LESS,pair5,P,-0.00041294097900390625,-0.0019683837890625,969,969
gpt-j-6b-fp32,D_pert_asc,0.05,22,22,MORE-LESS,pair5,Q,-9.918212890625e-05,-0.0014886856079101562,1426,1426
gpt-j-6b-fp32,D_pert_asc,0.05,22,22,MORE-LESS,pair6,P,-0.00046825408935546875,0.00030231475830078125,6514,6514
gpt-j-6b-fp32,D_pert_asc,0.05,22,22,MORE-LESS,pair6,Q,-0.0007610321044921875,0.00028228759765625,6514,6514
gpt-j-6b-fp32,D_pert_asc,0.05,22,22,MORE-LESS,pair7,P,-0.0012426376342773438,-0.0005817413330078125,22111,22111
gpt-j-6b-fp32,D_pert_asc,0.05,22,22,MORE-LESS,pair7,Q,-0.000904083251953125,-0.0002593994140625,22111,22111
gpt-j-6b-fp32,D_pert_asc,0.05,22,22,MORE-LESS,pair8,P,8.0108642578125e-05,-0.00025272369384765625,969,969
gpt-j-6b-fp32,D_pert_asc,0.05,22,22,MORE-LESS,pair8,Q,0.0002269744873046875,-0.0003147125244140625,969,969
gpt-j-6b-fp32,D_pert_asc,0.05,22,22,MORE-LESS,pair9,P,0.0004949569702148438,-0.0008573532104492188,34439,34439
gpt-j-6b-fp32,D_pert_asc,0.05,22,22,MORE-LESS,pair9,Q,0.0009107589721679688,-0.0004100799560546875,34439,34439
gpt-j-6b-fp32,D_pert_asc,0.07,31,31,SAME-OPP,pair0,P,-0.0020961761474609375,0.0006761550903320312,632,632
gpt-j-6b-fp32,D_pert_asc,0.07,31,31,SAME-OPP,pair0,Q,-0.0003108978271484375,-0.00010776519775390625,39733,39733
gpt-j-6b-fp32,D_pert_asc,0.07,31,31,SAME-OPP,pair1,P,-0.0039958953857421875,0.0007495880126953125,27059,27059
gpt-j-6b-fp32,D_pert_asc,0.07,31,31,SAME-OPP,pair1,Q,-0.001842498779296875,0.0019578933715820312,19157,19157
gpt-j-6b-fp32,D_pert_asc,0.07,31,31,SAME-OPP,pair2,P,-0.002178192138671875,-0.0017576217651367188,632,632
gpt-j-6b-fp32,D_pert_asc,0.07,31,31,SAME-OPP,pair2,Q,0.0005950927734375,0.00017547607421875,632,632
gpt-j-6b-fp32,D_pert_asc,0.07,31,31,SAME-OPP,pair3,P,-0.003025054931640625,0.0010967254638671875,27059,27059
gpt-j-6b-fp32,D_pert_asc,0.07,31,31,SAME-OPP,pair3,Q,-0.0025463104248046875,-0.0008325576782226562,632,632
gpt-j-6b-fp32,D_pert_asc,0.07,31,31,SAME-OPP,pair4,P,-0.0020771026611328125,0.0005207061767578125,27059,27059
gpt-j-6b-fp32,D_pert_asc,0.07,31,31,SAME-OPP,pair4,Q,-0.002819061279296875,-0.00045013427734375,632,632
gpt-j-6b-fp32,D_pert_asc,0.07,31,31,SAME-OPP,pair5,P,-0.0036783218383789062,0.00045871734619140625,27059,27059
gpt-j-6b-fp32,D_pert_asc,0.07,31,31,SAME-OPP,pair5,Q,-0.0004405975341796875,-0.0007801055908203125,632,632
gpt-j-6b-fp32,D_pert_asc,0.07,31,31,SAME-OPP,pair6,P,-0.0024671554565429688,0.0009851455688476562,27059,27059
gpt-j-6b-fp32,D_pert_asc,0.07,31,31,SAME-OPP,pair6,Q,-0.0018262863159179688,-2.765655517578125e-05,632,632
gpt-j-6b-fp32,D_pert_asc,0.07,31,31,SAME-OPP,pair7,P,-0.0029764175415039062,0.00090789794921875,632,632
gpt-j-6b-fp32,D_pert_asc,0.07,31,31,SAME-OPP,pair7,Q,-0.0011415481567382812,0.0008182525634765625,632,632
gpt-j-6b-fp32,D_pert_asc,0.07,31,31,SAME-OPP,pair8,P,-0.0032291412353515625,-0.00106048583984375,581,581
gpt-j-6b-fp32,D_pert_asc,0.07,31,31,SAME-OPP,pair8,Q,-0.0011625289916992188,0.0006875991821289062,581,581
gpt-j-6b-fp32,D_pert_asc,0.07,31,31,SAME-OPP,pair9,P,-0.0029144287109375,0.0008268356323242188,27059,27059
gpt-j-6b-fp32,D_pert_asc,0.07,31,31,SAME-OPP,pair9,Q,-0.00325775146484375,0.00048542022705078125,1928,1928
gpt-j-6b-fp32,D_pert_asc,0.07,31,31,SAME-MORE,pair0,P,-0.0004482269287109375,-0.0019998550415039062,632,632
gpt-j-6b-fp32,D_pert_asc,0.07,31,31,SAME-MORE,pair0,Q,-0.002277374267578125,-0.0024690628051757812,39733,39733
gpt-j-6b-fp32,D_pert_asc,0.07,31,31,SAME-MORE,pair1,P,0.0058574676513671875,-0.0072479248046875,27059,27059
gpt-j-6b-fp32,D_pert_asc,0.07,31,31,SAME-MORE,pair1,Q,0.007193565368652344,-0.001708984375,19157,19157
gpt-j-6b-fp32,D_pert_asc,0.07,31,31,SAME-MORE,pair2,P,0.009831428527832031,-0.008419990539550781,632,632
gpt-j-6b-fp32,D_pert_asc,0.07,31,31,SAME-MORE,pair2,Q,-0.0035724639892578125,-0.00229644775390625,632,632
gpt-j-6b-fp32,D_pert_asc,0.07,31,31,SAME-MORE,pair3,P,0.0058460235595703125,-0.0015096664428710938,27059,27059
gpt-j-6b-fp32,D_pert_asc,0.07,31,31,SAME-MORE,pair3,Q,-0.0039033889770507812,-0.0012216567993164062,632,632
gpt-j-6b-fp32,D_pert_asc,0.07,31,31,SAME-MORE,pair4,P,0.0030193328857421875,-0.011858940124511719,27059,27059
gpt-j-6b-fp32,D_pert_asc,0.07,31,31,SAME-MORE,pair4,Q,-0.0031452178955078125,0.0043697357177734375,632,632
gpt-j-6b-fp32,D_pert_asc,0.07,31,31,SAME-MORE,pair5,P,0.009794235229492188,0.004137992858886719,27059,27059
gpt-j-6b-fp32,D_pert_asc,0.07,31,31,SAME-MORE,pair5,Q,-0.008309364318847656,0.0064640045166015625,632,632
gpt-j-6b-fp32,D_pert_asc,0.07,31,31,SAME-MORE,pair6,P,0.0010709762573242188,-0.004511833190917969,27059,27059
gpt-j-6b-fp32,D_pert_asc,0.07,31,31,SAME-MORE,pair6,Q,-0.008235931396484375,-0.008581161499023438,632,632
gpt-j-6b-fp32,D_pert_asc,0.07,31,31,SAME-MORE,pair7,P,0.004761695861816406,0.005053520202636719,632,632
gpt-j-6b-fp32,D_pert_asc,0.07,31,31,SAME-MORE,pair7,Q,-0.007030487060546875,0.007349967956542969,632,632
gpt-j-6b-fp32,D_pert_asc,0.07,31,31,SAME-MORE,pair8,P,-0.0022306442260742188,-0.010052680969238281,581,581
gpt-j-6b-fp32,D_pert_asc,0.07,31,31,SAME-MORE,pair8,Q,-0.008318901062011719,-0.0046672821044921875,581,581
gpt-j-6b-fp32,D_pert_asc,0.07,31,31,SAME-MORE,pair9,P,-0.0014181137084960938,-0.0032958984375,27059,27059
gpt-j-6b-fp32,D_pert_asc,0.07,31,31,SAME-MORE,pair9,Q,-0.007447242736816406,-0.0049457550048828125,1928,1928
gpt-j-6b-fp32,D_pert_asc,0.07,31,31,SAME-LESS,pair0,P,-0.0026445388793945312,-0.0063686370849609375,632,632
gpt-j-6b-fp32,D_pert_asc,0.07,31,31,SAME-LESS,pair0,Q,-0.0015592575073242188,-0.00024890899658203125,39733,39733
gpt-j-6b-fp32,D_pert_asc,0.07,31,31,SAME-LESS,pair1,P,0.004307746887207031,-0.007224082946777344,27059,27059
gpt-j-6b-fp32,D_pert_asc,0.07,31,31,SAME-LESS,pair1,Q,0.0068721771240234375,-0.00121307373046875,19157,19157
gpt-j-6b-fp32,D_pert_asc,0.07,31,31,SAME-LESS,pair2,P,0.009442329406738281,-0.028374671936035156,632,632
gpt-j-6b-fp32,D_pert_asc,0.07,31,31,SAME-LESS,pair2,Q,-0.0043010711669921875,-0.017292022705078125,632,632
gpt-j-6b-fp32,D_pert_asc,0.07,31,31,SAME-LESS,pair3,P,0.005005836486816406,0.002925872802734375,27059,27059
gpt-j-6b-fp32,D_pert_asc,0.07,31,31,SAME-LESS,pair3,Q,-0.004834175109863281,0.014061927795410156,632,632
gpt-j-6b-fp32,D_pert_asc,0.07,31,31,SAME-LESS,pair4,P,0.0024547576904296875,-0.017858505249023438,27059,27059
gpt-j-6b-fp32,D_pert_asc,0.07,31,31,SAME-LESS,pair4,Q,-0.0012378692626953125,-0.009209632873535156,632,632
gpt-j-6b-fp32,D_pert_asc,0.07,31,31,SAME-LESS,pair5,P,0.0067615509033203125,0.0023088455200195312,27059,27059
gpt-j-6b-fp32,D_pert_asc,0.07,31,31,SAME-LESS,pair5,Q,-0.00994110107421875,0.011816978454589844,632,632
gpt-j-6b-fp32,D_pert_asc,0.07,31,31,SAME-LESS,pair6,P,4.00543212890625e-05,-0.029600143432617188,27059,27059
gpt-j-6b-fp32,D_pert_asc,0.07,31,31,SAME-LESS,pair6,Q,-0.007282257080078125,-0.03337574005126953,632,632
gpt-j-6b-fp32,D_pert_asc,0.07,31,31,SAME-LESS,pair7,P,0.0033311843872070312,-0.006196022033691406,632,632
gpt-j-6b-fp32,D_pert_asc,0.07,31,31,SAME-LESS,pair7,Q,-0.007517814636230469,0.0039014816284179688,632,632
gpt-j-6b-fp32,D_pert_asc,0.07,31,31,SAME-LESS,pair8,P,-0.002544403076171875,-0.0024471282958984375,581,581
gpt-j-6b-fp32,D_pert_asc,0.07,31,31,SAME-LESS,pair8,Q,-0.008043289184570312,0.0076274871826171875,581,581
gpt-j-6b-fp32,D_pert_asc,0.07,31,31,SAME-LESS,pair9,P,-0.002170562744140625,-0.004971504211425781,27059,27059
gpt-j-6b-fp32,D_pert_asc,0.07,31,31,SAME-LESS,pair9,Q,-0.006847381591796875,0.001033782958984375,1928,1928
gpt-j-6b-fp32,D_pert_asc,0.07,31,31,OPP-MORE,pair0,P,0.010087013244628906,0.00039577484130859375,632,632
gpt-j-6b-fp32,D_pert_asc,0.07,31,31,OPP-MORE,pair0,Q,0.0012865066528320312,-0.00023937225341796875,39733,39733
gpt-j-6b-fp32,D_pert_asc,0.07,31,31,OPP-MORE,pair1,P,0.005435943603515625,-0.0050945281982421875,27059,27059
gpt-j-6b-fp32,D_pert_asc,0.07,31,31,OPP-MORE,pair1,Q,0.0072956085205078125,0.0023632049560546875,19157,19157
gpt-j-6b-fp32,D_pert_asc,0.07,31,31,OPP-MORE,pair2,P,0.011474609375,-0.009004592895507812,27059,27059
gpt-j-6b-fp32,D_pert_asc,0.07,31,31,OPP-MORE,pair2,Q,-0.006000518798828125,-0.0013380050659179688,632,632
gpt-j-6b-fp32,D_pert_asc,0.07,31,31,OPP-MORE,pair3,P,0.00848388671875,-0.0008602142333984375,27059,27059
gpt-j-6b-fp32,D_pert_asc,0.07,31,31,OPP-MORE,pair3,Q,-0.00037288665771484375,-0.00029850006103515625,5930,5930
gpt-j-6b-fp32,D_pert_asc,0.07,31,31,OPP-MORE,pair4,P,0.0025472640991210938,-0.008925437927246094,27059,27059
gpt-j-6b-fp32,D_pert_asc,0.07,31,31,OPP-MORE,pair4,Q,-0.0016565322875976562,0.006081581115722656,632,632
gpt-j-6b-fp32,D_pert_asc,0.07,31,31,OPP-MORE,pair5,P,0.006115913391113281,0.008540153503417969,27059,27059
gpt-j-6b-fp32,D_pert_asc,0.07,31,31,OPP-MORE,pair5,Q,-0.0035810470581054688,0.0090789794921875,632,632
gpt-j-6b-fp32,D_pert_asc,0.07,31,31,OPP-MORE,pair6,P,0.0023908615112304688,-0.005591392517089844,27059,27059
gpt-j-6b-fp32,D_pert_asc,0.07,31,31,OPP-MORE,pair6,Q,-0.006260871887207031,-0.009713172912597656,632,632
gpt-j-6b-fp32,D_pert_asc,0.07,31,31,OPP-MORE,pair7,P,0.006622314453125,0.006447792053222656,632,632
gpt-j-6b-fp32,D_pert_asc,0.07,31,31,OPP-MORE,pair7,Q,-0.005785942077636719,0.00858306884765625,632,632
gpt-j-6b-fp32,D_pert_asc,0.07,31,31,OPP-MORE,pair8,P,0.0018291473388671875,-0.008493423461914062,1874,1874
gpt-j-6b-fp32,D_pert_asc,0.07,31,31,OPP-MORE,pair8,Q,-0.012176513671875,-0.002552032470703125,1874,1874
gpt-j-6b-fp32,D_pert_asc,0.07,31,31,OPP-MORE,pair9,P,0.0046062469482421875,-0.0029726028442382812,27059,27059
gpt-j-6b-fp32,D_pert_asc,0.07,31,31,OPP-MORE,pair9,Q,-0.0080718994140625,-0.000530242919921875,23663,23663
gpt-j-6b-fp32,D_pert_asc,0.07,31,31,OPP-LESS,pair0,P,0.011316299438476562,-0.009166717529296875,632,632
gpt-j-6b-fp32,D_pert_asc,0.07,31,31,OPP-LESS,pair0,Q,0.002391815185546875,-0.0024080276489257812,39733,39733
gpt-j-6b-fp32,D_pert_asc,0.07,31,31,OPP-LESS,pair1,P,0.0067005157470703125,-0.0025911331176757812,27059,27059
gpt-j-6b-fp32,D_pert_asc,0.07,31,31,OPP-LESS,pair1,Q,0.007472991943359375,0.0013275146484375,19157,19157
gpt-j-6b-fp32,D_pert_asc,0.07,31,31,OPP-LESS,pair2,P,0.012723922729492188,-0.032029151916503906,27059,27059
gpt-j-6b-fp32,D_pert_asc,0.07,31,31,OPP-LESS,pair2,Q,-0.00559234619140625,-0.020006179809570312,632,632
gpt-j-6b-fp32,D_pert_asc,0.07,31,31,OPP-LESS,pair3,P,0.009022712707519531,0.004149436950683594,27059,27059
gpt-j-6b-fp32,D_pert_asc,0.07,31,31,OPP-LESS,pair3,Q,-0.00032138824462890625,0.010689735412597656,5930,5930
gpt-j-6b-fp32,D_pert_asc,0.07,31,31,OPP-LESS,pair4,P,0.003200531005859375,-0.013888359069824219,27059,27059
gpt-j-6b-fp32,D_pert_asc,0.07,31,31,OPP-LESS,pair4,Q,-0.0015401840209960938,-0.007785797119140625,632,632
gpt-j-6b-fp32,D_pert_asc,0.07,31,31,OPP-LESS,pair5,P,0.006718635559082031,0.0034818649291992188,27059,27059
gpt-j-6b-fp32,D_pert_asc,0.07,31,31,OPP-LESS,pair5,Q,-0.004616737365722656,0.009695053100585938,632,632
gpt-j-6b-fp32,D_pert_asc,0.07,31,31,OPP-LESS,pair6,P,0.0034914016723632812,-0.024507522583007812,27059,27059
gpt-j-6b-fp32,D_pert_asc,0.07,31,31,OPP-LESS,pair6,Q,-0.0057964324951171875,-0.035643577575683594,632,632
gpt-j-6b-fp32,D_pert_asc,0.07,31,31,OPP-LESS,pair7,P,0.005747795104980469,-0.0022449493408203125,632,632
gpt-j-6b-fp32,D_pert_asc,0.07,31,31,OPP-LESS,pair7,Q,-0.00601959228515625,0.004817962646484375,632,632
gpt-j-6b-fp32,D_pert_asc,0.07,31,31,OPP-LESS,pair8,P,0.0033416748046875,-0.0032567977905273438,1874,1874
gpt-j-6b-fp32,D_pert_asc,0.07,31,31,OPP-LESS,pair8,Q,-0.011602401733398438,0.006934165954589844,1874,1874
gpt-j-6b-fp32,D_pert_asc,0.07,31,31,OPP-LESS,pair9,P,0.004669189453125,0.0040645599365234375,27059,27059
gpt-j-6b-fp32,D_pert_asc,0.07,31,31,OPP-LESS,pair9,Q,-0.007609367370605469,0.009860992431640625,23663,23663
gpt-j-6b-fp32,D_pert_asc,0.07,31,31,MORE-LESS,pair0,P,-0.00060272216796875,-8.0108642578125e-05,10255,10255
gpt-j-6b-fp32,D_pert_asc,0.07,31,31,MORE-LESS,pair0,Q,-0.0009069442749023438,0.00022411346435546875,10255,10255
gpt-j-6b-fp32,D_pert_asc,0.07,31,31,MORE-LESS,pair1,P,0.000591278076171875,-0.00022220611572265625,18605,18605
gpt-j-6b-fp32,D_pert_asc,0.07,31,31,MORE-LESS,pair1,Q,0.00086212158203125,-0.00041103363037109375,18605,18605
gpt-j-6b-fp32,D_pert_asc,0.07,31,31,MORE-LESS,pair2,P,0.0003108978271484375,0.0005617141723632812,8038,8038
gpt-j-6b-fp32,D_pert_asc,0.07,31,31,MORE-LESS,pair2,Q,0.0010004043579101562,2.86102294921875e-06,8038,8038
gpt-j-6b-fp32,D_pert_asc,0.07,31,31,MORE-LESS,pair3,P,0.0009784698486328125,0.000667572021484375,1234,1234
gpt-j-6b-fp32,D_pert_asc,0.07,31,31,MORE-LESS,pair3,Q,0.0018901824951171875,0.0009584426879882812,1234,1234
gpt-j-6b-fp32,D_pert_asc,0.07,31,31,MORE-LESS,pair4,P,0.002288818359375,-0.000751495361328125,23448,23448
gpt-j-6b-fp32,D_pert_asc,0.07,31,31,MORE-LESS,pair4,Q,0.0022430419921875,-0.000476837158203125,23448,23448
gpt-j-6b-fp32,D_pert_asc,0.07,31,31,MORE-LESS,pair5,P,0.0018930435180664062,-0.0002574920654296875,969,969
gpt-j-6b-fp32,D_pert_asc,0.07,31,31,MORE-LESS,pair5,Q,0.002513885498046875,0.0005865097045898438,1426,1426
gpt-j-6b-fp32,D_pert_asc,0.07,31,31,MORE-LESS,pair6,P,0.0012216567993164062,-0.001438140869140625,6514,6514
gpt-j-6b-fp32,D_pert_asc,0.07,31,31,MORE-LESS,pair6,Q,0.0014286041259765625,-0.0010433197021484375,6514,6514
gpt-j-6b-fp32,D_pert_asc,0.07,31,31,MORE-LESS,pair7,P,-0.0006198883056640625,-0.00047588348388671875,22111,22111
gpt-j-6b-fp32,D_pert_asc,0.07,31,31,MORE-LESS,pair7,Q,-0.00036334991455078125,0.000125885009765625,22111,22111
gpt-j-6b-fp32,D_pert_asc,0.07,31,31,MORE-LESS,pair8,P,0.00034809112548828125,0.0010776519775390625,969,969
gpt-j-6b-fp32,D_pert_asc,0.07,31,31,MORE-LESS,pair8,Q,0.00026702880859375,0.000820159912109375,969,969
gpt-j-6b-fp32,D_pert_asc,0.07,31,31,MORE-LESS,pair9,P,0.0036497116088867188,-0.0014333724975585938,34439,34439
gpt-j-6b-fp32,D_pert_asc,0.07,31,31,MORE-LESS,pair9,Q,0.004139900207519531,-0.0009784698486328125,34439,34439
gpt-j-6b-fp32,D_pert_asc,0.1,44,44,SAME-OPP,pair0,P,-0.006237030029296875,-0.0031261444091796875,632,632
gpt-j-6b-fp32,D_pert_asc,0.1,44,44,SAME-OPP,pair0,Q,-0.0036973953247070312,-0.004160881042480469,39733,39733
gpt-j-6b-fp32,D_pert_asc,0.1,44,44,SAME-OPP,pair1,P,-0.008355140686035156,-0.0045413970947265625,27059,27059
gpt-j-6b-fp32,D_pert_asc,0.1,44,44,SAME-OPP,pair1,Q,-0.007895469665527344,-0.004866600036621094,19157,19157
gpt-j-6b-fp32,D_pert_asc,0.1,44,44,SAME-OPP,pair2,P,-0.007231712341308594,-0.004864692687988281,632,632
gpt-j-6b-fp32,D_pert_asc,0.1,44,44,SAME-OPP,pair2,Q,-0.0036182403564453125,-0.00548553466796875,632,632
gpt-j-6b-fp32,D_pert_asc,0.1,44,44,SAME-OPP,pair3,P,-0.006377220153808594,-0.0030241012573242188,27059,27059
gpt-j-6b-fp32,D_pert_asc,0.1,44,44,SAME-OPP,pair3,Q,-0.006916999816894531,-0.0050487518310546875,632,632
gpt-j-6b-fp32,D_pert_asc,0.1,44,44,SAME-OPP,pair4,P,-0.0049896240234375,-0.004027366638183594,27059,27059
gpt-j-6b-fp32,D_pert_asc,0.1,44,44,SAME-OPP,pair4,Q,-0.007222175598144531,-0.0058193206787109375,632,632
gpt-j-6b-fp32,D_pert_asc,0.1,44,44,SAME-OPP,pair5,P,-0.008706092834472656,-0.0043735504150390625,27059,27059
gpt-j-6b-fp32,D_pert_asc,0.1,44,44,SAME-OPP,pair5,Q,-0.0035181045532226562,-0.0055980682373046875,632,632
gpt-j-6b-fp32,D_pert_asc,0.1,44,44,SAME-OPP,pair6,P,-0.0072841644287109375,-0.004290580749511719,27059,27059
gpt-j-6b-fp32,D_pert_asc,0.1,44,44,SAME-OPP,pair6,Q,-0.007465362548828125,-0.006214141845703125,632,632
gpt-j-6b-fp32,D_pert_asc,0.1,44,44,SAME-OPP,pair7,P,-0.00740814208984375,-0.006394386291503906,632,632
gpt-j-6b-fp32,D_pert_asc,0.1,44,44,SAME-OPP,pair7,Q,-0.006756782531738281,-0.004904747009277344,632,632
gpt-j-6b-fp32,D_pert_asc,0.1,44,44,SAME-OPP,pair8,P,-0.008080482482910156,-0.006346702575683594,581,581
gpt-j-6b-fp32,D_pert_asc,0.1,44,44,SAME-OPP,pair8,Q,-0.007710456848144531,-0.005034446716308594,581,581
gpt-j-6b-fp32,D_pert_asc,0.1,44,44,SAME-OPP,pair9,P,-0.00717926025390625,-0.007081031799316406,27059,27059
gpt-j-6b-fp32,D_pert_asc,0.1,44,44,SAME-OPP,pair9,Q,-0.008473396301269531,-0.004525184631347656,1928,1928
gpt-j-6b-fp32,D_pert_asc,0.1,44,44,SAME-MORE,pair0,P,0.0018510818481445312,0.0028171539306640625,632,632
gpt-j-6b-fp32,D_pert_asc,0.1,44,44,SAME-MORE,pair0,Q,0.007966041564941406,0.006421089172363281,39733,39733
gpt-j-6b-fp32,D_pert_asc,0.1,44,44,SAME-MORE,pair1,P,0.021205902099609375,0.015575408935546875,27059,27059
gpt-j-6b-fp32,D_pert_asc,0.1,44,44,SAME-MORE,pair1,Q,0.024229049682617188,0.008805274963378906,19157,19157
gpt-j-6b-fp32,D_pert_asc,0.1,44,44,SAME-MORE,pair2,P,0.012797355651855469,0.011082649230957031,632,632
gpt-j-6b-fp32,D_pert_asc,0.1,44,44,SAME-MORE,pair2,Q,0.01630878448486328,0.01708221435546875,632,632
gpt-j-6b-fp32,D_pert_asc,0.1,44,44,SAME-MORE,pair3,P,0.007279396057128906,0.010334014892578125,27059,27059
gpt-j-6b-fp32,D_pert_asc,0.1,44,44,SAME-MORE,pair3,Q,0.017595291137695312,0.011575698852539062,632,632
gpt-j-6b-fp32,D_pert_asc,0.1,44,44,SAME-MORE,pair4,P,0.010367393493652344,0.005228996276855469,27059,27059
gpt-j-6b-fp32,D_pert_asc,0.1,44,44,SAME-MORE,pair4,Q,0.02394866943359375,0.00937652587890625,632,632
gpt-j-6b-fp32,D_pert_asc,0.1,44,44,SAME-MORE,pair5,P,0.008309364318847656,0.01952838897705078,27059,27059
gpt-j-6b-fp32,D_pert_asc,0.1,44,44,SAME-MORE,pair5,Q,0.010493278503417969,0.008968353271484375,632,632
gpt-j-6b-fp32,D_pert_asc,0.1,44,44,SAME-MORE,pair6,P,0.012534141540527344,0.010515213012695312,27059,27059
gpt-j-6b-fp32,D_pert_asc,0.1,44,44,SAME-MORE,pair6,Q,0.01447296142578125,-0.004878044128417969,632,632
gpt-j-6b-fp32,D_pert_asc,0.1,44,44,SAME-MORE,pair7,P,0.0027904510498046875,0.008421897888183594,632,632
gpt-j-6b-fp32,D_pert_asc,0.1,44,44,SAME-MORE,pair7,Q,0.011793136596679688,0.014384269714355469,632,632
gpt-j-6b-fp32,D_pert_asc,0.1,44,44,SAME-MORE,pair8,P,0.0017118453979492188,0.02974414825439453,581,581
gpt-j-6b-fp32,D_pert_asc,0.1,44,44,SAME-MORE,pair8,Q,0.0017271041870117188,0.014003753662109375,581,581
gpt-j-6b-fp32,D_pert_asc,0.1,44,44,SAME-MORE,pair9,P,0.008632659912109375,0.010331153869628906,27059,27059
gpt-j-6b-fp32,D_pert_asc,0.1,44,44,SAME-MORE,pair9,Q,0.022846221923828125,0.00504302978515625,1928,1928
gpt-j-6b-fp32,D_pert_asc,0.1,44,44,SAME-LESS,pair0,P,0.0013561248779296875,-0.005164146423339844,632,632
gpt-j-6b-fp32,D_pert_asc,0.1,44,44,SAME-LESS,pair0,Q,0.008798599243164062,-0.006245613098144531,39733,39733
gpt-j-6b-fp32,D_pert_asc,0.1,44,44,SAME-LESS,pair1,P,0.021185874938964844,0.008699417114257812,27059,27059
gpt-j-6b-fp32,D_pert_asc,0.1,44,44,SAME-LESS,pair1,Q,0.023569107055664062,0.0021944046020507812,19157,19157
gpt-j-6b-fp32,D_pert_asc,0.1,44,44,SAME-LESS,pair2,P,0.012297630310058594,-0.03341960906982422,632,632
gpt-j-6b-fp32,D_pert_asc,0.1,44,44,SAME-LESS,pair2,Q,0.013569831848144531,-0.03287792205810547,632,632
gpt-j-6b-fp32,D_pert_asc,0.1,44,44,SAME-LESS,pair3,P,0.0066070556640625,0.034534454345703125,27059,27059
gpt-j-6b-fp32,D_pert_asc,0.1,44,44,SAME-LESS,pair3,Q,0.014552116394042969,0.031229019165039062,632,632
gpt-j-6b-fp32,D_pert_asc,0.1,44,44,SAME-LESS,pair4,P,0.012218475341796875,-0.013500213623046875,27059,27059
gpt-j-6b-fp32,D_pert_asc,0.1,44,44,SAME-LESS,pair4,Q,0.025167465209960938,-0.02008533477783203,632,632
gpt-j-6b-fp32,D_pert_asc,0.1,44,44,SAME-LESS,pair5,P,0.004950523376464844,0.02019023895263672,27059,27059
gpt-j-6b-fp32,D_pert_asc,0.1,44,44,SAME-LESS,pair5,Q,0.006545066833496094,0.022571563720703125,632,632
gpt-j-6b-fp32,D_pert_asc,0.1,44,44,SAME-LESS,pair6,P,0.012434959411621094,-0.009027481079101562,27059,27059
gpt-j-6b-fp32,D_pert_asc,0.1,44,44,SAME-LESS,pair6,Q,0.013745307922363281,-0.038207054138183594,632,632
gpt-j-6b-fp32,D_pert_asc,0.1,44,44,SAME-LESS,pair7,P,0.0030040740966796875,-0.013293266296386719,632,632
gpt-j-6b-fp32,D_pert_asc,0.1,44,44,SAME-LESS,pair7,Q,0.00902557373046875,0.0033540725708007812,632,632
gpt-j-6b-fp32,D_pert_asc,0.1,44,44,SAME-LESS,pair8,P,0.0017147064208984375,0.027740478515625,581,581
gpt-j-6b-fp32,D_pert_asc,0.1,44,44,SAME-LESS,pair8,Q,-4.38690185546875e-05,0.021416664123535156,581,581
gpt-j-6b-fp32,D_pert_asc,0.1,44,44,SAME-LESS,pair9,P,0.010798454284667969,0.004998207092285156,27059,27059
gpt-j-6b-fp32,D_pert_asc,0.1,44,44,SAME-LESS,pair9,Q,0.022176742553710938,0.0009756088256835938,1928,1928
gpt-j-6b-fp32,D_pert_asc,0.1,44,44,OPP-MORE,pair0,P,0.037163734436035156,0.007420539855957031,632,632
gpt-j-6b-fp32,D_pert_asc,0.1,44,44,OPP-MORE,pair0,Q,0.016559600830078125,0.012280464172363281,39733,39733
gpt-j-6b-fp32,D_pert_asc,0.1,44,44,OPP-MORE,pair1,P,0.04795074462890625,0.01905345916748047,27059,27059
gpt-j-6b-fp32,D_pert_asc,0.1,44,44,OPP-MORE,pair1,Q,0.027317047119140625,0.012827873229980469,19157,19157
gpt-j-6b-fp32,D_pert_asc,0.1,44,44,OPP-MORE,pair2,P,0.05580425262451172,0.008938789367675781,27059,27059
gpt-j-6b-fp32,D_pert_asc,0.1,44,44,OPP-MORE,pair2,Q,0.01839733123779297,0.014616012573242188,632,632
gpt-j-6b-fp32,D_pert_asc,0.1,44,44,OPP-MORE,pair3,P,0.054962158203125,0.0063495635986328125,27059,27059
gpt-j-6b-fp32,D_pert_asc,0.1,44,44,OPP-MORE,pair3,Q,0.011454582214355469,0.012015342712402344,5930,5930
gpt-j-6b-fp32,D_pert_asc,0.1,44,44,OPP-MORE,pair4,P,0.05153369903564453,0.012507438659667969,27059,27059
gpt-j-6b-fp32,D_pert_asc,0.1,44,44,OPP-MORE,pair4,Q,0.024972915649414062,0.015448570251464844,632,632
gpt-j-6b-fp32,D_pert_asc,0.1,44,44,OPP-MORE,pair5,P,0.04545783996582031,0.020599365234375,27059,27059
gpt-j-6b-fp32,D_pert_asc,0.1,44,44,OPP-MORE,pair5,Q,0.013379096984863281,0.011864662170410156,632,632
gpt-j-6b-fp32,D_pert_asc,0.1,44,44,OPP-MORE,pair6,P,0.041217803955078125,0.013402938842773438,27059,27059
gpt-j-6b-fp32,D_pert_asc,0.1,44,44,OPP-MORE,pair6,Q,0.0267181396484375,-0.0016031265258789062,632,632
gpt-j-6b-fp32,D_pert_asc,0.1,44,44,OPP-MORE,pair7,P,0.058722496032714844,0.011293411254882812,632,632
gpt-j-6b-fp32,D_pert_asc,0.1,44,44,OPP-MORE,pair7,Q,0.016203880310058594,0.016486167907714844,632,632
gpt-j-6b-fp32,D_pert_asc,0.1,44,44,OPP-MORE,pair8,P,0.039554595947265625,0.01617431640625,1874,1874
gpt-j-6b-fp32,D_pert_asc,0.1,44,44,OPP-MORE,pair8,Q,0.012910842895507812,0.009801864624023438,1874,1874
gpt-j-6b-fp32,D_pert_asc,0.1,44,44,OPP-MORE,pair9,P,0.06055164337158203,0.008928298950195312,27059,27059
gpt-j-6b-fp32,D_pert_asc,0.1,44,44,OPP-MORE,pair9,Q,0.01815032958984375,0.011012077331542969,23663,23663
gpt-j-6b-fp32,D_pert_asc,0.1,44,44,OPP-LESS,pair0,P,0.03781890869140625,-0.001125335693359375,632,632
gpt-j-6b-fp32,D_pert_asc,0.1,44,44,OPP-LESS,pair0,Q,0.018537521362304688,-0.0007295608520507812,39733,39733
gpt-j-6b-fp32,D_pert_asc,0.1,44,44,OPP-LESS,pair1,P,0.047771453857421875,0.019478797912597656,27059,27059
gpt-j-6b-fp32,D_pert_asc,0.1,44,44,OPP-LESS,pair1,Q,0.026762962341308594,0.011944770812988281,19157,19157
gpt-j-6b-fp32,D_pert_asc,0.1,44,44,OPP-LESS,pair2,P,0.051688194274902344,-0.030563831329345703,27059,27059
gpt-j-6b-fp32,D_pert_asc,0.1,44,44,OPP-LESS,pair2,Q,0.01629161834716797,-0.026327133178710938,632,632
gpt-j-6b-fp32,D_pert_asc,0.1,44,44,OPP-LESS,pair3,P,0.05033302307128906,0.045886993408203125,27059,27059
gpt-j-6b-fp32,D_pert_asc,0.1,44,44,OPP-LESS,pair3,Q,0.01776599884033203,0.03582954406738281,5930,5930
gpt-j-6b-fp32,D_pert_asc,0.1,44,44,OPP-LESS,pair4,P,0.05008888244628906,-0.00033092498779296875,27059,27059
gpt-j-6b-fp32,D_pert_asc,0.1,44,44,OPP-LESS,pair4,Q,0.025323867797851562,-0.009837150573730469,632,632
gpt-j-6b-fp32,D_pert_asc,0.1,44,44,OPP-LESS,pair5,P,0.0400238037109375,0.025155067443847656,27059,27059
gpt-j-6b-fp32,D_pert_asc,0.1,44,44,OPP-LESS,pair5,Q,0.013393402099609375,0.026473045349121094,632,632
gpt-j-6b-fp32,D_pert_asc,0.1,44,44,OPP-LESS,pair6,P,0.040963172912597656,0.008109092712402344,27059,27059
gpt-j-6b-fp32,D_pert_asc,0.1,44,44,OPP-LESS,pair6,Q,0.02462291717529297,-0.03147315979003906,632,632
gpt-j-6b-fp32,D_pert_asc,0.1,44,44,OPP-LESS,pair7,P,0.051789283752441406,-0.0019197463989257812,632,632
gpt-j-6b-fp32,D_pert_asc,0.1,44,44,OPP-LESS,pair7,Q,0.016282081604003906,0.009524345397949219,632,632
gpt-j-6b-fp32,D_pert_asc,0.1,44,44,OPP-LESS,pair8,P,0.03795909881591797,0.038013458251953125,1874,1874
gpt-j-6b-fp32,D_pert_asc,0.1,44,44,OPP-LESS,pair8,Q,0.011607170104980469,0.02895832061767578,1874,1874
gpt-j-6b-fp32,D_pert_asc,0.1,44,44,OPP-LESS,pair9,P,0.05766105651855469,0.025498390197753906,27059,27059
gpt-j-6b-fp32,D_pert_asc,0.1,44,44,OPP-LESS,pair9,Q,0.018599510192871094,0.017807960510253906,23663,23663
gpt-j-6b-fp32,D_pert_asc,0.1,44,44,MORE-LESS,pair0,P,-0.0025663375854492188,-0.0004482269287109375,10255,10255
gpt-j-6b-fp32,D_pert_asc,0.1,44,44,MORE-LESS,pair0,Q,-0.0025300979614257812,-0.0003719329833984375,10255,10255
gpt-j-6b-fp32,D_pert_asc,0.1,44,44,MORE-LESS,pair1,P,0.0019617080688476562,-0.0017385482788085938,18605,18605
gpt-j-6b-fp32,D_pert_asc,0.1,44,44,MORE-LESS,pair1,Q,0.003930091857910156,-0.0022115707397460938,18605,18605
gpt-j-6b-fp32,D_pert_asc,0.1,44,44,MORE-LESS,pair2,P,0.00019931793212890625,-0.002044677734375,8038,8038
gpt-j-6b-fp32,D_pert_asc,0.1,44,44,MORE-LESS,pair2,Q,0.0009622573852539062,-0.003116607666015625,8038,8038
gpt-j-6b-fp32,D_pert_asc,0.1,44,44,MORE-LESS,pair3,P,0.002532958984375,0.0029001235961914062,1234,1234
gpt-j-6b-fp32,D_pert_asc,0.1,44,44,MORE-LESS,pair3,Q,0.004155158996582031,0.00304412841796875,1234,1234
gpt-j-6b-fp32,D_pert_asc,0.1,44,44,MORE-LESS,pair4,P,0.0011415481567382812,-0.0050792694091796875,23448,23448
gpt-j-6b-fp32,D_pert_asc,0.1,44,44,MORE-LESS,pair4,Q,0.0014982223510742188,-0.0037899017333984375,23448,23448
gpt-j-6b-fp32,D_pert_asc,0.1,44,44,MORE-LESS,pair5,P,0.0010938644409179688,0.000152587890625,969,969
gpt-j-6b-fp32,D_pert_asc,0.1,44,44,MORE-LESS,pair5,Q,0.0016431808471679688,0.0014657974243164062,1426,1426
gpt-j-6b-fp32,D_pert_asc,0.1,44,44,MORE-LESS,pair6,P,0.00037384033203125,-0.004630088806152344,6514,6514
gpt-j-6b-fp32,D_pert_asc,0.1,44,44,MORE-LESS,pair6,Q,0.000946044921875,-0.004307746887207031,6514,6514
gpt-j-6b-fp32,D_pert_asc,0.1,44,44,MORE-LESS,pair7,P,-0.0009012222290039062,0.0022029876708984375,22111,22111
gpt-j-6b-fp32,D_pert_asc,0.1,44,44,MORE-LESS,pair7,Q,-0.0017538070678710938,0.0021524429321289062,22111,22111
gpt-j-6b-fp32,D_pert_asc,0.1,44,44,MORE-LESS,pair8,P,0.004008293151855469,0.00032520294189453125,969,969
gpt-j-6b-fp32,D_pert_asc,0.1,44,44,MORE-LESS,pair8,Q,0.0031442642211914062,0.0008296966552734375,969,969
gpt-j-6b-fp32,D_pert_asc,0.1,44,44,MORE-LESS,pair9,P,0.0032367706298828125,-0.0032148361206054688,34439,34439
gpt-j-6b-fp32,D_pert_asc,0.1,44,44,MORE-LESS,pair9,Q,0.0047626495361328125,-0.0030994415283203125,34439,34439
gpt-j-6b-fp32,D_pert_asc,0.12,53,53,SAME-OPP,pair0,P,-0.010371208190917969,-0.0076236724853515625,632,632
gpt-j-6b-fp32,D_pert_asc,0.12,53,53,SAME-OPP,pair0,Q,-0.0056972503662109375,-0.0063571929931640625,39733,39733
gpt-j-6b-fp32,D_pert_asc,0.12,53,53,SAME-OPP,pair1,P,-0.013478279113769531,-0.0072956085205078125,27059,27059
gpt-j-6b-fp32,D_pert_asc,0.12,53,53,SAME-OPP,pair1,Q,-0.009540557861328125,-0.008519172668457031,19157,19157
gpt-j-6b-fp32,D_pert_asc,0.12,53,53,SAME-OPP,pair2,P,-0.014301300048828125,-0.008344650268554688,632,632
gpt-j-6b-fp32,D_pert_asc,0.12,53,53,SAME-OPP,pair2,Q,-0.007092475891113281,-0.008788108825683594,632,632
gpt-j-6b-fp32,D_pert_asc,0.12,53,53,SAME-OPP,pair3,P,-0.012409210205078125,-0.006752967834472656,27059,27059
gpt-j-6b-fp32,D_pert_asc,0.12,53,53,SAME-OPP,pair3,Q,-0.009075164794921875,-0.00748443603515625,632,632
gpt-j-6b-fp32,D_pert_asc,0.12,53,53,SAME-OPP,pair4,P,-0.011689186096191406,-0.010950088500976562,27059,27059
gpt-j-6b-fp32,D_pert_asc,0.12,53,53,SAME-OPP,pair4,Q,-0.011218070983886719,-0.010584831237792969,632,632
gpt-j-6b-fp32,D_pert_asc,0.12,53,53,SAME-OPP,pair5,P,-0.015149116516113281,-0.011164665222167969,27059,27059
gpt-j-6b-fp32,D_pert_asc,0.12,53,53,SAME-OPP,pair5,Q,-0.007464408874511719,-0.0097503662109375,632,632
gpt-j-6b-fp32,D_pert_asc,0.12,53,53,SAME-OPP,pair6,P,-0.01374053955078125,-0.007723808288574219,27059,27059
gpt-j-6b-fp32,D_pert_asc,0.12,53,53,SAME-OPP,pair6,Q,-0.008975028991699219,-0.010329246520996094,632,632
gpt-j-6b-fp32,D_pert_asc,0.12,53,53,SAME-OPP,pair7,P,-0.014026641845703125,-0.013567924499511719,632,632
gpt-j-6b-fp32,D_pert_asc,0.12,53,53,SAME-OPP,pair7,Q,-0.011210441589355469,-0.009388923645019531,632,632
gpt-j-6b-fp32,D_pert_asc,0.12,53,53,SAME-OPP,pair8,P,-0.014600753784179688,-0.010678291320800781,581,581
gpt-j-6b-fp32,D_pert_asc,0.12,53,53,SAME-OPP,pair8,Q,-0.01045989990234375,-0.007866859436035156,581,581
gpt-j-6b-fp32,D_pert_asc,0.12,53,53,SAME-OPP,pair9,P,-0.013470649719238281,-0.012111663818359375,27059,27059
gpt-j-6b-fp32,D_pert_asc,0.12,53,53,SAME-OPP,pair9,Q,-0.011006355285644531,-0.006762504577636719,1928,1928
gpt-j-6b-fp32,D_pert_asc,0.12,53,53,SAME-MORE,pair0,P,0.0069675445556640625,-0.0001220703125,632,632
gpt-j-6b-fp32,D_pert_asc,0.12,53,53,SAME-MORE,pair0,Q,0.005272865295410156,0.0032787322998046875,39733,39733
gpt-j-6b-fp32,D_pert_asc,0.12,53,53,SAME-MORE,pair1,P,0.013237953186035156,0.0027170181274414062,27059,27059
gpt-j-6b-fp32,D_pert_asc,0.12,53,53,SAME-MORE,pair1,Q,0.025778770446777344,-0.0034503936767578125,19157,19157
gpt-j-6b-fp32,D_pert_asc,0.12,53,53,SAME-MORE,pair2,P,0.011437416076660156,-0.029727935791015625,632,27059
gpt-j-6b-fp32,D_pert_asc,0.12,53,53,SAME-MORE,pair2,Q,0.023444175720214844,-0.024890899658203125,632,632
gpt-j-6b-fp32,D_pert_asc,0.12,53,53,SAME-MORE,pair3,P,0.005183219909667969,-0.012066841125488281,27059,27059
gpt-j-6b-fp32,D_pert_asc,0.12,53,53,SAME-MORE,pair3,Q,0.013913154602050781,0.0010852813720703125,632,632
gpt-j-6b-fp32,D_pert_asc,0.12,53,53,SAME-MORE,pair4,P,0.0027475357055664062,-0.01055908203125,27059,27059
gpt-j-6b-fp32,D_pert_asc,0.12,53,53,SAME-MORE,pair4,Q,0.026073455810546875,-0.01197052001953125,632,632
gpt-j-6b-fp32,D_pert_asc,0.12,53,53,SAME-MORE,pair5,P,0.0021343231201171875,-0.0014591217041015625,27059,27059
gpt-j-6b-fp32,D_pert_asc,0.12,53,53,SAME-MORE,pair5,Q,0.010486602783203125,-0.0037488937377929688,632,632
gpt-j-6b-fp32,D_pert_asc,0.12,53,53,SAME-MORE,pair6,P,0.005311012268066406,-0.005320549011230469,27059,27059
gpt-j-6b-fp32,D_pert_asc,0.12,53,53,SAME-MORE,pair6,Q,0.012988090515136719,-0.02649211883544922,632,632
gpt-j-6b-fp32,D_pert_asc,0.12,53,53,SAME-MORE,pair7,P,0.0029821395874023438,-0.006426811218261719,632,632
gpt-j-6b-fp32,D_pert_asc,0.12,53,53,SAME-MORE,pair7,Q,0.008828163146972656,-0.00374603271484375,632,632
gpt-j-6b-fp32,D_pert_asc,0.12,53,53,SAME-MORE,pair8,P,0.0071773529052734375,0.014082908630371094,581,581
gpt-j-6b-fp32,D_pert_asc,0.12,53,53,SAME-MORE,pair8,Q,0.005126953125,-0.00250244140625,581,581
gpt-j-6b-fp32,D_pert_asc,0.12,53,53,SAME-MORE,pair9,P,0.00724029541015625,0.0014467239379882812,27059,27059
gpt-j-6b-fp32,D_pert_asc,0.12,53,53,SAME-MORE,pair9,Q,0.018774032592773438,-0.0054759979248046875,1928,1928
gpt-j-6b-fp32,D_pert_asc,0.12,53,53,SAME-LESS,pair0,P,0.006884574890136719,0.011729240417480469,632,632
gpt-j-6b-fp32,D_pert_asc,0.12,53,53,SAME-LESS,pair0,Q,0.0071258544921875,-0.005786895751953125,39733,39733
gpt-j-6b-fp32,D_pert_asc,0.12,53,53,SAME-LESS,pair1,P,0.012814521789550781,-0.019060134887695312,27059,27059
gpt-j-6b-fp32,D_pert_asc,0.12,53,53,SAME-LESS,pair1,Q,0.02524852752685547,-0.02645397186279297,19157,19157
gpt-j-6b-fp32,D_pert_asc,0.12,53,53,SAME-LESS,pair2,P,0.011373519897460938,-0.0910787582397461,632,27059
gpt-j-6b-fp32,D_pert_asc,0.12,53,53,SAME-LESS,pair2,Q,0.02210712432861328,-0.1115255355834961,632,632
gpt-j-6b-fp32,D_pert_asc,0.12,53,53,SAME-LESS,pair3,P,0.004454612731933594,0.024086952209472656,27059,27059
gpt-j-6b-fp32,D_pert_asc,0.12,53,53,SAME-LESS,pair3,Q,0.011837005615234375,0.011658668518066406,632,632
gpt-j-6b-fp32,D_pert_asc,0.12,53,53,SAME-LESS,pair4,P,0.004677772521972656,-0.05190467834472656,27059,27059
gpt-j-6b-fp32,D_pert_asc,0.12,53,53,SAME-LESS,pair4,Q,0.028593063354492188,-0.0746297836303711,632,632
gpt-j-6b-fp32,D_pert_asc,0.12,53,53,SAME-LESS,pair5,P,-0.0021381378173828125,0.009676933288574219,27059,27059
gpt-j-6b-fp32,D_pert_asc,0.12,53,53,SAME-LESS,pair5,Q,0.00787353515625,0.00029659271240234375,632,632
gpt-j-6b-fp32,D_pert_asc,0.12,53,53,SAME-LESS,pair6,P,0.0047607421875,0.0029449462890625,27059,27059
gpt-j-6b-fp32,D_pert_asc,0.12,53,53,SAME-LESS,pair6,Q,0.012575149536132812,-0.050911903381347656,632,632
gpt-j-6b-fp32,D_pert_asc,0.12,53,53,SAME-LESS,pair7,P,0.0031251907348632812,-0.008543014526367188,632,632
gpt-j-6b-fp32,D_pert_asc,0.12,53,53,SAME-LESS,pair7,Q,0.006073951721191406,-0.005476951599121094,632,632
gpt-j-6b-fp32,D_pert_asc,0.12,53,53,SAME-LESS,pair8,P,0.006653785705566406,0.020864486694335938,581,581
gpt-j-6b-fp32,D_pert_asc,0.12,53,53,SAME-LESS,pair8,Q,0.006358146667480469,0.001476287841796875,581,581
gpt-j-6b-fp32,D_pert_asc,0.12,53,53,SAME-LESS,pair9,P,0.009703636169433594,-0.0020503997802734375,27059,27059
gpt-j-6b-fp32,D_pert_asc,0.12,53,53,SAME-LESS,pair9,Q,0.019333839416503906,-0.014918327331542969,1928,1928
gpt-j-6b-fp32,D_pert_asc,0.12,53,53,OPP-MORE,pair0,P,0.038016319274902344,0.007458686828613281,632,632
gpt-j-6b-fp32,D_pert_asc,0.12,53,53,OPP-MORE,pair0,Q,0.009099960327148438,0.008881568908691406,39733,39733
gpt-j-6b-fp32,D_pert_asc,0.12,53,53,OPP-MORE,pair1,P,0.044968605041503906,0.009491920471191406,27059,27059
gpt-j-6b-fp32,D_pert_asc,0.12,53,53,OPP-MORE,pair1,Q,0.02967548370361328,0.00012874603271484375,19157,19157
gpt-j-6b-fp32,D_pert_asc,0.12,53,53,OPP-MORE,pair2,P,0.045670509338378906,-0.029732704162597656,27059,27059
gpt-j-6b-fp32,D_pert_asc,0.12,53,53,OPP-MORE,pair2,Q,0.013884544372558594,-0.03147602081298828,632,632
gpt-j-6b-fp32,D_pert_asc,0.12,53,53,OPP-MORE,pair3,P,0.05134296417236328,-0.015535354614257812,27059,27059
gpt-j-6b-fp32,D_pert_asc,0.12,53,53,OPP-MORE,pair3,Q,0.0021028518676757812,0.0020341873168945312,5930,5930
gpt-j-6b-fp32,D_pert_asc,0.12,53,53,OPP-MORE,pair4,P,0.05278301239013672,-0.00014591217041015625,27059,27059
gpt-j-6b-fp32,D_pert_asc,0.12,53,53,OPP-MORE,pair4,Q,0.02932453155517578,-0.005635261535644531,632,632
gpt-j-6b-fp32,D_pert_asc,0.12,53,53,OPP-MORE,pair5,P,0.043804168701171875,-0.00037097930908203125,27059,27059
gpt-j-6b-fp32,D_pert_asc,0.12,53,53,OPP-MORE,pair5,Q,0.007002830505371094,-0.001354217529296875,632,632
gpt-j-6b-fp32,D_pert_asc,0.12,53,53,OPP-MORE,pair6,P,0.033759117126464844,0.003017425537109375,27059,27059
gpt-j-6b-fp32,D_pert_asc,0.12,53,53,OPP-MORE,pair6,Q,0.026035308837890625,-0.020616531372070312,632,632
gpt-j-6b-fp32,D_pert_asc,0.12,53,53,OPP-MORE,pair7,P,0.054060935974121094,-0.0028963088989257812,632,632
gpt-j-6b-fp32,D_pert_asc,0.12,53,53,OPP-MORE,pair7,Q,0.011389732360839844,-0.0015478134155273438,632,632
gpt-j-6b-fp32,D_pert_asc,0.12,53,53,OPP-MORE,pair8,P,0.03163623809814453,0.005311012268066406,1874,1874
gpt-j-6b-fp32,D_pert_asc,0.12,53,53,OPP-MORE,pair8,Q,0.013803482055664062,-0.0029954910278320312,1874,1874
gpt-j-6b-fp32,D_pert_asc,0.12,53,53,OPP-MORE,pair9,P,0.05239105224609375,0.0003108978271484375,27059,27059
gpt-j-6b-fp32,D_pert_asc,0.12,53,53,OPP-MORE,pair9,Q,0.012339591979980469,-0.0018281936645507812,23663,23663
gpt-j-6b-fp32,D_pert_asc,0.12,53,53,OPP-LESS,pair0,P,0.04220390319824219,0.025710105895996094,632,632
gpt-j-6b-fp32,D_pert_asc,0.12,53,53,OPP-LESS,pair0,Q,0.010754585266113281,0.0045757293701171875,39733,39733
gpt-j-6b-fp32,D_pert_asc,0.12,53,53,OPP-LESS,pair1,P,0.048514366149902344,0.0026092529296875,27059,27059
gpt-j-6b-fp32,D_pert_asc,0.12,53,53,OPP-LESS,pair1,Q,0.02924346923828125,-0.011159896850585938,19157,19157
gpt-j-6b-fp32,D_pert_asc,0.12,53,53,OPP-LESS,pair2,P,0.04381275177001953,-0.07791614532470703,27059,27059
gpt-j-6b-fp32,D_pert_asc,0.12,53,53,OPP-LESS,pair2,Q,0.011237144470214844,-0.09610748291015625,632,632
gpt-j-6b-fp32,D_pert_asc,0.12,53,53,OPP-LESS,pair3,P,0.049904823303222656,0.037967681884765625,27059,27059
gpt-j-6b-fp32,D_pert_asc,0.12,53,53,OPP-LESS,pair3,Q,0.008636474609375,0.01565837860107422,5930,5930
gpt-j-6b-fp32,D_pert_asc,0.12,53,53,OPP-LESS,pair4,P,0.05702781677246094,-0.02055072784423828,27059,27059
gpt-j-6b-fp32,D_pert_asc,0.12,53,53,OPP-LESS,pair4,Q,0.031073570251464844,-0.051357269287109375,632,632
gpt-j-6b-fp32,D_pert_asc,0.12,53,53,OPP-LESS,pair5,P,0.04269886016845703,0.02092266082763672,27059,27059
gpt-j-6b-fp32,D_pert_asc,0.12,53,53,OPP-LESS,pair5,Q,0.00739288330078125,0.00785064697265625,632,632
gpt-j-6b-fp32,D_pert_asc,0.12,53,53,OPP-LESS,pair6,P,0.03670692443847656,0.028695106506347656,27059,27059
gpt-j-6b-fp32,D_pert_asc,0.12,53,53,OPP-LESS,pair6,Q,0.022640228271484375,-0.03725910186767578,632,632
gpt-j-6b-fp32,D_pert_asc,0.12,53,53,OPP-LESS,pair7,P,0.05160808563232422,0.014097213745117188,632,632
gpt-j-6b-fp32,D_pert_asc,0.12,53,53,OPP-LESS,pair7,Q,0.011074066162109375,0.007983207702636719,632,632
gpt-j-6b-fp32,D_pert_asc,0.12,53,53,OPP-LESS,pair8,P,0.03408622741699219,0.03017139434814453,1874,1874
gpt-j-6b-fp32,D_pert_asc,0.12,53,53,OPP-LESS,pair8,Q,0.013032913208007812,0.006136894226074219,1874,1874
gpt-j-6b-fp32,D_pert_asc,0.12,53,53,OPP-LESS,pair9,P,0.05399608612060547,0.02399921417236328,27059,27059
gpt-j-6b-fp32,D_pert_asc,0.12,53,53,OPP-LESS,pair9,Q,0.012778282165527344,0.0031194686889648438,23663,23663
gpt-j-6b-fp32,D_pert_asc,0.12,53,53,MORE-LESS,pair0,P,-0.0024814605712890625,0.0027093887329101562,10255,10255
gpt-j-6b-fp32,D_pert_asc,0.12,53,53,MORE-LESS,pair0,Q,-0.0031423568725585938,0.00211334228515625,10255,10255
gpt-j-6b-fp32,D_pert_asc,0.12,53,53,MORE-LESS,pair1,P,0.0024957656860351562,-0.001445770263671875,18605,18605
gpt-j-6b-fp32,D_pert_asc,0.12,53,53,MORE-LESS,pair1,Q,0.004841804504394531,-0.0023632049560546875,18605,18605
gpt-j-6b-fp32,D_pert_asc,0.12,53,53,MORE-LESS,pair2,P,0.005311012268066406,-0.009462356567382812,8038,8038
gpt-j-6b-fp32,D_pert_asc,0.12,53,53,MORE-LESS,pair2,Q,0.00600433349609375,-0.009100914001464844,8038,8038
gpt-j-6b-fp32,D_pert_asc,0.12,53,53,MORE-LESS,pair3,P,0.005237579345703125,0.00031185150146484375,1234,1234
gpt-j-6b-fp32,D_pert_asc,0.12,53,53,MORE-LESS,pair3,Q,0.007271766662597656,0.00038433074951171875,1234,1234
gpt-j-6b-fp32,D_pert_asc,0.12,53,53,MORE-LESS,pair4,P,0.0027666091918945312,-0.0021162033081054688,23448,23448
gpt-j-6b-fp32,D_pert_asc,0.12,53,53,MORE-LESS,pair4,Q,0.0035390853881835938,0.0004825592041015625,23448,23448
gpt-j-6b-fp32,D_pert_asc,0.12,53,53,MORE-LESS,pair5,P,0.00640106201171875,-0.0030660629272460938,969,969
gpt-j-6b-fp32,D_pert_asc,0.12,53,53,MORE-LESS,pair5,Q,0.0070209503173828125,-0.0018072128295898438,1426,1426
gpt-j-6b-fp32,D_pert_asc,0.12,53,53,MORE-LESS,pair6,P,0.0007257461547851562,-0.004756927490234375,6514,6514
gpt-j-6b-fp32,D_pert_asc,0.12,53,53,MORE-LESS,pair6,Q,0.0012607574462890625,-0.0043315887451171875,6514,6514
gpt-j-6b-fp32,D_pert_asc,0.12,53,53,MORE-LESS,pair7,P,0.0013751983642578125,0.001445770263671875,22111,22111
gpt-j-6b-fp32,D_pert_asc,0.12,53,53,MORE-LESS,pair7,Q,1.430511474609375e-05,0.00185394287109375,22111,22111
gpt-j-6b-fp32,D_pert_asc,0.12,53,53,MORE-LESS,pair8,P,0.007610321044921875,-0.0001926422119140625,969,969
gpt-j-6b-fp32,D_pert_asc,0.12,53,53,MORE-LESS,pair8,Q,0.006103515625,-0.0005054473876953125,969,969
gpt-j-6b-fp32,D_pert_asc,0.12,53,53,MORE-LESS,pair9,P,0.005669593811035156,-0.0021724700927734375,34439,34439
gpt-j-6b-fp32,D_pert_asc,0.12,53,53,MORE-LESS,pair9,Q,0.007460594177246094,-0.0017337799072265625,34439,34439
gpt-j-6b-fp32,D_pert_asc,0.15,67,67,SAME-OPP,pair0,P,-0.01328277587890625,-0.008337020874023438,632,632
gpt-j-6b-fp32,D_pert_asc,0.15,67,67,SAME-OPP,pair0,Q,-0.005069732666015625,-0.007977485656738281,39733,39733
gpt-j-6b-fp32,D_pert_asc,0.15,67,67,SAME-OPP,pair1,P,-0.01772785186767578,-0.007149696350097656,27059,27059
gpt-j-6b-fp32,D_pert_asc,0.15,67,67,SAME-OPP,pair1,Q,-0.0070934295654296875,-0.00669097900390625,19157,19157
gpt-j-6b-fp32,D_pert_asc,0.15,67,67,SAME-OPP,pair2,P,-0.014211654663085938,-0.0077152252197265625,632,632
gpt-j-6b-fp32,D_pert_asc,0.15,67,67,SAME-OPP,pair2,Q,-0.005435943603515625,-0.0064640045166015625,632,632
gpt-j-6b-fp32,D_pert_asc,0.15,67,67,SAME-OPP,pair3,P,-0.017111778259277344,-0.008049964904785156,27059,27059
gpt-j-6b-fp32,D_pert_asc,0.15,67,67,SAME-OPP,pair3,Q,-0.0062408447265625,-0.006928443908691406,632,632
gpt-j-6b-fp32,D_pert_asc,0.15,67,67,SAME-OPP,pair4,P,-0.013194084167480469,-0.011486053466796875,27059,27059
gpt-j-6b-fp32,D_pert_asc,0.15,67,67,SAME-OPP,pair4,Q,-0.010126113891601562,-0.008330345153808594,632,632
gpt-j-6b-fp32,D_pert_asc,0.15,67,67,SAME-OPP,pair5,P,-0.016701698303222656,-0.012589454650878906,27059,27059
gpt-j-6b-fp32,D_pert_asc,0.15,67,67,SAME-OPP,pair5,Q,-0.00641632080078125,-0.008619308471679688,632,632
gpt-j-6b-fp32,D_pert_asc,0.15,67,67,SAME-OPP,pair6,P,-0.016045570373535156,-0.007332801818847656,27059,27059
gpt-j-6b-fp32,D_pert_asc,0.15,67,67,SAME-OPP,pair6,Q,-0.006670951843261719,-0.006205558776855469,632,632
gpt-j-6b-fp32,D_pert_asc,0.15,67,67,SAME-OPP,pair7,P,-0.018209457397460938,-0.012823104858398438,632,632
gpt-j-6b-fp32,D_pert_asc,0.15,67,67,SAME-OPP,pair7,Q,-0.007837295532226562,-0.008741378784179688,632,632
gpt-j-6b-fp32,D_pert_asc,0.15,67,67,SAME-OPP,pair8,P,-0.018304824829101562,-0.0142059326171875,581,581
gpt-j-6b-fp32,D_pert_asc,0.15,67,67,SAME-OPP,pair8,Q,-0.0077304840087890625,-0.0077800750732421875,581,581
gpt-j-6b-fp32,D_pert_asc,0.15,67,67,SAME-OPP,pair9,P,-0.021608352661132812,-0.014662742614746094,27059,27059
gpt-j-6b-fp32,D_pert_asc,0.15,67,67,SAME-OPP,pair9,Q,-0.010760307312011719,-0.0057468414306640625,1928,1928
gpt-j-6b-fp32,D_pert_asc,0.15,67,67,SAME-MORE,pair0,P,-0.0014619827270507812,0.015878677368164062,632,632
gpt-j-6b-fp32,D_pert_asc,0.15,67,67,SAME-MORE,pair0,Q,-0.011822700500488281,-0.0010833740234375,39733,39733
gpt-j-6b-fp32,D_pert_asc,0.15,67,67,SAME-MORE,pair1,P,0.02101898193359375,0.020755767822265625,27059,27059
gpt-j-6b-fp32,D_pert_asc,0.15,67,67,SAME-MORE,pair1,Q,0.017190933227539062,-0.007411956787109375,19157,19157
gpt-j-6b-fp32,D_pert_asc,0.15,67,67,SAME-MORE,pair2,P,0.0006284713745117188,0.0032520294189453125,632,632
gpt-j-6b-fp32,D_pert_asc,0.15,67,67,SAME-MORE,pair2,Q,0.008873939514160156,-0.01746654510498047,632,632
gpt-j-6b-fp32,D_pert_asc,0.15,67,67,SAME-MORE,pair3,P,0.0059909820556640625,-0.011066436767578125,27059,27059
gpt-j-6b-fp32,D_pert_asc,0.15,67,67,SAME-MORE,pair3,Q,0.008295059204101562,-0.002635955810546875,632,632
gpt-j-6b-fp32,D_pert_asc,0.15,67,67,SAME-MORE,pair4,P,0.0026159286499023438,-0.0008401870727539062,27059,27059
gpt-j-6b-fp32,D_pert_asc,0.15,67,67,SAME-MORE,pair4,Q,0.012151718139648438,-0.010807991027832031,632,632
gpt-j-6b-fp32,D_pert_asc,0.15,67,67,SAME-MORE,pair5,P,0.005885124206542969,-0.006749153137207031,27059,27059
gpt-j-6b-fp32,D_pert_asc,0.15,67,67,SAME-MORE,pair5,Q,0.019128799438476562,-0.010390281677246094,632,632
gpt-j-6b-fp32,D_pert_asc,0.15,67,67,SAME-MORE,pair6,P,-0.0029087066650390625,-0.01961517333984375,27059,27059
gpt-j-6b-fp32,D_pert_asc,0.15,67,67,SAME-MORE,pair6,Q,-0.008213996887207031,-0.04236125946044922,632,632
gpt-j-6b-fp32,D_pert_asc,0.15,67,67,SAME-MORE,pair7,P,-0.004162788391113281,-0.0033473968505859375,632,632
gpt-j-6b-fp32,D_pert_asc,0.15,67,67,SAME-MORE,pair7,Q,-0.0037403106689453125,-0.005641937255859375,632,632
gpt-j-6b-fp32,D_pert_asc,0.15,67,67,SAME-MORE,pair8,P,0.010278701782226562,0.03760242462158203,581,581
gpt-j-6b-fp32,D_pert_asc,0.15,67,67,SAME-MORE,pair8,Q,0.005137443542480469,0.021167755126953125,581,581
gpt-j-6b-fp32,D_pert_asc,0.15,67,67,SAME-MORE,pair9,P,0.012066841125488281,0.006659507751464844,27059,27059
gpt-j-6b-fp32,D_pert_asc,0.15,67,67,SAME-MORE,pair9,Q,0.007837295532226562,0.004852294921875,1928,1928
gpt-j-6b-fp32,D_pert_asc,0.15,67,67,SAME-LESS,pair0,P,0.0007276535034179688,0.02341747283935547,632,632
gpt-j-6b-fp32,D_pert_asc,0.15,67,67,SAME-LESS,pair0,Q,-0.006478309631347656,-0.009467124938964844,39733,39733
gpt-j-6b-fp32,D_pert_asc,0.15,67,67,SAME-LESS,pair1,P,0.02345752716064453,0.005695343017578125,27059,27059
gpt-j-6b-fp32,D_pert_asc,0.15,67,67,SAME-LESS,pair1,Q,0.020545005798339844,-0.017429351806640625,19157,19157
gpt-j-6b-fp32,D_pert_asc,0.15,67,67,SAME-LESS,pair2,P,0.001766204833984375,-0.07967948913574219,632,632
gpt-j-6b-fp32,D_pert_asc,0.15,67,67,SAME-LESS,pair2,Q,0.010022163391113281,-0.13177776336669922,632,632
gpt-j-6b-fp32,D_pert_asc,0.15,67,67,SAME-LESS,pair3,P,0.0065326690673828125,0.02463245391845703,27059,27059
gpt-j-6b-fp32,D_pert_asc,0.15,67,67,SAME-LESS,pair3,Q,0.010212898254394531,0.008357048034667969,632,632
gpt-j-6b-fp32,D_pert_asc,0.15,67,67,SAME-LESS,pair4,P,0.005108833312988281,-0.06322097778320312,27059,27059
gpt-j-6b-fp32,D_pert_asc,0.15,67,67,SAME-LESS,pair4,Q,0.017578125,-0.08099555969238281,632,632
gpt-j-6b-fp32,D_pert_asc,0.15,67,67,SAME-LESS,pair5,P,0.004352569580078125,0.007845878601074219,27059,27059
gpt-j-6b-fp32,D_pert_asc,0.15,67,67,SAME-LESS,pair5,Q,0.019471168518066406,-0.010830879211425781,632,632
gpt-j-6b-fp32,D_pert_asc,0.15,67,67,SAME-LESS,pair6,P,-0.0005970001220703125,0.02176380157470703,27059,27059
gpt-j-6b-fp32,D_pert_asc,0.15,67,67,SAME-LESS,pair6,Q,-0.006957054138183594,-0.06521034240722656,632,632
gpt-j-6b-fp32,D_pert_asc,0.15,67,67,SAME-LESS,pair7,P,-9.632110595703125e-05,-0.008693695068359375,632,632
gpt-j-6b-fp32,D_pert_asc,0.15,67,67,SAME-LESS,pair7,Q,-0.0025548934936523438,-0.00875091552734375,632,632
gpt-j-6b-fp32,D_pert_asc,0.15,67,67,SAME-LESS,pair8,P,0.013471603393554688,0.038605690002441406,581,581
gpt-j-6b-fp32,D_pert_asc,0.15,67,67,SAME-LESS,pair8,Q,0.010960578918457031,0.006229400634765625,581,581
gpt-j-6b-fp32,D_pert_asc,0.15,67,67,SAME-LESS,pair9,P,0.01742076873779297,0.008826255798339844,27059,27059
gpt-j-6b-fp32,D_pert_asc,0.15,67,67,SAME-LESS,pair9,Q,0.012750625610351562,-0.007369041442871094,1928,1928
gpt-j-6b-fp32,D_pert_asc,0.15,67,67,OPP-MORE,pair0,P,0.025537490844726562,0.019378662109375,632,632
gpt-j-6b-fp32,D_pert_asc,0.15,67,67,OPP-MORE,pair0,Q,-0.021742820739746094,0.0032110214233398438,39733,39733
gpt-j-6b-fp32,D_pert_asc,0.15,67,67,OPP-MORE,pair1,P,0.03728485107421875,0.01897716522216797,27059,27059
gpt-j-6b-fp32,D_pert_asc,0.15,67,67,OPP-MORE,pair1,Q,0.008343696594238281,-0.0080108642578125,19157,19157
gpt-j-6b-fp32,D_pert_asc,0.15,67,67,OPP-MORE,pair2,P,0.02234363555908203,-0.007872581481933594,27059,27059
gpt-j-6b-fp32,D_pert_asc,0.15,67,67,OPP-MORE,pair2,Q,-0.012816429138183594,-0.03658866882324219,632,632
gpt-j-6b-fp32,D_pert_asc,0.15,67,67,OPP-MORE,pair3,P,0.04664134979248047,-0.014860153198242188,27059,27059
gpt-j-6b-fp32,D_pert_asc,0.15,67,67,OPP-MORE,pair3,Q,-0.008021354675292969,-0.006224632263183594,5930,5930
gpt-j-6b-fp32,D_pert_asc,0.15,67,67,OPP-MORE,pair4,P,0.027730941772460938,0.0078582763671875,27059,27059
gpt-j-6b-fp32,D_pert_asc,0.15,67,67,OPP-MORE,pair4,Q,-0.011122703552246094,-0.007778167724609375,632,632
gpt-j-6b-fp32,D_pert_asc,0.15,67,67,OPP-MORE,pair5,P,0.044953346252441406,-0.008616447448730469,27059,27059
gpt-j-6b-fp32,D_pert_asc,0.15,67,67,OPP-MORE,pair5,Q,0.012841224670410156,-0.012486457824707031,632,19157
gpt-j-6b-fp32,D_pert_asc,0.15,67,67,OPP-MORE,pair6,P,0.008164405822753906,-0.015488624572753906,27059,27059
gpt-j-6b-fp32,D_pert_asc,0.15,67,67,OPP-MORE,pair6,Q,-0.01817798614501953,-0.04616737365722656,632,632
gpt-j-6b-fp32,D_pert_asc,0.15,67,67,OPP-MORE,pair7,P,0.030992507934570312,0.003810882568359375,632,632
gpt-j-6b-fp32,D_pert_asc,0.15,67,67,OPP-MORE,pair7,Q,-0.009782791137695312,-0.00081634521484375,632,632
gpt-j-6b-fp32,D_pert_asc,0.15,67,67,OPP-MORE,pair8,P,0.022663116455078125,0.03009796142578125,1874,1874
gpt-j-6b-fp32,D_pert_asc,0.15,67,67,OPP-MORE,pair8,Q,0.00020313262939453125,0.016402244567871094,1874,1874
gpt-j-6b-fp32,D_pert_asc,0.15,67,67,OPP-MORE,pair9,P,0.04811286926269531,0.012816429138183594,27059,27059
gpt-j-6b-fp32,D_pert_asc,0.15,67,67,OPP-MORE,pair9,Q,-0.0024356842041015625,0.012095451354980469,23663,23663
gpt-j-6b-fp32,D_pert_asc,0.15,67,67,OPP-LESS,pair0,P,0.03417205810546875,0.03842735290527344,632,632
gpt-j-6b-fp32,D_pert_asc,0.15,67,67,OPP-LESS,pair0,Q,-0.016028404235839844,0.0026416778564453125,39733,39733
gpt-j-6b-fp32,D_pert_asc,0.15,67,67,OPP-LESS,pair1,P,0.043684959411621094,0.0276641845703125,27059,27059
gpt-j-6b-fp32,D_pert_asc,0.15,67,67,OPP-LESS,pair1,Q,0.010768890380859375,0.00046634674072265625,19157,19157
gpt-j-6b-fp32,D_pert_asc,0.15,67,67,OPP-LESS,pair2,P,0.023865699768066406,-0.0758967399597168,27059,27059
gpt-j-6b-fp32,D_pert_asc,0.15,67,67,OPP-LESS,pair2,Q,-0.012469291687011719,-0.1210622787475586,632,632
gpt-j-6b-fp32,D_pert_asc,0.15,67,67,OPP-LESS,pair3,P,0.049590110778808594,0.03924083709716797,27059,27059
gpt-j-6b-fp32,D_pert_asc,0.15,67,67,OPP-LESS,pair3,Q,0.0019397735595703125,0.0097503662109375,5930,5930
gpt-j-6b-fp32,D_pert_asc,0.15,67,67,OPP-LESS,pair4,P,0.03578376770019531,-0.02826404571533203,27059,27059
gpt-j-6b-fp32,D_pert_asc,0.15,67,67,OPP-LESS,pair4,Q,-0.005385398864746094,-0.059556007385253906,632,632
gpt-j-6b-fp32,D_pert_asc,0.15,67,67,OPP-LESS,pair5,P,0.047550201416015625,0.02053546905517578,27059,27059
gpt-j-6b-fp32,D_pert_asc,0.15,67,67,OPP-LESS,pair5,Q,0.01660633087158203,-0.012193679809570312,632,19157
gpt-j-6b-fp32,D_pert_asc,0.15,67,67,OPP-LESS,pair6,P,0.013751029968261719,0.050719261169433594,27059,27059
gpt-j-6b-fp32,D_pert_asc,0.15,67,67,OPP-LESS,pair6,Q,-0.017583847045898438,-0.04706573486328125,632,632
gpt-j-6b-fp32,D_pert_asc,0.15,67,67,OPP-LESS,pair7,P,0.033577919006347656,0.011142730712890625,632,632
gpt-j-6b-fp32,D_pert_asc,0.15,67,67,OPP-LESS,pair7,Q,-0.0072174072265625,0.0012302398681640625,632,632
gpt-j-6b-fp32,D_pert_asc,0.15,67,67,OPP-LESS,pair8,P,0.028792381286621094,0.056176185607910156,1874,1874
gpt-j-6b-fp32,D_pert_asc,0.15,67,67,OPP-LESS,pair8,Q,0.0035734176635742188,0.0071697235107421875,1874,1874
gpt-j-6b-fp32,D_pert_asc,0.15,67,67,OPP-LESS,pair9,P,0.05374336242675781,0.042801856994628906,27059,27059
gpt-j-6b-fp32,D_pert_asc,0.15,67,67,OPP-LESS,pair9,Q,0.0009670257568359375,0.012369155883789062,23663,23663
gpt-j-6b-fp32,D_pert_asc,0.15,67,67,MORE-LESS,pair0,P,-0.00046634674072265625,0.0058422088623046875,10255,10255
gpt-j-6b-fp32,D_pert_asc,0.15,67,67,MORE-LESS,pair0,Q,-0.0020389556884765625,0.0038852691650390625,10255,10255
gpt-j-6b-fp32,D_pert_asc,0.15,67,67,MORE-LESS,pair1,P,0.0005235671997070312,-0.0025167465209960938,18605,18605
gpt-j-6b-fp32,D_pert_asc,0.15,67,67,MORE-LESS,pair1,Q,0.0036973953247070312,-0.0025682449340820312,18605,18605
gpt-j-6b-fp32,D_pert_asc,0.15,67,67,MORE-LESS,pair2,P,0.006018638610839844,-0.008396148681640625,8038,8038
gpt-j-6b-fp32,D_pert_asc,0.15,67,67,MORE-LESS,pair2,Q,0.006377220153808594,-0.010251998901367188,8038,8038
gpt-j-6b-fp32,D_pert_asc,0.15,67,67,MORE-LESS,pair3,P,0.007494926452636719,0.002490997314453125,1234,1234
gpt-j-6b-fp32,D_pert_asc,0.15,67,67,MORE-LESS,pair3,Q,0.009810447692871094,0.0024232864379882812,1234,1234
gpt-j-6b-fp32,D_pert_asc,0.15,67,67,MORE-LESS,pair4,P,0.0032567977905273438,-0.0011501312255859375,23448,23448
gpt-j-6b-fp32,D_pert_asc,0.15,67,67,MORE-LESS,pair4,Q,0.0045318603515625,0.00141143798828125,23448,23448
gpt-j-6b-fp32,D_pert_asc,0.15,67,67,MORE-LESS,pair5,P,0.007031440734863281,0.00031185150146484375,969,969
gpt-j-6b-fp32,D_pert_asc,0.15,67,67,MORE-LESS,pair5,Q,0.007838249206542969,0.00040340423583984375,1426,1426
gpt-j-6b-fp32,D_pert_asc,0.15,67,67,MORE-LESS,pair6,P,0.0031175613403320312,-0.006319999694824219,6514,6514
gpt-j-6b-fp32,D_pert_asc,0.15,67,67,MORE-LESS,pair6,Q,0.0036630630493164062,-0.006991386413574219,6514,6514
gpt-j-6b-fp32,D_pert_asc,0.15,67,67,MORE-LESS,pair7,P,0.005311012268066406,0.004650115966796875,22111,22111
gpt-j-6b-fp32,D_pert_asc,0.15,67,67,MORE-LESS,pair7,Q,0.0031976699829101562,0.0046253204345703125,22111,22111
gpt-j-6b-fp32,D_pert_asc,0.15,67,67,MORE-LESS,pair8,P,0.008924484252929688,0.0006856918334960938,969,969
gpt-j-6b-fp32,D_pert_asc,0.15,67,67,MORE-LESS,pair8,Q,0.007304191589355469,-0.0002651214599609375,969,969
gpt-j-6b-fp32,D_pert_asc,0.15,67,67,MORE-LESS,pair9,P,0.004019737243652344,-0.0025510787963867188,34439,34439
gpt-j-6b-fp32,D_pert_asc,0.15,67,67,MORE-LESS,pair9,Q,0.005801200866699219,-0.0024557113647460938,34439,34439
gpt-j-6b-fp32,D_pert_asc,0.2,89,89,SAME-OPP,pair0,P,-0.010137557983398438,-0.0028028488159179688,632,632
gpt-j-6b-fp32,D_pert_asc,0.2,89,89,SAME-OPP,pair0,Q,-0.009329795837402344,-0.007936477661132812,39733,39733
gpt-j-6b-fp32,D_pert_asc,0.2,89,89,SAME-OPP,pair1,P,-0.019048690795898438,-0.004794120788574219,27059,27059
gpt-j-6b-fp32,D_pert_asc,0.2,89,89,SAME-OPP,pair1,Q,-0.01010894775390625,-0.007778167724609375,19157,19157
gpt-j-6b-fp32,D_pert_asc,0.2,89,89,SAME-OPP,pair2,P,-0.01718902587890625,-0.00775146484375,632,632
gpt-j-6b-fp32,D_pert_asc,0.2,89,89,SAME-OPP,pair2,Q,-0.012357711791992188,-0.010506629943847656,632,632
gpt-j-6b-fp32,D_pert_asc,0.2,89,89,SAME-OPP,pair3,P,-0.015045166015625,-0.00585174560546875,27059,27059
gpt-j-6b-fp32,D_pert_asc,0.2,89,89,SAME-OPP,pair3,Q,-0.010975837707519531,-0.010992050170898438,632,632
gpt-j-6b-fp32,D_pert_asc,0.2,89,89,SAME-OPP,pair4,P,-0.011865615844726562,-0.009051322937011719,27059,27059
gpt-j-6b-fp32,D_pert_asc,0.2,89,89,SAME-OPP,pair4,Q,-0.016275405883789062,-0.0118255615234375,632,632
gpt-j-6b-fp32,D_pert_asc,0.2,89,89,SAME-OPP,pair5,P,-0.01582813262939453,-0.013731956481933594,27059,27059
gpt-j-6b-fp32,D_pert_asc,0.2,89,89,SAME-OPP,pair5,Q,-0.014157295227050781,-0.014452934265136719,632,632
gpt-j-6b-fp32,D_pert_asc,0.2,89,89,SAME-OPP,pair6,P,-0.012744903564453125,-0.004685401916503906,27059,27059
gpt-j-6b-fp32,D_pert_asc,0.2,89,89,SAME-OPP,pair6,Q,-0.013211250305175781,-0.008435249328613281,632,632
gpt-j-6b-fp32,D_pert_asc,0.2,89,89,SAME-OPP,pair7,P,-0.009648323059082031,-0.008966445922851562,632,632
gpt-j-6b-fp32,D_pert_asc,0.2,89,89,SAME-OPP,pair7,Q,-0.009264945983886719,-0.009462356567382812,632,632
gpt-j-6b-fp32,D_pert_asc,0.2,89,89,SAME-OPP,pair8,P,-0.023845672607421875,-0.021640777587890625,581,581
gpt-j-6b-fp32,D_pert_asc,0.2,89,89,SAME-OPP,pair8,Q,-0.015280723571777344,-0.015439033508300781,581,581
gpt-j-6b-fp32,D_pert_asc,0.2,89,89,SAME-OPP,pair9,P,-0.022187232971191406,-0.013506889343261719,27059,27059
gpt-j-6b-fp32,D_pert_asc,0.2,89,89,SAME-OPP,pair9,Q,-0.014569282531738281,-0.006850242614746094,1928,1928
gpt-j-6b-fp32,D_pert_asc,0.2,89,89,SAME-MORE,pair0,P,0.02304840087890625,0.01941967010498047,632,632
gpt-j-6b-fp32,D_pert_asc,0.2,89,89,SAME-MORE,pair0,Q,-0.0023212432861328125,0.015084266662597656,39733,39733
gpt-j-6b-fp32,D_pert_asc,0.2,89,89,SAME-MORE,pair1,P,0.03455162048339844,-0.009627342224121094,27059,27059
gpt-j-6b-fp32,D_pert_asc,0.2,89,89,SAME-MORE,pair1,Q,0.0015439987182617188,-0.020356178283691406,19157,19157
gpt-j-6b-fp32,D_pert_asc,0.2,89,89,SAME-MORE,pair2,P,0.02868175506591797,-0.017571449279785156,632,632
gpt-j-6b-fp32,D_pert_asc,0.2,89,89,SAME-MORE,pair2,Q,-0.004258155822753906,-0.03316974639892578,632,632
gpt-j-6b-fp32,D_pert_asc,0.2,89,89,SAME-MORE,pair3,P,0.009650230407714844,-0.04120826721191406,27059,27059
gpt-j-6b-fp32,D_pert_asc,0.2,89,89,SAME-MORE,pair3,Q,-0.016048431396484375,-0.0215301513671875,632,632
gpt-j-6b-fp32,D_pert_asc,0.2,89,89,SAME-MORE,pair4,P,0.031348228454589844,-0.0013856887817382812,27059,27059
gpt-j-6b-fp32,D_pert_asc,0.2,89,89,SAME-MORE,pair4,Q,0.025659561157226562,-0.016119956970214844,632,632
gpt-j-6b-fp32,D_pert_asc,0.2,89,89,SAME-MORE,pair5,P,0.018291473388671875,-0.05417919158935547,27059,27059
gpt-j-6b-fp32,D_pert_asc,0.2,89,89,SAME-MORE,pair5,Q,-0.0019588470458984375,-0.030226707458496094,632,632
gpt-j-6b-fp32,D_pert_asc,0.2,89,89,SAME-MORE,pair6,P,0.007935523986816406,-0.05202007293701172,27059,27059
gpt-j-6b-fp32,D_pert_asc,0.2,89,89,SAME-MORE,pair6,Q,-0.014327049255371094,-0.06755542755126953,632,632
gpt-j-6b-fp32,D_pert_asc,0.2,89,89,SAME-MORE,pair7,P,0.027399063110351562,-0.023614883422851562,632,632
gpt-j-6b-fp32,D_pert_asc,0.2,89,89,SAME-MORE,pair7,Q,-0.0040740966796875,-0.040223121643066406,632,632
gpt-j-6b-fp32,D_pert_asc,0.2,89,89,SAME-MORE,pair8,P,0.01735210418701172,0.024148941040039062,581,581
gpt-j-6b-fp32,D_pert_asc,0.2,89,89,SAME-MORE,pair8,Q,-0.0022373199462890625,0.0018301010131835938,581,1874
gpt-j-6b-fp32,D_pert_asc,0.2,89,89,SAME-MORE,pair9,P,0.045447349548339844,-0.020563125610351562,27059,27059
gpt-j-6b-fp32,D_pert_asc,0.2,89,89,SAME-MORE,pair9,Q,0.015692710876464844,-0.02853107452392578,1928,1928
gpt-j-6b-fp32,D_pert_asc,0.2,89,89,SAME-LESS,pair0,P,0.025861740112304688,-0.037911415100097656,632,632
gpt-j-6b-fp32,D_pert_asc,0.2,89,89,SAME-LESS,pair0,Q,0.006995201110839844,-0.09728145599365234,39733,39733
gpt-j-6b-fp32,D_pert_asc,0.2,89,89,SAME-LESS,pair1,P,0.04496574401855469,-0.061870574951171875,27059,27059
gpt-j-6b-fp32,D_pert_asc,0.2,89,89,SAME-LESS,pair1,Q,0.015621185302734375,-0.057272911071777344,19157,19157
gpt-j-6b-fp32,D_pert_asc,0.2,89,89,SAME-LESS,pair2,P,0.036380767822265625,-0.1348280906677246,632,27059
gpt-j-6b-fp32,D_pert_asc,0.2,89,89,SAME-LESS,pair2,Q,0.0052242279052734375,-0.22376728057861328,632,632
gpt-j-6b-fp32,D_pert_asc,0.2,89,89,SAME-LESS,pair3,P,0.014821052551269531,0.014906883239746094,27059,27059
gpt-j-6b-fp32,D_pert_asc,0.2,89,89,SAME-LESS,pair3,Q,-0.0014810562133789062,-0.024967193603515625,632,632
gpt-j-6b-fp32,D_pert_asc,0.2,89,89,SAME-LESS,pair4,P,0.0346221923828125,-0.07227420806884766,27059,27059
gpt-j-6b-fp32,D_pert_asc,0.2,89,89,SAME-LESS,pair4,Q,0.035858154296875,-0.1170186996459961,632,632
gpt-j-6b-fp32,D_pert_asc,0.2,89,89,SAME-LESS,pair5,P,0.024163246154785156,-0.02515125274658203,27059,27059
gpt-j-6b-fp32,D_pert_asc,0.2,89,89,SAME-LESS,pair5,Q,0.015256881713867188,-0.04553508758544922,632,632
gpt-j-6b-fp32,D_pert_asc,0.2,89,89,SAME-LESS,pair6,P,0.014031410217285156,-0.0031194686889648438,27059,27059
gpt-j-6b-fp32,D_pert_asc,0.2,89,89,SAME-LESS,pair6,Q,-0.0021505355834960938,-0.08393573760986328,632,632
gpt-j-6b-fp32,D_pert_asc,0.2,89,89,SAME-LESS,pair7,P,0.035973548889160156,-0.02028369903564453,632,632
gpt-j-6b-fp32,D_pert_asc,0.2,89,89,SAME-LESS,pair7,Q,0.007510185241699219,-0.047664642333984375,632,632
gpt-j-6b-fp32,D_pert_asc,0.2,89,89,SAME-LESS,pair8,P,0.02248096466064453,0.0016431808471679688,581,581
gpt-j-6b-fp32,D_pert_asc,0.2,89,89,SAME-LESS,pair8,Q,0.011959075927734375,-0.04080486297607422,581,1874
gpt-j-6b-fp32,D_pert_asc,0.2,89,89,SAME-LESS,pair9,P,0.049569129943847656,0.0045261383056640625,27059,27059
gpt-j-6b-fp32,D_pert_asc,0.2,89,89,SAME-LESS,pair9,Q,0.025938987731933594,-0.04035472869873047,1928,1928
gpt-j-6b-fp32,D_pert_asc,0.2,89,89,OPP-MORE,pair0,P,0.019739151000976562,0.0254058837890625,632,632
gpt-j-6b-fp32,D_pert_asc,0.2,89,89,OPP-MORE,pair0,Q,0.019922256469726562,0.02230072021484375,39733,39733
gpt-j-6b-fp32,D_pert_asc,0.2,89,89,OPP-MORE,pair1,P,0.045330047607421875,0.0037374496459960938,27059,27059
gpt-j-6b-fp32,D_pert_asc,0.2,89,89,OPP-MORE,pair1,Q,0.03550434112548828,-0.014891624450683594,19157,19157
gpt-j-6b-fp32,D_pert_asc,0.2,89,89,OPP-MORE,pair2,P,0.024486541748046875,-0.0206146240234375,27059,27059
gpt-j-6b-fp32,D_pert_asc,0.2,89,89,OPP-MORE,pair2,Q,-0.0019083023071289062,-0.04294776916503906,632,632
gpt-j-6b-fp32,D_pert_asc,0.2,89,89,OPP-MORE,pair3,P,0.028612136840820312,-0.044429779052734375,27059,27059
gpt-j-6b-fp32,D_pert_asc,0.2,89,89,OPP-MORE,pair3,Q,-0.008330345153808594,-0.0204620361328125,5930,5930
gpt-j-6b-fp32,D_pert_asc,0.2,89,89,OPP-MORE,pair4,P,0.034697532653808594,0.025613784790039062,27059,27059
gpt-j-6b-fp32,D_pert_asc,0.2,89,89,OPP-MORE,pair4,Q,0.035152435302734375,0.0008878707885742188,632,632
gpt-j-6b-fp32,D_pert_asc,0.2,89,89,OPP-MORE,pair5,P,0.03287982940673828,-0.04915046691894531,27059,27059
gpt-j-6b-fp32,D_pert_asc,0.2,89,89,OPP-MORE,pair5,Q,0.0124359130859375,-0.02580738067626953,632,632
gpt-j-6b-fp32,D_pert_asc,0.2,89,89,OPP-MORE,pair6,P,0.007819175720214844,-0.04523754119873047,27059,27059
gpt-j-6b-fp32,D_pert_asc,0.2,89,89,OPP-MORE,pair6,Q,0.009502410888671875,-0.07205009460449219,632,632
gpt-j-6b-fp32,D_pert_asc,0.2,89,89,OPP-MORE,pair7,P,0.01444244384765625,-0.0063419342041015625,632,632
gpt-j-6b-fp32,D_pert_asc,0.2,89,89,OPP-MORE,pair7,Q,0.016756057739257812,-0.027291297912597656,632,632
gpt-j-6b-fp32,D_pert_asc,0.2,89,89,OPP-MORE,pair8,P,0.014328956604003906,0.02730083465576172,1874,27059
gpt-j-6b-fp32,D_pert_asc,0.2,89,89,OPP-MORE,pair8,Q,0.0071964263916015625,0.009314537048339844,1874,1874
gpt-j-6b-fp32,D_pert_asc,0.2,89,89,OPP-MORE,pair9,P,0.054798126220703125,-0.009601593017578125,27059,27059
gpt-j-6b-fp32,D_pert_asc,0.2,89,89,OPP-MORE,pair9,Q,0.038773536682128906,-0.014018058776855469,23663,23663
gpt-j-6b-fp32,D_pert_asc,0.2,89,89,OPP-LESS,pair0,P,0.03382301330566406,-0.028244972229003906,632,632
gpt-j-6b-fp32,D_pert_asc,0.2,89,89,OPP-LESS,pair0,Q,0.030279159545898438,-0.0814352035522461,39733,39733
gpt-j-6b-fp32,D_pert_asc,0.2,89,89,OPP-LESS,pair1,P,0.05725574493408203,-0.02721118927001953,27059,27059
gpt-j-6b-fp32,D_pert_asc,0.2,89,89,OPP-LESS,pair1,Q,0.05207347869873047,-0.031889915466308594,19157,19157
gpt-j-6b-fp32,D_pert_asc,0.2,89,89,OPP-LESS,pair2,P,0.032520294189453125,-0.12109375,27059,27059
gpt-j-6b-fp32,D_pert_asc,0.2,89,89,OPP-LESS,pair2,Q,0.007212638854980469,-0.2115020751953125,632,632
gpt-j-6b-fp32,D_pert_asc,0.2,89,89,OPP-LESS,pair3,P,0.037222862243652344,0.017648696899414062,27059,27059
gpt-j-6b-fp32,D_pert_asc,0.2,89,89,OPP-LESS,pair3,Q,0.013364791870117188,-0.028743743896484375,5930,5930
gpt-j-6b-fp32,D_pert_asc,0.2,89,89,OPP-LESS,pair4,P,0.047425270080566406,-0.03397655487060547,27059,27059
gpt-j-6b-fp32,D_pert_asc,0.2,89,89,OPP-LESS,pair4,Q,0.04550361633300781,-0.09692573547363281,632,632
gpt-j-6b-fp32,D_pert_asc,0.2,89,89,OPP-LESS,pair5,P,0.042705535888671875,-0.013561248779296875,27059,27059
gpt-j-6b-fp32,D_pert_asc,0.2,89,89,OPP-LESS,pair5,Q,0.033410072326660156,-0.05208396911621094,632,632
gpt-j-6b-fp32,D_pert_asc,0.2,89,89,OPP-LESS,pair6,P,0.01882171630859375,0.017969131469726562,27059,27059
gpt-j-6b-fp32,D_pert_asc,0.2,89,89,OPP-LESS,pair6,Q,0.019260406494140625,-0.07123756408691406,632,632
gpt-j-6b-fp32,D_pert_asc,0.2,89,89,OPP-LESS,pair7,P,0.03091716766357422,-0.0063076019287109375,632,632
gpt-j-6b-fp32,D_pert_asc,0.2,89,89,OPP-LESS,pair7,Q,0.026343345642089844,-0.04216957092285156,632,632
gpt-j-6b-fp32,D_pert_asc,0.2,89,89,OPP-LESS,pair8,P,0.022894859313964844,0.02386474609375,1874,27059
gpt-j-6b-fp32,D_pert_asc,0.2,89,89,OPP-LESS,pair8,Q,0.020852088928222656,-0.03175067901611328,1874,1874
gpt-j-6b-fp32,D_pert_asc,0.2,89,89,OPP-LESS,pair9,P,0.06301593780517578,0.04094409942626953,27059,27059
gpt-j-6b-fp32,D_pert_asc,0.2,89,89,OPP-LESS,pair9,Q,0.04559040069580078,-0.017303466796875,23663,23663
gpt-j-6b-fp32,D_pert_asc,0.2,89,89,MORE-LESS,pair0,P,-0.0025682449340820312,0.0022335052490234375,10255,10255
gpt-j-6b-fp32,D_pert_asc,0.2,89,89,MORE-LESS,pair0,Q,-0.0033092498779296875,0.00024318695068359375,10255,10255
gpt-j-6b-fp32,D_pert_asc,0.2,89,89,MORE-LESS,pair1,P,0.010101318359375,-0.00025463104248046875,18605,18605
gpt-j-6b-fp32,D_pert_asc,0.2,89,89,MORE-LESS,pair1,Q,0.010770797729492188,-0.001766204833984375,18605,18605
gpt-j-6b-fp32,D_pert_asc,0.2,89,89,MORE-LESS,pair2,P,0.013070106506347656,-0.0038518905639648438,8038,8038
gpt-j-6b-fp32,D_pert_asc,0.2,89,89,MORE-LESS,pair2,Q,0.011150360107421875,-0.007618904113769531,8038,8038
gpt-j-6b-fp32,D_pert_asc,0.2,89,89,MORE-LESS,pair3,P,0.011340141296386719,0.004546165466308594,1234,1234
gpt-j-6b-fp32,D_pert_asc,0.2,89,89,MORE-LESS,pair3,Q,0.014023780822753906,0.006798744201660156,1234,1234
gpt-j-6b-fp32,D_pert_asc,0.2,89,89,MORE-LESS,pair4,P,0.010509490966796875,0.0032415390014648438,23448,23448
gpt-j-6b-fp32,D_pert_asc,0.2,89,89,MORE-LESS,pair4,Q,0.010049819946289062,0.0045928955078125,23448,23448
gpt-j-6b-fp32,D_pert_asc,0.2,89,89,MORE-LESS,pair5,P,0.01839923858642578,0.005435943603515625,969,969
gpt-j-6b-fp32,D_pert_asc,0.2,89,89,MORE-LESS,pair5,Q,0.018952369689941406,0.0075054168701171875,1426,1426
gpt-j-6b-fp32,D_pert_asc,0.2,89,89,MORE-LESS,pair6,P,0.009796142578125,-0.0016574859619140625,6514,6514
gpt-j-6b-fp32,D_pert_asc,0.2,89,89,MORE-LESS,pair6,Q,0.008141517639160156,-0.0015039443969726562,6514,6514
gpt-j-6b-fp32,D_pert_asc,0.2,89,89,MORE-LESS,pair7,P,0.015386581420898438,0.011889457702636719,22111,22111
gpt-j-6b-fp32,D_pert_asc,0.2,89,89,MORE-LESS,pair7,Q,0.011678695678710938,0.013003349304199219,22111,22111
gpt-j-6b-fp32,D_pert_asc,0.2,89,89,MORE-LESS,pair8,P,0.011706352233886719,0.0040340423583984375,969,969
gpt-j-6b-fp32,D_pert_asc,0.2,89,89,MORE-LESS,pair8,Q,0.010466575622558594,0.00495147705078125,969,969
gpt-j-6b-fp32,D_pert_asc,0.2,89,89,MORE-LESS,pair9,P,0.008337974548339844,-0.0034914016723632812,34439,34439
gpt-j-6b-fp32,D_pert_asc,0.2,89,89,MORE-LESS,pair9,Q,0.009664535522460938,-0.0012235641479492188,34439,34439
gpt-j-6b-fp32,D_pert_asc,0.200893,90,90,SAME-OPP,pair0,P,-0.011040687561035156,-0.0016117095947265625,632,632
gpt-j-6b-fp32,D_pert_asc,0.200893,90,90,SAME-OPP,pair0,Q,-0.009240150451660156,-0.007622718811035156,39733,39733
gpt-j-6b-fp32,D_pert_asc,0.200893,90,90,SAME-OPP,pair1,P,-0.020069122314453125,-0.004657745361328125,27059,27059
gpt-j-6b-fp32,D_pert_asc,0.200893,90,90,SAME-OPP,pair1,Q,-0.011312484741210938,-0.008107185363769531,19157,19157
gpt-j-6b-fp32,D_pert_asc,0.200893,90,90,SAME-OPP,pair2,P,-0.018604278564453125,-0.007279396057128906,632,632
gpt-j-6b-fp32,D_pert_asc,0.200893,90,90,SAME-OPP,pair2,Q,-0.013112068176269531,-0.011094093322753906,632,632
gpt-j-6b-fp32,D_pert_asc,0.200893,90,90,SAME-OPP,pair3,P,-0.015399932861328125,-0.004834175109863281,27059,27059
gpt-j-6b-fp32,D_pert_asc,0.200893,90,90,SAME-OPP,pair3,Q,-0.011556625366210938,-0.011232376098632812,632,632
gpt-j-6b-fp32,D_pert_asc,0.200893,90,90,SAME-OPP,pair4,P,-0.012928962707519531,-0.008849143981933594,27059,27059
gpt-j-6b-fp32,D_pert_asc,0.200893,90,90,SAME-OPP,pair4,Q,-0.01723480224609375,-0.012021064758300781,632,632
gpt-j-6b-fp32,D_pert_asc,0.200893,90,90,SAME-OPP,pair5,P,-0.016976356506347656,-0.012418746948242188,27059,27059
gpt-j-6b-fp32,D_pert_asc,0.200893,90,90,SAME-OPP,pair5,Q,-0.0152435302734375,-0.01569843292236328,632,632
gpt-j-6b-fp32,D_pert_asc,0.200893,90,90,SAME-OPP,pair6,P,-0.014271736145019531,-0.004710197448730469,27059,27059
gpt-j-6b-fp32,D_pert_asc,0.200893,90,90,SAME-OPP,pair6,Q,-0.01404571533203125,-0.008862495422363281,632,632
gpt-j-6b-fp32,D_pert_asc,0.200893,90,90,SAME-OPP,pair7,P,-0.010157585144042969,-0.007853507995605469,632,632
gpt-j-6b-fp32,D_pert_asc,0.200893,90,90,SAME-OPP,pair7,Q,-0.009573936462402344,-0.010197639465332031,632,632
gpt-j-6b-fp32,D_pert_asc,0.200893,90,90,SAME-OPP,pair8,P,-0.025732040405273438,-0.020760536193847656,581,581
gpt-j-6b-fp32,D_pert_asc,0.200893,90,90,SAME-OPP,pair8,Q,-0.01599407196044922,-0.0157623291015625,581,581
gpt-j-6b-fp32,D_pert_asc,0.200893,90,90,SAME-OPP,pair9,P,-0.022795677185058594,-0.012920379638671875,27059,27059
gpt-j-6b-fp32,D_pert_asc,0.200893,90,90,SAME-OPP,pair9,Q,-0.015595436096191406,-0.0074176788330078125,1928,1928
gpt-j-6b-fp32,D_pert_asc,0.200893,90,90,SAME-MORE,pair0,P,0.01813030242919922,0.017769813537597656,632,632
gpt-j-6b-fp32,D_pert_asc,0.200893,90,90,SAME-MORE,pair0,Q,-0.0023984909057617188,0.016077041625976562,39733,39733
gpt-j-6b-fp32,D_pert_asc,0.200893,90,90,SAME-MORE,pair1,P,0.02740001678466797,-0.009575843811035156,27059,27059
gpt-j-6b-fp32,D_pert_asc,0.200893,90,90,SAME-MORE,pair1,Q,0.00029277801513671875,-0.020323753356933594,19157,19157
gpt-j-6b-fp32,D_pert_asc,0.200893,90,90,SAME-MORE,pair2,P,0.02916717529296875,-0.01965808868408203,632,632
gpt-j-6b-fp32,D_pert_asc,0.200893,90,90,SAME-MORE,pair2,Q,-0.0030269622802734375,-0.03353691101074219,632,632
gpt-j-6b-fp32,D_pert_asc,0.200893,90,90,SAME-MORE,pair3,P,0.006024360656738281,-0.04239654541015625,27059,27059
gpt-j-6b-fp32,D_pert_asc,0.200893,90,90,SAME-MORE,pair3,Q,-0.016048431396484375,-0.0208282470703125,632,632
gpt-j-6b-fp32,D_pert_asc,0.200893,90,90,SAME-MORE,pair4,P,0.0282440185546875,-0.00112152099609375,27059,27059
gpt-j-6b-fp32,D_pert_asc,0.200893,90,90,SAME-MORE,pair4,Q,0.0275421142578125,-0.013170242309570312,632,632
gpt-j-6b-fp32,D_pert_asc,0.200893,90,90,SAME-MORE,pair5,P,0.014384269714355469,-0.05856132507324219,27059,27059
gpt-j-6b-fp32,D_pert_asc,0.200893,90,90,SAME-MORE,pair5,Q,-0.0022859573364257812,-0.030029296875,632,632
gpt-j-6b-fp32,D_pert_asc,0.200893,90,90,SAME-MORE,pair6,P,0.004267692565917969,-0.055866241455078125,27059,27059
gpt-j-6b-fp32,D_pert_asc,0.200893,90,90,SAME-MORE,pair6,Q,-0.0149383544921875,-0.06727218627929688,632,632
gpt-j-6b-fp32,D_pert_asc,0.200893,90,90,SAME-MORE,pair7,P,0.023598670959472656,-0.02361011505126953,632,632
gpt-j-6b-fp32,D_pert_asc,0.200893,90,90,SAME-MORE,pair7,Q,-0.005602836608886719,-0.04053020477294922,632,632
gpt-j-6b-fp32,D_pert_asc,0.200893,90,90,SAME-MORE,pair8,P,0.01726245880126953,0.02249431610107422,581,581
gpt-j-6b-fp32,D_pert_asc,0.200893,90,90,SAME-MORE,pair8,Q,-0.0009222030639648438,0.004212379455566406,581,1874
gpt-j-6b-fp32,D_pert_asc,0.200893,90,90,SAME-MORE,pair9,P,0.04339122772216797,-0.021811485290527344,27059,27059
gpt-j-6b-fp32,D_pert_asc,0.200893,90,90,SAME-MORE,pair9,Q,0.016982078552246094,-0.027090072631835938,1928,1928
gpt-j-6b-fp32,D_pert_asc,0.200893,90,90,SAME-LESS,pair0,P,0.021074295043945312,-0.03946971893310547,632,632
gpt-j-6b-fp32,D_pert_asc,0.200893,90,90,SAME-LESS,pair0,Q,0.0066165924072265625,-0.09710311889648438,39733,39733
gpt-j-6b-fp32,D_pert_asc,0.200893,90,90,SAME-LESS,pair1,P,0.037403106689453125,-0.06167030334472656,27059,27059
gpt-j-6b-fp32,D_pert_asc,0.200893,90,90,SAME-LESS,pair1,Q,0.014117240905761719,-0.056003570556640625,19157,19157
gpt-j-6b-fp32,D_pert_asc,0.200893,90,90,SAME-LESS,pair2,P,0.036815643310546875,-0.13109064102172852,632,27059
gpt-j-6b-fp32,D_pert_asc,0.200893,90,90,SAME-LESS,pair2,Q,0.006112098693847656,-0.22319316864013672,632,632
gpt-j-6b-fp32,D_pert_asc,0.200893,90,90,SAME-LESS,pair3,P,0.010975837707519531,0.010438919067382812,27059,27059
gpt-j-6b-fp32,D_pert_asc,0.200893,90,90,SAME-LESS,pair3,Q,-0.0018148422241210938,-0.026700973510742188,632,632
gpt-j-6b-fp32,D_pert_asc,0.200893,90,90,SAME-LESS,pair4,P,0.030798912048339844,-0.06899642944335938,27059,27059
gpt-j-6b-fp32,D_pert_asc,0.200893,90,90,SAME-LESS,pair4,Q,0.03710365295410156,-0.1142282485961914,632,632
gpt-j-6b-fp32,D_pert_asc,0.200893,90,90,SAME-LESS,pair5,P,0.019728660583496094,-0.029852867126464844,27059,27059
gpt-j-6b-fp32,D_pert_asc,0.200893,90,90,SAME-LESS,pair5,Q,0.014573097229003906,-0.04756927490234375,632,632
gpt-j-6b-fp32,D_pert_asc,0.200893,90,90,SAME-LESS,pair6,P,0.010240554809570312,-0.0033712387084960938,27059,27059
gpt-j-6b-fp32,D_pert_asc,0.200893,90,90,SAME-LESS,pair6,Q,-0.0029754638671875,-0.08425521850585938,632,632
gpt-j-6b-fp32,D_pert_asc,0.200893,90,90,SAME-LESS,pair7,P,0.03170967102050781,-0.020277023315429688,632,632
gpt-j-6b-fp32,D_pert_asc,0.200893,90,90,SAME-LESS,pair7,Q,0.0054569244384765625,-0.047451019287109375,632,632
gpt-j-6b-fp32,D_pert_asc,0.200893,90,90,SAME-LESS,pair8,P,0.022672653198242188,-0.0005578994750976562,581,581
gpt-j-6b-fp32,D_pert_asc,0.200893,90,90,SAME-LESS,pair8,Q,0.013405799865722656,-0.04156017303466797,581,1874
gpt-j-6b-fp32,D_pert_asc,0.200893,90,90,SAME-LESS,pair9,P,0.047310829162597656,0.0034923553466796875,27059,27059
gpt-j-6b-fp32,D_pert_asc,0.200893,90,90,SAME-LESS,pair9,Q,0.026903152465820312,-0.03872108459472656,1928,1928
gpt-j-6b-fp32,D_pert_asc,0.200893,90,90,OPP-MORE,pair0,P,0.014252662658691406,0.02460193634033203,632,632
gpt-j-6b-fp32,D_pert_asc,0.200893,90,90,OPP-MORE,pair0,Q,0.021543502807617188,0.02413463592529297,39733,39733
gpt-j-6b-fp32,D_pert_asc,0.200893,90,90,OPP-MORE,pair1,P,0.04134559631347656,0.00421142578125,27059,27059
gpt-j-6b-fp32,D_pert_asc,0.200893,90,90,OPP-MORE,pair1,Q,0.037006378173828125,-0.014187812805175781,19157,19157
gpt-j-6b-fp32,D_pert_asc,0.200893,90,90,OPP-MORE,pair2,P,0.021306991577148438,-0.023901939392089844,27059,27059
gpt-j-6b-fp32,D_pert_asc,0.200893,90,90,OPP-MORE,pair2,Q,0.0020093917846679688,-0.04366493225097656,632,632
gpt-j-6b-fp32,D_pert_asc,0.200893,90,90,OPP-MORE,pair3,P,0.02241230010986328,-0.046561241149902344,27059,27059
gpt-j-6b-fp32,D_pert_asc,0.200893,90,90,OPP-MORE,pair3,Q,-0.007130622863769531,-0.020372390747070312,5930,5930
gpt-j-6b-fp32,D_pert_asc,0.200893,90,90,OPP-MORE,pair4,P,0.03305339813232422,0.02642345428466797,27059,27059
gpt-j-6b-fp32,D_pert_asc,0.200893,90,90,OPP-MORE,pair4,Q,0.038967132568359375,0.004221916198730469,632,632
gpt-j-6b-fp32,D_pert_asc,0.200893,90,90,OPP-MORE,pair5,P,0.026494979858398438,-0.05420684814453125,27059,27059
gpt-j-6b-fp32,D_pert_asc,0.200893,90,90,OPP-MORE,pair5,Q,0.015172958374023438,-0.02545452117919922,632,632
gpt-j-6b-fp32,D_pert_asc,0.200893,90,90,OPP-MORE,pair6,P,0.004897117614746094,-0.050255775451660156,27059,27059
gpt-j-6b-fp32,D_pert_asc,0.200893,90,90,OPP-MORE,pair6,Q,0.011677742004394531,-0.07237720489501953,632,632
gpt-j-6b-fp32,D_pert_asc,0.200893,90,90,OPP-MORE,pair7,P,0.010081291198730469,-0.004879951477050781,632,632
gpt-j-6b-fp32,D_pert_asc,0.200893,90,90,OPP-MORE,pair7,Q,0.01852703094482422,-0.026187896728515625,632,632
gpt-j-6b-fp32,D_pert_asc,0.200893,90,90,OPP-MORE,pair8,P,0.010427474975585938,0.025635719299316406,1874,27059
gpt-j-6b-fp32,D_pert_asc,0.200893,90,90,OPP-MORE,pair8,Q,0.010554313659667969,0.012386322021484375,1874,1874
gpt-j-6b-fp32,D_pert_asc,0.200893,90,90,OPP-MORE,pair9,P,0.05270099639892578,-0.010081291198730469,27059,27059
gpt-j-6b-fp32,D_pert_asc,0.200893,90,90,OPP-MORE,pair9,Q,0.04218006134033203,-0.012038230895996094,23663,23663
gpt-j-6b-fp32,D_pert_asc,0.200893,90,90,OPP-LESS,pair0,P,0.02837085723876953,-0.02850818634033203,632,632
gpt-j-6b-fp32,D_pert_asc,0.200893,90,90,OPP-LESS,pair0,Q,0.031464576721191406,-0.08005523681640625,39733,39733
gpt-j-6b-fp32,D_pert_asc,0.200893,90,90,OPP-LESS,pair1,P,0.053295135498046875,-0.02670764923095703,27059,27059
gpt-j-6b-fp32,D_pert_asc,0.200893,90,90,OPP-LESS,pair1,Q,0.053788185119628906,-0.02999401092529297,19157,19157
gpt-j-6b-fp32,D_pert_asc,0.200893,90,90,OPP-LESS,pair2,P,0.029855728149414062,-0.11728048324584961,27059,27059
gpt-j-6b-fp32,D_pert_asc,0.200893,90,90,OPP-LESS,pair2,Q,0.010812759399414062,-0.21070194244384766,632,632
gpt-j-6b-fp32,D_pert_asc,0.200893,90,90,OPP-LESS,pair3,P,0.0313262939453125,0.012971878051757812,27059,27059
gpt-j-6b-fp32,D_pert_asc,0.200893,90,90,OPP-LESS,pair3,Q,0.01448822021484375,-0.030298233032226562,5930,5930
gpt-j-6b-fp32,D_pert_asc,0.200893,90,90,OPP-LESS,pair4,P,0.04568767547607422,-0.02810382843017578,27059,27059
gpt-j-6b-fp32,D_pert_asc,0.200893,90,90,OPP-LESS,pair4,Q,0.048919677734375,-0.09201908111572266,632,632
gpt-j-6b-fp32,D_pert_asc,0.200893,90,90,OPP-LESS,pair5,P,0.036190032958984375,-0.018610000610351562,27059,27059
gpt-j-6b-fp32,D_pert_asc,0.200893,90,90,OPP-LESS,pair5,Q,0.03574085235595703,-0.053775787353515625,632,632
gpt-j-6b-fp32,D_pert_asc,0.200893,90,90,OPP-LESS,pair6,P,0.015892982482910156,0.01885509490966797,27059,27059
gpt-j-6b-fp32,D_pert_asc,0.200893,90,90,OPP-LESS,pair6,Q,0.021407127380371094,-0.0705270767211914,632,632
gpt-j-6b-fp32,D_pert_asc,0.200893,90,90,OPP-LESS,pair7,P,0.02642345428466797,-0.0061702728271484375,632,632
gpt-j-6b-fp32,D_pert_asc,0.200893,90,90,OPP-LESS,pair7,Q,0.027747154235839844,-0.041973114013671875,632,632
gpt-j-6b-fp32,D_pert_asc,0.200893,90,90,OPP-LESS,pair8,P,0.0190887451171875,0.02128314971923828,1874,27059
gpt-j-6b-fp32,D_pert_asc,0.200893,90,90,OPP-LESS,pair8,Q,0.02434539794921875,-0.032245635986328125,1874,1874
gpt-j-6b-fp32,D_pert_asc,0.200893,90,90,OPP-LESS,pair9,P,0.060896873474121094,0.040526390075683594,27059,27059
gpt-j-6b-fp32,D_pert_asc,0.200893,90,90,OPP-LESS,pair9,Q,0.049017906188964844,-0.014802932739257812,23663,23663
gpt-j-6b-fp32,D_pert_asc,0.200893,90,90,MORE-LESS,pair0,P,-0.0022249221801757812,0.00220489501953125,10255,10255
gpt-j-6b-fp32,D_pert_asc,0.200893,90,90,MORE-LESS,pair0,Q,-0.0031576156616210938,0.000148773193359375,10255,10255
gpt-j-6b-fp32,D_pert_asc,0.200893,90,90,MORE-LESS,pair1,P,0.010427474975585938,-3.62396240234375e-05,18605,18605
gpt-j-6b-fp32,D_pert_asc,0.200893,90,90,MORE-LESS,pair1,Q,0.011142730712890625,-0.0015716552734375,18605,18605
gpt-j-6b-fp32,D_pert_asc,0.200893,90,90,MORE-LESS,pair2,P,0.012769699096679688,-0.004446983337402344,8038,8038
gpt-j-6b-fp32,D_pert_asc,0.200893,90,90,MORE-LESS,pair2,Q,0.010865211486816406,-0.008287429809570312,8038,8038
gpt-j-6b-fp32,D_pert_asc,0.200893,90,90,MORE-LESS,pair3,P,0.011189460754394531,0.0043430328369140625,1234,1234
gpt-j-6b-fp32,D_pert_asc,0.200893,90,90,MORE-LESS,pair3,Q,0.013916969299316406,0.0065784454345703125,1234,1234
gpt-j-6b-fp32,D_pert_asc,0.200893,90,90,MORE-LESS,pair4,P,0.01032257080078125,0.0032281875610351562,23448,23448
gpt-j-6b-fp32,D_pert_asc,0.200893,90,90,MORE-LESS,pair4,Q,0.009893417358398438,0.004589080810546875,23448,23448
gpt-j-6b-fp32,D_pert_asc,0.200893,90,90,MORE-LESS,pair5,P,0.01765155792236328,0.004971504211425781,969,969
gpt-j-6b-fp32,D_pert_asc,0.200893,90,90,MORE-LESS,pair5,Q,0.018245697021484375,0.006991386413574219,1426,1426
gpt-j-6b-fp32,D_pert_asc,0.200893,90,90,MORE-LESS,pair6,P,0.009839057922363281,-0.0018281936645507812,6514,6514
gpt-j-6b-fp32,D_pert_asc,0.200893,90,90,MORE-LESS,pair6,Q,0.0081329345703125,-0.0015735626220703125,6514,6514
gpt-j-6b-fp32,D_pert_asc,0.200893,90,90,MORE-LESS,pair7,P,0.015212059020996094,0.010712623596191406,22111,22111
gpt-j-6b-fp32,D_pert_asc,0.200893,90,90,MORE-LESS,pair7,Q,0.011551856994628906,0.011830329895019531,22111,22111
gpt-j-6b-fp32,D_pert_asc,0.200893,90,90,MORE-LESS,pair8,P,0.011793136596679688,0.0039577484130859375,969,969
gpt-j-6b-fp32,D_pert_asc,0.200893,90,90,MORE-LESS,pair8,Q,0.010446548461914062,0.004910469055175781,969,969
gpt-j-6b-fp32,D_pert_asc,0.200893,90,90,MORE-LESS,pair9,P,0.008196830749511719,-0.0036649703979492188,34439,34439
gpt-j-6b-fp32,D_pert_asc,0.200893,90,90,MORE-LESS,pair9,Q,0.009531021118164062,-0.0013933181762695312,34439,34439
gpt-j-6b-fp32,D_pert_asc,0.3,134,134,SAME-OPP,pair0,P,-0.010853767395019531,-0.0020227432250976562,632,632
gpt-j-6b-fp32,D_pert_asc,0.3,134,134,SAME-OPP,pair0,Q,0.009902000427246094,-0.015966415405273438,39733,39733
gpt-j-6b-fp32,D_pert_asc,0.3,134,134,SAME-OPP,pair1,P,-0.03992462158203125,-0.007512092590332031,27059,27059
gpt-j-6b-fp32,D_pert_asc,0.3,134,134,SAME-OPP,pair1,Q,-0.004954338073730469,-0.020827293395996094,19157,19157
gpt-j-6b-fp32,D_pert_asc,0.3,134,134,SAME-OPP,pair2,P,-0.02051258087158203,0.0037279129028320312,632,632
gpt-j-6b-fp32,D_pert_asc,0.3,134,134,SAME-OPP,pair2,Q,-0.0012760162353515625,-0.014704704284667969,632,632
gpt-j-6b-fp32,D_pert_asc,0.3,134,134,SAME-OPP,pair3,P,-0.02710723876953125,0.010152816772460938,27059,27059
gpt-j-6b-fp32,D_pert_asc,0.3,134,134,SAME-OPP,pair3,Q,0.019354820251464844,0.008599281311035156,632,632
gpt-j-6b-fp32,D_pert_asc,0.3,134,134,SAME-OPP,pair4,P,-0.028174400329589844,-0.0151824951171875,27059,27059
gpt-j-6b-fp32,D_pert_asc,0.3,134,134,SAME-OPP,pair4,Q,-0.0010318756103515625,-0.022696495056152344,632,632
gpt-j-6b-fp32,D_pert_asc,0.3,134,134,SAME-OPP,pair5,P,-0.036597251892089844,-0.006546974182128906,27059,27059
gpt-j-6b-fp32,D_pert_asc,0.3,134,134,SAME-OPP,pair5,Q,-0.004523277282714844,-0.0279693603515625,632,632
gpt-j-6b-fp32,D_pert_asc,0.3,134,134,SAME-OPP,pair6,P,-0.035088539123535156,-0.010676383972167969,27059,27059
gpt-j-6b-fp32,D_pert_asc,0.3,134,134,SAME-OPP,pair6,Q,0.004406929016113281,-0.0113983154296875,632,632
gpt-j-6b-fp32,D_pert_asc,0.3,134,134,SAME-OPP,pair7,P,-0.019466400146484375,0.014161109924316406,632,632
gpt-j-6b-fp32,D_pert_asc,0.3,134,134,SAME-OPP,pair7,Q,0.00864410400390625,-0.03515625,632,632
gpt-j-6b-fp32,D_pert_asc,0.3,134,134,SAME-OPP,pair8,P,-0.037337303161621094,-0.012262344360351562,581,581
gpt-j-6b-fp32,D_pert_asc,0.3,134,134,SAME-OPP,pair8,Q,0.010357856750488281,-0.025734901428222656,581,581
gpt-j-6b-fp32,D_pert_asc,0.3,134,134,SAME-OPP,pair9,P,-0.026092529296875,7.43865966796875e-05,27059,27059
gpt-j-6b-fp32,D_pert_asc,0.3,134,134,SAME-OPP,pair9,Q,0.005610466003417969,-0.0015897750854492188,1928,1928
gpt-j-6b-fp32,D_pert_asc,0.3,134,134,SAME-MORE,pair0,P,0.022733688354492188,0.06131935119628906,632,632
gpt-j-6b-fp32,D_pert_asc,0.3,134,134,SAME-MORE,pair0,Q,-0.006567955017089844,-0.01856708526611328,39733,39733
gpt-j-6b-fp32,D_pert_asc,0.3,134,134,SAME-MORE,pair1,P,0.050856590270996094,0.10797786712646484,27059,27059
gpt-j-6b-fp32,D_pert_asc,0.3,134,134,SAME-MORE,pair1,Q,-0.04631233215332031,-0.01200103759765625,19157,19157
gpt-j-6b-fp32,D_pert_asc,0.3,134,134,SAME-MORE,pair2,P,0.04131126403808594,0.13402557373046875,632,632
gpt-j-6b-fp32,D_pert_asc,0.3,134,134,SAME-MORE,pair2,Q,0.027166366577148438,0.0177764892578125,632,632
gpt-j-6b-fp32,D_pert_asc,0.3,134,134,SAME-MORE,pair3,P,0.05726051330566406,0.02350139617919922,27059,27059
gpt-j-6b-fp32,D_pert_asc,0.3,134,134,SAME-MORE,pair3,Q,0.043265342712402344,0.006473541259765625,632,632
gpt-j-6b-fp32,D_pert_asc,0.3,134,134,SAME-MORE,pair4,P,0.06346511840820312,0.05972862243652344,27059,27059
gpt-j-6b-fp32,D_pert_asc,0.3,134,134,SAME-MORE,pair4,Q,0.03319835662841797,-0.023595809936523438,632,632
gpt-j-6b-fp32,D_pert_asc,0.3,134,134,SAME-MORE,pair5,P,0.11325740814208984,0.020751953125,27059,27059
gpt-j-6b-fp32,D_pert_asc,0.3,134,134,SAME-MORE,pair5,Q,0.06401634216308594,0.00720977783203125,632,632
gpt-j-6b-fp32,D_pert_asc,0.3,134,134,SAME-MORE,pair6,P,-0.006154060363769531,0.03928661346435547,27059,27059
gpt-j-6b-fp32,D_pert_asc,0.3,134,134,SAME-MORE,pair6,Q,-0.009002685546875,-0.04348564147949219,632,632
gpt-j-6b-fp32,D_pert_asc,0.3,134,134,SAME-MORE,pair7,P,0.06887626647949219,0.010424613952636719,632,632
gpt-j-6b-fp32,D_pert_asc,0.3,134,134,SAME-MORE,pair7,Q,-0.002704620361328125,-0.0674285888671875,632,632
gpt-j-6b-fp32,D_pert_asc,0.3,134,134,SAME-MORE,pair8,P,0.11637020111083984,0.1350259780883789,581,581
gpt-j-6b-fp32,D_pert_asc,0.3,134,134,SAME-MORE,pair8,Q,0.07200431823730469,0.03753852844238281,581,581
gpt-j-6b-fp32,D_pert_asc,0.3,134,134,SAME-MORE,pair9,P,0.08970832824707031,-0.05109119415283203,27059,27059
gpt-j-6b-fp32,D_pert_asc,0.3,134,134,SAME-MORE,pair9,Q,0.03820228576660156,-0.03020954132080078,1928,1928
gpt-j-6b-fp32,D_pert_asc,0.3,134,134,SAME-LESS,pair0,P,0.04855823516845703,0.29378318786621094,632,632
gpt-j-6b-fp32,D_pert_asc,0.3,134,134,SAME-LESS,pair0,Q,0.005242347717285156,0.090118408203125,39733,39733
gpt-j-6b-fp32,D_pert_asc,0.3,134,134,SAME-LESS,pair1,P,0.061881065368652344,0.022871017456054688,27059,27059
gpt-j-6b-fp32,D_pert_asc,0.3,134,134,SAME-LESS,pair1,Q,-0.03978729248046875,-0.052581787109375,19157,19157
gpt-j-6b-fp32,D_pert_asc,0.3,134,134,SAME-LESS,pair2,P,0.048577308654785156,0.03885316848754883,632,632
gpt-j-6b-fp32,D_pert_asc,0.3,134,134,SAME-LESS,pair2,Q,0.02004528045654297,-0.14829540252685547,632,632
gpt-j-6b-fp32,D_pert_asc,0.3,134,134,SAME-LESS,pair3,P,0.06251716613769531,0.2229156494140625,27059,27059
gpt-j-6b-fp32,D_pert_asc,0.3,134,134,SAME-LESS,pair3,Q,0.04608154296875,0.08204936981201172,632,632
gpt-j-6b-fp32,D_pert_asc,0.3,134,134,SAME-LESS,pair4,P,0.06133270263671875,0.09095382690429688,27059,27059
gpt-j-6b-fp32,D_pert_asc,0.3,134,134,SAME-LESS,pair4,Q,0.035513877868652344,-0.12186431884765625,632,632
gpt-j-6b-fp32,D_pert_asc,0.3,134,134,SAME-LESS,pair5,P,0.1263751983642578,0.15227603912353516,27059,27059
gpt-j-6b-fp32,D_pert_asc,0.3,134,134,SAME-LESS,pair5,Q,0.0787353515625,-0.014218330383300781,632,632
gpt-j-6b-fp32,D_pert_asc,0.3,134,134,SAME-LESS,pair6,P,0.0025730133056640625,0.12026023864746094,27059,27059
gpt-j-6b-fp32,D_pert_asc,0.3,134,134,SAME-LESS,pair6,Q,-0.004542350769042969,-0.08253860473632812,632,632
gpt-j-6b-fp32,D_pert_asc,0.3,134,134,SAME-LESS,pair7,P,0.08643245697021484,0.12796592712402344,632,632
gpt-j-6b-fp32,D_pert_asc,0.3,134,134,SAME-LESS,pair7,Q,0.0017490386962890625,0.024547576904296875,632,632
gpt-j-6b-fp32,D_pert_asc,0.3,134,134,SAME-LESS,pair8,P,0.13280487060546875,0.037937164306640625,581,581
gpt-j-6b-fp32,D_pert_asc,0.3,134,134,SAME-LESS,pair8,Q,0.08903217315673828,-0.09628582000732422,581,581
gpt-j-6b-fp32,D_pert_asc,0.3,134,134,SAME-LESS,pair9,P,0.08684635162353516,0.01871013641357422,27059,27059
gpt-j-6b-fp32,D_pert_asc,0.3,134,134,SAME-LESS,pair9,Q,0.025750160217285156,-0.07226753234863281,1928,1928
gpt-j-6b-fp32,D_pert_asc,0.3,134,134,OPP-MORE,pair0,P,0.005188941955566406,0.09520530700683594,632,632
gpt-j-6b-fp32,D_pert_asc,0.3,134,134,OPP-MORE,pair0,Q,0.09122943878173828,-0.0020904541015625,39733,39733
gpt-j-6b-fp32,D_pert_asc,0.3,134,134,OPP-MORE,pair1,P,0.06507587432861328,0.09029769897460938,27059,27059
gpt-j-6b-fp32,D_pert_asc,0.3,134,134,OPP-MORE,pair1,Q,0.062043190002441406,-0.012384414672851562,19157,19157
gpt-j-6b-fp32,D_pert_asc,0.3,134,134,OPP-MORE,pair2,P,0.033638954162597656,0.16603755950927734,27059,27059
gpt-j-6b-fp32,D_pert_asc,0.3,134,134,OPP-MORE,pair2,Q,0.08649349212646484,0.019911766052246094,632,632
gpt-j-6b-fp32,D_pert_asc,0.3,134,134,OPP-MORE,pair3,P,0.047606468200683594,0.021660804748535156,27059,27059
gpt-j-6b-fp32,D_pert_asc,0.3,134,134,OPP-MORE,pair3,Q,0.079498291015625,0.01990985870361328,5930,5930
gpt-j-6b-fp32,D_pert_asc,0.3,134,134,OPP-MORE,pair4,P,-0.0070667266845703125,0.0771036148071289,27059,27059
gpt-j-6b-fp32,D_pert_asc,0.3,134,134,OPP-MORE,pair4,Q,0.07505416870117188,-0.00978851318359375,632,632
gpt-j-6b-fp32,D_pert_asc,0.3,134,134,OPP-MORE,pair5,P,0.08421897888183594,0.03997802734375,27059,27059
gpt-j-6b-fp32,D_pert_asc,0.3,134,134,OPP-MORE,pair5,Q,0.16268157958984375,0.03135871887207031,632,632
gpt-j-6b-fp32,D_pert_asc,0.3,134,134,OPP-MORE,pair6,P,-0.0038738250732421875,0.07902050018310547,27059,27059
gpt-j-6b-fp32,D_pert_asc,0.3,134,134,OPP-MORE,pair6,Q,0.047255516052246094,-0.02798938751220703,632,632
gpt-j-6b-fp32,D_pert_asc,0.3,134,134,OPP-MORE,pair7,P,-0.03421783447265625,0.04392814636230469,632,632
gpt-j-6b-fp32,D_pert_asc,0.3,134,134,OPP-MORE,pair7,Q,0.09357452392578125,-0.024964332580566406,632,632
gpt-j-6b-fp32,D_pert_asc,0.3,134,134,OPP-MORE,pair8,P,0.09089851379394531,0.11586666107177734,1874,1874
gpt-j-6b-fp32,D_pert_asc,0.3,134,134,OPP-MORE,pair8,Q,0.1630401611328125,0.04094886779785156,1874,1874
gpt-j-6b-fp32,D_pert_asc,0.3,134,134,OPP-MORE,pair9,P,0.10219478607177734,-0.03358650207519531,27059,27059
gpt-j-6b-fp32,D_pert_asc,0.3,134,134,OPP-MORE,pair9,Q,0.11827564239501953,-0.022910118103027344,23663,23663
gpt-j-6b-fp32,D_pert_asc,0.3,134,134,OPP-LESS,pair0,P,0.020730972290039062,0.2753734588623047,632,632
gpt-j-6b-fp32,D_pert_asc,0.3,134,134,OPP-LESS,pair0,Q,0.10974502563476562,0.08922576904296875,39733,39733
gpt-j-6b-fp32,D_pert_asc,0.3,134,134,OPP-LESS,pair1,P,0.07928848266601562,0.049114227294921875,27059,27059
gpt-j-6b-fp32,D_pert_asc,0.3,134,134,OPP-LESS,pair1,Q,0.0703592300415039,-0.036407470703125,19157,19157
gpt-j-6b-fp32,D_pert_asc,0.3,134,134,OPP-LESS,pair2,P,0.03373241424560547,0.10482549667358398,27059,27059
gpt-j-6b-fp32,D_pert_asc,0.3,134,134,OPP-LESS,pair2,Q,0.0957498550415039,-0.11087894439697266,632,632
gpt-j-6b-fp32,D_pert_asc,0.3,134,134,OPP-LESS,pair3,P,0.05016803741455078,0.2501392364501953,27059,27059
gpt-j-6b-fp32,D_pert_asc,0.3,134,134,OPP-LESS,pair3,Q,0.09857845306396484,0.12392520904541016,5930,5930
gpt-j-6b-fp32,D_pert_asc,0.3,134,134,OPP-LESS,pair4,P,-0.0025806427001953125,0.13817310333251953,27059,27059
gpt-j-6b-fp32,D_pert_asc,0.3,134,134,OPP-LESS,pair4,Q,0.08742046356201172,-0.07922649383544922,632,632
gpt-j-6b-fp32,D_pert_asc,0.3,134,134,OPP-LESS,pair5,P,0.08495903015136719,0.21117401123046875,27059,27059
gpt-j-6b-fp32,D_pert_asc,0.3,134,134,OPP-LESS,pair5,Q,0.19861602783203125,0.032077789306640625,632,19157
gpt-j-6b-fp32,D_pert_asc,0.3,134,134,OPP-LESS,pair6,P,-0.0042057037353515625,0.1539936065673828,27059,27059
gpt-j-6b-fp32,D_pert_asc,0.3,134,134,OPP-LESS,pair6,Q,0.06164264678955078,-0.044798851013183594,632,632
gpt-j-6b-fp32,D_pert_asc,0.3,134,134,OPP-LESS,pair7,P,-0.009490966796875,0.17242431640625,632,632
gpt-j-6b-fp32,D_pert_asc,0.3,134,134,OPP-LESS,pair7,Q,0.11609458923339844,0.02950000762939453,632,632
gpt-j-6b-fp32,D_pert_asc,0.3,134,134,OPP-LESS,pair8,P,0.10301685333251953,0.0605316162109375,1874,27059
gpt-j-6b-fp32,D_pert_asc,0.3,134,134,OPP-LESS,pair8,Q,0.18567943572998047,-0.055149078369140625,1874,1874
gpt-j-6b-fp32,D_pert_asc,0.3,134,134,OPP-LESS,pair9,P,0.10446357727050781,0.04198455810546875,27059,27059
gpt-j-6b-fp32,D_pert_asc,0.3,134,134,OPP-LESS,pair9,Q,0.11923408508300781,-0.05399513244628906,23663,23663
gpt-j-6b-fp32,D_pert_asc,0.3,134,134,MORE-LESS,pair0,P,0.03450298309326172,0.02114582061767578,10255,10255
gpt-j-6b-fp32,D_pert_asc,0.3,134,134,MORE-LESS,pair0,Q,0.02514171600341797,0.005831718444824219,10255,10255
gpt-j-6b-fp32,D_pert_asc,0.3,134,134,MORE-LESS,pair1,P,0.015048980712890625,-0.0020542144775390625,18605,18605
gpt-j-6b-fp32,D_pert_asc,0.3,134,134,MORE-LESS,pair1,Q,0.007982254028320312,-0.006127357482910156,18605,18605
gpt-j-6b-fp32,D_pert_asc,0.3,134,134,MORE-LESS,pair2,P,0.009202003479003906,0.015307426452636719,8038,8038
gpt-j-6b-fp32,D_pert_asc,0.3,134,134,MORE-LESS,pair2,Q,0.00572967529296875,0.0057525634765625,8038,8038
gpt-j-6b-fp32,D_pert_asc,0.3,134,134,MORE-LESS,pair3,P,0.02680683135986328,0.011537551879882812,1234,1234
gpt-j-6b-fp32,D_pert_asc,0.3,134,134,MORE-LESS,pair3,Q,0.028450965881347656,0.008322715759277344,1234,1234
gpt-j-6b-fp32,D_pert_asc,0.3,134,134,MORE-LESS,pair4,P,0.0073032379150390625,0.01486968994140625,23448,23448
gpt-j-6b-fp32,D_pert_asc,0.3,134,134,MORE-LESS,pair4,Q,0.0029001235961914062,0.014883041381835938,23448,23448
gpt-j-6b-fp32,D_pert_asc,0.3,134,134,MORE-LESS,pair5,P,0.030409812927246094,-0.0028486251831054688,969,969
gpt-j-6b-fp32,D_pert_asc,0.3,134,134,MORE-LESS,pair5,Q,0.032248497009277344,-0.0049457550048828125,1426,1426
gpt-j-6b-fp32,D_pert_asc,0.3,134,134,MORE-LESS,pair6,P,0.01242828369140625,0.007518768310546875,6514,6514
gpt-j-6b-fp32,D_pert_asc,0.3,134,134,MORE-LESS,pair6,Q,0.009838104248046875,0.007790565490722656,6514,6514
gpt-j-6b-fp32,D_pert_asc,0.3,134,134,MORE-LESS,pair7,P,-0.0009622573852539062,0.01746654510498047,22111,22111
gpt-j-6b-fp32,D_pert_asc,0.3,134,134,MORE-LESS,pair7,Q,-0.004436492919921875,0.01561737060546875,22111,22111
gpt-j-6b-fp32,D_pert_asc,0.3,134,134,MORE-LESS,pair8,P,0.010439872741699219,-0.0014562606811523438,969,969
gpt-j-6b-fp32,D_pert_asc,0.3,134,134,MORE-LESS,pair8,Q,0.011728286743164062,-0.0011262893676757812,969,969
gpt-j-6b-fp32,D_pert_asc,0.3,134,134,MORE-LESS,pair9,P,0.0006656646728515625,-0.0028743743896484375,34439,34439
gpt-j-6b-fp32,D_pert_asc,0.3,134,134,MORE-LESS,pair9,Q,-0.00466156005859375,-0.0016965866088867188,34439,34439
gpt-j-6b-fp32,D_pert_asc,0.5,224,134,SAME-OPP,pair0,P,-0.010853767395019531,-0.0020227432250976562,632,632
gpt-j-6b-fp32,D_pert_asc,0.5,224,134,SAME-OPP,pair0,Q,0.009902000427246094,-0.015966415405273438,39733,39733
gpt-j-6b-fp32,D_pert_asc,0.5,224,134,SAME-OPP,pair1,P,-0.03992462158203125,-0.007512092590332031,27059,27059
gpt-j-6b-fp32,D_pert_asc,0.5,224,134,SAME-OPP,pair1,Q,-0.004954338073730469,-0.020827293395996094,19157,19157
gpt-j-6b-fp32,D_pert_asc,0.5,224,134,SAME-OPP,pair2,P,-0.02051258087158203,0.0037279129028320312,632,632
gpt-j-6b-fp32,D_pert_asc,0.5,224,134,SAME-OPP,pair2,Q,-0.0012760162353515625,-0.014704704284667969,632,632
gpt-j-6b-fp32,D_pert_asc,0.5,224,134,SAME-OPP,pair3,P,-0.02710723876953125,0.010152816772460938,27059,27059
gpt-j-6b-fp32,D_pert_asc,0.5,224,134,SAME-OPP,pair3,Q,0.019354820251464844,0.008599281311035156,632,632
gpt-j-6b-fp32,D_pert_asc,0.5,224,134,SAME-OPP,pair4,P,-0.028174400329589844,-0.0151824951171875,27059,27059
gpt-j-6b-fp32,D_pert_asc,0.5,224,134,SAME-OPP,pair4,Q,-0.0010318756103515625,-0.022696495056152344,632,632
gpt-j-6b-fp32,D_pert_asc,0.5,224,134,SAME-OPP,pair5,P,-0.036597251892089844,-0.006546974182128906,27059,27059
gpt-j-6b-fp32,D_pert_asc,0.5,224,134,SAME-OPP,pair5,Q,-0.004523277282714844,-0.0279693603515625,632,632
gpt-j-6b-fp32,D_pert_asc,0.5,224,134,SAME-OPP,pair6,P,-0.035088539123535156,-0.010676383972167969,27059,27059
gpt-j-6b-fp32,D_pert_asc,0.5,224,134,SAME-OPP,pair6,Q,0.004406929016113281,-0.0113983154296875,632,632
gpt-j-6b-fp32,D_pert_asc,0.5,224,134,SAME-OPP,pair7,P,-0.019466400146484375,0.014161109924316406,632,632
gpt-j-6b-fp32,D_pert_asc,0.5,224,134,SAME-OPP,pair7,Q,0.00864410400390625,-0.03515625,632,632
gpt-j-6b-fp32,D_pert_asc,0.5,224,134,SAME-OPP,pair8,P,-0.037337303161621094,-0.012262344360351562,581,581
gpt-j-6b-fp32,D_pert_asc,0.5,224,134,SAME-OPP,pair8,Q,0.010357856750488281,-0.025734901428222656,581,581
gpt-j-6b-fp32,D_pert_asc,0.5,224,134,SAME-OPP,pair9,P,-0.026092529296875,7.43865966796875e-05,27059,27059
gpt-j-6b-fp32,D_pert_asc,0.5,224,134,SAME-OPP,pair9,Q,0.005610466003417969,-0.0015897750854492188,1928,1928
gpt-j-6b-fp32,D_pert_asc,0.5,224,134,SAME-MORE,pair0,P,0.022733688354492188,0.06131935119628906,632,632
gpt-j-6b-fp32,D_pert_asc,0.5,224,134,SAME-MORE,pair0,Q,-0.006567955017089844,-0.01856708526611328,39733,39733
gpt-j-6b-fp32,D_pert_asc,0.5,224,134,SAME-MORE,pair1,P,0.050856590270996094,0.10797786712646484,27059,27059
gpt-j-6b-fp32,D_pert_asc,0.5,224,134,SAME-MORE,pair1,Q,-0.04631233215332031,-0.01200103759765625,19157,19157
gpt-j-6b-fp32,D_pert_asc,0.5,224,134,SAME-MORE,pair2,P,0.04131126403808594,0.13402557373046875,632,632
gpt-j-6b-fp32,D_pert_asc,0.5,224,134,SAME-MORE,pair2,Q,0.027166366577148438,0.0177764892578125,632,632
gpt-j-6b-fp32,D_pert_asc,0.5,224,134,SAME-MORE,pair3,P,0.05726051330566406,0.02350139617919922,27059,27059
gpt-j-6b-fp32,D_pert_asc,0.5,224,134,SAME-MORE,pair3,Q,0.043265342712402344,0.006473541259765625,632,632
gpt-j-6b-fp32,D_pert_asc,0.5,224,134,SAME-MORE,pair4,P,0.06346511840820312,0.05972862243652344,27059,27059
gpt-j-6b-fp32,D_pert_asc,0.5,224,134,SAME-MORE,pair4,Q,0.03319835662841797,-0.023595809936523438,632,632
gpt-j-6b-fp32,D_pert_asc,0.5,224,134,SAME-MORE,pair5,P,0.11325740814208984,0.020751953125,27059,27059
gpt-j-6b-fp32,D_pert_asc,0.5,224,134,SAME-MORE,pair5,Q,0.06401634216308594,0.00720977783203125,632,632
gpt-j-6b-fp32,D_pert_asc,0.5,224,134,SAME-MORE,pair6,P,-0.006154060363769531,0.03928661346435547,27059,27059
gpt-j-6b-fp32,D_pert_asc,0.5,224,134,SAME-MORE,pair6,Q,-0.009002685546875,-0.04348564147949219,632,632
gpt-j-6b-fp32,D_pert_asc,0.5,224,134,SAME-MORE,pair7,P,0.06887626647949219,0.010424613952636719,632,632
gpt-j-6b-fp32,D_pert_asc,0.5,224,134,SAME-MORE,pair7,Q,-0.002704620361328125,-0.0674285888671875,632,632
gpt-j-6b-fp32,D_pert_asc,0.5,224,134,SAME-MORE,pair8,P,0.11637020111083984,0.1350259780883789,581,581
gpt-j-6b-fp32,D_pert_asc,0.5,224,134,SAME-MORE,pair8,Q,0.07200431823730469,0.03753852844238281,581,581
gpt-j-6b-fp32,D_pert_asc,0.5,224,134,SAME-MORE,pair9,P,0.08970832824707031,-0.05109119415283203,27059,27059
gpt-j-6b-fp32,D_pert_asc,0.5,224,134,SAME-MORE,pair9,Q,0.03820228576660156,-0.03020954132080078,1928,1928
gpt-j-6b-fp32,D_pert_asc,0.5,224,134,SAME-LESS,pair0,P,0.04855823516845703,0.29378318786621094,632,632
gpt-j-6b-fp32,D_pert_asc,0.5,224,134,SAME-LESS,pair0,Q,0.005242347717285156,0.090118408203125,39733,39733
gpt-j-6b-fp32,D_pert_asc,0.5,224,134,SAME-LESS,pair1,P,0.061881065368652344,0.022871017456054688,27059,27059
gpt-j-6b-fp32,D_pert_asc,0.5,224,134,SAME-LESS,pair1,Q,-0.03978729248046875,-0.052581787109375,19157,19157
gpt-j-6b-fp32,D_pert_asc,0.5,224,134,SAME-LESS,pair2,P,0.048577308654785156,0.03885316848754883,632,632
gpt-j-6b-fp32,D_pert_asc,0.5,224,134,SAME-LESS,pair2,Q,0.02004528045654297,-0.14829540252685547,632,632
gpt-j-6b-fp32,D_pert_asc,0.5,224,134,SAME-LESS,pair3,P,0.06251716613769531,0.2229156494140625,27059,27059
gpt-j-6b-fp32,D_pert_asc,0.5,224,134,SAME-LESS,pair3,Q,0.04608154296875,0.08204936981201172,632,632
gpt-j-6b-fp32,D_pert_asc,0.5,224,134,SAME-LESS,pair4,P,0.06133270263671875,0.09095382690429688,27059,27059
gpt-j-6b-fp32,D_pert_asc,0.5,224,134,SAME-LESS,pair4,Q,0.035513877868652344,-0.12186431884765625,632,632
gpt-j-6b-fp32,D_pert_asc,0.5,224,134,SAME-LESS,pair5,P,0.1263751983642578,0.15227603912353516,27059,27059
gpt-j-6b-fp32,D_pert_asc,0.5,224,134,SAME-LESS,pair5,Q,0.0787353515625,-0.014218330383300781,632,632
gpt-j-6b-fp32,D_pert_asc,0.5,224,134,SAME-LESS,pair6,P,0.0025730133056640625,0.12026023864746094,27059,27059
gpt-j-6b-fp32,D_pert_asc,0.5,224,134,SAME-LESS,pair6,Q,-0.004542350769042969,-0.08253860473632812,632,632
gpt-j-6b-fp32,D_pert_asc,0.5,224,134,SAME-LESS,pair7,P,0.08643245697021484,0.12796592712402344,632,632
gpt-j-6b-fp32,D_pert_asc,0.5,224,134,SAME-LESS,pair7,Q,0.0017490386962890625,0.024547576904296875,632,632
gpt-j-6b-fp32,D_pert_asc,0.5,224,134,SAME-LESS,pair8,P,0.13280487060546875,0.037937164306640625,581,581
gpt-j-6b-fp32,D_pert_asc,0.5,224,134,SAME-LESS,pair8,Q,0.08903217315673828,-0.09628582000732422,581,581
gpt-j-6b-fp32,D_pert_asc,0.5,224,134,SAME-LESS,pair9,P,0.08684635162353516,0.01871013641357422,27059,27059
gpt-j-6b-fp32,D_pert_asc,0.5,224,134,SAME-LESS,pair9,Q,0.025750160217285156,-0.07226753234863281,1928,1928
gpt-j-6b-fp32,D_pert_asc,0.5,224,134,OPP-MORE,pair0,P,0.005188941955566406,0.09520530700683594,632,632
gpt-j-6b-fp32,D_pert_asc,0.5,224,134,OPP-MORE,pair0,Q,0.09122943878173828,-0.0020904541015625,39733,39733
gpt-j-6b-fp32,D_pert_asc,0.5,224,134,OPP-MORE,pair1,P,0.06507587432861328,0.09029769897460938,27059,27059
gpt-j-6b-fp32,D_pert_asc,0.5,224,134,OPP-MORE,pair1,Q,0.062043190002441406,-0.012384414672851562,19157,19157
gpt-j-6b-fp32,D_pert_asc,0.5,224,134,OPP-MORE,pair2,P,0.033638954162597656,0.16603755950927734,27059,27059
gpt-j-6b-fp32,D_pert_asc,0.5,224,134,OPP-MORE,pair2,Q,0.08649349212646484,0.019911766052246094,632,632
gpt-j-6b-fp32,D_pert_asc,0.5,224,134,OPP-MORE,pair3,P,0.047606468200683594,0.021660804748535156,27059,27059
gpt-j-6b-fp32,D_pert_asc,0.5,224,134,OPP-MORE,pair3,Q,0.079498291015625,0.01990985870361328,5930,5930
gpt-j-6b-fp32,D_pert_asc,0.5,224,134,OPP-MORE,pair4,P,-0.0070667266845703125,0.0771036148071289,27059,27059
gpt-j-6b-fp32,D_pert_asc,0.5,224,134,OPP-MORE,pair4,Q,0.07505416870117188,-0.00978851318359375,632,632
gpt-j-6b-fp32,D_pert_asc,0.5,224,134,OPP-MORE,pair5,P,0.08421897888183594,0.03997802734375,27059,27059
gpt-j-6b-fp32,D_pert_asc,0.5,224,134,OPP-MORE,pair5,Q,0.16268157958984375,0.03135871887207031,632,632
gpt-j-6b-fp32,D_pert_asc,0.5,224,134,OPP-MORE,pair6,P,-0.0038738250732421875,0.07902050018310547,27059,27059
gpt-j-6b-fp32,D_pert_asc,0.5,224,134,OPP-MORE,pair6,Q,0.047255516052246094,-0.02798938751220703,632,632
gpt-j-6b-fp32,D_pert_asc,0.5,224,134,OPP-MORE,pair7,P,-0.03421783447265625,0.04392814636230469,632,632
gpt-j-6b-fp32,D_pert_asc,0.5,224,134,OPP-MORE,pair7,Q,0.09357452392578125,-0.024964332580566406,632,632
gpt-j-6b-fp32,D_pert_asc,0.5,224,134,OPP-MORE,pair8,P,0.09089851379394531,0.11586666107177734,1874,1874
gpt-j-6b-fp32,D_pert_asc,0.5,224,134,OPP-MORE,pair8,Q,0.1630401611328125,0.04094886779785156,1874,1874
gpt-j-6b-fp32,D_pert_asc,0.5,224,134,OPP-MORE,pair9,P,0.10219478607177734,-0.03358650207519531,27059,27059
gpt-j-6b-fp32,D_pert_asc,0.5,224,134,OPP-MORE,pair9,Q,0.11827564239501953,-0.022910118103027344,23663,23663
gpt-j-6b-fp32,D_pert_asc,0.5,224,134,OPP-LESS,pair0,P,0.020730972290039062,0.2753734588623047,632,632
gpt-j-6b-fp32,D_pert_asc,0.5,224,134,OPP-LESS,pair0,Q,0.10974502563476562,0.08922576904296875,39733,39733
gpt-j-6b-fp32,D_pert_asc,0.5,224,134,OPP-LESS,pair1,P,0.07928848266601562,0.049114227294921875,27059,27059
gpt-j-6b-fp32,D_pert_asc,0.5,224,134,OPP-LESS,pair1,Q,0.0703592300415039,-0.036407470703125,19157,19157
gpt-j-6b-fp32,D_pert_asc,0.5,224,134,OPP-LESS,pair2,P,0.03373241424560547,0.10482549667358398,27059,27059
gpt-j-6b-fp32,D_pert_asc,0.5,224,134,OPP-LESS,pair2,Q,0.0957498550415039,-0.11087894439697266,632,632
gpt-j-6b-fp32,D_pert_asc,0.5,224,134,OPP-LESS,pair3,P,0.05016803741455078,0.2501392364501953,27059,27059
gpt-j-6b-fp32,D_pert_asc,0.5,224,134,OPP-LESS,pair3,Q,0.09857845306396484,0.12392520904541016,5930,5930
gpt-j-6b-fp32,D_pert_asc,0.5,224,134,OPP-LESS,pair4,P,-0.0025806427001953125,0.13817310333251953,27059,27059
gpt-j-6b-fp32,D_pert_asc,0.5,224,134,OPP-LESS,pair4,Q,0.08742046356201172,-0.07922649383544922,632,632
gpt-j-6b-fp32,D_pert_asc,0.5,224,134,OPP-LESS,pair5,P,0.08495903015136719,0.21117401123046875,27059,27059
gpt-j-6b-fp32,D_pert_asc,0.5,224,134,OPP-LESS,pair5,Q,0.19861602783203125,0.032077789306640625,632,19157
gpt-j-6b-fp32,D_pert_asc,0.5,224,134,OPP-LESS,pair6,P,-0.0042057037353515625,0.1539936065673828,27059,27059
gpt-j-6b-fp32,D_pert_asc,0.5,224,134,OPP-LESS,pair6,Q,0.06164264678955078,-0.044798851013183594,632,632
gpt-j-6b-fp32,D_pert_asc,0.5,224,134,OPP-LESS,pair7,P,-0.009490966796875,0.17242431640625,632,632
gpt-j-6b-fp32,D_pert_asc,0.5,224,134,OPP-LESS,pair7,Q,0.11609458923339844,0.02950000762939453,632,632
gpt-j-6b-fp32,D_pert_asc,0.5,224,134,OPP-LESS,pair8,P,0.10301685333251953,0.0605316162109375,1874,27059
gpt-j-6b-fp32,D_pert_asc,0.5,224,134,OPP-LESS,pair8,Q,0.18567943572998047,-0.055149078369140625,1874,1874
gpt-j-6b-fp32,D_pert_asc,0.5,224,134,OPP-LESS,pair9,P,0.10446357727050781,0.04198455810546875,27059,27059
gpt-j-6b-fp32,D_pert_asc,0.5,224,134,OPP-LESS,pair9,Q,0.11923408508300781,-0.05399513244628906,23663,23663
gpt-j-6b-fp32,D_pert_asc,0.5,224,134,MORE-LESS,pair0,P,0.03450298309326172,0.02114582061767578,10255,10255
gpt-j-6b-fp32,D_pert_asc,0.5,224,134,MORE-LESS,pair0,Q,0.02514171600341797,0.005831718444824219,10255,10255
gpt-j-6b-fp32,D_pert_asc,0.5,224,134,MORE-LESS,pair1,P,0.015048980712890625,-0.0020542144775390625,18605,18605
gpt-j-6b-fp32,D_pert_asc,0.5,224,134,MORE-LESS,pair1,Q,0.007982254028320312,-0.006127357482910156,18605,18605
gpt-j-6b-fp32,D_pert_asc,0.5,224,134,MORE-LESS,pair2,P,0.009202003479003906,0.015307426452636719,8038,8038
gpt-j-6b-fp32,D_pert_asc,0.5,224,134,MORE-LESS,pair2,Q,0.00572967529296875,0.0057525634765625,8038,8038
gpt-j-6b-fp32,D_pert_asc,0.5,224,134,MORE-LESS,pair3,P,0.02680683135986328,0.011537551879882812,1234,1234
gpt-j-6b-fp32,D_pert_asc,0.5,224,134,MORE-LESS,pair3,Q,0.028450965881347656,0.008322715759277344,1234,1234
gpt-j-6b-fp32,D_pert_asc,0.5,224,134,MORE-LESS,pair4,P,0.0073032379150390625,0.01486968994140625,23448,23448
gpt-j-6b-fp32,D_pert_asc,0.5,224,134,MORE-LESS,pair4,Q,0.0029001235961914062,0.014883041381835938,23448,23448
gpt-j-6b-fp32,D_pert_asc,0.5,224,134,MORE-LESS,pair5,P,0.030409812927246094,-0.0028486251831054688,969,969
gpt-j-6b-fp32,D_pert_asc,0.5,224,134,MORE-LESS,pair5,Q,0.032248497009277344,-0.0049457550048828125,1426,1426
gpt-j-6b-fp32,D_pert_asc,0.5,224,134,MORE-LESS,pair6,P,0.01242828369140625,0.007518768310546875,6514,6514
gpt-j-6b-fp32,D_pert_asc,0.5,224,134,MORE-LESS,pair6,Q,0.009838104248046875,0.007790565490722656,6514,6514
gpt-j-6b-fp32,D_pert_asc,0.5,224,134,MORE-LESS,pair7,P,-0.0009622573852539062,0.01746654510498047,22111,22111
gpt-j-6b-fp32,D_pert_asc,0.5,224,134,MORE-LESS,pair7,Q,-0.004436492919921875,0.01561737060546875,22111,22111
gpt-j-6b-fp32,D_pert_asc,0.5,224,134,MORE-LESS,pair8,P,0.010439872741699219,-0.0014562606811523438,969,969
gpt-j-6b-fp32,D_pert_asc,0.5,224,134,MORE-LESS,pair8,Q,0.011728286743164062,-0.0011262893676757812,969,969
gpt-j-6b-fp32,D_pert_asc,0.5,224,134,MORE-LESS,pair9,P,0.0006656646728515625,-0.0028743743896484375,34439,34439
gpt-j-6b-fp32,D_pert_asc,0.5,224,134,MORE-LESS,pair9,Q,-0.00466156005859375,-0.0016965866088867188,34439,34439
gpt-j-6b-fp32,diag_rank_asc,0.01,4,4,SAME-OPP,pair0,P,-9.632110595703125e-05,0.000110626220703125,632,632
gpt-j-6b-fp32,diag_rank_asc,0.01,4,4,SAME-OPP,pair0,Q,0.000423431396484375,0.0003185272216796875,39733,39733
gpt-j-6b-fp32,diag_rank_asc,0.01,4,4,SAME-OPP,pair1,P,-0.0009174346923828125,-0.00013256072998046875,27059,27059
gpt-j-6b-fp32,diag_rank_asc,0.01,4,4,SAME-OPP,pair1,Q,0.00032711029052734375,0.0005102157592773438,19157,19157
gpt-j-6b-fp32,diag_rank_asc,0.01,4,4,SAME-OPP,pair2,P,-0.000286102294921875,-0.00021076202392578125,632,632
gpt-j-6b-fp32,diag_rank_asc,0.01,4,4,SAME-OPP,pair2,Q,0.00020503997802734375,-5.817413330078125e-05,632,632
gpt-j-6b-fp32,diag_rank_asc,0.01,4,4,SAME-OPP,pair3,P,-0.00042724609375,2.288818359375e-05,27059,27059
gpt-j-6b-fp32,diag_rank_asc,0.01,4,4,SAME-OPP,pair3,Q,0.00022792816162109375,0.0001583099365234375,632,632
gpt-j-6b-fp32,diag_rank_asc,0.01,4,4,SAME-OPP,pair4,P,-0.000530242919921875,-0.0006427764892578125,27059,27059
gpt-j-6b-fp32,diag_rank_asc,0.01,4,4,SAME-OPP,pair4,Q,0.0001544952392578125,-0.00010585784912109375,632,632
gpt-j-6b-fp32,diag_rank_asc,0.01,4,4,SAME-OPP,pair5,P,-0.000408172607421875,9.822845458984375e-05,27059,27059
gpt-j-6b-fp32,diag_rank_asc,0.01,4,4,SAME-OPP,pair5,Q,0.0006608963012695312,0.00047016143798828125,632,632
gpt-j-6b-fp32,diag_rank_asc,0.01,4,4,SAME-OPP,pair6,P,-0.0004291534423828125,-0.00011348724365234375,27059,27059
gpt-j-6b-fp32,diag_rank_asc,0.01,4,4,SAME-OPP,pair6,Q,0.0001430511474609375,0.00016117095947265625,632,632
gpt-j-6b-fp32,diag_rank_asc,0.01,4,4,SAME-OPP,pair7,P,-0.000247955322265625,-0.000362396240234375,632,632
gpt-j-6b-fp32,diag_rank_asc,0.01,4,4,SAME-OPP,pair7,Q,0.00043487548828125,0.0001621246337890625,632,632
gpt-j-6b-fp32,diag_rank_asc,0.01,4,4,SAME-OPP,pair8,P,-0.0005083084106445312,-0.00022411346435546875,581,581
gpt-j-6b-fp32,diag_rank_asc,0.01,4,4,SAME-OPP,pair8,Q,0.00034809112548828125,0.00027942657470703125,581,581
gpt-j-6b-fp32,diag_rank_asc,0.01,4,4,SAME-OPP,pair9,P,-0.0003795623779296875,-0.000213623046875,27059,27059
gpt-j-6b-fp32,diag_rank_asc,0.01,4,4,SAME-OPP,pair9,Q,0.0003719329833984375,0.0002040863037109375,1928,1928
gpt-j-6b-fp32,diag_rank_asc,0.01,4,4,SAME-MORE,pair0,P,-0.0005331039428710938,0.0017547607421875,632,632
gpt-j-6b-fp32,diag_rank_asc,0.01,4,4,SAME-MORE,pair0,Q,-0.004279136657714844,1.33514404296875e-05,39733,39733
gpt-j-6b-fp32,diag_rank_asc,0.01,4,4,SAME-MORE,pair1,P,-0.00220489501953125,0.0009126663208007812,27059,27059
gpt-j-6b-fp32,diag_rank_asc,0.01,4,4,SAME-MORE,pair1,Q,-0.0012493133544921875,0.0010280609130859375,19157,19157
gpt-j-6b-fp32,diag_rank_asc,0.01,4,4,SAME-MORE,pair2,P,-0.0013589859008789062,-0.004780769348144531,632,632
gpt-j-6b-fp32,diag_rank_asc,0.01,4,4,SAME-MORE,pair2,Q,-0.001041412353515625,-0.00437164306640625,632,632
gpt-j-6b-fp32,diag_rank_asc,0.01,4,4,SAME-MORE,pair3,P,0.0008392333984375,-0.0012769699096679688,27059,27059
gpt-j-6b-fp32,diag_rank_asc,0.01,4,4,SAME-MORE,pair3,Q,-0.00010013580322265625,-0.0015077590942382812,632,632
gpt-j-6b-fp32,diag_rank_asc,0.01,4,4,SAME-MORE,pair4,P,-0.0006933212280273438,-0.0003948211669921875,27059,27059
gpt-j-6b-fp32,diag_rank_asc,0.01,4,4,SAME-MORE,pair4,Q,-0.0004024505615234375,-0.000301361083984375,632,632
gpt-j-6b-fp32,diag_rank_asc,0.01,4,4,SAME-MORE,pair5,P,0.0008068084716796875,0.0009860992431640625,27059,27059
gpt-j-6b-fp32,diag_rank_asc,0.01,4,4,SAME-MORE,pair5,Q,-0.0007982254028320312,-0.000637054443359375,632,632
gpt-j-6b-fp32,diag_rank_asc,0.01,4,4,SAME-MORE,pair6,P,-0.0026750564575195312,0.00035381317138671875,27059,27059
gpt-j-6b-fp32,diag_rank_asc,0.01,4,4,SAME-MORE,pair6,Q,-0.0019969940185546875,0.0006208419799804688,632,632
gpt-j-6b-fp32,diag_rank_asc,0.01,4,4,SAME-MORE,pair7,P,-0.0008344650268554688,0.0021305084228515625,632,632
gpt-j-6b-fp32,diag_rank_asc,0.01,4,4,SAME-MORE,pair7,Q,-0.0015535354614257812,0.00017642974853515625,632,632
gpt-j-6b-fp32,diag_rank_asc,0.01,4,4,SAME-MORE,pair8,P,-0.0015735626220703125,-0.0007543563842773438,581,581
gpt-j-6b-fp32,diag_rank_asc,0.01,4,4,SAME-MORE,pair8,Q,-0.0013360977172851562,-0.0007457733154296875,581,581
gpt-j-6b-fp32,diag_rank_asc,0.01,4,4,SAME-MORE,pair9,P,-0.0014276504516601562,-0.0001373291015625,27059,27059
gpt-j-6b-fp32,diag_rank_asc,0.01,4,4,SAME-MORE,pair9,Q,-0.0014810562133789062,6.67572021484375e-06,1928,1928
gpt-j-6b-fp32,diag_rank_asc,0.01,4,4,SAME-LESS,pair0,P,-0.0009984970092773438,-0.00018596649169921875,632,632
gpt-j-6b-fp32,diag_rank_asc,0.01,4,4,SAME-LESS,pair0,Q,-0.004439353942871094,-0.0029163360595703125,39733,39733
gpt-j-6b-fp32,diag_rank_asc,0.01,4,4,SAME-LESS,pair1,P,-0.0025949478149414062,-0.0001316070556640625,27059,27059
gpt-j-6b-fp32,diag_rank_asc,0.01,4,4,SAME-LESS,pair1,Q,-0.0015287399291992188,-0.0018949508666992188,19157,19157
gpt-j-6b-fp32,diag_rank_asc,0.01,4,4,SAME-LESS,pair2,P,-0.0016508102416992188,-0.0011343955993652344,632,632
gpt-j-6b-fp32,diag_rank_asc,0.01,4,4,SAME-LESS,pair2,Q,-0.001056671142578125,-0.0027103424072265625,632,632
gpt-j-6b-fp32,diag_rank_asc,0.01,4,4,SAME-LESS,pair3,P,0.000545501708984375,-0.0013637542724609375,27059,27059
gpt-j-6b-fp32,diag_rank_asc,0.01,4,4,SAME-LESS,pair3,Q,-0.00011730194091796875,-0.0036182403564453125,632,632
gpt-j-6b-fp32,diag_rank_asc,0.01,4,4,SAME-LESS,pair4,P,-0.0011081695556640625,-0.0028276443481445312,27059,27059
gpt-j-6b-fp32,diag_rank_asc,0.01,4,4,SAME-LESS,pair4,Q,-0.00034999847412109375,-0.0038585662841796875,632,632
gpt-j-6b-fp32,diag_rank_asc,0.01,4,4,SAME-LESS,pair5,P,0.00013446807861328125,0.0012884140014648438,27059,27059
gpt-j-6b-fp32,diag_rank_asc,0.01,4,4,SAME-LESS,pair5,Q,-0.0009698867797851562,-0.0017175674438476562,632,632
gpt-j-6b-fp32,diag_rank_asc,0.01,4,4,SAME-LESS,pair6,P,-0.0031490325927734375,0.000339508056640625,27059,27059
gpt-j-6b-fp32,diag_rank_asc,0.01,4,4,SAME-LESS,pair6,Q,-0.0021514892578125,-0.0023469924926757812,632,632
gpt-j-6b-fp32,diag_rank_asc,0.01,4,4,SAME-LESS,pair7,P,-0.0011320114135742188,0.0019941329956054688,632,632
gpt-j-6b-fp32,diag_rank_asc,0.01,4,4,SAME-LESS,pair7,Q,-0.0015392303466796875,-0.0005331039428710938,632,632
gpt-j-6b-fp32,diag_rank_asc,0.01,4,4,SAME-LESS,pair8,P,-0.0020513534545898438,-0.0017995834350585938,581,581
gpt-j-6b-fp32,diag_rank_asc,0.01,4,4,SAME-LESS,pair8,Q,-0.00152587890625,-0.002536773681640625,581,581
gpt-j-6b-fp32,diag_rank_asc,0.01,4,4,SAME-LESS,pair9,P,-0.0015821456909179688,0.0009555816650390625,27059,27059
gpt-j-6b-fp32,diag_rank_asc,0.01,4,4,SAME-LESS,pair9,Q,-0.0016641616821289062,-0.0009412765502929688,1928,1928
gpt-j-6b-fp32,diag_rank_asc,0.01,4,4,OPP-MORE,pair0,P,-0.0032100677490234375,0.0009183883666992188,632,632
gpt-j-6b-fp32,diag_rank_asc,0.01,4,4,OPP-MORE,pair0,Q,-0.004246711730957031,-8.58306884765625e-05,39733,39733
gpt-j-6b-fp32,diag_rank_asc,0.01,4,4,OPP-MORE,pair1,P,-0.0023374557495117188,0.00029087066650390625,27059,27059
gpt-j-6b-fp32,diag_rank_asc,0.01,4,4,OPP-MORE,pair1,Q,-0.0028209686279296875,0.0008077621459960938,19157,19157
gpt-j-6b-fp32,diag_rank_asc,0.01,4,4,OPP-MORE,pair2,P,-0.0009355545043945312,-0.004910469055175781,27059,27059
gpt-j-6b-fp32,diag_rank_asc,0.01,4,4,OPP-MORE,pair2,Q,-0.0029134750366210938,-0.0044803619384765625,632,632
gpt-j-6b-fp32,diag_rank_asc,0.01,4,4,OPP-MORE,pair3,P,0.0002841949462890625,-0.001129150390625,27059,27059
gpt-j-6b-fp32,diag_rank_asc,0.01,4,4,OPP-MORE,pair3,Q,-0.00033664703369140625,-0.0014190673828125,5930,5930
gpt-j-6b-fp32,diag_rank_asc,0.01,4,4,OPP-MORE,pair4,P,-0.0015592575073242188,-0.0006389617919921875,27059,27059
gpt-j-6b-fp32,diag_rank_asc,0.01,4,4,OPP-MORE,pair4,Q,-0.0011463165283203125,-0.0004177093505859375,632,632
gpt-j-6b-fp32,diag_rank_asc,0.01,4,4,OPP-MORE,pair5,P,-0.0012836456298828125,0.0010280609130859375,27059,27059
gpt-j-6b-fp32,diag_rank_asc,0.01,4,4,OPP-MORE,pair5,Q,-0.00116729736328125,-0.00054931640625,632,632
gpt-j-6b-fp32,diag_rank_asc,0.01,4,4,OPP-MORE,pair6,P,-0.0028820037841796875,0.000507354736328125,27059,27059
gpt-j-6b-fp32,diag_rank_asc,0.01,4,4,OPP-MORE,pair6,Q,-0.0032567977905273438,0.00034809112548828125,632,632
gpt-j-6b-fp32,diag_rank_asc,0.01,4,4,OPP-MORE,pair7,P,-0.003170013427734375,0.0012445449829101562,632,632
gpt-j-6b-fp32,diag_rank_asc,0.01,4,4,OPP-MORE,pair7,Q,-0.0027723312377929688,-0.00039386749267578125,632,632
gpt-j-6b-fp32,diag_rank_asc,0.01,4,4,OPP-MORE,pair8,P,-0.0014333724975585938,-0.0014057159423828125,1874,1874
gpt-j-6b-fp32,diag_rank_asc,0.01,4,4,OPP-MORE,pair8,Q,-0.0010137557983398438,-0.0011043548583984375,1874,1874
gpt-j-6b-fp32,diag_rank_asc,0.01,4,4,OPP-MORE,pair9,P,-0.0009107589721679688,-0.0014963150024414062,27059,27059
gpt-j-6b-fp32,diag_rank_asc,0.01,4,4,OPP-MORE,pair9,Q,-0.0019426345825195312,-0.0012969970703125,23663,23663
gpt-j-6b-fp32,diag_rank_asc,0.01,4,4,OPP-LESS,pair0,P,-0.0031585693359375,-0.000827789306640625,632,632
gpt-j-6b-fp32,diag_rank_asc,0.01,4,4,OPP-LESS,pair0,Q,-0.004467964172363281,-0.0038471221923828125,39733,39733
gpt-j-6b-fp32,diag_rank_asc,0.01,4,4,OPP-LESS,pair1,P,-0.0020818710327148438,0.0001811981201171875,27059,27059
gpt-j-6b-fp32,diag_rank_asc,0.01,4,4,OPP-LESS,pair1,Q,-0.0028867721557617188,-0.0013866424560546875,19157,19157
gpt-j-6b-fp32,diag_rank_asc,0.01,4,4,OPP-LESS,pair2,P,-0.0007238388061523438,-0.00089263916015625,27059,27059
gpt-j-6b-fp32,diag_rank_asc,0.01,4,4,OPP-LESS,pair2,Q,-0.0029773712158203125,-0.0022869110107421875,632,632
gpt-j-6b-fp32,diag_rank_asc,0.01,4,4,OPP-LESS,pair3,P,0.0006256103515625,-0.0005006790161132812,27059,27059
gpt-j-6b-fp32,diag_rank_asc,0.01,4,4,OPP-LESS,pair3,Q,-0.000347137451171875,-0.002880096435546875,5930,5930
gpt-j-6b-fp32,diag_rank_asc,0.01,4,4,OPP-LESS,pair4,P,-0.0014696121215820312,-0.0017995834350585938,27059,27059
gpt-j-6b-fp32,diag_rank_asc,0.01,4,4,OPP-LESS,pair4,Q,-0.0011034011840820312,-0.003987312316894531,632,632
gpt-j-6b-fp32,diag_rank_asc,0.01,4,4,OPP-LESS,pair5,P,-0.0011844635009765625,0.0018587112426757812,27059,27059
gpt-j-6b-fp32,diag_rank_asc,0.01,4,4,OPP-LESS,pair5,Q,-0.0015411376953125,-0.0011653900146484375,632,632
gpt-j-6b-fp32,diag_rank_asc,0.01,4,4,OPP-LESS,pair6,P,-0.002872467041015625,4.00543212890625e-05,27059,27059
gpt-j-6b-fp32,diag_rank_asc,0.01,4,4,OPP-LESS,pair6,Q,-0.003406524658203125,-0.00312042236328125,632,632
gpt-j-6b-fp32,diag_rank_asc,0.01,4,4,OPP-LESS,pair7,P,-0.00318145751953125,0.0024204254150390625,632,632
gpt-j-6b-fp32,diag_rank_asc,0.01,4,4,OPP-LESS,pair7,Q,-0.0030155181884765625,-0.00022029876708984375,632,632
gpt-j-6b-fp32,diag_rank_asc,0.01,4,4,OPP-LESS,pair8,P,-0.0013628005981445312,-0.0018310546875,1874,1874
gpt-j-6b-fp32,diag_rank_asc,0.01,4,4,OPP-LESS,pair8,Q,-0.0013895034790039062,-0.0028839111328125,1874,1874
gpt-j-6b-fp32,diag_rank_asc,0.01,4,4,OPP-LESS,pair9,P,-0.0008592605590820312,0.0015811920166015625,27059,27059
gpt-j-6b-fp32,diag_rank_asc,0.01,4,4,OPP-LESS,pair9,Q,-0.0018739700317382812,-0.0007991790771484375,23663,23663
gpt-j-6b-fp32,diag_rank_asc,0.01,4,4,MORE-LESS,pair0,P,2.574920654296875e-05,-0.0006389617919921875,10255,10255
gpt-j-6b-fp32,diag_rank_asc,0.01,4,4,MORE-LESS,pair0,Q,4.482269287109375e-05,-0.0005331039428710938,10255,10255
gpt-j-6b-fp32,diag_rank_asc,0.01,4,4,MORE-LESS,pair1,P,-0.00029659271240234375,0.0003414154052734375,18605,18605
gpt-j-6b-fp32,diag_rank_asc,0.01,4,4,MORE-LESS,pair1,Q,-0.0002593994140625,0.00032520294189453125,18605,18605
gpt-j-6b-fp32,diag_rank_asc,0.01,4,4,MORE-LESS,pair2,P,-0.00022220611572265625,6.67572021484375e-06,8038,8038
gpt-j-6b-fp32,diag_rank_asc,0.01,4,4,MORE-LESS,pair2,Q,-0.0001697540283203125,2.574920654296875e-05,8038,8038
gpt-j-6b-fp32,diag_rank_asc,0.01,4,4,MORE-LESS,pair3,P,7.152557373046875e-05,5.53131103515625e-05,1234,1234
gpt-j-6b-fp32,diag_rank_asc,0.01,4,4,MORE-LESS,pair3,Q,0.0001811981201171875,0.000102996826171875,1234,1234
gpt-j-6b-fp32,diag_rank_asc,0.01,4,4,MORE-LESS,pair4,P,0.00011920928955078125,-3.719329833984375e-05,23448,23448
gpt-j-6b-fp32,diag_rank_asc,0.01,4,4,MORE-LESS,pair4,Q,0.00028324127197265625,6.008148193359375e-05,23448,23448
gpt-j-6b-fp32,diag_rank_asc,0.01,4,4,MORE-LESS,pair5,P,0.00017070770263671875,6.29425048828125e-05,969,969
gpt-j-6b-fp32,diag_rank_asc,0.01,4,4,MORE-LESS,pair5,Q,0.00029468536376953125,0.0001468658447265625,1426,1426
gpt-j-6b-fp32,diag_rank_asc,0.01,4,4,MORE-LESS,pair6,P,0.00020694732666015625,-0.000110626220703125,6514,6514
gpt-j-6b-fp32,diag_rank_asc,0.01,4,4,MORE-LESS,pair6,Q,0.0002231597900390625,-4.482269287109375e-05,6514,6514
gpt-j-6b-fp32,diag_rank_asc,0.01,4,4,MORE-LESS,pair7,P,-0.00023365020751953125,-7.152557373046875e-05,22111,22111
gpt-j-6b-fp32,diag_rank_asc,0.01,4,4,MORE-LESS,pair7,Q,-0.0002899169921875,-9.1552734375e-05,22111,22111
gpt-j-6b-fp32,diag_rank_asc,0.01,4,4,MORE-LESS,pair8,P,7.62939453125e-05,-3.910064697265625e-05,969,969
gpt-j-6b-fp32,diag_rank_asc,0.01,4,4,MORE-LESS,pair8,Q,0.000118255615234375,-7.915496826171875e-05,969,969
gpt-j-6b-fp32,diag_rank_asc,0.01,4,4,MORE-LESS,pair9,P,0.000244140625,3.910064697265625e-05,34439,34439
gpt-j-6b-fp32,diag_rank_asc,0.01,4,4,MORE-LESS,pair9,Q,0.0002994537353515625,0.00020503997802734375,34439,34439
gpt-j-6b-fp32,diag_rank_asc,0.03,13,13,SAME-OPP,pair0,P,-0.0023250579833984375,0.0016241073608398438,632,632
gpt-j-6b-fp32,diag_rank_asc,0.03,13,13,SAME-OPP,pair0,Q,0.001010894775390625,0.0009069442749023438,39733,39733
gpt-j-6b-fp32,diag_rank_asc,0.03,13,13,SAME-OPP,pair1,P,-0.0050811767578125,0.0011272430419921875,27059,27059
gpt-j-6b-fp32,diag_rank_asc,0.03,13,13,SAME-OPP,pair1,Q,0.000179290771484375,0.0018463134765625,19157,19157
gpt-j-6b-fp32,diag_rank_asc,0.03,13,13,SAME-OPP,pair2,P,-0.0009164810180664062,0.0005445480346679688,632,632
gpt-j-6b-fp32,diag_rank_asc,0.03,13,13,SAME-OPP,pair2,Q,0.0018825531005859375,0.0011653900146484375,632,632
gpt-j-6b-fp32,diag_rank_asc,0.03,13,13,SAME-OPP,pair3,P,-0.0021524429321289062,0.001537322998046875,27059,27059
gpt-j-6b-fp32,diag_rank_asc,0.03,13,13,SAME-OPP,pair3,Q,0.0004024505615234375,0.0015535354614257812,632,632
gpt-j-6b-fp32,diag_rank_asc,0.03,13,13,SAME-OPP,pair4,P,-0.0015363693237304688,0.00030994415283203125,27059,27059
gpt-j-6b-fp32,diag_rank_asc,0.03,13,13,SAME-OPP,pair4,Q,-0.0004634857177734375,0.0010204315185546875,632,632
gpt-j-6b-fp32,diag_rank_asc,0.03,13,13,SAME-OPP,pair5,P,-0.0021047592163085938,0.001861572265625,27059,27059
gpt-j-6b-fp32,diag_rank_asc,0.03,13,13,SAME-OPP,pair5,Q,0.0013637542724609375,0.0019769668579101562,632,632
gpt-j-6b-fp32,diag_rank_asc,0.03,13,13,SAME-OPP,pair6,P,-0.0033273696899414062,0.0015087127685546875,27059,27059
gpt-j-6b-fp32,diag_rank_asc,0.03,13,13,SAME-OPP,pair6,Q,0.0005168914794921875,0.0013227462768554688,632,632
gpt-j-6b-fp32,diag_rank_asc,0.03,13,13,SAME-OPP,pair7,P,-0.0032987594604492188,0.0009241104125976562,632,632
gpt-j-6b-fp32,diag_rank_asc,0.03,13,13,SAME-OPP,pair7,Q,-0.00031948089599609375,0.001598358154296875,632,632
gpt-j-6b-fp32,diag_rank_asc,0.03,13,13,SAME-OPP,pair8,P,-0.00274658203125,0.00043201446533203125,581,581
gpt-j-6b-fp32,diag_rank_asc,0.03,13,13,SAME-OPP,pair8,Q,0.000141143798828125,0.0017404556274414062,581,581
gpt-j-6b-fp32,diag_rank_asc,0.03,13,13,SAME-OPP,pair9,P,-0.0028066635131835938,0.0012578964233398438,27059,27059
gpt-j-6b-fp32,diag_rank_asc,0.03,13,13,SAME-OPP,pair9,Q,-0.0015535354614257812,0.0017881393432617188,1928,1928
gpt-j-6b-fp32,diag_rank_asc,0.03,13,13,SAME-MORE,pair0,P,0.0032072067260742188,0.0019388198852539062,632,632
gpt-j-6b-fp32,diag_rank_asc,0.03,13,13,SAME-MORE,pair0,Q,-0.0018682479858398438,-0.007282257080078125,39733,39733
gpt-j-6b-fp32,diag_rank_asc,0.03,13,13,SAME-MORE,pair1,P,-0.0042133331298828125,-0.0010099411010742188,27059,27059
gpt-j-6b-fp32,diag_rank_asc,0.03,13,13,SAME-MORE,pair1,Q,0.004536628723144531,-0.008869171142578125,19157,19157
gpt-j-6b-fp32,diag_rank_asc,0.03,13,13,SAME-MORE,pair2,P,-0.001312255859375,-0.012549400329589844,632,632
gpt-j-6b-fp32,diag_rank_asc,0.03,13,13,SAME-MORE,pair2,Q,0.007473945617675781,-0.026183128356933594,632,632
gpt-j-6b-fp32,diag_rank_asc,0.03,13,13,SAME-MORE,pair3,P,-4.76837158203125e-06,0.0012493133544921875,27059,27059
gpt-j-6b-fp32,diag_rank_asc,0.03,13,13,SAME-MORE,pair3,Q,-0.0010156631469726562,-0.001953125,632,632
gpt-j-6b-fp32,diag_rank_asc,0.03,13,13,SAME-MORE,pair4,P,-0.0023202896118164062,-0.0035161972045898438,27059,27059
gpt-j-6b-fp32,diag_rank_asc,0.03,13,13,SAME-MORE,pair4,Q,0.0016880035400390625,-0.0047512054443359375,632,632
gpt-j-6b-fp32,diag_rank_asc,0.03,13,13,SAME-MORE,pair5,P,0.0061054229736328125,0.0023317337036132812,27059,27059
gpt-j-6b-fp32,diag_rank_asc,0.03,13,13,SAME-MORE,pair5,Q,-9.632110595703125e-05,-0.003841400146484375,632,632
gpt-j-6b-fp32,diag_rank_asc,0.03,13,13,SAME-MORE,pair6,P,-0.004420280456542969,0.0003681182861328125,27059,27059
gpt-j-6b-fp32,diag_rank_asc,0.03,13,13,SAME-MORE,pair6,Q,-0.0017175674438476562,-0.014293670654296875,632,632
gpt-j-6b-fp32,diag_rank_asc,0.03,13,13,SAME-MORE,pair7,P,0.0006103515625,0.0065059661865234375,632,632
gpt-j-6b-fp32,diag_rank_asc,0.03,13,13,SAME-MORE,pair7,Q,-0.0009069442749023438,-0.0016298294067382812,632,632
gpt-j-6b-fp32,diag_rank_asc,0.03,13,13,SAME-MORE,pair8,P,0.0017948150634765625,-0.004679679870605469,581,581
gpt-j-6b-fp32,diag_rank_asc,0.03,13,13,SAME-MORE,pair8,Q,-0.001720428466796875,-0.005906105041503906,581,581
gpt-j-6b-fp32,diag_rank_asc,0.03,13,13,SAME-MORE,pair9,P,-0.0026760101318359375,0.004391670227050781,27059,27059
gpt-j-6b-fp32,diag_rank_asc,0.03,13,13,SAME-MORE,pair9,Q,-0.00048828125,-0.00018596649169921875,1928,1928
gpt-j-6b-fp32,diag_rank_asc,0.03,13,13,SAME-LESS,pair0,P,0.0027399063110351562,-0.00788116455078125,632,632
gpt-j-6b-fp32,diag_rank_asc,0.03,13,13,SAME-LESS,pair0,Q,0.0010356903076171875,-0.008237838745117188,39733,39733
gpt-j-6b-fp32,diag_rank_asc,0.03,13,13,SAME-LESS,pair1,P,-0.0043277740478515625,-0.01635265350341797,27059,27059
gpt-j-6b-fp32,diag_rank_asc,0.03,13,13,SAME-LESS,pair1,Q,0.0056819915771484375,-0.02153301239013672,19157,19157
gpt-j-6b-fp32,diag_rank_asc,0.03,13,13,SAME-LESS,pair2,P,-0.002101898193359375,-0.0411076545715332,632,632
gpt-j-6b-fp32,diag_rank_asc,0.03,13,13,SAME-LESS,pair2,Q,0.008922576904296875,-0.06050395965576172,632,632
gpt-j-6b-fp32,diag_rank_asc,0.03,13,13,SAME-LESS,pair3,P,-0.00041866302490234375,-0.0015039443969726562,27059,27059
gpt-j-6b-fp32,diag_rank_asc,0.03,13,13,SAME-LESS,pair3,Q,0.000102996826171875,-0.004085540771484375,632,632
gpt-j-6b-fp32,diag_rank_asc,0.03,13,13,SAME-LESS,pair4,P,-0.00140380859375,-0.029989242553710938,27059,27059
gpt-j-6b-fp32,diag_rank_asc,0.03,13,13,SAME-LESS,pair4,Q,0.0040435791015625,-0.03270435333251953,632,632
gpt-j-6b-fp32,diag_rank_asc,0.03,13,13,SAME-LESS,pair5,P,0.0051670074462890625,-0.0035066604614257812,27059,27059
gpt-j-6b-fp32,diag_rank_asc,0.03,13,13,SAME-LESS,pair5,Q,0.001312255859375,-0.006137847900390625,632,632
gpt-j-6b-fp32,diag_rank_asc,0.03,13,13,SAME-LESS,pair6,P,-0.0043811798095703125,-0.009409904479980469,27059,27059
gpt-j-6b-fp32,diag_rank_asc,0.03,13,13,SAME-LESS,pair6,Q,0.00017547607421875,-0.022516250610351562,632,632
gpt-j-6b-fp32,diag_rank_asc,0.03,13,13,SAME-LESS,pair7,P,0.0008459091186523438,-0.0022640228271484375,632,632
gpt-j-6b-fp32,diag_rank_asc,0.03,13,13,SAME-LESS,pair7,Q,0.0006990432739257812,-0.0022287368774414062,632,632
gpt-j-6b-fp32,diag_rank_asc,0.03,13,13,SAME-LESS,pair8,P,0.001873016357421875,-0.0007524490356445312,581,581
gpt-j-6b-fp32,diag_rank_asc,0.03,13,13,SAME-LESS,pair8,Q,-0.0004119873046875,-0.00402069091796875,581,581
gpt-j-6b-fp32,diag_rank_asc,0.03,13,13,SAME-LESS,pair9,P,-0.0019388198852539062,-0.007511138916015625,27059,27059
gpt-j-6b-fp32,diag_rank_asc,0.03,13,13,SAME-LESS,pair9,Q,0.0006847381591796875,-0.01055908203125,1928,1928
gpt-j-6b-fp32,diag_rank_asc,0.03,13,13,OPP-MORE,pair0,P,0.0066165924072265625,0.002910614013671875,632,632
gpt-j-6b-fp32,diag_rank_asc,0.03,13,13,OPP-MORE,pair0,Q,-0.003261566162109375,-0.006405830383300781,39733,39733
gpt-j-6b-fp32,diag_rank_asc,0.03,13,13,OPP-MORE,pair1,P,0.00457000732421875,0.0022993087768554688,27059,27059
gpt-j-6b-fp32,diag_rank_asc,0.03,13,13,OPP-MORE,pair1,Q,-0.00033283233642578125,-0.005639076232910156,19157,19157
gpt-j-6b-fp32,diag_rank_asc,0.03,13,13,OPP-MORE,pair2,P,0.0019931793212890625,-0.014605522155761719,27059,27059
gpt-j-6b-fp32,diag_rank_asc,0.03,13,13,OPP-MORE,pair2,Q,-0.0111541748046875,-0.026472091674804688,632,632
gpt-j-6b-fp32,diag_rank_asc,0.03,13,13,OPP-MORE,pair3,P,0.0019941329956054688,1.9073486328125e-05,27059,27059
gpt-j-6b-fp32,diag_rank_asc,0.03,13,13,OPP-MORE,pair3,Q,0.0005636215209960938,-0.0027875900268554688,5930,5930
gpt-j-6b-fp32,diag_rank_asc,0.03,13,13,OPP-MORE,pair4,P,0.0009918212890625,-0.0023708343505859375,27059,27059
gpt-j-6b-fp32,diag_rank_asc,0.03,13,13,OPP-MORE,pair4,Q,-0.001453399658203125,-0.0036945343017578125,632,632
gpt-j-6b-fp32,diag_rank_asc,0.03,13,13,OPP-MORE,pair5,P,0.004241943359375,0.00444793701171875,27059,27059
gpt-j-6b-fp32,diag_rank_asc,0.03,13,13,OPP-MORE,pair5,Q,-0.00029277801513671875,-0.0026082992553710938,632,632
gpt-j-6b-fp32,diag_rank_asc,0.03,13,13,OPP-MORE,pair6,P,0.0020627975463867188,0.0038633346557617188,27059,27059
gpt-j-6b-fp32,diag_rank_asc,0.03,13,13,OPP-MORE,pair6,Q,-0.0034170150756835938,-0.011986732482910156,632,632
gpt-j-6b-fp32,diag_rank_asc,0.03,13,13,OPP-MORE,pair7,P,-0.0013904571533203125,0.005915641784667969,632,632
gpt-j-6b-fp32,diag_rank_asc,0.03,13,13,OPP-MORE,pair7,Q,-0.003017425537109375,-0.002925872802734375,632,632
gpt-j-6b-fp32,diag_rank_asc,0.03,13,13,OPP-MORE,pair8,P,0.0024671554565429688,-0.0034799575805664062,1874,1874
gpt-j-6b-fp32,diag_rank_asc,0.03,13,13,OPP-MORE,pair8,Q,-0.0026330947875976562,-0.0053615570068359375,1874,1874
gpt-j-6b-fp32,diag_rank_asc,0.03,13,13,OPP-MORE,pair9,P,0.00225830078125,0.005188941955566406,27059,27059
gpt-j-6b-fp32,diag_rank_asc,0.03,13,13,OPP-MORE,pair9,Q,-0.0023374557495117188,0.0010557174682617188,23663,23663
gpt-j-6b-fp32,diag_rank_asc,0.03,13,13,OPP-LESS,pair0,P,0.008831977844238281,-0.0072078704833984375,632,632
gpt-j-6b-fp32,diag_rank_asc,0.03,13,13,OPP-LESS,pair0,Q,-0.0019922256469726562,-0.008398056030273438,39733,39733
gpt-j-6b-fp32,diag_rank_asc,0.03,13,13,OPP-LESS,pair1,P,0.00577545166015625,-0.010601997375488281,27059,27059
gpt-j-6b-fp32,diag_rank_asc,0.03,13,13,OPP-LESS,pair1,Q,-9.059906005859375e-05,-0.016620635986328125,19157,19157
gpt-j-6b-fp32,diag_rank_asc,0.03,13,13,OPP-LESS,pair2,P,0.0022907257080078125,-0.04314088821411133,27059,27059
gpt-j-6b-fp32,diag_rank_asc,0.03,13,13,OPP-LESS,pair2,Q,-0.011561393737792969,-0.058624267578125,632,632
gpt-j-6b-fp32,diag_rank_asc,0.03,13,13,OPP-LESS,pair3,P,0.0024967193603515625,-0.0013523101806640625,27059,27059
gpt-j-6b-fp32,diag_rank_asc,0.03,13,13,OPP-LESS,pair3,Q,0.00028133392333984375,-0.0037670135498046875,5930,5930
gpt-j-6b-fp32,diag_rank_asc,0.03,13,13,OPP-LESS,pair4,P,0.0025472640991210938,-0.025167465209960938,27059,27059
gpt-j-6b-fp32,diag_rank_asc,0.03,13,13,OPP-LESS,pair4,Q,-0.000843048095703125,-0.02855968475341797,632,632
gpt-j-6b-fp32,diag_rank_asc,0.03,13,13,OPP-LESS,pair5,P,0.00502777099609375,-0.003978729248046875,27059,27059
gpt-j-6b-fp32,diag_rank_asc,0.03,13,13,OPP-LESS,pair5,Q,-0.0015230178833007812,-0.0066814422607421875,632,632
gpt-j-6b-fp32,diag_rank_asc,0.03,13,13,OPP-LESS,pair6,P,0.002685546875,-0.0046329498291015625,27059,27059
gpt-j-6b-fp32,diag_rank_asc,0.03,13,13,OPP-LESS,pair6,Q,-0.0035982131958007812,-0.018468856811523438,632,632
gpt-j-6b-fp32,diag_rank_asc,0.03,13,13,OPP-LESS,pair7,P,-0.0003185272216796875,-0.0003643035888671875,632,632
gpt-j-6b-fp32,diag_rank_asc,0.03,13,13,OPP-LESS,pair7,Q,-0.0032415390014648438,-0.00116729736328125,632,632
gpt-j-6b-fp32,diag_rank_asc,0.03,13,13,OPP-LESS,pair8,P,0.0034694671630859375,-0.0006723403930664062,1874,1874
gpt-j-6b-fp32,diag_rank_asc,0.03,13,13,OPP-LESS,pair8,Q,-0.003009796142578125,-0.004233360290527344,1874,1874
gpt-j-6b-fp32,diag_rank_asc,0.03,13,13,OPP-LESS,pair9,P,0.002838134765625,-0.0011720657348632812,27059,27059
gpt-j-6b-fp32,diag_rank_asc,0.03,13,13,OPP-LESS,pair9,Q,-0.0020875930786132812,-0.006154060363769531,23663,23663
gpt-j-6b-fp32,diag_rank_asc,0.03,13,13,MORE-LESS,pair0,P,0.0003185272216796875,-0.00041103363037109375,10255,10255
gpt-j-6b-fp32,diag_rank_asc,0.03,13,13,MORE-LESS,pair0,Q,-8.678436279296875e-05,-0.00048542022705078125,10255,10255
gpt-j-6b-fp32,diag_rank_asc,0.03,13,13,MORE-LESS,pair1,P,0.0005254745483398438,-0.001377105712890625,18605,18605
gpt-j-6b-fp32,diag_rank_asc,0.03,13,13,MORE-LESS,pair1,Q,0.001377105712890625,-0.0011510848999023438,18605,18605
gpt-j-6b-fp32,diag_rank_asc,0.03,13,13,MORE-LESS,pair2,P,0.0010166168212890625,-0.006649971008300781,8038,8038
gpt-j-6b-fp32,diag_rank_asc,0.03,13,13,MORE-LESS,pair2,Q,0.0007219314575195312,-0.005825042724609375,8038,8038
gpt-j-6b-fp32,diag_rank_asc,0.03,13,13,MORE-LESS,pair3,P,0.0009937286376953125,0.00060272216796875,1234,1234
gpt-j-6b-fp32,diag_rank_asc,0.03,13,13,MORE-LESS,pair3,Q,0.0018901824951171875,0.0009870529174804688,1234,1234
gpt-j-6b-fp32,diag_rank_asc,0.03,13,13,MORE-LESS,pair4,P,0.0014734268188476562,0.0008697509765625,23448,23448
gpt-j-6b-fp32,diag_rank_asc,0.03,13,13,MORE-LESS,pair4,Q,0.0017805099487304688,0.0029306411743164062,23448,23448
gpt-j-6b-fp32,diag_rank_asc,0.03,13,13,MORE-LESS,pair5,P,0.001209259033203125,-0.00022125244140625,969,969
gpt-j-6b-fp32,diag_rank_asc,0.03,13,13,MORE-LESS,pair5,Q,0.0018634796142578125,0.0006256103515625,1426,1426
gpt-j-6b-fp32,diag_rank_asc,0.03,13,13,MORE-LESS,pair6,P,0.0016374588012695312,-0.0012025833129882812,6514,6514
gpt-j-6b-fp32,diag_rank_asc,0.03,13,13,MORE-LESS,pair6,Q,0.0021123886108398438,-0.0005359649658203125,6514,6514
gpt-j-6b-fp32,diag_rank_asc,0.03,13,13,MORE-LESS,pair7,P,-0.00022029876708984375,-0.0003986358642578125,22111,22111
gpt-j-6b-fp32,diag_rank_asc,0.03,13,13,MORE-LESS,pair7,Q,1.71661376953125e-05,-0.0002079010009765625,22111,22111
gpt-j-6b-fp32,diag_rank_asc,0.03,13,13,MORE-LESS,pair8,P,0.0005207061767578125,0.0010471343994140625,969,969
gpt-j-6b-fp32,diag_rank_asc,0.03,13,13,MORE-LESS,pair8,Q,0.0006875991821289062,0.0012416839599609375,969,969
gpt-j-6b-fp32,diag_rank_asc,0.03,13,13,MORE-LESS,pair9,P,0.00194549560546875,-0.0022134780883789062,34439,34439
gpt-j-6b-fp32,diag_rank_asc,0.03,13,13,MORE-LESS,pair9,Q,0.0025653839111328125,-0.0015201568603515625,34439,34439
gpt-j-6b-fp32,diag_rank_asc,0.05,22,22,SAME-OPP,pair0,P,-0.004460334777832031,-0.00115203857421875,632,632
gpt-j-6b-fp32,diag_rank_asc,0.05,22,22,SAME-OPP,pair0,Q,-0.0031890869140625,-0.00040912628173828125,39733,39733
gpt-j-6b-fp32,diag_rank_asc,0.05,22,22,SAME-OPP,pair1,P,-0.007380485534667969,-0.00086212158203125,27059,27059
gpt-j-6b-fp32,diag_rank_asc,0.05,22,22,SAME-OPP,pair1,Q,-0.0023403167724609375,0.001247406005859375,19157,19157
gpt-j-6b-fp32,diag_rank_asc,0.05,22,22,SAME-OPP,pair2,P,-0.0020017623901367188,-0.000698089599609375,632,632
gpt-j-6b-fp32,diag_rank_asc,0.05,22,22,SAME-OPP,pair2,Q,0.000476837158203125,0.0007429122924804688,632,632
gpt-j-6b-fp32,diag_rank_asc,0.05,22,22,SAME-OPP,pair3,P,-0.0037221908569335938,-0.00038909912109375,27059,27059
gpt-j-6b-fp32,diag_rank_asc,0.05,22,22,SAME-OPP,pair3,Q,1.1444091796875e-05,0.001644134521484375,632,632
gpt-j-6b-fp32,diag_rank_asc,0.05,22,22,SAME-OPP,pair4,P,-0.0038270950317382812,-0.00231170654296875,27059,27059
gpt-j-6b-fp32,diag_rank_asc,0.05,22,22,SAME-OPP,pair4,Q,-0.004460334777832031,-0.000736236572265625,632,632
gpt-j-6b-fp32,diag_rank_asc,0.05,22,22,SAME-OPP,pair5,P,-0.004192352294921875,3.337860107421875e-05,27059,27059
gpt-j-6b-fp32,diag_rank_asc,0.05,22,22,SAME-OPP,pair5,Q,-0.00015163421630859375,0.0010404586791992188,632,632
gpt-j-6b-fp32,diag_rank_asc,0.05,22,22,SAME-OPP,pair6,P,-0.0030107498168945312,0.00043392181396484375,27059,27059
gpt-j-6b-fp32,diag_rank_asc,0.05,22,22,SAME-OPP,pair6,Q,-0.000823974609375,0.0008096694946289062,632,632
gpt-j-6b-fp32,diag_rank_asc,0.05,22,22,SAME-OPP,pair7,P,-0.004508018493652344,-0.0017194747924804688,632,632
gpt-j-6b-fp32,diag_rank_asc,0.05,22,22,SAME-OPP,pair7,Q,-0.0008249282836914062,0.0015230178833007812,632,632
gpt-j-6b-fp32,diag_rank_asc,0.05,22,22,SAME-OPP,pair8,P,-0.004227638244628906,-0.0009794235229492188,581,581
gpt-j-6b-fp32,diag_rank_asc,0.05,22,22,SAME-OPP,pair8,Q,-0.0024614334106445312,0.0027742385864257812,581,581
gpt-j-6b-fp32,diag_rank_asc,0.05,22,22,SAME-OPP,pair9,P,-0.005534172058105469,-0.00020313262939453125,27059,27059
gpt-j-6b-fp32,diag_rank_asc,0.05,22,22,SAME-OPP,pair9,Q,-0.004422187805175781,0.00027751922607421875,1928,1928
gpt-j-6b-fp32,diag_rank_asc,0.05,22,22,SAME-MORE,pair0,P,0.011916160583496094,0.006314277648925781,632,632
gpt-j-6b-fp32,diag_rank_asc,0.05,22,22,SAME-MORE,pair0,Q,-0.004283905029296875,-0.0015058517456054688,39733,39733
gpt-j-6b-fp32,diag_rank_asc,0.05,22,22,SAME-MORE,pair1,P,0.009366989135742188,-0.004303932189941406,27059,27059
gpt-j-6b-fp32,diag_rank_asc,0.05,22,22,SAME-MORE,pair1,Q,0.010662078857421875,-0.01456451416015625,19157,19157
gpt-j-6b-fp32,diag_rank_asc,0.05,22,22,SAME-MORE,pair2,P,0.016493797302246094,-0.01760387420654297,632,632
gpt-j-6b-fp32,diag_rank_asc,0.05,22,22,SAME-MORE,pair2,Q,0.019550323486328125,-0.03030109405517578,632,632
gpt-j-6b-fp32,diag_rank_asc,0.05,22,22,SAME-MORE,pair3,P,-0.0017938613891601562,-0.010967254638671875,27059,27059
gpt-j-6b-fp32,diag_rank_asc,0.05,22,22,SAME-MORE,pair3,Q,0.007021903991699219,-0.008051872253417969,632,632
gpt-j-6b-fp32,diag_rank_asc,0.05,22,22,SAME-MORE,pair4,P,0.00606536865234375,-0.007668495178222656,27059,27059
gpt-j-6b-fp32,diag_rank_asc,0.05,22,22,SAME-MORE,pair4,Q,0.015341758728027344,-0.02074718475341797,632,632
gpt-j-6b-fp32,diag_rank_asc,0.05,22,22,SAME-MORE,pair5,P,0.010477066040039062,0.0074462890625,27059,27059
gpt-j-6b-fp32,diag_rank_asc,0.05,22,22,SAME-MORE,pair5,Q,0.004464149475097656,-0.013514518737792969,632,632
gpt-j-6b-fp32,diag_rank_asc,0.05,22,22,SAME-MORE,pair6,P,0.009244918823242188,-0.000446319580078125,27059,27059
gpt-j-6b-fp32,diag_rank_asc,0.05,22,22,SAME-MORE,pair6,Q,0.008624076843261719,-0.03315448760986328,632,632
gpt-j-6b-fp32,diag_rank_asc,0.05,22,22,SAME-MORE,pair7,P,0.013702392578125,0.009106636047363281,632,632
gpt-j-6b-fp32,diag_rank_asc,0.05,22,22,SAME-MORE,pair7,Q,0.008038520812988281,-0.0036268234252929688,632,632
gpt-j-6b-fp32,diag_rank_asc,0.05,22,22,SAME-MORE,pair8,P,0.017762184143066406,0.025190353393554688,581,581
gpt-j-6b-fp32,diag_rank_asc,0.05,22,22,SAME-MORE,pair8,Q,0.00276947021484375,0.0056781768798828125,581,581
gpt-j-6b-fp32,diag_rank_asc,0.05,22,22,SAME-MORE,pair9,P,0.011585235595703125,0.014185905456542969,27059,27059
gpt-j-6b-fp32,diag_rank_asc,0.05,22,22,SAME-MORE,pair9,Q,0.008543968200683594,-0.005669593811035156,1928,1928
gpt-j-6b-fp32,diag_rank_asc,0.05,22,22,SAME-LESS,pair0,P,0.012506484985351562,0.017614364624023438,632,632
gpt-j-6b-fp32,diag_rank_asc,0.05,22,22,SAME-LESS,pair0,Q,6.103515625e-05,-0.005347251892089844,39733,39733
gpt-j-6b-fp32,diag_rank_asc,0.05,22,22,SAME-LESS,pair1,P,0.010836601257324219,-0.013093948364257812,27059,27059
gpt-j-6b-fp32,diag_rank_asc,0.05,22,22,SAME-LESS,pair1,Q,0.0140838623046875,-0.03652381896972656,19157,19157
gpt-j-6b-fp32,diag_rank_asc,0.05,22,22,SAME-LESS,pair2,P,0.015300750732421875,-0.04949760437011719,632,632
gpt-j-6b-fp32,diag_rank_asc,0.05,22,22,SAME-LESS,pair2,Q,0.022329330444335938,-0.0682210922241211,632,632
gpt-j-6b-fp32,diag_rank_asc,0.05,22,22,SAME-LESS,pair3,P,-0.002292633056640625,0.011870384216308594,27059,27059
gpt-j-6b-fp32,diag_rank_asc,0.05,22,22,SAME-LESS,pair3,Q,0.010491371154785156,-0.00893402099609375,632,632
gpt-j-6b-fp32,diag_rank_asc,0.05,22,22,SAME-LESS,pair4,P,0.007143974304199219,-0.04192352294921875,27059,27059
gpt-j-6b-fp32,diag_rank_asc,0.05,22,22,SAME-LESS,pair4,Q,0.01970386505126953,-0.05876350402832031,632,632
gpt-j-6b-fp32,diag_rank_asc,0.05,22,22,SAME-LESS,pair5,P,0.009805679321289062,0.0011777877807617188,27059,27059
gpt-j-6b-fp32,diag_rank_asc,0.05,22,22,SAME-LESS,pair5,Q,0.008954048156738281,-0.020687103271484375,632,632
gpt-j-6b-fp32,diag_rank_asc,0.05,22,22,SAME-LESS,pair6,P,0.010740280151367188,0.014993667602539062,27059,27059
gpt-j-6b-fp32,diag_rank_asc,0.05,22,22,SAME-LESS,pair6,Q,0.013126373291015625,-0.026268959045410156,632,632
gpt-j-6b-fp32,diag_rank_asc,0.05,22,22,SAME-LESS,pair7,P,0.013147354125976562,-0.00039577484130859375,632,632
gpt-j-6b-fp32,diag_rank_asc,0.05,22,22,SAME-LESS,pair7,Q,0.009596824645996094,-0.00726318359375,632,632
gpt-j-6b-fp32,diag_rank_asc,0.05,22,22,SAME-LESS,pair8,P,0.01840972900390625,-0.0005788803100585938,581,581
gpt-j-6b-fp32,diag_rank_asc,0.05,22,22,SAME-LESS,pair8,Q,0.006129264831542969,-0.021459579467773438,581,581
gpt-j-6b-fp32,diag_rank_asc,0.05,22,22,SAME-LESS,pair9,P,0.012523651123046875,-0.0023469924926757812,27059,27059
gpt-j-6b-fp32,diag_rank_asc,0.05,22,22,SAME-LESS,pair9,Q,0.012647628784179688,-0.02264881134033203,1928,1928
gpt-j-6b-fp32,diag_rank_asc,0.05,22,22,OPP-MORE,pair0,P,0.015554428100585938,0.006741523742675781,632,632
gpt-j-6b-fp32,diag_rank_asc,0.05,22,22,OPP-MORE,pair0,Q,-0.0014753341674804688,-0.00041294097900390625,39733,39733
gpt-j-6b-fp32,diag_rank_asc,0.05,22,22,OPP-MORE,pair1,P,0.02441692352294922,-0.0036535263061523438,27059,27059
gpt-j-6b-fp32,diag_rank_asc,0.05,22,22,OPP-MORE,pair1,Q,0.014293670654296875,-0.014700889587402344,19157,19157
gpt-j-6b-fp32,diag_rank_asc,0.05,22,22,OPP-MORE,pair2,P,0.018545150756835938,-0.015481948852539062,27059,27059
gpt-j-6b-fp32,diag_rank_asc,0.05,22,22,OPP-MORE,pair2,Q,0.00479888916015625,-0.030617713928222656,632,632
gpt-j-6b-fp32,diag_rank_asc,0.05,22,22,OPP-MORE,pair3,P,0.01602649688720703,-0.01404571533203125,27059,27059
gpt-j-6b-fp32,diag_rank_asc,0.05,22,22,OPP-MORE,pair3,Q,0.0048351287841796875,-0.010262489318847656,5930,5930
gpt-j-6b-fp32,diag_rank_asc,0.05,22,22,OPP-MORE,pair4,P,0.024959564208984375,-0.0023279190063476562,27059,27059
gpt-j-6b-fp32,diag_rank_asc,0.05,22,22,OPP-MORE,pair4,Q,0.01830577850341797,-0.016082763671875,632,632
gpt-j-6b-fp32,diag_rank_asc,0.05,22,22,OPP-MORE,pair5,P,0.015414237976074219,0.007515907287597656,27059,27059
gpt-j-6b-fp32,diag_rank_asc,0.05,22,22,OPP-MORE,pair5,Q,0.005410194396972656,-0.010473251342773438,632,632
gpt-j-6b-fp32,diag_rank_asc,0.05,22,22,OPP-MORE,pair6,P,0.014458656311035156,0.004017829895019531,27059,27059
gpt-j-6b-fp32,diag_rank_asc,0.05,22,22,OPP-MORE,pair6,Q,0.0109100341796875,-0.030162811279296875,632,632
gpt-j-6b-fp32,diag_rank_asc,0.05,22,22,OPP-MORE,pair7,P,0.016610145568847656,0.008922576904296875,632,632
gpt-j-6b-fp32,diag_rank_asc,0.05,22,22,OPP-MORE,pair7,Q,0.008747100830078125,-0.004229545593261719,632,632
gpt-j-6b-fp32,diag_rank_asc,0.05,22,22,OPP-MORE,pair8,P,0.016165733337402344,0.012746810913085938,1874,1874
gpt-j-6b-fp32,diag_rank_asc,0.05,22,22,OPP-MORE,pair8,Q,0.004704475402832031,-0.0032777786254882812,1874,1874
gpt-j-6b-fp32,diag_rank_asc,0.05,22,22,OPP-MORE,pair9,P,0.01730823516845703,0.016775131225585938,27059,27059
gpt-j-6b-fp32,diag_rank_asc,0.05,22,22,OPP-MORE,pair9,Q,0.008993148803710938,-0.0027132034301757812,23663,23663
gpt-j-6b-fp32,diag_rank_asc,0.05,22,22,OPP-LESS,pair0,P,0.02003192901611328,0.024598121643066406,632,632
gpt-j-6b-fp32,diag_rank_asc,0.05,22,22,OPP-LESS,pair0,Q,0.0009717941284179688,0.0018367767333984375,39733,39733
gpt-j-6b-fp32,diag_rank_asc,0.05,22,22,OPP-LESS,pair1,P,0.02796459197998047,-0.0020322799682617188,27059,27059
gpt-j-6b-fp32,diag_rank_asc,0.05,22,22,OPP-LESS,pair1,Q,0.015715599060058594,-0.02608966827392578,19157,19157
gpt-j-6b-fp32,diag_rank_asc,0.05,22,22,OPP-LESS,pair2,P,0.021119117736816406,-0.04381561279296875,27059,27059
gpt-j-6b-fp32,diag_rank_asc,0.05,22,22,OPP-LESS,pair2,Q,0.005150794982910156,-0.06057262420654297,632,632
gpt-j-6b-fp32,diag_rank_asc,0.05,22,22,OPP-LESS,pair3,P,0.01708507537841797,0.019613265991210938,27059,27059
gpt-j-6b-fp32,diag_rank_asc,0.05,22,22,OPP-LESS,pair3,Q,0.006663322448730469,-0.0049724578857421875,5930,5930
gpt-j-6b-fp32,diag_rank_asc,0.05,22,22,OPP-LESS,pair4,P,0.02856922149658203,-0.03128814697265625,27059,27059
gpt-j-6b-fp32,diag_rank_asc,0.05,22,22,OPP-LESS,pair4,Q,0.020702362060546875,-0.050889015197753906,632,632
gpt-j-6b-fp32,diag_rank_asc,0.05,22,22,OPP-LESS,pair5,P,0.01683807373046875,0.003871917724609375,27059,27059
gpt-j-6b-fp32,diag_rank_asc,0.05,22,22,OPP-LESS,pair5,Q,0.007227897644042969,-0.012973785400390625,632,632
gpt-j-6b-fp32,diag_rank_asc,0.05,22,22,OPP-LESS,pair6,P,0.01793956756591797,0.02062702178955078,27059,27059
gpt-j-6b-fp32,diag_rank_asc,0.05,22,22,OPP-LESS,pair6,Q,0.012372970581054688,-0.01792430877685547,632,632
gpt-j-6b-fp32,diag_rank_asc,0.05,22,22,OPP-LESS,pair7,P,0.018303871154785156,0.005759239196777344,632,632
gpt-j-6b-fp32,diag_rank_asc,0.05,22,22,OPP-LESS,pair7,Q,0.009710311889648438,-0.005749702453613281,632,632
gpt-j-6b-fp32,diag_rank_asc,0.05,22,22,OPP-LESS,pair8,P,0.018238067626953125,0.0029344558715820312,1874,1874
gpt-j-6b-fp32,diag_rank_asc,0.05,22,22,OPP-LESS,pair8,Q,0.005700111389160156,-0.019875526428222656,1874,1874
gpt-j-6b-fp32,diag_rank_asc,0.05,22,22,OPP-LESS,pair9,P,0.01926708221435547,0.006022453308105469,27059,27059
gpt-j-6b-fp32,diag_rank_asc,0.05,22,22,OPP-LESS,pair9,Q,0.011055946350097656,-0.0192108154296875,23663,23663
gpt-j-6b-fp32,diag_rank_asc,0.05,22,22,MORE-LESS,pair0,P,0.0003795623779296875,0.0007200241088867188,10255,10255
gpt-j-6b-fp32,diag_rank_asc,0.05,22,22,MORE-LESS,pair0,Q,0.0005407333374023438,7.62939453125e-06,10255,10255
gpt-j-6b-fp32,diag_rank_asc,0.05,22,22,MORE-LESS,pair1,P,0.00414276123046875,-0.0019884109497070312,18605,18605
gpt-j-6b-fp32,diag_rank_asc,0.05,22,22,MORE-LESS,pair1,Q,0.005000114440917969,-0.0028696060180664062,18605,18605
gpt-j-6b-fp32,diag_rank_asc,0.05,22,22,MORE-LESS,pair2,P,0.003943443298339844,-0.007391929626464844,8038,8038
gpt-j-6b-fp32,diag_rank_asc,0.05,22,22,MORE-LESS,pair2,Q,0.0034914016723632812,-0.007079124450683594,8038,8038
gpt-j-6b-fp32,diag_rank_asc,0.05,22,22,MORE-LESS,pair3,P,0.0030412673950195312,-0.0007715225219726562,1234,1234
gpt-j-6b-fp32,diag_rank_asc,0.05,22,22,MORE-LESS,pair3,Q,0.004321098327636719,3.814697265625e-06,1234,1234
gpt-j-6b-fp32,diag_rank_asc,0.05,22,22,MORE-LESS,pair4,P,0.0033979415893554688,0.0045909881591796875,23448,23448
gpt-j-6b-fp32,diag_rank_asc,0.05,22,22,MORE-LESS,pair4,Q,0.0034894943237304688,0.0066776275634765625,23448,23448
gpt-j-6b-fp32,diag_rank_asc,0.05,22,22,MORE-LESS,pair5,P,0.0037870407104492188,-0.000614166259765625,969,969
gpt-j-6b-fp32,diag_rank_asc,0.05,22,22,MORE-LESS,pair5,Q,0.005059242248535156,0.0008821487426757812,1426,1426
gpt-j-6b-fp32,diag_rank_asc,0.05,22,22,MORE-LESS,pair6,P,0.00060272216796875,-0.0010671615600585938,6514,6514
gpt-j-6b-fp32,diag_rank_asc,0.05,22,22,MORE-LESS,pair6,Q,0.0008592605590820312,-0.0005426406860351562,6514,6514
gpt-j-6b-fp32,diag_rank_asc,0.05,22,22,MORE-LESS,pair7,P,-0.0004177093505859375,-0.00222015380859375,22111,22111
gpt-j-6b-fp32,diag_rank_asc,0.05,22,22,MORE-LESS,pair7,Q,3.62396240234375e-05,-0.00152587890625,22111,22111
gpt-j-6b-fp32,diag_rank_asc,0.05,22,22,MORE-LESS,pair8,P,0.005641937255859375,0.0004100799560546875,969,969
gpt-j-6b-fp32,diag_rank_asc,0.05,22,22,MORE-LESS,pair8,Q,0.004950523376464844,0.0008649826049804688,969,969
gpt-j-6b-fp32,diag_rank_asc,0.05,22,22,MORE-LESS,pair9,P,0.0026702880859375,-0.0008497238159179688,34439,34439
gpt-j-6b-fp32,diag_rank_asc,0.05,22,22,MORE-LESS,pair9,Q,0.0037288665771484375,-4.482269287109375e-05,34439,34439
gpt-j-6b-fp32,diag_rank_asc,0.07,31,31,SAME-OPP,pair0,P,-0.0052661895751953125,-0.0007448196411132812,632,632
gpt-j-6b-fp32,diag_rank_asc,0.07,31,31,SAME-OPP,pair0,Q,-0.00388336181640625,-0.0014867782592773438,39733,39733
gpt-j-6b-fp32,diag_rank_asc,0.07,31,31,SAME-OPP,pair1,P,-0.009764671325683594,-0.00173187255859375,27059,27059
gpt-j-6b-fp32,diag_rank_asc,0.07,31,31,SAME-OPP,pair1,Q,-0.00574493408203125,-0.002178192138671875,19157,19157
gpt-j-6b-fp32,diag_rank_asc,0.07,31,31,SAME-OPP,pair2,P,-0.0042705535888671875,0.000568389892578125,632,632
gpt-j-6b-fp32,diag_rank_asc,0.07,31,31,SAME-OPP,pair2,Q,0.0001373291015625,0.0014009475708007812,632,632
gpt-j-6b-fp32,diag_rank_asc,0.07,31,31,SAME-OPP,pair3,P,-0.006617546081542969,-0.000492095947265625,27059,27059
gpt-j-6b-fp32,diag_rank_asc,0.07,31,31,SAME-OPP,pair3,Q,-0.004189491271972656,0.0007867813110351562,632,632
gpt-j-6b-fp32,diag_rank_asc,0.07,31,31,SAME-OPP,pair4,P,-0.0061626434326171875,-0.004387855529785156,27059,27059
gpt-j-6b-fp32,diag_rank_asc,0.07,31,31,SAME-OPP,pair4,Q,-0.00605010986328125,-0.00106048583984375,632,632
gpt-j-6b-fp32,diag_rank_asc,0.07,31,31,SAME-OPP,pair5,P,-0.00669097900390625,-0.00042247772216796875,27059,27059
gpt-j-6b-fp32,diag_rank_asc,0.07,31,31,SAME-OPP,pair5,Q,-0.0011425018310546875,0.00049591064453125,632,632
gpt-j-6b-fp32,diag_rank_asc,0.07,31,31,SAME-OPP,pair6,P,-0.0060749053955078125,0.0001621246337890625,27059,27059
gpt-j-6b-fp32,diag_rank_asc,0.07,31,31,SAME-OPP,pair6,Q,-0.003326416015625,-0.0006999969482421875,632,632
gpt-j-6b-fp32,diag_rank_asc,0.07,31,31,SAME-OPP,pair7,P,-0.006829261779785156,-0.0014362335205078125,632,632
gpt-j-6b-fp32,diag_rank_asc,0.07,31,31,SAME-OPP,pair7,Q,-0.002582550048828125,0.0006246566772460938,632,632
gpt-j-6b-fp32,diag_rank_asc,0.07,31,31,SAME-OPP,pair8,P,-0.008894920349121094,-0.00457000732421875,581,581
gpt-j-6b-fp32,diag_rank_asc,0.07,31,31,SAME-OPP,pair8,Q,-0.0060787200927734375,0.0006465911865234375,581,581
gpt-j-6b-fp32,diag_rank_asc,0.07,31,31,SAME-OPP,pair9,P,-0.006916046142578125,-0.0003833770751953125,27059,27059
gpt-j-6b-fp32,diag_rank_asc,0.07,31,31,SAME-OPP,pair9,Q,-0.005367279052734375,0.0020084381103515625,1928,1928
gpt-j-6b-fp32,diag_rank_asc,0.07,31,31,SAME-MORE,pair0,P,0.010424613952636719,0.015015602111816406,632,632
gpt-j-6b-fp32,diag_rank_asc,0.07,31,31,SAME-MORE,pair0,Q,-0.009739875793457031,0.004942893981933594,39733,39733
gpt-j-6b-fp32,diag_rank_asc,0.07,31,31,SAME-MORE,pair1,P,0.009363174438476562,0.011694908142089844,27059,27059
gpt-j-6b-fp32,diag_rank_asc,0.07,31,31,SAME-MORE,pair1,Q,0.0012331008911132812,-0.0031833648681640625,19157,19157
gpt-j-6b-fp32,diag_rank_asc,0.07,31,31,SAME-MORE,pair2,P,0.018067359924316406,-0.00048160552978515625,632,632
gpt-j-6b-fp32,diag_rank_asc,0.07,31,31,SAME-MORE,pair2,Q,0.02104473114013672,-0.014288902282714844,632,632
gpt-j-6b-fp32,diag_rank_asc,0.07,31,31,SAME-MORE,pair3,P,-0.006104469299316406,-0.007814407348632812,27059,27059
gpt-j-6b-fp32,diag_rank_asc,0.07,31,31,SAME-MORE,pair3,Q,0.0020694732666015625,-0.0027446746826171875,632,632
gpt-j-6b-fp32,diag_rank_asc,0.07,31,31,SAME-MORE,pair4,P,0.008131027221679688,-0.008211135864257812,27059,27059
gpt-j-6b-fp32,diag_rank_asc,0.07,31,31,SAME-MORE,pair4,Q,0.01514434814453125,-0.015794754028320312,632,632
gpt-j-6b-fp32,diag_rank_asc,0.07,31,31,SAME-MORE,pair5,P,0.0047779083251953125,0.006976127624511719,27059,27059
gpt-j-6b-fp32,diag_rank_asc,0.07,31,31,SAME-MORE,pair5,Q,-0.0028162002563476562,-0.006596565246582031,632,632
gpt-j-6b-fp32,diag_rank_asc,0.07,31,31,SAME-MORE,pair6,P,0.010807991027832031,0.0013570785522460938,27059,27059
gpt-j-6b-fp32,diag_rank_asc,0.07,31,31,SAME-MORE,pair6,Q,0.0009222030639648438,-0.032011985778808594,632,632
gpt-j-6b-fp32,diag_rank_asc,0.07,31,31,SAME-MORE,pair7,P,0.014885902404785156,0.013188362121582031,632,632
gpt-j-6b-fp32,diag_rank_asc,0.07,31,31,SAME-MORE,pair7,Q,0.006821632385253906,0.0015783309936523438,632,632
gpt-j-6b-fp32,diag_rank_asc,0.07,31,31,SAME-MORE,pair8,P,0.007323265075683594,0.02758026123046875,581,581
gpt-j-6b-fp32,diag_rank_asc,0.07,31,31,SAME-MORE,pair8,Q,-0.000568389892578125,0.0036678314208984375,581,581
gpt-j-6b-fp32,diag_rank_asc,0.07,31,31,SAME-MORE,pair9,P,0.012796401977539062,0.01687908172607422,27059,27059
gpt-j-6b-fp32,diag_rank_asc,0.07,31,31,SAME-MORE,pair9,Q,0.008664131164550781,-0.007308006286621094,1928,1928
gpt-j-6b-fp32,diag_rank_asc,0.07,31,31,SAME-LESS,pair0,P,0.009855270385742188,0.014680862426757812,632,632
gpt-j-6b-fp32,diag_rank_asc,0.07,31,31,SAME-LESS,pair0,Q,-0.005846977233886719,-0.0087890625,39733,39733
gpt-j-6b-fp32,diag_rank_asc,0.07,31,31,SAME-LESS,pair1,P,0.008666038513183594,-0.007079124450683594,27059,27059
gpt-j-6b-fp32,diag_rank_asc,0.07,31,31,SAME-LESS,pair1,Q,0.005008697509765625,-0.03196239471435547,19157,19157
gpt-j-6b-fp32,diag_rank_asc,0.07,31,31,SAME-LESS,pair2,P,0.015276908874511719,-0.05283546447753906,632,632
gpt-j-6b-fp32,diag_rank_asc,0.07,31,31,SAME-LESS,pair2,Q,0.021538734436035156,-0.08050060272216797,632,632
gpt-j-6b-fp32,diag_rank_asc,0.07,31,31,SAME-LESS,pair3,P,-0.007271766662597656,0.031289100646972656,27059,27059
gpt-j-6b-fp32,diag_rank_asc,0.07,31,31,SAME-LESS,pair3,Q,0.00457000732421875,0.012829780578613281,632,632
gpt-j-6b-fp32,diag_rank_asc,0.07,31,31,SAME-LESS,pair4,P,0.00713348388671875,-0.03247833251953125,27059,27059
gpt-j-6b-fp32,diag_rank_asc,0.07,31,31,SAME-LESS,pair4,Q,0.018738746643066406,-0.049836158752441406,632,632
gpt-j-6b-fp32,diag_rank_asc,0.07,31,31,SAME-LESS,pair5,P,0.003261566162109375,0.01004791259765625,27059,27059
gpt-j-6b-fp32,diag_rank_asc,0.07,31,31,SAME-LESS,pair5,Q,0.00093841552734375,-0.008475303649902344,632,632
gpt-j-6b-fp32,diag_rank_asc,0.07,31,31,SAME-LESS,pair6,P,0.010140419006347656,0.01782989501953125,27059,27059
gpt-j-6b-fp32,diag_rank_asc,0.07,31,31,SAME-LESS,pair6,Q,0.0037336349487304688,-0.032016754150390625,632,632
gpt-j-6b-fp32,diag_rank_asc,0.07,31,31,SAME-LESS,pair7,P,0.014401435852050781,0.0013952255249023438,632,632
gpt-j-6b-fp32,diag_rank_asc,0.07,31,31,SAME-LESS,pair7,Q,0.0074291229248046875,-0.0028638839721679688,632,632
gpt-j-6b-fp32,diag_rank_asc,0.07,31,31,SAME-LESS,pair8,P,0.007205963134765625,0.013903617858886719,581,581
gpt-j-6b-fp32,diag_rank_asc,0.07,31,31,SAME-LESS,pair8,Q,0.0027055740356445312,-0.011365890502929688,581,581
gpt-j-6b-fp32,diag_rank_asc,0.07,31,31,SAME-LESS,pair9,P,0.013696670532226562,-0.004122734069824219,27059,27059
gpt-j-6b-fp32,diag_rank_asc,0.07,31,31,SAME-LESS,pair9,Q,0.011610984802246094,-0.02090930938720703,1928,1928
gpt-j-6b-fp32,diag_rank_asc,0.07,31,31,OPP-MORE,pair0,P,0.021574020385742188,0.012666702270507812,632,632
gpt-j-6b-fp32,diag_rank_asc,0.07,31,31,OPP-MORE,pair0,Q,-0.0007610321044921875,0.004227638244628906,39733,39733
gpt-j-6b-fp32,diag_rank_asc,0.07,31,31,OPP-MORE,pair1,P,0.031368255615234375,0.016472816467285156,27059,27059
gpt-j-6b-fp32,diag_rank_asc,0.07,31,31,OPP-MORE,pair1,Q,0.012908935546875,-0.000911712646484375,19157,19157
gpt-j-6b-fp32,diag_rank_asc,0.07,31,31,OPP-MORE,pair2,P,0.02757740020751953,0.0034723281860351562,27059,27059
gpt-j-6b-fp32,diag_rank_asc,0.07,31,31,OPP-MORE,pair2,Q,0.01158905029296875,-0.014441490173339844,632,632
gpt-j-6b-fp32,diag_rank_asc,0.07,31,31,OPP-MORE,pair3,P,0.02366352081298828,-0.011707305908203125,27059,27059
gpt-j-6b-fp32,diag_rank_asc,0.07,31,31,OPP-MORE,pair3,Q,0.0037593841552734375,-0.0050258636474609375,5930,5930
gpt-j-6b-fp32,diag_rank_asc,0.07,31,31,OPP-MORE,pair4,P,0.03692817687988281,-0.005023956298828125,27059,27059
gpt-j-6b-fp32,diag_rank_asc,0.07,31,31,OPP-MORE,pair4,Q,0.026604652404785156,-0.012333869934082031,632,632
gpt-j-6b-fp32,diag_rank_asc,0.07,31,31,OPP-MORE,pair5,P,0.025206565856933594,0.011130332946777344,27059,27059
gpt-j-6b-fp32,diag_rank_asc,0.07,31,31,OPP-MORE,pair5,Q,0.004176139831542969,-0.00023365020751953125,632,632
gpt-j-6b-fp32,diag_rank_asc,0.07,31,31,OPP-MORE,pair6,P,0.016449928283691406,0.006169319152832031,27059,27059
gpt-j-6b-fp32,diag_rank_asc,0.07,31,31,OPP-MORE,pair6,Q,0.01079559326171875,-0.029839515686035156,632,632
gpt-j-6b-fp32,diag_rank_asc,0.07,31,31,OPP-MORE,pair7,P,0.0252838134765625,0.011725425720214844,632,632
gpt-j-6b-fp32,diag_rank_asc,0.07,31,31,OPP-MORE,pair7,Q,0.016989707946777344,-0.0019865036010742188,632,632
gpt-j-6b-fp32,diag_rank_asc,0.07,31,31,OPP-MORE,pair8,P,0.021828651428222656,0.017023086547851562,1874,1874
gpt-j-6b-fp32,diag_rank_asc,0.07,31,31,OPP-MORE,pair8,Q,0.010945320129394531,-0.003692626953125,1874,1874
gpt-j-6b-fp32,diag_rank_asc,0.07,31,31,OPP-MORE,pair9,P,0.030900955200195312,0.020377159118652344,27059,27059
gpt-j-6b-fp32,diag_rank_asc,0.07,31,31,OPP-MORE,pair9,Q,0.011960029602050781,-0.005146026611328125,23663,23663
gpt-j-6b-fp32,diag_rank_asc,0.07,31,31,OPP-LESS,pair0,P,0.026770591735839844,0.02496051788330078,632,632
gpt-j-6b-fp32,diag_rank_asc,0.07,31,31,OPP-LESS,pair0,Q,8.487701416015625e-05,0.0005655288696289062,39733,39733
gpt-j-6b-fp32,diag_rank_asc,0.07,31,31,OPP-LESS,pair1,P,0.03511524200439453,0.007140159606933594,27059,27059
gpt-j-6b-fp32,diag_rank_asc,0.07,31,31,OPP-LESS,pair1,Q,0.011527061462402344,-0.018503189086914062,19157,19157
gpt-j-6b-fp32,diag_rank_asc,0.07,31,31,OPP-LESS,pair2,P,0.028703689575195312,-0.04065752029418945,27059,27059
gpt-j-6b-fp32,diag_rank_asc,0.07,31,31,OPP-LESS,pair2,Q,0.00856781005859375,-0.06943225860595703,632,632
gpt-j-6b-fp32,diag_rank_asc,0.07,31,31,OPP-LESS,pair3,P,0.025206565856933594,0.040993690490722656,27059,27059
gpt-j-6b-fp32,diag_rank_asc,0.07,31,31,OPP-LESS,pair3,Q,0.0037641525268554688,0.015421867370605469,5930,5930
gpt-j-6b-fp32,diag_rank_asc,0.07,31,31,OPP-LESS,pair4,P,0.03951740264892578,-0.021579742431640625,27059,27059
gpt-j-6b-fp32,diag_rank_asc,0.07,31,31,OPP-LESS,pair4,Q,0.026082992553710938,-0.041802406311035156,632,632
gpt-j-6b-fp32,diag_rank_asc,0.07,31,31,OPP-LESS,pair5,P,0.028018951416015625,0.01556396484375,27059,27059
gpt-j-6b-fp32,diag_rank_asc,0.07,31,31,OPP-LESS,pair5,Q,0.005270957946777344,0.0008878707885742188,632,632
gpt-j-6b-fp32,diag_rank_asc,0.07,31,31,OPP-LESS,pair6,P,0.01930522918701172,0.028174400329589844,27059,27059
gpt-j-6b-fp32,diag_rank_asc,0.07,31,31,OPP-LESS,pair6,Q,0.00982666015625,-0.022034645080566406,632,632
gpt-j-6b-fp32,diag_rank_asc,0.07,31,31,OPP-LESS,pair7,P,0.027029037475585938,0.012065887451171875,632,632
gpt-j-6b-fp32,diag_rank_asc,0.07,31,31,OPP-LESS,pair7,Q,0.015188217163085938,0.00064849853515625,632,632
gpt-j-6b-fp32,diag_rank_asc,0.07,31,31,OPP-LESS,pair8,P,0.024961471557617188,0.01771259307861328,1874,1874
gpt-j-6b-fp32,diag_rank_asc,0.07,31,31,OPP-LESS,pair8,Q,0.011210441589355469,-0.008366584777832031,1874,1874
gpt-j-6b-fp32,diag_rank_asc,0.07,31,31,OPP-LESS,pair9,P,0.03289985656738281,0.008824348449707031,27059,27059
gpt-j-6b-fp32,diag_rank_asc,0.07,31,31,OPP-LESS,pair9,Q,0.011997222900390625,-0.01293182373046875,23663,23663
gpt-j-6b-fp32,diag_rank_asc,0.07,31,31,MORE-LESS,pair0,P,-0.0018024444580078125,0.000797271728515625,10255,10255
gpt-j-6b-fp32,diag_rank_asc,0.07,31,31,MORE-LESS,pair0,Q,-0.001338958740234375,0.0007991790771484375,10255,10255
gpt-j-6b-fp32,diag_rank_asc,0.07,31,31,MORE-LESS,pair1,P,0.0025568008422851562,-0.0019598007202148438,18605,18605
gpt-j-6b-fp32,diag_rank_asc,0.07,31,31,MORE-LESS,pair1,Q,0.003849029541015625,-0.001861572265625,18605,18605
gpt-j-6b-fp32,diag_rank_asc,0.07,31,31,MORE-LESS,pair2,P,0.004845619201660156,-0.009417533874511719,8038,8038
gpt-j-6b-fp32,diag_rank_asc,0.07,31,31,MORE-LESS,pair2,Q,0.0043849945068359375,-0.009274482727050781,8038,8038
gpt-j-6b-fp32,diag_rank_asc,0.07,31,31,MORE-LESS,pair3,P,0.0042972564697265625,0.0005283355712890625,1234,1234
gpt-j-6b-fp32,diag_rank_asc,0.07,31,31,MORE-LESS,pair3,Q,0.005528450012207031,0.0024394989013671875,1234,1234
gpt-j-6b-fp32,diag_rank_asc,0.07,31,31,MORE-LESS,pair4,P,0.0020751953125,0.0020542144775390625,23448,23448
gpt-j-6b-fp32,diag_rank_asc,0.07,31,31,MORE-LESS,pair4,Q,0.0025320053100585938,0.004519462585449219,23448,23448
gpt-j-6b-fp32,diag_rank_asc,0.07,31,31,MORE-LESS,pair5,P,0.006278038024902344,-0.0006971359252929688,969,969
gpt-j-6b-fp32,diag_rank_asc,0.07,31,31,MORE-LESS,pair5,Q,0.007947921752929688,0.00144195556640625,1426,1426
gpt-j-6b-fp32,diag_rank_asc,0.07,31,31,MORE-LESS,pair6,P,-0.0007085800170898438,-0.002960205078125,6514,6514
gpt-j-6b-fp32,diag_rank_asc,0.07,31,31,MORE-LESS,pair6,Q,-0.0002117156982421875,-0.0023908615112304688,6514,6514
gpt-j-6b-fp32,diag_rank_asc,0.07,31,31,MORE-LESS,pair7,P,0.00041103363037109375,-0.0013666152954101562,22111,22111
gpt-j-6b-fp32,diag_rank_asc,0.07,31,31,MORE-LESS,pair7,Q,0.0005540847778320312,-0.0008630752563476562,22111,22111
gpt-j-6b-fp32,diag_rank_asc,0.07,31,31,MORE-LESS,pair8,P,0.0071773529052734375,0.0017175674438476562,969,969
gpt-j-6b-fp32,diag_rank_asc,0.07,31,31,MORE-LESS,pair8,Q,0.006825447082519531,0.0023641586303710938,969,969
gpt-j-6b-fp32,diag_rank_asc,0.07,31,31,MORE-LESS,pair9,P,0.00341796875,0.0004892349243164062,34439,34439
gpt-j-6b-fp32,diag_rank_asc,0.07,31,31,MORE-LESS,pair9,Q,0.004253387451171875,0.0008497238159179688,34439,34439
gpt-j-6b-fp32,diag_rank_asc,0.1,44,44,SAME-OPP,pair0,P,-0.003922462463378906,0.0016841888427734375,632,632
gpt-j-6b-fp32,diag_rank_asc,0.1,44,44,SAME-OPP,pair0,Q,-0.00202178955078125,-0.0009393692016601562,39733,39733
gpt-j-6b-fp32,diag_rank_asc,0.1,44,44,SAME-OPP,pair1,P,-0.010804176330566406,-0.0025110244750976562,27059,27059
gpt-j-6b-fp32,diag_rank_asc,0.1,44,44,SAME-OPP,pair1,Q,-0.0068111419677734375,-0.0034198760986328125,19157,19157
gpt-j-6b-fp32,diag_rank_asc,0.1,44,44,SAME-OPP,pair2,P,-0.0058460235595703125,0.0011959075927734375,632,632
gpt-j-6b-fp32,diag_rank_asc,0.1,44,44,SAME-OPP,pair2,Q,-0.0026092529296875,-0.0026006698608398438,632,632
gpt-j-6b-fp32,diag_rank_asc,0.1,44,44,SAME-OPP,pair3,P,-0.005925178527832031,-0.0010509490966796875,27059,27059
gpt-j-6b-fp32,diag_rank_asc,0.1,44,44,SAME-OPP,pair3,Q,-0.007404327392578125,-0.0011148452758789062,632,632
gpt-j-6b-fp32,diag_rank_asc,0.1,44,44,SAME-OPP,pair4,P,-0.007687568664550781,-0.00661468505859375,27059,27059
gpt-j-6b-fp32,diag_rank_asc,0.1,44,44,SAME-OPP,pair4,Q,-0.008856773376464844,-0.004818916320800781,632,632
gpt-j-6b-fp32,diag_rank_asc,0.1,44,44,SAME-OPP,pair5,P,-0.006535530090332031,-0.0010128021240234375,27059,27059
gpt-j-6b-fp32,diag_rank_asc,0.1,44,44,SAME-OPP,pair5,Q,-0.0029211044311523438,-0.0019559860229492188,632,632
gpt-j-6b-fp32,diag_rank_asc,0.1,44,44,SAME-OPP,pair6,P,-0.007145881652832031,-0.0016698837280273438,27059,27059
gpt-j-6b-fp32,diag_rank_asc,0.1,44,44,SAME-OPP,pair6,Q,-0.0039348602294921875,-8.58306884765625e-05,632,632
gpt-j-6b-fp32,diag_rank_asc,0.1,44,44,SAME-OPP,pair7,P,-0.008392333984375,-0.00341796875,632,632
gpt-j-6b-fp32,diag_rank_asc,0.1,44,44,SAME-OPP,pair7,Q,-0.008444786071777344,-0.0020580291748046875,632,632
gpt-j-6b-fp32,diag_rank_asc,0.1,44,44,SAME-OPP,pair8,P,-0.009296417236328125,-0.005927085876464844,581,581
gpt-j-6b-fp32,diag_rank_asc,0.1,44,44,SAME-OPP,pair8,Q,-0.008924484252929688,-0.0020742416381835938,581,581
gpt-j-6b-fp32,diag_rank_asc,0.1,44,44,SAME-OPP,pair9,P,-0.008843421936035156,-0.001804351806640625,27059,27059
gpt-j-6b-fp32,diag_rank_asc,0.1,44,44,SAME-OPP,pair9,Q,-0.009205818176269531,0.0002689361572265625,1928,1928
gpt-j-6b-fp32,diag_rank_asc,0.1,44,44,SAME-MORE,pair0,P,0.009012222290039062,0.01590728759765625,632,632
gpt-j-6b-fp32,diag_rank_asc,0.1,44,44,SAME-MORE,pair0,Q,-0.015775680541992188,0.00188446044921875,39733,39733
gpt-j-6b-fp32,diag_rank_asc,0.1,44,44,SAME-MORE,pair1,P,0.016592979431152344,0.0325469970703125,27059,27059
gpt-j-6b-fp32,diag_rank_asc,0.1,44,44,SAME-MORE,pair1,Q,-0.011495590209960938,0.008980751037597656,19157,19157
gpt-j-6b-fp32,diag_rank_asc,0.1,44,44,SAME-MORE,pair2,P,0.01999950408935547,0.017286300659179688,632,632
gpt-j-6b-fp32,diag_rank_asc,0.1,44,44,SAME-MORE,pair2,Q,-0.0010557174682617188,0.007439613342285156,632,632
gpt-j-6b-fp32,diag_rank_asc,0.1,44,44,SAME-MORE,pair3,P,0.011088371276855469,0.00534820556640625,27059,27059
gpt-j-6b-fp32,diag_rank_asc,0.1,44,44,SAME-MORE,pair3,Q,-0.018965721130371094,0.006103515625,632,632
gpt-j-6b-fp32,diag_rank_asc,0.1,44,44,SAME-MORE,pair4,P,0.011206626892089844,0.0038509368896484375,27059,27059
gpt-j-6b-fp32,diag_rank_asc,0.1,44,44,SAME-MORE,pair4,Q,0.010750770568847656,0.001476287841796875,632,632
gpt-j-6b-fp32,diag_rank_asc,0.1,44,44,SAME-MORE,pair5,P,0.0193328857421875,0.03265857696533203,27059,27059
gpt-j-6b-fp32,diag_rank_asc,0.1,44,44,SAME-MORE,pair5,Q,-0.019611358642578125,0.032321929931640625,632,632
gpt-j-6b-fp32,diag_rank_asc,0.1,44,44,SAME-MORE,pair6,P,0.010028839111328125,0.014267921447753906,27059,27059
gpt-j-6b-fp32,diag_rank_asc,0.1,44,44,SAME-MORE,pair6,Q,-0.01675891876220703,-0.020738601684570312,632,632
gpt-j-6b-fp32,diag_rank_asc,0.1,44,44,SAME-MORE,pair7,P,0.016279220581054688,0.007693290710449219,632,632
gpt-j-6b-fp32,diag_rank_asc,0.1,44,44,SAME-MORE,pair7,Q,-0.010986328125,-0.012088775634765625,632,632
gpt-j-6b-fp32,diag_rank_asc,0.1,44,44,SAME-MORE,pair8,P,0.025534629821777344,0.045912742614746094,581,581
gpt-j-6b-fp32,diag_rank_asc,0.1,44,44,SAME-MORE,pair8,Q,-0.004134178161621094,0.018667221069335938,581,581
gpt-j-6b-fp32,diag_rank_asc,0.1,44,44,SAME-MORE,pair9,P,0.017409324645996094,0.018926620483398438,27059,27059
gpt-j-6b-fp32,diag_rank_asc,0.1,44,44,SAME-MORE,pair9,Q,-0.0032854080200195312,-1.71661376953125e-05,1928,1928
gpt-j-6b-fp32,diag_rank_asc,0.1,44,44,SAME-LESS,pair0,P,0.007258415222167969,-0.0016336441040039062,632,632
gpt-j-6b-fp32,diag_rank_asc,0.1,44,44,SAME-LESS,pair0,Q,-0.010539054870605469,-0.031228065490722656,39733,39733
gpt-j-6b-fp32,diag_rank_asc,0.1,44,44,SAME-LESS,pair1,P,0.017928123474121094,-0.0072994232177734375,27059,27059
gpt-j-6b-fp32,diag_rank_asc,0.1,44,44,SAME-LESS,pair1,Q,-0.006598472595214844,-0.035660743713378906,19157,19157
gpt-j-6b-fp32,diag_rank_asc,0.1,44,44,SAME-LESS,pair2,P,0.016082763671875,-0.07461214065551758,632,632
gpt-j-6b-fp32,diag_rank_asc,0.1,44,44,SAME-LESS,pair2,Q,-0.0007772445678710938,-0.11192989349365234,632,632
gpt-j-6b-fp32,diag_rank_asc,0.1,44,44,SAME-LESS,pair3,P,0.006945610046386719,0.03491401672363281,27059,27059
gpt-j-6b-fp32,diag_rank_asc,0.1,44,44,SAME-LESS,pair3,Q,-0.015254974365234375,0.013294219970703125,632,632
gpt-j-6b-fp32,diag_rank_asc,0.1,44,44,SAME-LESS,pair4,P,0.009586334228515625,-0.04260540008544922,27059,27059
gpt-j-6b-fp32,diag_rank_asc,0.1,44,44,SAME-LESS,pair4,Q,0.013013839721679688,-0.05845165252685547,632,632
gpt-j-6b-fp32,diag_rank_asc,0.1,44,44,SAME-LESS,pair5,P,0.014882087707519531,0.021697044372558594,27059,27059
gpt-j-6b-fp32,diag_rank_asc,0.1,44,44,SAME-LESS,pair5,Q,-0.012853622436523438,0.013700485229492188,632,632
gpt-j-6b-fp32,diag_rank_asc,0.1,44,44,SAME-LESS,pair6,P,0.008584022521972656,-0.014496803283691406,27059,27059
gpt-j-6b-fp32,diag_rank_asc,0.1,44,44,SAME-LESS,pair6,Q,-0.011615753173828125,-0.058330535888671875,632,632
gpt-j-6b-fp32,diag_rank_asc,0.1,44,44,SAME-LESS,pair7,P,0.016536712646484375,-0.02019023895263672,632,632
gpt-j-6b-fp32,diag_rank_asc,0.1,44,44,SAME-LESS,pair7,Q,-0.01016998291015625,-0.03317070007324219,632,632
gpt-j-6b-fp32,diag_rank_asc,0.1,44,44,SAME-LESS,pair8,P,0.024736404418945312,0.012922286987304688,581,581
gpt-j-6b-fp32,diag_rank_asc,0.1,44,44,SAME-LESS,pair8,Q,0.002330780029296875,-0.008334159851074219,581,581
gpt-j-6b-fp32,diag_rank_asc,0.1,44,44,SAME-LESS,pair9,P,0.014036178588867188,-0.002086639404296875,27059,27059
gpt-j-6b-fp32,diag_rank_asc,0.1,44,44,SAME-LESS,pair9,Q,-0.0014600753784179688,-0.03203296661376953,1928,1928
gpt-j-6b-fp32,diag_rank_asc,0.1,44,44,OPP-MORE,pair0,P,0.017806053161621094,0.012399673461914062,632,632
gpt-j-6b-fp32,diag_rank_asc,0.1,44,44,OPP-MORE,pair0,Q,-0.011841773986816406,-0.0016021728515625,39733,39733
gpt-j-6b-fp32,diag_rank_asc,0.1,44,44,OPP-MORE,pair1,P,0.03518962860107422,0.035841941833496094,27059,27059
gpt-j-6b-fp32,diag_rank_asc,0.1,44,44,OPP-MORE,pair1,Q,0.0013475418090820312,0.008596420288085938,19157,19157
gpt-j-6b-fp32,diag_rank_asc,0.1,44,44,OPP-MORE,pair2,P,0.03475475311279297,0.019103050231933594,27059,27059
gpt-j-6b-fp32,diag_rank_asc,0.1,44,44,OPP-MORE,pair2,Q,-0.0036573410034179688,0.0030384063720703125,632,632
gpt-j-6b-fp32,diag_rank_asc,0.1,44,44,OPP-MORE,pair3,P,0.040935516357421875,0.0012445449829101562,27059,27059
gpt-j-6b-fp32,diag_rank_asc,0.1,44,44,OPP-MORE,pair3,Q,-0.018301010131835938,0.0027818679809570312,5930,5930
gpt-j-6b-fp32,diag_rank_asc,0.1,44,44,OPP-MORE,pair4,P,0.03775978088378906,0.006667137145996094,27059,27059
gpt-j-6b-fp32,diag_rank_asc,0.1,44,44,OPP-MORE,pair4,Q,0.02342987060546875,0.000354766845703125,632,632
gpt-j-6b-fp32,diag_rank_asc,0.1,44,44,OPP-MORE,pair5,P,0.039643287658691406,0.03595447540283203,27059,27059
gpt-j-6b-fp32,diag_rank_asc,0.1,44,44,OPP-MORE,pair5,Q,-0.007859230041503906,0.034412384033203125,632,632
gpt-j-6b-fp32,diag_rank_asc,0.1,44,44,OPP-MORE,pair6,P,0.016309738159179688,0.014874458312988281,27059,27059
gpt-j-6b-fp32,diag_rank_asc,0.1,44,44,OPP-MORE,pair6,Q,-0.0021734237670898438,-0.02595996856689453,632,632
gpt-j-6b-fp32,diag_rank_asc,0.1,44,44,OPP-MORE,pair7,P,0.035691261291503906,0.008314132690429688,632,632
gpt-j-6b-fp32,diag_rank_asc,0.1,44,44,OPP-MORE,pair7,Q,0.0029211044311523438,-0.01459503173828125,632,632
gpt-j-6b-fp32,diag_rank_asc,0.1,44,44,OPP-MORE,pair8,P,0.03598308563232422,0.03319072723388672,1874,1874
gpt-j-6b-fp32,diag_rank_asc,0.1,44,44,OPP-MORE,pair8,Q,0.014941215515136719,0.009409904479980469,1874,1874
gpt-j-6b-fp32,diag_rank_asc,0.1,44,44,OPP-MORE,pair9,P,0.04077434539794922,0.02362346649169922,27059,27059
gpt-j-6b-fp32,diag_rank_asc,0.1,44,44,OPP-MORE,pair9,Q,0.0032911300659179688,0.002201080322265625,23663,23663
gpt-j-6b-fp32,diag_rank_asc,0.1,44,44,OPP-LESS,pair0,P,0.028499603271484375,0.0006008148193359375,632,632
gpt-j-6b-fp32,diag_rank_asc,0.1,44,44,OPP-LESS,pair0,Q,-0.00975799560546875,-0.0267181396484375,39733,39733
gpt-j-6b-fp32,diag_rank_asc,0.1,44,44,OPP-LESS,pair1,P,0.0409698486328125,0.0067195892333984375,27059,27059
gpt-j-6b-fp32,diag_rank_asc,0.1,44,44,OPP-LESS,pair1,Q,0.0026426315307617188,-0.02031421661376953,19157,19157
gpt-j-6b-fp32,diag_rank_asc,0.1,44,44,OPP-LESS,pair2,P,0.0350189208984375,-0.07403707504272461,27059,27059
gpt-j-6b-fp32,diag_rank_asc,0.1,44,44,OPP-LESS,pair2,Q,-0.008058547973632812,-0.10914134979248047,632,632
gpt-j-6b-fp32,diag_rank_asc,0.1,44,44,OPP-LESS,pair3,P,0.041362762451171875,0.04496002197265625,27059,27059
gpt-j-6b-fp32,diag_rank_asc,0.1,44,44,OPP-LESS,pair3,Q,-0.011328697204589844,0.013499259948730469,5930,5930
gpt-j-6b-fp32,diag_rank_asc,0.1,44,44,OPP-LESS,pair4,P,0.04376029968261719,-0.02978992462158203,27059,27059
gpt-j-6b-fp32,diag_rank_asc,0.1,44,44,OPP-LESS,pair4,Q,0.02221393585205078,-0.05169391632080078,632,632
gpt-j-6b-fp32,diag_rank_asc,0.1,44,44,OPP-LESS,pair5,P,0.040808677673339844,0.030844688415527344,27059,27059
gpt-j-6b-fp32,diag_rank_asc,0.1,44,44,OPP-LESS,pair5,Q,-0.0010824203491210938,0.02078533172607422,632,632
gpt-j-6b-fp32,diag_rank_asc,0.1,44,44,OPP-LESS,pair6,P,0.019875526428222656,-0.007023811340332031,27059,27059
gpt-j-6b-fp32,diag_rank_asc,0.1,44,44,OPP-LESS,pair6,Q,-0.00047397613525390625,-0.055206298828125,632,632
gpt-j-6b-fp32,diag_rank_asc,0.1,44,44,OPP-LESS,pair7,P,0.04186820983886719,-0.007871627807617188,632,632
gpt-j-6b-fp32,diag_rank_asc,0.1,44,44,OPP-LESS,pair7,Q,0.0026330947875976562,-0.026317596435546875,632,632
gpt-j-6b-fp32,diag_rank_asc,0.1,44,44,OPP-LESS,pair8,P,0.04095745086669922,0.016625404357910156,1874,1874
gpt-j-6b-fp32,diag_rank_asc,0.1,44,44,OPP-LESS,pair8,Q,0.018835067749023438,-0.00304412841796875,1874,1874
gpt-j-6b-fp32,diag_rank_asc,0.1,44,44,OPP-LESS,pair9,P,0.04208850860595703,0.013831138610839844,27059,27059
gpt-j-6b-fp32,diag_rank_asc,0.1,44,44,OPP-LESS,pair9,Q,0.0030364990234375,-0.020361900329589844,23663,23663
gpt-j-6b-fp32,diag_rank_asc,0.1,44,44,MORE-LESS,pair0,P,-2.6702880859375e-05,0.0026378631591796875,10255,10255
gpt-j-6b-fp32,diag_rank_asc,0.1,44,44,MORE-LESS,pair0,Q,9.918212890625e-05,0.002437591552734375,10255,10255
gpt-j-6b-fp32,diag_rank_asc,0.1,44,44,MORE-LESS,pair1,P,0.0058879852294921875,-0.0017690658569335938,18605,18605
gpt-j-6b-fp32,diag_rank_asc,0.1,44,44,MORE-LESS,pair1,Q,0.0071086883544921875,-0.00151824951171875,18605,18605
gpt-j-6b-fp32,diag_rank_asc,0.1,44,44,MORE-LESS,pair2,P,0.0072841644287109375,-0.007462501525878906,8038,8038
gpt-j-6b-fp32,diag_rank_asc,0.1,44,44,MORE-LESS,pair2,Q,0.0059566497802734375,-0.008768081665039062,8038,8038
gpt-j-6b-fp32,diag_rank_asc,0.1,44,44,MORE-LESS,pair3,P,0.0075435638427734375,0.0032405853271484375,1234,1234
gpt-j-6b-fp32,diag_rank_asc,0.1,44,44,MORE-LESS,pair3,Q,0.00928497314453125,0.0058841705322265625,1234,1234
gpt-j-6b-fp32,diag_rank_asc,0.1,44,44,MORE-LESS,pair4,P,0.004427909851074219,0.0007410049438476562,23448,23448
gpt-j-6b-fp32,diag_rank_asc,0.1,44,44,MORE-LESS,pair4,Q,0.0049114227294921875,0.0035190582275390625,23448,23448
gpt-j-6b-fp32,diag_rank_asc,0.1,44,44,MORE-LESS,pair5,P,0.004889488220214844,-0.007519721984863281,969,969
gpt-j-6b-fp32,diag_rank_asc,0.1,44,44,MORE-LESS,pair5,Q,0.0075397491455078125,-0.00341796875,1426,1426
gpt-j-6b-fp32,diag_rank_asc,0.1,44,44,MORE-LESS,pair6,P,4.76837158203125e-06,-0.0061359405517578125,6514,6514
gpt-j-6b-fp32,diag_rank_asc,0.1,44,44,MORE-LESS,pair6,Q,0.0007114410400390625,-0.004900932312011719,6514,6514
gpt-j-6b-fp32,diag_rank_asc,0.1,44,44,MORE-LESS,pair7,P,0.004515647888183594,0.00098419189453125,22111,22111
gpt-j-6b-fp32,diag_rank_asc,0.1,44,44,MORE-LESS,pair7,Q,0.0022745132446289062,0.0020685195922851562,22111,22111
gpt-j-6b-fp32,diag_rank_asc,0.1,44,44,MORE-LESS,pair8,P,0.01085662841796875,0.00428009033203125,969,969
gpt-j-6b-fp32,diag_rank_asc,0.1,44,44,MORE-LESS,pair8,Q,0.008585929870605469,0.006249427795410156,969,969
gpt-j-6b-fp32,diag_rank_asc,0.1,44,44,MORE-LESS,pair9,P,0.004147529602050781,0.0012502670288085938,34439,34439
gpt-j-6b-fp32,diag_rank_asc,0.1,44,44,MORE-LESS,pair9,Q,0.0048370361328125,0.0023069381713867188,34439,34439
gpt-j-6b-fp32,diag_rank_asc,0.12,53,53,SAME-OPP,pair0,P,-0.0028753280639648438,0.0030927658081054688,632,632
gpt-j-6b-fp32,diag_rank_asc,0.12,53,53,SAME-OPP,pair0,Q,-0.0003452301025390625,0.0005178451538085938,39733,39733
gpt-j-6b-fp32,diag_rank_asc,0.12,53,53,SAME-OPP,pair1,P,-0.010774612426757812,-0.0021066665649414062,27059,27059
gpt-j-6b-fp32,diag_rank_asc,0.12,53,53,SAME-OPP,pair1,Q,-0.0045642852783203125,1.9073486328125e-06,19157,19157
gpt-j-6b-fp32,diag_rank_asc,0.12,53,53,SAME-OPP,pair2,P,-0.0041713714599609375,-3.24249267578125e-05,632,632
gpt-j-6b-fp32,diag_rank_asc,0.12,53,53,SAME-OPP,pair2,Q,0.0002346038818359375,0.0010557174682617188,632,632
gpt-j-6b-fp32,diag_rank_asc,0.12,53,53,SAME-OPP,pair3,P,-0.0039081573486328125,-0.0037136077880859375,27059,27059
gpt-j-6b-fp32,diag_rank_asc,0.12,53,53,SAME-OPP,pair3,Q,-0.0045299530029296875,0.0007038116455078125,632,632
gpt-j-6b-fp32,diag_rank_asc,0.12,53,53,SAME-OPP,pair4,P,-0.00438690185546875,-0.004208564758300781,27059,27059
gpt-j-6b-fp32,diag_rank_asc,0.12,53,53,SAME-OPP,pair4,Q,-0.006755828857421875,-0.0027904510498046875,632,632
gpt-j-6b-fp32,diag_rank_asc,0.12,53,53,SAME-OPP,pair5,P,-0.0049800872802734375,-0.0025691986083984375,27059,27059
gpt-j-6b-fp32,diag_rank_asc,0.12,53,53,SAME-OPP,pair5,Q,0.0005311965942382812,0.0014219284057617188,632,632
gpt-j-6b-fp32,diag_rank_asc,0.12,53,53,SAME-OPP,pair6,P,-0.0061664581298828125,-0.0005884170532226562,27059,27059
gpt-j-6b-fp32,diag_rank_asc,0.12,53,53,SAME-OPP,pair6,Q,-0.0020351409912109375,0.00333404541015625,632,632
gpt-j-6b-fp32,diag_rank_asc,0.12,53,53,SAME-OPP,pair7,P,0.0023136138916015625,0.0026922225952148438,632,632
gpt-j-6b-fp32,diag_rank_asc,0.12,53,53,SAME-OPP,pair7,Q,-0.0013532638549804688,0.010750770568847656,632,632
gpt-j-6b-fp32,diag_rank_asc,0.12,53,53,SAME-OPP,pair8,P,-0.007565498352050781,-0.008558273315429688,581,581
gpt-j-6b-fp32,diag_rank_asc,0.12,53,53,SAME-OPP,pair8,Q,-0.00605010986328125,-0.00038433074951171875,581,581
gpt-j-6b-fp32,diag_rank_asc,0.12,53,53,SAME-OPP,pair9,P,-0.00829315185546875,-0.0025396347045898438,27059,27059
gpt-j-6b-fp32,diag_rank_asc,0.12,53,53,SAME-OPP,pair9,Q,-0.007431983947753906,0.0027370452880859375,1928,1928
gpt-j-6b-fp32,diag_rank_asc,0.12,53,53,SAME-MORE,pair0,P,0.014346122741699219,0.011996269226074219,632,632
gpt-j-6b-fp32,diag_rank_asc,0.12,53,53,SAME-MORE,pair0,Q,-0.003215789794921875,0.0057353973388671875,39733,39733
gpt-j-6b-fp32,diag_rank_asc,0.12,53,53,SAME-MORE,pair1,P,0.028387069702148438,0.019323348999023438,27059,27059
gpt-j-6b-fp32,diag_rank_asc,0.12,53,53,SAME-MORE,pair1,Q,-0.009469032287597656,0.009523391723632812,19157,19157
gpt-j-6b-fp32,diag_rank_asc,0.12,53,53,SAME-MORE,pair2,P,0.025979995727539062,0.002895355224609375,632,632
gpt-j-6b-fp32,diag_rank_asc,0.12,53,53,SAME-MORE,pair2,Q,-0.0004291534423828125,0.007578849792480469,632,632
gpt-j-6b-fp32,diag_rank_asc,0.12,53,53,SAME-MORE,pair3,P,0.008159637451171875,-0.0027437210083007812,27059,27059
gpt-j-6b-fp32,diag_rank_asc,0.12,53,53,SAME-MORE,pair3,Q,-0.01713085174560547,0.006718635559082031,632,632
gpt-j-6b-fp32,diag_rank_asc,0.12,53,53,SAME-MORE,pair4,P,0.019611358642578125,0.008200645446777344,27059,27059
gpt-j-6b-fp32,diag_rank_asc,0.12,53,53,SAME-MORE,pair4,Q,0.013218879699707031,0.0048828125,632,632
gpt-j-6b-fp32,diag_rank_asc,0.12,53,53,SAME-MORE,pair5,P,0.031907081604003906,0.014996528625488281,27059,27059
gpt-j-6b-fp32,diag_rank_asc,0.12,53,53,SAME-MORE,pair5,Q,-0.016839981079101562,0.029325485229492188,632,632
gpt-j-6b-fp32,diag_rank_asc,0.12,53,53,SAME-MORE,pair6,P,0.01844310760498047,0.006300926208496094,27059,27059
gpt-j-6b-fp32,diag_rank_asc,0.12,53,53,SAME-MORE,pair6,Q,-0.012072563171386719,-0.021058082580566406,632,632
gpt-j-6b-fp32,diag_rank_asc,0.12,53,53,SAME-MORE,pair7,P,0.0273590087890625,0.007936477661132812,632,632
gpt-j-6b-fp32,diag_rank_asc,0.12,53,53,SAME-MORE,pair7,Q,-0.0011396408081054688,-0.010983467102050781,632,632
gpt-j-6b-fp32,diag_rank_asc,0.12,53,53,SAME-MORE,pair8,P,0.030023574829101562,0.0358734130859375,581,581
gpt-j-6b-fp32,diag_rank_asc,0.12,53,53,SAME-MORE,pair8,Q,-0.00010585784912109375,0.008718490600585938,581,581
gpt-j-6b-fp32,diag_rank_asc,0.12,53,53,SAME-MORE,pair9,P,0.027822494506835938,0.014097213745117188,27059,27059
gpt-j-6b-fp32,diag_rank_asc,0.12,53,53,SAME-MORE,pair9,Q,-0.00052642822265625,-0.004730224609375,1928,1928
gpt-j-6b-fp32,diag_rank_asc,0.12,53,53,SAME-LESS,pair0,P,0.011427879333496094,-0.004673957824707031,632,632
gpt-j-6b-fp32,diag_rank_asc,0.12,53,53,SAME-LESS,pair0,Q,0.00325775146484375,-0.047809600830078125,39733,39733
gpt-j-6b-fp32,diag_rank_asc,0.12,53,53,SAME-LESS,pair1,P,0.029085159301757812,-0.040421485900878906,27059,27059
gpt-j-6b-fp32,diag_rank_asc,0.12,53,53,SAME-LESS,pair1,Q,-0.0024127960205078125,-0.04439353942871094,19157,19157
gpt-j-6b-fp32,diag_rank_asc,0.12,53,53,SAME-LESS,pair2,P,0.021880149841308594,-0.07906007766723633,632,632
gpt-j-6b-fp32,diag_rank_asc,0.12,53,53,SAME-LESS,pair2,Q,0.0009174346923828125,-0.1128377914428711,632,632
gpt-j-6b-fp32,diag_rank_asc,0.12,53,53,SAME-LESS,pair3,P,0.004616737365722656,0.043831825256347656,27059,27059
gpt-j-6b-fp32,diag_rank_asc,0.12,53,53,SAME-LESS,pair3,Q,-0.007174491882324219,0.012662887573242188,632,632
gpt-j-6b-fp32,diag_rank_asc,0.12,53,53,SAME-LESS,pair4,P,0.018497467041015625,-0.051840782165527344,27059,27059
gpt-j-6b-fp32,diag_rank_asc,0.12,53,53,SAME-LESS,pair4,Q,0.01634979248046875,-0.06957244873046875,632,632
gpt-j-6b-fp32,diag_rank_asc,0.12,53,53,SAME-LESS,pair5,P,0.029088973999023438,0.021256446838378906,27059,27059
gpt-j-6b-fp32,diag_rank_asc,0.12,53,53,SAME-LESS,pair5,Q,-0.007813453674316406,0.014417648315429688,632,632
gpt-j-6b-fp32,diag_rank_asc,0.12,53,53,SAME-LESS,pair6,P,0.01847362518310547,-0.039053916931152344,27059,27059
gpt-j-6b-fp32,diag_rank_asc,0.12,53,53,SAME-LESS,pair6,Q,-0.005672454833984375,-0.07232189178466797,632,632
gpt-j-6b-fp32,diag_rank_asc,0.12,53,53,SAME-LESS,pair7,P,0.02529430389404297,0.014865875244140625,632,632
gpt-j-6b-fp32,diag_rank_asc,0.12,53,53,SAME-LESS,pair7,Q,-0.00015544891357421875,0.019443511962890625,632,632
gpt-j-6b-fp32,diag_rank_asc,0.12,53,53,SAME-LESS,pair8,P,0.03107166290283203,0.005915641784667969,581,581
gpt-j-6b-fp32,diag_rank_asc,0.12,53,53,SAME-LESS,pair8,Q,0.010897636413574219,-0.021921157836914062,581,581
gpt-j-6b-fp32,diag_rank_asc,0.12,53,53,SAME-LESS,pair9,P,0.025322914123535156,-0.009905815124511719,27059,27059
gpt-j-6b-fp32,diag_rank_asc,0.12,53,53,SAME-LESS,pair9,Q,0.0036382675170898438,-0.04074287414550781,1928,1928
gpt-j-6b-fp32,diag_rank_asc,0.12,53,53,OPP-MORE,pair0,P,0.016691207885742188,0.011649131774902344,632,632
gpt-j-6b-fp32,diag_rank_asc,0.12,53,53,OPP-MORE,pair0,Q,-0.005993843078613281,0.004982948303222656,39733,39733
gpt-j-6b-fp32,diag_rank_asc,0.12,53,53,OPP-MORE,pair1,P,0.047351837158203125,0.030404090881347656,27059,27059
gpt-j-6b-fp32,diag_rank_asc,0.12,53,53,OPP-MORE,pair1,Q,-0.004990577697753906,0.017301559448242188,19157,19157
gpt-j-6b-fp32,diag_rank_asc,0.12,53,53,OPP-MORE,pair2,P,0.04556465148925781,0.007544517517089844,27059,27059
gpt-j-6b-fp32,diag_rank_asc,0.12,53,53,OPP-MORE,pair2,Q,-0.01509857177734375,0.0045566558837890625,632,632
gpt-j-6b-fp32,diag_rank_asc,0.12,53,53,OPP-MORE,pair3,P,0.02456188201904297,-0.0043277740478515625,27059,27059
gpt-j-6b-fp32,diag_rank_asc,0.12,53,53,OPP-MORE,pair3,Q,-0.02131938934326172,0.0077381134033203125,5930,5930
gpt-j-6b-fp32,diag_rank_asc,0.12,53,53,OPP-MORE,pair4,P,0.04501152038574219,0.015382766723632812,27059,27059
gpt-j-6b-fp32,diag_rank_asc,0.12,53,53,OPP-MORE,pair4,Q,0.018238067626953125,0.011725425720214844,632,632
gpt-j-6b-fp32,diag_rank_asc,0.12,53,53,OPP-MORE,pair5,P,0.04203605651855469,0.026042938232421875,27059,27059
gpt-j-6b-fp32,diag_rank_asc,0.12,53,53,OPP-MORE,pair5,Q,-0.01603221893310547,0.0358123779296875,632,632
gpt-j-6b-fp32,diag_rank_asc,0.12,53,53,OPP-MORE,pair6,P,0.027388572692871094,0.0059986114501953125,27059,27059
gpt-j-6b-fp32,diag_rank_asc,0.12,53,53,OPP-MORE,pair6,Q,-0.010085105895996094,-0.02747344970703125,632,632
gpt-j-6b-fp32,diag_rank_asc,0.12,53,53,OPP-MORE,pair7,P,0.042534828186035156,0.011698722839355469,632,632
gpt-j-6b-fp32,diag_rank_asc,0.12,53,53,OPP-MORE,pair7,Q,-0.012725830078125,-0.0093994140625,632,632
gpt-j-6b-fp32,diag_rank_asc,0.12,53,53,OPP-MORE,pair8,P,0.028578758239746094,0.02470684051513672,1874,27059
gpt-j-6b-fp32,diag_rank_asc,0.12,53,53,OPP-MORE,pair8,Q,0.008924484252929688,0.005362510681152344,1874,1874
gpt-j-6b-fp32,diag_rank_asc,0.12,53,53,OPP-MORE,pair9,P,0.051705360412597656,0.016767501831054688,27059,27059
gpt-j-6b-fp32,diag_rank_asc,0.12,53,53,OPP-MORE,pair9,Q,-0.0024156570434570312,-0.0020923614501953125,23663,23663
gpt-j-6b-fp32,diag_rank_asc,0.12,53,53,OPP-LESS,pair0,P,0.027482032775878906,-0.0037889480590820312,632,632
gpt-j-6b-fp32,diag_rank_asc,0.12,53,53,OPP-LESS,pair0,Q,-0.0020341873168945312,-0.04417705535888672,39733,39733
gpt-j-6b-fp32,diag_rank_asc,0.12,53,53,OPP-LESS,pair1,P,0.054656982421875,-0.021859169006347656,27059,27059
gpt-j-6b-fp32,diag_rank_asc,0.12,53,53,OPP-LESS,pair1,Q,0.0001010894775390625,-0.026610374450683594,19157,19157
gpt-j-6b-fp32,diag_rank_asc,0.12,53,53,OPP-LESS,pair2,P,0.044379234313964844,-0.08045625686645508,27059,27059
gpt-j-6b-fp32,diag_rank_asc,0.12,53,53,OPP-LESS,pair2,Q,-0.018754005432128906,-0.11285972595214844,632,632
gpt-j-6b-fp32,diag_rank_asc,0.12,53,53,OPP-LESS,pair3,P,0.027556419372558594,0.049945831298828125,27059,27059
gpt-j-6b-fp32,diag_rank_asc,0.12,53,53,OPP-LESS,pair3,Q,-0.010152816772460938,0.013021469116210938,5930,5930
gpt-j-6b-fp32,diag_rank_asc,0.12,53,53,OPP-LESS,pair4,P,0.0518035888671875,-0.04043865203857422,27059,27059
gpt-j-6b-fp32,diag_rank_asc,0.12,53,53,OPP-LESS,pair4,Q,0.019321441650390625,-0.060916900634765625,632,632
gpt-j-6b-fp32,diag_rank_asc,0.12,53,53,OPP-LESS,pair5,P,0.04369163513183594,0.03226661682128906,27059,27059
gpt-j-6b-fp32,diag_rank_asc,0.12,53,53,OPP-LESS,pair5,Q,-0.007140159606933594,0.022508621215820312,632,632
gpt-j-6b-fp32,diag_rank_asc,0.12,53,53,OPP-LESS,pair6,P,0.031925201416015625,-0.028856277465820312,27059,27059
gpt-j-6b-fp32,diag_rank_asc,0.12,53,53,OPP-LESS,pair6,Q,-0.0072803497314453125,-0.07305145263671875,632,632
gpt-j-6b-fp32,diag_rank_asc,0.12,53,53,OPP-LESS,pair7,P,0.050873756408691406,0.02567005157470703,632,632
gpt-j-6b-fp32,diag_rank_asc,0.12,53,53,OPP-LESS,pair7,Q,-0.009838104248046875,0.01924610137939453,632,632
gpt-j-6b-fp32,diag_rank_asc,0.12,53,53,OPP-LESS,pair8,P,0.036240577697753906,0.008460044860839844,1874,27059
gpt-j-6b-fp32,diag_rank_asc,0.12,53,53,OPP-LESS,pair8,Q,0.017305374145507812,-0.012160301208496094,1874,1874
gpt-j-6b-fp32,diag_rank_asc,0.12,53,53,OPP-LESS,pair9,P,0.05379199981689453,0.0040836334228515625,27059,27059
gpt-j-6b-fp32,diag_rank_asc,0.12,53,53,OPP-LESS,pair9,Q,-0.00034809112548828125,-0.02781963348388672,23663,23663
gpt-j-6b-fp32,diag_rank_asc,0.12,53,53,MORE-LESS,pair0,P,-0.000209808349609375,0.0029363632202148438,10255,10255
gpt-j-6b-fp32,diag_rank_asc,0.12,53,53,MORE-LESS,pair0,Q,-0.00045490264892578125,0.0020837783813476562,10255,10255
gpt-j-6b-fp32,diag_rank_asc,0.12,53,53,MORE-LESS,pair1,P,0.0041179656982421875,-0.0038099288940429688,18605,18605
gpt-j-6b-fp32,diag_rank_asc,0.12,53,53,MORE-LESS,pair1,Q,0.005223274230957031,-0.003954887390136719,18605,18605
gpt-j-6b-fp32,diag_rank_asc,0.12,53,53,MORE-LESS,pair2,P,0.0071563720703125,-0.008748054504394531,8038,8038
gpt-j-6b-fp32,diag_rank_asc,0.12,53,53,MORE-LESS,pair2,Q,0.006928443908691406,-0.009884834289550781,8038,8038
gpt-j-6b-fp32,diag_rank_asc,0.12,53,53,MORE-LESS,pair3,P,0.009684562683105469,0.0036020278930664062,1234,1234
gpt-j-6b-fp32,diag_rank_asc,0.12,53,53,MORE-LESS,pair3,Q,0.011159896850585938,0.005695343017578125,1234,1234
gpt-j-6b-fp32,diag_rank_asc,0.12,53,53,MORE-LESS,pair4,P,0.005139350891113281,-0.0008153915405273438,23448,23448
gpt-j-6b-fp32,diag_rank_asc,0.12,53,53,MORE-LESS,pair4,Q,0.005684852600097656,0.0017366409301757812,23448,23448
gpt-j-6b-fp32,diag_rank_asc,0.12,53,53,MORE-LESS,pair5,P,0.007365226745605469,-0.008726119995117188,969,969
gpt-j-6b-fp32,diag_rank_asc,0.12,53,53,MORE-LESS,pair5,Q,0.009598731994628906,-0.005188941955566406,1426,1426
gpt-j-6b-fp32,diag_rank_asc,0.12,53,53,MORE-LESS,pair6,P,0.0018815994262695312,-0.006659507751464844,6514,6514
gpt-j-6b-fp32,diag_rank_asc,0.12,53,53,MORE-LESS,pair6,Q,0.002216339111328125,-0.0056438446044921875,6514,6514
gpt-j-6b-fp32,diag_rank_asc,0.12,53,53,MORE-LESS,pair7,P,-0.002460479736328125,0.0077190399169921875,22111,22111
gpt-j-6b-fp32,diag_rank_asc,0.12,53,53,MORE-LESS,pair7,Q,-0.0058116912841796875,0.0069942474365234375,22111,22111
gpt-j-6b-fp32,diag_rank_asc,0.12,53,53,MORE-LESS,pair8,P,0.011594772338867188,0.005236625671386719,969,969
gpt-j-6b-fp32,diag_rank_asc,0.12,53,53,MORE-LESS,pair8,Q,0.008739471435546875,0.006587982177734375,969,969
gpt-j-6b-fp32,diag_rank_asc,0.12,53,53,MORE-LESS,pair9,P,0.0054168701171875,0.0009088516235351562,34439,34439
gpt-j-6b-fp32,diag_rank_asc,0.12,53,53,MORE-LESS,pair9,Q,0.005794525146484375,0.002307891845703125,34439,34439
gpt-j-6b-fp32,diag_rank_asc,0.15,67,67,SAME-OPP,pair0,P,-0.0070476531982421875,-0.0009069442749023438,632,632
gpt-j-6b-fp32,diag_rank_asc,0.15,67,67,SAME-OPP,pair0,Q,0.0015573501586914062,0.001983642578125,39733,39733
gpt-j-6b-fp32,diag_rank_asc,0.15,67,67,SAME-OPP,pair1,P,-0.015409469604492188,-0.0040988922119140625,27059,27059
gpt-j-6b-fp32,diag_rank_asc,0.15,67,67,SAME-OPP,pair1,Q,-0.009248733520507812,8.869171142578125e-05,19157,19157
gpt-j-6b-fp32,diag_rank_asc,0.15,67,67,SAME-OPP,pair2,P,-0.010805130004882812,-0.005753517150878906,632,632
gpt-j-6b-fp32,diag_rank_asc,0.15,67,67,SAME-OPP,pair2,Q,-0.006336212158203125,-0.0006246566772460938,632,632
gpt-j-6b-fp32,diag_rank_asc,0.15,67,67,SAME-OPP,pair3,P,-0.009120941162109375,-0.008711814880371094,27059,27059
gpt-j-6b-fp32,diag_rank_asc,0.15,67,67,SAME-OPP,pair3,Q,-0.008127212524414062,-0.0007152557373046875,632,632
gpt-j-6b-fp32,diag_rank_asc,0.15,67,67,SAME-OPP,pair4,P,-0.010899543762207031,-0.006846427917480469,27059,27059
gpt-j-6b-fp32,diag_rank_asc,0.15,67,67,SAME-OPP,pair4,Q,-0.009313583374023438,-0.002498626708984375,632,632
gpt-j-6b-fp32,diag_rank_asc,0.15,67,67,SAME-OPP,pair5,P,-0.010561943054199219,-0.007903099060058594,27059,27059
gpt-j-6b-fp32,diag_rank_asc,0.15,67,67,SAME-OPP,pair5,Q,-0.006064414978027344,-0.0035696029663085938,632,632
gpt-j-6b-fp32,diag_rank_asc,0.15,67,67,SAME-OPP,pair6,P,-0.014766693115234375,-0.0041103363037109375,27059,27059
gpt-j-6b-fp32,diag_rank_asc,0.15,67,67,SAME-OPP,pair6,Q,-0.007785797119140625,0.0020437240600585938,632,632
gpt-j-6b-fp32,diag_rank_asc,0.15,67,67,SAME-OPP,pair7,P,-0.00298309326171875,-0.0024738311767578125,632,632
gpt-j-6b-fp32,diag_rank_asc,0.15,67,67,SAME-OPP,pair7,Q,-0.0054340362548828125,0.006293296813964844,632,632
gpt-j-6b-fp32,diag_rank_asc,0.15,67,67,SAME-OPP,pair8,P,-0.017859458923339844,-0.019113540649414062,581,581
gpt-j-6b-fp32,diag_rank_asc,0.15,67,67,SAME-OPP,pair8,Q,-0.012991905212402344,-0.00566864013671875,581,581
gpt-j-6b-fp32,diag_rank_asc,0.15,67,67,SAME-OPP,pair9,P,-0.016391754150390625,-0.009786605834960938,27059,27059
gpt-j-6b-fp32,diag_rank_asc,0.15,67,67,SAME-OPP,pair9,Q,-0.014266014099121094,-0.00012493133544921875,1928,1928
gpt-j-6b-fp32,diag_rank_asc,0.15,67,67,SAME-MORE,pair0,P,-0.008914947509765625,0.0021047592163085938,632,632
gpt-j-6b-fp32,diag_rank_asc,0.15,67,67,SAME-MORE,pair0,Q,0.015809059143066406,-0.004332542419433594,39733,39733
gpt-j-6b-fp32,diag_rank_asc,0.15,67,67,SAME-MORE,pair1,P,0.018035888671875,-0.000179290771484375,27059,27059
gpt-j-6b-fp32,diag_rank_asc,0.15,67,67,SAME-MORE,pair1,Q,-0.003971099853515625,-0.012831687927246094,19157,19157
gpt-j-6b-fp32,diag_rank_asc,0.15,67,67,SAME-MORE,pair2,P,0.019371986389160156,-0.017566680908203125,632,632
gpt-j-6b-fp32,diag_rank_asc,0.15,67,67,SAME-MORE,pair2,Q,0.0015277862548828125,-0.0027828216552734375,632,632
gpt-j-6b-fp32,diag_rank_asc,0.15,67,67,SAME-MORE,pair3,P,0.005545616149902344,-0.00200653076171875,27059,27059
gpt-j-6b-fp32,diag_rank_asc,0.15,67,67,SAME-MORE,pair3,Q,-0.0036487579345703125,0.012743949890136719,632,632
gpt-j-6b-fp32,diag_rank_asc,0.15,67,67,SAME-MORE,pair4,P,-0.0030202865600585938,-0.034224510192871094,27059,27059
gpt-j-6b-fp32,diag_rank_asc,0.15,67,67,SAME-MORE,pair4,Q,0.017917633056640625,-0.025513648986816406,632,632
gpt-j-6b-fp32,diag_rank_asc,0.15,67,67,SAME-MORE,pair5,P,0.03323078155517578,0.016712188720703125,27059,27059
gpt-j-6b-fp32,diag_rank_asc,0.15,67,67,SAME-MORE,pair5,Q,0.00738525390625,0.03705787658691406,632,632
gpt-j-6b-fp32,diag_rank_asc,0.15,67,67,SAME-MORE,pair6,P,-0.000408172607421875,-0.03044891357421875,27059,27059
gpt-j-6b-fp32,diag_rank_asc,0.15,67,67,SAME-MORE,pair6,Q,-0.00035762786865234375,-0.047064781188964844,632,632
gpt-j-6b-fp32,diag_rank_asc,0.15,67,67,SAME-MORE,pair7,P,0.021859169006347656,0.002666473388671875,632,632
gpt-j-6b-fp32,diag_rank_asc,0.15,67,67,SAME-MORE,pair7,Q,-0.010502815246582031,-0.005321502685546875,632,632
gpt-j-6b-fp32,diag_rank_asc,0.15,67,67,SAME-MORE,pair8,P,0.02824878692626953,0.03285789489746094,581,581
gpt-j-6b-fp32,diag_rank_asc,0.15,67,67,SAME-MORE,pair8,Q,0.015676498413085938,0.01571178436279297,581,1874
gpt-j-6b-fp32,diag_rank_asc,0.15,67,67,SAME-MORE,pair9,P,0.024261474609375,-0.00012683868408203125,27059,27059
gpt-j-6b-fp32,diag_rank_asc,0.15,67,67,SAME-MORE,pair9,Q,-0.0001087188720703125,-0.00030994415283203125,1928,1928
gpt-j-6b-fp32,diag_rank_asc,0.15,67,67,SAME-LESS,pair0,P,-0.010478973388671875,-0.030242919921875,632,632
gpt-j-6b-fp32,diag_rank_asc,0.15,67,67,SAME-LESS,pair0,Q,0.02392292022705078,-0.07860946655273438,39733,39733
gpt-j-6b-fp32,diag_rank_asc,0.15,67,67,SAME-LESS,pair1,P,0.018448829650878906,-0.063201904296875,27059,27059
gpt-j-6b-fp32,diag_rank_asc,0.15,67,67,SAME-LESS,pair1,Q,0.008263587951660156,-0.0630178451538086,19157,19157
gpt-j-6b-fp32,diag_rank_asc,0.15,67,67,SAME-LESS,pair2,P,0.02261066436767578,-0.11431455612182617,632,632
gpt-j-6b-fp32,diag_rank_asc,0.15,67,67,SAME-LESS,pair2,Q,0.009119033813476562,-0.15801048278808594,632,632
gpt-j-6b-fp32,diag_rank_asc,0.15,67,67,SAME-LESS,pair3,P,0.005389213562011719,0.05102729797363281,27059,27059
gpt-j-6b-fp32,diag_rank_asc,0.15,67,67,SAME-LESS,pair3,Q,0.010462760925292969,0.016373634338378906,632,632
gpt-j-6b-fp32,diag_rank_asc,0.15,67,67,SAME-LESS,pair4,P,-0.0032711029052734375,-0.0858612060546875,27059,27059
gpt-j-6b-fp32,diag_rank_asc,0.15,67,67,SAME-LESS,pair4,Q,0.02357196807861328,-0.11033344268798828,632,632
gpt-j-6b-fp32,diag_rank_asc,0.15,67,67,SAME-LESS,pair5,P,0.03299999237060547,0.032027244567871094,27059,27059
gpt-j-6b-fp32,diag_rank_asc,0.15,67,67,SAME-LESS,pair5,Q,0.019365310668945312,0.02872467041015625,632,632
gpt-j-6b-fp32,diag_rank_asc,0.15,67,67,SAME-LESS,pair6,P,5.435943603515625e-05,-0.05178070068359375,27059,27059
gpt-j-6b-fp32,diag_rank_asc,0.15,67,67,SAME-LESS,pair6,Q,0.009349822998046875,-0.09166240692138672,632,632
gpt-j-6b-fp32,diag_rank_asc,0.15,67,67,SAME-LESS,pair7,P,0.025031089782714844,-0.018306732177734375,632,632
gpt-j-6b-fp32,diag_rank_asc,0.15,67,67,SAME-LESS,pair7,Q,-0.005370140075683594,0.0024976730346679688,632,632
gpt-j-6b-fp32,diag_rank_asc,0.15,67,67,SAME-LESS,pair8,P,0.032942771911621094,0.01972198486328125,581,581
gpt-j-6b-fp32,diag_rank_asc,0.15,67,67,SAME-LESS,pair8,Q,0.03023052215576172,-0.009433746337890625,581,581
gpt-j-6b-fp32,diag_rank_asc,0.15,67,67,SAME-LESS,pair9,P,0.023904800415039062,-0.015726089477539062,27059,27059
gpt-j-6b-fp32,diag_rank_asc,0.15,67,67,SAME-LESS,pair9,Q,0.009648323059082031,-0.04638385772705078,1928,1928
gpt-j-6b-fp32,diag_rank_asc,0.15,67,67,OPP-MORE,pair0,P,0.03215789794921875,0.008238792419433594,632,632
gpt-j-6b-fp32,diag_rank_asc,0.15,67,67,OPP-MORE,pair0,Q,0.006861686706542969,0.0014448165893554688,39733,39733
gpt-j-6b-fp32,diag_rank_asc,0.15,67,67,OPP-MORE,pair1,P,0.07305145263671875,0.014855384826660156,27059,27059
gpt-j-6b-fp32,diag_rank_asc,0.15,67,67,OPP-MORE,pair1,Q,0.007250785827636719,-0.004412651062011719,19157,19157
gpt-j-6b-fp32,diag_rank_asc,0.15,67,67,OPP-MORE,pair2,P,0.0673513412475586,-0.019158363342285156,27059,27059
gpt-j-6b-fp32,diag_rank_asc,0.15,67,67,OPP-MORE,pair2,Q,-0.0015897750854492188,-0.008172035217285156,632,632
gpt-j-6b-fp32,diag_rank_asc,0.15,67,67,OPP-MORE,pair3,P,0.04372692108154297,-0.0046367645263671875,27059,27059
gpt-j-6b-fp32,diag_rank_asc,0.15,67,67,OPP-MORE,pair3,Q,-0.008444786071777344,0.012432098388671875,5930,5930
gpt-j-6b-fp32,diag_rank_asc,0.15,67,67,OPP-MORE,pair4,P,0.05751991271972656,-0.01595592498779297,27059,27059
gpt-j-6b-fp32,diag_rank_asc,0.15,67,67,OPP-MORE,pair4,Q,0.01756763458251953,-0.011640548706054688,632,632
gpt-j-6b-fp32,diag_rank_asc,0.15,67,67,OPP-MORE,pair5,P,0.059683799743652344,0.02510833740234375,27059,27059
gpt-j-6b-fp32,diag_rank_asc,0.15,67,67,OPP-MORE,pair5,Q,0.008451461791992188,0.043643951416015625,632,632
gpt-j-6b-fp32,diag_rank_asc,0.15,67,67,OPP-MORE,pair6,P,0.03471565246582031,-0.02460765838623047,27059,27059
gpt-j-6b-fp32,diag_rank_asc,0.15,67,67,OPP-MORE,pair6,Q,0.0038843154907226562,-0.04884052276611328,632,632
gpt-j-6b-fp32,diag_rank_asc,0.15,67,67,OPP-MORE,pair7,P,0.06048297882080078,0.009577751159667969,632,632
gpt-j-6b-fp32,diag_rank_asc,0.15,67,67,OPP-MORE,pair7,Q,-0.010857582092285156,-0.000408172607421875,632,632
gpt-j-6b-fp32,diag_rank_asc,0.15,67,67,OPP-MORE,pair8,P,0.03691864013671875,0.02742481231689453,1874,1874
gpt-j-6b-fp32,diag_rank_asc,0.15,67,67,OPP-MORE,pair8,Q,0.029636383056640625,0.01632213592529297,1874,1874
gpt-j-6b-fp32,diag_rank_asc,0.15,67,67,OPP-MORE,pair9,P,0.08043193817138672,0.005946159362792969,27059,27059
gpt-j-6b-fp32,diag_rank_asc,0.15,67,67,OPP-MORE,pair9,Q,0.021532058715820312,0.0057010650634765625,23663,23663
gpt-j-6b-fp32,diag_rank_asc,0.15,67,67,OPP-LESS,pair0,P,0.04742431640625,-0.022787094116210938,632,632
gpt-j-6b-fp32,diag_rank_asc,0.15,67,67,OPP-LESS,pair0,Q,0.015044212341308594,-0.06685066223144531,39733,39733
gpt-j-6b-fp32,diag_rank_asc,0.15,67,67,OPP-LESS,pair1,P,0.08389854431152344,-0.034293174743652344,27059,27059
gpt-j-6b-fp32,diag_rank_asc,0.15,67,67,OPP-LESS,pair1,Q,0.019331932067871094,-0.042115211486816406,19157,19157
gpt-j-6b-fp32,diag_rank_asc,0.15,67,67,OPP-LESS,pair2,P,0.07339763641357422,-0.11722803115844727,27059,27059
gpt-j-6b-fp32,diag_rank_asc,0.15,67,67,OPP-LESS,pair2,Q,0.0010366439819335938,-0.1575756072998047,632,632
gpt-j-6b-fp32,diag_rank_asc,0.15,67,67,OPP-LESS,pair3,P,0.052237510681152344,0.06254291534423828,27059,27059
gpt-j-6b-fp32,diag_rank_asc,0.15,67,67,OPP-LESS,pair3,Q,0.007746696472167969,0.02242565155029297,5930,5930
gpt-j-6b-fp32,diag_rank_asc,0.15,67,67,OPP-LESS,pair4,P,0.06588077545166016,-0.05452919006347656,27059,27059
gpt-j-6b-fp32,diag_rank_asc,0.15,67,67,OPP-LESS,pair4,Q,0.022970199584960938,-0.08782100677490234,632,632
gpt-j-6b-fp32,diag_rank_asc,0.15,67,67,OPP-LESS,pair5,P,0.06600761413574219,0.04403209686279297,27059,27059
gpt-j-6b-fp32,diag_rank_asc,0.15,67,67,OPP-LESS,pair5,Q,0.022165298461914062,0.03718090057373047,632,632
gpt-j-6b-fp32,diag_rank_asc,0.15,67,67,OPP-LESS,pair6,P,0.042530059814453125,-0.030900955200195312,27059,27059
gpt-j-6b-fp32,diag_rank_asc,0.15,67,67,OPP-LESS,pair6,Q,0.011702537536621094,-0.08309364318847656,632,632
gpt-j-6b-fp32,diag_rank_asc,0.15,67,67,OPP-LESS,pair7,P,0.0761575698852539,-0.0055713653564453125,632,632
gpt-j-6b-fp32,diag_rank_asc,0.15,67,67,OPP-LESS,pair7,Q,-0.002956390380859375,0.0052127838134765625,632,632
gpt-j-6b-fp32,diag_rank_asc,0.15,67,67,OPP-LESS,pair8,P,0.048370361328125,0.03161430358886719,1874,27059
gpt-j-6b-fp32,diag_rank_asc,0.15,67,67,OPP-LESS,pair8,Q,0.04249286651611328,0.0048980712890625,1874,1874
gpt-j-6b-fp32,diag_rank_asc,0.15,67,67,OPP-LESS,pair9,P,0.08591175079345703,0.020084381103515625,27059,27059
gpt-j-6b-fp32,diag_rank_asc,0.15,67,67,OPP-LESS,pair9,Q,0.0283966064453125,-0.01929759979248047,23663,23663
gpt-j-6b-fp32,diag_rank_asc,0.15,67,67,MORE-LESS,pair0,P,0.0027828216552734375,0.007096290588378906,10255,10255
gpt-j-6b-fp32,diag_rank_asc,0.15,67,67,MORE-LESS,pair0,Q,0.0005617141723632812,0.004017829895019531,10255,10255
gpt-j-6b-fp32,diag_rank_asc,0.15,67,67,MORE-LESS,pair1,P,0.004283905029296875,-0.0020503997802734375,18605,18605
gpt-j-6b-fp32,diag_rank_asc,0.15,67,67,MORE-LESS,pair1,Q,0.0076236724853515625,-0.0022592544555664062,18605,18605
gpt-j-6b-fp32,diag_rank_asc,0.15,67,67,MORE-LESS,pair2,P,0.010110855102539062,-0.009153366088867188,8038,8038
gpt-j-6b-fp32,diag_rank_asc,0.15,67,67,MORE-LESS,pair2,Q,0.009627342224121094,-0.01053619384765625,8038,8038
gpt-j-6b-fp32,diag_rank_asc,0.15,67,67,MORE-LESS,pair3,P,0.011418342590332031,0.004166603088378906,1234,1234
gpt-j-6b-fp32,diag_rank_asc,0.15,67,67,MORE-LESS,pair3,Q,0.012845993041992188,0.0058574676513671875,1234,1234
gpt-j-6b-fp32,diag_rank_asc,0.15,67,67,MORE-LESS,pair4,P,0.008624076843261719,-0.008843421936035156,23448,23448
gpt-j-6b-fp32,diag_rank_asc,0.15,67,67,MORE-LESS,pair4,Q,0.009827613830566406,-0.004688262939453125,23448,23448
gpt-j-6b-fp32,diag_rank_asc,0.15,67,67,MORE-LESS,pair5,P,0.007758140563964844,-0.006634712219238281,969,969
gpt-j-6b-fp32,diag_rank_asc,0.15,67,67,MORE-LESS,pair5,Q,0.009578704833984375,-0.004123687744140625,1426,1426
gpt-j-6b-fp32,diag_rank_asc,0.15,67,67,MORE-LESS,pair6,P,0.0052928924560546875,-0.0062408447265625,6514,6514
gpt-j-6b-fp32,diag_rank_asc,0.15,67,67,MORE-LESS,pair6,Q,0.004885673522949219,-0.005191802978515625,6514,6514
gpt-j-6b-fp32,diag_rank_asc,0.15,67,67,MORE-LESS,pair7,P,0.001949310302734375,0.012506484985351562,22111,22111
gpt-j-6b-fp32,diag_rank_asc,0.15,67,67,MORE-LESS,pair7,Q,-0.0028228759765625,0.010894775390625,22111,22111
gpt-j-6b-fp32,diag_rank_asc,0.15,67,67,MORE-LESS,pair8,P,0.011057853698730469,0.0045986175537109375,969,969
gpt-j-6b-fp32,diag_rank_asc,0.15,67,67,MORE-LESS,pair8,Q,0.008676528930664062,0.0057392120361328125,969,969
gpt-j-6b-fp32,diag_rank_asc,0.15,67,67,MORE-LESS,pair9,P,0.008823394775390625,-0.0029897689819335938,34439,34439
gpt-j-6b-fp32,diag_rank_asc,0.15,67,67,MORE-LESS,pair9,Q,0.009267807006835938,0.00047397613525390625,34439,34439
gpt-j-6b-fp32,diag_rank_asc,0.2,89,89,SAME-OPP,pair0,P,-0.00473785400390625,-0.0057277679443359375,632,632
gpt-j-6b-fp32,diag_rank_asc,0.2,89,89,SAME-OPP,pair0,Q,0.00027942657470703125,0.0020093917846679688,39733,39733
gpt-j-6b-fp32,diag_rank_asc,0.2,89,89,SAME-OPP,pair1,P,-0.020155906677246094,2.6702880859375e-05,27059,27059
gpt-j-6b-fp32,diag_rank_asc,0.2,89,89,SAME-OPP,pair1,Q,-0.012464523315429688,-0.004830360412597656,19157,19157
gpt-j-6b-fp32,diag_rank_asc,0.2,89,89,SAME-OPP,pair2,P,-0.011425018310546875,-0.0030269622802734375,632,632
gpt-j-6b-fp32,diag_rank_asc,0.2,89,89,SAME-OPP,pair2,Q,-0.005400657653808594,0.00804901123046875,632,632
gpt-j-6b-fp32,diag_rank_asc,0.2,89,89,SAME-OPP,pair3,P,-0.009630203247070312,-0.002368927001953125,27059,27059
gpt-j-6b-fp32,diag_rank_asc,0.2,89,89,SAME-OPP,pair3,Q,-0.008329391479492188,0.0053920745849609375,632,632
gpt-j-6b-fp32,diag_rank_asc,0.2,89,89,SAME-OPP,pair4,P,-0.015171051025390625,-0.010529518127441406,27059,27059
gpt-j-6b-fp32,diag_rank_asc,0.2,89,89,SAME-OPP,pair4,Q,-0.012995719909667969,-0.0009241104125976562,632,632
gpt-j-6b-fp32,diag_rank_asc,0.2,89,89,SAME-OPP,pair5,P,-0.022644996643066406,-0.00908660888671875,27059,27059
gpt-j-6b-fp32,diag_rank_asc,0.2,89,89,SAME-OPP,pair5,Q,-0.012517929077148438,-0.0034198760986328125,632,632
gpt-j-6b-fp32,diag_rank_asc,0.2,89,89,SAME-OPP,pair6,P,-0.013115882873535156,-0.0068187713623046875,27059,27059
gpt-j-6b-fp32,diag_rank_asc,0.2,89,89,SAME-OPP,pair6,Q,-0.008549690246582031,0.007512092590332031,632,632
gpt-j-6b-fp32,diag_rank_asc,0.2,89,89,SAME-OPP,pair7,P,-0.017679214477539062,0.001140594482421875,632,632
gpt-j-6b-fp32,diag_rank_asc,0.2,89,89,SAME-OPP,pair7,Q,-0.0035963058471679688,0.006382942199707031,632,632
gpt-j-6b-fp32,diag_rank_asc,0.2,89,89,SAME-OPP,pair8,P,-0.02094268798828125,-0.012659072875976562,581,581
gpt-j-6b-fp32,diag_rank_asc,0.2,89,89,SAME-OPP,pair8,Q,-0.013578414916992188,-0.0009222030639648438,581,581
gpt-j-6b-fp32,diag_rank_asc,0.2,89,89,SAME-OPP,pair9,P,-0.022711753845214844,-0.016953468322753906,27059,27059
gpt-j-6b-fp32,diag_rank_asc,0.2,89,89,SAME-OPP,pair9,Q,-0.020008087158203125,0.0009546279907226562,1928,1928
gpt-j-6b-fp32,diag_rank_asc,0.2,89,89,SAME-MORE,pair0,P,-0.011786460876464844,0.00667572021484375,632,632
gpt-j-6b-fp32,diag_rank_asc,0.2,89,89,SAME-MORE,pair0,Q,0.03320598602294922,-0.005718231201171875,39733,39733
gpt-j-6b-fp32,diag_rank_asc,0.2,89,89,SAME-MORE,pair1,P,0.014515876770019531,0.007817268371582031,27059,27059
gpt-j-6b-fp32,diag_rank_asc,0.2,89,89,SAME-MORE,pair1,Q,0.0016679763793945312,-0.0038213729858398438,19157,19157
gpt-j-6b-fp32,diag_rank_asc,0.2,89,89,SAME-MORE,pair2,P,0.0168914794921875,0.008126258850097656,632,632
gpt-j-6b-fp32,diag_rank_asc,0.2,89,89,SAME-MORE,pair2,Q,0.010013580322265625,-0.00433349609375,632,632
gpt-j-6b-fp32,diag_rank_asc,0.2,89,89,SAME-MORE,pair3,P,0.023004531860351562,0.006884574890136719,27059,27059
gpt-j-6b-fp32,diag_rank_asc,0.2,89,89,SAME-MORE,pair3,Q,0.014742851257324219,0.021958351135253906,632,632
gpt-j-6b-fp32,diag_rank_asc,0.2,89,89,SAME-MORE,pair4,P,0.014333724975585938,0.008283615112304688,27059,27059
gpt-j-6b-fp32,diag_rank_asc,0.2,89,89,SAME-MORE,pair4,Q,0.06051158905029297,-0.03557586669921875,632,632
gpt-j-6b-fp32,diag_rank_asc,0.2,89,89,SAME-MORE,pair5,P,0.022678375244140625,0.031434059143066406,27059,27059
gpt-j-6b-fp32,diag_rank_asc,0.2,89,89,SAME-MORE,pair5,Q,0.014942169189453125,0.056118011474609375,632,632
gpt-j-6b-fp32,diag_rank_asc,0.2,89,89,SAME-MORE,pair6,P,-0.021683692932128906,-0.011193275451660156,27059,27059
gpt-j-6b-fp32,diag_rank_asc,0.2,89,89,SAME-MORE,pair6,Q,0.017993927001953125,-0.0491485595703125,632,632
gpt-j-6b-fp32,diag_rank_asc,0.2,89,89,SAME-MORE,pair7,P,0.039211273193359375,-0.00702667236328125,632,632
gpt-j-6b-fp32,diag_rank_asc,0.2,89,89,SAME-MORE,pair7,Q,0.008481025695800781,-0.05947303771972656,632,632
gpt-j-6b-fp32,diag_rank_asc,0.2,89,89,SAME-MORE,pair8,P,0.04593467712402344,0.034630775451660156,581,581
gpt-j-6b-fp32,diag_rank_asc,0.2,89,89,SAME-MORE,pair8,Q,0.04328441619873047,0.005709648132324219,581,581
gpt-j-6b-fp32,diag_rank_asc,0.2,89,89,SAME-MORE,pair9,P,0.0547332763671875,0.00103759765625,27059,27059
gpt-j-6b-fp32,diag_rank_asc,0.2,89,89,SAME-MORE,pair9,Q,0.026760101318359375,0.016534805297851562,1928,1928
gpt-j-6b-fp32,diag_rank_asc,0.2,89,89,SAME-LESS,pair0,P,-0.008330345153808594,-0.000186920166015625,632,632
gpt-j-6b-fp32,diag_rank_asc,0.2,89,89,SAME-LESS,pair0,Q,0.04588890075683594,-0.09212207794189453,39733,39733
gpt-j-6b-fp32,diag_rank_asc,0.2,89,89,SAME-LESS,pair1,P,0.01668262481689453,-0.03979969024658203,27059,27059
gpt-j-6b-fp32,diag_rank_asc,0.2,89,89,SAME-LESS,pair1,Q,0.021299362182617188,-0.06394290924072266,19157,19157
gpt-j-6b-fp32,diag_rank_asc,0.2,89,89,SAME-LESS,pair2,P,0.018108367919921875,-0.07025909423828125,632,632
gpt-j-6b-fp32,diag_rank_asc,0.2,89,89,SAME-LESS,pair2,Q,0.019309043884277344,-0.1718425750732422,632,632
gpt-j-6b-fp32,diag_rank_asc,0.2,89,89,SAME-LESS,pair3,P,0.02510356903076172,0.09850502014160156,27059,27059
gpt-j-6b-fp32,diag_rank_asc,0.2,89,89,SAME-LESS,pair3,Q,0.038084983825683594,0.013060569763183594,632,632
gpt-j-6b-fp32,diag_rank_asc,0.2,89,89,SAME-LESS,pair4,P,0.01003265380859375,-0.08751869201660156,27059,27059
gpt-j-6b-fp32,diag_rank_asc,0.2,89,89,SAME-LESS,pair4,Q,0.07061004638671875,-0.16516780853271484,632,632
gpt-j-6b-fp32,diag_rank_asc,0.2,89,89,SAME-LESS,pair5,P,0.024808883666992188,0.050612449645996094,27059,27059
gpt-j-6b-fp32,diag_rank_asc,0.2,89,89,SAME-LESS,pair5,Q,0.03754615783691406,-0.022657394409179688,632,632
gpt-j-6b-fp32,diag_rank_asc,0.2,89,89,SAME-LESS,pair6,P,-0.02564239501953125,0.05880260467529297,27059,27059
gpt-j-6b-fp32,diag_rank_asc,0.2,89,89,SAME-LESS,pair6,Q,0.028901100158691406,-0.08561325073242188,632,632
gpt-j-6b-fp32,diag_rank_asc,0.2,89,89,SAME-LESS,pair7,P,0.04766368865966797,0.003753662109375,632,632
gpt-j-6b-fp32,diag_rank_asc,0.2,89,89,SAME-LESS,pair7,Q,0.020506858825683594,-0.0064716339111328125,632,632
gpt-j-6b-fp32,diag_rank_asc,0.2,89,89,SAME-LESS,pair8,P,0.047753334045410156,0.014678001403808594,581,581
gpt-j-6b-fp32,diag_rank_asc,0.2,89,89,SAME-LESS,pair8,Q,0.06146240234375,-0.09695911407470703,581,581
gpt-j-6b-fp32,diag_rank_asc,0.2,89,89,SAME-LESS,pair9,P,0.050724029541015625,-0.016641616821289062,27059,27059
gpt-j-6b-fp32,diag_rank_asc,0.2,89,89,SAME-LESS,pair9,Q,0.03658008575439453,-0.06186485290527344,1928,1928
gpt-j-6b-fp32,diag_rank_asc,0.2,89,89,OPP-MORE,pair0,P,0.02498626708984375,0.006115913391113281,632,632
gpt-j-6b-fp32,diag_rank_asc,0.2,89,89,OPP-MORE,pair0,Q,0.04369926452636719,-0.004543304443359375,39733,39733
gpt-j-6b-fp32,diag_rank_asc,0.2,89,89,OPP-MORE,pair1,P,0.06500053405761719,0.014317512512207031,27059,27059
gpt-j-6b-fp32,diag_rank_asc,0.2,89,89,OPP-MORE,pair1,Q,0.0450439453125,-0.004021644592285156,19157,19157
gpt-j-6b-fp32,diag_rank_asc,0.2,89,89,OPP-MORE,pair2,P,0.07365798950195312,0.010618209838867188,27059,27059
gpt-j-6b-fp32,diag_rank_asc,0.2,89,89,OPP-MORE,pair2,Q,0.025356292724609375,-0.013384819030761719,632,632
gpt-j-6b-fp32,diag_rank_asc,0.2,89,89,OPP-MORE,pair3,P,0.03813743591308594,-0.000640869140625,27059,27059
gpt-j-6b-fp32,diag_rank_asc,0.2,89,89,OPP-MORE,pair3,Q,0.022643089294433594,0.017769813537597656,5930,5930
gpt-j-6b-fp32,diag_rank_asc,0.2,89,89,OPP-MORE,pair4,P,0.08353900909423828,0.03184986114501953,27059,27059
gpt-j-6b-fp32,diag_rank_asc,0.2,89,89,OPP-MORE,pair4,Q,0.04582405090332031,-0.02232646942138672,632,632
gpt-j-6b-fp32,diag_rank_asc,0.2,89,89,OPP-MORE,pair5,P,0.048470497131347656,0.0381622314453125,27059,27059
gpt-j-6b-fp32,diag_rank_asc,0.2,89,89,OPP-MORE,pair5,Q,0.037255287170410156,0.06236553192138672,632,632
gpt-j-6b-fp32,diag_rank_asc,0.2,89,89,OPP-MORE,pair6,P,0.05133533477783203,0.010614395141601562,27059,27059
gpt-j-6b-fp32,diag_rank_asc,0.2,89,89,OPP-MORE,pair6,Q,0.032263755798339844,-0.044101715087890625,632,632
gpt-j-6b-fp32,diag_rank_asc,0.2,89,89,OPP-MORE,pair7,P,0.05898857116699219,0.00246429443359375,632,632
gpt-j-6b-fp32,diag_rank_asc,0.2,89,89,OPP-MORE,pair7,Q,0.038374900817871094,-0.04545783996582031,632,632
gpt-j-6b-fp32,diag_rank_asc,0.2,89,89,OPP-MORE,pair8,P,0.04326438903808594,0.03688621520996094,1874,27059
gpt-j-6b-fp32,diag_rank_asc,0.2,89,89,OPP-MORE,pair8,Q,0.043435096740722656,0.0038080215454101562,1874,1874
gpt-j-6b-fp32,diag_rank_asc,0.2,89,89,OPP-MORE,pair9,P,0.11075496673583984,-0.0006656646728515625,27059,27059
gpt-j-6b-fp32,diag_rank_asc,0.2,89,89,OPP-MORE,pair9,Q,0.06713390350341797,0.014455795288085938,23663,23663
gpt-j-6b-fp32,diag_rank_asc,0.2,89,89,OPP-LESS,pair0,P,0.032546043395996094,0.012410163879394531,632,632
gpt-j-6b-fp32,diag_rank_asc,0.2,89,89,OPP-LESS,pair0,Q,0.059246063232421875,-0.07559394836425781,39733,39733
gpt-j-6b-fp32,diag_rank_asc,0.2,89,89,OPP-LESS,pair1,P,0.076812744140625,0.0031957626342773438,27059,27059
gpt-j-6b-fp32,diag_rank_asc,0.2,89,89,OPP-LESS,pair1,Q,0.07043838500976562,-0.025873184204101562,19157,19157
gpt-j-6b-fp32,diag_rank_asc,0.2,89,89,OPP-LESS,pair2,P,0.0697031021118164,-0.05613565444946289,27059,27059
gpt-j-6b-fp32,diag_rank_asc,0.2,89,89,OPP-LESS,pair2,Q,0.03391551971435547,-0.16178607940673828,632,632
gpt-j-6b-fp32,diag_rank_asc,0.2,89,89,OPP-LESS,pair3,P,0.03989410400390625,0.1158132553100586,27059,27059
gpt-j-6b-fp32,diag_rank_asc,0.2,89,89,OPP-LESS,pair3,Q,0.04587554931640625,0.03029918670654297,5930,5930
gpt-j-6b-fp32,diag_rank_asc,0.2,89,89,OPP-LESS,pair4,P,0.08814239501953125,-0.020455360412597656,27059,27059
gpt-j-6b-fp32,diag_rank_asc,0.2,89,89,OPP-LESS,pair4,Q,0.05980396270751953,-0.11024093627929688,632,632
gpt-j-6b-fp32,diag_rank_asc,0.2,89,89,OPP-LESS,pair5,P,0.05260658264160156,0.07205009460449219,27059,27059
gpt-j-6b-fp32,diag_rank_asc,0.2,89,89,OPP-LESS,pair5,Q,0.06190204620361328,-0.0067806243896484375,632,632
gpt-j-6b-fp32,diag_rank_asc,0.2,89,89,OPP-LESS,pair6,P,0.053371429443359375,0.0956268310546875,27059,27059
gpt-j-6b-fp32,diag_rank_asc,0.2,89,89,OPP-LESS,pair6,Q,0.04365730285644531,-0.04314422607421875,632,632
gpt-j-6b-fp32,diag_rank_asc,0.2,89,89,OPP-LESS,pair7,P,0.07355976104736328,0.02566814422607422,632,632
gpt-j-6b-fp32,diag_rank_asc,0.2,89,89,OPP-LESS,pair7,Q,0.06013965606689453,0.007167816162109375,632,632
gpt-j-6b-fp32,diag_rank_asc,0.2,89,89,OPP-LESS,pair8,P,0.047176361083984375,0.055449485778808594,1874,27059
gpt-j-6b-fp32,diag_rank_asc,0.2,89,89,OPP-LESS,pair8,Q,0.06037712097167969,-0.05803203582763672,1874,1874
gpt-j-6b-fp32,diag_rank_asc,0.2,89,89,OPP-LESS,pair9,P,0.10771656036376953,0.032202720642089844,27059,27059
gpt-j-6b-fp32,diag_rank_asc,0.2,89,89,OPP-LESS,pair9,Q,0.07556438446044922,-0.021968841552734375,23663,23663
gpt-j-6b-fp32,diag_rank_asc,0.2,89,89,MORE-LESS,pair0,P,0.0040073394775390625,0.009030342102050781,10255,10255
gpt-j-6b-fp32,diag_rank_asc,0.2,89,89,MORE-LESS,pair0,Q,0.0018053054809570312,0.0015726089477539062,10255,10255
gpt-j-6b-fp32,diag_rank_asc,0.2,89,89,MORE-LESS,pair1,P,0.008421897888183594,-0.0019664764404296875,18605,18605
gpt-j-6b-fp32,diag_rank_asc,0.2,89,89,MORE-LESS,pair1,Q,0.009558677673339844,-0.003322601318359375,18605,18605
gpt-j-6b-fp32,diag_rank_asc,0.2,89,89,MORE-LESS,pair2,P,0.010824203491210938,-0.006966590881347656,8038,8038
gpt-j-6b-fp32,diag_rank_asc,0.2,89,89,MORE-LESS,pair2,Q,0.00931549072265625,-0.008593559265136719,8038,8038
gpt-j-6b-fp32,diag_rank_asc,0.2,89,89,MORE-LESS,pair3,P,0.013118743896484375,0.004573822021484375,1234,1234
gpt-j-6b-fp32,diag_rank_asc,0.2,89,89,MORE-LESS,pair3,Q,0.015892982482910156,0.005152702331542969,1234,1234
gpt-j-6b-fp32,diag_rank_asc,0.2,89,89,MORE-LESS,pair4,P,0.007378578186035156,0.0016689300537109375,23448,23448
gpt-j-6b-fp32,diag_rank_asc,0.2,89,89,MORE-LESS,pair4,Q,0.0100555419921875,0.005290031433105469,23448,23448
gpt-j-6b-fp32,diag_rank_asc,0.2,89,89,MORE-LESS,pair5,P,0.014171600341796875,-0.004566192626953125,969,969
gpt-j-6b-fp32,diag_rank_asc,0.2,89,89,MORE-LESS,pair5,Q,0.014498710632324219,-0.0044384002685546875,1426,1426
gpt-j-6b-fp32,diag_rank_asc,0.2,89,89,MORE-LESS,pair6,P,0.009407997131347656,-0.004532814025878906,6514,6514
gpt-j-6b-fp32,diag_rank_asc,0.2,89,89,MORE-LESS,pair6,Q,0.008547782897949219,-0.0025434494018554688,6514,6514
gpt-j-6b-fp32,diag_rank_asc,0.2,89,89,MORE-LESS,pair7,P,0.0048236846923828125,0.01954936981201172,22111,22111
gpt-j-6b-fp32,diag_rank_asc,0.2,89,89,MORE-LESS,pair7,Q,0.00091552734375,0.018279075622558594,22111,22111
gpt-j-6b-fp32,diag_rank_asc,0.2,89,89,MORE-LESS,pair8,P,0.008952140808105469,0.0012378692626953125,969,969
gpt-j-6b-fp32,diag_rank_asc,0.2,89,89,MORE-LESS,pair8,Q,0.007846832275390625,0.0034437179565429688,969,969
gpt-j-6b-fp32,diag_rank_asc,0.2,89,89,MORE-LESS,pair9,P,0.004866600036621094,-0.0016689300537109375,34439,34439
gpt-j-6b-fp32,diag_rank_asc,0.2,89,89,MORE-LESS,pair9,Q,0.004189491271972656,-0.00035190582275390625,34439,34439
gpt-j-6b-fp32,diag_rank_asc,0.200893,90,90,SAME-OPP,pair0,P,-0.009072303771972656,-0.009411811828613281,632,632
gpt-j-6b-fp32,diag_rank_asc,0.200893,90,90,SAME-OPP,pair0,Q,0.0026006698608398438,0.0020008087158203125,39733,39733
gpt-j-6b-fp32,diag_rank_asc,0.200893,90,90,SAME-OPP,pair1,P,-0.021956443786621094,0.00039768218994140625,27059,27059
gpt-j-6b-fp32,diag_rank_asc,0.200893,90,90,SAME-OPP,pair1,Q,-0.009289741516113281,-0.005541801452636719,19157,19157
gpt-j-6b-fp32,diag_rank_asc,0.200893,90,90,SAME-OPP,pair2,P,-0.007496833801269531,0.0019578933715820312,632,632
gpt-j-6b-fp32,diag_rank_asc,0.200893,90,90,SAME-OPP,pair2,Q,-0.0007829666137695312,0.009024620056152344,632,632
gpt-j-6b-fp32,diag_rank_asc,0.200893,90,90,SAME-OPP,pair3,P,-0.009861946105957031,-0.0010356903076171875,27059,27059
gpt-j-6b-fp32,diag_rank_asc,0.200893,90,90,SAME-OPP,pair3,Q,0.0036115646362304688,0.011981964111328125,632,632
gpt-j-6b-fp32,diag_rank_asc,0.200893,90,90,SAME-OPP,pair4,P,-0.01723194122314453,-0.01097869873046875,27059,27059
gpt-j-6b-fp32,diag_rank_asc,0.200893,90,90,SAME-OPP,pair4,Q,-0.0073871612548828125,-0.0017185211181640625,632,632
gpt-j-6b-fp32,diag_rank_asc,0.200893,90,90,SAME-OPP,pair5,P,-0.022215843200683594,-0.008402824401855469,27059,27059
gpt-j-6b-fp32,diag_rank_asc,0.200893,90,90,SAME-OPP,pair5,Q,-0.002349853515625,-0.0020208358764648438,632,632
gpt-j-6b-fp32,diag_rank_asc,0.200893,90,90,SAME-OPP,pair6,P,-0.019018173217773438,-0.0113677978515625,27059,27059
gpt-j-6b-fp32,diag_rank_asc,0.200893,90,90,SAME-OPP,pair6,Q,-0.004245758056640625,0.0077667236328125,632,632
gpt-j-6b-fp32,diag_rank_asc,0.200893,90,90,SAME-OPP,pair7,P,-0.017431259155273438,0.00719451904296875,632,632
gpt-j-6b-fp32,diag_rank_asc,0.200893,90,90,SAME-OPP,pair7,Q,0.009001731872558594,0.0060405731201171875,632,632
gpt-j-6b-fp32,diag_rank_asc,0.200893,90,90,SAME-OPP,pair8,P,-0.021172523498535156,-0.011166572570800781,581,581
gpt-j-6b-fp32,diag_rank_asc,0.200893,90,90,SAME-OPP,pair8,Q,-0.007254600524902344,-0.0016803741455078125,581,581
gpt-j-6b-fp32,diag_rank_asc,0.200893,90,90,SAME-OPP,pair9,P,-0.024305343627929688,-0.014310836791992188,27059,27059
gpt-j-6b-fp32,diag_rank_asc,0.200893,90,90,SAME-OPP,pair9,Q,-0.012570381164550781,0.0023784637451171875,1928,1928
gpt-j-6b-fp32,diag_rank_asc,0.200893,90,90,SAME-MORE,pair0,P,-0.012174606323242188,0.007546424865722656,632,632
gpt-j-6b-fp32,diag_rank_asc,0.200893,90,90,SAME-MORE,pair0,Q,0.0390472412109375,-0.0024347305297851562,39733,39733
gpt-j-6b-fp32,diag_rank_asc,0.200893,90,90,SAME-MORE,pair1,P,0.012801170349121094,0.013651847839355469,27059,27059
gpt-j-6b-fp32,diag_rank_asc,0.200893,90,90,SAME-MORE,pair1,Q,-0.007871627807617188,-0.021658897399902344,19157,19157
gpt-j-6b-fp32,diag_rank_asc,0.200893,90,90,SAME-MORE,pair2,P,0.018624305725097656,0.008076667785644531,632,632
gpt-j-6b-fp32,diag_rank_asc,0.200893,90,90,SAME-MORE,pair2,Q,0.007989883422851562,-0.02967357635498047,632,632
gpt-j-6b-fp32,diag_rank_asc,0.200893,90,90,SAME-MORE,pair3,P,0.019313812255859375,0.01657581329345703,27059,27059
gpt-j-6b-fp32,diag_rank_asc,0.200893,90,90,SAME-MORE,pair3,Q,0.026424407958984375,0.022269248962402344,632,632
gpt-j-6b-fp32,diag_rank_asc,0.200893,90,90,SAME-MORE,pair4,P,0.013213157653808594,0.009959220886230469,27059,27059
gpt-j-6b-fp32,diag_rank_asc,0.200893,90,90,SAME-MORE,pair4,Q,0.06779956817626953,-0.038845062255859375,632,632
gpt-j-6b-fp32,diag_rank_asc,0.200893,90,90,SAME-MORE,pair5,P,0.03182792663574219,0.039071083068847656,27059,27059
gpt-j-6b-fp32,diag_rank_asc,0.200893,90,90,SAME-MORE,pair5,Q,0.03031635284423828,0.033722877502441406,632,632
gpt-j-6b-fp32,diag_rank_asc,0.200893,90,90,SAME-MORE,pair6,P,-0.02933025360107422,-0.022043228149414062,27059,27059
gpt-j-6b-fp32,diag_rank_asc,0.200893,90,90,SAME-MORE,pair6,Q,0.022319793701171875,-0.060914039611816406,632,632
gpt-j-6b-fp32,diag_rank_asc,0.200893,90,90,SAME-MORE,pair7,P,0.041294097900390625,0.01665973663330078,632,632
gpt-j-6b-fp32,diag_rank_asc,0.200893,90,90,SAME-MORE,pair7,Q,0.021306991577148438,-0.058440208435058594,632,632
gpt-j-6b-fp32,diag_rank_asc,0.200893,90,90,SAME-MORE,pair8,P,0.0674886703491211,0.034264564514160156,581,581
gpt-j-6b-fp32,diag_rank_asc,0.200893,90,90,SAME-MORE,pair8,Q,0.06368541717529297,-0.00102996826171875,581,1874
gpt-j-6b-fp32,diag_rank_asc,0.200893,90,90,SAME-MORE,pair9,P,0.04697418212890625,0.006661415100097656,27059,27059
gpt-j-6b-fp32,diag_rank_asc,0.200893,90,90,SAME-MORE,pair9,Q,0.03308868408203125,0.0275726318359375,1928,1928
gpt-j-6b-fp32,diag_rank_asc,0.200893,90,90,SAME-LESS,pair0,P,-0.0020265579223632812,0.018926620483398438,632,632
gpt-j-6b-fp32,diag_rank_asc,0.200893,90,90,SAME-LESS,pair0,Q,0.058121681213378906,-0.07734298706054688,39733,39733
gpt-j-6b-fp32,diag_rank_asc,0.200893,90,90,SAME-LESS,pair1,P,0.012076377868652344,-0.036759376525878906,27059,27059
gpt-j-6b-fp32,diag_rank_asc,0.200893,90,90,SAME-LESS,pair1,Q,0.011897087097167969,-0.08489418029785156,19157,19157
gpt-j-6b-fp32,diag_rank_asc,0.200893,90,90,SAME-LESS,pair2,P,0.020395278930664062,-0.05658769607543945,632,632
gpt-j-6b-fp32,diag_rank_asc,0.200893,90,90,SAME-LESS,pair2,Q,0.01709461212158203,-0.16421985626220703,632,632
gpt-j-6b-fp32,diag_rank_asc,0.200893,90,90,SAME-LESS,pair3,P,0.021030426025390625,0.11521244049072266,27059,27059
gpt-j-6b-fp32,diag_rank_asc,0.200893,90,90,SAME-LESS,pair3,Q,0.051883697509765625,0.02779674530029297,632,632
gpt-j-6b-fp32,diag_rank_asc,0.200893,90,90,SAME-LESS,pair4,P,0.008951187133789062,-0.08474540710449219,27059,27059
gpt-j-6b-fp32,diag_rank_asc,0.200893,90,90,SAME-LESS,pair4,Q,0.07943344116210938,-0.16660022735595703,632,632
gpt-j-6b-fp32,diag_rank_asc,0.200893,90,90,SAME-LESS,pair5,P,0.03216838836669922,0.06447982788085938,27059,27059
gpt-j-6b-fp32,diag_rank_asc,0.200893,90,90,SAME-LESS,pair5,Q,0.05572795867919922,-0.029697418212890625,632,632
gpt-j-6b-fp32,diag_rank_asc,0.200893,90,90,SAME-LESS,pair6,P,-0.03312206268310547,0.04121875762939453,27059,27059
gpt-j-6b-fp32,diag_rank_asc,0.200893,90,90,SAME-LESS,pair6,Q,0.03516578674316406,-0.09736156463623047,632,632
gpt-j-6b-fp32,diag_rank_asc,0.200893,90,90,SAME-LESS,pair7,P,0.05471611022949219,0.018428802490234375,632,632
gpt-j-6b-fp32,diag_rank_asc,0.200893,90,90,SAME-LESS,pair7,Q,0.03802299499511719,-0.014607429504394531,632,632
gpt-j-6b-fp32,diag_rank_asc,0.200893,90,90,SAME-LESS,pair8,P,0.07025909423828125,0.01580047607421875,581,581
gpt-j-6b-fp32,diag_rank_asc,0.200893,90,90,SAME-LESS,pair8,Q,0.08511066436767578,-0.09775733947753906,581,581
gpt-j-6b-fp32,diag_rank_asc,0.200893,90,90,SAME-LESS,pair9,P,0.04573822021484375,-0.013418197631835938,27059,27059
gpt-j-6b-fp32,diag_rank_asc,0.200893,90,90,SAME-LESS,pair9,Q,0.044991493225097656,-0.0533447265625,1928,1928
gpt-j-6b-fp32,diag_rank_asc,0.200893,90,90,OPP-MORE,pair0,P,0.029395103454589844,0.012475013732910156,632,632
gpt-j-6b-fp32,diag_rank_asc,0.200893,90,90,OPP-MORE,pair0,Q,0.05001544952392578,0.005545616149902344,39733,39733
gpt-j-6b-fp32,diag_rank_asc,0.200893,90,90,OPP-MORE,pair1,P,0.0662689208984375,0.015044212341308594,27059,27059
gpt-j-6b-fp32,diag_rank_asc,0.200893,90,90,OPP-MORE,pair1,Q,0.03152942657470703,-0.021280288696289062,19157,19157
gpt-j-6b-fp32,diag_rank_asc,0.200893,90,90,OPP-MORE,pair2,P,0.06443214416503906,0.022043228149414062,27059,27059
gpt-j-6b-fp32,diag_rank_asc,0.200893,90,90,OPP-MORE,pair2,Q,0.016997337341308594,-0.024045944213867188,632,632
gpt-j-6b-fp32,diag_rank_asc,0.200893,90,90,OPP-MORE,pair3,P,0.035506248474121094,0.005181312561035156,27059,27059
gpt-j-6b-fp32,diag_rank_asc,0.200893,90,90,OPP-MORE,pair3,Q,0.019857406616210938,0.021326065063476562,5930,5930
gpt-j-6b-fp32,diag_rank_asc,0.200893,90,90,OPP-MORE,pair4,P,0.08695220947265625,0.026442527770996094,27059,27059
gpt-j-6b-fp32,diag_rank_asc,0.200893,90,90,OPP-MORE,pair4,Q,0.045330047607421875,-0.02093029022216797,632,632
gpt-j-6b-fp32,diag_rank_asc,0.200893,90,90,OPP-MORE,pair5,P,0.05634880065917969,0.05222129821777344,27059,27059
gpt-j-6b-fp32,diag_rank_asc,0.200893,90,90,OPP-MORE,pair5,Q,0.03747367858886719,0.050258636474609375,632,632
gpt-j-6b-fp32,diag_rank_asc,0.200893,90,90,OPP-MORE,pair6,P,0.05498695373535156,0.010849952697753906,27059,27059
gpt-j-6b-fp32,diag_rank_asc,0.200893,90,90,OPP-MORE,pair6,Q,0.02709674835205078,-0.041477203369140625,632,632
gpt-j-6b-fp32,diag_rank_asc,0.200893,90,90,OPP-MORE,pair7,P,0.03486442565917969,0.038547515869140625,632,632
gpt-j-6b-fp32,diag_rank_asc,0.200893,90,90,OPP-MORE,pair7,Q,0.0331268310546875,-0.028939247131347656,632,632
gpt-j-6b-fp32,diag_rank_asc,0.200893,90,90,OPP-MORE,pair8,P,0.054221153259277344,0.03146553039550781,1874,27059
gpt-j-6b-fp32,diag_rank_asc,0.200893,90,90,OPP-MORE,pair8,Q,0.06621074676513672,0.0008211135864257812,1874,1874
gpt-j-6b-fp32,diag_rank_asc,0.200893,90,90,OPP-MORE,pair9,P,0.105712890625,0.004077911376953125,27059,27059
gpt-j-6b-fp32,diag_rank_asc,0.200893,90,90,OPP-MORE,pair9,Q,0.06747913360595703,0.02351093292236328,23663,23663
gpt-j-6b-fp32,diag_rank_asc,0.200893,90,90,OPP-LESS,pair0,P,0.041831016540527344,0.028387069702148438,632,632
gpt-j-6b-fp32,diag_rank_asc,0.200893,90,90,OPP-LESS,pair0,Q,0.07134151458740234,-0.05622386932373047,39733,39733
gpt-j-6b-fp32,diag_rank_asc,0.200893,90,90,OPP-LESS,pair1,P,0.07398033142089844,0.0024709701538085938,27059,27059
gpt-j-6b-fp32,diag_rank_asc,0.200893,90,90,OPP-LESS,pair1,Q,0.05409049987792969,-0.05032062530517578,19157,19157
gpt-j-6b-fp32,diag_rank_asc,0.200893,90,90,OPP-LESS,pair2,P,0.059014320373535156,-0.030488967895507812,27059,27059
gpt-j-6b-fp32,diag_rank_asc,0.200893,90,90,OPP-LESS,pair2,Q,0.024877548217773438,-0.14634037017822266,632,632
gpt-j-6b-fp32,diag_rank_asc,0.200893,90,90,OPP-LESS,pair3,P,0.034526824951171875,0.13503551483154297,27059,27059
gpt-j-6b-fp32,diag_rank_asc,0.200893,90,90,OPP-LESS,pair3,Q,0.04599952697753906,0.04701423645019531,5930,5930
gpt-j-6b-fp32,diag_rank_asc,0.200893,90,90,OPP-LESS,pair4,P,0.08877372741699219,-0.013536453247070312,27059,27059
gpt-j-6b-fp32,diag_rank_asc,0.200893,90,90,OPP-LESS,pair4,Q,0.06096076965332031,-0.10028457641601562,632,632
gpt-j-6b-fp32,diag_rank_asc,0.200893,90,90,OPP-LESS,pair5,P,0.058173179626464844,0.09540939331054688,27059,27059
gpt-j-6b-fp32,diag_rank_asc,0.200893,90,90,OPP-LESS,pair5,Q,0.06636714935302734,-0.0062408447265625,632,632
gpt-j-6b-fp32,diag_rank_asc,0.200893,90,90,OPP-LESS,pair6,P,0.05373573303222656,0.08155155181884766,27059,27059
gpt-j-6b-fp32,diag_rank_asc,0.200893,90,90,OPP-LESS,pair6,Q,0.04072284698486328,-0.042079925537109375,632,632
gpt-j-6b-fp32,diag_rank_asc,0.200893,90,90,OPP-LESS,pair7,P,0.06158638000488281,0.05016899108886719,632,632
gpt-j-6b-fp32,diag_rank_asc,0.200893,90,90,OPP-LESS,pair7,Q,0.059035301208496094,0.0177001953125,632,632
gpt-j-6b-fp32,diag_rank_asc,0.200893,90,90,OPP-LESS,pair8,P,0.057023048400878906,0.059162139892578125,1874,27059
gpt-j-6b-fp32,diag_rank_asc,0.200893,90,90,OPP-LESS,pair8,Q,0.08314800262451172,-0.05276203155517578,1874,1874
gpt-j-6b-fp32,diag_rank_asc,0.200893,90,90,OPP-LESS,pair9,P,0.10215282440185547,0.035429954528808594,27059,27059
gpt-j-6b-fp32,diag_rank_asc,0.200893,90,90,OPP-LESS,pair9,Q,0.07871627807617188,-0.006987571716308594,23663,23663
gpt-j-6b-fp32,diag_rank_asc,0.200893,90,90,MORE-LESS,pair0,P,0.004189491271972656,0.012375831604003906,10255,10255
gpt-j-6b-fp32,diag_rank_asc,0.200893,90,90,MORE-LESS,pair0,Q,0.00366973876953125,0.00827789306640625,10255,10255
gpt-j-6b-fp32,diag_rank_asc,0.200893,90,90,MORE-LESS,pair1,P,0.006945610046386719,-0.007598876953125,18605,18605
gpt-j-6b-fp32,diag_rank_asc,0.200893,90,90,MORE-LESS,pair1,Q,0.008566856384277344,-0.0069179534912109375,18605,18605
gpt-j-6b-fp32,diag_rank_asc,0.200893,90,90,MORE-LESS,pair2,P,0.004108428955078125,-0.007930755615234375,8038,8038
gpt-j-6b-fp32,diag_rank_asc,0.200893,90,90,MORE-LESS,pair2,Q,0.0031976699829101562,-0.009878158569335938,8038,8038
gpt-j-6b-fp32,diag_rank_asc,0.200893,90,90,MORE-LESS,pair3,P,0.011545181274414062,0.003086090087890625,1234,1234
gpt-j-6b-fp32,diag_rank_asc,0.200893,90,90,MORE-LESS,pair3,Q,0.0164794921875,0.004001617431640625,1234,1234
gpt-j-6b-fp32,diag_rank_asc,0.200893,90,90,MORE-LESS,pair4,P,0.0036525726318359375,-0.0024709701538085938,23448,23448
gpt-j-6b-fp32,diag_rank_asc,0.200893,90,90,MORE-LESS,pair4,Q,0.005545616149902344,0.0028362274169921875,23448,23448
gpt-j-6b-fp32,diag_rank_asc,0.200893,90,90,MORE-LESS,pair5,P,0.010631561279296875,-0.006421089172363281,969,969
gpt-j-6b-fp32,diag_rank_asc,0.200893,90,90,MORE-LESS,pair5,Q,0.013759613037109375,-0.005298614501953125,1426,1426
gpt-j-6b-fp32,diag_rank_asc,0.200893,90,90,MORE-LESS,pair6,P,0.005770683288574219,-0.0005655288696289062,6514,6514
gpt-j-6b-fp32,diag_rank_asc,0.200893,90,90,MORE-LESS,pair6,Q,0.005382537841796875,0.0005960464477539062,6514,6514
gpt-j-6b-fp32,diag_rank_asc,0.200893,90,90,MORE-LESS,pair7,P,-0.0038309097290039062,0.022663116455078125,22111,22111
gpt-j-6b-fp32,diag_rank_asc,0.200893,90,90,MORE-LESS,pair7,Q,-0.0043582916259765625,0.02106761932373047,22111,22111
gpt-j-6b-fp32,diag_rank_asc,0.200893,90,90,MORE-LESS,pair8,P,0.0055637359619140625,-0.0006933212280273438,969,969
gpt-j-6b-fp32,diag_rank_asc,0.200893,90,90,MORE-LESS,pair8,Q,0.006439208984375,0.0029363632202148438,969,969
gpt-j-6b-fp32,diag_rank_asc,0.200893,90,90,MORE-LESS,pair9,P,-0.0007925033569335938,-0.0032129287719726562,34439,34439
gpt-j-6b-fp32,diag_rank_asc,0.200893,90,90,MORE-LESS,pair9,Q,-0.0007772445678710938,-0.0011072158813476562,34439,34439
gpt-j-6b-fp32,diag_rank_asc,0.3,134,134,SAME-OPP,pair0,P,-0.006495475769042969,-0.011095046997070312,632,632
gpt-j-6b-fp32,diag_rank_asc,0.3,134,134,SAME-OPP,pair0,Q,0.010149002075195312,-0.000579833984375,39733,39733
gpt-j-6b-fp32,diag_rank_asc,0.3,134,134,SAME-OPP,pair1,P,-0.020331382751464844,0.0038614273071289062,27059,27059
gpt-j-6b-fp32,diag_rank_asc,0.3,134,134,SAME-OPP,pair1,Q,0.010728836059570312,0.002475738525390625,19157,19157
gpt-j-6b-fp32,diag_rank_asc,0.3,134,134,SAME-OPP,pair2,P,-0.0149688720703125,0.017243385314941406,632,632
gpt-j-6b-fp32,diag_rank_asc,0.3,134,134,SAME-OPP,pair2,Q,0.010602951049804688,0.009891510009765625,632,632
gpt-j-6b-fp32,diag_rank_asc,0.3,134,134,SAME-OPP,pair3,P,-0.02978801727294922,-0.0007772445678710938,27059,27059
gpt-j-6b-fp32,diag_rank_asc,0.3,134,134,SAME-OPP,pair3,Q,0.01232147216796875,0.0028009414672851562,632,632
gpt-j-6b-fp32,diag_rank_asc,0.3,134,134,SAME-OPP,pair4,P,-0.015547752380371094,-0.013561248779296875,27059,27059
gpt-j-6b-fp32,diag_rank_asc,0.3,134,134,SAME-OPP,pair4,Q,0.0014438629150390625,-0.00894927978515625,632,632
gpt-j-6b-fp32,diag_rank_asc,0.3,134,134,SAME-OPP,pair5,P,-0.025254249572753906,-0.003604888916015625,27059,27059
gpt-j-6b-fp32,diag_rank_asc,0.3,134,134,SAME-OPP,pair5,Q,0.010149955749511719,0.009219169616699219,632,632
gpt-j-6b-fp32,diag_rank_asc,0.3,134,134,SAME-OPP,pair6,P,-0.026361465454101562,-0.02443408966064453,27059,27059
gpt-j-6b-fp32,diag_rank_asc,0.3,134,134,SAME-OPP,pair6,Q,-0.008116722106933594,-0.015786170959472656,632,632
gpt-j-6b-fp32,diag_rank_asc,0.3,134,134,SAME-OPP,pair7,P,-0.012195587158203125,0.01502227783203125,632,632
gpt-j-6b-fp32,diag_rank_asc,0.3,134,134,SAME-OPP,pair7,Q,0.02229785919189453,-0.0021123886108398438,632,632
gpt-j-6b-fp32,diag_rank_asc,0.3,134,134,SAME-OPP,pair8,P,-0.01686573028564453,-0.014310836791992188,581,581
gpt-j-6b-fp32,diag_rank_asc,0.3,134,134,SAME-OPP,pair8,Q,0.009248733520507812,-0.004477500915527344,581,1874
gpt-j-6b-fp32,diag_rank_asc,0.3,134,134,SAME-OPP,pair9,P,-0.01422119140625,-0.0002536773681640625,27059,27059
gpt-j-6b-fp32,diag_rank_asc,0.3,134,134,SAME-OPP,pair9,Q,-0.0020990371704101562,-0.005818367004394531,1928,1928
gpt-j-6b-fp32,diag_rank_asc,0.3,134,134,SAME-MORE,pair0,P,-0.049839019775390625,0.03199195861816406,632,632
gpt-j-6b-fp32,diag_rank_asc,0.3,134,134,SAME-MORE,pair0,Q,0.02832317352294922,-0.10937023162841797,39733,39733
gpt-j-6b-fp32,diag_rank_asc,0.3,134,134,SAME-MORE,pair1,P,0.0027217864990234375,-0.02272796630859375,27059,27059
gpt-j-6b-fp32,diag_rank_asc,0.3,134,134,SAME-MORE,pair1,Q,-0.0034637451171875,-0.09427452087402344,19157,632
gpt-j-6b-fp32,diag_rank_asc,0.3,134,134,SAME-MORE,pair2,P,0.06291389465332031,0.18982219696044922,632,632
gpt-j-6b-fp32,diag_rank_asc,0.3,134,134,SAME-MORE,pair2,Q,0.0789337158203125,0.2277517318725586,632,632
gpt-j-6b-fp32,diag_rank_asc,0.3,134,134,SAME-MORE,pair3,P,-0.06386089324951172,-0.012945175170898438,27059,27059
gpt-j-6b-fp32,diag_rank_asc,0.3,134,134,SAME-MORE,pair3,Q,0.011902809143066406,0.008315086364746094,632,632
gpt-j-6b-fp32,diag_rank_asc,0.3,134,134,SAME-MORE,pair4,P,0.031172752380371094,0.08365917205810547,27059,27059
gpt-j-6b-fp32,diag_rank_asc,0.3,134,134,SAME-MORE,pair4,Q,0.05472564697265625,-0.011612892150878906,632,632
gpt-j-6b-fp32,diag_rank_asc,0.3,134,134,SAME-MORE,pair5,P,0.01765727996826172,-0.04757118225097656,27059,27059
gpt-j-6b-fp32,diag_rank_asc,0.3,134,134,SAME-MORE,pair5,Q,0.05083179473876953,0.025200843811035156,632,632
gpt-j-6b-fp32,diag_rank_asc,0.3,134,134,SAME-MORE,pair6,P,-0.029641151428222656,0.0015621185302734375,27059,27059
gpt-j-6b-fp32,diag_rank_asc,0.3,134,134,SAME-MORE,pair6,Q,-0.03726959228515625,-0.08497905731201172,632,632
gpt-j-6b-fp32,diag_rank_asc,0.3,134,134,SAME-MORE,pair7,P,0.0769948959350586,0.0833883285522461,632,632
gpt-j-6b-fp32,diag_rank_asc,0.3,134,134,SAME-MORE,pair7,Q,0.14317798614501953,-0.011112213134765625,632,632
gpt-j-6b-fp32,diag_rank_asc,0.3,134,134,SAME-MORE,pair8,P,0.0015096664428710938,0.056865692138671875,581,581
gpt-j-6b-fp32,diag_rank_asc,0.3,134,134,SAME-MORE,pair8,Q,0.07233238220214844,0.010503768920898438,581,581
gpt-j-6b-fp32,diag_rank_asc,0.3,134,134,SAME-MORE,pair9,P,0.0325927734375,0.07433414459228516,27059,27059
gpt-j-6b-fp32,diag_rank_asc,0.3,134,134,SAME-MORE,pair9,Q,0.014485359191894531,0.028543472290039062,1928,23663
gpt-j-6b-fp32,diag_rank_asc,0.3,134,134,SAME-LESS,pair0,P,-0.02745342254638672,0.27891063690185547,632,632
gpt-j-6b-fp32,diag_rank_asc,0.3,134,134,SAME-LESS,pair0,Q,0.04213523864746094,0.04637622833251953,39733,39733
gpt-j-6b-fp32,diag_rank_asc,0.3,134,134,SAME-LESS,pair1,P,0.008266448974609375,0.09702587127685547,27059,27059
gpt-j-6b-fp32,diag_rank_asc,0.3,134,134,SAME-LESS,pair1,Q,0.01762866973876953,-0.06359672546386719,19157,19157
gpt-j-6b-fp32,diag_rank_asc,0.3,134,134,SAME-LESS,pair2,P,0.08321666717529297,0.16762733459472656,632,632
gpt-j-6b-fp32,diag_rank_asc,0.3,134,134,SAME-LESS,pair2,Q,0.08959388732910156,0.03989887237548828,632,632
gpt-j-6b-fp32,diag_rank_asc,0.3,134,134,SAME-LESS,pair3,P,-0.053711891174316406,0.09859657287597656,27059,27059
gpt-j-6b-fp32,diag_rank_asc,0.3,134,134,SAME-LESS,pair3,Q,0.03101825714111328,0.024634361267089844,632,632
gpt-j-6b-fp32,diag_rank_asc,0.3,134,134,SAME-LESS,pair4,P,0.03424263000488281,0.26639461517333984,27059,27059
gpt-j-6b-fp32,diag_rank_asc,0.3,134,134,SAME-LESS,pair4,Q,0.06671333312988281,0.049643516540527344,632,632
gpt-j-6b-fp32,diag_rank_asc,0.3,134,134,SAME-LESS,pair5,P,0.0229949951171875,0.016104698181152344,27059,27059
gpt-j-6b-fp32,diag_rank_asc,0.3,134,134,SAME-LESS,pair5,Q,0.08416557312011719,-0.08612823486328125,632,632
gpt-j-6b-fp32,diag_rank_asc,0.3,134,134,SAME-LESS,pair6,P,-0.032360076904296875,0.1433086395263672,27059,27059
gpt-j-6b-fp32,diag_rank_asc,0.3,134,134,SAME-LESS,pair6,Q,-0.027518272399902344,0.0011224746704101562,632,632
gpt-j-6b-fp32,diag_rank_asc,0.3,134,134,SAME-LESS,pair7,P,0.09261417388916016,0.15346908569335938,632,632
gpt-j-6b-fp32,diag_rank_asc,0.3,134,134,SAME-LESS,pair7,Q,0.15252971649169922,0.12774372100830078,632,632
gpt-j-6b-fp32,diag_rank_asc,0.3,134,134,SAME-LESS,pair8,P,0.023548126220703125,0.014827728271484375,581,581
gpt-j-6b-fp32,diag_rank_asc,0.3,134,134,SAME-LESS,pair8,Q,0.09644412994384766,-0.05758190155029297,581,581
gpt-j-6b-fp32,diag_rank_asc,0.3,134,134,SAME-LESS,pair9,P,0.04846954345703125,0.12626171112060547,27059,27059
gpt-j-6b-fp32,diag_rank_asc,0.3,134,134,SAME-LESS,pair9,Q,0.026450157165527344,0.09009361267089844,1928,1928
gpt-j-6b-fp32,diag_rank_asc,0.3,134,134,OPP-MORE,pair0,P,0.0034894943237304688,0.040912628173828125,632,632
gpt-j-6b-fp32,diag_rank_asc,0.3,134,134,OPP-MORE,pair0,Q,0.1067495346069336,-0.11761951446533203,39733,39733
gpt-j-6b-fp32,diag_rank_asc,0.3,134,134,OPP-MORE,pair1,P,0.04581928253173828,-0.053719520568847656,27059,27059
gpt-j-6b-fp32,diag_rank_asc,0.3,134,134,OPP-MORE,pair1,Q,0.05163383483886719,-0.13426780700683594,19157,19157
gpt-j-6b-fp32,diag_rank_asc,0.3,134,134,OPP-MORE,pair2,P,0.04114532470703125,0.21228599548339844,27059,27059
gpt-j-6b-fp32,diag_rank_asc,0.3,134,134,OPP-MORE,pair2,Q,0.1193084716796875,0.2024850845336914,632,632
gpt-j-6b-fp32,diag_rank_asc,0.3,134,134,OPP-MORE,pair3,P,0.008428573608398438,-0.014910697937011719,27059,27059
gpt-j-6b-fp32,diag_rank_asc,0.3,134,134,OPP-MORE,pair3,Q,0.05307292938232422,0.012737274169921875,5930,5930
gpt-j-6b-fp32,diag_rank_asc,0.3,134,134,OPP-MORE,pair4,P,0.047824859619140625,0.08586692810058594,27059,27059
gpt-j-6b-fp32,diag_rank_asc,0.3,134,134,OPP-MORE,pair4,Q,0.056227684020996094,-0.0031280517578125,632,632
gpt-j-6b-fp32,diag_rank_asc,0.3,134,134,OPP-MORE,pair5,P,0.008513450622558594,-0.0036687850952148438,27059,27059
gpt-j-6b-fp32,diag_rank_asc,0.3,134,134,OPP-MORE,pair5,Q,0.08566856384277344,0.04845142364501953,632,632
gpt-j-6b-fp32,diag_rank_asc,0.3,134,134,OPP-MORE,pair6,P,0.037322044372558594,0.03838634490966797,27059,27059
gpt-j-6b-fp32,diag_rank_asc,0.3,134,134,OPP-MORE,pair6,Q,0.030159950256347656,-0.07026195526123047,632,632
gpt-j-6b-fp32,diag_rank_asc,0.3,134,134,OPP-MORE,pair7,P,0.09042835235595703,0.1116943359375,632,632
gpt-j-6b-fp32,diag_rank_asc,0.3,134,134,OPP-MORE,pair7,Q,0.1289806365966797,0.01942920684814453,632,632
gpt-j-6b-fp32,diag_rank_asc,0.3,134,134,OPP-MORE,pair8,P,-0.0040073394775390625,0.05833148956298828,1874,1874
gpt-j-6b-fp32,diag_rank_asc,0.3,134,134,OPP-MORE,pair8,Q,0.09171676635742188,0.020193099975585938,1874,1874
gpt-j-6b-fp32,diag_rank_asc,0.3,134,134,OPP-MORE,pair9,P,0.07827377319335938,0.06154155731201172,27059,27059
gpt-j-6b-fp32,diag_rank_asc,0.3,134,134,OPP-MORE,pair9,Q,0.09621810913085938,0.016675949096679688,23663,23663
gpt-j-6b-fp32,diag_rank_asc,0.3,134,134,OPP-LESS,pair0,P,0.013072967529296875,0.2642946243286133,632,632
gpt-j-6b-fp32,diag_rank_asc,0.3,134,134,OPP-LESS,pair0,Q,0.1264934539794922,0.039261817932128906,39733,39733
gpt-j-6b-fp32,diag_rank_asc,0.3,134,134,OPP-LESS,pair1,P,0.06593990325927734,0.0743551254272461,27059,27059
gpt-j-6b-fp32,diag_rank_asc,0.3,134,134,OPP-LESS,pair1,Q,0.0852212905883789,-0.0872640609741211,19157,19157
gpt-j-6b-fp32,diag_rank_asc,0.3,134,134,OPP-LESS,pair2,P,0.04333305358886719,0.19591760635375977,27059,27059
gpt-j-6b-fp32,diag_rank_asc,0.3,134,134,OPP-LESS,pair2,Q,0.14705371856689453,0.07168960571289062,632,632
gpt-j-6b-fp32,diag_rank_asc,0.3,134,134,OPP-LESS,pair3,P,0.005549430847167969,0.12214088439941406,27059,27059
gpt-j-6b-fp32,diag_rank_asc,0.3,134,134,OPP-LESS,pair3,Q,0.08513927459716797,0.05043983459472656,5930,5930
gpt-j-6b-fp32,diag_rank_asc,0.3,134,134,OPP-LESS,pair4,P,0.05228900909423828,0.30263328552246094,27059,27059
gpt-j-6b-fp32,diag_rank_asc,0.3,134,134,OPP-LESS,pair4,Q,0.0793447494506836,0.11009025573730469,632,632
gpt-j-6b-fp32,diag_rank_asc,0.3,134,134,OPP-LESS,pair5,P,0.010844230651855469,0.05510711669921875,27059,27059
gpt-j-6b-fp32,diag_rank_asc,0.3,134,134,OPP-LESS,pair5,Q,0.13175296783447266,-0.059510231018066406,632,632
gpt-j-6b-fp32,diag_rank_asc,0.3,134,134,OPP-LESS,pair6,P,0.027985572814941406,0.14086055755615234,27059,27059
gpt-j-6b-fp32,diag_rank_asc,0.3,134,134,OPP-LESS,pair6,Q,0.051560401916503906,0.016658782958984375,632,632
gpt-j-6b-fp32,diag_rank_asc,0.3,134,134,OPP-LESS,pair7,P,0.11975765228271484,0.1609506607055664,632,632
gpt-j-6b-fp32,diag_rank_asc,0.3,134,134,OPP-LESS,pair7,Q,0.16329479217529297,0.12662887573242188,632,632
gpt-j-6b-fp32,diag_rank_asc,0.3,134,134,OPP-LESS,pair8,P,0.009446144104003906,0.05040931701660156,1874,1874
gpt-j-6b-fp32,diag_rank_asc,0.3,134,134,OPP-LESS,pair8,Q,0.12319278717041016,-0.022005081176757812,1874,1874
gpt-j-6b-fp32,diag_rank_asc,0.3,134,134,OPP-LESS,pair9,P,0.0824747085571289,0.10917186737060547,27059,27059
gpt-j-6b-fp32,diag_rank_asc,0.3,134,134,OPP-LESS,pair9,Q,0.1142740249633789,0.13830089569091797,23663,23663
gpt-j-6b-fp32,diag_rank_asc,0.3,134,134,MORE-LESS,pair0,P,-0.01638031005859375,0.010231971740722656,10255,10255
gpt-j-6b-fp32,diag_rank_asc,0.3,134,134,MORE-LESS,pair0,Q,-0.014241218566894531,-0.000640869140625,10255,10255
gpt-j-6b-fp32,diag_rank_asc,0.3,134,134,MORE-LESS,pair1,P,0.004834175109863281,-0.022480010986328125,18605,18605
gpt-j-6b-fp32,diag_rank_asc,0.3,134,134,MORE-LESS,pair1,Q,0.00061798095703125,-0.032581329345703125,18605,18605
gpt-j-6b-fp32,diag_rank_asc,0.3,134,134,MORE-LESS,pair2,P,-0.020982742309570312,-0.02639293670654297,8038,8038
gpt-j-6b-fp32,diag_rank_asc,0.3,134,134,MORE-LESS,pair2,Q,-0.025907516479492188,-0.024641990661621094,8038,8038
gpt-j-6b-fp32,diag_rank_asc,0.3,134,134,MORE-LESS,pair3,P,0.005644798278808594,-0.004069328308105469,1234,1234
gpt-j-6b-fp32,diag_rank_asc,0.3,134,134,MORE-LESS,pair3,Q,0.011932373046875,-0.0018215179443359375,1234,1234
gpt-j-6b-fp32,diag_rank_asc,0.3,134,134,MORE-LESS,pair4,P,-0.008237838745117188,-0.02442169189453125,23448,23448
gpt-j-6b-fp32,diag_rank_asc,0.3,134,134,MORE-LESS,pair4,Q,-0.01064300537109375,-0.020536422729492188,23448,23448
gpt-j-6b-fp32,diag_rank_asc,0.3,134,134,MORE-LESS,pair5,P,0.031485557556152344,-0.017063140869140625,969,969
gpt-j-6b-fp32,diag_rank_asc,0.3,134,134,MORE-LESS,pair5,Q,0.029205322265625,-0.015054702758789062,1426,1426
gpt-j-6b-fp32,diag_rank_asc,0.3,134,134,MORE-LESS,pair6,P,0.0055446624755859375,-0.012475967407226562,6514,6514
gpt-j-6b-fp32,diag_rank_asc,0.3,134,134,MORE-LESS,pair6,Q,0.004103660583496094,-0.011404991149902344,6514,6514
gpt-j-6b-fp32,diag_rank_asc,0.3,134,134,MORE-LESS,pair7,P,-0.0247650146484375,0.007495880126953125,22111,22111
gpt-j-6b-fp32,diag_rank_asc,0.3,134,134,MORE-LESS,pair7,Q,-0.03109455108642578,0.00490570068359375,22111,22111
gpt-j-6b-fp32,diag_rank_asc,0.3,134,134,MORE-LESS,pair8,P,0.010862350463867188,-0.013210296630859375,969,969
gpt-j-6b-fp32,diag_rank_asc,0.3,134,134,MORE-LESS,pair8,Q,0.01194000244140625,-0.011017799377441406,969,969
gpt-j-6b-fp32,diag_rank_asc,0.3,134,134,MORE-LESS,pair9,P,0.0007600784301757812,-0.010573387145996094,34439,34439
gpt-j-6b-fp32,diag_rank_asc,0.3,134,134,MORE-LESS,pair9,Q,-0.006981849670410156,-0.010840415954589844,34439,34439
gpt-j-6b-fp32,diag_rank_asc,0.5,224,224,SAME-OPP,pair0,P,0.07677078247070312,-0.02050495147705078,632,632
gpt-j-6b-fp32,diag_rank_asc,0.5,224,224,SAME-OPP,pair0,Q,0.03120899200439453,0.036026954650878906,39733,39733
gpt-j-6b-fp32,diag_rank_asc,0.5,224,224,SAME-OPP,pair1,P,-0.025214195251464844,0.008869171142578125,27059,27059
gpt-j-6b-fp32,diag_rank_asc,0.5,224,224,SAME-OPP,pair1,Q,-0.0043621063232421875,-0.015680313110351562,19157,19157
gpt-j-6b-fp32,diag_rank_asc,0.5,224,224,SAME-OPP,pair2,P,-0.06605052947998047,0.021732330322265625,632,632
gpt-j-6b-fp32,diag_rank_asc,0.5,224,224,SAME-OPP,pair2,Q,-0.001220703125,-0.017327308654785156,632,632
gpt-j-6b-fp32,diag_rank_asc,0.5,224,224,SAME-OPP,pair3,P,-0.038954734802246094,-0.03929901123046875,27059,27059
gpt-j-6b-fp32,diag_rank_asc,0.5,224,224,SAME-OPP,pair3,Q,0.020437240600585938,-0.022291183471679688,632,632
gpt-j-6b-fp32,diag_rank_asc,0.5,224,224,SAME-OPP,pair4,P,0.012739181518554688,-0.007451057434082031,27059,27059
gpt-j-6b-fp32,diag_rank_asc,0.5,224,224,SAME-OPP,pair4,Q,0.00115203857421875,-0.015285491943359375,632,632
gpt-j-6b-fp32,diag_rank_asc,0.5,224,224,SAME-OPP,pair5,P,-0.07992362976074219,-0.0620880126953125,27059,27059
gpt-j-6b-fp32,diag_rank_asc,0.5,224,224,SAME-OPP,pair5,Q,-0.0010204315185546875,-0.023276329040527344,632,632
gpt-j-6b-fp32,diag_rank_asc,0.5,224,224,SAME-OPP,pair6,P,-0.07381439208984375,-0.06476402282714844,27059,27059
gpt-j-6b-fp32,diag_rank_asc,0.5,224,224,SAME-OPP,pair6,Q,-0.012066841125488281,-0.11151504516601562,632,632
gpt-j-6b-fp32,diag_rank_asc,0.5,224,224,SAME-OPP,pair7,P,0.013459205627441406,0.11711883544921875,632,632
gpt-j-6b-fp32,diag_rank_asc,0.5,224,224,SAME-OPP,pair7,Q,0.05601978302001953,-0.02533435821533203,632,632
gpt-j-6b-fp32,diag_rank_asc,0.5,224,224,SAME-OPP,pair8,P,-0.124755859375,-0.05135059356689453,581,581
gpt-j-6b-fp32,diag_rank_asc,0.5,224,224,SAME-OPP,pair8,Q,0.035645484924316406,-0.0032644271850585938,581,1874
gpt-j-6b-fp32,diag_rank_asc,0.5,224,224,SAME-OPP,pair9,P,-0.011060714721679688,0.006001472473144531,27059,27059
gpt-j-6b-fp32,diag_rank_asc,0.5,224,224,SAME-OPP,pair9,Q,0.017075538635253906,-0.047733306884765625,1928,23663
gpt-j-6b-fp32,diag_rank_asc,0.5,224,224,SAME-MORE,pair0,P,0.14368438720703125,0.1250143051147461,632,632
gpt-j-6b-fp32,diag_rank_asc,0.5,224,224,SAME-MORE,pair0,Q,-0.12786006927490234,0.18096160888671875,39733,39733
gpt-j-6b-fp32,diag_rank_asc,0.5,224,224,SAME-MORE,pair1,P,0.23411941528320312,0.052359580993652344,27059,18605
gpt-j-6b-fp32,diag_rank_asc,0.5,224,224,SAME-MORE,pair1,Q,-0.2464923858642578,0.3577461242675781,19157,18605
gpt-j-6b-fp32,diag_rank_asc,0.5,224,224,SAME-MORE,pair2,P,0.45847511291503906,0.7605228424072266,632,27059
gpt-j-6b-fp32,diag_rank_asc,0.5,224,224,SAME-MORE,pair2,Q,0.0686788558959961,1.0561761856079102,632,632
gpt-j-6b-fp32,diag_rank_asc,0.5,224,224,SAME-MORE,pair3,P,0.02662944793701172,-0.11297607421875,27059,27059
gpt-j-6b-fp32,diag_rank_asc,0.5,224,224,SAME-MORE,pair3,Q,-0.06680488586425781,-0.2758598327636719,632,632
gpt-j-6b-fp32,diag_rank_asc,0.5,224,224,SAME-MORE,pair4,P,0.19284629821777344,1.0497932434082031,27059,27059
gpt-j-6b-fp32,diag_rank_asc,0.5,224,224,SAME-MORE,pair4,Q,-0.2643003463745117,0.8425531387329102,632,632
gpt-j-6b-fp32,diag_rank_asc,0.5,224,224,SAME-MORE,pair5,P,-0.056868553161621094,0.530919075012207,27059,27059
gpt-j-6b-fp32,diag_rank_asc,0.5,224,224,SAME-MORE,pair5,Q,-0.017495155334472656,-0.06837081909179688,632,632
gpt-j-6b-fp32,diag_rank_asc,0.5,224,224,SAME-MORE,pair6,P,-0.37790393829345703,0.1186666488647461,27059,27059
gpt-j-6b-fp32,diag_rank_asc,0.5,224,224,SAME-MORE,pair6,Q,-0.3862428665161133,0.2277202606201172,632,632
gpt-j-6b-fp32,diag_rank_asc,0.5,224,224,SAME-MORE,pair7,P,0.05098915100097656,0.7786283493041992,632,632
gpt-j-6b-fp32,diag_rank_asc,0.5,224,224,SAME-MORE,pair7,Q,0.18610382080078125,0.2734546661376953,632,632
gpt-j-6b-fp32,diag_rank_asc,0.5,224,224,SAME-MORE,pair8,P,-0.13271045684814453,-0.17951679229736328,581,581
gpt-j-6b-fp32,diag_rank_asc,0.5,224,224,SAME-MORE,pair8,Q,-0.03479576110839844,-0.31559181213378906,581,581
gpt-j-6b-fp32,diag_rank_asc,0.5,224,224,SAME-MORE,pair9,P,-0.29099369049072266,0.5710935592651367,27059,1928
gpt-j-6b-fp32,diag_rank_asc,0.5,224,224,SAME-MORE,pair9,Q,-0.15697097778320312,0.1194601058959961,1928,34439
gpt-j-6b-fp32,diag_rank_asc,0.5,224,224,SAME-LESS,pair0,P,0.1010894775390625,2.4318065643310547,632,632
gpt-j-6b-fp32,diag_rank_asc,0.5,224,224,SAME-LESS,pair0,Q,-0.16797637939453125,1.04388427734375,39733,39733
gpt-j-6b-fp32,diag_rank_asc,0.5,224,224,SAME-LESS,pair1,P,0.2752838134765625,2.0277605056762695,27059,18605
gpt-j-6b-fp32,diag_rank_asc,0.5,224,224,SAME-LESS,pair1,Q,-0.22872352600097656,1.3531913757324219,19157,18605
gpt-j-6b-fp32,diag_rank_asc,0.5,224,224,SAME-LESS,pair2,P,0.5245332717895508,3.50869083404541,632,27059
gpt-j-6b-fp32,diag_rank_asc,0.5,224,224,SAME-LESS,pair2,Q,0.06067371368408203,3.0253162384033203,632,632
gpt-j-6b-fp32,diag_rank_asc,0.5,224,224,SAME-LESS,pair3,P,0.011884689331054688,2.3520097732543945,27059,27059
gpt-j-6b-fp32,diag_rank_asc,0.5,224,224,SAME-LESS,pair3,Q,-0.0757150650024414,1.159280776977539,632,632
gpt-j-6b-fp32,diag_rank_asc,0.5,224,224,SAME-LESS,pair4,P,0.21834850311279297,2.6565208435058594,27059,27059
gpt-j-6b-fp32,diag_rank_asc,0.5,224,224,SAME-LESS,pair4,Q,-0.2801055908203125,2.0965471267700195,632,632
gpt-j-6b-fp32,diag_rank_asc,0.5,224,224,SAME-LESS,pair5,P,-0.016162872314453125,2.590085029602051,27059,27059
gpt-j-6b-fp32,diag_rank_asc,0.5,224,224,SAME-LESS,pair5,Q,-0.015268325805664062,1.5392913818359375,632,632
gpt-j-6b-fp32,diag_rank_asc,0.5,224,224,SAME-LESS,pair6,P,-0.3191413879394531,2.6255435943603516,27059,27059
gpt-j-6b-fp32,diag_rank_asc,0.5,224,224,SAME-LESS,pair6,Q,-0.3338289260864258,2.015671730041504,632,632
gpt-j-6b-fp32,diag_rank_asc,0.5,224,224,SAME-LESS,pair7,P,0.10811328887939453,1.3385591506958008,632,632
gpt-j-6b-fp32,diag_rank_asc,0.5,224,224,SAME-LESS,pair7,Q,0.17073822021484375,1.0716972351074219,632,632
gpt-j-6b-fp32,diag_rank_asc,0.5,224,224,SAME-LESS,pair8,P,-0.041731834411621094,2.19149112701416,581,581
gpt-j-6b-fp32,diag_rank_asc,0.5,224,224,SAME-LESS,pair8,Q,0.016516685485839844,0.4243326187133789,581,581
gpt-j-6b-fp32,diag_rank_asc,0.5,224,224,SAME-LESS,pair9,P,-0.29692745208740234,1.3513374328613281,27059,34439
gpt-j-6b-fp32,diag_rank_asc,0.5,224,224,SAME-LESS,pair9,Q,-0.2055044174194336,0.48019981384277344,1928,34439
gpt-j-6b-fp32,diag_rank_asc,0.5,224,224,OPP-MORE,pair0,P,-0.8291215896606445,0.5476169586181641,632,632
gpt-j-6b-fp32,diag_rank_asc,0.5,224,224,OPP-MORE,pair0,Q,-0.012371063232421875,0.5430259704589844,39733,39733
gpt-j-6b-fp32,diag_rank_asc,0.5,224,224,OPP-MORE,pair1,P,-0.7069129943847656,0.07714653015136719,27059,18605
gpt-j-6b-fp32,diag_rank_asc,0.5,224,224,OPP-MORE,pair1,Q,-0.22907638549804688,0.4782590866088867,19157,18605
gpt-j-6b-fp32,diag_rank_asc,0.5,224,224,OPP-MORE,pair2,P,-0.6126852035522461,0.9281234741210938,27059,27059
gpt-j-6b-fp32,diag_rank_asc,0.5,224,224,OPP-MORE,pair2,Q,0.09183979034423828,1.1620054244995117,632,632
gpt-j-6b-fp32,diag_rank_asc,0.5,224,224,OPP-MORE,pair3,P,-0.8967685699462891,0.03889751434326172,27059,27059
gpt-j-6b-fp32,diag_rank_asc,0.5,224,224,OPP-MORE,pair3,Q,-0.059055328369140625,-0.12753582000732422,5930,632
gpt-j-6b-fp32,diag_rank_asc,0.5,224,224,OPP-MORE,pair4,P,-1.0990285873413086,1.2859582901000977,27059,27059
gpt-j-6b-fp32,diag_rank_asc,0.5,224,224,OPP-MORE,pair4,Q,-0.23124980926513672,1.1551780700683594,632,23448
gpt-j-6b-fp32,diag_rank_asc,0.5,224,224,OPP-MORE,pair5,P,-0.8254251480102539,0.7456960678100586,27059,27059
gpt-j-6b-fp32,diag_rank_asc,0.5,224,224,OPP-MORE,pair5,Q,-0.07045459747314453,0.10947799682617188,632,632
gpt-j-6b-fp32,diag_rank_asc,0.5,224,224,OPP-MORE,pair6,P,-0.6656064987182617,0.411834716796875,27059,27059
gpt-j-6b-fp32,diag_rank_asc,0.5,224,224,OPP-MORE,pair6,Q,-0.2336292266845703,0.4531078338623047,632,632
gpt-j-6b-fp32,diag_rank_asc,0.5,224,224,OPP-MORE,pair7,P,-0.6695232391357422,0.8821735382080078,632,632
gpt-j-6b-fp32,diag_rank_asc,0.5,224,224,OPP-MORE,pair7,Q,0.06109619140625,0.4402017593383789,632,632
gpt-j-6b-fp32,diag_rank_asc,0.5,224,224,OPP-MORE,pair8,P,-1.0815238952636719,0.018573760986328125,1874,581
gpt-j-6b-fp32,diag_rank_asc,0.5,224,224,OPP-MORE,pair8,Q,-0.19207000732421875,-0.18594646453857422,1874,581
gpt-j-6b-fp32,diag_rank_asc,0.5,224,224,OPP-MORE,pair9,P,-0.8547649383544922,1.0231618881225586,27059,23663
gpt-j-6b-fp32,diag_rank_asc,0.5,224,224,OPP-MORE,pair9,Q,-0.009501457214355469,0.5269737243652344,23663,23663
gpt-j-6b-fp32,diag_rank_asc,0.5,224,224,OPP-LESS,pair0,P,-0.8742923736572266,2.141608238220215,632,632
gpt-j-6b-fp32,diag_rank_asc,0.5,224,224,OPP-LESS,pair0,Q,-0.026706695556640625,0.6989316940307617,39733,39733
gpt-j-6b-fp32,diag_rank_asc,0.5,224,224,OPP-LESS,pair1,P,-0.6863374710083008,1.8270788192749023,27059,18605
gpt-j-6b-fp32,diag_rank_asc,0.5,224,224,OPP-LESS,pair1,Q,-0.211944580078125,1.240067481994629,19157,18605
gpt-j-6b-fp32,diag_rank_asc,0.5,224,224,OPP-LESS,pair2,P,-0.5708122253417969,3.4418201446533203,27059,27059
gpt-j-6b-fp32,diag_rank_asc,0.5,224,224,OPP-LESS,pair2,Q,0.14495563507080078,3.004361152648926,632,632
gpt-j-6b-fp32,diag_rank_asc,0.5,224,224,OPP-LESS,pair3,P,-0.9013795852661133,2.417975425720215,27059,27059
gpt-j-6b-fp32,diag_rank_asc,0.5,224,224,OPP-LESS,pair3,Q,-0.03864002227783203,1.2058296203613281,5930,632
gpt-j-6b-fp32,diag_rank_asc,0.5,224,224,OPP-LESS,pair4,P,-1.1045160293579102,2.575918197631836,27059,27059
gpt-j-6b-fp32,diag_rank_asc,0.5,224,224,OPP-LESS,pair4,Q,-0.23915386199951172,2.003202438354492,632,23448
gpt-j-6b-fp32,diag_rank_asc,0.5,224,224,OPP-LESS,pair5,P,-0.8046941757202148,2.881235122680664,27059,27059
gpt-j-6b-fp32,diag_rank_asc,0.5,224,224,OPP-LESS,pair5,Q,-0.04146099090576172,1.887725830078125,632,632
gpt-j-6b-fp32,diag_rank_asc,0.5,224,224,OPP-LESS,pair6,P,-0.6688919067382812,1.766005516052246,27059,27059
gpt-j-6b-fp32,diag_rank_asc,0.5,224,224,OPP-LESS,pair6,Q,-0.20514583587646484,1.268458366394043,632,632
gpt-j-6b-fp32,diag_rank_asc,0.5,224,224,OPP-LESS,pair7,P,-0.6268415451049805,1.3233671188354492,632,632
gpt-j-6b-fp32,diag_rank_asc,0.5,224,224,OPP-LESS,pair7,Q,0.0811605453491211,0.9077825546264648,632,632
gpt-j-6b-fp32,diag_rank_asc,0.5,224,224,OPP-LESS,pair8,P,-1.0422563552856445,2.4621057510375977,1874,581
gpt-j-6b-fp32,diag_rank_asc,0.5,224,224,OPP-LESS,pair8,Q,-0.12760543823242188,0.7303962707519531,1874,581
gpt-j-6b-fp32,diag_rank_asc,0.5,224,224,OPP-LESS,pair9,P,-0.8440151214599609,1.360569953918457,27059,23663
gpt-j-6b-fp32,diag_rank_asc,0.5,224,224,OPP-LESS,pair9,Q,0.006911277770996094,0.6421146392822266,23663,23663
gpt-j-6b-fp32,diag_rank_asc,0.5,224,224,MORE-LESS,pair0,P,-0.013715744018554688,0.018095016479492188,10255,10255
gpt-j-6b-fp32,diag_rank_asc,0.5,224,224,MORE-LESS,pair0,Q,0.010951042175292969,-0.030205726623535156,10255,10255
gpt-j-6b-fp32,diag_rank_asc,0.5,224,224,MORE-LESS,pair1,P,-0.01772022247314453,-0.05304908752441406,18605,18605
gpt-j-6b-fp32,diag_rank_asc,0.5,224,224,MORE-LESS,pair1,Q,-0.006404876708984375,-0.04351997375488281,18605,18605
gpt-j-6b-fp32,diag_rank_asc,0.5,224,224,MORE-LESS,pair2,P,0.024703025817871094,-0.009088516235351562,8038,8038
gpt-j-6b-fp32,diag_rank_asc,0.5,224,224,MORE-LESS,pair2,Q,0.005682945251464844,-0.025849342346191406,8038,8038
gpt-j-6b-fp32,diag_rank_asc,0.5,224,224,MORE-LESS,pair3,P,0.02730274200439453,-0.0683298110961914,1234,1234
gpt-j-6b-fp32,diag_rank_asc,0.5,224,224,MORE-LESS,pair3,Q,0.0003490447998046875,-0.08455848693847656,1234,1234
gpt-j-6b-fp32,diag_rank_asc,0.5,224,224,MORE-LESS,pair4,P,-0.03697490692138672,-0.05397224426269531,23448,23448
gpt-j-6b-fp32,diag_rank_asc,0.5,224,224,MORE-LESS,pair4,Q,-0.06505966186523438,-0.06741142272949219,23448,23448
gpt-j-6b-fp32,diag_rank_asc,0.5,224,224,MORE-LESS,pair5,P,-0.03666496276855469,0.03652763366699219,969,969
gpt-j-6b-fp32,diag_rank_asc,0.5,224,224,MORE-LESS,pair5,Q,-0.02148723602294922,0.01738739013671875,1426,1426
gpt-j-6b-fp32,diag_rank_asc,0.5,224,224,MORE-LESS,pair6,P,-0.2716045379638672,-0.00799560546875,6514,6514
gpt-j-6b-fp32,diag_rank_asc,0.5,224,224,MORE-LESS,pair6,Q,-0.24723339080810547,0.012536048889160156,6514,6514
gpt-j-6b-fp32,diag_rank_asc,0.5,224,224,MORE-LESS,pair7,P,-0.06199169158935547,0.02094268798828125,22111,22111
gpt-j-6b-fp32,diag_rank_asc,0.5,224,224,MORE-LESS,pair7,Q,-0.06531906127929688,0.024519920349121094,22111,22111
gpt-j-6b-fp32,diag_rank_asc,0.5,224,224,MORE-LESS,pair8,P,0.032357215881347656,-0.13050079345703125,969,969
gpt-j-6b-fp32,diag_rank_asc,0.5,224,224,MORE-LESS,pair8,Q,0.045597076416015625,-0.12386322021484375,969,969
gpt-j-6b-fp32,diag_rank_asc,0.5,224,224,MORE-LESS,pair9,P,-0.1267528533935547,-0.03888893127441406,34439,34439
gpt-j-6b-fp32,diag_rank_asc,0.5,224,224,MORE-LESS,pair9,Q,-0.10756683349609375,-0.05949115753173828,34439,34439
