layer,head,causal_imp,perturbation_L2,cell_new_abs,causal_imp_median,perturbation_median
0,0,0.01875,0.000523134949617,D_p,0.030208333333333334,0.033695036545395796
0,1,0.0125,0.0006080424063839,D_p,0.030208333333333334,0.033695036545395796
0,2,0.01875,0.0005508617032319,D_p,0.030208333333333334,0.033695036545395796
0,3,0.013541666666666667,0.0021974639967083,D_p,0.030208333333333334,0.033695036545395796
0,4,0.01875,0.0003518274752423,D_p,0.030208333333333334,0.033695036545395796
0,5,0.021875,0.0009680935181677,D_p,0.030208333333333334,0.033695036545395796
0,6,0.021875,0.0010886006057262,D_p,0.030208333333333334,0.033695036545395796
0,7,0.021875,0.0008181185112334,D_p,0.030208333333333334,0.033695036545395796
0,8,0.021875,0.0014713612617924,D_p,0.030208333333333334,0.033695036545395796
0,9,0.01875,0.0025568790733814,D_p,0.030208333333333334,0.033695036545395796
0,10,0.016666666666666666,0.0038464949466288,D_p,0.030208333333333334,0.033695036545395796
0,11,0.019791666666666666,0.0036790512967854,D_p,0.030208333333333334,0.033695036545395796
0,12,0.014583333333333334,0.0019293308723717,D_p,0.030208333333333334,0.033695036545395796
0,13,0.016666666666666666,0.0034190537407994,D_p,0.030208333333333334,0.033695036545395796
0,14,0.019791666666666666,0.0029652679804712,D_p,0.030208333333333334,0.033695036545395796
0,15,0.01875,0.0027456863317638,D_p,0.030208333333333334,0.033695036545395796
0,16,0.019791666666666666,0.0010193438502028,D_p,0.030208333333333334,0.033695036545395796
0,17,0.016666666666666666,0.0010372940450906,D_p,0.030208333333333334,0.033695036545395796
0,18,0.01875,0.0004400187171995,D_p,0.030208333333333334,0.033695036545395796
0,19,0.017708333333333333,0.0015455716056749,D_p,0.030208333333333334,0.033695036545395796
0,20,0.020833333333333332,0.0011954554356634,D_p,0.030208333333333334,0.033695036545395796
0,21,0.019791666666666666,0.0009145574294961,D_p,0.030208333333333334,0.033695036545395796
0,22,0.015625,0.0017504866700619,D_p,0.030208333333333334,0.033695036545395796
0,23,0.025,0.0027215161826461,D_p,0.030208333333333334,0.033695036545395796
0,24,0.0125,0.0039945673197507,D_p,0.030208333333333334,0.033695036545395796
0,25,0.01875,0.0026526460424065,D_p,0.030208333333333334,0.033695036545395796
0,26,0.022916666666666665,0.0033345071133226,D_p,0.030208333333333334,0.033695036545395796
0,27,0.016666666666666666,0.0055486066266894,D_p,0.030208333333333334,0.033695036545395796
0,28,0.01875,0.0014502104604616,D_p,0.030208333333333334,0.033695036545395796
0,29,0.01875,0.0030186087824404,D_p,0.030208333333333334,0.033695036545395796
0,30,0.01875,0.0014123392757028,D_p,0.030208333333333334,0.033695036545395796
0,31,0.016666666666666666,0.0029151467606425,D_p,0.030208333333333334,0.033695036545395796
0,32,0.017708333333333333,0.0012341224355623,D_p,0.030208333333333334,0.033695036545395796
0,33,0.020833333333333332,0.0001210259797517,D_p,0.030208333333333334,0.033695036545395796
0,34,0.017708333333333333,0.0037341064307838,D_p,0.030208333333333334,0.033695036545395796
0,35,0.016666666666666666,0.0023504253476858,D_p,0.030208333333333334,0.033695036545395796
0,36,0.013541666666666667,0.0008104831795208,D_p,0.030208333333333334,0.033695036545395796
0,37,0.014583333333333334,5.806994067825144e-06,D_p,0.030208333333333334,0.033695036545395796
0,38,0.020833333333333332,0.0018500156002119,D_p,0.030208333333333334,0.033695036545395796
0,39,0.020833333333333332,0.0024101247545331,D_p,0.030208333333333334,0.033695036545395796
0,40,0.01875,0.0007543227984569,D_p,0.030208333333333334,0.033695036545395796
0,41,0.027083333333333334,0.0004902814980596,D_p,0.030208333333333334,0.033695036545395796
0,42,0.017708333333333333,0.0008531105122528,D_p,0.030208333333333334,0.033695036545395796
0,43,0.016666666666666666,0.0006116681033745,D_p,0.030208333333333334,0.033695036545395796
0,44,0.017708333333333333,0.0010268999030813,D_p,0.030208333333333334,0.033695036545395796
0,45,0.014583333333333334,0.0024345230776816,D_p,0.030208333333333334,0.033695036545395796
0,46,0.015625,0.0009398137917742,D_p,0.030208333333333334,0.033695036545395796
0,47,0.017708333333333333,0.0007258943514898,D_p,0.030208333333333334,0.033695036545395796
0,48,0.019791666666666666,0.0017709521343931,D_p,0.030208333333333334,0.033695036545395796
0,49,0.01875,0.0002033301861956,D_p,0.030208333333333334,0.033695036545395796
0,50,0.025,0.0014281020266935,D_p,0.030208333333333334,0.033695036545395796
0,51,0.019791666666666666,0.000379685399821,D_p,0.030208333333333334,0.033695036545395796
0,52,0.023958333333333335,0.0008619576110504,D_p,0.030208333333333334,0.033695036545395796
0,53,0.019791666666666666,0.0007078324561007,D_p,0.030208333333333334,0.033695036545395796
0,54,0.026041666666666668,0.0003527583030518,D_p,0.030208333333333334,0.033695036545395796
0,55,0.014583333333333334,0.0007187390583567,D_p,0.030208333333333334,0.033695036545395796
0,56,0.021875,0.0006558351451531,D_p,0.030208333333333334,0.033695036545395796
0,57,0.019791666666666666,0.0011953864013776,D_p,0.030208333333333334,0.033695036545395796
0,58,0.017708333333333333,0.0009225258254446,D_p,0.030208333333333334,0.033695036545395796
0,59,0.016666666666666666,0.0021849614568054,D_p,0.030208333333333334,0.033695036545395796
0,60,0.017708333333333333,0.0008551757200621,D_p,0.030208333333333334,0.033695036545395796
0,61,0.014583333333333334,0.0013975931797176,D_p,0.030208333333333334,0.033695036545395796
0,62,0.016666666666666666,0.001606844482012,D_p,0.030208333333333334,0.033695036545395796
0,63,0.01875,0.0011047831503674,D_p,0.030208333333333334,0.033695036545395796
1,0,0.019791666666666666,0.0097645306959748,D_p,0.030208333333333334,0.033695036545395796
1,1,0.020833333333333332,0.0101001830771565,D_p,0.030208333333333334,0.033695036545395796
1,2,0.021875,0.0183117594569921,D_p,0.030208333333333334,0.033695036545395796
1,3,0.025,0.0192073862999677,D_p,0.030208333333333334,0.033695036545395796
1,4,0.019791666666666666,0.0032459856010973,D_p,0.030208333333333334,0.033695036545395796
1,5,0.015625,0.0089028179645538,D_p,0.030208333333333334,0.033695036545395796
1,6,0.025,0.006289429962635,D_p,0.030208333333333334,0.033695036545395796
1,7,0.016666666666666666,0.0186379365622997,D_p,0.030208333333333334,0.033695036545395796
1,8,0.017708333333333333,0.0073256278410553,D_p,0.030208333333333334,0.033695036545395796
1,9,0.020833333333333332,0.0107448007911443,D_p,0.030208333333333334,0.033695036545395796
1,10,0.023958333333333335,0.0087888287380337,D_p,0.030208333333333334,0.033695036545395796
1,11,0.015625,0.0077207726426422,D_p,0.030208333333333334,0.033695036545395796
1,12,0.023958333333333335,0.0089599573984742,D_p,0.030208333333333334,0.033695036545395796
1,13,0.022916666666666665,0.0057720988988876,D_p,0.030208333333333334,0.033695036545395796
1,14,0.025,0.0115704135969281,D_p,0.030208333333333334,0.033695036545395796
1,15,0.014583333333333334,0.0123256687074899,D_p,0.030208333333333334,0.033695036545395796
1,16,0.030208333333333334,0.0113946227356791,hilp_p,0.030208333333333334,0.033695036545395796
1,17,0.03125,0.0124747576192021,hilp_p,0.030208333333333334,0.033695036545395796
1,18,0.03125,0.0092938859015703,hilp_p,0.030208333333333334,0.033695036545395796
1,19,0.029166666666666667,0.0120233818888664,D_p,0.030208333333333334,0.033695036545395796
1,20,0.026041666666666668,0.011022238060832,D_p,0.030208333333333334,0.033695036545395796
1,21,0.03229166666666667,0.0089555820450186,hilp_p,0.030208333333333334,0.033695036545395796
1,22,0.034375,0.0114202825352549,hilp_p,0.030208333333333334,0.033695036545395796
1,23,0.029166666666666667,0.0220071580260992,D_p,0.030208333333333334,0.033695036545395796
1,24,0.026041666666666668,0.0221902374178171,D_p,0.030208333333333334,0.033695036545395796
1,25,0.023958333333333335,0.0122439824044704,D_p,0.030208333333333334,0.033695036545395796
1,26,0.035416666666666666,0.0155428815633058,hilp_p,0.030208333333333334,0.033695036545395796
1,27,0.029166666666666667,0.0263085179030895,D_p,0.030208333333333334,0.033695036545395796
1,28,0.028125,0.0167797561734914,D_p,0.030208333333333334,0.033695036545395796
1,29,0.027083333333333334,0.0168343670666217,D_p,0.030208333333333334,0.033695036545395796
1,30,0.03333333333333333,0.0243181772530078,hilp_p,0.030208333333333334,0.033695036545395796
1,31,0.035416666666666666,0.0117247132584452,hilp_p,0.030208333333333334,0.033695036545395796
1,32,0.034375,0.021793708205223,hilp_p,0.030208333333333334,0.033695036545395796
1,33,0.029166666666666667,0.0153424069285392,D_p,0.030208333333333334,0.033695036545395796
1,34,0.030208333333333334,0.0140282521024346,hilp_p,0.030208333333333334,0.033695036545395796
1,35,0.03125,0.0139217730611562,hilp_p,0.030208333333333334,0.033695036545395796
1,36,0.030208333333333334,0.0230936501175165,hilp_p,0.030208333333333334,0.033695036545395796
1,37,0.028125,0.0216493103653192,D_p,0.030208333333333334,0.033695036545395796
1,38,0.027083333333333334,0.0184230003505945,D_p,0.030208333333333334,0.033695036545395796
1,39,0.036458333333333336,0.0233119279146194,hilp_p,0.030208333333333334,0.033695036545395796
1,40,0.027083333333333334,0.0282178781926631,D_p,0.030208333333333334,0.033695036545395796
1,41,0.025,0.0119922785088419,D_p,0.030208333333333334,0.033695036545395796
1,42,0.028125,0.0107269519940018,D_p,0.030208333333333334,0.033695036545395796
1,43,0.03229166666666667,0.0130749428644776,hilp_p,0.030208333333333334,0.033695036545395796
1,44,0.03333333333333333,0.0148444129154086,hilp_p,0.030208333333333334,0.033695036545395796
1,45,0.03229166666666667,0.0146012837067246,hilp_p,0.030208333333333334,0.033695036545395796
1,46,0.03125,0.009945947676897,hilp_p,0.030208333333333334,0.033695036545395796
1,47,0.028125,0.0115269962698221,D_p,0.030208333333333334,0.033695036545395796
1,48,0.028125,0.0078039374202489,D_p,0.030208333333333334,0.033695036545395796
1,49,0.028125,0.0098229786381125,D_p,0.030208333333333334,0.033695036545395796
1,50,0.027083333333333334,0.0110064251348376,D_p,0.030208333333333334,0.033695036545395796
1,51,0.026041666666666668,0.0150979328900575,D_p,0.030208333333333334,0.033695036545395796
1,52,0.030208333333333334,0.0115276975557208,hilp_p,0.030208333333333334,0.033695036545395796
1,53,0.03125,0.0281568057835102,hilp_p,0.030208333333333334,0.033695036545395796
1,54,0.03333333333333333,0.0163996741175651,hilp_p,0.030208333333333334,0.033695036545395796
1,55,0.034375,0.0153652811422944,hilp_p,0.030208333333333334,0.033695036545395796
1,56,0.025,0.0182083006948232,D_p,0.030208333333333334,0.033695036545395796
1,57,0.03125,0.0219816602766513,hilp_p,0.030208333333333334,0.033695036545395796
1,58,0.027083333333333334,0.0163319017738103,D_p,0.030208333333333334,0.033695036545395796
1,59,0.03125,0.0114049995318055,hilp_p,0.030208333333333334,0.033695036545395796
1,60,0.029166666666666667,0.0195513237267732,D_p,0.030208333333333334,0.033695036545395796
1,61,0.0375,0.0159962121397256,hilp_p,0.030208333333333334,0.033695036545395796
1,62,0.027083333333333334,0.0116495713591575,D_p,0.030208333333333334,0.033695036545395796
1,63,0.030208333333333334,0.0125360321253538,hilp_p,0.030208333333333334,0.033695036545395796
2,0,0.03125,0.0036673394497483,hilp_p,0.030208333333333334,0.033695036545395796
2,1,0.029166666666666667,0.0034821557346731,D_p,0.030208333333333334,0.033695036545395796
2,2,0.027083333333333334,0.0022231861948966,D_p,0.030208333333333334,0.033695036545395796
2,3,0.027083333333333334,0.0072741890326142,D_p,0.030208333333333334,0.033695036545395796
2,4,0.028125,0.004023278132081,D_p,0.030208333333333334,0.033695036545395796
2,5,0.03333333333333333,0.0020165066234767,hilp_p,0.030208333333333334,0.033695036545395796
2,6,0.027083333333333334,0.0127013176679611,D_p,0.030208333333333334,0.033695036545395796
2,7,0.028125,0.0013973319437354,D_p,0.030208333333333334,0.033695036545395796
2,8,0.030208333333333334,0.0175206307321786,hilp_p,0.030208333333333334,0.033695036545395796
2,9,0.028125,0.0031664855778217,D_p,0.030208333333333334,0.033695036545395796
2,10,0.03125,0.0047306925989687,hilp_p,0.030208333333333334,0.033695036545395796
2,11,0.029166666666666667,0.0057717617601156,D_p,0.030208333333333334,0.033695036545395796
2,12,0.03229166666666667,0.0022847007494419,hilp_p,0.030208333333333334,0.033695036545395796
2,13,0.03333333333333333,0.0010564379626885,hilp_p,0.030208333333333334,0.033695036545395796
2,14,0.025,0.0144323799759149,D_p,0.030208333333333334,0.033695036545395796
2,15,0.029166666666666667,0.0024520340375602,D_p,0.030208333333333334,0.033695036545395796
2,16,0.03229166666666667,0.0132277179509401,hilp_p,0.030208333333333334,0.033695036545395796
2,17,0.027083333333333334,0.0067654978483915,D_p,0.030208333333333334,0.033695036545395796
2,18,0.03125,0.0102023547515273,hilp_p,0.030208333333333334,0.033695036545395796
2,19,0.029166666666666667,0.0103662982583045,D_p,0.030208333333333334,0.033695036545395796
2,20,0.029166666666666667,0.0121569540351629,D_p,0.030208333333333334,0.033695036545395796
2,21,0.03125,0.006417192518711,hilp_p,0.030208333333333334,0.033695036545395796
2,22,0.025,0.0094607397913932,D_p,0.030208333333333334,0.033695036545395796
2,23,0.030208333333333334,0.0087071480229496,hilp_p,0.030208333333333334,0.033695036545395796
2,24,0.03229166666666667,0.0069706602953374,hilp_p,0.030208333333333334,0.033695036545395796
2,25,0.034375,0.0011519163381308,hilp_p,0.030208333333333334,0.033695036545395796
2,26,0.025,0.0044523421674966,D_p,0.030208333333333334,0.033695036545395796
2,27,0.03333333333333333,0.0020021800883114,hilp_p,0.030208333333333334,0.033695036545395796
2,28,0.029166666666666667,0.0124626364558935,D_p,0.030208333333333334,0.033695036545395796
2,29,0.026041666666666668,0.0036363990511745,D_p,0.030208333333333334,0.033695036545395796
2,30,0.03125,0.0037784946616739,hilp_p,0.030208333333333334,0.033695036545395796
2,31,0.03229166666666667,0.002646968467161,hilp_p,0.030208333333333334,0.033695036545395796
2,32,0.030208333333333334,0.0010379788000136,hilp_p,0.030208333333333334,0.033695036545395796
2,33,0.025,0.0028709436301141,D_p,0.030208333333333334,0.033695036545395796
2,34,0.025,0.0034243937116116,D_p,0.030208333333333334,0.033695036545395796
2,35,0.030208333333333334,0.0004187749873381,hilp_p,0.030208333333333334,0.033695036545395796
2,36,0.027083333333333334,0.0054724686779081,D_p,0.030208333333333334,0.033695036545395796
2,37,0.025,0.0013953532325103,D_p,0.030208333333333334,0.033695036545395796
2,38,0.023958333333333335,0.0106872888281941,D_p,0.030208333333333334,0.033695036545395796
2,39,0.03333333333333333,0.0042219264432787,hilp_p,0.030208333333333334,0.033695036545395796
2,40,0.030208333333333334,0.0050252173095941,hilp_p,0.030208333333333334,0.033695036545395796
2,41,0.028125,0.0030920747667551,D_p,0.030208333333333334,0.033695036545395796
2,42,0.030208333333333334,0.003417057916522,hilp_p,0.030208333333333334,0.033695036545395796
2,43,0.026041666666666668,0.0015634733717888,D_p,0.030208333333333334,0.033695036545395796
2,44,0.029166666666666667,0.0015626922249794,D_p,0.030208333333333334,0.033695036545395796
2,45,0.027083333333333334,0.0006021278677508,D_p,0.030208333333333334,0.033695036545395796
2,46,0.025,0.0027715866453945,D_p,0.030208333333333334,0.033695036545395796
2,47,0.030208333333333334,0.0088205216452479,hilp_p,0.030208333333333334,0.033695036545395796
2,48,0.027083333333333334,0.0050886357203125,D_p,0.030208333333333334,0.033695036545395796
2,49,0.028125,0.0070829913020133,D_p,0.030208333333333334,0.033695036545395796
2,50,0.029166666666666667,0.0015340504469349,D_p,0.030208333333333334,0.033695036545395796
2,51,0.030208333333333334,0.0074634733609855,hilp_p,0.030208333333333334,0.033695036545395796
2,52,0.028125,0.0040347138419747,D_p,0.030208333333333334,0.033695036545395796
2,53,0.030208333333333334,0.0091488556936383,hilp_p,0.030208333333333334,0.033695036545395796
2,54,0.025,0.010010527446866,D_p,0.030208333333333334,0.033695036545395796
2,55,0.030208333333333334,0.0094104632735252,hilp_p,0.030208333333333334,0.033695036545395796
2,56,0.026041666666666668,0.0044513307511806,D_p,0.030208333333333334,0.033695036545395796
2,57,0.026041666666666668,0.0057820621877908,D_p,0.030208333333333334,0.033695036545395796
2,58,0.029166666666666667,0.006870599463582,D_p,0.030208333333333334,0.033695036545395796
2,59,0.028125,0.0063004838302731,D_p,0.030208333333333334,0.033695036545395796
2,60,0.028125,0.0033480830024927,D_p,0.030208333333333334,0.033695036545395796
2,61,0.025,0.0131246224045753,D_p,0.030208333333333334,0.033695036545395796
2,62,0.028125,0.0017445900011807,D_p,0.030208333333333334,0.033695036545395796
2,63,0.03125,0.0089912693947553,hilp_p,0.030208333333333334,0.033695036545395796
3,0,0.026041666666666668,0.0049599115736782,D_p,0.030208333333333334,0.033695036545395796
3,1,0.028125,0.0020089459139853,D_p,0.030208333333333334,0.033695036545395796
3,2,0.034375,0.0093988748267292,hilp_p,0.030208333333333334,0.033695036545395796
3,3,0.027083333333333334,0.0025216729845851,D_p,0.030208333333333334,0.033695036545395796
3,4,0.034375,0.0093890558928251,hilp_p,0.030208333333333334,0.033695036545395796
3,5,0.030208333333333334,0.0018300522351637,hilp_p,0.030208333333333334,0.033695036545395796
3,6,0.03333333333333333,0.004260045941919,hilp_p,0.030208333333333334,0.033695036545395796
3,7,0.030208333333333334,0.0041245254687964,hilp_p,0.030208333333333334,0.033695036545395796
3,8,0.028125,0.0117121925577521,D_p,0.030208333333333334,0.033695036545395796
3,9,0.028125,0.000972720910795,D_p,0.030208333333333334,0.033695036545395796
3,10,0.03229166666666667,0.0011533726938068,hilp_p,0.030208333333333334,0.033695036545395796
3,11,0.028125,0.0009563486673869,D_p,0.030208333333333334,0.033695036545395796
3,12,0.030208333333333334,0.003480747109279,hilp_p,0.030208333333333334,0.033695036545395796
3,13,0.030208333333333334,0.0027578510344028,hilp_p,0.030208333333333334,0.033695036545395796
3,14,0.03125,0.0049635153263807,hilp_p,0.030208333333333334,0.033695036545395796
3,15,0.025,0.0032046812120825,D_p,0.030208333333333334,0.033695036545395796
3,16,0.026041666666666668,0.0018977831350639,D_p,0.030208333333333334,0.033695036545395796
3,17,0.03125,0.0062798601575195,hilp_p,0.030208333333333334,0.033695036545395796
3,18,0.023958333333333335,0.0087637836113572,D_p,0.030208333333333334,0.033695036545395796
3,19,0.023958333333333335,0.0079068811610341,D_p,0.030208333333333334,0.033695036545395796
3,20,0.030208333333333334,0.0045086788013577,hilp_p,0.030208333333333334,0.033695036545395796
3,21,0.027083333333333334,0.0047211800701916,D_p,0.030208333333333334,0.033695036545395796
3,22,0.027083333333333334,0.0029687907081097,D_p,0.030208333333333334,0.033695036545395796
3,23,0.03125,0.0039840503595769,hilp_p,0.030208333333333334,0.033695036545395796
3,24,0.030208333333333334,0.0014982101274654,hilp_p,0.030208333333333334,0.033695036545395796
3,25,0.027083333333333334,0.0015145957004278,D_p,0.030208333333333334,0.033695036545395796
3,26,0.023958333333333335,0.0023435200564563,D_p,0.030208333333333334,0.033695036545395796
3,27,0.027083333333333334,0.0009024419705383,D_p,0.030208333333333334,0.033695036545395796
3,28,0.023958333333333335,0.0017829813295975,D_p,0.030208333333333334,0.033695036545395796
3,29,0.030208333333333334,0.0016715399688109,hilp_p,0.030208333333333334,0.033695036545395796
3,30,0.036458333333333336,0.001120884087868,hilp_p,0.030208333333333334,0.033695036545395796
3,31,0.025,0.0016619403613731,D_p,0.030208333333333334,0.033695036545395796
3,32,0.026041666666666668,0.0047990763559937,D_p,0.030208333333333334,0.033695036545395796
3,33,0.027083333333333334,0.0038158760871738,D_p,0.030208333333333334,0.033695036545395796
3,34,0.029166666666666667,0.0035006830003112,D_p,0.030208333333333334,0.033695036545395796
3,35,0.03125,0.0030317108612507,hilp_p,0.030208333333333334,0.033695036545395796
3,36,0.025,0.0025085406377911,D_p,0.030208333333333334,0.033695036545395796
3,37,0.022916666666666665,0.0028065885417163,D_p,0.030208333333333334,0.033695036545395796
3,38,0.027083333333333334,0.0031618003267794,D_p,0.030208333333333334,0.033695036545395796
3,39,0.027083333333333334,0.0035901791416108,D_p,0.030208333333333334,0.033695036545395796
3,40,0.028125,0.0033089912030845,D_p,0.030208333333333334,0.033695036545395796
3,41,0.026041666666666668,0.0013392507098615,D_p,0.030208333333333334,0.033695036545395796
3,42,0.027083333333333334,0.0022691343910992,D_p,0.030208333333333334,0.033695036545395796
3,43,0.034375,0.0029671469237655,hilp_p,0.030208333333333334,0.033695036545395796
3,44,0.03125,0.0014363900991156,hilp_p,0.030208333333333334,0.033695036545395796
3,45,0.029166666666666667,0.0037292668130248,D_p,0.030208333333333334,0.033695036545395796
3,46,0.029166666666666667,0.0080503746867179,D_p,0.030208333333333334,0.033695036545395796
3,47,0.025,0.0048259175382554,D_p,0.030208333333333334,0.033695036545395796
3,48,0.027083333333333334,0.0031831176020205,D_p,0.030208333333333334,0.033695036545395796
3,49,0.030208333333333334,0.0083663808181881,hilp_p,0.030208333333333334,0.033695036545395796
3,50,0.030208333333333334,0.0078597506508231,hilp_p,0.030208333333333334,0.033695036545395796
3,51,0.027083333333333334,0.0051377210766077,D_p,0.030208333333333334,0.033695036545395796
3,52,0.03125,0.0038182286079972,hilp_p,0.030208333333333334,0.033695036545395796
3,53,0.027083333333333334,0.0068245017901062,D_p,0.030208333333333334,0.033695036545395796
3,54,0.026041666666666668,0.0100981006398797,D_p,0.030208333333333334,0.033695036545395796
3,55,0.027083333333333334,0.0009885104373097,D_p,0.030208333333333334,0.033695036545395796
3,56,0.028125,0.0036545554175972,D_p,0.030208333333333334,0.033695036545395796
3,57,0.03229166666666667,0.0024156016297638,hilp_p,0.030208333333333334,0.033695036545395796
3,58,0.027083333333333334,0.0024351563770323,D_p,0.030208333333333334,0.033695036545395796
3,59,0.028125,0.0025009489618241,D_p,0.030208333333333334,0.033695036545395796
3,60,0.03125,0.0031305579468607,hilp_p,0.030208333333333334,0.033695036545395796
3,61,0.027083333333333334,0.0017093502683565,D_p,0.030208333333333334,0.033695036545395796
3,62,0.030208333333333334,0.0050598485395312,hilp_p,0.030208333333333334,0.033695036545395796
3,63,0.028125,0.0016085690585896,D_p,0.030208333333333334,0.033695036545395796
4,0,0.03125,0.0074649229645729,hilp_p,0.030208333333333334,0.033695036545395796
4,1,0.028125,0.0044925771653652,D_p,0.030208333333333334,0.033695036545395796
4,2,0.025,0.0017964245053008,D_p,0.030208333333333334,0.033695036545395796
4,3,0.026041666666666668,0.0048116142861545,D_p,0.030208333333333334,0.033695036545395796
4,4,0.03333333333333333,0.0029576679226011,hilp_p,0.030208333333333334,0.033695036545395796
4,5,0.030208333333333334,0.0027088872157037,hilp_p,0.030208333333333334,0.033695036545395796
4,6,0.03125,0.0139031317085027,hilp_p,0.030208333333333334,0.033695036545395796
4,7,0.026041666666666668,0.0016697243554517,D_p,0.030208333333333334,0.033695036545395796
4,8,0.035416666666666666,0.0116754323244094,hilp_p,0.030208333333333334,0.033695036545395796
4,9,0.027083333333333334,0.0054542478173971,D_p,0.030208333333333334,0.033695036545395796
4,10,0.03125,0.0005159781430847,hilp_p,0.030208333333333334,0.033695036545395796
4,11,0.027083333333333334,0.0030114680994302,D_p,0.030208333333333334,0.033695036545395796
4,12,0.03333333333333333,0.0065675801597535,hilp_p,0.030208333333333334,0.033695036545395796
4,13,0.036458333333333336,0.0068637356162071,hilp_p,0.030208333333333334,0.033695036545395796
4,14,0.03229166666666667,0.0022134503815323,hilp_p,0.030208333333333334,0.033695036545395796
4,15,0.025,0.0015681533841416,D_p,0.030208333333333334,0.033695036545395796
4,16,0.028125,0.0023853303864598,D_p,0.030208333333333334,0.033695036545395796
4,17,0.027083333333333334,0.0119466567412018,D_p,0.030208333333333334,0.033695036545395796
4,18,0.025,0.0043367082253098,D_p,0.030208333333333334,0.033695036545395796
4,19,0.03125,0.0009426876204088,hilp_p,0.030208333333333334,0.033695036545395796
4,20,0.027083333333333334,0.0041426382958889,D_p,0.030208333333333334,0.033695036545395796
4,21,0.030208333333333334,0.0044671180658042,hilp_p,0.030208333333333334,0.033695036545395796
4,22,0.030208333333333334,0.0029294227715581,hilp_p,0.030208333333333334,0.033695036545395796
4,23,0.028125,0.0038174861110746,D_p,0.030208333333333334,0.033695036545395796
4,24,0.029166666666666667,0.0030474863015115,D_p,0.030208333333333334,0.033695036545395796
4,25,0.027083333333333334,0.0016565857222303,D_p,0.030208333333333334,0.033695036545395796
4,26,0.03125,0.0024934613611549,hilp_p,0.030208333333333334,0.033695036545395796
4,27,0.03125,0.0003257706703152,hilp_p,0.030208333333333334,0.033695036545395796
4,28,0.035416666666666666,0.0011974662775173,hilp_p,0.030208333333333334,0.033695036545395796
4,29,0.035416666666666666,0.000964441569522,hilp_p,0.030208333333333334,0.033695036545395796
4,30,0.03229166666666667,0.0023323197383433,hilp_p,0.030208333333333334,0.033695036545395796
4,31,0.030208333333333334,0.0096209133043885,hilp_p,0.030208333333333334,0.033695036545395796
4,32,0.027083333333333334,0.0090235825628042,D_p,0.030208333333333334,0.033695036545395796
4,33,0.028125,0.0023552635684609,D_p,0.030208333333333334,0.033695036545395796
4,34,0.03229166666666667,0.0023361439816653,hilp_p,0.030208333333333334,0.033695036545395796
4,35,0.030208333333333334,0.0039286813698709,hilp_p,0.030208333333333334,0.033695036545395796
4,36,0.035416666666666666,0.0010104640386998,hilp_p,0.030208333333333334,0.033695036545395796
4,37,0.03229166666666667,0.0004370669485069,hilp_p,0.030208333333333334,0.033695036545395796
4,38,0.03229166666666667,0.0060751708224415,hilp_p,0.030208333333333334,0.033695036545395796
4,39,0.028125,0.002251251367852,D_p,0.030208333333333334,0.033695036545395796
4,40,0.030208333333333334,0.014711819589138,hilp_p,0.030208333333333334,0.033695036545395796
4,41,0.03125,0.0029388309922069,hilp_p,0.030208333333333334,0.033695036545395796
4,42,0.029166666666666667,0.0043649850413203,D_p,0.030208333333333334,0.033695036545395796
4,43,0.027083333333333334,0.0043632402084767,D_p,0.030208333333333334,0.033695036545395796
4,44,0.025,0.0028304716106504,D_p,0.030208333333333334,0.033695036545395796
4,45,0.030208333333333334,0.0013698873808607,hilp_p,0.030208333333333334,0.033695036545395796
4,46,0.028125,0.0294120088219642,D_p,0.030208333333333334,0.033695036545395796
4,47,0.03333333333333333,0.0016009607352316,hilp_p,0.030208333333333334,0.033695036545395796
4,48,0.029166666666666667,0.0055746398866176,D_p,0.030208333333333334,0.033695036545395796
4,49,0.029166666666666667,0.001229022978805,D_p,0.030208333333333334,0.033695036545395796
4,50,0.029166666666666667,0.0009915294358506,D_p,0.030208333333333334,0.033695036545395796
4,51,0.026041666666666668,0.0141262775287032,D_p,0.030208333333333334,0.033695036545395796
4,52,0.030208333333333334,0.0036028525792062,hilp_p,0.030208333333333334,0.033695036545395796
4,53,0.029166666666666667,0.0056573790498077,D_p,0.030208333333333334,0.033695036545395796
4,54,0.026041666666666668,0.0093014799058437,D_p,0.030208333333333334,0.033695036545395796
4,55,0.025,0.0128431282937526,D_p,0.030208333333333334,0.033695036545395796
4,56,0.028125,0.002456170739606,D_p,0.030208333333333334,0.033695036545395796
4,57,0.029166666666666667,0.0019779035355895,D_p,0.030208333333333334,0.033695036545395796
4,58,0.029166666666666667,0.0107056070119142,D_p,0.030208333333333334,0.033695036545395796
4,59,0.026041666666666668,0.0027453589718788,D_p,0.030208333333333334,0.033695036545395796
4,60,0.023958333333333335,0.0068558054044842,D_p,0.030208333333333334,0.033695036545395796
4,61,0.029166666666666667,0.0037501691840589,D_p,0.030208333333333334,0.033695036545395796
4,62,0.026041666666666668,0.0068940017372369,D_p,0.030208333333333334,0.033695036545395796
4,63,0.029166666666666667,0.0018915859982371,D_p,0.030208333333333334,0.033695036545395796
5,0,0.028125,0.0008391889859922,D_p,0.030208333333333334,0.033695036545395796
5,1,0.029166666666666667,0.005622292868793,D_p,0.030208333333333334,0.033695036545395796
5,2,0.028125,0.0004061256477143,D_p,0.030208333333333334,0.033695036545395796
5,3,0.029166666666666667,0.0013194204075261,D_p,0.030208333333333334,0.033695036545395796
5,4,0.030208333333333334,0.0018512785900384,hilp_p,0.030208333333333334,0.033695036545395796
5,5,0.029166666666666667,0.0022027033846825,D_p,0.030208333333333334,0.033695036545395796
5,6,0.030208333333333334,0.0010199819225817,hilp_p,0.030208333333333334,0.033695036545395796
5,7,0.035416666666666666,0.000723372795619,hilp_p,0.030208333333333334,0.033695036545395796
5,8,0.028125,0.0011608945205807,D_p,0.030208333333333334,0.033695036545395796
5,9,0.022916666666666665,0.0023217869456857,D_p,0.030208333333333334,0.033695036545395796
5,10,0.026041666666666668,0.0007461013155989,D_p,0.030208333333333334,0.033695036545395796
5,11,0.025,0.0034022193867713,D_p,0.030208333333333334,0.033695036545395796
5,12,0.030208333333333334,0.0005016464856453,hilp_p,0.030208333333333334,0.033695036545395796
5,13,0.03333333333333333,0.0010981796076521,hilp_p,0.030208333333333334,0.033695036545395796
5,14,0.030208333333333334,0.0079057198017835,hilp_p,0.030208333333333334,0.033695036545395796
5,15,0.026041666666666668,0.000406004517572,D_p,0.030208333333333334,0.033695036545395796
5,16,0.023958333333333335,0.0066318931058049,D_p,0.030208333333333334,0.033695036545395796
5,17,0.025,0.0014454252086579,D_p,0.030208333333333334,0.033695036545395796
5,18,0.027083333333333334,0.0022308386396616,D_p,0.030208333333333334,0.033695036545395796
5,19,0.0375,0.0006566681549884,hilp_p,0.030208333333333334,0.033695036545395796
5,20,0.029166666666666667,0.0054210214875638,D_p,0.030208333333333334,0.033695036545395796
5,21,0.03125,0.0027972243260592,hilp_p,0.030208333333333334,0.033695036545395796
5,22,0.030208333333333334,0.0020288950763642,hilp_p,0.030208333333333334,0.033695036545395796
5,23,0.029166666666666667,0.0066343150101602,D_p,0.030208333333333334,0.033695036545395796
5,24,0.023958333333333335,0.0101491827517747,D_p,0.030208333333333334,0.033695036545395796
5,25,0.026041666666666668,0.00140171055682,D_p,0.030208333333333334,0.033695036545395796
5,26,0.025,0.0064241820946335,D_p,0.030208333333333334,0.033695036545395796
5,27,0.028125,0.00258230837062,D_p,0.030208333333333334,0.033695036545395796
5,28,0.03333333333333333,0.0100062927231192,hilp_p,0.030208333333333334,0.033695036545395796
5,29,0.027083333333333334,0.0026521536055952,D_p,0.030208333333333334,0.033695036545395796
5,30,0.027083333333333334,0.0029045776464045,D_p,0.030208333333333334,0.033695036545395796
5,31,0.026041666666666668,0.0038093782495707,D_p,0.030208333333333334,0.033695036545395796
5,32,0.03125,0.0042145824991166,hilp_p,0.030208333333333334,0.033695036545395796
5,33,0.026041666666666668,0.0027197743766009,D_p,0.030208333333333334,0.033695036545395796
5,34,0.025,0.008054856210947,D_p,0.030208333333333334,0.033695036545395796
5,35,0.027083333333333334,0.0066921156831085,D_p,0.030208333333333334,0.033695036545395796
5,36,0.029166666666666667,0.0069144880399107,D_p,0.030208333333333334,0.033695036545395796
5,37,0.028125,0.0078389747068285,D_p,0.030208333333333334,0.033695036545395796
5,38,0.029166666666666667,0.0066975755617022,D_p,0.030208333333333334,0.033695036545395796
5,39,0.025,0.0063757696188986,D_p,0.030208333333333334,0.033695036545395796
5,40,0.03229166666666667,0.0005050816107541,hilp_p,0.030208333333333334,0.033695036545395796
5,41,0.026041666666666668,0.0037173386663198,D_p,0.030208333333333334,0.033695036545395796
5,42,0.027083333333333334,0.0002530779165681,D_p,0.030208333333333334,0.033695036545395796
5,43,0.03125,0.0001904478704091,hilp_p,0.030208333333333334,0.033695036545395796
5,44,0.030208333333333334,0.0025940740015357,hilp_p,0.030208333333333334,0.033695036545395796
5,45,0.03125,0.0004770158557221,hilp_p,0.030208333333333334,0.033695036545395796
5,46,0.027083333333333334,0.0008212947868742,D_p,0.030208333333333334,0.033695036545395796
5,47,0.03333333333333333,0.0003268376749474,hilp_p,0.030208333333333334,0.033695036545395796
5,48,0.030208333333333334,0.003998665139079,hilp_p,0.030208333333333334,0.033695036545395796
5,49,0.027083333333333334,0.0018827423918992,D_p,0.030208333333333334,0.033695036545395796
5,50,0.022916666666666665,0.0097562754526734,D_p,0.030208333333333334,0.033695036545395796
5,51,0.03125,0.0179835874587297,hilp_p,0.030208333333333334,0.033695036545395796
5,52,0.026041666666666668,0.0036208007950335,D_p,0.030208333333333334,0.033695036545395796
5,53,0.026041666666666668,0.0014746013330295,D_p,0.030208333333333334,0.033695036545395796
5,54,0.030208333333333334,0.007040905766189,hilp_p,0.030208333333333334,0.033695036545395796
5,55,0.028125,0.0014625401236116,D_p,0.030208333333333334,0.033695036545395796
5,56,0.028125,0.0100584141910076,D_p,0.030208333333333334,0.033695036545395796
5,57,0.027083333333333334,0.0022088910918682,D_p,0.030208333333333334,0.033695036545395796
5,58,0.027083333333333334,0.0061655356548726,D_p,0.030208333333333334,0.033695036545395796
5,59,0.03333333333333333,0.0098681161180138,hilp_p,0.030208333333333334,0.033695036545395796
5,60,0.023958333333333335,0.0022634570486843,D_p,0.030208333333333334,0.033695036545395796
5,61,0.026041666666666668,0.0038508307188749,D_p,0.030208333333333334,0.033695036545395796
5,62,0.025,0.0042238216847181,D_p,0.030208333333333334,0.033695036545395796
5,63,0.027083333333333334,0.0055003021843731,D_p,0.030208333333333334,0.033695036545395796
6,0,0.029166666666666667,0.0028836829587817,D_p,0.030208333333333334,0.033695036545395796
6,1,0.029166666666666667,0.0022978889755904,D_p,0.030208333333333334,0.033695036545395796
6,2,0.034375,0.0038509867154061,hilp_p,0.030208333333333334,0.033695036545395796
6,3,0.023958333333333335,0.0028759853448718,D_p,0.030208333333333334,0.033695036545395796
6,4,0.029166666666666667,0.0026434632018208,D_p,0.030208333333333334,0.033695036545395796
6,5,0.035416666666666666,0.0032222440931946,hilp_p,0.030208333333333334,0.033695036545395796
6,6,0.03125,0.0020238941069692,hilp_p,0.030208333333333334,0.033695036545395796
6,7,0.028125,0.0050614359788596,D_p,0.030208333333333334,0.033695036545395796
6,8,0.029166666666666667,0.0060186884365975,D_p,0.030208333333333334,0.033695036545395796
6,9,0.028125,0.0089868791401386,D_p,0.030208333333333334,0.033695036545395796
6,10,0.022916666666666665,0.0042919302359223,D_p,0.030208333333333334,0.033695036545395796
6,11,0.034375,0.0011689752573147,hilp_p,0.030208333333333334,0.033695036545395796
6,12,0.027083333333333334,0.0041665821336209,D_p,0.030208333333333334,0.033695036545395796
6,13,0.028125,0.0036947063636034,D_p,0.030208333333333334,0.033695036545395796
6,14,0.026041666666666668,0.0029211796354502,D_p,0.030208333333333334,0.033695036545395796
6,15,0.029166666666666667,0.0116808945313096,D_p,0.030208333333333334,0.033695036545395796
6,16,0.03333333333333333,0.0106841437518596,hilp_p,0.030208333333333334,0.033695036545395796
6,17,0.022916666666666665,0.0042321812361478,D_p,0.030208333333333334,0.033695036545395796
6,18,0.029166666666666667,0.0039264177903532,D_p,0.030208333333333334,0.033695036545395796
6,19,0.030208333333333334,0.0121268322691321,hilp_p,0.030208333333333334,0.033695036545395796
6,20,0.027083333333333334,0.0016831095563247,D_p,0.030208333333333334,0.033695036545395796
6,21,0.026041666666666668,0.0082340855151414,D_p,0.030208333333333334,0.033695036545395796
6,22,0.029166666666666667,0.0021326562855392,D_p,0.030208333333333334,0.033695036545395796
6,23,0.03333333333333333,0.0320451781153678,hilp_p,0.030208333333333334,0.033695036545395796
6,24,0.030208333333333334,0.0050059659406542,hilp_p,0.030208333333333334,0.033695036545395796
6,25,0.03333333333333333,0.0043295817449688,hilp_p,0.030208333333333334,0.033695036545395796
6,26,0.027083333333333334,0.0045774113386869,D_p,0.030208333333333334,0.033695036545395796
6,27,0.0375,0.003231253940612,hilp_p,0.030208333333333334,0.033695036545395796
6,28,0.035416666666666666,0.0028615556657314,hilp_p,0.030208333333333334,0.033695036545395796
6,29,0.030208333333333334,0.0039155245758593,hilp_p,0.030208333333333334,0.033695036545395796
6,30,0.028125,0.0056514400057494,D_p,0.030208333333333334,0.033695036545395796
6,31,0.030208333333333334,0.0011628335341811,hilp_p,0.030208333333333334,0.033695036545395796
6,32,0.030208333333333334,0.0029266050551086,hilp_p,0.030208333333333334,0.033695036545395796
6,33,0.03333333333333333,0.0006520429742522,hilp_p,0.030208333333333334,0.033695036545395796
6,34,0.03125,0.0002980668214149,hilp_p,0.030208333333333334,0.033695036545395796
6,35,0.028125,0.0007769882213324,D_p,0.030208333333333334,0.033695036545395796
6,36,0.023958333333333335,0.0007327639032155,D_p,0.030208333333333334,0.033695036545395796
6,37,0.026041666666666668,0.002629809314385,D_p,0.030208333333333334,0.033695036545395796
6,38,0.028125,0.001174179604277,D_p,0.030208333333333334,0.033695036545395796
6,39,0.028125,0.0077629471197724,D_p,0.030208333333333334,0.033695036545395796
6,40,0.023958333333333335,0.0027949037030339,D_p,0.030208333333333334,0.033695036545395796
6,41,0.030208333333333334,0.0037913010455667,hilp_p,0.030208333333333334,0.033695036545395796
6,42,0.026041666666666668,0.0026083635166287,D_p,0.030208333333333334,0.033695036545395796
6,43,0.03229166666666667,0.015327819623053,hilp_p,0.030208333333333334,0.033695036545395796
6,44,0.03333333333333333,0.0034056303557008,hilp_p,0.030208333333333334,0.033695036545395796
6,45,0.030208333333333334,0.0088653266429901,hilp_p,0.030208333333333334,0.033695036545395796
6,46,0.03229166666666667,0.0032849716953933,hilp_p,0.030208333333333334,0.033695036545395796
6,47,0.027083333333333334,0.0504730567336082,C_p,0.030208333333333334,0.033695036545395796
6,48,0.025,0.0092415427789092,D_p,0.030208333333333334,0.033695036545395796
6,49,0.028125,0.0029070759192109,D_p,0.030208333333333334,0.033695036545395796
6,50,0.029166666666666667,0.0039417943917214,D_p,0.030208333333333334,0.033695036545395796
6,51,0.028125,0.0037025709170848,D_p,0.030208333333333334,0.033695036545395796
6,52,0.027083333333333334,0.0044705746695399,D_p,0.030208333333333334,0.033695036545395796
6,53,0.029166666666666667,0.0216216780245304,D_p,0.030208333333333334,0.033695036545395796
6,54,0.030208333333333334,0.0031355596147477,hilp_p,0.030208333333333334,0.033695036545395796
6,55,0.026041666666666668,0.0008536653476767,D_p,0.030208333333333334,0.033695036545395796
6,56,0.028125,0.0020290627144277,D_p,0.030208333333333334,0.033695036545395796
6,57,0.035416666666666666,0.0051048281602561,hilp_p,0.030208333333333334,0.033695036545395796
6,58,0.029166666666666667,0.010921043343842,D_p,0.030208333333333334,0.033695036545395796
6,59,0.03229166666666667,0.0017964226426556,hilp_p,0.030208333333333334,0.033695036545395796
6,60,0.030208333333333334,0.0037359355483204,hilp_p,0.030208333333333334,0.033695036545395796
6,61,0.030208333333333334,0.0035380546469241,hilp_p,0.030208333333333334,0.033695036545395796
6,62,0.030208333333333334,0.002728791674599,hilp_p,0.030208333333333334,0.033695036545395796
6,63,0.023958333333333335,0.0055937659926712,D_p,0.030208333333333334,0.033695036545395796
7,0,0.028125,0.0005353767774067,D_p,0.030208333333333334,0.033695036545395796
7,1,0.028125,0.0007446492090821,D_p,0.030208333333333334,0.033695036545395796
7,2,0.03125,0.0009695221087895,hilp_p,0.030208333333333334,0.033695036545395796
7,3,0.03333333333333333,0.0048094075173139,hilp_p,0.030208333333333334,0.033695036545395796
7,4,0.034375,0.0060567837208509,hilp_p,0.030208333333333334,0.033695036545395796
7,5,0.025,0.00062947004335,D_p,0.030208333333333334,0.033695036545395796
7,6,0.023958333333333335,0.0072993254289031,D_p,0.030208333333333334,0.033695036545395796
7,7,0.029166666666666667,0.0038659758865833,D_p,0.030208333333333334,0.033695036545395796
7,8,0.034375,0.0018970147939398,hilp_p,0.030208333333333334,0.033695036545395796
7,9,0.030208333333333334,0.0108701894059777,hilp_p,0.030208333333333334,0.033695036545395796
7,10,0.0375,0.0029703613836318,hilp_p,0.030208333333333334,0.033695036545395796
7,11,0.036458333333333336,0.0054823919199407,hilp_p,0.030208333333333334,0.033695036545395796
7,12,0.030208333333333334,0.0077821183949708,hilp_p,0.030208333333333334,0.033695036545395796
7,13,0.03333333333333333,0.0050055058673024,hilp_p,0.030208333333333334,0.033695036545395796
7,14,0.023958333333333335,0.0117376111447811,D_p,0.030208333333333334,0.033695036545395796
7,15,0.03333333333333333,0.0102614033967256,hilp_p,0.030208333333333334,0.033695036545395796
7,16,0.030208333333333334,0.0065783224999904,hilp_p,0.030208333333333334,0.033695036545395796
7,17,0.034375,0.0047729574143886,hilp_p,0.030208333333333334,0.033695036545395796
7,18,0.034375,0.0038336683064699,hilp_p,0.030208333333333334,0.033695036545395796
7,19,0.03854166666666667,0.0070782252587378,hilp_p,0.030208333333333334,0.033695036545395796
7,20,0.03229166666666667,0.0078391022980213,hilp_p,0.030208333333333334,0.033695036545395796
7,21,0.026041666666666668,0.0029025555122643,D_p,0.030208333333333334,0.033695036545395796
7,22,0.026041666666666668,0.000342123734299,D_p,0.030208333333333334,0.033695036545395796
7,23,0.035416666666666666,0.0122978659346699,hilp_p,0.030208333333333334,0.033695036545395796
7,24,0.030208333333333334,0.0006585472729057,hilp_p,0.030208333333333334,0.033695036545395796
7,25,0.03229166666666667,0.0014895797939971,hilp_p,0.030208333333333334,0.033695036545395796
7,26,0.026041666666666668,0.0010273732477799,D_p,0.030208333333333334,0.033695036545395796
7,27,0.03125,0.000988999265246,hilp_p,0.030208333333333334,0.033695036545395796
7,28,0.028125,0.0006371354684233,D_p,0.030208333333333334,0.033695036545395796
7,29,0.029166666666666667,0.0002339416241738,D_p,0.030208333333333334,0.033695036545395796
7,30,0.028125,0.0007353568798862,D_p,0.030208333333333334,0.033695036545395796
7,31,0.029166666666666667,0.0009677100460976,D_p,0.030208333333333334,0.033695036545395796
7,32,0.03125,0.0004852079146075,hilp_p,0.030208333333333334,0.033695036545395796
7,33,0.027083333333333334,0.0031646827701479,D_p,0.030208333333333334,0.033695036545395796
7,34,0.029166666666666667,0.0042799115180969,D_p,0.030208333333333334,0.033695036545395796
7,35,0.03229166666666667,0.0006239994545467,hilp_p,0.030208333333333334,0.033695036545395796
7,36,0.028125,0.0016692233039066,D_p,0.030208333333333334,0.033695036545395796
7,37,0.025,0.0009393983054906,D_p,0.030208333333333334,0.033695036545395796
7,38,0.028125,0.0007834399002604,D_p,0.030208333333333334,0.033695036545395796
7,39,0.034375,0.0128281777724623,hilp_p,0.030208333333333334,0.033695036545395796
7,40,0.03125,0.0023735293652862,hilp_p,0.030208333333333334,0.033695036545395796
7,41,0.023958333333333335,0.0038056848570704,D_p,0.030208333333333334,0.033695036545395796
7,42,0.030208333333333334,0.0023612116929143,hilp_p,0.030208333333333334,0.033695036545395796
7,43,0.028125,0.0131217529997229,D_p,0.030208333333333334,0.033695036545395796
7,44,0.026041666666666668,0.0046372767537832,D_p,0.030208333333333334,0.033695036545395796
7,45,0.026041666666666668,0.0025424167979508,D_p,0.030208333333333334,0.033695036545395796
7,46,0.028125,0.0106858694925904,D_p,0.030208333333333334,0.033695036545395796
7,47,0.036458333333333336,0.003659555921331,hilp_p,0.030208333333333334,0.033695036545395796
7,48,0.03125,0.0046975156292319,hilp_p,0.030208333333333334,0.033695036545395796
7,49,0.03125,0.0008858102373778,hilp_p,0.030208333333333334,0.033695036545395796
7,50,0.028125,0.0105602219700813,D_p,0.030208333333333334,0.033695036545395796
7,51,0.036458333333333336,0.0010071087162941,hilp_p,0.030208333333333334,0.033695036545395796
7,52,0.026041666666666668,0.0010798029834404,D_p,0.030208333333333334,0.033695036545395796
7,53,0.029166666666666667,0.0011820590589195,D_p,0.030208333333333334,0.033695036545395796
7,54,0.03333333333333333,0.0041526835411787,hilp_p,0.030208333333333334,0.033695036545395796
7,55,0.029166666666666667,0.0040600150823593,D_p,0.030208333333333334,0.033695036545395796
7,56,0.027083333333333334,0.0017424965044483,D_p,0.030208333333333334,0.033695036545395796
7,57,0.026041666666666668,0.0097416620701551,D_p,0.030208333333333334,0.033695036545395796
7,58,0.034375,0.0089184399694204,hilp_p,0.030208333333333334,0.033695036545395796
7,59,0.027083333333333334,0.0617350526154041,C_p,0.030208333333333334,0.033695036545395796
7,60,0.028125,0.0154536012560129,D_p,0.030208333333333334,0.033695036545395796
7,61,0.019791666666666666,0.0060452781617641,D_p,0.030208333333333334,0.033695036545395796
7,62,0.0375,0.0150338355451822,hilp_p,0.030208333333333334,0.033695036545395796
7,63,0.03125,0.0096957115456461,hilp_p,0.030208333333333334,0.033695036545395796
8,0,0.029166666666666667,0.0148846507072448,D_p,0.030208333333333334,0.033695036545395796
8,1,0.023958333333333335,0.0063911424949765,D_p,0.030208333333333334,0.033695036545395796
8,2,0.026041666666666668,0.0270497761666774,D_p,0.030208333333333334,0.033695036545395796
8,3,0.026041666666666668,0.0110402312129735,D_p,0.030208333333333334,0.033695036545395796
8,4,0.029166666666666667,0.0028601502999663,D_p,0.030208333333333334,0.033695036545395796
8,5,0.03229166666666667,0.007194344419986,hilp_p,0.030208333333333334,0.033695036545395796
8,6,0.029166666666666667,0.0091340346261858,D_p,0.030208333333333334,0.033695036545395796
8,7,0.030208333333333334,0.0042209685780107,hilp_p,0.030208333333333334,0.033695036545395796
8,8,0.029166666666666667,0.0014261521864682,D_p,0.030208333333333334,0.033695036545395796
8,9,0.03333333333333333,0.0026754662394523,hilp_p,0.030208333333333334,0.033695036545395796
8,10,0.030208333333333334,0.0086807878687977,hilp_p,0.030208333333333334,0.033695036545395796
8,11,0.03125,0.0023023644462227,hilp_p,0.030208333333333334,0.033695036545395796
8,12,0.029166666666666667,0.0056615974754095,D_p,0.030208333333333334,0.033695036545395796
8,13,0.027083333333333334,0.0006912195822224,D_p,0.030208333333333334,0.033695036545395796
8,14,0.03125,0.0202669445425272,hilp_p,0.030208333333333334,0.033695036545395796
8,15,0.026041666666666668,0.0040519009344279,D_p,0.030208333333333334,0.033695036545395796
8,16,0.029166666666666667,0.0067566777579486,D_p,0.030208333333333334,0.033695036545395796
8,17,0.03333333333333333,0.01530331838876,hilp_p,0.030208333333333334,0.033695036545395796
8,18,0.029166666666666667,0.0125369811430573,D_p,0.030208333333333334,0.033695036545395796
8,19,0.03229166666666667,0.0108435191214084,hilp_p,0.030208333333333334,0.033695036545395796
8,20,0.028125,0.0052828569896519,D_p,0.030208333333333334,0.033695036545395796
8,21,0.027083333333333334,0.0201391037553548,D_p,0.030208333333333334,0.033695036545395796
8,22,0.027083333333333334,0.0145903676748275,D_p,0.030208333333333334,0.033695036545395796
8,23,0.026041666666666668,0.0069933347404003,D_p,0.030208333333333334,0.033695036545395796
8,24,0.03229166666666667,0.0025836499407887,hilp_p,0.030208333333333334,0.033695036545395796
8,25,0.027083333333333334,0.0053652366623282,D_p,0.030208333333333334,0.033695036545395796
8,26,0.028125,0.0091990483924746,D_p,0.030208333333333334,0.033695036545395796
8,27,0.03333333333333333,0.0156242446973919,hilp_p,0.030208333333333334,0.033695036545395796
8,28,0.03229166666666667,0.0067161377519369,hilp_p,0.030208333333333334,0.033695036545395796
8,29,0.03229166666666667,0.0050314567051827,hilp_p,0.030208333333333334,0.033695036545395796
8,30,0.027083333333333334,0.0089291706681251,D_p,0.030208333333333334,0.033695036545395796
8,31,0.030208333333333334,0.0112247290089726,hilp_p,0.030208333333333334,0.033695036545395796
8,32,0.028125,0.0040922965854406,D_p,0.030208333333333334,0.033695036545395796
8,33,0.028125,0.0057431743480265,D_p,0.030208333333333334,0.033695036545395796
8,34,0.025,0.0125291347503662,D_p,0.030208333333333334,0.033695036545395796
8,35,0.03229166666666667,0.0096102198585867,hilp_p,0.030208333333333334,0.033695036545395796
8,36,0.027083333333333334,0.0102071613073349,D_p,0.030208333333333334,0.033695036545395796
8,37,0.030208333333333334,0.0125025305896997,hilp_p,0.030208333333333334,0.033695036545395796
8,38,0.03125,0.005752972792834,hilp_p,0.030208333333333334,0.033695036545395796
8,39,0.027083333333333334,0.0088871261104941,D_p,0.030208333333333334,0.033695036545395796
8,40,0.036458333333333336,0.001227323198691,hilp_p,0.030208333333333334,0.033695036545395796
8,41,0.027083333333333334,0.0027458178810775,D_p,0.030208333333333334,0.033695036545395796
8,42,0.034375,0.0079347612336277,hilp_p,0.030208333333333334,0.033695036545395796
8,43,0.03125,0.0156682897359132,hilp_p,0.030208333333333334,0.033695036545395796
8,44,0.036458333333333336,0.0020763722714036,hilp_p,0.030208333333333334,0.033695036545395796
8,45,0.029166666666666667,0.0036463120486587,D_p,0.030208333333333334,0.033695036545395796
8,46,0.03125,0.0013576188357546,hilp_p,0.030208333333333334,0.033695036545395796
8,47,0.034375,0.0166674833744764,hilp_p,0.030208333333333334,0.033695036545395796
8,48,0.03125,0.0103541845455765,hilp_p,0.030208333333333334,0.033695036545395796
8,49,0.029166666666666667,0.0035043288953602,D_p,0.030208333333333334,0.033695036545395796
8,50,0.027083333333333334,0.0051115355454385,D_p,0.030208333333333334,0.033695036545395796
8,51,0.030208333333333334,0.0042614839039742,hilp_p,0.030208333333333334,0.033695036545395796
8,52,0.03229166666666667,0.0094561586156487,hilp_p,0.030208333333333334,0.033695036545395796
8,53,0.028125,0.0013769711367785,D_p,0.030208333333333334,0.033695036545395796
8,54,0.026041666666666668,0.0013520340435206,D_p,0.030208333333333334,0.033695036545395796
8,55,0.030208333333333334,0.0035447482950985,hilp_p,0.030208333333333334,0.033695036545395796
8,56,0.03229166666666667,0.010630777105689,hilp_p,0.030208333333333334,0.033695036545395796
8,57,0.030208333333333334,0.0048377029597759,hilp_p,0.030208333333333334,0.033695036545395796
8,58,0.026041666666666668,0.1481691151857376,C_p,0.030208333333333334,0.033695036545395796
8,59,0.022916666666666665,0.0051402957178652,D_p,0.030208333333333334,0.033695036545395796
8,60,0.027083333333333334,0.0328791439533233,D_p,0.030208333333333334,0.033695036545395796
8,61,0.030208333333333334,0.0400214120745658,hihp_p,0.030208333333333334,0.033695036545395796
8,62,0.03229166666666667,0.0273707248270511,hilp_p,0.030208333333333334,0.033695036545395796
8,63,0.03333333333333333,0.0022246108856052,hilp_p,0.030208333333333334,0.033695036545395796
9,0,0.03333333333333333,0.0040324400179088,hilp_p,0.030208333333333334,0.033695036545395796
9,1,0.029166666666666667,0.0086344266310334,D_p,0.030208333333333334,0.033695036545395796
9,2,0.029166666666666667,0.0011581464204937,D_p,0.030208333333333334,0.033695036545395796
9,3,0.026041666666666668,0.0013620561221614,D_p,0.030208333333333334,0.033695036545395796
9,4,0.026041666666666668,0.0039242594502866,D_p,0.030208333333333334,0.033695036545395796
9,5,0.029166666666666667,0.0051634740084409,D_p,0.030208333333333334,0.033695036545395796
9,6,0.030208333333333334,0.0044432333670556,hilp_p,0.030208333333333334,0.033695036545395796
9,7,0.030208333333333334,0.0022680938709527,hilp_p,0.030208333333333334,0.033695036545395796
9,8,0.03229166666666667,0.0023827287368476,hilp_p,0.030208333333333334,0.033695036545395796
9,9,0.03229166666666667,0.0057526510208845,hilp_p,0.030208333333333334,0.033695036545395796
9,10,0.028125,0.0008541144779883,D_p,0.030208333333333334,0.033695036545395796
9,11,0.03229166666666667,0.0006584172369912,hilp_p,0.030208333333333334,0.033695036545395796
9,12,0.028125,0.0011238009901717,D_p,0.030208333333333334,0.033695036545395796
9,13,0.029166666666666667,0.0067221773788332,D_p,0.030208333333333334,0.033695036545395796
9,14,0.030208333333333334,0.0036723618395626,hilp_p,0.030208333333333334,0.033695036545395796
9,15,0.028125,0.0028481376357376,D_p,0.030208333333333334,0.033695036545395796
9,16,0.028125,0.0055004241876304,D_p,0.030208333333333334,0.033695036545395796
9,17,0.028125,0.0037758506368845,D_p,0.030208333333333334,0.033695036545395796
9,18,0.025,0.0025339317508041,D_p,0.030208333333333334,0.033695036545395796
9,19,0.035416666666666666,0.0043865982443094,hilp_p,0.030208333333333334,0.033695036545395796
9,20,0.03125,0.0118734827265143,hilp_p,0.030208333333333334,0.033695036545395796
9,21,0.03333333333333333,0.0049145352095365,hilp_p,0.030208333333333334,0.033695036545395796
9,22,0.030208333333333334,0.0263152867555618,hilp_p,0.030208333333333334,0.033695036545395796
9,23,0.03229166666666667,0.0046557169407606,hilp_p,0.030208333333333334,0.033695036545395796
9,24,0.03125,0.0133250383660197,hilp_p,0.030208333333333334,0.033695036545395796
9,25,0.028125,0.0086859967559576,D_p,0.030208333333333334,0.033695036545395796
9,26,0.026041666666666668,0.0053602047264575,D_p,0.030208333333333334,0.033695036545395796
9,27,0.027083333333333334,0.0112497964873909,D_p,0.030208333333333334,0.033695036545395796
9,28,0.026041666666666668,0.00873280223459,D_p,0.030208333333333334,0.033695036545395796
9,29,0.028125,0.0130274631083011,D_p,0.030208333333333334,0.033695036545395796
9,30,0.030208333333333334,0.0012311829486861,hilp_p,0.030208333333333334,0.033695036545395796
9,31,0.028125,0.0044503202661871,D_p,0.030208333333333334,0.033695036545395796
9,32,0.03333333333333333,0.0001351755490759,hilp_p,0.030208333333333334,0.033695036545395796
9,33,0.025,0.0096648437902331,D_p,0.030208333333333334,0.033695036545395796
9,34,0.028125,0.0083042178303003,D_p,0.030208333333333334,0.033695036545395796
9,35,0.03333333333333333,0.0041590025648474,hilp_p,0.030208333333333334,0.033695036545395796
9,36,0.029166666666666667,0.002739269984886,D_p,0.030208333333333334,0.033695036545395796
9,37,0.030208333333333334,0.0026015492621809,hilp_p,0.030208333333333334,0.033695036545395796
9,38,0.027083333333333334,0.0072787627577781,D_p,0.030208333333333334,0.033695036545395796
9,39,0.025,0.0350369065999984,C_p,0.030208333333333334,0.033695036545395796
9,40,0.028125,0.0064825634472072,D_p,0.030208333333333334,0.033695036545395796
9,41,0.03333333333333333,0.026589898392558,hilp_p,0.030208333333333334,0.033695036545395796
9,42,0.03229166666666667,0.0186499916017055,hilp_p,0.030208333333333334,0.033695036545395796
9,43,0.030208333333333334,0.00606753770262,hilp_p,0.030208333333333334,0.033695036545395796
9,44,0.029166666666666667,0.0059426124207675,D_p,0.030208333333333334,0.033695036545395796
9,45,0.026041666666666668,0.0141969015821814,D_p,0.030208333333333334,0.033695036545395796
9,46,0.0375,0.003746933536604,hilp_p,0.030208333333333334,0.033695036545395796
9,47,0.030208333333333334,0.004985096398741,hilp_p,0.030208333333333334,0.033695036545395796
9,48,0.025,0.0282206535339355,D_p,0.030208333333333334,0.033695036545395796
9,49,0.030208333333333334,0.0225555431097745,hilp_p,0.030208333333333334,0.033695036545395796
9,50,0.029166666666666667,0.0052934112027287,D_p,0.030208333333333334,0.033695036545395796
9,51,0.029166666666666667,0.0142886191606521,D_p,0.030208333333333334,0.033695036545395796
9,52,0.028125,0.012147401459515,D_p,0.030208333333333334,0.033695036545395796
9,53,0.029166666666666667,0.0107770776376128,D_p,0.030208333333333334,0.033695036545395796
9,54,0.035416666666666666,0.0025012644473463,hilp_p,0.030208333333333334,0.033695036545395796
9,55,0.03333333333333333,0.0032486929558217,hilp_p,0.030208333333333334,0.033695036545395796
9,56,0.030208333333333334,0.0422159321606159,hihp_p,0.030208333333333334,0.033695036545395796
9,57,0.03125,0.0077166054397821,hilp_p,0.030208333333333334,0.033695036545395796
9,58,0.03333333333333333,0.0197940580546855,hilp_p,0.030208333333333334,0.033695036545395796
9,59,0.027083333333333334,0.0242577996104955,D_p,0.030208333333333334,0.033695036545395796
9,60,0.03125,0.0055280583910644,hilp_p,0.030208333333333334,0.033695036545395796
9,61,0.03229166666666667,0.0118019003421068,hilp_p,0.030208333333333334,0.033695036545395796
9,62,0.03229166666666667,0.0367245227098465,hihp_p,0.030208333333333334,0.033695036545395796
9,63,0.03125,0.0167816188186407,hilp_p,0.030208333333333334,0.033695036545395796
10,0,0.03333333333333333,0.0281282011419534,hilp_p,0.030208333333333334,0.033695036545395796
10,1,0.028125,0.0353514701128006,C_p,0.030208333333333334,0.033695036545395796
10,2,0.029166666666666667,0.0044693038798868,D_p,0.030208333333333334,0.033695036545395796
10,3,0.03125,0.0034269543830305,hilp_p,0.030208333333333334,0.033695036545395796
10,4,0.029166666666666667,0.0127268489450216,D_p,0.030208333333333334,0.033695036545395796
10,5,0.03854166666666667,0.0220383163541555,hilp_p,0.030208333333333334,0.033695036545395796
10,6,0.034375,0.008162772282958,hilp_p,0.030208333333333334,0.033695036545395796
10,7,0.03229166666666667,0.0041071814484894,hilp_p,0.030208333333333334,0.033695036545395796
10,8,0.030208333333333334,0.0127088036388158,hilp_p,0.030208333333333334,0.033695036545395796
10,9,0.029166666666666667,0.0095539102330803,D_p,0.030208333333333334,0.033695036545395796
10,10,0.028125,0.0048216516152024,D_p,0.030208333333333334,0.033695036545395796
10,11,0.026041666666666668,0.0118479086086153,D_p,0.030208333333333334,0.033695036545395796
10,12,0.03125,0.0028606581036001,hilp_p,0.030208333333333334,0.033695036545395796
10,13,0.026041666666666668,0.0207032673060894,D_p,0.030208333333333334,0.033695036545395796
10,14,0.03333333333333333,0.0222638137638568,hilp_p,0.030208333333333334,0.033695036545395796
10,15,0.028125,0.0162076912820339,D_p,0.030208333333333334,0.033695036545395796
10,16,0.030208333333333334,0.000351435795892,hilp_p,0.030208333333333334,0.033695036545395796
10,17,0.03125,0.0031780740246176,hilp_p,0.030208333333333334,0.033695036545395796
10,18,0.027083333333333334,0.005344686564058,D_p,0.030208333333333334,0.033695036545395796
10,19,0.029166666666666667,0.0030418906826525,D_p,0.030208333333333334,0.033695036545395796
10,20,0.027083333333333334,0.0014500761171802,D_p,0.030208333333333334,0.033695036545395796
10,21,0.028125,0.0042769438587129,D_p,0.030208333333333334,0.033695036545395796
10,22,0.025,0.0075173587538301,D_p,0.030208333333333334,0.033695036545395796
10,23,0.03333333333333333,0.0044291708618402,hilp_p,0.030208333333333334,0.033695036545395796
10,24,0.029166666666666667,0.0547309480607509,C_p,0.030208333333333334,0.033695036545395796
10,25,0.027083333333333334,0.0114667499437928,D_p,0.030208333333333334,0.033695036545395796
10,26,0.029166666666666667,0.0446301214396953,C_p,0.030208333333333334,0.033695036545395796
10,27,0.029166666666666667,0.0147780608385801,D_p,0.030208333333333334,0.033695036545395796
10,28,0.03125,0.0072884275577962,hilp_p,0.030208333333333334,0.033695036545395796
10,29,0.030208333333333334,0.0288093741983175,hilp_p,0.030208333333333334,0.033695036545395796
10,30,0.023958333333333335,0.0141281699761748,D_p,0.030208333333333334,0.033695036545395796
10,31,0.03125,0.0259011816233396,hilp_p,0.030208333333333334,0.033695036545395796
10,32,0.026041666666666668,0.0454191789031028,C_p,0.030208333333333334,0.033695036545395796
10,33,0.028125,0.0093172928318381,D_p,0.030208333333333334,0.033695036545395796
10,34,0.030208333333333334,0.0025075497105717,hilp_p,0.030208333333333334,0.033695036545395796
10,35,0.03125,0.0036746927071362,hilp_p,0.030208333333333334,0.033695036545395796
10,36,0.026041666666666668,0.0143927820026874,D_p,0.030208333333333334,0.033695036545395796
10,37,0.025,0.0171390678733587,D_p,0.030208333333333334,0.033695036545395796
10,38,0.027083333333333334,0.0401471145451068,C_p,0.030208333333333334,0.033695036545395796
10,39,0.030208333333333334,0.0123799974098801,hilp_p,0.030208333333333334,0.033695036545395796
10,40,0.026041666666666668,0.0090865017846226,D_p,0.030208333333333334,0.033695036545395796
10,41,0.03125,0.00600071484223,hilp_p,0.030208333333333334,0.033695036545395796
10,42,0.029166666666666667,0.0185746643692255,D_p,0.030208333333333334,0.033695036545395796
10,43,0.026041666666666668,0.0122982002794742,D_p,0.030208333333333334,0.033695036545395796
10,44,0.027083333333333334,0.0054897051304578,D_p,0.030208333333333334,0.033695036545395796
10,45,0.034375,0.0133730666711926,hilp_p,0.030208333333333334,0.033695036545395796
10,46,0.03125,0.0048044375143945,hilp_p,0.030208333333333334,0.033695036545395796
10,47,0.027083333333333334,0.0020945307333022,D_p,0.030208333333333334,0.033695036545395796
10,48,0.026041666666666668,0.0045433365739881,D_p,0.030208333333333334,0.033695036545395796
10,49,0.03333333333333333,0.0045455112121999,hilp_p,0.030208333333333334,0.033695036545395796
10,50,0.027083333333333334,0.0032889682333916,D_p,0.030208333333333334,0.033695036545395796
10,51,0.03333333333333333,0.0061682700179517,hilp_p,0.030208333333333334,0.033695036545395796
10,52,0.03125,0.002737647620961,hilp_p,0.030208333333333334,0.033695036545395796
10,53,0.021875,0.0066071166656911,D_p,0.030208333333333334,0.033695036545395796
10,54,0.026041666666666668,0.0134297767654061,D_p,0.030208333333333334,0.033695036545395796
10,55,0.028125,0.0058397445827722,D_p,0.030208333333333334,0.033695036545395796
10,56,0.027083333333333334,0.0061894757673144,D_p,0.030208333333333334,0.033695036545395796
10,57,0.025,0.0167410913854837,D_p,0.030208333333333334,0.033695036545395796
10,58,0.027083333333333334,0.0074508325196802,D_p,0.030208333333333334,0.033695036545395796
10,59,0.028125,0.0072572096250951,D_p,0.030208333333333334,0.033695036545395796
10,60,0.035416666666666666,0.0074637425132095,hilp_p,0.030208333333333334,0.033695036545395796
10,61,0.029166666666666667,0.0299206469208002,D_p,0.030208333333333334,0.033695036545395796
10,62,0.03333333333333333,0.0080795409157872,hilp_p,0.030208333333333334,0.033695036545395796
10,63,0.034375,0.0098384898155927,hilp_p,0.030208333333333334,0.033695036545395796
11,0,0.023958333333333335,0.0469453670084476,C_p,0.030208333333333334,0.033695036545395796
11,1,0.027083333333333334,0.002583407331258,D_p,0.030208333333333334,0.033695036545395796
11,2,0.029166666666666667,0.0299485754221677,D_p,0.030208333333333334,0.033695036545395796
11,3,0.030208333333333334,0.0319238901138305,hilp_p,0.030208333333333334,0.033695036545395796
11,4,0.03125,0.01546595338732,hilp_p,0.030208333333333334,0.033695036545395796
11,5,0.027083333333333334,0.0128854801878333,D_p,0.030208333333333334,0.033695036545395796
11,6,0.025,0.0207829363644123,D_p,0.030208333333333334,0.033695036545395796
11,7,0.028125,0.0031527783721685,D_p,0.030208333333333334,0.033695036545395796
11,8,0.026041666666666668,0.0089185535907745,D_p,0.030208333333333334,0.033695036545395796
11,9,0.034375,0.0114674596115946,hilp_p,0.030208333333333334,0.033695036545395796
11,10,0.03229166666666667,0.0028355980757623,hilp_p,0.030208333333333334,0.033695036545395796
11,11,0.035416666666666666,0.0015807976014912,hilp_p,0.030208333333333334,0.033695036545395796
11,12,0.028125,0.0034072217531502,D_p,0.030208333333333334,0.033695036545395796
11,13,0.028125,0.0085979811847209,D_p,0.030208333333333334,0.033695036545395796
11,14,0.028125,0.003077401779592,D_p,0.030208333333333334,0.033695036545395796
11,15,0.020833333333333332,0.0063969786278903,D_p,0.030208333333333334,0.033695036545395796
11,16,0.036458333333333336,0.0302676185965538,hilp_p,0.030208333333333334,0.033695036545395796
11,17,0.030208333333333334,0.012530704960227,hilp_p,0.030208333333333334,0.033695036545395796
11,18,0.029166666666666667,0.0100962268188595,D_p,0.030208333333333334,0.033695036545395796
11,19,0.027083333333333334,0.0112821087241172,D_p,0.030208333333333334,0.033695036545395796
11,20,0.026041666666666668,0.0363194085657596,C_p,0.030208333333333334,0.033695036545395796
11,21,0.027083333333333334,0.0103956740349531,D_p,0.030208333333333334,0.033695036545395796
11,22,0.030208333333333334,0.0455583296716213,hihp_p,0.030208333333333334,0.033695036545395796
11,23,0.034375,0.0135583113878965,hilp_p,0.030208333333333334,0.033695036545395796
11,24,0.026041666666666668,0.0029530406463891,D_p,0.030208333333333334,0.033695036545395796
11,25,0.027083333333333334,0.0036275794263929,D_p,0.030208333333333334,0.033695036545395796
11,26,0.025,0.0113093871623277,D_p,0.030208333333333334,0.033695036545395796
11,27,0.030208333333333334,0.0210682991892099,hilp_p,0.030208333333333334,0.033695036545395796
11,28,0.028125,0.0068985186517238,D_p,0.030208333333333334,0.033695036545395796
11,29,0.03125,0.0032629531342536,hilp_p,0.030208333333333334,0.033695036545395796
11,30,0.03125,0.0045115961693227,hilp_p,0.030208333333333334,0.033695036545395796
11,31,0.034375,0.0043676220811903,hilp_p,0.030208333333333334,0.033695036545395796
11,32,0.03229166666666667,0.0008155657560564,hilp_p,0.030208333333333334,0.033695036545395796
11,33,0.03229166666666667,0.0016705329762771,hilp_p,0.030208333333333334,0.033695036545395796
11,34,0.03125,0.0017591015202924,hilp_p,0.030208333333333334,0.033695036545395796
11,35,0.030208333333333334,0.0037277864757925,hilp_p,0.030208333333333334,0.033695036545395796
11,36,0.030208333333333334,0.0005842630052939,hilp_p,0.030208333333333334,0.033695036545395796
11,37,0.028125,0.001660746987909,D_p,0.030208333333333334,0.033695036545395796
11,38,0.029166666666666667,0.0034674929920583,D_p,0.030208333333333334,0.033695036545395796
11,39,0.026041666666666668,0.0364996120333671,C_p,0.030208333333333334,0.033695036545395796
11,40,0.03333333333333333,0.001532282680273,hilp_p,0.030208333333333334,0.033695036545395796
11,41,0.03229166666666667,0.002129767788574,hilp_p,0.030208333333333334,0.033695036545395796
11,42,0.03125,0.0008933180943131,hilp_p,0.030208333333333334,0.033695036545395796
11,43,0.028125,0.0014367834664881,D_p,0.030208333333333334,0.033695036545395796
11,44,0.03333333333333333,0.004627626389265,hilp_p,0.030208333333333334,0.033695036545395796
11,45,0.029166666666666667,0.0011792185250669,D_p,0.030208333333333334,0.033695036545395796
11,46,0.028125,0.0009177135070785,D_p,0.030208333333333334,0.033695036545395796
11,47,0.036458333333333336,0.0016317863482981,hilp_p,0.030208333333333334,0.033695036545395796
11,48,0.03333333333333333,0.0325706228613853,hilp_p,0.030208333333333334,0.033695036545395796
11,49,0.025,0.0105167059227824,D_p,0.030208333333333334,0.033695036545395796
11,50,0.030208333333333334,0.0217567924410104,hilp_p,0.030208333333333334,0.033695036545395796
11,51,0.027083333333333334,0.0112611083313822,D_p,0.030208333333333334,0.033695036545395796
11,52,0.029166666666666667,0.0011091826017946,D_p,0.030208333333333334,0.033695036545395796
11,53,0.030208333333333334,0.0083120791241526,hilp_p,0.030208333333333334,0.033695036545395796
11,54,0.030208333333333334,0.0066562201827764,hilp_p,0.030208333333333334,0.033695036545395796
11,55,0.028125,0.0011544938897714,D_p,0.030208333333333334,0.033695036545395796
11,56,0.028125,0.1021185144782066,C_p,0.030208333333333334,0.033695036545395796
11,57,0.026041666666666668,0.0212466344237327,D_p,0.030208333333333334,0.033695036545395796
11,58,0.028125,0.0311966836452484,D_p,0.030208333333333334,0.033695036545395796
11,59,0.027083333333333334,0.0208346080034971,D_p,0.030208333333333334,0.033695036545395796
11,60,0.026041666666666668,0.0145682692527771,D_p,0.030208333333333334,0.033695036545395796
11,61,0.03333333333333333,0.0178369991481304,hilp_p,0.030208333333333334,0.033695036545395796
11,62,0.0375,0.0054141683503985,hilp_p,0.030208333333333334,0.033695036545395796
11,63,0.030208333333333334,0.0167938098311424,hilp_p,0.030208333333333334,0.033695036545395796
12,0,0.027083333333333334,0.0055463854223489,D_p,0.030208333333333334,0.033695036545395796
12,1,0.027083333333333334,0.0077812206000089,D_p,0.030208333333333334,0.033695036545395796
12,2,0.03229166666666667,0.0080242650583386,hilp_p,0.030208333333333334,0.033695036545395796
12,3,0.03125,0.0221129246056079,hilp_p,0.030208333333333334,0.033695036545395796
12,4,0.027083333333333334,0.0100246863439679,D_p,0.030208333333333334,0.033695036545395796
12,5,0.036458333333333336,0.009021570906043,hilp_p,0.030208333333333334,0.033695036545395796
12,6,0.028125,0.0032451793085783,D_p,0.030208333333333334,0.033695036545395796
12,7,0.023958333333333335,0.0041472786106169,D_p,0.030208333333333334,0.033695036545395796
12,8,0.027083333333333334,0.0431996509432792,C_p,0.030208333333333334,0.033695036545395796
12,9,0.026041666666666668,0.0179894529283046,D_p,0.030208333333333334,0.033695036545395796
12,10,0.028125,0.008583839982748,D_p,0.030208333333333334,0.033695036545395796
12,11,0.029166666666666667,0.0333117209374904,D_p,0.030208333333333334,0.033695036545395796
12,12,0.030208333333333334,0.0139996381476521,hilp_p,0.030208333333333334,0.033695036545395796
12,13,0.034375,0.0146708022803068,hilp_p,0.030208333333333334,0.033695036545395796
12,14,0.030208333333333334,0.0543818846344947,hihp_p,0.030208333333333334,0.033695036545395796
12,15,0.026041666666666668,0.0135557698085904,D_p,0.030208333333333334,0.033695036545395796
12,16,0.029166666666666667,0.0099110212177038,D_p,0.030208333333333334,0.033695036545395796
12,17,0.026041666666666668,0.0222796648740768,D_p,0.030208333333333334,0.033695036545395796
12,18,0.034375,0.0127706974744796,hilp_p,0.030208333333333334,0.033695036545395796
12,19,0.028125,0.0119025632739067,D_p,0.030208333333333334,0.033695036545395796
12,20,0.03229166666666667,0.0183541309088468,hilp_p,0.030208333333333334,0.033695036545395796
12,21,0.028125,0.0182517301291227,D_p,0.030208333333333334,0.033695036545395796
12,22,0.026041666666666668,0.0030192618723958,D_p,0.030208333333333334,0.033695036545395796
12,23,0.026041666666666668,0.0026161365676671,D_p,0.030208333333333334,0.033695036545395796
12,24,0.03958333333333333,0.0173376239836215,hilp_p,0.030208333333333334,0.033695036545395796
12,25,0.028125,0.0149968126788735,D_p,0.030208333333333334,0.033695036545395796
12,26,0.03125,0.0132730696350336,hilp_p,0.030208333333333334,0.033695036545395796
12,27,0.028125,0.0153070148080587,D_p,0.030208333333333334,0.033695036545395796
12,28,0.03125,0.0185417924076318,hilp_p,0.030208333333333334,0.033695036545395796
12,29,0.029166666666666667,0.0138411503285169,D_p,0.030208333333333334,0.033695036545395796
12,30,0.025,0.0069466098211705,D_p,0.030208333333333334,0.033695036545395796
12,31,0.028125,0.0148151209577918,D_p,0.030208333333333334,0.033695036545395796
12,32,0.03229166666666667,0.0118506606668233,hilp_p,0.030208333333333334,0.033695036545395796
12,33,0.026041666666666668,0.0034755091182887,D_p,0.030208333333333334,0.033695036545395796
12,34,0.03125,0.0128602134063839,hilp_p,0.030208333333333334,0.033695036545395796
12,35,0.034375,0.0178882330656051,hilp_p,0.030208333333333334,0.033695036545395796
12,36,0.026041666666666668,0.0009899609722197,D_p,0.030208333333333334,0.033695036545395796
12,37,0.029166666666666667,0.0163648724555969,D_p,0.030208333333333334,0.033695036545395796
12,38,0.03125,0.0056395553983747,hilp_p,0.030208333333333334,0.033695036545395796
12,39,0.03125,0.0026277198921889,hilp_p,0.030208333333333334,0.033695036545395796
12,40,0.03229166666666667,0.0068816626444458,hilp_p,0.030208333333333334,0.033695036545395796
12,41,0.03229166666666667,0.005553622264415,hilp_p,0.030208333333333334,0.033695036545395796
12,42,0.03125,0.0221216510981321,hilp_p,0.030208333333333334,0.033695036545395796
12,43,0.028125,0.0271716862916946,D_p,0.030208333333333334,0.033695036545395796
12,44,0.03333333333333333,0.0418382138013839,hihp_p,0.030208333333333334,0.033695036545395796
12,45,0.03229166666666667,0.028889475390315,hilp_p,0.030208333333333334,0.033695036545395796
12,46,0.030208333333333334,0.0243725944310426,hilp_p,0.030208333333333334,0.033695036545395796
12,47,0.03229166666666667,0.0087739499285817,hilp_p,0.030208333333333334,0.033695036545395796
12,48,0.03333333333333333,0.0049283476546406,hilp_p,0.030208333333333334,0.033695036545395796
12,49,0.029166666666666667,0.0086897378787398,D_p,0.030208333333333334,0.033695036545395796
12,50,0.029166666666666667,0.0014154395321384,D_p,0.030208333333333334,0.033695036545395796
12,51,0.026041666666666668,0.0001920231443364,D_p,0.030208333333333334,0.033695036545395796
12,52,0.030208333333333334,0.0140398573130369,hilp_p,0.030208333333333334,0.033695036545395796
12,53,0.030208333333333334,0.0004498344205785,hilp_p,0.030208333333333334,0.033695036545395796
12,54,0.03125,0.0030164220370352,hilp_p,0.030208333333333334,0.033695036545395796
12,55,0.026041666666666668,0.0051618013530969,D_p,0.030208333333333334,0.033695036545395796
12,56,0.03125,0.0062846937216818,hilp_p,0.030208333333333334,0.033695036545395796
12,57,0.03229166666666667,0.0033984594047069,hilp_p,0.030208333333333334,0.033695036545395796
12,58,0.03229166666666667,0.0057998327538371,hilp_p,0.030208333333333334,0.033695036545395796
12,59,0.028125,0.0195488594472408,D_p,0.030208333333333334,0.033695036545395796
12,60,0.03333333333333333,0.0102035906165838,hilp_p,0.030208333333333334,0.033695036545395796
12,61,0.034375,0.0104659087955951,hilp_p,0.030208333333333334,0.033695036545395796
12,62,0.029166666666666667,0.0132142435759305,D_p,0.030208333333333334,0.033695036545395796
12,63,0.03229166666666667,0.0112859094515442,hilp_p,0.030208333333333334,0.033695036545395796
13,0,0.027083333333333334,0.0227536056190729,D_p,0.030208333333333334,0.033695036545395796
13,1,0.029166666666666667,0.0288325008004903,D_p,0.030208333333333334,0.033695036545395796
13,2,0.027083333333333334,0.0170085877180099,D_p,0.030208333333333334,0.033695036545395796
13,3,0.027083333333333334,0.0191168598830699,D_p,0.030208333333333334,0.033695036545395796
13,4,0.023958333333333335,0.0091516422107815,D_p,0.030208333333333334,0.033695036545395796
13,5,0.030208333333333334,0.0075266081839799,hilp_p,0.030208333333333334,0.033695036545395796
13,6,0.028125,0.0556619130074977,C_p,0.030208333333333334,0.033695036545395796
13,7,0.028125,0.012555468827486,D_p,0.030208333333333334,0.033695036545395796
13,8,0.028125,0.0598675571382045,C_p,0.030208333333333334,0.033695036545395796
13,9,0.025,0.0291010420769453,D_p,0.030208333333333334,0.033695036545395796
13,10,0.028125,0.037706010043621,C_p,0.030208333333333334,0.033695036545395796
13,11,0.03229166666666667,0.0270319953560829,hilp_p,0.030208333333333334,0.033695036545395796
13,12,0.034375,0.0121099213138222,hilp_p,0.030208333333333334,0.033695036545395796
13,13,0.028125,0.029049651697278,D_p,0.030208333333333334,0.033695036545395796
13,14,0.03229166666666667,0.027012625709176,hilp_p,0.030208333333333334,0.033695036545395796
13,15,0.025,0.0338355675339698,C_p,0.030208333333333334,0.033695036545395796
13,16,0.030208333333333334,0.0394346006214618,hihp_p,0.030208333333333334,0.033695036545395796
13,17,0.034375,0.0298407524824142,hilp_p,0.030208333333333334,0.033695036545395796
13,18,0.03333333333333333,0.057745411992073,hihp_p,0.030208333333333334,0.033695036545395796
13,19,0.03125,0.0395647436380386,hihp_p,0.030208333333333334,0.033695036545395796
13,20,0.029166666666666667,0.0946406722068786,C_p,0.030208333333333334,0.033695036545395796
13,21,0.027083333333333334,0.0356634333729743,C_p,0.030208333333333334,0.033695036545395796
13,22,0.03229166666666667,0.0627066567540168,hihp_p,0.030208333333333334,0.033695036545395796
13,23,0.029166666666666667,0.0278738159686326,D_p,0.030208333333333334,0.033695036545395796
13,24,0.025,0.0139720384031534,D_p,0.030208333333333334,0.033695036545395796
13,25,0.025,0.0032269672956317,D_p,0.030208333333333334,0.033695036545395796
13,26,0.026041666666666668,0.004286996088922,D_p,0.030208333333333334,0.033695036545395796
13,27,0.03125,0.0102318236604332,hilp_p,0.030208333333333334,0.033695036545395796
13,28,0.03229166666666667,0.0083906175568699,hilp_p,0.030208333333333334,0.033695036545395796
13,29,0.029166666666666667,0.0047822995111346,D_p,0.030208333333333334,0.033695036545395796
13,30,0.034375,0.0064071472734212,hilp_p,0.030208333333333334,0.033695036545395796
13,31,0.025,0.0026887608692049,D_p,0.030208333333333334,0.033695036545395796
13,32,0.030208333333333334,0.0208268854767084,hilp_p,0.030208333333333334,0.033695036545395796
13,33,0.03333333333333333,0.0363755375146865,hihp_p,0.030208333333333334,0.033695036545395796
13,34,0.026041666666666668,0.0281769335269927,D_p,0.030208333333333334,0.033695036545395796
13,35,0.028125,0.0141244707629084,D_p,0.030208333333333334,0.033695036545395796
13,36,0.030208333333333334,0.0249682981520891,hilp_p,0.030208333333333334,0.033695036545395796
13,37,0.03229166666666667,0.0300171170383691,hilp_p,0.030208333333333334,0.033695036545395796
13,38,0.03333333333333333,0.1016925796866417,hihp_p,0.030208333333333334,0.033695036545395796
13,39,0.023958333333333335,0.0307593885809183,D_p,0.030208333333333334,0.033695036545395796
13,40,0.023958333333333335,0.0022054619621485,D_p,0.030208333333333334,0.033695036545395796
13,41,0.029166666666666667,0.0153168626129627,D_p,0.030208333333333334,0.033695036545395796
13,42,0.029166666666666667,0.0245282668620347,D_p,0.030208333333333334,0.033695036545395796
13,43,0.028125,0.0141136031597852,D_p,0.030208333333333334,0.033695036545395796
13,44,0.028125,0.0433816686272621,C_p,0.030208333333333334,0.033695036545395796
13,45,0.030208333333333334,0.0189386289566755,hilp_p,0.030208333333333334,0.033695036545395796
13,46,0.028125,0.0053817979060113,D_p,0.030208333333333334,0.033695036545395796
13,47,0.028125,0.0106951845809817,D_p,0.030208333333333334,0.033695036545395796
13,48,0.03229166666666667,0.0126292295753955,hilp_p,0.030208333333333334,0.033695036545395796
13,49,0.028125,0.0249061286449432,D_p,0.030208333333333334,0.033695036545395796
13,50,0.025,0.0200756527483463,D_p,0.030208333333333334,0.033695036545395796
13,51,0.030208333333333334,0.0233894232660532,hilp_p,0.030208333333333334,0.033695036545395796
13,52,0.028125,0.020066063851118,D_p,0.030208333333333334,0.033695036545395796
13,53,0.029166666666666667,0.0629689991474151,C_p,0.030208333333333334,0.033695036545395796
13,54,0.030208333333333334,0.0104114711284637,hilp_p,0.030208333333333334,0.033695036545395796
13,55,0.03229166666666667,0.0047758710570633,hilp_p,0.030208333333333334,0.033695036545395796
13,56,0.030208333333333334,0.0101424576714634,hilp_p,0.030208333333333334,0.033695036545395796
13,57,0.034375,0.0094826435670256,hilp_p,0.030208333333333334,0.033695036545395796
13,58,0.029166666666666667,0.0042764823883771,D_p,0.030208333333333334,0.033695036545395796
13,59,0.027083333333333334,0.0086623774841427,D_p,0.030208333333333334,0.033695036545395796
13,60,0.03229166666666667,0.0071215704083442,hilp_p,0.030208333333333334,0.033695036545395796
13,61,0.029166666666666667,0.0138270743191242,D_p,0.030208333333333334,0.033695036545395796
13,62,0.030208333333333334,0.0121519435197114,hilp_p,0.030208333333333334,0.033695036545395796
13,63,0.030208333333333334,0.0019832272082567,hilp_p,0.030208333333333334,0.033695036545395796
14,0,0.029166666666666667,0.0465243272483348,C_p,0.030208333333333334,0.033695036545395796
14,1,0.03333333333333333,0.0377253852784633,hihp_p,0.030208333333333334,0.033695036545395796
14,2,0.034375,0.0432385578751564,hihp_p,0.030208333333333334,0.033695036545395796
14,3,0.03125,0.0383392423391342,hihp_p,0.030208333333333334,0.033695036545395796
14,4,0.030208333333333334,0.0224862340837717,hilp_p,0.030208333333333334,0.033695036545395796
14,5,0.03125,0.0067859604023396,hilp_p,0.030208333333333334,0.033695036545395796
14,6,0.03229166666666667,0.0159949883818626,hilp_p,0.030208333333333334,0.033695036545395796
14,7,0.023958333333333335,0.017590133473277,D_p,0.030208333333333334,0.033695036545395796
14,8,0.026041666666666668,0.0339578874409198,C_p,0.030208333333333334,0.033695036545395796
14,9,0.022916666666666665,0.0561895109713077,C_p,0.030208333333333334,0.033695036545395796
14,10,0.0375,0.0674766898155212,hihp_p,0.030208333333333334,0.033695036545395796
14,11,0.03229166666666667,0.0503252074122428,hihp_p,0.030208333333333334,0.033695036545395796
14,12,0.03229166666666667,0.0452495329082012,hihp_p,0.030208333333333334,0.033695036545395796
14,13,0.03229166666666667,0.0238407310098409,hilp_p,0.030208333333333334,0.033695036545395796
14,14,0.030208333333333334,0.0433589816093444,hihp_p,0.030208333333333334,0.033695036545395796
14,15,0.028125,0.0672671496868133,C_p,0.030208333333333334,0.033695036545395796
14,16,0.027083333333333334,0.0127461142838001,D_p,0.030208333333333334,0.033695036545395796
14,17,0.026041666666666668,0.0005978241679258,D_p,0.030208333333333334,0.033695036545395796
14,18,0.028125,0.0064326454885303,D_p,0.030208333333333334,0.033695036545395796
14,19,0.03333333333333333,0.0036686148960143,hilp_p,0.030208333333333334,0.033695036545395796
14,20,0.026041666666666668,0.0053644380532205,D_p,0.030208333333333334,0.033695036545395796
14,21,0.026041666666666668,0.0147819826379418,D_p,0.030208333333333334,0.033695036545395796
14,22,0.026041666666666668,0.0015452313236892,D_p,0.030208333333333334,0.033695036545395796
14,23,0.028125,0.0083620585501194,D_p,0.030208333333333334,0.033695036545395796
14,24,0.026041666666666668,0.0278736595064401,D_p,0.030208333333333334,0.033695036545395796
14,25,0.03125,0.014212867245078,hilp_p,0.030208333333333334,0.033695036545395796
14,26,0.027083333333333334,0.0383345633745193,C_p,0.030208333333333334,0.033695036545395796
14,27,0.03229166666666667,0.0060525680892169,hilp_p,0.030208333333333334,0.033695036545395796
14,28,0.028125,0.0466093309223651,C_p,0.030208333333333334,0.033695036545395796
14,29,0.03333333333333333,0.0135537963360548,hilp_p,0.030208333333333334,0.033695036545395796
14,30,0.028125,0.0154366139322519,D_p,0.030208333333333334,0.033695036545395796
14,31,0.030208333333333334,0.0392107553780078,hihp_p,0.030208333333333334,0.033695036545395796
14,32,0.03125,0.0118395872414112,hilp_p,0.030208333333333334,0.033695036545395796
14,33,0.03125,0.0155323687940835,hilp_p,0.030208333333333334,0.033695036545395796
14,34,0.03125,0.0058740340173244,hilp_p,0.030208333333333334,0.033695036545395796
14,35,0.03125,0.0141023797914385,hilp_p,0.030208333333333334,0.033695036545395796
14,36,0.020833333333333332,0.0185355190187692,D_p,0.030208333333333334,0.033695036545395796
14,37,0.030208333333333334,0.0230188202112913,hilp_p,0.030208333333333334,0.033695036545395796
14,38,0.03229166666666667,0.0444403924047946,hihp_p,0.030208333333333334,0.033695036545395796
14,39,0.029166666666666667,0.0406822189688682,C_p,0.030208333333333334,0.033695036545395796
14,40,0.028125,0.0337635166943073,C_p,0.030208333333333334,0.033695036545395796
14,41,0.028125,0.0304038822650909,D_p,0.030208333333333334,0.033695036545395796
14,42,0.028125,0.0960584357380867,C_p,0.030208333333333334,0.033695036545395796
14,43,0.03333333333333333,0.1054585501551628,hihp_p,0.030208333333333334,0.033695036545395796
14,44,0.035416666666666666,0.0450017116963863,hihp_p,0.030208333333333334,0.033695036545395796
14,45,0.027083333333333334,0.0376485027372837,C_p,0.030208333333333334,0.033695036545395796
14,46,0.036458333333333336,0.234133705496788,hihp_p,0.030208333333333334,0.033695036545395796
14,47,0.026041666666666668,0.0670067816972732,C_p,0.030208333333333334,0.033695036545395796
14,48,0.028125,0.0050260247662663,D_p,0.030208333333333334,0.033695036545395796
14,49,0.030208333333333334,0.0068416562862694,hilp_p,0.030208333333333334,0.033695036545395796
14,50,0.029166666666666667,0.0030669977422803,D_p,0.030208333333333334,0.033695036545395796
14,51,0.029166666666666667,0.0069600157439708,D_p,0.030208333333333334,0.033695036545395796
14,52,0.028125,0.0184455122798681,D_p,0.030208333333333334,0.033695036545395796
14,53,0.03125,0.0115891238674521,hilp_p,0.030208333333333334,0.033695036545395796
14,54,0.03125,0.0052702380344271,hilp_p,0.030208333333333334,0.033695036545395796
14,55,0.029166666666666667,0.0116639696061611,D_p,0.030208333333333334,0.033695036545395796
14,56,0.028125,0.0282925851643085,D_p,0.030208333333333334,0.033695036545395796
14,57,0.03125,0.0200335122644901,hilp_p,0.030208333333333334,0.033695036545395796
14,58,0.030208333333333334,0.0205701608210802,hilp_p,0.030208333333333334,0.033695036545395796
14,59,0.027083333333333334,0.0175836011767387,D_p,0.030208333333333334,0.033695036545395796
14,60,0.034375,0.0743109136819839,hihp_p,0.030208333333333334,0.033695036545395796
14,61,0.026041666666666668,0.0305207483470439,D_p,0.030208333333333334,0.033695036545395796
14,62,0.027083333333333334,0.0429014638066291,C_p,0.030208333333333334,0.033695036545395796
14,63,0.027083333333333334,0.0242859553545713,D_p,0.030208333333333334,0.033695036545395796
15,0,0.029166666666666667,0.0048815929330885,D_p,0.030208333333333334,0.033695036545395796
15,1,0.035416666666666666,0.0032240112777799,hilp_p,0.030208333333333334,0.033695036545395796
15,2,0.029166666666666667,0.0289086457341909,D_p,0.030208333333333334,0.033695036545395796
15,3,0.027083333333333334,0.001360576134175,D_p,0.030208333333333334,0.033695036545395796
15,4,0.027083333333333334,0.0115849468857049,D_p,0.030208333333333334,0.033695036545395796
15,5,0.03333333333333333,0.0377744771540164,hihp_p,0.030208333333333334,0.033695036545395796
15,6,0.029166666666666667,0.0357016250491142,C_p,0.030208333333333334,0.033695036545395796
15,7,0.030208333333333334,0.0140621233731508,hilp_p,0.030208333333333334,0.033695036545395796
15,8,0.030208333333333334,0.0552136003971099,hihp_p,0.030208333333333334,0.033695036545395796
15,9,0.030208333333333334,0.0269651990383863,hilp_p,0.030208333333333334,0.033695036545395796
15,10,0.030208333333333334,0.0799800977110862,hihp_p,0.030208333333333334,0.033695036545395796
15,11,0.030208333333333334,0.0570031590759754,hihp_p,0.030208333333333334,0.033695036545395796
15,12,0.027083333333333334,0.0556143186986446,C_p,0.030208333333333334,0.033695036545395796
15,13,0.03125,0.0310754626989364,hilp_p,0.030208333333333334,0.033695036545395796
15,14,0.029166666666666667,0.0027025195304304,D_p,0.030208333333333334,0.033695036545395796
15,15,0.03229166666666667,0.0382759273052215,hihp_p,0.030208333333333334,0.033695036545395796
15,16,0.03333333333333333,0.0462469346821308,hihp_p,0.030208333333333334,0.033695036545395796
15,17,0.026041666666666668,0.0426405668258667,C_p,0.030208333333333334,0.033695036545395796
15,18,0.022916666666666665,0.0230073053389787,D_p,0.030208333333333334,0.033695036545395796
15,19,0.027083333333333334,0.0492733269929885,C_p,0.030208333333333334,0.033695036545395796
15,20,0.029166666666666667,0.0095858098939061,D_p,0.030208333333333334,0.033695036545395796
15,21,0.028125,0.0513799637556076,C_p,0.030208333333333334,0.033695036545395796
15,22,0.022916666666666665,0.0430896542966365,C_p,0.030208333333333334,0.033695036545395796
15,23,0.028125,0.0289666429162025,D_p,0.030208333333333334,0.033695036545395796
15,24,0.027083333333333334,0.0738719403743743,C_p,0.030208333333333334,0.033695036545395796
15,25,0.028125,0.0121716605499386,D_p,0.030208333333333334,0.033695036545395796
15,26,0.027083333333333334,0.0056393300183117,D_p,0.030208333333333334,0.033695036545395796
15,27,0.03125,0.0681162700057029,hihp_p,0.030208333333333334,0.033695036545395796
15,28,0.027083333333333334,0.0285087488591671,D_p,0.030208333333333334,0.033695036545395796
15,29,0.025,0.0047736065462231,D_p,0.030208333333333334,0.033695036545395796
15,30,0.027083333333333334,0.0388102978467941,C_p,0.030208333333333334,0.033695036545395796
15,31,0.029166666666666667,0.00516350986436,D_p,0.030208333333333334,0.033695036545395796
15,32,0.029166666666666667,0.0056060431525111,D_p,0.030208333333333334,0.033695036545395796
15,33,0.028125,0.0246577989310026,D_p,0.030208333333333334,0.033695036545395796
15,34,0.029166666666666667,0.0336426831781864,D_p,0.030208333333333334,0.033695036545395796
15,35,0.03229166666666667,0.0459339693188667,hihp_p,0.030208333333333334,0.033695036545395796
15,36,0.03229166666666667,0.0095983101055026,hilp_p,0.030208333333333334,0.033695036545395796
15,37,0.034375,0.0384389869868755,hihp_p,0.030208333333333334,0.033695036545395796
15,38,0.029166666666666667,0.0175257492810487,D_p,0.030208333333333334,0.033695036545395796
15,39,0.03125,0.0272065978497266,hilp_p,0.030208333333333334,0.033695036545395796
15,40,0.029166666666666667,0.0191396959125995,D_p,0.030208333333333334,0.033695036545395796
15,41,0.03229166666666667,0.0553786270320415,hihp_p,0.030208333333333334,0.033695036545395796
15,42,0.03125,0.0504471138119697,hihp_p,0.030208333333333334,0.033695036545395796
15,43,0.03229166666666667,0.0504435338079929,hihp_p,0.030208333333333334,0.033695036545395796
15,44,0.028125,0.0301614329218864,D_p,0.030208333333333334,0.033695036545395796
15,45,0.026041666666666668,0.0764581933617591,C_p,0.030208333333333334,0.033695036545395796
15,46,0.030208333333333334,0.1428488045930862,hihp_p,0.030208333333333334,0.033695036545395796
15,47,0.026041666666666668,0.136236235499382,C_p,0.030208333333333334,0.033695036545395796
15,48,0.027083333333333334,0.0582317262887954,C_p,0.030208333333333334,0.033695036545395796
15,49,0.030208333333333334,0.0223318040370941,hilp_p,0.030208333333333334,0.033695036545395796
15,50,0.03333333333333333,0.1857756078243255,hihp_p,0.030208333333333334,0.033695036545395796
15,51,0.030208333333333334,0.070990651845932,hihp_p,0.030208333333333334,0.033695036545395796
15,52,0.030208333333333334,0.0730967000126838,hihp_p,0.030208333333333334,0.033695036545395796
15,53,0.03229166666666667,0.070973664522171,hihp_p,0.030208333333333334,0.033695036545395796
15,54,0.03333333333333333,0.0291934497654438,hilp_p,0.030208333333333334,0.033695036545395796
15,55,0.030208333333333334,0.0102899754419922,hilp_p,0.030208333333333334,0.033695036545395796
15,56,0.026041666666666668,0.0355648323893547,C_p,0.030208333333333334,0.033695036545395796
15,57,0.030208333333333334,0.0400502383708953,hihp_p,0.030208333333333334,0.033695036545395796
15,58,0.028125,0.0475042313337326,C_p,0.030208333333333334,0.033695036545395796
15,59,0.030208333333333334,0.0350586622953414,hihp_p,0.030208333333333334,0.033695036545395796
15,60,0.03229166666666667,0.0749226287007331,hihp_p,0.030208333333333334,0.033695036545395796
15,61,0.03333333333333333,0.0349882766604423,hihp_p,0.030208333333333334,0.033695036545395796
15,62,0.03229166666666667,0.034024529159069,hihp_p,0.030208333333333334,0.033695036545395796
15,63,0.029166666666666667,0.0344949066638946,C_p,0.030208333333333334,0.033695036545395796
16,0,0.030208333333333334,0.0482266694307327,hihp_p,0.030208333333333334,0.033695036545395796
16,1,0.03125,0.1443181782960891,hihp_p,0.030208333333333334,0.033695036545395796
16,2,0.035416666666666666,0.0566479600965976,hihp_p,0.030208333333333334,0.033695036545395796
16,3,0.028125,0.0575387552380561,C_p,0.030208333333333334,0.033695036545395796
16,4,0.030208333333333334,0.1004674062132835,hihp_p,0.030208333333333334,0.033695036545395796
16,5,0.030208333333333334,0.0559730269014835,hihp_p,0.030208333333333334,0.033695036545395796
16,6,0.03125,0.0384313687682151,hihp_p,0.030208333333333334,0.033695036545395796
16,7,0.027083333333333334,0.1294479370117187,C_p,0.030208333333333334,0.033695036545395796
16,8,0.020833333333333332,0.0291859712451696,D_p,0.030208333333333334,0.033695036545395796
16,9,0.028125,0.0337844714522361,C_p,0.030208333333333334,0.033695036545395796
16,10,0.030208333333333334,0.0138680879026651,hilp_p,0.030208333333333334,0.033695036545395796
16,11,0.03333333333333333,0.0455346852540969,hihp_p,0.030208333333333334,0.033695036545395796
16,12,0.03229166666666667,0.0116735948249697,hilp_p,0.030208333333333334,0.033695036545395796
16,13,0.026041666666666668,0.0328087583184242,D_p,0.030208333333333334,0.033695036545395796
16,14,0.028125,0.0337479524314403,C_p,0.030208333333333334,0.033695036545395796
16,15,0.025,0.021541429683566,D_p,0.030208333333333334,0.033695036545395796
16,16,0.03125,0.007061191368848,hilp_p,0.030208333333333334,0.033695036545395796
16,17,0.028125,0.1088280379772186,C_p,0.030208333333333334,0.033695036545395796
16,18,0.028125,0.103322833776474,C_p,0.030208333333333334,0.033695036545395796
16,19,0.03229166666666667,0.0111041795462369,hilp_p,0.030208333333333334,0.033695036545395796
16,20,0.025,0.0173955224454402,D_p,0.030208333333333334,0.033695036545395796
16,21,0.03229166666666667,0.1105722337961196,hihp_p,0.030208333333333334,0.033695036545395796
16,22,0.03125,0.0124556748196482,hilp_p,0.030208333333333334,0.033695036545395796
16,23,0.03125,0.0104700727388262,hilp_p,0.030208333333333334,0.033695036545395796
16,24,0.03125,0.0565696842968463,hihp_p,0.030208333333333334,0.033695036545395796
16,25,0.030208333333333334,0.0579179935157299,hihp_p,0.030208333333333334,0.033695036545395796
16,26,0.027083333333333334,0.1063063666224479,C_p,0.030208333333333334,0.033695036545395796
16,27,0.028125,0.0458467118442058,C_p,0.030208333333333334,0.033695036545395796
16,28,0.03125,0.0495727881789207,hihp_p,0.030208333333333334,0.033695036545395796
16,29,0.028125,0.0881004557013511,C_p,0.030208333333333334,0.033695036545395796
16,30,0.025,0.031499721109867,D_p,0.030208333333333334,0.033695036545395796
16,31,0.03333333333333333,0.0202959179878234,hilp_p,0.030208333333333334,0.033695036545395796
16,32,0.03229166666666667,0.047512162476778,hihp_p,0.030208333333333334,0.033695036545395796
16,33,0.034375,0.0309020802378654,hilp_p,0.030208333333333334,0.033695036545395796
16,34,0.027083333333333334,0.0732390284538269,C_p,0.030208333333333334,0.033695036545395796
16,35,0.034375,0.0524146854877471,hihp_p,0.030208333333333334,0.033695036545395796
16,36,0.023958333333333335,0.0797373354434967,C_p,0.030208333333333334,0.033695036545395796
16,37,0.029166666666666667,0.0616942718625068,C_p,0.030208333333333334,0.033695036545395796
16,38,0.03333333333333333,0.047419860959053,hihp_p,0.030208333333333334,0.033695036545395796
16,39,0.030208333333333334,0.0463095791637897,hihp_p,0.030208333333333334,0.033695036545395796
16,40,0.028125,0.0694815143942833,C_p,0.030208333333333334,0.033695036545395796
16,41,0.027083333333333334,0.0703682154417038,C_p,0.030208333333333334,0.033695036545395796
16,42,0.028125,0.0527389161288738,C_p,0.030208333333333334,0.033695036545395796
16,43,0.029166666666666667,0.0434477180242538,C_p,0.030208333333333334,0.033695036545395796
16,44,0.03125,0.0295767243951559,hilp_p,0.030208333333333334,0.033695036545395796
16,45,0.03229166666666667,0.0358355455100536,hihp_p,0.030208333333333334,0.033695036545395796
16,46,0.028125,0.03498500213027,C_p,0.030208333333333334,0.033695036545395796
16,47,0.035416666666666666,0.0474479869008064,hihp_p,0.030208333333333334,0.033695036545395796
16,48,0.03333333333333333,0.0896096378564834,hihp_p,0.030208333333333334,0.033695036545395796
16,49,0.035416666666666666,0.0413969606161117,hihp_p,0.030208333333333334,0.033695036545395796
16,50,0.027083333333333334,0.1122439950704574,C_p,0.030208333333333334,0.033695036545395796
16,51,0.034375,0.0193640310317277,hilp_p,0.030208333333333334,0.033695036545395796
16,52,0.030208333333333334,0.0381029322743415,hihp_p,0.030208333333333334,0.033695036545395796
16,53,0.028125,0.0585150271654129,C_p,0.030208333333333334,0.033695036545395796
16,54,0.030208333333333334,0.0255487412214279,hilp_p,0.030208333333333334,0.033695036545395796
16,55,0.029166666666666667,0.0307335313409566,D_p,0.030208333333333334,0.033695036545395796
16,56,0.03125,0.0246071796864271,hilp_p,0.030208333333333334,0.033695036545395796
16,57,0.03125,0.0471076741814613,hihp_p,0.030208333333333334,0.033695036545395796
16,58,0.025,0.0139991072937846,D_p,0.030208333333333334,0.033695036545395796
16,59,0.03229166666666667,0.0389198847115039,hihp_p,0.030208333333333334,0.033695036545395796
16,60,0.03229166666666667,0.0286901295185089,hilp_p,0.030208333333333334,0.033695036545395796
16,61,0.027083333333333334,0.0508213564753532,C_p,0.030208333333333334,0.033695036545395796
16,62,0.027083333333333334,0.0150079140439629,D_p,0.030208333333333334,0.033695036545395796
16,63,0.03125,0.0699739009141922,hihp_p,0.030208333333333334,0.033695036545395796
17,0,0.03125,0.0449366010725498,hihp_p,0.030208333333333334,0.033695036545395796
17,1,0.029166666666666667,0.0022988559212535,D_p,0.030208333333333334,0.033695036545395796
17,2,0.03333333333333333,0.0269013699144125,hilp_p,0.030208333333333334,0.033695036545395796
17,3,0.026041666666666668,0.0172608587890863,D_p,0.030208333333333334,0.033695036545395796
17,4,0.03333333333333333,0.0060149594210088,hilp_p,0.030208333333333334,0.033695036545395796
17,5,0.03333333333333333,0.0302502885460853,hilp_p,0.030208333333333334,0.033695036545395796
17,6,0.025,0.0127947758883237,D_p,0.030208333333333334,0.033695036545395796
17,7,0.03125,0.0784001722931861,hihp_p,0.030208333333333334,0.033695036545395796
17,8,0.03333333333333333,0.080205462872982,hihp_p,0.030208333333333334,0.033695036545395796
17,9,0.029166666666666667,0.2509216964244842,C_p,0.030208333333333334,0.033695036545395796
17,10,0.034375,0.2955436408519745,hihp_p,0.030208333333333334,0.033695036545395796
17,11,0.03333333333333333,0.2524831295013428,hihp_p,0.030208333333333334,0.033695036545395796
17,12,0.035416666666666666,0.0913164541125297,hihp_p,0.030208333333333334,0.033695036545395796
17,13,0.026041666666666668,0.1096924990415573,C_p,0.030208333333333334,0.033695036545395796
17,14,0.027083333333333334,0.095906026661396,C_p,0.030208333333333334,0.033695036545395796
17,15,0.034375,0.1649933904409408,hihp_p,0.030208333333333334,0.033695036545395796
17,16,0.027083333333333334,0.0461238324642181,C_p,0.030208333333333334,0.033695036545395796
17,17,0.03333333333333333,0.0504083409905433,hihp_p,0.030208333333333334,0.033695036545395796
17,18,0.029166666666666667,0.0207294672727584,D_p,0.030208333333333334,0.033695036545395796
17,19,0.03229166666666667,0.1286590844392776,hihp_p,0.030208333333333334,0.033695036545395796
17,20,0.022916666666666665,0.0383883863687515,C_p,0.030208333333333334,0.033695036545395796
17,21,0.03125,0.0635408535599708,hihp_p,0.030208333333333334,0.033695036545395796
17,22,0.03333333333333333,0.0383142903447151,hihp_p,0.030208333333333334,0.033695036545395796
17,23,0.029166666666666667,0.0651946365833282,C_p,0.030208333333333334,0.033695036545395796
17,24,0.026041666666666668,0.0738214999437332,C_p,0.030208333333333334,0.033695036545395796
17,25,0.03125,0.1336257308721542,hihp_p,0.030208333333333334,0.033695036545395796
17,26,0.028125,0.1354875266551971,C_p,0.030208333333333334,0.033695036545395796
17,27,0.029166666666666667,0.0500595532357692,C_p,0.030208333333333334,0.033695036545395796
17,28,0.029166666666666667,0.0144532499834895,D_p,0.030208333333333334,0.033695036545395796
17,29,0.029166666666666667,0.038926538079977,C_p,0.030208333333333334,0.033695036545395796
17,30,0.029166666666666667,0.1346824467182159,C_p,0.030208333333333334,0.033695036545395796
17,31,0.020833333333333332,0.0259488336741924,D_p,0.030208333333333334,0.033695036545395796
17,32,0.03229166666666667,0.0563560128211975,hihp_p,0.030208333333333334,0.033695036545395796
17,33,0.028125,0.0371968857944011,C_p,0.030208333333333334,0.033695036545395796
17,34,0.030208333333333334,0.0040692975744605,hilp_p,0.030208333333333334,0.033695036545395796
17,35,0.027083333333333334,0.0269623566418886,D_p,0.030208333333333334,0.033695036545395796
17,36,0.029166666666666667,0.0212968550622463,D_p,0.030208333333333334,0.033695036545395796
17,37,0.029166666666666667,0.0137400859966874,D_p,0.030208333333333334,0.033695036545395796
17,38,0.03229166666666667,0.0326194055378437,hilp_p,0.030208333333333334,0.033695036545395796
17,39,0.027083333333333334,0.0238249637186527,D_p,0.030208333333333334,0.033695036545395796
17,40,0.03333333333333333,0.1106942221522331,hihp_p,0.030208333333333334,0.033695036545395796
17,41,0.028125,0.0613116845488548,C_p,0.030208333333333334,0.033695036545395796
17,42,0.03229166666666667,0.147820308804512,hihp_p,0.030208333333333334,0.033695036545395796
17,43,0.029166666666666667,0.1052191331982612,C_p,0.030208333333333334,0.033695036545395796
17,44,0.029166666666666667,0.0216657016426324,D_p,0.030208333333333334,0.033695036545395796
17,45,0.026041666666666668,0.1006918549537658,C_p,0.030208333333333334,0.033695036545395796
17,46,0.034375,0.270364761352539,hihp_p,0.030208333333333334,0.033695036545395796
17,47,0.029166666666666667,0.0171106830239295,D_p,0.030208333333333334,0.033695036545395796
17,48,0.029166666666666667,0.0762750655412674,C_p,0.030208333333333334,0.033695036545395796
17,49,0.026041666666666668,0.1460750699043274,C_p,0.030208333333333334,0.033695036545395796
17,50,0.034375,0.1747705638408661,hihp_p,0.030208333333333334,0.033695036545395796
17,51,0.028125,0.1051250696182251,C_p,0.030208333333333334,0.033695036545395796
17,52,0.028125,0.1786888837814331,C_p,0.030208333333333334,0.033695036545395796
17,53,0.027083333333333334,0.1768193691968917,C_p,0.030208333333333334,0.033695036545395796
17,54,0.03229166666666667,0.13491952419281,hihp_p,0.030208333333333334,0.033695036545395796
17,55,0.028125,0.0618738643825054,C_p,0.030208333333333334,0.033695036545395796
17,56,0.030208333333333334,0.0907132774591445,hihp_p,0.030208333333333334,0.033695036545395796
17,57,0.029166666666666667,0.0652633234858512,C_p,0.030208333333333334,0.033695036545395796
17,58,0.03333333333333333,0.0916559398174285,hihp_p,0.030208333333333334,0.033695036545395796
17,59,0.03125,0.1349000930786132,hihp_p,0.030208333333333334,0.033695036545395796
17,60,0.030208333333333334,0.1647884100675583,hihp_p,0.030208333333333334,0.033695036545395796
17,61,0.030208333333333334,0.1221976056694984,hihp_p,0.030208333333333334,0.033695036545395796
17,62,0.030208333333333334,0.1004250794649124,hihp_p,0.030208333333333334,0.033695036545395796
17,63,0.03229166666666667,0.06463423371315,hihp_p,0.030208333333333334,0.033695036545395796
18,0,0.025,0.0836634412407875,C_p,0.030208333333333334,0.033695036545395796
18,1,0.030208333333333334,0.0348869115114212,hihp_p,0.030208333333333334,0.033695036545395796
18,2,0.029166666666666667,0.0550162307918071,C_p,0.030208333333333334,0.033695036545395796
18,3,0.03229166666666667,0.0434679165482521,hihp_p,0.030208333333333334,0.033695036545395796
18,4,0.053125,0.2520501315593719,hihp_p,0.030208333333333334,0.033695036545395796
18,5,0.0375,0.134424403309822,hihp_p,0.030208333333333334,0.033695036545395796
18,6,0.022916666666666665,0.1408741474151611,C_p,0.030208333333333334,0.033695036545395796
18,7,0.035416666666666666,0.0404866859316825,hihp_p,0.030208333333333334,0.033695036545395796
18,8,0.03125,0.1234332099556922,hihp_p,0.030208333333333334,0.033695036545395796
18,9,0.035416666666666666,0.1303740292787552,hihp_p,0.030208333333333334,0.033695036545395796
18,10,0.030208333333333334,0.1794058382511139,hihp_p,0.030208333333333334,0.033695036545395796
18,11,0.025,0.214924469590187,C_p,0.030208333333333334,0.033695036545395796
18,12,0.034375,0.1007666811347007,hihp_p,0.030208333333333334,0.033695036545395796
18,13,0.03229166666666667,0.2255826741456985,hihp_p,0.030208333333333334,0.033695036545395796
18,14,0.03125,0.0594742484390735,hihp_p,0.030208333333333334,0.033695036545395796
18,15,0.03229166666666667,0.1916966736316681,hihp_p,0.030208333333333334,0.033695036545395796
18,16,0.03125,0.1492984890937805,hihp_p,0.030208333333333334,0.033695036545395796
18,17,0.023958333333333335,0.1029152050614357,C_p,0.030208333333333334,0.033695036545395796
18,18,0.028125,0.0989638343453407,C_p,0.030208333333333334,0.033695036545395796
18,19,0.030208333333333334,0.073895014822483,hihp_p,0.030208333333333334,0.033695036545395796
18,20,0.023958333333333335,0.1506802588701248,C_p,0.030208333333333334,0.033695036545395796
18,21,0.03333333333333333,0.1266595423221588,hihp_p,0.030208333333333334,0.033695036545395796
18,22,0.0375,0.1417073160409927,hihp_p,0.030208333333333334,0.033695036545395796
18,23,0.022916666666666665,0.1141808480024337,C_p,0.030208333333333334,0.033695036545395796
18,24,0.029166666666666667,0.0466426312923431,C_p,0.030208333333333334,0.033695036545395796
18,25,0.030208333333333334,0.0203578919172287,hilp_p,0.030208333333333334,0.033695036545395796
18,26,0.027083333333333334,0.1802142262458801,C_p,0.030208333333333334,0.033695036545395796
18,27,0.030208333333333334,0.1202659830451011,hihp_p,0.030208333333333334,0.033695036545395796
18,28,0.028125,0.052115760743618,C_p,0.030208333333333334,0.033695036545395796
18,29,0.03229166666666667,0.0814498290419578,hihp_p,0.030208333333333334,0.033695036545395796
18,30,0.026041666666666668,0.0291280001401901,D_p,0.030208333333333334,0.033695036545395796
18,31,0.028125,0.0537012964487075,C_p,0.030208333333333334,0.033695036545395796
18,32,0.028125,0.1160871833562851,C_p,0.030208333333333334,0.033695036545395796
18,33,0.030208333333333334,0.1954614669084549,hihp_p,0.030208333333333334,0.033695036545395796
18,34,0.027083333333333334,0.0501612797379493,C_p,0.030208333333333334,0.033695036545395796
18,35,0.029166666666666667,0.1410159468650818,C_p,0.030208333333333334,0.033695036545395796
18,36,0.03333333333333333,0.1107737496495246,hihp_p,0.030208333333333334,0.033695036545395796
18,37,0.029166666666666667,0.0673871487379074,C_p,0.030208333333333334,0.033695036545395796
18,38,0.023958333333333335,0.0275877732783556,D_p,0.030208333333333334,0.033695036545395796
18,39,0.03125,0.0463666580617427,hihp_p,0.030208333333333334,0.033695036545395796
18,40,0.03125,0.1178396418690681,hihp_p,0.030208333333333334,0.033695036545395796
18,41,0.03125,0.0292599368840456,hilp_p,0.030208333333333334,0.033695036545395796
18,42,0.034375,0.0769415572285652,hihp_p,0.030208333333333334,0.033695036545395796
18,43,0.029166666666666667,0.0704342797398567,C_p,0.030208333333333334,0.033695036545395796
18,44,0.028125,0.0865490660071373,C_p,0.030208333333333334,0.033695036545395796
18,45,0.030208333333333334,0.0182580687105655,hilp_p,0.030208333333333334,0.033695036545395796
18,46,0.028125,0.0262438226491212,D_p,0.030208333333333334,0.033695036545395796
18,47,0.028125,0.0513498373329639,C_p,0.030208333333333334,0.033695036545395796
18,48,0.029166666666666667,0.3906241953372955,C_p,0.030208333333333334,0.033695036545395796
18,49,0.030208333333333334,0.1196546629071235,hihp_p,0.030208333333333334,0.033695036545395796
18,50,0.026041666666666668,0.1705843210220337,C_p,0.030208333333333334,0.033695036545395796
18,51,0.030208333333333334,0.1560831815004348,hihp_p,0.030208333333333334,0.033695036545395796
18,52,0.03229166666666667,0.0772992521524429,hihp_p,0.030208333333333334,0.033695036545395796
18,53,0.026041666666666668,0.1661416143178939,C_p,0.030208333333333334,0.033695036545395796
18,54,0.029166666666666667,0.1313131302595138,C_p,0.030208333333333334,0.033695036545395796
18,55,0.03229166666666667,0.1230822280049324,hihp_p,0.030208333333333334,0.033695036545395796
18,56,0.029166666666666667,0.3107840120792389,C_p,0.030208333333333334,0.033695036545395796
18,57,0.029166666666666667,0.1046101748943328,C_p,0.030208333333333334,0.033695036545395796
18,58,0.03333333333333333,0.0798552259802818,hihp_p,0.030208333333333334,0.033695036545395796
18,59,0.036458333333333336,0.1213957071304321,hihp_p,0.030208333333333334,0.033695036545395796
18,60,0.028125,0.1041306108236312,C_p,0.030208333333333334,0.033695036545395796
18,61,0.03229166666666667,0.1420495063066482,hihp_p,0.030208333333333334,0.033695036545395796
18,62,0.030208333333333334,0.1014124453067779,hihp_p,0.030208333333333334,0.033695036545395796
18,63,0.028125,0.0880128443241119,C_p,0.030208333333333334,0.033695036545395796
19,0,0.019791666666666666,0.319505900144577,C_p,0.030208333333333334,0.033695036545395796
19,1,0.026041666666666668,0.1610123068094253,C_p,0.030208333333333334,0.033695036545395796
19,2,0.036458333333333336,0.0957283228635788,hihp_p,0.030208333333333334,0.033695036545395796
19,3,0.03229166666666667,0.2194762676954269,hihp_p,0.030208333333333334,0.033695036545395796
19,4,0.03229166666666667,0.1155020594596862,hihp_p,0.030208333333333334,0.033695036545395796
19,5,0.030208333333333334,0.1097414121031761,hihp_p,0.030208333333333334,0.033695036545395796
19,6,0.03125,0.2978969812393188,hihp_p,0.030208333333333334,0.033695036545395796
19,7,0.026041666666666668,0.3579222857952118,C_p,0.030208333333333334,0.033695036545395796
19,8,0.028125,0.0498924627900123,C_p,0.030208333333333334,0.033695036545395796
19,9,0.030208333333333334,0.0184709001332521,hilp_p,0.030208333333333334,0.033695036545395796
19,10,0.029166666666666667,0.088744468986988,C_p,0.030208333333333334,0.033695036545395796
19,11,0.028125,0.032450009137392,D_p,0.030208333333333334,0.033695036545395796
19,12,0.025,0.0628210678696632,C_p,0.030208333333333334,0.033695036545395796
19,13,0.028125,0.0384213179349899,C_p,0.030208333333333334,0.033695036545395796
19,14,0.028125,0.0202690567821264,D_p,0.030208333333333334,0.033695036545395796
19,15,0.028125,0.0564435385167598,C_p,0.030208333333333334,0.033695036545395796
19,16,0.025,0.0255942102521657,D_p,0.030208333333333334,0.033695036545395796
19,17,0.03229166666666667,0.0860040709376335,hihp_p,0.030208333333333334,0.033695036545395796
19,18,0.03125,0.0785219147801399,hihp_p,0.030208333333333334,0.033695036545395796
19,19,0.029166666666666667,0.0437411330640316,C_p,0.030208333333333334,0.033695036545395796
19,20,0.020833333333333332,0.0154212415218353,D_p,0.030208333333333334,0.033695036545395796
19,21,0.03333333333333333,0.0401463210582733,hihp_p,0.030208333333333334,0.033695036545395796
19,22,0.03229166666666667,0.0184313543140888,hilp_p,0.030208333333333334,0.033695036545395796
19,23,0.034375,0.0343232676386833,hihp_p,0.030208333333333334,0.033695036545395796
19,24,0.029166666666666667,0.050037357956171,C_p,0.030208333333333334,0.033695036545395796
19,25,0.034375,0.1303480863571167,hihp_p,0.030208333333333334,0.033695036545395796
19,26,0.028125,0.0386780798435211,C_p,0.030208333333333334,0.033695036545395796
19,27,0.026041666666666668,0.0449189282953739,C_p,0.030208333333333334,0.033695036545395796
19,28,0.029166666666666667,0.1133280843496322,C_p,0.030208333333333334,0.033695036545395796
19,29,0.030208333333333334,0.1185518577694892,hihp_p,0.030208333333333334,0.033695036545395796
19,30,0.028125,0.0216750428080558,D_p,0.030208333333333334,0.033695036545395796
19,31,0.027083333333333334,0.0360923707485199,C_p,0.030208333333333334,0.033695036545395796
19,32,0.022916666666666665,0.0592506788671016,C_p,0.030208333333333334,0.033695036545395796
19,33,0.030208333333333334,0.1136878728866577,hihp_p,0.030208333333333334,0.033695036545395796
19,34,0.023958333333333335,0.2407628446817398,C_p,0.030208333333333334,0.033695036545395796
19,35,0.022916666666666665,0.1511991918087005,C_p,0.030208333333333334,0.033695036545395796
19,36,0.036458333333333336,0.1773498058319091,hihp_p,0.030208333333333334,0.033695036545395796
19,37,0.030208333333333334,0.0926234275102615,hihp_p,0.030208333333333334,0.033695036545395796
19,38,0.034375,0.2408694326877594,hihp_p,0.030208333333333334,0.033695036545395796
19,39,0.03125,0.1006725057959556,hihp_p,0.030208333333333334,0.033695036545395796
19,40,0.029166666666666667,0.0200859438627958,D_p,0.030208333333333334,0.033695036545395796
19,41,0.03125,0.0479899607598781,hihp_p,0.030208333333333334,0.033695036545395796
19,42,0.026041666666666668,0.0552601628005504,C_p,0.030208333333333334,0.033695036545395796
19,43,0.030208333333333334,0.0340221337974071,hihp_p,0.030208333333333334,0.033695036545395796
19,44,0.035416666666666666,0.0936446338891983,hihp_p,0.030208333333333334,0.033695036545395796
19,45,0.029166666666666667,0.0383217968046665,C_p,0.030208333333333334,0.033695036545395796
19,46,0.030208333333333334,0.0996870994567871,hihp_p,0.030208333333333334,0.033695036545395796
19,47,0.03125,0.0413336865603923,hihp_p,0.030208333333333334,0.033695036545395796
19,48,0.029166666666666667,0.0291144382208585,D_p,0.030208333333333334,0.033695036545395796
19,49,0.034375,0.0160859730094671,hilp_p,0.030208333333333334,0.033695036545395796
19,50,0.036458333333333336,0.0571483485400676,hihp_p,0.030208333333333334,0.033695036545395796
19,51,0.03125,0.0382583066821098,hihp_p,0.030208333333333334,0.033695036545395796
19,52,0.022916666666666665,0.0483599938452243,C_p,0.030208333333333334,0.033695036545395796
19,53,0.026041666666666668,0.1175053045153617,C_p,0.030208333333333334,0.033695036545395796
19,54,0.025,0.0590572655200958,C_p,0.030208333333333334,0.033695036545395796
19,55,0.030208333333333334,0.0130373639985919,hilp_p,0.030208333333333334,0.033695036545395796
19,56,0.03125,0.0900072753429412,hihp_p,0.030208333333333334,0.033695036545395796
19,57,0.03125,0.0171407721936702,hilp_p,0.030208333333333334,0.033695036545395796
19,58,0.03125,0.0075221732258796,hilp_p,0.030208333333333334,0.033695036545395796
19,59,0.03125,0.0357085280120372,hihp_p,0.030208333333333334,0.033695036545395796
19,60,0.03229166666666667,0.0967285335063934,hihp_p,0.030208333333333334,0.033695036545395796
19,61,0.027083333333333334,0.0235920306295156,D_p,0.030208333333333334,0.033695036545395796
19,62,0.028125,0.0103766284883022,D_p,0.030208333333333334,0.033695036545395796
19,63,0.034375,0.0684112533926963,hihp_p,0.030208333333333334,0.033695036545395796
20,0,0.03125,0.1048760414123535,hihp_p,0.030208333333333334,0.033695036545395796
20,1,0.027083333333333334,0.1848561316728592,C_p,0.030208333333333334,0.033695036545395796
20,2,0.03125,0.1074249967932701,hihp_p,0.030208333333333334,0.033695036545395796
20,3,0.025,0.027303097769618,D_p,0.030208333333333334,0.033695036545395796
20,4,0.030208333333333334,0.0502649135887622,hihp_p,0.030208333333333334,0.033695036545395796
20,5,0.025,0.0570631176233291,C_p,0.030208333333333334,0.033695036545395796
20,6,0.023958333333333335,0.265594869852066,C_p,0.030208333333333334,0.033695036545395796
20,7,0.03125,0.1351499855518341,hihp_p,0.030208333333333334,0.033695036545395796
20,8,0.028125,0.2731959819793701,C_p,0.030208333333333334,0.033695036545395796
20,9,0.03333333333333333,0.3464091718196869,hihp_p,0.030208333333333334,0.033695036545395796
20,10,0.028125,0.1516072899103164,C_p,0.030208333333333334,0.033695036545395796
20,11,0.03333333333333333,0.1497946083545684,hihp_p,0.030208333333333334,0.033695036545395796
20,12,0.03333333333333333,0.2644745707511902,hihp_p,0.030208333333333334,0.033695036545395796
20,13,0.03125,0.4418528079986572,hihp_p,0.030208333333333334,0.033695036545395796
20,14,0.03125,0.2415338307619094,hihp_p,0.030208333333333334,0.033695036545395796
20,15,0.030208333333333334,0.0910489186644554,hihp_p,0.030208333333333334,0.033695036545395796
20,16,0.03125,0.0352147109806537,hihp_p,0.030208333333333334,0.033695036545395796
20,17,0.03125,0.2101024836301803,hihp_p,0.030208333333333334,0.033695036545395796
20,18,0.026041666666666668,0.0024882813449949,D_p,0.030208333333333334,0.033695036545395796
20,19,0.034375,0.0072467518039047,hilp_p,0.030208333333333334,0.033695036545395796
20,20,0.030208333333333334,0.011721808463335,hilp_p,0.030208333333333334,0.033695036545395796
20,21,0.029166666666666667,0.1186952590942382,C_p,0.030208333333333334,0.033695036545395796
20,22,0.03229166666666667,0.0573088005185127,hihp_p,0.030208333333333334,0.033695036545395796
20,23,0.025,0.2136043459177017,C_p,0.030208333333333334,0.033695036545395796
20,24,0.03125,0.0080562885850667,hilp_p,0.030208333333333334,0.033695036545395796
20,25,0.028125,0.0131609169766306,D_p,0.030208333333333334,0.033695036545395796
20,26,0.021875,0.0106908269226551,D_p,0.030208333333333334,0.033695036545395796
20,27,0.03125,0.005055203102529,hilp_p,0.030208333333333334,0.033695036545395796
20,28,0.025,0.0094268266111612,D_p,0.030208333333333334,0.033695036545395796
20,29,0.03229166666666667,0.0185692217200994,hilp_p,0.030208333333333334,0.033695036545395796
20,30,0.026041666666666668,0.0728677064180374,C_p,0.030208333333333334,0.033695036545395796
20,31,0.030208333333333334,0.0067891860380768,hilp_p,0.030208333333333334,0.033695036545395796
20,32,0.028125,0.0268924329429864,D_p,0.030208333333333334,0.033695036545395796
20,33,0.026041666666666668,0.0230279490351676,D_p,0.030208333333333334,0.033695036545395796
20,34,0.026041666666666668,0.0249864794313907,D_p,0.030208333333333334,0.033695036545395796
20,35,0.025,0.001950430101715,D_p,0.030208333333333334,0.033695036545395796
20,36,0.027083333333333334,0.0073414831422269,D_p,0.030208333333333334,0.033695036545395796
20,37,0.034375,0.0106176100671291,hilp_p,0.030208333333333334,0.033695036545395796
20,38,0.027083333333333334,0.0579115971922874,C_p,0.030208333333333334,0.033695036545395796
20,39,0.034375,0.096510462462902,hihp_p,0.030208333333333334,0.033695036545395796
20,40,0.026041666666666668,0.0145313236862421,D_p,0.030208333333333334,0.033695036545395796
20,41,0.028125,0.0215906575322151,D_p,0.030208333333333334,0.033695036545395796
20,42,0.027083333333333334,0.0362775363028049,C_p,0.030208333333333334,0.033695036545395796
20,43,0.028125,0.1555319279432296,C_p,0.030208333333333334,0.033695036545395796
20,44,0.027083333333333334,0.0281752608716487,D_p,0.030208333333333334,0.033695036545395796
20,45,0.025,0.0065532587468624,D_p,0.030208333333333334,0.033695036545395796
20,46,0.028125,0.0025307915639132,D_p,0.030208333333333334,0.033695036545395796
20,47,0.021875,0.0040913065895438,D_p,0.030208333333333334,0.033695036545395796
20,48,0.03125,0.3716650903224945,hihp_p,0.030208333333333334,0.033695036545395796
20,49,0.030208333333333334,0.2208233922719955,hihp_p,0.030208333333333334,0.033695036545395796
20,50,0.027083333333333334,0.099983274936676,C_p,0.030208333333333334,0.033695036545395796
20,51,0.030208333333333334,0.3145262598991394,hihp_p,0.030208333333333334,0.033695036545395796
20,52,0.029166666666666667,0.1552308499813079,C_p,0.030208333333333334,0.033695036545395796
20,53,0.040625,0.492257684469223,hihp_p,0.030208333333333334,0.033695036545395796
20,54,0.025,0.1426450461149215,C_p,0.030208333333333334,0.033695036545395796
20,55,0.027083333333333334,0.2970258295536041,C_p,0.030208333333333334,0.033695036545395796
20,56,0.03125,0.2809328436851501,hihp_p,0.030208333333333334,0.033695036545395796
20,57,0.029166666666666667,0.163901999592781,C_p,0.030208333333333334,0.033695036545395796
20,58,0.029166666666666667,0.25710129737854,C_p,0.030208333333333334,0.033695036545395796
20,59,0.029166666666666667,0.4913438558578491,C_p,0.030208333333333334,0.033695036545395796
20,60,0.026041666666666668,0.5348786115646362,C_p,0.030208333333333334,0.033695036545395796
20,61,0.023958333333333335,0.4009099006652832,C_p,0.030208333333333334,0.033695036545395796
20,62,0.0375,0.2608770132064819,hihp_p,0.030208333333333334,0.033695036545395796
20,63,0.029166666666666667,0.3497025966644287,C_p,0.030208333333333334,0.033695036545395796
21,0,0.028125,0.0302371513098478,D_p,0.030208333333333334,0.033695036545395796
21,1,0.0375,0.0023990373592823,hilp_p,0.030208333333333334,0.033695036545395796
21,2,0.028125,0.0136753665283322,D_p,0.030208333333333334,0.033695036545395796
21,3,0.028125,0.0107477568089962,D_p,0.030208333333333334,0.033695036545395796
21,4,0.030208333333333334,0.0048590237274765,hilp_p,0.030208333333333334,0.033695036545395796
21,5,0.030208333333333334,0.0282369423657655,hilp_p,0.030208333333333334,0.033695036545395796
21,6,0.027083333333333334,0.0098246112465858,D_p,0.030208333333333334,0.033695036545395796
21,7,0.03333333333333333,0.0120438458397984,hilp_p,0.030208333333333334,0.033695036545395796
21,8,0.030208333333333334,0.0599033497273922,hihp_p,0.030208333333333334,0.033695036545395796
21,9,0.03125,0.0192047320306301,hilp_p,0.030208333333333334,0.033695036545395796
21,10,0.034375,0.0531887486577034,hihp_p,0.030208333333333334,0.033695036545395796
21,11,0.03125,0.0101474253460764,hilp_p,0.030208333333333334,0.033695036545395796
21,12,0.026041666666666668,0.0291183143854141,D_p,0.030208333333333334,0.033695036545395796
21,13,0.029166666666666667,0.0319561138749122,D_p,0.030208333333333334,0.033695036545395796
21,14,0.026041666666666668,0.0304982382804155,D_p,0.030208333333333334,0.033695036545395796
21,15,0.03229166666666667,0.1512622088193893,hihp_p,0.030208333333333334,0.033695036545395796
21,16,0.029166666666666667,0.1689202189445495,C_p,0.030208333333333334,0.033695036545395796
21,17,0.023958333333333335,0.3138420283794403,C_p,0.030208333333333334,0.033695036545395796
21,18,0.035416666666666666,0.2137042731046676,hihp_p,0.030208333333333334,0.033695036545395796
21,19,0.03229166666666667,0.2519854009151459,hihp_p,0.030208333333333334,0.033695036545395796
21,20,0.029166666666666667,0.1033985167741775,C_p,0.030208333333333334,0.033695036545395796
21,21,0.03125,0.313782125711441,hihp_p,0.030208333333333334,0.033695036545395796
21,22,0.028125,0.1965773701667785,C_p,0.030208333333333334,0.033695036545395796
21,23,0.034375,0.4467732906341553,hihp_p,0.030208333333333334,0.033695036545395796
21,24,0.035416666666666666,0.258931040763855,hihp_p,0.030208333333333334,0.033695036545395796
21,25,0.029166666666666667,0.3773442804813385,C_p,0.030208333333333334,0.033695036545395796
21,26,0.028125,0.7104978561401367,C_p,0.030208333333333334,0.033695036545395796
21,27,0.026041666666666668,0.252752810716629,C_p,0.030208333333333334,0.033695036545395796
21,28,0.025,0.2692486047744751,C_p,0.030208333333333334,0.033695036545395796
21,29,0.025,0.4472339153289795,C_p,0.030208333333333334,0.033695036545395796
21,30,0.034375,0.1902422755956649,hihp_p,0.030208333333333334,0.033695036545395796
21,31,0.03333333333333333,0.2166001945734024,hihp_p,0.030208333333333334,0.033695036545395796
21,32,0.041666666666666664,0.8812657594680786,hihp_p,0.030208333333333334,0.033695036545395796
21,33,0.042708333333333334,1.3504718542099,hihp_p,0.030208333333333334,0.033695036545395796
21,34,0.034375,0.0237269178032875,hilp_p,0.030208333333333334,0.033695036545395796
21,35,0.027083333333333334,0.1702700406312942,C_p,0.030208333333333334,0.033695036545395796
21,36,0.030208333333333334,0.1105691492557525,hihp_p,0.030208333333333334,0.033695036545395796
21,37,0.03125,0.1111986488103866,hihp_p,0.030208333333333334,0.033695036545395796
21,38,0.027083333333333334,0.0835713744163513,C_p,0.030208333333333334,0.033695036545395796
21,39,0.027083333333333334,0.0176367219537496,D_p,0.030208333333333334,0.033695036545395796
21,40,0.03333333333333333,0.1944722235202789,hihp_p,0.030208333333333334,0.033695036545395796
21,41,0.028125,0.1697967052459716,C_p,0.030208333333333334,0.033695036545395796
21,42,0.028125,0.1013884097337722,C_p,0.030208333333333334,0.033695036545395796
21,43,0.025,0.0828308910131454,C_p,0.030208333333333334,0.033695036545395796
21,44,0.028125,0.0341568738222122,C_p,0.030208333333333334,0.033695036545395796
21,45,0.035416666666666666,0.1254736632108688,hihp_p,0.030208333333333334,0.033695036545395796
21,46,0.03958333333333333,0.1823773384094238,hihp_p,0.030208333333333334,0.033695036545395796
21,47,0.028125,0.1054503470659256,C_p,0.030208333333333334,0.033695036545395796
21,48,0.03125,0.234619140625,hihp_p,0.030208333333333334,0.033695036545395796
21,49,0.025,0.1378713846206665,C_p,0.030208333333333334,0.033695036545395796
21,50,0.0375,0.1432661712169647,hihp_p,0.030208333333333334,0.033695036545395796
21,51,0.029166666666666667,0.3722801506519317,C_p,0.030208333333333334,0.033695036545395796
21,52,0.022916666666666665,0.1398548185825348,C_p,0.030208333333333334,0.033695036545395796
21,53,0.028125,0.1859227120876312,C_p,0.030208333333333334,0.033695036545395796
21,54,0.028125,0.1133720651268959,C_p,0.030208333333333334,0.033695036545395796
21,55,0.029166666666666667,0.1317635923624038,C_p,0.030208333333333334,0.033695036545395796
21,56,0.03333333333333333,0.1505884826183319,hihp_p,0.030208333333333334,0.033695036545395796
21,57,0.030208333333333334,0.0753389224410057,hihp_p,0.030208333333333334,0.033695036545395796
21,58,0.030208333333333334,0.0777737647294998,hihp_p,0.030208333333333334,0.033695036545395796
21,59,0.030208333333333334,0.2756884396076202,hihp_p,0.030208333333333334,0.033695036545395796
21,60,0.035416666666666666,0.2794029116630554,hihp_p,0.030208333333333334,0.033695036545395796
21,61,0.029166666666666667,0.0772487372159957,C_p,0.030208333333333334,0.033695036545395796
21,62,0.029166666666666667,0.0791914761066436,C_p,0.030208333333333334,0.033695036545395796
21,63,0.030208333333333334,0.1322787404060363,hihp_p,0.030208333333333334,0.033695036545395796
22,0,0.029166666666666667,0.0035223292652517,D_p,0.030208333333333334,0.033695036545395796
22,1,0.029166666666666667,0.0202142931520938,D_p,0.030208333333333334,0.033695036545395796
22,2,0.03229166666666667,0.0221653282642364,hilp_p,0.030208333333333334,0.033695036545395796
22,3,0.030208333333333334,0.0149265239015221,hilp_p,0.030208333333333334,0.033695036545395796
22,4,0.03229166666666667,0.0090724909678101,hilp_p,0.030208333333333334,0.033695036545395796
22,5,0.026041666666666668,0.0078060100786387,D_p,0.030208333333333334,0.033695036545395796
22,6,0.030208333333333334,0.0104499980807304,hilp_p,0.030208333333333334,0.033695036545395796
22,7,0.030208333333333334,0.0403623506426811,hihp_p,0.030208333333333334,0.033695036545395796
22,8,0.03125,0.3954287469387054,hihp_p,0.030208333333333334,0.033695036545395796
22,9,0.03229166666666667,0.3066560924053192,hihp_p,0.030208333333333334,0.033695036545395796
22,10,0.035416666666666666,0.5287042856216431,hihp_p,0.030208333333333334,0.033695036545395796
22,11,0.03958333333333333,0.4412557184696197,hihp_p,0.030208333333333334,0.033695036545395796
22,12,0.027083333333333334,0.273415744304657,C_p,0.030208333333333334,0.033695036545395796
22,13,0.028125,0.6008998155593872,C_p,0.030208333333333334,0.033695036545395796
22,14,0.03229166666666667,0.1897770464420318,hihp_p,0.030208333333333334,0.033695036545395796
22,15,0.029166666666666667,0.2944072782993316,C_p,0.030208333333333334,0.033695036545395796
22,16,0.03229166666666667,0.0144065087661147,hilp_p,0.030208333333333334,0.033695036545395796
22,17,0.030208333333333334,0.0215592514723539,hilp_p,0.030208333333333334,0.033695036545395796
22,18,0.028125,0.0041941455565392,D_p,0.030208333333333334,0.033695036545395796
22,19,0.025,0.0048673385754227,D_p,0.030208333333333334,0.033695036545395796
22,20,0.027083333333333334,0.0057459296658635,D_p,0.030208333333333334,0.033695036545395796
22,21,0.027083333333333334,0.0054603442549705,D_p,0.030208333333333334,0.033695036545395796
22,22,0.03125,0.0034889297094196,hilp_p,0.030208333333333334,0.033695036545395796
22,23,0.030208333333333334,0.0084865018725395,hilp_p,0.030208333333333334,0.033695036545395796
22,24,0.027083333333333334,0.0722741410136222,C_p,0.030208333333333334,0.033695036545395796
22,25,0.03125,0.0616994574666023,hihp_p,0.030208333333333334,0.033695036545395796
22,26,0.030208333333333334,0.0259023122489452,hilp_p,0.030208333333333334,0.033695036545395796
22,27,0.029166666666666667,0.0534616895020008,C_p,0.030208333333333334,0.033695036545395796
22,28,0.030208333333333334,0.1018397212028503,hihp_p,0.030208333333333334,0.033695036545395796
22,29,0.03229166666666667,0.0125251971185207,hilp_p,0.030208333333333334,0.033695036545395796
22,30,0.030208333333333334,0.0184001978486776,hilp_p,0.030208333333333334,0.033695036545395796
22,31,0.028125,0.0906016305088996,C_p,0.030208333333333334,0.033695036545395796
22,32,0.036458333333333336,0.1449521481990814,hihp_p,0.030208333333333334,0.033695036545395796
22,33,0.027083333333333334,0.0575669705867767,C_p,0.030208333333333334,0.033695036545395796
22,34,0.0375,0.1533505767583847,hihp_p,0.030208333333333334,0.033695036545395796
22,35,0.025,0.0117448475211858,D_p,0.030208333333333334,0.033695036545395796
22,36,0.025,0.0342679545283317,C_p,0.030208333333333334,0.033695036545395796
22,37,0.025,0.0343687310814857,C_p,0.030208333333333334,0.033695036545395796
22,38,0.034375,0.0578031428158283,hihp_p,0.030208333333333334,0.033695036545395796
22,39,0.030208333333333334,0.0171355344355106,hilp_p,0.030208333333333334,0.033695036545395796
22,40,0.030208333333333334,0.0092297131195664,hilp_p,0.030208333333333334,0.033695036545395796
22,41,0.028125,0.0061379196122288,D_p,0.030208333333333334,0.033695036545395796
22,42,0.030208333333333334,0.0021417562384158,hilp_p,0.030208333333333334,0.033695036545395796
22,43,0.03125,0.0157273095101118,hilp_p,0.030208333333333334,0.033695036545395796
22,44,0.030208333333333334,0.0219032317399978,hilp_p,0.030208333333333334,0.033695036545395796
22,45,0.030208333333333334,0.0110376346856355,hilp_p,0.030208333333333334,0.033695036545395796
22,46,0.029166666666666667,0.0132280513644218,D_p,0.030208333333333334,0.033695036545395796
22,47,0.028125,0.0171395819634199,D_p,0.030208333333333334,0.033695036545395796
22,48,0.030208333333333334,0.1858273446559906,hihp_p,0.030208333333333334,0.033695036545395796
22,49,0.03333333333333333,0.0203453134745359,hilp_p,0.030208333333333334,0.033695036545395796
22,50,0.025,0.0599207542836666,C_p,0.030208333333333334,0.033695036545395796
22,51,0.030208333333333334,0.4028477072715759,hihp_p,0.030208333333333334,0.033695036545395796
22,52,0.030208333333333334,0.0583018027245998,hihp_p,0.030208333333333334,0.033695036545395796
22,53,0.029166666666666667,0.2726379334926605,C_p,0.030208333333333334,0.033695036545395796
22,54,0.03125,0.3511416018009186,hihp_p,0.030208333333333334,0.033695036545395796
22,55,0.028125,0.062345802783966,C_p,0.030208333333333334,0.033695036545395796
22,56,0.027083333333333334,0.0189924798905849,D_p,0.030208333333333334,0.033695036545395796
22,57,0.029166666666666667,0.0298124365508556,D_p,0.030208333333333334,0.033695036545395796
22,58,0.03229166666666667,0.0096673863008618,hilp_p,0.030208333333333334,0.033695036545395796
22,59,0.03333333333333333,0.0345495492219924,hihp_p,0.030208333333333334,0.033695036545395796
22,60,0.026041666666666668,0.0060436502099037,D_p,0.030208333333333334,0.033695036545395796
22,61,0.030208333333333334,0.0650975406169891,hihp_p,0.030208333333333334,0.033695036545395796
22,62,0.025,0.1254709511995315,C_p,0.030208333333333334,0.033695036545395796
22,63,0.03229166666666667,0.0744519308209419,hihp_p,0.030208333333333334,0.033695036545395796
23,0,0.029166666666666667,0.069650799036026,C_p,0.030208333333333334,0.033695036545395796
23,1,0.029166666666666667,0.0200185906141996,D_p,0.030208333333333334,0.033695036545395796
23,2,0.027083333333333334,0.0383420027792453,C_p,0.030208333333333334,0.033695036545395796
23,3,0.03125,0.149434208869934,hihp_p,0.030208333333333334,0.033695036545395796
23,4,0.028125,0.066562071442604,C_p,0.030208333333333334,0.033695036545395796
23,5,0.030208333333333334,0.1220629289746284,hihp_p,0.030208333333333334,0.033695036545395796
23,6,0.029166666666666667,0.0139255942776799,D_p,0.030208333333333334,0.033695036545395796
23,7,0.030208333333333334,0.0131298908963799,hilp_p,0.030208333333333334,0.033695036545395796
23,8,0.023958333333333335,0.2736117839813232,C_p,0.030208333333333334,0.033695036545395796
23,9,0.03958333333333333,0.5674600005149841,hihp_p,0.030208333333333334,0.033695036545395796
23,10,0.036458333333333336,0.32149538397789,hihp_p,0.030208333333333334,0.033695036545395796
23,11,0.028125,0.367709219455719,C_p,0.030208333333333334,0.033695036545395796
23,12,0.03125,0.2485748529434204,hihp_p,0.030208333333333334,0.033695036545395796
23,13,0.029166666666666667,0.3689086735248565,C_p,0.030208333333333334,0.033695036545395796
23,14,0.0375,0.6120935678482056,hihp_p,0.030208333333333334,0.033695036545395796
23,15,0.034375,0.5674970149993896,hihp_p,0.030208333333333334,0.033695036545395796
23,16,0.023958333333333335,0.1312170326709747,C_p,0.030208333333333334,0.033695036545395796
23,17,0.03958333333333333,0.1266848444938659,hihp_p,0.030208333333333334,0.033695036545395796
23,18,0.03333333333333333,0.0258272066712379,hilp_p,0.030208333333333334,0.033695036545395796
23,19,0.028125,0.1599688231945037,C_p,0.030208333333333334,0.033695036545395796
23,20,0.035416666666666666,0.0825026184320449,hihp_p,0.030208333333333334,0.033695036545395796
23,21,0.03125,0.0922704339027404,hihp_p,0.030208333333333334,0.033695036545395796
23,22,0.03333333333333333,0.0822241008281707,hihp_p,0.030208333333333334,0.033695036545395796
23,23,0.028125,0.1495241224765777,C_p,0.030208333333333334,0.033695036545395796
23,24,0.026041666666666668,0.0351533442735672,C_p,0.030208333333333334,0.033695036545395796
23,25,0.026041666666666668,0.0375256650149822,C_p,0.030208333333333334,0.033695036545395796
23,26,0.026041666666666668,0.0134737752377986,D_p,0.030208333333333334,0.033695036545395796
23,27,0.029166666666666667,0.014705098234117,D_p,0.030208333333333334,0.033695036545395796
23,28,0.022916666666666665,0.1005074679851532,C_p,0.030208333333333334,0.033695036545395796
23,29,0.027083333333333334,0.117352046072483,C_p,0.030208333333333334,0.033695036545395796
23,30,0.03229166666666667,0.0216043125838041,hilp_p,0.030208333333333334,0.033695036545395796
23,31,0.026041666666666668,0.0154242729768157,D_p,0.030208333333333334,0.033695036545395796
23,32,0.030208333333333334,0.0758772566914558,hihp_p,0.030208333333333334,0.033695036545395796
23,33,0.03125,0.062572568655014,hihp_p,0.030208333333333334,0.033695036545395796
23,34,0.035416666666666666,0.0950136110186576,hihp_p,0.030208333333333334,0.033695036545395796
23,35,0.03333333333333333,0.2316121608018875,hihp_p,0.030208333333333334,0.033695036545395796
23,36,0.028125,0.1833356618881225,C_p,0.030208333333333334,0.033695036545395796
23,37,0.03333333333333333,0.1498683989048004,hihp_p,0.030208333333333334,0.033695036545395796
23,38,0.034375,0.2683535814285278,hihp_p,0.030208333333333334,0.033695036545395796
23,39,0.03333333333333333,0.2204831838607788,hihp_p,0.030208333333333334,0.033695036545395796
23,40,0.025,0.4382047057151794,C_p,0.030208333333333334,0.033695036545395796
23,41,0.03854166666666667,0.4117572903633117,hihp_p,0.030208333333333334,0.033695036545395796
23,42,0.027083333333333334,0.7145801782608032,C_p,0.030208333333333334,0.033695036545395796
23,43,0.027083333333333334,0.6084703207015991,C_p,0.030208333333333334,0.033695036545395796
23,44,0.03229166666666667,0.5604575872421265,hihp_p,0.030208333333333334,0.033695036545395796
23,45,0.03958333333333333,0.5580794215202332,hihp_p,0.030208333333333334,0.033695036545395796
23,46,0.0375,0.4511218070983886,hihp_p,0.030208333333333334,0.033695036545395796
23,47,0.028125,0.2930751442909241,C_p,0.030208333333333334,0.033695036545395796
23,48,0.030208333333333334,0.3620850443840027,hihp_p,0.030208333333333334,0.033695036545395796
23,49,0.030208333333333334,0.0480219796299934,hihp_p,0.030208333333333334,0.033695036545395796
23,50,0.03125,0.2087543755769729,hihp_p,0.030208333333333334,0.033695036545395796
23,51,0.023958333333333335,0.0881146565079689,C_p,0.030208333333333334,0.033695036545395796
23,52,0.026041666666666668,0.0460089929401874,C_p,0.030208333333333334,0.033695036545395796
23,53,0.03125,0.3081402480602264,hihp_p,0.030208333333333334,0.033695036545395796
23,54,0.027083333333333334,0.2073949575424194,C_p,0.030208333333333334,0.033695036545395796
23,55,0.029166666666666667,0.0268310382962226,D_p,0.030208333333333334,0.033695036545395796
23,56,0.03125,0.0123949293047189,hilp_p,0.030208333333333334,0.033695036545395796
23,57,0.028125,0.0168830547481775,D_p,0.030208333333333334,0.033695036545395796
23,58,0.03125,0.0435457676649093,hihp_p,0.030208333333333334,0.033695036545395796
23,59,0.030208333333333334,0.0297627709805965,hilp_p,0.030208333333333334,0.033695036545395796
23,60,0.029166666666666667,0.0070966724306344,D_p,0.030208333333333334,0.033695036545395796
23,61,0.029166666666666667,0.0363145396113395,C_p,0.030208333333333334,0.033695036545395796
23,62,0.023958333333333335,0.008659541606903,D_p,0.030208333333333334,0.033695036545395796
23,63,0.028125,0.0059797321446239,D_p,0.030208333333333334,0.033695036545395796
24,0,0.04375,0.1862620115280151,hihp_p,0.030208333333333334,0.033695036545395796
24,1,0.028125,0.1362397223711013,C_p,0.030208333333333334,0.033695036545395796
24,2,0.028125,0.1683775633573532,C_p,0.030208333333333334,0.033695036545395796
24,3,0.03125,0.3361444473266601,hihp_p,0.030208333333333334,0.033695036545395796
24,4,0.030208333333333334,0.1045241579413414,hihp_p,0.030208333333333334,0.033695036545395796
24,5,0.025,0.2409270107746124,C_p,0.030208333333333334,0.033695036545395796
24,6,0.028125,0.2415219694375991,C_p,0.030208333333333334,0.033695036545395796
24,7,0.027083333333333334,0.2595020830631256,C_p,0.030208333333333334,0.033695036545395796
24,8,0.028125,0.0070692715235054,D_p,0.030208333333333334,0.033695036545395796
24,9,0.028125,0.0048898998647928,D_p,0.030208333333333334,0.033695036545395796
24,10,0.029166666666666667,0.0145243443548679,D_p,0.030208333333333334,0.033695036545395796
24,11,0.036458333333333336,0.1701055020093917,hihp_p,0.030208333333333334,0.033695036545395796
24,12,0.030208333333333334,0.0192429181188344,hilp_p,0.030208333333333334,0.033695036545395796
24,13,0.035416666666666666,0.0134610990062356,hilp_p,0.030208333333333334,0.033695036545395796
24,14,0.027083333333333334,0.0242533292621374,D_p,0.030208333333333334,0.033695036545395796
24,15,0.03125,0.0142004741355776,hilp_p,0.030208333333333334,0.033695036545395796
24,16,0.028125,0.0176525637507438,D_p,0.030208333333333334,0.033695036545395796
24,17,0.027083333333333334,0.0063626617193222,D_p,0.030208333333333334,0.033695036545395796
24,18,0.028125,0.0115145472809672,D_p,0.030208333333333334,0.033695036545395796
24,19,0.023958333333333335,0.0069176033139228,D_p,0.030208333333333334,0.033695036545395796
24,20,0.028125,0.0069394460879266,D_p,0.030208333333333334,0.033695036545395796
24,21,0.029166666666666667,0.010259904898703,D_p,0.030208333333333334,0.033695036545395796
24,22,0.030208333333333334,0.1854633688926696,hihp_p,0.030208333333333334,0.033695036545395796
24,23,0.03125,0.0016581928357481,hilp_p,0.030208333333333334,0.033695036545395796
24,24,0.025,0.0097395367920398,D_p,0.030208333333333334,0.033695036545395796
24,25,0.030208333333333334,0.0178207140415906,hilp_p,0.030208333333333334,0.033695036545395796
24,26,0.030208333333333334,0.0299742948263883,hilp_p,0.030208333333333334,0.033695036545395796
24,27,0.03229166666666667,0.0237678717821836,hilp_p,0.030208333333333334,0.033695036545395796
24,28,0.029166666666666667,0.0086160423234105,D_p,0.030208333333333334,0.033695036545395796
24,29,0.028125,0.0794994086027145,C_p,0.030208333333333334,0.033695036545395796
24,30,0.028125,0.1826755553483963,C_p,0.030208333333333334,0.033695036545395796
24,31,0.03125,0.169191300868988,hihp_p,0.030208333333333334,0.033695036545395796
24,32,0.030208333333333334,0.0323752835392952,hilp_p,0.030208333333333334,0.033695036545395796
24,33,0.034375,0.0363479405641555,hihp_p,0.030208333333333334,0.033695036545395796
24,34,0.022916666666666665,0.0577566027641296,C_p,0.030208333333333334,0.033695036545395796
24,35,0.025,0.0283233094960451,D_p,0.030208333333333334,0.033695036545395796
24,36,0.03333333333333333,0.0960411950945854,hihp_p,0.030208333333333334,0.033695036545395796
24,37,0.034375,0.1567857563495636,hihp_p,0.030208333333333334,0.033695036545395796
24,38,0.03229166666666667,0.1016584560275077,hihp_p,0.030208333333333334,0.033695036545395796
24,39,0.021875,0.1922780722379684,C_p,0.030208333333333334,0.033695036545395796
24,40,0.029166666666666667,0.0560156293213367,C_p,0.030208333333333334,0.033695036545395796
24,41,0.029166666666666667,0.1421025842428207,C_p,0.030208333333333334,0.033695036545395796
24,42,0.03229166666666667,0.2269089370965957,hihp_p,0.030208333333333334,0.033695036545395796
24,43,0.03125,0.0730165541172027,hihp_p,0.030208333333333334,0.033695036545395796
24,44,0.027083333333333334,0.1109039038419723,C_p,0.030208333333333334,0.033695036545395796
24,45,0.03125,0.1089679673314094,hihp_p,0.030208333333333334,0.033695036545395796
24,46,0.030208333333333334,0.1189640238881111,hihp_p,0.030208333333333334,0.033695036545395796
24,47,0.023958333333333335,0.1662296205759048,C_p,0.030208333333333334,0.033695036545395796
24,48,0.030208333333333334,0.2207706123590469,hihp_p,0.030208333333333334,0.033695036545395796
24,49,0.034375,0.0393527224659919,hihp_p,0.030208333333333334,0.033695036545395796
24,50,0.022916666666666665,0.226595863699913,C_p,0.030208333333333334,0.033695036545395796
24,51,0.03125,0.1748192310333252,hihp_p,0.030208333333333334,0.033695036545395796
24,52,0.03125,0.0304643642157316,hilp_p,0.030208333333333334,0.033695036545395796
24,53,0.027083333333333334,0.0344791375100612,C_p,0.030208333333333334,0.033695036545395796
24,54,0.0375,0.0125909494236111,hilp_p,0.030208333333333334,0.033695036545395796
24,55,0.027083333333333334,0.3886792063713074,C_p,0.030208333333333334,0.033695036545395796
24,56,0.029166666666666667,0.0018034488894045,D_p,0.030208333333333334,0.033695036545395796
24,57,0.030208333333333334,0.0195012129843235,hilp_p,0.030208333333333334,0.033695036545395796
24,58,0.021875,0.0277070570737123,D_p,0.030208333333333334,0.033695036545395796
24,59,0.030208333333333334,0.0035615589004009,hilp_p,0.030208333333333334,0.033695036545395796
24,60,0.027083333333333334,0.0023787196259945,D_p,0.030208333333333334,0.033695036545395796
24,61,0.027083333333333334,0.0047434521839022,D_p,0.030208333333333334,0.033695036545395796
24,62,0.0375,0.0017613646341487,hilp_p,0.030208333333333334,0.033695036545395796
24,63,0.026041666666666668,0.0086245639249682,D_p,0.030208333333333334,0.033695036545395796
25,0,0.030208333333333334,0.01411500480026,hilp_p,0.030208333333333334,0.033695036545395796
25,1,0.028125,0.0883661657571792,C_p,0.030208333333333334,0.033695036545395796
25,2,0.03125,0.01054866053164,hilp_p,0.030208333333333334,0.033695036545395796
25,3,0.036458333333333336,0.0060933344066143,hilp_p,0.030208333333333334,0.033695036545395796
25,4,0.026041666666666668,0.0315438993275165,D_p,0.030208333333333334,0.033695036545395796
25,5,0.026041666666666668,0.0131658278405666,D_p,0.030208333333333334,0.033695036545395796
25,6,0.023958333333333335,0.0169832706451416,D_p,0.030208333333333334,0.033695036545395796
25,7,0.03229166666666667,0.0574478209018707,hihp_p,0.030208333333333334,0.033695036545395796
25,8,0.030208333333333334,0.2420111745595932,hihp_p,0.030208333333333334,0.033695036545395796
25,9,0.03333333333333333,0.1668609976768493,hihp_p,0.030208333333333334,0.033695036545395796
25,10,0.03229166666666667,0.0133660594001412,hilp_p,0.030208333333333334,0.033695036545395796
25,11,0.041666666666666664,1.25230610370636,hihp_p,0.030208333333333334,0.033695036545395796
25,12,0.030208333333333334,0.0523499473929405,hihp_p,0.030208333333333334,0.033695036545395796
25,13,0.023958333333333335,0.0814120173454284,C_p,0.030208333333333334,0.033695036545395796
25,14,0.035416666666666666,0.2319357544183731,hihp_p,0.030208333333333334,0.033695036545395796
25,15,0.03333333333333333,0.9951115250587464,hihp_p,0.030208333333333334,0.033695036545395796
25,16,0.030208333333333334,0.0064640468917787,hilp_p,0.030208333333333334,0.033695036545395796
25,17,0.026041666666666668,0.0057401512749493,D_p,0.030208333333333334,0.033695036545395796
25,18,0.027083333333333334,0.010376401245594,D_p,0.030208333333333334,0.033695036545395796
25,19,0.022916666666666665,0.0067213326692581,D_p,0.030208333333333334,0.033695036545395796
25,20,0.029166666666666667,0.0059051164425909,D_p,0.030208333333333334,0.033695036545395796
25,21,0.025,0.0061547211371362,D_p,0.030208333333333334,0.033695036545395796
25,22,0.026041666666666668,0.009868930093944,D_p,0.030208333333333334,0.033695036545395796
25,23,0.03125,0.0098735317587852,hilp_p,0.030208333333333334,0.033695036545395796
25,24,0.026041666666666668,0.084372840821743,C_p,0.030208333333333334,0.033695036545395796
25,25,0.03229166666666667,0.0131154879927635,hilp_p,0.030208333333333334,0.033695036545395796
25,26,0.029166666666666667,0.0186211001127958,D_p,0.030208333333333334,0.033695036545395796
25,27,0.03229166666666667,0.008895045146346,hilp_p,0.030208333333333334,0.033695036545395796
25,28,0.03125,0.1473289281129837,hihp_p,0.030208333333333334,0.033695036545395796
25,29,0.026041666666666668,0.0323532931506633,D_p,0.030208333333333334,0.033695036545395796
25,30,0.034375,0.0134504120796918,hilp_p,0.030208333333333334,0.033695036545395796
25,31,0.028125,0.0708033293485641,C_p,0.030208333333333334,0.033695036545395796
25,32,0.030208333333333334,0.5845053791999817,hihp_p,0.030208333333333334,0.033695036545395796
25,33,0.041666666666666664,0.4153138101100921,hihp_p,0.030208333333333334,0.033695036545395796
25,34,0.027083333333333334,0.0610612519085407,C_p,0.030208333333333334,0.033695036545395796
25,35,0.025,0.2387969344854354,C_p,0.030208333333333334,0.033695036545395796
25,36,0.03333333333333333,0.270168125629425,hihp_p,0.030208333333333334,0.033695036545395796
25,37,0.034375,0.3150411248207092,hihp_p,0.030208333333333334,0.033695036545395796
25,38,0.03333333333333333,0.2736212611198425,hihp_p,0.030208333333333334,0.033695036545395796
25,39,0.027083333333333334,0.2728389799594879,C_p,0.030208333333333334,0.033695036545395796
25,40,0.026041666666666668,0.0267327483743429,D_p,0.030208333333333334,0.033695036545395796
25,41,0.03229166666666667,0.0148152541369199,hilp_p,0.030208333333333334,0.033695036545395796
25,42,0.028125,0.0180559195578098,D_p,0.030208333333333334,0.033695036545395796
25,43,0.035416666666666666,0.0181088894605636,hilp_p,0.030208333333333334,0.033695036545395796
25,44,0.03125,0.0316917411983013,hilp_p,0.030208333333333334,0.033695036545395796
25,45,0.027083333333333334,0.0875287279486656,C_p,0.030208333333333334,0.033695036545395796
25,46,0.029166666666666667,0.0348030738532543,C_p,0.030208333333333334,0.033695036545395796
25,47,0.03125,0.0355370193719863,hihp_p,0.030208333333333334,0.033695036545395796
25,48,0.029166666666666667,0.0028445140924304,D_p,0.030208333333333334,0.033695036545395796
25,49,0.03333333333333333,0.1519311964511871,hihp_p,0.030208333333333334,0.033695036545395796
25,50,0.030208333333333334,0.0315894484519958,hilp_p,0.030208333333333334,0.033695036545395796
25,51,0.03125,0.0080516710877418,hilp_p,0.030208333333333334,0.033695036545395796
25,52,0.030208333333333334,0.0496591478586196,hihp_p,0.030208333333333334,0.033695036545395796
25,53,0.027083333333333334,0.0027364864945411,D_p,0.030208333333333334,0.033695036545395796
25,54,0.028125,0.0209220387041568,D_p,0.030208333333333334,0.033695036545395796
25,55,0.030208333333333334,0.0560893677175045,hihp_p,0.030208333333333334,0.033695036545395796
25,56,0.025,0.6761948466300964,C_p,0.030208333333333334,0.033695036545395796
25,57,0.030208333333333334,1.03036630153656,hihp_p,0.030208333333333334,0.033695036545395796
25,58,0.029166666666666667,0.3656999766826629,C_p,0.030208333333333334,0.033695036545395796
25,59,0.036458333333333336,0.4783314764499664,hihp_p,0.030208333333333334,0.033695036545395796
25,60,0.034375,0.7275984287261963,hihp_p,0.030208333333333334,0.033695036545395796
25,61,0.030208333333333334,0.3642460107803345,hihp_p,0.030208333333333334,0.033695036545395796
25,62,0.042708333333333334,0.5999029874801636,hihp_p,0.030208333333333334,0.033695036545395796
25,63,0.03125,0.8252160549163818,hihp_p,0.030208333333333334,0.033695036545395796
26,0,0.030208333333333334,0.0307502504438161,hilp_p,0.030208333333333334,0.033695036545395796
26,1,0.030208333333333334,0.0112258763983845,hilp_p,0.030208333333333334,0.033695036545395796
26,2,0.025,0.0120538482442498,D_p,0.030208333333333334,0.033695036545395796
26,3,0.030208333333333334,0.0172966308891773,hilp_p,0.030208333333333334,0.033695036545395796
26,4,0.027083333333333334,0.0694929659366607,C_p,0.030208333333333334,0.033695036545395796
26,5,0.023958333333333335,0.144238606095314,C_p,0.030208333333333334,0.033695036545395796
26,6,0.028125,0.0389908179640769,C_p,0.030208333333333334,0.033695036545395796
26,7,0.029166666666666667,0.1149633154273033,C_p,0.030208333333333334,0.033695036545395796
26,8,0.026041666666666668,0.0185048263520002,D_p,0.030208333333333334,0.033695036545395796
26,9,0.028125,0.0306663364171981,D_p,0.030208333333333334,0.033695036545395796
26,10,0.026041666666666668,0.0629767701029777,C_p,0.030208333333333334,0.033695036545395796
26,11,0.030208333333333334,0.0496379546821117,hihp_p,0.030208333333333334,0.033695036545395796
26,12,0.03333333333333333,0.0201999638229608,hilp_p,0.030208333333333334,0.033695036545395796
26,13,0.025,0.0132836187258362,D_p,0.030208333333333334,0.033695036545395796
26,14,0.029166666666666667,0.0083353919908404,D_p,0.030208333333333334,0.033695036545395796
26,15,0.029166666666666667,0.017284408211708,D_p,0.030208333333333334,0.033695036545395796
26,16,0.023958333333333335,0.0054390961304306,D_p,0.030208333333333334,0.033695036545395796
26,17,0.027083333333333334,0.0185382291674613,D_p,0.030208333333333334,0.033695036545395796
26,18,0.030208333333333334,0.005336451344192,hilp_p,0.030208333333333334,0.033695036545395796
26,19,0.03229166666666667,0.0187630578875541,hilp_p,0.030208333333333334,0.033695036545395796
26,20,0.03125,0.085011601448059,hihp_p,0.030208333333333334,0.033695036545395796
26,21,0.026041666666666668,0.0088974721729755,D_p,0.030208333333333334,0.033695036545395796
26,22,0.023958333333333335,0.0302148163318634,D_p,0.030208333333333334,0.033695036545395796
26,23,0.025,0.0213061664253473,D_p,0.030208333333333334,0.033695036545395796
26,24,0.046875,0.6940160393714905,hihp_p,0.030208333333333334,0.033695036545395796
26,25,0.030208333333333334,0.2007165104150772,hihp_p,0.030208333333333334,0.033695036545395796
26,26,0.029166666666666667,0.3404987752437591,C_p,0.030208333333333334,0.033695036545395796
26,27,0.036458333333333336,0.7285676002502441,hihp_p,0.030208333333333334,0.033695036545395796
26,28,0.05520833333333333,0.7660093307495117,hihp_p,0.030208333333333334,0.033695036545395796
26,29,0.042708333333333334,0.6046527624130249,hihp_p,0.030208333333333334,0.033695036545395796
26,30,0.028125,0.5567926168441772,C_p,0.030208333333333334,0.033695036545395796
26,31,0.036458333333333336,0.4962966740131378,hihp_p,0.030208333333333334,0.033695036545395796
26,32,0.027083333333333334,0.1119231432676315,C_p,0.030208333333333334,0.033695036545395796
26,33,0.03229166666666667,0.1973939836025238,hihp_p,0.030208333333333334,0.033695036545395796
26,34,0.027083333333333334,0.1617837101221084,C_p,0.030208333333333334,0.033695036545395796
26,35,0.026041666666666668,0.1101565137505531,C_p,0.030208333333333334,0.033695036545395796
26,36,0.025,0.310655266046524,C_p,0.030208333333333334,0.033695036545395796
26,37,0.03229166666666667,0.2190326452255249,hihp_p,0.030208333333333334,0.033695036545395796
26,38,0.025,0.2702695429325104,C_p,0.030208333333333334,0.033695036545395796
26,39,0.042708333333333334,0.7213899493217468,hihp_p,0.030208333333333334,0.033695036545395796
26,40,0.026041666666666668,0.2565171420574188,C_p,0.030208333333333334,0.033695036545395796
26,41,0.036458333333333336,0.0131256431341171,hilp_p,0.030208333333333334,0.033695036545395796
26,42,0.03125,0.0039842394180595,hilp_p,0.030208333333333334,0.033695036545395796
26,43,0.029166666666666667,0.0051111602224409,D_p,0.030208333333333334,0.033695036545395796
26,44,0.028125,0.0078806821256876,D_p,0.030208333333333334,0.033695036545395796
26,45,0.029166666666666667,0.3052722513675689,C_p,0.030208333333333334,0.033695036545395796
26,46,0.026041666666666668,0.0137028731405735,D_p,0.030208333333333334,0.033695036545395796
26,47,0.029166666666666667,0.0056373877450823,D_p,0.030208333333333334,0.033695036545395796
26,48,0.026041666666666668,0.061838075518608,C_p,0.030208333333333334,0.033695036545395796
26,49,0.028125,0.0122527051717042,D_p,0.030208333333333334,0.033695036545395796
26,50,0.0375,0.0936648845672607,hihp_p,0.030208333333333334,0.033695036545395796
26,51,0.025,0.0344612002372741,C_p,0.030208333333333334,0.033695036545395796
26,52,0.030208333333333334,0.0382221564650535,hihp_p,0.030208333333333334,0.033695036545395796
26,53,0.021875,0.1374274045228958,C_p,0.030208333333333334,0.033695036545395796
26,54,0.020833333333333332,0.0250377785414457,D_p,0.030208333333333334,0.033695036545395796
26,55,0.025,0.0236860550940036,D_p,0.030208333333333334,0.033695036545395796
26,56,0.03229166666666667,0.1619236171245575,hihp_p,0.030208333333333334,0.033695036545395796
26,57,0.029166666666666667,0.0327500589191913,D_p,0.030208333333333334,0.033695036545395796
26,58,0.028125,0.0113323088735342,D_p,0.030208333333333334,0.033695036545395796
26,59,0.029166666666666667,0.0839901193976402,C_p,0.030208333333333334,0.033695036545395796
26,60,0.03125,0.0280717145651578,hilp_p,0.030208333333333334,0.033695036545395796
26,61,0.030208333333333334,0.0090006003156304,hilp_p,0.030208333333333334,0.033695036545395796
26,62,0.026041666666666668,0.0419597551226615,C_p,0.030208333333333334,0.033695036545395796
26,63,0.026041666666666668,0.013855904340744,D_p,0.030208333333333334,0.033695036545395796
27,0,0.029166666666666667,0.044921338558197,C_p,0.030208333333333334,0.033695036545395796
27,1,0.030208333333333334,0.1286926120519638,hihp_p,0.030208333333333334,0.033695036545395796
27,2,0.028125,0.0164099372923374,D_p,0.030208333333333334,0.033695036545395796
27,3,0.026041666666666668,0.0444132834672927,C_p,0.030208333333333334,0.033695036545395796
27,4,0.03229166666666667,0.063859149813652,hihp_p,0.030208333333333334,0.033695036545395796
27,5,0.03333333333333333,0.1774636656045913,hihp_p,0.030208333333333334,0.033695036545395796
27,6,0.025,0.0507976338267326,C_p,0.030208333333333334,0.033695036545395796
27,7,0.029166666666666667,0.2113014608621597,C_p,0.030208333333333334,0.033695036545395796
27,8,0.025,0.0587063841521739,C_p,0.030208333333333334,0.033695036545395796
27,9,0.027083333333333334,0.2946656942367553,C_p,0.030208333333333334,0.033695036545395796
27,10,0.034375,0.3711019158363342,hihp_p,0.030208333333333334,0.033695036545395796
27,11,0.029166666666666667,0.179332360625267,C_p,0.030208333333333334,0.033695036545395796
27,12,0.029166666666666667,0.0313291512429714,D_p,0.030208333333333334,0.033695036545395796
27,13,0.03125,0.1346326768398285,hihp_p,0.030208333333333334,0.033695036545395796
27,14,0.026041666666666668,0.1667517721652984,C_p,0.030208333333333334,0.033695036545395796
27,15,0.025,0.4226196408271789,C_p,0.030208333333333334,0.033695036545395796
27,16,0.03125,0.3495171666145324,hihp_p,0.030208333333333334,0.033695036545395796
27,17,0.04895833333333333,0.7624713182449341,hihp_p,0.030208333333333334,0.033695036545395796
27,18,0.03854166666666667,0.6817545890808105,hihp_p,0.030208333333333334,0.033695036545395796
27,19,0.026041666666666668,0.3721354901790619,C_p,0.030208333333333334,0.033695036545395796
27,20,0.03125,0.7840248346328735,hihp_p,0.030208333333333334,0.033695036545395796
27,21,0.023958333333333335,0.8665871024131775,C_p,0.030208333333333334,0.033695036545395796
27,22,0.027083333333333334,0.4728957116603851,C_p,0.030208333333333334,0.033695036545395796
27,23,0.034375,0.4816274344921112,hihp_p,0.030208333333333334,0.033695036545395796
27,24,0.026041666666666668,0.1038688123226165,C_p,0.030208333333333334,0.033695036545395796
27,25,0.03333333333333333,0.0720408856868743,hihp_p,0.030208333333333334,0.033695036545395796
27,26,0.03333333333333333,0.0619229041039943,hihp_p,0.030208333333333334,0.033695036545395796
27,27,0.027083333333333334,0.0787360444664955,C_p,0.030208333333333334,0.033695036545395796
27,28,0.025,0.0679791942238807,C_p,0.030208333333333334,0.033695036545395796
27,29,0.03333333333333333,0.110625721514225,hihp_p,0.030208333333333334,0.033695036545395796
27,30,0.035416666666666666,0.0496730804443359,hihp_p,0.030208333333333334,0.033695036545395796
27,31,0.029166666666666667,0.1723218709230423,C_p,0.030208333333333334,0.033695036545395796
27,32,0.034375,0.3652725219726562,hihp_p,0.030208333333333334,0.033695036545395796
27,33,0.030208333333333334,0.1537758857011795,hihp_p,0.030208333333333334,0.033695036545395796
27,34,0.0375,0.5298318862915039,hihp_p,0.030208333333333334,0.033695036545395796
27,35,0.05,0.4380419552326202,hihp_p,0.030208333333333334,0.033695036545395796
27,36,0.021875,0.4380370378494262,C_p,0.030208333333333334,0.033695036545395796
27,37,0.03229166666666667,0.5544703602790833,hihp_p,0.030208333333333334,0.033695036545395796
27,38,0.026041666666666668,0.9132947325706482,C_p,0.030208333333333334,0.033695036545395796
27,39,0.03125,0.4724799692630768,hihp_p,0.030208333333333334,0.033695036545395796
27,40,0.03125,0.2388961911201477,hihp_p,0.030208333333333334,0.033695036545395796
27,41,0.030208333333333334,0.007904103025794,hilp_p,0.030208333333333334,0.033695036545395796
27,42,0.030208333333333334,0.0864132940769195,hihp_p,0.030208333333333334,0.033695036545395796
27,43,0.029166666666666667,0.3828140497207641,C_p,0.030208333333333334,0.033695036545395796
27,44,0.03125,0.1330253630876541,hihp_p,0.030208333333333334,0.033695036545395796
27,45,0.030208333333333334,0.0451486408710479,hihp_p,0.030208333333333334,0.033695036545395796
27,46,0.030208333333333334,0.1117499694228172,hihp_p,0.030208333333333334,0.033695036545395796
27,47,0.03229166666666667,0.0073254229500889,hilp_p,0.030208333333333334,0.033695036545395796
27,48,0.025,0.1705419272184372,C_p,0.030208333333333334,0.033695036545395796
27,49,0.026041666666666668,0.3663695156574249,C_p,0.030208333333333334,0.033695036545395796
27,50,0.030208333333333334,0.2872008085250854,hihp_p,0.030208333333333334,0.033695036545395796
27,51,0.028125,0.3746769726276397,C_p,0.030208333333333334,0.033695036545395796
27,52,0.028125,0.235415980219841,C_p,0.030208333333333334,0.033695036545395796
27,53,0.029166666666666667,0.2542989552021026,C_p,0.030208333333333334,0.033695036545395796
27,54,0.027083333333333334,0.1581027656793594,C_p,0.030208333333333334,0.033695036545395796
27,55,0.03333333333333333,0.2462105602025985,hihp_p,0.030208333333333334,0.033695036545395796
27,56,0.03229166666666667,0.1329281032085418,hihp_p,0.030208333333333334,0.033695036545395796
27,57,0.034375,0.1290815770626068,hihp_p,0.030208333333333334,0.033695036545395796
27,58,0.028125,0.1538182944059372,C_p,0.030208333333333334,0.033695036545395796
27,59,0.025,0.0331583768129348,D_p,0.030208333333333334,0.033695036545395796
27,60,0.03125,0.0614284537732601,hihp_p,0.030208333333333334,0.033695036545395796
27,61,0.03229166666666667,0.0858944505453109,hihp_p,0.030208333333333334,0.033695036545395796
27,62,0.0375,0.1221159398555755,hihp_p,0.030208333333333334,0.033695036545395796
27,63,0.03333333333333333,0.0867069512605667,hihp_p,0.030208333333333334,0.033695036545395796
28,0,0.03854166666666667,0.4219920635223388,hihp_p,0.030208333333333334,0.033695036545395796
28,1,0.03125,0.7165935039520264,hihp_p,0.030208333333333334,0.033695036545395796
28,2,0.03854166666666667,0.3668783605098724,hihp_p,0.030208333333333334,0.033695036545395796
28,3,0.0375,0.4917301535606384,hihp_p,0.030208333333333334,0.033695036545395796
28,4,0.028125,0.3812891840934753,C_p,0.030208333333333334,0.033695036545395796
28,5,0.025,0.4904364347457886,C_p,0.030208333333333334,0.033695036545395796
28,6,0.027083333333333334,0.3679957985877991,C_p,0.030208333333333334,0.033695036545395796
28,7,0.028125,0.2439948618412017,C_p,0.030208333333333334,0.033695036545395796
28,8,0.041666666666666664,0.6186547875404358,hihp_p,0.030208333333333334,0.033695036545395796
28,9,0.036458333333333336,0.3892358839511871,hihp_p,0.030208333333333334,0.033695036545395796
28,10,0.029166666666666667,0.3728187382221222,C_p,0.030208333333333334,0.033695036545395796
28,11,0.0375,0.634360671043396,hihp_p,0.030208333333333334,0.033695036545395796
28,12,0.03229166666666667,0.1996378451585769,hihp_p,0.030208333333333334,0.033695036545395796
28,13,0.036458333333333336,0.3881900906562805,hihp_p,0.030208333333333334,0.033695036545395796
28,14,0.0375,0.3435972332954407,hihp_p,0.030208333333333334,0.033695036545395796
28,15,0.028125,0.2291737496852874,C_p,0.030208333333333334,0.033695036545395796
28,16,0.03958333333333333,0.2355238944292068,hihp_p,0.030208333333333334,0.033695036545395796
28,17,0.026041666666666668,0.322485089302063,C_p,0.030208333333333334,0.033695036545395796
28,18,0.026041666666666668,0.4504183232784271,C_p,0.030208333333333334,0.033695036545395796
28,19,0.041666666666666664,0.3485940396785736,hihp_p,0.030208333333333334,0.033695036545395796
28,20,0.03125,0.3150107562541961,hihp_p,0.030208333333333334,0.033695036545395796
28,21,0.029166666666666667,0.3104833960533142,C_p,0.030208333333333334,0.033695036545395796
28,22,0.028125,0.3185025453567505,C_p,0.030208333333333334,0.033695036545395796
28,23,0.03333333333333333,0.2574965357780456,hihp_p,0.030208333333333334,0.033695036545395796
28,24,0.029166666666666667,0.2109571546316146,C_p,0.030208333333333334,0.033695036545395796
28,25,0.029166666666666667,0.054023090749979,C_p,0.030208333333333334,0.033695036545395796
28,26,0.030208333333333334,0.0315589979290962,hilp_p,0.030208333333333334,0.033695036545395796
28,27,0.030208333333333334,0.0591033436357975,hihp_p,0.030208333333333334,0.033695036545395796
28,28,0.029166666666666667,0.1206965297460556,C_p,0.030208333333333334,0.033695036545395796
28,29,0.026041666666666668,0.4425196051597595,C_p,0.030208333333333334,0.033695036545395796
28,30,0.028125,0.0559955909848213,C_p,0.030208333333333334,0.033695036545395796
28,31,0.030208333333333334,0.2479312121868133,hihp_p,0.030208333333333334,0.033695036545395796
28,32,0.03333333333333333,0.0040417965501546,hilp_p,0.030208333333333334,0.033695036545395796
28,33,0.030208333333333334,0.0335778594017028,hilp_p,0.030208333333333334,0.033695036545395796
28,34,0.029166666666666667,0.0383926331996917,C_p,0.030208333333333334,0.033695036545395796
28,35,0.027083333333333334,0.0408556722104549,C_p,0.030208333333333334,0.033695036545395796
28,36,0.029166666666666667,0.0175228547304868,D_p,0.030208333333333334,0.033695036545395796
28,37,0.030208333333333334,0.0053039919584989,hilp_p,0.030208333333333334,0.033695036545395796
28,38,0.03125,0.0141668785363435,hilp_p,0.030208333333333334,0.033695036545395796
28,39,0.025,0.0058994470164179,D_p,0.030208333333333334,0.033695036545395796
28,40,0.029166666666666667,0.6829546689987183,C_p,0.030208333333333334,0.033695036545395796
28,41,0.0375,0.3661119341850281,hihp_p,0.030208333333333334,0.033695036545395796
28,42,0.028125,0.2941682338714599,C_p,0.030208333333333334,0.033695036545395796
28,43,0.029166666666666667,0.683750569820404,C_p,0.030208333333333334,0.033695036545395796
28,44,0.03125,0.3568378686904907,hihp_p,0.030208333333333334,0.033695036545395796
28,45,0.026041666666666668,0.2516138553619385,C_p,0.030208333333333334,0.033695036545395796
28,46,0.03333333333333333,0.2865274846553802,hihp_p,0.030208333333333334,0.033695036545395796
28,47,0.026041666666666668,0.660565972328186,C_p,0.030208333333333334,0.033695036545395796
28,48,0.030208333333333334,0.0336626544594764,hilp_p,0.030208333333333334,0.033695036545395796
28,49,0.03125,0.0193154029548168,hilp_p,0.030208333333333334,0.033695036545395796
28,50,0.030208333333333334,0.0187291596084833,hilp_p,0.030208333333333334,0.033695036545395796
28,51,0.028125,0.0336348190903663,D_p,0.030208333333333334,0.033695036545395796
28,52,0.030208333333333334,0.0082193482667207,hilp_p,0.030208333333333334,0.033695036545395796
28,53,0.03229166666666667,0.0205678679049015,hilp_p,0.030208333333333334,0.033695036545395796
28,54,0.03333333333333333,0.012708525173366,hilp_p,0.030208333333333334,0.033695036545395796
28,55,0.035416666666666666,0.034320767968893,hihp_p,0.030208333333333334,0.033695036545395796
28,56,0.029166666666666667,0.0116507774218916,D_p,0.030208333333333334,0.033695036545395796
28,57,0.03229166666666667,0.13460274040699,hihp_p,0.030208333333333334,0.033695036545395796
28,58,0.03125,0.0117133222520351,hilp_p,0.030208333333333334,0.033695036545395796
28,59,0.028125,0.0206469632685184,D_p,0.030208333333333334,0.033695036545395796
28,60,0.028125,0.0471722781658172,C_p,0.030208333333333334,0.033695036545395796
28,61,0.026041666666666668,0.0688334107398986,C_p,0.030208333333333334,0.033695036545395796
28,62,0.028125,0.0291047748178243,D_p,0.030208333333333334,0.033695036545395796
28,63,0.029166666666666667,0.1918418407440185,C_p,0.030208333333333334,0.033695036545395796
29,0,0.025,0.0311830956488847,D_p,0.030208333333333334,0.033695036545395796
29,1,0.03125,0.1133684143424034,hihp_p,0.030208333333333334,0.033695036545395796
29,2,0.030208333333333334,0.0622236691415309,hihp_p,0.030208333333333334,0.033695036545395796
29,3,0.030208333333333334,0.0194239877164363,hilp_p,0.030208333333333334,0.033695036545395796
29,4,0.029166666666666667,0.081689216196537,C_p,0.030208333333333334,0.033695036545395796
29,5,0.030208333333333334,0.1437229514122009,hihp_p,0.030208333333333334,0.033695036545395796
29,6,0.03333333333333333,0.3355840742588043,hihp_p,0.030208333333333334,0.033695036545395796
29,7,0.027083333333333334,0.0172308981418609,D_p,0.030208333333333334,0.033695036545395796
29,8,0.030208333333333334,0.5765611529350281,hihp_p,0.030208333333333334,0.033695036545395796
29,9,0.06041666666666667,0.8303378224372864,hihp_p,0.030208333333333334,0.033695036545395796
29,10,0.028125,0.6908553242683411,C_p,0.030208333333333334,0.033695036545395796
29,11,0.036458333333333336,0.4268479347229004,hihp_p,0.030208333333333334,0.033695036545395796
29,12,0.03958333333333333,0.5916277766227722,hihp_p,0.030208333333333334,0.033695036545395796
29,13,0.059375,1.011096715927124,hihp_p,0.030208333333333334,0.033695036545395796
29,14,0.027083333333333334,0.6961387395858765,C_p,0.030208333333333334,0.033695036545395796
29,15,0.0375,0.6696864366531372,hihp_p,0.030208333333333334,0.033695036545395796
29,16,0.029166666666666667,0.0299333371222019,D_p,0.030208333333333334,0.033695036545395796
29,17,0.027083333333333334,0.0472613275051116,C_p,0.030208333333333334,0.033695036545395796
29,18,0.027083333333333334,0.113497570157051,C_p,0.030208333333333334,0.033695036545395796
29,19,0.025,0.0652135908603668,C_p,0.030208333333333334,0.033695036545395796
29,20,0.030208333333333334,0.0805053636431694,hihp_p,0.030208333333333334,0.033695036545395796
29,21,0.023958333333333335,0.0253800172358751,D_p,0.030208333333333334,0.033695036545395796
29,22,0.028125,0.0517470873892307,C_p,0.030208333333333334,0.033695036545395796
29,23,0.03125,0.1153575628995895,hihp_p,0.030208333333333334,0.033695036545395796
29,24,0.034375,0.4444145858287811,hihp_p,0.030208333333333334,0.033695036545395796
29,25,0.03958333333333333,0.4803038239479065,hihp_p,0.030208333333333334,0.033695036545395796
29,26,0.030208333333333334,0.6277585625648499,hihp_p,0.030208333333333334,0.033695036545395796
29,27,0.029166666666666667,0.5721446871757507,C_p,0.030208333333333334,0.033695036545395796
29,28,0.028125,0.6117066740989685,C_p,0.030208333333333334,0.033695036545395796
29,29,0.041666666666666664,0.747192919254303,hihp_p,0.030208333333333334,0.033695036545395796
29,30,0.03125,0.6598086357116699,hihp_p,0.030208333333333334,0.033695036545395796
29,31,0.03333333333333333,0.6542016863822937,hihp_p,0.030208333333333334,0.033695036545395796
29,32,0.023958333333333335,0.0435161925852298,C_p,0.030208333333333334,0.033695036545395796
29,33,0.025,0.0238844882696867,D_p,0.030208333333333334,0.033695036545395796
29,34,0.030208333333333334,0.0219721682369709,hilp_p,0.030208333333333334,0.033695036545395796
29,35,0.027083333333333334,0.0933647751808166,C_p,0.030208333333333334,0.033695036545395796
29,36,0.029166666666666667,0.0208682306110858,D_p,0.030208333333333334,0.033695036545395796
29,37,0.026041666666666668,0.0181073397397995,D_p,0.030208333333333334,0.033695036545395796
29,38,0.026041666666666668,0.0731957182288169,C_p,0.030208333333333334,0.033695036545395796
29,39,0.030208333333333334,0.0885500311851501,hihp_p,0.030208333333333334,0.033695036545395796
29,40,0.030208333333333334,0.0279046297073364,hilp_p,0.030208333333333334,0.033695036545395796
29,41,0.03229166666666667,0.0119318487122654,hilp_p,0.030208333333333334,0.033695036545395796
29,42,0.025,0.0846123844385147,C_p,0.030208333333333334,0.033695036545395796
29,43,0.025,0.0288969688117504,D_p,0.030208333333333334,0.033695036545395796
29,44,0.029166666666666667,0.0491018891334533,C_p,0.030208333333333334,0.033695036545395796
29,45,0.026041666666666668,0.0546255260705947,C_p,0.030208333333333334,0.033695036545395796
29,46,0.03333333333333333,0.0967791527509689,hihp_p,0.030208333333333334,0.033695036545395796
29,47,0.030208333333333334,0.0245671067386865,hilp_p,0.030208333333333334,0.033695036545395796
29,48,0.053125,0.4131844341754913,hihp_p,0.030208333333333334,0.033695036545395796
29,49,0.026041666666666668,0.0734157115221023,C_p,0.030208333333333334,0.033695036545395796
29,50,0.025,0.0099632265046238,D_p,0.030208333333333334,0.033695036545395796
29,51,0.021875,0.3731943964958191,C_p,0.030208333333333334,0.033695036545395796
29,52,0.03333333333333333,0.0427859835326671,hihp_p,0.030208333333333334,0.033695036545395796
29,53,0.026041666666666668,0.3670421838760376,C_p,0.030208333333333334,0.033695036545395796
29,54,0.022916666666666665,0.0524444580078125,C_p,0.030208333333333334,0.033695036545395796
29,55,0.03333333333333333,1.2003159523010254,hihp_p,0.030208333333333334,0.033695036545395796
29,56,0.022916666666666665,0.3884325325489044,C_p,0.030208333333333334,0.033695036545395796
29,57,0.03333333333333333,0.276282787322998,hihp_p,0.030208333333333334,0.033695036545395796
29,58,0.022916666666666665,0.3616401851177215,C_p,0.030208333333333334,0.033695036545395796
29,59,0.030208333333333334,0.4869945645332336,hihp_p,0.030208333333333334,0.033695036545395796
29,60,0.022916666666666665,0.3591420650482178,C_p,0.030208333333333334,0.033695036545395796
29,61,0.026041666666666668,0.6683996319770813,C_p,0.030208333333333334,0.033695036545395796
29,62,0.03958333333333333,0.4714243710041046,hihp_p,0.030208333333333334,0.033695036545395796
29,63,0.034375,0.4200721383094787,hihp_p,0.030208333333333334,0.033695036545395796
30,0,0.03958333333333333,0.2316983938217163,hihp_p,0.030208333333333334,0.033695036545395796
30,1,0.034375,0.3655351102352142,hihp_p,0.030208333333333334,0.033695036545395796
30,2,0.034375,0.1870750486850738,hihp_p,0.030208333333333334,0.033695036545395796
30,3,0.03125,0.4619826972484588,hihp_p,0.030208333333333334,0.033695036545395796
30,4,0.027083333333333334,0.1406570822000503,C_p,0.030208333333333334,0.033695036545395796
30,5,0.025,0.1879695057868957,C_p,0.030208333333333334,0.033695036545395796
30,6,0.03229166666666667,0.4252690076828003,hihp_p,0.030208333333333334,0.033695036545395796
30,7,0.030208333333333334,0.2172427028417587,hihp_p,0.030208333333333334,0.033695036545395796
30,8,0.019791666666666666,0.1189143657684326,C_p,0.030208333333333334,0.033695036545395796
30,9,0.023958333333333335,0.0706379413604736,C_p,0.030208333333333334,0.033695036545395796
30,10,0.028125,0.0114430356770753,D_p,0.030208333333333334,0.033695036545395796
30,11,0.029166666666666667,0.0208560172468423,D_p,0.030208333333333334,0.033695036545395796
30,12,0.025,0.0842906236648559,C_p,0.030208333333333334,0.033695036545395796
30,13,0.027083333333333334,0.0301600750535726,D_p,0.030208333333333334,0.033695036545395796
30,14,0.026041666666666668,0.0540307462215423,C_p,0.030208333333333334,0.033695036545395796
30,15,0.030208333333333334,0.0305079389363527,hilp_p,0.030208333333333334,0.033695036545395796
30,16,0.029166666666666667,0.0194627866148948,D_p,0.030208333333333334,0.033695036545395796
30,17,0.023958333333333335,0.0469548180699348,C_p,0.030208333333333334,0.033695036545395796
30,18,0.026041666666666668,0.0284013096243143,D_p,0.030208333333333334,0.033695036545395796
30,19,0.027083333333333334,0.0551076233386993,C_p,0.030208333333333334,0.033695036545395796
30,20,0.03125,0.0488001927733421,hihp_p,0.030208333333333334,0.033695036545395796
30,21,0.0375,0.0388059504330158,hihp_p,0.030208333333333334,0.033695036545395796
30,22,0.03333333333333333,0.0171522535383701,hilp_p,0.030208333333333334,0.033695036545395796
30,23,0.030208333333333334,0.109104037284851,hihp_p,0.030208333333333334,0.033695036545395796
30,24,0.03125,0.7102771401405334,hihp_p,0.030208333333333334,0.033695036545395796
30,25,0.036458333333333336,0.5210068821907043,hihp_p,0.030208333333333334,0.033695036545395796
30,26,0.041666666666666664,0.3617193400859833,hihp_p,0.030208333333333334,0.033695036545395796
30,27,0.03125,0.161079853773117,hihp_p,0.030208333333333334,0.033695036545395796
30,28,0.026041666666666668,0.3121493756771087,C_p,0.030208333333333334,0.033695036545395796
30,29,0.020833333333333332,0.387442022562027,C_p,0.030208333333333334,0.033695036545395796
30,30,0.046875,0.3563293516635895,hihp_p,0.030208333333333334,0.033695036545395796
30,31,0.029166666666666667,0.0628696754574775,C_p,0.030208333333333334,0.033695036545395796
30,32,0.019791666666666666,0.0495000779628753,C_p,0.030208333333333334,0.033695036545395796
30,33,0.020833333333333332,0.3071121871471405,C_p,0.030208333333333334,0.033695036545395796
30,34,0.026041666666666668,0.0133702149614691,D_p,0.030208333333333334,0.033695036545395796
30,35,0.029166666666666667,0.1048988029360771,C_p,0.030208333333333334,0.033695036545395796
30,36,0.022916666666666665,0.0155808655545115,D_p,0.030208333333333334,0.033695036545395796
30,37,0.03125,0.0277537479996681,hilp_p,0.030208333333333334,0.033695036545395796
30,38,0.03125,0.017279427498579,hilp_p,0.030208333333333334,0.033695036545395796
30,39,0.034375,0.1679890751838684,hihp_p,0.030208333333333334,0.033695036545395796
30,40,0.028125,0.0563567839562892,C_p,0.030208333333333334,0.033695036545395796
30,41,0.03333333333333333,0.0293190218508243,hilp_p,0.030208333333333334,0.033695036545395796
30,42,0.030208333333333334,0.2827643454074859,hihp_p,0.030208333333333334,0.033695036545395796
30,43,0.028125,0.0826413407921791,C_p,0.030208333333333334,0.033695036545395796
30,44,0.030208333333333334,0.1351227164268493,hihp_p,0.030208333333333334,0.033695036545395796
30,45,0.029166666666666667,0.0684215128421783,C_p,0.030208333333333334,0.033695036545395796
30,46,0.023958333333333335,0.0684337317943573,C_p,0.030208333333333334,0.033695036545395796
30,47,0.03958333333333333,0.3682568967342376,hihp_p,0.030208333333333334,0.033695036545395796
30,48,0.029166666666666667,0.4777629673480987,C_p,0.030208333333333334,0.033695036545395796
30,49,0.023958333333333335,0.6134852766990662,C_p,0.030208333333333334,0.033695036545395796
30,50,0.03958333333333333,0.5417114496231079,hihp_p,0.030208333333333334,0.033695036545395796
30,51,0.023958333333333335,0.699618935585022,C_p,0.030208333333333334,0.033695036545395796
30,52,0.03854166666666667,0.9244408011436462,hihp_p,0.030208333333333334,0.033695036545395796
30,53,0.04479166666666667,0.34740149974823,hihp_p,0.030208333333333334,0.033695036545395796
30,54,0.03125,0.6051750779151917,hihp_p,0.030208333333333334,0.033695036545395796
30,55,0.03958333333333333,0.6807527542114258,hihp_p,0.030208333333333334,0.033695036545395796
30,56,0.029166666666666667,0.0217750370502471,D_p,0.030208333333333334,0.033695036545395796
30,57,0.041666666666666664,0.2921925485134125,hihp_p,0.030208333333333334,0.033695036545395796
30,58,0.04479166666666667,0.8806027173995972,hihp_p,0.030208333333333334,0.033695036545395796
30,59,0.03958333333333333,0.6173772215843201,hihp_p,0.030208333333333334,0.033695036545395796
30,60,0.030208333333333334,0.757664680480957,hihp_p,0.030208333333333334,0.033695036545395796
30,61,0.04479166666666667,0.5174174308776855,hihp_p,0.030208333333333334,0.033695036545395796
30,62,0.10104166666666667,1.432886838912964,hihp_p,0.030208333333333334,0.033695036545395796
30,63,0.035416666666666666,0.4195352494716644,hihp_p,0.030208333333333334,0.033695036545395796
31,0,0.025,0.4637132287025451,C_p,0.030208333333333334,0.033695036545395796
31,1,0.052083333333333336,0.5065512657165527,hihp_p,0.030208333333333334,0.033695036545395796
31,2,0.03125,0.2753001749515533,hihp_p,0.030208333333333334,0.033695036545395796
31,3,0.025,0.2496150434017181,C_p,0.030208333333333334,0.033695036545395796
31,4,0.022916666666666665,0.2173071503639221,C_p,0.030208333333333334,0.033695036545395796
31,5,0.03333333333333333,0.2429003268480301,hihp_p,0.030208333333333334,0.033695036545395796
31,6,0.021875,0.1578172594308853,C_p,0.030208333333333334,0.033695036545395796
31,7,0.051041666666666666,0.4060311615467071,hihp_p,0.030208333333333334,0.033695036545395796
31,8,0.034375,0.0659409165382385,hihp_p,0.030208333333333334,0.033695036545395796
31,9,0.035416666666666666,0.1835201531648636,hihp_p,0.030208333333333334,0.033695036545395796
31,10,0.035416666666666666,0.3986798822879791,hihp_p,0.030208333333333334,0.033695036545395796
31,11,0.03125,0.1851506382226944,hihp_p,0.030208333333333334,0.033695036545395796
31,12,0.029166666666666667,0.0154949314892292,D_p,0.030208333333333334,0.033695036545395796
31,13,0.028125,0.0850387588143348,C_p,0.030208333333333334,0.033695036545395796
31,14,0.030208333333333334,0.0109692681580781,hilp_p,0.030208333333333334,0.033695036545395796
31,15,0.030208333333333334,0.1692439764738083,hihp_p,0.030208333333333334,0.033695036545395796
31,16,0.027083333333333334,0.1880204975605011,C_p,0.030208333333333334,0.033695036545395796
31,17,0.03125,0.051903948187828,hihp_p,0.030208333333333334,0.033695036545395796
31,18,0.030208333333333334,0.0309774130582809,hilp_p,0.030208333333333334,0.033695036545395796
31,19,0.028125,0.085480198264122,C_p,0.030208333333333334,0.033695036545395796
31,20,0.022916666666666665,0.3075605630874634,C_p,0.030208333333333334,0.033695036545395796
31,21,0.03333333333333333,0.0820264443755149,hihp_p,0.030208333333333334,0.033695036545395796
31,22,0.036458333333333336,0.1368973553180694,hihp_p,0.030208333333333334,0.033695036545395796
31,23,0.03125,0.2662157714366913,hihp_p,0.030208333333333334,0.033695036545395796
31,24,0.023958333333333335,0.0957849472761154,C_p,0.030208333333333334,0.033695036545395796
31,25,0.025,0.1029966548085212,C_p,0.030208333333333334,0.033695036545395796
31,26,0.030208333333333334,0.2034225612878799,hihp_p,0.030208333333333334,0.033695036545395796
31,27,0.029166666666666667,0.1466715037822723,C_p,0.030208333333333334,0.033695036545395796
31,28,0.036458333333333336,0.0788598209619522,hihp_p,0.030208333333333334,0.033695036545395796
31,29,0.034375,0.3184702694416046,hihp_p,0.030208333333333334,0.033695036545395796
31,30,0.03229166666666667,0.0680931732058525,hihp_p,0.030208333333333334,0.033695036545395796
31,31,0.04375,0.2802918255329132,hihp_p,0.030208333333333334,0.033695036545395796
31,32,0.04791666666666667,0.62442946434021,hihp_p,0.030208333333333334,0.033695036545395796
31,33,0.030208333333333334,0.5688194632530212,hihp_p,0.030208333333333334,0.033695036545395796
31,34,0.04895833333333333,0.62373948097229,hihp_p,0.030208333333333334,0.033695036545395796
31,35,0.041666666666666664,1.1414799690246582,hihp_p,0.030208333333333334,0.033695036545395796
31,36,0.04895833333333333,1.3825478553771973,hihp_p,0.030208333333333334,0.033695036545395796
31,37,0.052083333333333336,1.0256400108337402,hihp_p,0.030208333333333334,0.033695036545395796
31,38,0.04895833333333333,1.7591367959976196,hihp_p,0.030208333333333334,0.033695036545395796
31,39,0.0375,1.4067449569702148,hihp_p,0.030208333333333334,0.033695036545395796
31,40,0.03333333333333333,0.3807076513767242,hihp_p,0.030208333333333334,0.033695036545395796
31,41,0.026041666666666668,0.6255273222923279,C_p,0.030208333333333334,0.033695036545395796
31,42,0.028125,0.6786256432533264,C_p,0.030208333333333334,0.033695036545395796
31,43,0.04479166666666667,0.8017237782478333,hihp_p,0.030208333333333334,0.033695036545395796
31,44,0.028125,0.4165660440921783,C_p,0.030208333333333334,0.033695036545395796
31,45,0.04375,0.9608213305473328,hihp_p,0.030208333333333334,0.033695036545395796
31,46,0.03333333333333333,0.577131986618042,hihp_p,0.030208333333333334,0.033695036545395796
31,47,0.042708333333333334,0.3100570142269134,hihp_p,0.030208333333333334,0.033695036545395796
31,48,0.022916666666666665,0.2547565102577209,C_p,0.030208333333333334,0.033695036545395796
31,49,0.04791666666666667,0.8745688796043396,hihp_p,0.030208333333333334,0.033695036545395796
31,50,0.029166666666666667,0.0490605048835277,C_p,0.030208333333333334,0.033695036545395796
31,51,0.036458333333333336,0.8388254046440125,hihp_p,0.030208333333333334,0.033695036545395796
31,52,0.023958333333333335,0.1648373752832412,C_p,0.030208333333333334,0.033695036545395796
31,53,0.028125,0.3815213739871979,C_p,0.030208333333333334,0.033695036545395796
31,54,0.05,0.6277705430984497,hihp_p,0.030208333333333334,0.033695036545395796
31,55,0.027083333333333334,0.573832094669342,C_p,0.030208333333333334,0.033695036545395796
31,56,0.028125,0.0520843490958213,C_p,0.030208333333333334,0.033695036545395796
31,57,0.03333333333333333,0.067333847284317,hihp_p,0.030208333333333334,0.033695036545395796
31,58,0.021875,0.2184302061796188,C_p,0.030208333333333334,0.033695036545395796
31,59,0.029166666666666667,0.0688109174370765,C_p,0.030208333333333334,0.033695036545395796
31,60,0.030208333333333334,0.0741591528058052,hihp_p,0.030208333333333334,0.033695036545395796
31,61,0.023958333333333335,0.0896296203136444,C_p,0.030208333333333334,0.033695036545395796
31,62,0.030208333333333334,0.0517442524433136,hihp_p,0.030208333333333334,0.033695036545395796
31,63,0.029166666666666667,0.0296136308461427,D_p,0.030208333333333334,0.033695036545395796
32,0,0.051041666666666666,0.459575742483139,hihp_p,0.030208333333333334,0.033695036545395796
32,1,0.029166666666666667,0.1279388964176178,C_p,0.030208333333333334,0.033695036545395796
32,2,0.041666666666666664,0.2896435260772705,hihp_p,0.030208333333333334,0.033695036545395796
32,3,0.025,0.3300995826721191,C_p,0.030208333333333334,0.033695036545395796
32,4,0.030208333333333334,0.1590649336576461,hihp_p,0.030208333333333334,0.033695036545395796
32,5,0.026041666666666668,0.2726533710956573,C_p,0.030208333333333334,0.033695036545395796
32,6,0.03229166666666667,0.3850226402282715,hihp_p,0.030208333333333334,0.033695036545395796
32,7,0.03125,0.1404191106557846,hihp_p,0.030208333333333334,0.033695036545395796
32,8,0.023958333333333335,0.0416145958006382,C_p,0.030208333333333334,0.033695036545395796
32,9,0.020833333333333332,0.0096544390544295,D_p,0.030208333333333334,0.033695036545395796
32,10,0.027083333333333334,0.0181034076958894,D_p,0.030208333333333334,0.033695036545395796
32,11,0.026041666666666668,0.0099123520776629,D_p,0.030208333333333334,0.033695036545395796
32,12,0.028125,0.1630220115184784,C_p,0.030208333333333334,0.033695036545395796
32,13,0.027083333333333334,0.0608158558607101,C_p,0.030208333333333334,0.033695036545395796
32,14,0.03333333333333333,0.0711879953742027,hihp_p,0.030208333333333334,0.033695036545395796
32,15,0.029166666666666667,0.0156030366197228,D_p,0.030208333333333334,0.033695036545395796
32,16,0.035416666666666666,0.8193828463554382,hihp_p,0.030208333333333334,0.033695036545395796
32,17,0.025,0.2784827053546905,C_p,0.030208333333333334,0.033695036545395796
32,18,0.03333333333333333,0.4910635948181152,hihp_p,0.030208333333333334,0.033695036545395796
32,19,0.08541666666666667,0.8954640030860901,hihp_p,0.030208333333333334,0.033695036545395796
32,20,0.028125,0.4321635663509369,C_p,0.030208333333333334,0.033695036545395796
32,21,0.027083333333333334,0.4065887629985809,C_p,0.030208333333333334,0.033695036545395796
32,22,0.021875,0.3832540214061737,C_p,0.030208333333333334,0.033695036545395796
32,23,0.03958333333333333,0.3701744973659515,hihp_p,0.030208333333333334,0.033695036545395796
32,24,0.03125,0.0205013323575258,hilp_p,0.030208333333333334,0.033695036545395796
32,25,0.025,0.0052718287333846,D_p,0.030208333333333334,0.033695036545395796
32,26,0.036458333333333336,0.1422008574008941,hihp_p,0.030208333333333334,0.033695036545395796
32,27,0.03229166666666667,0.0122365001589059,hilp_p,0.030208333333333334,0.033695036545395796
32,28,0.028125,0.0386557765305042,C_p,0.030208333333333334,0.033695036545395796
32,29,0.029166666666666667,0.0351904146373271,C_p,0.030208333333333334,0.033695036545395796
32,30,0.028125,0.0035344599746167,D_p,0.030208333333333334,0.033695036545395796
32,31,0.029166666666666667,0.0106181586161255,D_p,0.030208333333333334,0.033695036545395796
32,32,0.029166666666666667,0.2647676467895508,C_p,0.030208333333333334,0.033695036545395796
32,33,0.023958333333333335,0.1187508925795555,C_p,0.030208333333333334,0.033695036545395796
32,34,0.028125,0.0325364768505096,D_p,0.030208333333333334,0.033695036545395796
32,35,0.03125,0.0407704226672649,hihp_p,0.030208333333333334,0.033695036545395796
32,36,0.027083333333333334,0.0421917773783206,C_p,0.030208333333333334,0.033695036545395796
32,37,0.027083333333333334,0.1279552727937698,C_p,0.030208333333333334,0.033695036545395796
32,38,0.022916666666666665,0.0394174046814441,C_p,0.030208333333333334,0.033695036545395796
32,39,0.028125,0.033792782574892,C_p,0.030208333333333334,0.033695036545395796
32,40,0.027083333333333334,0.2160194516181945,C_p,0.030208333333333334,0.033695036545395796
32,41,0.035416666666666666,0.0284755118191242,hilp_p,0.030208333333333334,0.033695036545395796
32,42,0.026041666666666668,0.0153257604688405,D_p,0.030208333333333334,0.033695036545395796
32,43,0.029166666666666667,0.0559397488832473,C_p,0.030208333333333334,0.033695036545395796
32,44,0.030208333333333334,0.0280289072543382,hilp_p,0.030208333333333334,0.033695036545395796
32,45,0.03229166666666667,0.148231953382492,hihp_p,0.030208333333333334,0.033695036545395796
32,46,0.029166666666666667,0.0399413518607616,C_p,0.030208333333333334,0.033695036545395796
32,47,0.03333333333333333,0.0454645529389381,hihp_p,0.030208333333333334,0.033695036545395796
32,48,0.019791666666666666,0.5975684523582458,C_p,0.030208333333333334,0.033695036545395796
32,49,0.028125,0.024984186515212,D_p,0.030208333333333334,0.033695036545395796
32,50,0.029166666666666667,0.4103746712207794,C_p,0.030208333333333334,0.033695036545395796
32,51,0.026041666666666668,0.1038449332118034,C_p,0.030208333333333334,0.033695036545395796
32,52,0.034375,0.5995323657989502,hihp_p,0.030208333333333334,0.033695036545395796
32,53,0.053125,0.3861322104930877,hihp_p,0.030208333333333334,0.033695036545395796
32,54,0.028125,0.0217329077422618,D_p,0.030208333333333334,0.033695036545395796
32,55,0.03333333333333333,0.0273985583335161,hilp_p,0.030208333333333334,0.033695036545395796
32,56,0.023958333333333335,0.013208732008934,D_p,0.030208333333333334,0.033695036545395796
32,57,0.028125,0.3810909986495971,C_p,0.030208333333333334,0.033695036545395796
32,58,0.03229166666666667,0.2539805173873901,hihp_p,0.030208333333333334,0.033695036545395796
32,59,0.034375,0.3183220624923706,hihp_p,0.030208333333333334,0.033695036545395796
32,60,0.0375,0.2740579545497894,hihp_p,0.030208333333333334,0.033695036545395796
32,61,0.028125,0.0202604439109563,D_p,0.030208333333333334,0.033695036545395796
32,62,0.04375,0.4283080399036407,hihp_p,0.030208333333333334,0.033695036545395796
32,63,0.03958333333333333,0.2730358839035034,hihp_p,0.030208333333333334,0.033695036545395796
33,0,0.026041666666666668,0.2423233687877655,C_p,0.030208333333333334,0.033695036545395796
33,1,0.029166666666666667,0.0904737934470176,C_p,0.030208333333333334,0.033695036545395796
33,2,0.03125,0.1673750281333923,hihp_p,0.030208333333333334,0.033695036545395796
33,3,0.034375,0.3431181013584137,hihp_p,0.030208333333333334,0.033695036545395796
33,4,0.026041666666666668,0.1784040331840515,C_p,0.030208333333333334,0.033695036545395796
33,5,0.030208333333333334,0.1549678742885589,hihp_p,0.030208333333333334,0.033695036545395796
33,6,0.028125,0.035394437611103,C_p,0.030208333333333334,0.033695036545395796
33,7,0.028125,0.0335479006171226,D_p,0.030208333333333334,0.033695036545395796
33,8,0.040625,0.7827052474021912,hihp_p,0.030208333333333334,0.033695036545395796
33,9,0.03229166666666667,0.5135754942893982,hihp_p,0.030208333333333334,0.033695036545395796
33,10,0.03333333333333333,0.7419226765632629,hihp_p,0.030208333333333334,0.033695036545395796
33,11,0.030208333333333334,0.7052453756332397,hihp_p,0.030208333333333334,0.033695036545395796
33,12,0.03125,0.7161718010902405,hihp_p,0.030208333333333334,0.033695036545395796
33,13,0.04583333333333333,0.6942086219787598,hihp_p,0.030208333333333334,0.033695036545395796
33,14,0.04583333333333333,0.5640608668327332,hihp_p,0.030208333333333334,0.033695036545395796
33,15,0.04375,0.6876330375671387,hihp_p,0.030208333333333334,0.033695036545395796
33,16,0.042708333333333334,0.4900404214859009,hihp_p,0.030208333333333334,0.033695036545395796
33,17,0.03229166666666667,0.5632625222206116,hihp_p,0.030208333333333334,0.033695036545395796
33,18,0.06354166666666666,1.5688072443008425,hihp_p,0.030208333333333334,0.033695036545395796
33,19,0.03958333333333333,0.3063481748104095,hihp_p,0.030208333333333334,0.033695036545395796
33,20,0.036458333333333336,0.4551439881324768,hihp_p,0.030208333333333334,0.033695036545395796
33,21,0.0375,0.5826026201248169,hihp_p,0.030208333333333334,0.033695036545395796
33,22,0.026041666666666668,0.2545492053031921,C_p,0.030208333333333334,0.033695036545395796
33,23,0.065625,0.3615552186965942,hihp_p,0.030208333333333334,0.033695036545395796
33,24,0.029166666666666667,0.107968233525753,C_p,0.030208333333333334,0.033695036545395796
33,25,0.030208333333333334,0.2083054929971695,hihp_p,0.030208333333333334,0.033695036545395796
33,26,0.025,0.0381806306540966,C_p,0.030208333333333334,0.033695036545395796
33,27,0.029166666666666667,0.0160159431397914,D_p,0.030208333333333334,0.033695036545395796
33,28,0.030208333333333334,0.1853386312723159,hihp_p,0.030208333333333334,0.033695036545395796
33,29,0.03958333333333333,0.3120039403438568,hihp_p,0.030208333333333334,0.033695036545395796
33,30,0.03333333333333333,0.2507574260234833,hihp_p,0.030208333333333334,0.033695036545395796
33,31,0.026041666666666668,0.2276606410741806,C_p,0.030208333333333334,0.033695036545395796
33,32,0.029166666666666667,0.1955029517412185,C_p,0.030208333333333334,0.033695036545395796
33,33,0.03125,0.0855793952941894,hihp_p,0.030208333333333334,0.033695036545395796
33,34,0.03229166666666667,0.1291413307189941,hihp_p,0.030208333333333334,0.033695036545395796
33,35,0.03125,0.1656152606010437,hihp_p,0.030208333333333334,0.033695036545395796
33,36,0.023958333333333335,0.1856510937213897,C_p,0.030208333333333334,0.033695036545395796
33,37,0.03229166666666667,0.0794145837426185,hihp_p,0.030208333333333334,0.033695036545395796
33,38,0.027083333333333334,0.1517737507820129,C_p,0.030208333333333334,0.033695036545395796
33,39,0.035416666666666666,0.1846975088119506,hihp_p,0.030208333333333334,0.033695036545395796
33,40,0.03958333333333333,0.5880129933357239,hihp_p,0.030208333333333334,0.033695036545395796
33,41,0.046875,0.5656756162643433,hihp_p,0.030208333333333334,0.033695036545395796
33,42,0.046875,0.4795900583267212,hihp_p,0.030208333333333334,0.033695036545395796
33,43,0.029166666666666667,0.3631246089935303,C_p,0.030208333333333334,0.033695036545395796
33,44,0.058333333333333334,1.156537652015686,hihp_p,0.030208333333333334,0.033695036545395796
33,45,0.057291666666666664,0.762008011341095,hihp_p,0.030208333333333334,0.033695036545395796
33,46,0.03333333333333333,0.4919717311859131,hihp_p,0.030208333333333334,0.033695036545395796
33,47,0.051041666666666666,0.722027599811554,hihp_p,0.030208333333333334,0.033695036545395796
33,48,0.03958333333333333,0.4831592142581939,hihp_p,0.030208333333333334,0.033695036545395796
33,49,0.027083333333333334,0.4060853123664856,C_p,0.030208333333333334,0.033695036545395796
33,50,0.03229166666666667,0.2638617157936096,hihp_p,0.030208333333333334,0.033695036545395796
33,51,0.04791666666666667,0.4099106788635254,hihp_p,0.030208333333333334,0.033695036545395796
33,52,0.026041666666666668,0.3622675538063049,C_p,0.030208333333333334,0.033695036545395796
33,53,0.06354166666666666,0.4228847622871399,hihp_p,0.030208333333333334,0.033695036545395796
33,54,0.057291666666666664,0.3692042529582977,hihp_p,0.030208333333333334,0.033695036545395796
33,55,0.03229166666666667,0.1424787938594818,hihp_p,0.030208333333333334,0.033695036545395796
33,56,0.029166666666666667,0.6277586817741394,C_p,0.030208333333333334,0.033695036545395796
33,57,0.03125,0.0931641012430191,hihp_p,0.030208333333333334,0.033695036545395796
33,58,0.034375,0.3031412661075592,hihp_p,0.030208333333333334,0.033695036545395796
33,59,0.028125,0.0371923148632049,C_p,0.030208333333333334,0.033695036545395796
33,60,0.028125,0.3465714454650879,C_p,0.030208333333333334,0.033695036545395796
33,61,0.029166666666666667,0.1108042448759079,C_p,0.030208333333333334,0.033695036545395796
33,62,0.027083333333333334,0.0804042071104049,C_p,0.030208333333333334,0.033695036545395796
33,63,0.030208333333333334,0.0847494453191757,hihp_p,0.030208333333333334,0.033695036545395796
34,0,0.04375,0.4946466386318207,hihp_p,0.030208333333333334,0.033695036545395796
34,1,0.041666666666666664,1.3374242782592771,hihp_p,0.030208333333333334,0.033695036545395796
34,2,0.040625,0.3473060131072998,hihp_p,0.030208333333333334,0.033695036545395796
34,3,0.042708333333333334,0.3672481179237366,hihp_p,0.030208333333333334,0.033695036545395796
34,4,0.07395833333333333,0.7473081946372986,hihp_p,0.030208333333333334,0.033695036545395796
34,5,0.04583333333333333,0.4948288798332214,hihp_p,0.030208333333333334,0.033695036545395796
34,6,0.052083333333333336,1.2441048622131348,hihp_p,0.030208333333333334,0.033695036545395796
34,7,0.090625,1.232832670211792,hihp_p,0.030208333333333334,0.033695036545395796
34,8,0.030208333333333334,0.032418604940176,hilp_p,0.030208333333333334,0.033695036545395796
34,9,0.023958333333333335,0.0464259982109069,C_p,0.030208333333333334,0.033695036545395796
34,10,0.029166666666666667,0.4964107275009155,C_p,0.030208333333333334,0.033695036545395796
34,11,0.035416666666666666,0.1012200713157653,hihp_p,0.030208333333333334,0.033695036545395796
34,12,0.05,0.253970593214035,hihp_p,0.030208333333333334,0.033695036545395796
34,13,0.026041666666666668,0.0201521124690771,D_p,0.030208333333333334,0.033695036545395796
34,14,0.025,0.0116656543686985,D_p,0.030208333333333334,0.033695036545395796
34,15,0.026041666666666668,0.0403815358877182,C_p,0.030208333333333334,0.033695036545395796
34,16,0.030208333333333334,0.0353020280599594,hihp_p,0.030208333333333334,0.033695036545395796
34,17,0.0375,0.3632882833480835,hihp_p,0.030208333333333334,0.033695036545395796
34,18,0.026041666666666668,0.0453439801931381,C_p,0.030208333333333334,0.033695036545395796
34,19,0.028125,0.0461932308971881,C_p,0.030208333333333334,0.033695036545395796
34,20,0.029166666666666667,0.4297063946723938,C_p,0.030208333333333334,0.033695036545395796
34,21,0.03229166666666667,0.1762058734893798,hihp_p,0.030208333333333334,0.033695036545395796
34,22,0.027083333333333334,0.0464003309607505,C_p,0.030208333333333334,0.033695036545395796
34,23,0.03854166666666667,0.2172378748655319,hihp_p,0.030208333333333334,0.033695036545395796
34,24,0.06145833333333333,0.4981155395507812,hihp_p,0.030208333333333334,0.033695036545395796
34,25,0.040625,0.4835670590400696,hihp_p,0.030208333333333334,0.033695036545395796
34,26,0.04479166666666667,0.6975704431533813,hihp_p,0.030208333333333334,0.033695036545395796
34,27,0.023958333333333335,0.1849040389060974,C_p,0.030208333333333334,0.033695036545395796
34,28,0.023958333333333335,0.1403611898422241,C_p,0.030208333333333334,0.033695036545395796
34,29,0.027083333333333334,0.2804450392723083,C_p,0.030208333333333334,0.033695036545395796
34,30,0.028125,0.0892724692821502,C_p,0.030208333333333334,0.033695036545395796
34,31,0.0625,0.507160484790802,hihp_p,0.030208333333333334,0.033695036545395796
34,32,0.023958333333333335,0.4131052792072296,C_p,0.030208333333333334,0.033695036545395796
34,33,0.08958333333333333,1.0862689018249512,hihp_p,0.030208333333333334,0.033695036545395796
34,34,0.03229166666666667,0.4308412969112396,hihp_p,0.030208333333333334,0.033695036545395796
34,35,0.035416666666666666,0.5735641717910767,hihp_p,0.030208333333333334,0.033695036545395796
34,36,0.07291666666666667,0.8340901136398315,hihp_p,0.030208333333333334,0.033695036545395796
34,37,0.025,0.3986533582210541,C_p,0.030208333333333334,0.033695036545395796
34,38,0.036458333333333336,0.4292832314968109,hihp_p,0.030208333333333334,0.033695036545395796
34,39,0.021875,0.4547840356826782,C_p,0.030208333333333334,0.033695036545395796
34,40,0.03125,0.5128875970840454,hihp_p,0.030208333333333334,0.033695036545395796
34,41,0.041666666666666664,0.5888793468475342,hihp_p,0.030208333333333334,0.033695036545395796
34,42,0.03125,0.5938383936882019,hihp_p,0.030208333333333334,0.033695036545395796
34,43,0.103125,0.8087944388389587,hihp_p,0.030208333333333334,0.033695036545395796
34,44,0.06979166666666667,0.34559366106987,hihp_p,0.030208333333333334,0.033695036545395796
34,45,0.030208333333333334,0.5975266098976135,hihp_p,0.030208333333333334,0.033695036545395796
34,46,0.05520833333333333,0.5608561038970947,hihp_p,0.030208333333333334,0.033695036545395796
34,47,0.042708333333333334,0.4985329508781433,hihp_p,0.030208333333333334,0.033695036545395796
34,48,0.03854166666666667,0.5704862475395203,hihp_p,0.030208333333333334,0.033695036545395796
34,49,0.029166666666666667,0.2815800607204437,C_p,0.030208333333333334,0.033695036545395796
34,50,0.07291666666666667,0.5600830316543579,hihp_p,0.030208333333333334,0.033695036545395796
34,51,0.028125,0.4836609959602356,C_p,0.030208333333333334,0.033695036545395796
34,52,0.040625,0.2535663247108459,hihp_p,0.030208333333333334,0.033695036545395796
34,53,0.029166666666666667,0.2942714989185333,C_p,0.030208333333333334,0.033695036545395796
34,54,0.029166666666666667,0.4130483865737915,C_p,0.030208333333333334,0.033695036545395796
34,55,0.04895833333333333,0.6043474674224854,hihp_p,0.030208333333333334,0.033695036545395796
34,56,0.03125,0.2490970939397812,hihp_p,0.030208333333333334,0.033695036545395796
34,57,0.028125,0.1064402982592582,C_p,0.030208333333333334,0.033695036545395796
34,58,0.025,0.2056022733449936,C_p,0.030208333333333334,0.033695036545395796
34,59,0.029166666666666667,0.1577853709459304,C_p,0.030208333333333334,0.033695036545395796
34,60,0.027083333333333334,0.1706287413835525,C_p,0.030208333333333334,0.033695036545395796
34,61,0.026041666666666668,0.2633994817733764,C_p,0.030208333333333334,0.033695036545395796
34,62,0.036458333333333336,0.243226557970047,hihp_p,0.030208333333333334,0.033695036545395796
34,63,0.03854166666666667,0.3161789178848266,hihp_p,0.030208333333333334,0.033695036545395796
35,0,0.026041666666666668,0.3300221860408783,C_p,0.030208333333333334,0.033695036545395796
35,1,0.0375,0.6161360740661621,hihp_p,0.030208333333333334,0.033695036545395796
35,2,0.030208333333333334,0.3065948188304901,hihp_p,0.030208333333333334,0.033695036545395796
35,3,0.03333333333333333,0.3087676465511322,hihp_p,0.030208333333333334,0.033695036545395796
35,4,0.026041666666666668,0.2210830897092819,C_p,0.030208333333333334,0.033695036545395796
35,5,0.03854166666666667,0.6092323660850525,hihp_p,0.030208333333333334,0.033695036545395796
35,6,0.03958333333333333,0.2952297627925873,hihp_p,0.030208333333333334,0.033695036545395796
35,7,0.03229166666666667,0.3897664546966553,hihp_p,0.030208333333333334,0.033695036545395796
35,8,0.028125,0.0121251679956913,D_p,0.030208333333333334,0.033695036545395796
35,9,0.028125,0.0180938448756933,D_p,0.030208333333333334,0.033695036545395796
35,10,0.023958333333333335,0.010767706669867,D_p,0.030208333333333334,0.033695036545395796
35,11,0.03125,0.0349648669362068,hihp_p,0.030208333333333334,0.033695036545395796
35,12,0.03125,0.1530774235725402,hihp_p,0.030208333333333334,0.033695036545395796
35,13,0.026041666666666668,0.0135176861658692,D_p,0.030208333333333334,0.033695036545395796
35,14,0.036458333333333336,0.0267057288438081,hilp_p,0.030208333333333334,0.033695036545395796
35,15,0.026041666666666668,0.0152514427900314,D_p,0.030208333333333334,0.033695036545395796
35,16,0.0375,0.7084372043609619,hihp_p,0.030208333333333334,0.033695036545395796
35,17,0.08333333333333333,0.8397668600082397,hihp_p,0.030208333333333334,0.033695036545395796
35,18,0.190625,1.2591935396194458,hihp_p,0.030208333333333334,0.033695036545395796
35,19,0.1375,1.494844675064087,hihp_p,0.030208333333333334,0.033695036545395796
35,20,0.08125,0.7980703711509705,hihp_p,0.030208333333333334,0.033695036545395796
35,21,0.035416666666666666,0.5117890238761902,hihp_p,0.030208333333333334,0.033695036545395796
35,22,0.027083333333333334,0.8266432881355286,C_p,0.030208333333333334,0.033695036545395796
35,23,0.03333333333333333,0.5235543251037598,hihp_p,0.030208333333333334,0.033695036545395796
35,24,0.046875,0.3438047468662262,hihp_p,0.030208333333333334,0.033695036545395796
35,25,0.04791666666666667,0.7914981842041016,hihp_p,0.030208333333333334,0.033695036545395796
35,26,0.029166666666666667,0.6712359189987183,C_p,0.030208333333333334,0.033695036545395796
35,27,0.040625,0.3277642130851745,hihp_p,0.030208333333333334,0.033695036545395796
35,28,0.03333333333333333,0.471942126750946,hihp_p,0.030208333333333334,0.033695036545395796
35,29,0.021875,0.4442885220050812,C_p,0.030208333333333334,0.033695036545395796
35,30,0.026041666666666668,0.1920669674873352,C_p,0.030208333333333334,0.033695036545395796
35,31,0.023958333333333335,0.428232878446579,C_p,0.030208333333333334,0.033695036545395796
35,32,0.026041666666666668,0.0428482703864574,C_p,0.030208333333333334,0.033695036545395796
35,33,0.029166666666666667,0.5467154383659363,C_p,0.030208333333333334,0.033695036545395796
35,34,0.03958333333333333,0.1490922570228576,hihp_p,0.030208333333333334,0.033695036545395796
35,35,0.026041666666666668,0.0645775720477104,C_p,0.030208333333333334,0.033695036545395796
35,36,0.027083333333333334,0.3901644945144653,C_p,0.030208333333333334,0.033695036545395796
35,37,0.029166666666666667,0.3228945434093475,C_p,0.030208333333333334,0.033695036545395796
35,38,0.026041666666666668,0.272197812795639,C_p,0.030208333333333334,0.033695036545395796
35,39,0.04375,0.2810008525848388,hihp_p,0.030208333333333334,0.033695036545395796
35,40,0.190625,1.450319528579712,hihp_p,0.030208333333333334,0.033695036545395796
35,41,0.042708333333333334,0.4346036911010742,hihp_p,0.030208333333333334,0.033695036545395796
35,42,0.075,0.7809672951698303,hihp_p,0.030208333333333334,0.033695036545395796
35,43,0.19270833333333334,2.0001721382141118,hihp_p,0.030208333333333334,0.033695036545395796
35,44,0.071875,0.7087938785552979,hihp_p,0.030208333333333334,0.033695036545395796
35,45,0.10625,1.196993350982666,hihp_p,0.030208333333333334,0.033695036545395796
35,46,0.15104166666666666,1.2505816221237185,hihp_p,0.030208333333333334,0.033695036545395796
35,47,0.027083333333333334,0.2753659188747406,C_p,0.030208333333333334,0.033695036545395796
35,48,0.030208333333333334,0.1081928759813308,hihp_p,0.030208333333333334,0.033695036545395796
35,49,0.03854166666666667,0.5624145865440369,hihp_p,0.030208333333333334,0.033695036545395796
35,50,0.03333333333333333,0.3828383982181549,hihp_p,0.030208333333333334,0.033695036545395796
35,51,0.027083333333333334,0.264054924249649,C_p,0.030208333333333334,0.033695036545395796
35,52,0.028125,0.1759968549013137,C_p,0.030208333333333334,0.033695036545395796
35,53,0.021875,0.5646446347236633,C_p,0.030208333333333334,0.033695036545395796
35,54,0.034375,0.2213838696479797,hihp_p,0.030208333333333334,0.033695036545395796
35,55,0.029166666666666667,0.2621274888515472,C_p,0.030208333333333334,0.033695036545395796
35,56,0.028125,0.1499321311712265,C_p,0.030208333333333334,0.033695036545395796
35,57,0.027083333333333334,0.1410692185163498,C_p,0.030208333333333334,0.033695036545395796
35,58,0.026041666666666668,0.1600052565336227,C_p,0.030208333333333334,0.033695036545395796
35,59,0.030208333333333334,0.0314120315015316,hilp_p,0.030208333333333334,0.033695036545395796
35,60,0.026041666666666668,0.0540591739118099,C_p,0.030208333333333334,0.033695036545395796
35,61,0.03333333333333333,0.0178544055670499,hilp_p,0.030208333333333334,0.033695036545395796
35,62,0.03229166666666667,0.0482180751860141,hihp_p,0.030208333333333334,0.033695036545395796
35,63,0.034375,0.0964354276657104,hihp_p,0.030208333333333334,0.033695036545395796
36,0,0.03229166666666667,0.0950431376695633,hihp_p,0.030208333333333334,0.033695036545395796
36,1,0.03333333333333333,0.1644321680068969,hihp_p,0.030208333333333334,0.033695036545395796
36,2,0.029166666666666667,0.3017194867134094,C_p,0.030208333333333334,0.033695036545395796
36,3,0.03125,0.1528181135654449,hihp_p,0.030208333333333334,0.033695036545395796
36,4,0.03854166666666667,0.1911719143390655,hihp_p,0.030208333333333334,0.033695036545395796
36,5,0.041666666666666664,0.1519426852464676,hihp_p,0.030208333333333334,0.033695036545395796
36,6,0.027083333333333334,0.1365595310926437,C_p,0.030208333333333334,0.033695036545395796
36,7,0.027083333333333334,0.2230794429779052,C_p,0.030208333333333334,0.033695036545395796
36,8,0.034375,0.309069275856018,hihp_p,0.030208333333333334,0.033695036545395796
36,9,0.025,0.1005944162607193,C_p,0.030208333333333334,0.033695036545395796
36,10,0.026041666666666668,0.1996726393699646,C_p,0.030208333333333334,0.033695036545395796
36,11,0.030208333333333334,0.3446528315544128,hihp_p,0.030208333333333334,0.033695036545395796
36,12,0.028125,0.0213773492723703,D_p,0.030208333333333334,0.033695036545395796
36,13,0.028125,0.1885319501161575,C_p,0.030208333333333334,0.033695036545395796
36,14,0.030208333333333334,0.1960651874542236,hihp_p,0.030208333333333334,0.033695036545395796
36,15,0.03125,0.0734077170491218,hihp_p,0.030208333333333334,0.033695036545395796
36,16,0.035416666666666666,0.55213862657547,hihp_p,0.030208333333333334,0.033695036545395796
36,17,0.03125,0.3408192992210388,hihp_p,0.030208333333333334,0.033695036545395796
36,18,0.03125,0.0379912666976451,hihp_p,0.030208333333333334,0.033695036545395796
36,19,0.03125,0.0699739381670951,hihp_p,0.030208333333333334,0.033695036545395796
36,20,0.025,0.2775520384311676,C_p,0.030208333333333334,0.033695036545395796
36,21,0.04791666666666667,0.3200327455997467,hihp_p,0.030208333333333334,0.033695036545395796
36,22,0.05416666666666667,0.4727906882762909,hihp_p,0.030208333333333334,0.033695036545395796
36,23,0.028125,0.0951100587844848,C_p,0.030208333333333334,0.033695036545395796
36,24,0.028125,0.0285342391580343,D_p,0.030208333333333334,0.033695036545395796
36,25,0.021875,0.028297210112214,D_p,0.030208333333333334,0.033695036545395796
36,26,0.030208333333333334,0.0173743609338998,hilp_p,0.030208333333333334,0.033695036545395796
36,27,0.025,0.0122848125174641,D_p,0.030208333333333334,0.033695036545395796
36,28,0.026041666666666668,0.0082391425967216,D_p,0.030208333333333334,0.033695036545395796
36,29,0.027083333333333334,0.0072536938823759,D_p,0.030208333333333334,0.033695036545395796
36,30,0.029166666666666667,0.0309261530637741,D_p,0.030208333333333334,0.033695036545395796
36,31,0.030208333333333334,0.0073861046694219,hilp_p,0.030208333333333334,0.033695036545395796
36,32,0.028125,0.1820722371339798,C_p,0.030208333333333334,0.033695036545395796
36,33,0.027083333333333334,0.086680494248867,C_p,0.030208333333333334,0.033695036545395796
36,34,0.03958333333333333,0.078386090695858,hihp_p,0.030208333333333334,0.033695036545395796
36,35,0.027083333333333334,0.0223256181925535,D_p,0.030208333333333334,0.033695036545395796
36,36,0.029166666666666667,0.0350342914462089,C_p,0.030208333333333334,0.033695036545395796
36,37,0.029166666666666667,0.0347698926925659,C_p,0.030208333333333334,0.033695036545395796
36,38,0.036458333333333336,0.0523774214088916,hihp_p,0.030208333333333334,0.033695036545395796
36,39,0.029166666666666667,0.0893655568361282,C_p,0.030208333333333334,0.033695036545395796
36,40,0.0375,0.4723002314567566,hihp_p,0.030208333333333334,0.033695036545395796
36,41,0.028125,0.1684975773096084,C_p,0.030208333333333334,0.033695036545395796
36,42,0.029166666666666667,0.0433536693453788,C_p,0.030208333333333334,0.033695036545395796
36,43,0.034375,0.1781497448682785,hihp_p,0.030208333333333334,0.033695036545395796
36,44,0.03125,0.1463554501533508,hihp_p,0.030208333333333334,0.033695036545395796
36,45,0.028125,0.0525218434631824,C_p,0.030208333333333334,0.033695036545395796
36,46,0.028125,0.3052133023738861,C_p,0.030208333333333334,0.033695036545395796
36,47,0.034375,0.5487490892410278,hihp_p,0.030208333333333334,0.033695036545395796
36,48,0.026041666666666668,0.3019178509712219,C_p,0.030208333333333334,0.033695036545395796
36,49,0.036458333333333336,0.3856533169746399,hihp_p,0.030208333333333334,0.033695036545395796
36,50,0.03333333333333333,0.1526823341846466,hihp_p,0.030208333333333334,0.033695036545395796
36,51,0.03125,0.1649802029132843,hihp_p,0.030208333333333334,0.033695036545395796
36,52,0.03229166666666667,0.3880065679550171,hihp_p,0.030208333333333334,0.033695036545395796
36,53,0.030208333333333334,0.163831740617752,hihp_p,0.030208333333333334,0.033695036545395796
36,54,0.030208333333333334,0.1373030394315719,hihp_p,0.030208333333333334,0.033695036545395796
36,55,0.029166666666666667,0.182537093758583,C_p,0.030208333333333334,0.033695036545395796
36,56,0.027083333333333334,0.1944973915815353,C_p,0.030208333333333334,0.033695036545395796
36,57,0.023958333333333335,0.0311670657247304,D_p,0.030208333333333334,0.033695036545395796
36,58,0.03125,0.0198621172457933,hilp_p,0.030208333333333334,0.033695036545395796
36,59,0.034375,0.0305390674620866,hilp_p,0.030208333333333334,0.033695036545395796
36,60,0.030208333333333334,0.0374916344881057,hihp_p,0.030208333333333334,0.033695036545395796
36,61,0.03125,0.0232142638415098,hilp_p,0.030208333333333334,0.033695036545395796
36,62,0.030208333333333334,0.0301301144063472,hilp_p,0.030208333333333334,0.033695036545395796
36,63,0.030208333333333334,0.0397696942090988,hihp_p,0.030208333333333334,0.033695036545395796
37,0,0.03125,0.5201594233512878,hihp_p,0.030208333333333334,0.033695036545395796
37,1,0.023958333333333335,0.3037824928760528,C_p,0.030208333333333334,0.033695036545395796
37,2,0.04583333333333333,0.4764347970485687,hihp_p,0.030208333333333334,0.033695036545395796
37,3,0.036458333333333336,0.333984762430191,hihp_p,0.030208333333333334,0.033695036545395796
37,4,0.0375,0.1588530391454696,hihp_p,0.030208333333333334,0.033695036545395796
37,5,0.01875,0.1922500729560852,C_p,0.030208333333333334,0.033695036545395796
37,6,0.05416666666666667,0.6670383810997009,hihp_p,0.030208333333333334,0.033695036545395796
37,7,0.046875,0.3059001266956329,hihp_p,0.030208333333333334,0.033695036545395796
37,8,0.030208333333333334,0.0422963537275791,hihp_p,0.030208333333333334,0.033695036545395796
37,9,0.03333333333333333,0.1554677039384842,hihp_p,0.030208333333333334,0.033695036545395796
37,10,0.025,0.0930103212594986,C_p,0.030208333333333334,0.033695036545395796
37,11,0.030208333333333334,0.0572288706898689,hihp_p,0.030208333333333334,0.033695036545395796
37,12,0.028125,0.034537173807621,C_p,0.030208333333333334,0.033695036545395796
37,13,0.03229166666666667,0.1348427832126617,hihp_p,0.030208333333333334,0.033695036545395796
37,14,0.026041666666666668,0.3150406777858734,C_p,0.030208333333333334,0.033695036545395796
37,15,0.029166666666666667,0.0615251250565052,C_p,0.030208333333333334,0.033695036545395796
37,16,0.03125,0.0954373702406883,hihp_p,0.030208333333333334,0.033695036545395796
37,17,0.028125,0.1427857428789138,C_p,0.030208333333333334,0.033695036545395796
37,18,0.026041666666666668,0.1545485258102417,C_p,0.030208333333333334,0.033695036545395796
37,19,0.034375,0.0503338053822517,hihp_p,0.030208333333333334,0.033695036545395796
37,20,0.027083333333333334,0.0246932785958051,D_p,0.030208333333333334,0.033695036545395796
37,21,0.028125,0.0210272688418626,D_p,0.030208333333333334,0.033695036545395796
37,22,0.030208333333333334,0.0775543898344039,hihp_p,0.030208333333333334,0.033695036545395796
37,23,0.028125,0.1351308226585388,C_p,0.030208333333333334,0.033695036545395796
37,24,0.035416666666666666,0.4884442687034607,hihp_p,0.030208333333333334,0.033695036545395796
37,25,0.035416666666666666,0.7745386958122253,hihp_p,0.030208333333333334,0.033695036545395796
37,26,0.035416666666666666,0.5565025806427002,hihp_p,0.030208333333333334,0.033695036545395796
37,27,0.020833333333333332,0.5131332874298096,C_p,0.030208333333333334,0.033695036545395796
37,28,0.05,1.019395112991333,hihp_p,0.030208333333333334,0.033695036545395796
37,29,0.028125,0.6248180866241455,C_p,0.030208333333333334,0.033695036545395796
37,30,0.046875,0.6168819665908813,hihp_p,0.030208333333333334,0.033695036545395796
37,31,0.03229166666666667,0.2881828546524048,hihp_p,0.030208333333333334,0.033695036545395796
37,32,0.03125,0.0351118519902229,hihp_p,0.030208333333333334,0.033695036545395796
37,33,0.036458333333333336,0.0620282851159572,hihp_p,0.030208333333333334,0.033695036545395796
37,34,0.030208333333333334,0.0873713940382003,hihp_p,0.030208333333333334,0.033695036545395796
37,35,0.026041666666666668,0.1401741802692413,C_p,0.030208333333333334,0.033695036545395796
37,36,0.022916666666666665,0.2292821407318115,C_p,0.030208333333333334,0.033695036545395796
37,37,0.0375,0.2997016310691833,hihp_p,0.030208333333333334,0.033695036545395796
37,38,0.034375,0.1554088294506073,hihp_p,0.030208333333333334,0.033695036545395796
37,39,0.027083333333333334,0.232511281967163,C_p,0.030208333333333334,0.033695036545395796
37,40,0.029166666666666667,0.2402548640966415,C_p,0.030208333333333334,0.033695036545395796
37,41,0.03229166666666667,0.3212534785270691,hihp_p,0.030208333333333334,0.033695036545395796
37,42,0.03229166666666667,0.1113452017307281,hihp_p,0.030208333333333334,0.033695036545395796
37,43,0.03125,0.2200899273157119,hihp_p,0.030208333333333334,0.033695036545395796
37,44,0.022916666666666665,0.2368697226047516,C_p,0.030208333333333334,0.033695036545395796
37,45,0.029166666666666667,0.4737936854362488,C_p,0.030208333333333334,0.033695036545395796
37,46,0.035416666666666666,0.1560919880867004,hihp_p,0.030208333333333334,0.033695036545395796
37,47,0.025,0.1424826830625534,C_p,0.030208333333333334,0.033695036545395796
37,48,0.029166666666666667,0.0215727426111698,D_p,0.030208333333333334,0.033695036545395796
37,49,0.028125,0.1158155128359794,C_p,0.030208333333333334,0.033695036545395796
37,50,0.027083333333333334,0.0219393335282802,D_p,0.030208333333333334,0.033695036545395796
37,51,0.03125,0.0207072924822568,hilp_p,0.030208333333333334,0.033695036545395796
37,52,0.027083333333333334,0.0214948896318674,D_p,0.030208333333333334,0.033695036545395796
37,53,0.027083333333333334,0.0283832009881734,D_p,0.030208333333333334,0.033695036545395796
37,54,0.03125,0.0093775000423192,hilp_p,0.030208333333333334,0.033695036545395796
37,55,0.028125,0.0876611620187759,C_p,0.030208333333333334,0.033695036545395796
37,56,0.026041666666666668,0.0849255621433258,C_p,0.030208333333333334,0.033695036545395796
37,57,0.03229166666666667,0.1892416626214981,hihp_p,0.030208333333333334,0.033695036545395796
37,58,0.029166666666666667,0.097693845629692,C_p,0.030208333333333334,0.033695036545395796
37,59,0.028125,0.1484462320804596,C_p,0.030208333333333334,0.033695036545395796
37,60,0.03125,0.1549533009529113,hihp_p,0.030208333333333334,0.033695036545395796
37,61,0.028125,0.0932700037956237,C_p,0.030208333333333334,0.033695036545395796
37,62,0.029166666666666667,0.0298859104514122,D_p,0.030208333333333334,0.033695036545395796
37,63,0.029166666666666667,0.1160598322749137,C_p,0.030208333333333334,0.033695036545395796
38,0,0.03125,0.0174584984779357,hilp_p,0.030208333333333334,0.033695036545395796
38,1,0.030208333333333334,0.0097703533247113,hilp_p,0.030208333333333334,0.033695036545395796
38,2,0.030208333333333334,0.009263633750379,hilp_p,0.030208333333333334,0.033695036545395796
38,3,0.027083333333333334,0.0771007984876632,C_p,0.030208333333333334,0.033695036545395796
38,4,0.029166666666666667,0.0146108558401465,D_p,0.030208333333333334,0.033695036545395796
38,5,0.030208333333333334,0.0109666846692562,hilp_p,0.030208333333333334,0.033695036545395796
38,6,0.028125,0.009890167042613,D_p,0.030208333333333334,0.033695036545395796
38,7,0.027083333333333334,0.0532854758203029,C_p,0.030208333333333334,0.033695036545395796
38,8,0.029166666666666667,0.1826689094305038,C_p,0.030208333333333334,0.033695036545395796
38,9,0.027083333333333334,0.0039807707071304,D_p,0.030208333333333334,0.033695036545395796
38,10,0.029166666666666667,0.0288734603673219,D_p,0.030208333333333334,0.033695036545395796
38,11,0.025,0.1634564101696014,C_p,0.030208333333333334,0.033695036545395796
38,12,0.029166666666666667,0.0318647101521492,D_p,0.030208333333333334,0.033695036545395796
38,13,0.030208333333333334,0.0153160337358713,hilp_p,0.030208333333333334,0.033695036545395796
38,14,0.029166666666666667,0.1148994490504264,C_p,0.030208333333333334,0.033695036545395796
38,15,0.028125,0.0811579450964927,C_p,0.030208333333333334,0.033695036545395796
38,16,0.041666666666666664,0.4964395761489868,hihp_p,0.030208333333333334,0.033695036545395796
38,17,0.030208333333333334,0.3022821545600891,hihp_p,0.030208333333333334,0.033695036545395796
38,18,0.057291666666666664,0.7518284320831299,hihp_p,0.030208333333333334,0.033695036545395796
38,19,0.06875,0.5294892191886902,hihp_p,0.030208333333333334,0.033695036545395796
38,20,0.042708333333333334,0.6658769845962524,hihp_p,0.030208333333333334,0.033695036545395796
38,21,0.05520833333333333,1.2004183530807495,hihp_p,0.030208333333333334,0.033695036545395796
38,22,0.06458333333333334,0.7113534212112427,hihp_p,0.030208333333333334,0.033695036545395796
38,23,0.034375,0.512385904788971,hihp_p,0.030208333333333334,0.033695036545395796
38,24,0.034375,0.3927768468856811,hihp_p,0.030208333333333334,0.033695036545395796
38,25,0.03854166666666667,0.3563824295997619,hihp_p,0.030208333333333334,0.033695036545395796
38,26,0.030208333333333334,0.1733077466487884,hihp_p,0.030208333333333334,0.033695036545395796
38,27,0.03125,0.1529308706521988,hihp_p,0.030208333333333334,0.033695036545395796
38,28,0.034375,0.2840242385864258,hihp_p,0.030208333333333334,0.033695036545395796
38,29,0.027083333333333334,0.1758427768945694,C_p,0.030208333333333334,0.033695036545395796
38,30,0.034375,0.3779823780059814,hihp_p,0.030208333333333334,0.033695036545395796
38,31,0.027083333333333334,0.3457746803760528,C_p,0.030208333333333334,0.033695036545395796
38,32,0.030208333333333334,0.0625565126538276,hihp_p,0.030208333333333334,0.033695036545395796
38,33,0.026041666666666668,0.0225074384361505,D_p,0.030208333333333334,0.033695036545395796
38,34,0.022916666666666665,0.0319656319916248,D_p,0.030208333333333334,0.033695036545395796
38,35,0.03229166666666667,0.0319153517484664,hilp_p,0.030208333333333334,0.033695036545395796
38,36,0.029166666666666667,0.0487878546118736,C_p,0.030208333333333334,0.033695036545395796
38,37,0.036458333333333336,0.0992653518915176,hihp_p,0.030208333333333334,0.033695036545395796
38,38,0.026041666666666668,0.1350185424089431,C_p,0.030208333333333334,0.033695036545395796
38,39,0.034375,0.1072177439928054,hihp_p,0.030208333333333334,0.033695036545395796
38,40,0.028125,0.0307060554623603,D_p,0.030208333333333334,0.033695036545395796
38,41,0.03229166666666667,0.0230438411235809,hilp_p,0.030208333333333334,0.033695036545395796
38,42,0.028125,0.1167696863412857,C_p,0.030208333333333334,0.033695036545395796
38,43,0.029166666666666667,0.0186648182570934,D_p,0.030208333333333334,0.033695036545395796
38,44,0.027083333333333334,0.0819292142987251,C_p,0.030208333333333334,0.033695036545395796
38,45,0.027083333333333334,0.0514958091080188,C_p,0.030208333333333334,0.033695036545395796
38,46,0.03333333333333333,0.0248755235224962,hilp_p,0.030208333333333334,0.033695036545395796
38,47,0.027083333333333334,0.0293484032154083,D_p,0.030208333333333334,0.033695036545395796
38,48,0.036458333333333336,0.1331988722085952,hihp_p,0.030208333333333334,0.033695036545395796
38,49,0.090625,0.7977248430252075,hihp_p,0.030208333333333334,0.033695036545395796
38,50,0.05,0.7354702353477478,hihp_p,0.030208333333333334,0.033695036545395796
38,51,0.03854166666666667,0.4364290833473205,hihp_p,0.030208333333333334,0.033695036545395796
38,52,0.052083333333333336,0.6180397868156433,hihp_p,0.030208333333333334,0.033695036545395796
38,53,0.027083333333333334,0.5257287621498108,C_p,0.030208333333333334,0.033695036545395796
38,54,0.029166666666666667,0.3276979923248291,C_p,0.030208333333333334,0.033695036545395796
38,55,0.051041666666666666,0.7438243627548218,hihp_p,0.030208333333333334,0.033695036545395796
38,56,0.042708333333333334,0.2052592635154724,hihp_p,0.030208333333333334,0.033695036545395796
38,57,0.027083333333333334,0.205664575099945,C_p,0.030208333333333334,0.033695036545395796
38,58,0.03229166666666667,0.1472959369421005,hihp_p,0.030208333333333334,0.033695036545395796
38,59,0.03125,0.41722172498703,hihp_p,0.030208333333333334,0.033695036545395796
38,60,0.028125,0.1213752776384353,C_p,0.030208333333333334,0.033695036545395796
38,61,0.03229166666666667,0.2743815779685974,hihp_p,0.030208333333333334,0.033695036545395796
38,62,0.041666666666666664,0.2353881895542144,hihp_p,0.030208333333333334,0.033695036545395796
38,63,0.022916666666666665,0.1730747669935226,C_p,0.030208333333333334,0.033695036545395796
39,0,0.036458333333333336,0.2372684329748153,hihp_p,0.030208333333333334,0.033695036545395796
39,1,0.028125,0.0218414850533008,D_p,0.030208333333333334,0.033695036545395796
39,2,0.03333333333333333,0.0508381202816963,hihp_p,0.030208333333333334,0.033695036545395796
39,3,0.028125,0.0218980554491281,D_p,0.030208333333333334,0.033695036545395796
39,4,0.030208333333333334,0.0175353642553091,hilp_p,0.030208333333333334,0.033695036545395796
39,5,0.022916666666666665,0.0179084222763776,D_p,0.030208333333333334,0.033695036545395796
39,6,0.027083333333333334,0.1339669972658157,C_p,0.030208333333333334,0.033695036545395796
39,7,0.027083333333333334,0.1656025797128677,C_p,0.030208333333333334,0.033695036545395796
39,8,0.030208333333333334,0.0458573065698146,hihp_p,0.030208333333333334,0.033695036545395796
39,9,0.028125,0.1140595525503158,C_p,0.030208333333333334,0.033695036545395796
39,10,0.03229166666666667,0.2272569835186004,hihp_p,0.030208333333333334,0.033695036545395796
39,11,0.029166666666666667,0.2684364318847656,C_p,0.030208333333333334,0.033695036545395796
39,12,0.030208333333333334,0.089506983757019,hihp_p,0.030208333333333334,0.033695036545395796
39,13,0.034375,0.1992274671792984,hihp_p,0.030208333333333334,0.033695036545395796
39,14,0.0375,0.2413337081670761,hihp_p,0.030208333333333334,0.033695036545395796
39,15,0.028125,0.1257966309785843,C_p,0.030208333333333334,0.033695036545395796
39,16,0.029166666666666667,0.0190752241760492,D_p,0.030208333333333334,0.033695036545395796
39,17,0.026041666666666668,0.0079619120806455,D_p,0.030208333333333334,0.033695036545395796
39,18,0.029166666666666667,0.009246808476746,D_p,0.030208333333333334,0.033695036545395796
39,19,0.03229166666666667,0.017774574458599,hilp_p,0.030208333333333334,0.033695036545395796
39,20,0.028125,0.0188232474029064,D_p,0.030208333333333334,0.033695036545395796
39,21,0.029166666666666667,0.0306108016520738,D_p,0.030208333333333334,0.033695036545395796
39,22,0.027083333333333334,0.0188399218022823,D_p,0.030208333333333334,0.033695036545395796
39,23,0.023958333333333335,0.0067847585305571,D_p,0.030208333333333334,0.033695036545395796
39,24,0.027083333333333334,0.0107851745560765,D_p,0.030208333333333334,0.033695036545395796
39,25,0.030208333333333334,0.0730448886752128,hihp_p,0.030208333333333334,0.033695036545395796
39,26,0.03229166666666667,0.0037749568000435,hilp_p,0.030208333333333334,0.033695036545395796
39,27,0.029166666666666667,0.0256996415555477,D_p,0.030208333333333334,0.033695036545395796
39,28,0.03229166666666667,0.0297700520604848,hilp_p,0.030208333333333334,0.033695036545395796
39,29,0.029166666666666667,0.019722081720829,D_p,0.030208333333333334,0.033695036545395796
39,30,0.030208333333333334,0.0213439166545867,hilp_p,0.030208333333333334,0.033695036545395796
39,31,0.029166666666666667,0.0260173976421356,D_p,0.030208333333333334,0.033695036545395796
39,32,0.034375,0.1780172437429428,hihp_p,0.030208333333333334,0.033695036545395796
39,33,0.029166666666666667,0.3675592541694641,C_p,0.030208333333333334,0.033695036545395796
39,34,0.03333333333333333,0.2336806356906891,hihp_p,0.030208333333333334,0.033695036545395796
39,35,0.030208333333333334,0.4690511226654053,hihp_p,0.030208333333333334,0.033695036545395796
39,36,0.030208333333333334,0.543287456035614,hihp_p,0.030208333333333334,0.033695036545395796
39,37,0.03125,0.2379606962203979,hihp_p,0.030208333333333334,0.033695036545395796
39,38,0.023958333333333335,0.2212669849395752,C_p,0.030208333333333334,0.033695036545395796
39,39,0.030208333333333334,0.2235987037420272,hihp_p,0.030208333333333334,0.033695036545395796
39,40,0.20208333333333334,2.3691537380218506,hihp_p,0.030208333333333334,0.033695036545395796
39,41,0.057291666666666664,0.8542664647102356,hihp_p,0.030208333333333334,0.033695036545395796
39,42,0.051041666666666666,0.9953063130378724,hihp_p,0.030208333333333334,0.033695036545395796
39,43,0.05416666666666667,0.9933538436889648,hihp_p,0.030208333333333334,0.033695036545395796
39,44,0.040625,0.5441998839378357,hihp_p,0.030208333333333334,0.033695036545395796
39,45,0.041666666666666664,0.6323440670967102,hihp_p,0.030208333333333334,0.033695036545395796
39,46,0.046875,0.5930749773979187,hihp_p,0.030208333333333334,0.033695036545395796
39,47,0.06354166666666666,0.4330442547798157,hihp_p,0.030208333333333334,0.033695036545395796
39,48,0.023958333333333335,0.0236121024936437,D_p,0.030208333333333334,0.033695036545395796
39,49,0.03125,0.0385972298681736,hihp_p,0.030208333333333334,0.033695036545395796
39,50,0.03229166666666667,0.1636292338371276,hihp_p,0.030208333333333334,0.033695036545395796
39,51,0.029166666666666667,0.0462532453238964,C_p,0.030208333333333334,0.033695036545395796
39,52,0.03229166666666667,0.0228046998381614,hilp_p,0.030208333333333334,0.033695036545395796
39,53,0.029166666666666667,0.075721725821495,C_p,0.030208333333333334,0.033695036545395796
39,54,0.030208333333333334,0.1572072356939315,hihp_p,0.030208333333333334,0.033695036545395796
39,55,0.0375,0.0149372601881623,hilp_p,0.030208333333333334,0.033695036545395796
39,56,0.030208333333333334,0.0062461765483021,hilp_p,0.030208333333333334,0.033695036545395796
39,57,0.029166666666666667,0.0122298086062073,D_p,0.030208333333333334,0.033695036545395796
39,58,0.027083333333333334,0.063084676861763,C_p,0.030208333333333334,0.033695036545395796
39,59,0.034375,0.006124501582235,hilp_p,0.030208333333333334,0.033695036545395796
39,60,0.03333333333333333,0.1890025585889816,hihp_p,0.030208333333333334,0.033695036545395796
39,61,0.030208333333333334,0.0309207905083894,hilp_p,0.030208333333333334,0.033695036545395796
39,62,0.028125,0.0118881948292255,D_p,0.030208333333333334,0.033695036545395796
39,63,0.03125,0.1395816802978515,hihp_p,0.030208333333333334,0.033695036545395796
40,0,0.03125,0.0242299474775791,hilp_p,0.030208333333333334,0.033695036545395796
40,1,0.026041666666666668,0.0045520970597863,D_p,0.030208333333333334,0.033695036545395796
40,2,0.03333333333333333,0.038645152002573,hihp_p,0.030208333333333334,0.033695036545395796
40,3,0.030208333333333334,0.1054623648524284,hihp_p,0.030208333333333334,0.033695036545395796
40,4,0.030208333333333334,0.0901875346899032,hihp_p,0.030208333333333334,0.033695036545395796
40,5,0.034375,0.1678668558597564,hihp_p,0.030208333333333334,0.033695036545395796
40,6,0.034375,0.0355981290340423,hihp_p,0.030208333333333334,0.033695036545395796
40,7,0.027083333333333334,0.0590768046677112,C_p,0.030208333333333334,0.033695036545395796
40,8,0.03229166666666667,0.0383584015071392,hihp_p,0.030208333333333334,0.033695036545395796
40,9,0.034375,0.1048386320471763,hihp_p,0.030208333333333334,0.033695036545395796
40,10,0.026041666666666668,0.0773575529456138,C_p,0.030208333333333334,0.033695036545395796
40,11,0.030208333333333334,0.0532564967870712,hihp_p,0.030208333333333334,0.033695036545395796
40,12,0.028125,0.061079952865839,C_p,0.030208333333333334,0.033695036545395796
40,13,0.028125,0.0888753905892372,C_p,0.030208333333333334,0.033695036545395796
40,14,0.030208333333333334,0.1279605031013488,hihp_p,0.030208333333333334,0.033695036545395796
40,15,0.0375,0.0294607039541006,hilp_p,0.030208333333333334,0.033695036545395796
40,16,0.029166666666666667,0.0260458309203386,D_p,0.030208333333333334,0.033695036545395796
40,17,0.028125,0.0117904888466,D_p,0.030208333333333334,0.033695036545395796
40,18,0.027083333333333334,0.0751188024878501,C_p,0.030208333333333334,0.033695036545395796
40,19,0.03229166666666667,0.0152904912829399,hilp_p,0.030208333333333334,0.033695036545395796
40,20,0.028125,0.0086979158222675,D_p,0.030208333333333334,0.033695036545395796
40,21,0.030208333333333334,0.0545566491782665,hihp_p,0.030208333333333334,0.033695036545395796
40,22,0.023958333333333335,0.0596380494534969,C_p,0.030208333333333334,0.033695036545395796
40,23,0.027083333333333334,0.0075889937579631,D_p,0.030208333333333334,0.033695036545395796
40,24,0.030208333333333334,0.0145472818985581,hilp_p,0.030208333333333334,0.033695036545395796
40,25,0.025,0.0120325712487101,D_p,0.030208333333333334,0.033695036545395796
40,26,0.028125,0.0274595022201538,D_p,0.030208333333333334,0.033695036545395796
40,27,0.03229166666666667,0.0072974669747054,hilp_p,0.030208333333333334,0.033695036545395796
40,28,0.025,0.0100267203524708,D_p,0.030208333333333334,0.033695036545395796
40,29,0.03229166666666667,0.0109237004071474,hilp_p,0.030208333333333334,0.033695036545395796
40,30,0.03229166666666667,0.0172254424542188,hilp_p,0.030208333333333334,0.033695036545395796
40,31,0.027083333333333334,0.0290253777056932,D_p,0.030208333333333334,0.033695036545395796
40,32,0.030208333333333334,0.05169028788805,hihp_p,0.030208333333333334,0.033695036545395796
40,33,0.030208333333333334,0.0822476148605346,hihp_p,0.030208333333333334,0.033695036545395796
40,34,0.034375,0.1111003533005714,hihp_p,0.030208333333333334,0.033695036545395796
40,35,0.026041666666666668,0.0847142338752746,C_p,0.030208333333333334,0.033695036545395796
40,36,0.030208333333333334,0.062989555299282,hihp_p,0.030208333333333334,0.033695036545395796
40,37,0.029166666666666667,0.0806453004479408,C_p,0.030208333333333334,0.033695036545395796
40,38,0.030208333333333334,0.0307593662291765,hilp_p,0.030208333333333334,0.033695036545395796
40,39,0.034375,0.0786469280719757,hihp_p,0.030208333333333334,0.033695036545395796
40,40,0.025,0.0060123936273157,D_p,0.030208333333333334,0.033695036545395796
40,41,0.03333333333333333,0.0733041614294052,hihp_p,0.030208333333333334,0.033695036545395796
40,42,0.03229166666666667,0.0498024225234985,hihp_p,0.030208333333333334,0.033695036545395796
40,43,0.027083333333333334,0.0287554301321506,D_p,0.030208333333333334,0.033695036545395796
40,44,0.03125,0.0314270220696926,hilp_p,0.030208333333333334,0.033695036545395796
40,45,0.026041666666666668,0.0369975343346595,C_p,0.030208333333333334,0.033695036545395796
40,46,0.029166666666666667,0.0146830109879374,D_p,0.030208333333333334,0.033695036545395796
40,47,0.03229166666666667,0.0790249407291412,hihp_p,0.030208333333333334,0.033695036545395796
40,48,0.025,0.0214404519647359,D_p,0.030208333333333334,0.033695036545395796
40,49,0.03333333333333333,0.1078119874000549,hihp_p,0.030208333333333334,0.033695036545395796
40,50,0.027083333333333334,0.0582180432975292,C_p,0.030208333333333334,0.033695036545395796
40,51,0.029166666666666667,0.0667889639735221,C_p,0.030208333333333334,0.033695036545395796
40,52,0.03125,0.0844744220376014,hihp_p,0.030208333333333334,0.033695036545395796
40,53,0.029166666666666667,0.0339056998491287,C_p,0.030208333333333334,0.033695036545395796
40,54,0.03229166666666667,0.0292155351489782,hilp_p,0.030208333333333334,0.033695036545395796
40,55,0.029166666666666667,0.1813651472330093,C_p,0.030208333333333334,0.033695036545395796
40,56,0.029166666666666667,0.012393713928759,D_p,0.030208333333333334,0.033695036545395796
40,57,0.03229166666666667,0.0136903626844286,hilp_p,0.030208333333333334,0.033695036545395796
40,58,0.03125,0.0040252646431326,hilp_p,0.030208333333333334,0.033695036545395796
40,59,0.026041666666666668,0.006845667026937,D_p,0.030208333333333334,0.033695036545395796
40,60,0.028125,0.0045594624243676,D_p,0.030208333333333334,0.033695036545395796
40,61,0.028125,0.0033599087037146,D_p,0.030208333333333334,0.033695036545395796
40,62,0.029166666666666667,0.0080587845295667,D_p,0.030208333333333334,0.033695036545395796
40,63,0.027083333333333334,0.0101754749193787,D_p,0.030208333333333334,0.033695036545395796
41,0,0.030208333333333334,0.0076026180759072,hilp_p,0.030208333333333334,0.033695036545395796
41,1,0.028125,0.0082010775804519,D_p,0.030208333333333334,0.033695036545395796
41,2,0.03125,0.0324499011039733,hilp_p,0.030208333333333334,0.033695036545395796
41,3,0.026041666666666668,0.0266582332551479,D_p,0.030208333333333334,0.033695036545395796
41,4,0.027083333333333334,0.0122474376112222,D_p,0.030208333333333334,0.033695036545395796
41,5,0.030208333333333334,0.1028015613555908,hihp_p,0.030208333333333334,0.033695036545395796
41,6,0.021875,0.0079684471711516,D_p,0.030208333333333334,0.033695036545395796
41,7,0.028125,0.008730661123991,D_p,0.030208333333333334,0.033695036545395796
41,8,0.027083333333333334,0.0165702309459447,D_p,0.030208333333333334,0.033695036545395796
41,9,0.036458333333333336,0.0172903593629598,hilp_p,0.030208333333333334,0.033695036545395796
41,10,0.03125,0.0369975492358207,hihp_p,0.030208333333333334,0.033695036545395796
41,11,0.03229166666666667,0.003600099356845,hilp_p,0.030208333333333334,0.033695036545395796
41,12,0.030208333333333334,0.0040614246390759,hilp_p,0.030208333333333334,0.033695036545395796
41,13,0.029166666666666667,0.0508347675204277,C_p,0.030208333333333334,0.033695036545395796
41,14,0.028125,0.0094266887754201,D_p,0.030208333333333334,0.033695036545395796
41,15,0.03125,0.0565600059926509,hihp_p,0.030208333333333334,0.033695036545395796
41,16,0.028125,0.4552192389965057,C_p,0.030208333333333334,0.033695036545395796
41,17,0.027083333333333334,0.2054877430200576,C_p,0.030208333333333334,0.033695036545395796
41,18,0.03125,0.5787768363952637,hihp_p,0.030208333333333334,0.033695036545395796
41,19,0.06770833333333333,0.5983337163925171,hihp_p,0.030208333333333334,0.033695036545395796
41,20,0.027083333333333334,0.1479511111974716,C_p,0.030208333333333334,0.033695036545395796
41,21,0.030208333333333334,0.4319311380386352,hihp_p,0.030208333333333334,0.033695036545395796
41,22,0.057291666666666664,0.7536705136299133,hihp_p,0.030208333333333334,0.033695036545395796
41,23,0.034375,0.3507058024406433,hihp_p,0.030208333333333334,0.033695036545395796
41,24,0.03125,0.019831383600831,hilp_p,0.030208333333333334,0.033695036545395796
41,25,0.027083333333333334,0.1045696958899498,C_p,0.030208333333333334,0.033695036545395796
41,26,0.030208333333333334,0.1970810443162918,hihp_p,0.030208333333333334,0.033695036545395796
41,27,0.034375,0.0678390711545944,hihp_p,0.030208333333333334,0.033695036545395796
41,28,0.023958333333333335,0.1116708666086196,C_p,0.030208333333333334,0.033695036545395796
41,29,0.028125,0.0605527497828006,C_p,0.030208333333333334,0.033695036545395796
41,30,0.042708333333333334,0.6253321766853333,hihp_p,0.030208333333333334,0.033695036545395796
41,31,0.036458333333333336,0.0476142615079879,hihp_p,0.030208333333333334,0.033695036545395796
41,32,0.027083333333333334,0.0525615997612476,C_p,0.030208333333333334,0.033695036545395796
41,33,0.030208333333333334,0.0545874200761318,hihp_p,0.030208333333333334,0.033695036545395796
41,34,0.030208333333333334,0.2223593443632125,hihp_p,0.030208333333333334,0.033695036545395796
41,35,0.029166666666666667,0.1155148148536682,C_p,0.030208333333333334,0.033695036545395796
41,36,0.028125,0.0150606967508792,D_p,0.030208333333333334,0.033695036545395796
41,37,0.029166666666666667,0.0116031728684902,D_p,0.030208333333333334,0.033695036545395796
41,38,0.035416666666666666,0.0197306051850318,hilp_p,0.030208333333333334,0.033695036545395796
41,39,0.029166666666666667,0.069797359406948,C_p,0.030208333333333334,0.033695036545395796
41,40,0.023958333333333335,0.0768727660179138,C_p,0.030208333333333334,0.033695036545395796
41,41,0.03333333333333333,0.0277337133884429,hilp_p,0.030208333333333334,0.033695036545395796
41,42,0.04791666666666667,0.3256393074989319,hihp_p,0.030208333333333334,0.033695036545395796
41,43,0.027083333333333334,0.0527296178042888,C_p,0.030208333333333334,0.033695036545395796
41,44,0.027083333333333334,0.0795893222093582,C_p,0.030208333333333334,0.033695036545395796
41,45,0.029166666666666667,0.0519732683897018,C_p,0.030208333333333334,0.033695036545395796
41,46,0.029166666666666667,0.2041879147291183,C_p,0.030208333333333334,0.033695036545395796
41,47,0.021875,0.0990273356437683,C_p,0.030208333333333334,0.033695036545395796
41,48,0.030208333333333334,0.2027045935392379,hihp_p,0.030208333333333334,0.033695036545395796
41,49,0.03229166666666667,0.0221156328916549,hilp_p,0.030208333333333334,0.033695036545395796
41,50,0.027083333333333334,0.0239075552672147,D_p,0.030208333333333334,0.033695036545395796
41,51,0.028125,0.0413031093776226,C_p,0.030208333333333334,0.033695036545395796
41,52,0.03229166666666667,0.0392953492701053,hihp_p,0.030208333333333334,0.033695036545395796
41,53,0.036458333333333336,0.1671122610569,hihp_p,0.030208333333333334,0.033695036545395796
41,54,0.030208333333333334,0.0172344297170639,hilp_p,0.030208333333333334,0.033695036545395796
41,55,0.029166666666666667,0.0047341617755591,D_p,0.030208333333333334,0.033695036545395796
41,56,0.028125,0.1675713062286377,C_p,0.030208333333333334,0.033695036545395796
41,57,0.03854166666666667,0.1919218599796295,hihp_p,0.030208333333333334,0.033695036545395796
41,58,0.04479166666666667,0.3925001621246338,hihp_p,0.030208333333333334,0.033695036545395796
41,59,0.036458333333333336,0.4358503520488739,hihp_p,0.030208333333333334,0.033695036545395796
41,60,0.028125,0.03036486543715,D_p,0.030208333333333334,0.033695036545395796
41,61,0.030208333333333334,0.5061634182929993,hihp_p,0.030208333333333334,0.033695036545395796
41,62,0.04375,1.0919595956802368,hihp_p,0.030208333333333334,0.033695036545395796
41,63,0.03229166666666667,1.1705687046051023,hihp_p,0.030208333333333334,0.033695036545395796
42,0,0.030208333333333334,0.0301785059273242,hilp_p,0.030208333333333334,0.033695036545395796
42,1,0.034375,0.0039297649636864,hilp_p,0.030208333333333334,0.033695036545395796
42,2,0.026041666666666668,0.0181865077465772,D_p,0.030208333333333334,0.033695036545395796
42,3,0.028125,0.0123913334682583,D_p,0.030208333333333334,0.033695036545395796
42,4,0.030208333333333334,0.022052900865674,hilp_p,0.030208333333333334,0.033695036545395796
42,5,0.026041666666666668,0.0798713713884353,C_p,0.030208333333333334,0.033695036545395796
42,6,0.027083333333333334,0.015452018007636,D_p,0.030208333333333334,0.033695036545395796
42,7,0.026041666666666668,0.0513179339468479,C_p,0.030208333333333334,0.033695036545395796
42,8,0.035416666666666666,0.0702668651938438,hihp_p,0.030208333333333334,0.033695036545395796
42,9,0.03229166666666667,0.0873989164829254,hihp_p,0.030208333333333334,0.033695036545395796
42,10,0.029166666666666667,0.0818437784910202,C_p,0.030208333333333334,0.033695036545395796
42,11,0.04375,0.1418192237615585,hihp_p,0.030208333333333334,0.033695036545395796
42,12,0.03125,0.1422681212425232,hihp_p,0.030208333333333334,0.033695036545395796
42,13,0.03333333333333333,0.1268629133701324,hihp_p,0.030208333333333334,0.033695036545395796
42,14,0.022916666666666665,0.1135130152106285,C_p,0.030208333333333334,0.033695036545395796
42,15,0.030208333333333334,0.0421501882374286,hihp_p,0.030208333333333334,0.033695036545395796
42,16,0.030208333333333334,0.0572378411889076,hihp_p,0.030208333333333334,0.033695036545395796
42,17,0.021875,0.0065317898988723,D_p,0.030208333333333334,0.033695036545395796
42,18,0.028125,0.1289932429790496,C_p,0.030208333333333334,0.033695036545395796
42,19,0.03125,0.0554800070822238,hihp_p,0.030208333333333334,0.033695036545395796
42,20,0.025,0.0786182582378387,C_p,0.030208333333333334,0.033695036545395796
42,21,0.028125,0.0159369558095932,D_p,0.030208333333333334,0.033695036545395796
42,22,0.03125,0.4325303733348846,hihp_p,0.030208333333333334,0.033695036545395796
42,23,0.026041666666666668,0.0376224815845489,C_p,0.030208333333333334,0.033695036545395796
42,24,0.025,0.034852061420679,C_p,0.030208333333333334,0.033695036545395796
42,25,0.026041666666666668,0.1565529704093933,C_p,0.030208333333333334,0.033695036545395796
42,26,0.03333333333333333,0.3614625334739685,hihp_p,0.030208333333333334,0.033695036545395796
42,27,0.027083333333333334,0.1118875592947006,C_p,0.030208333333333334,0.033695036545395796
42,28,0.028125,0.5361191034317017,C_p,0.030208333333333334,0.033695036545395796
42,29,0.030208333333333334,0.0083845676854252,hilp_p,0.030208333333333334,0.033695036545395796
42,30,0.029166666666666667,0.8398280143737793,C_p,0.030208333333333334,0.033695036545395796
42,31,0.06458333333333334,0.7541632652282715,hihp_p,0.030208333333333334,0.033695036545395796
42,32,0.023958333333333335,0.0610790029168129,C_p,0.030208333333333334,0.033695036545395796
42,33,0.029166666666666667,0.0183503702282905,D_p,0.030208333333333334,0.033695036545395796
42,34,0.03125,0.0149108693003654,hilp_p,0.030208333333333334,0.033695036545395796
42,35,0.026041666666666668,0.0155337685719132,D_p,0.030208333333333334,0.033695036545395796
42,36,0.029166666666666667,0.0111385770142078,D_p,0.030208333333333334,0.033695036545395796
42,37,0.027083333333333334,0.0799363330006599,C_p,0.030208333333333334,0.033695036545395796
42,38,0.030208333333333334,0.014742249622941,hilp_p,0.030208333333333334,0.033695036545395796
42,39,0.029166666666666667,0.0073328213766217,D_p,0.030208333333333334,0.033695036545395796
42,40,0.030208333333333334,0.008217079564929,hilp_p,0.030208333333333334,0.033695036545395796
42,41,0.029166666666666667,0.0039149126969277,D_p,0.030208333333333334,0.033695036545395796
42,42,0.026041666666666668,0.0266176480799913,D_p,0.030208333333333334,0.033695036545395796
42,43,0.03125,0.0154750142246484,hilp_p,0.030208333333333334,0.033695036545395796
42,44,0.028125,0.0067823152057826,D_p,0.030208333333333334,0.033695036545395796
42,45,0.03125,0.0155285876244306,hilp_p,0.030208333333333334,0.033695036545395796
42,46,0.029166666666666667,0.0123463217169046,D_p,0.030208333333333334,0.033695036545395796
42,47,0.030208333333333334,0.0137133840471506,hilp_p,0.030208333333333334,0.033695036545395796
42,48,0.03125,0.0050868070684373,hilp_p,0.030208333333333334,0.033695036545395796
42,49,0.025,0.0394209697842597,C_p,0.030208333333333334,0.033695036545395796
42,50,0.03333333333333333,0.0208832472562789,hilp_p,0.030208333333333334,0.033695036545395796
42,51,0.028125,0.009554911404848,D_p,0.030208333333333334,0.033695036545395796
42,52,0.03333333333333333,0.0212146453559398,hilp_p,0.030208333333333334,0.033695036545395796
42,53,0.035416666666666666,0.0281452629715204,hilp_p,0.030208333333333334,0.033695036545395796
42,54,0.03333333333333333,0.0148726357147097,hilp_p,0.030208333333333334,0.033695036545395796
42,55,0.030208333333333334,0.06221504509449,hihp_p,0.030208333333333334,0.033695036545395796
42,56,0.03125,0.0071447934024035,hilp_p,0.030208333333333334,0.033695036545395796
42,57,0.029166666666666667,0.0443558879196643,C_p,0.030208333333333334,0.033695036545395796
42,58,0.027083333333333334,0.0056281578727066,D_p,0.030208333333333334,0.033695036545395796
42,59,0.027083333333333334,0.0118878027424216,D_p,0.030208333333333334,0.033695036545395796
42,60,0.027083333333333334,0.0024509625509381,D_p,0.030208333333333334,0.033695036545395796
42,61,0.03333333333333333,0.0064875520765781,hilp_p,0.030208333333333334,0.033695036545395796
42,62,0.028125,0.0217231567949056,D_p,0.030208333333333334,0.033695036545395796
42,63,0.028125,0.0028609575238078,D_p,0.030208333333333334,0.033695036545395796
43,0,0.029166666666666667,0.1615377217531204,C_p,0.030208333333333334,0.033695036545395796
43,1,0.030208333333333334,0.0793077200651168,hihp_p,0.030208333333333334,0.033695036545395796
43,2,0.03229166666666667,0.0195408705621957,hilp_p,0.030208333333333334,0.033695036545395796
43,3,0.027083333333333334,0.0285732112824916,D_p,0.030208333333333334,0.033695036545395796
43,4,0.05,0.3680852949619293,hihp_p,0.030208333333333334,0.033695036545395796
43,5,0.03125,0.0636337548494339,hihp_p,0.030208333333333334,0.033695036545395796
43,6,0.028125,0.1476350575685501,C_p,0.030208333333333334,0.033695036545395796
43,7,0.028125,0.0551351457834243,C_p,0.030208333333333334,0.033695036545395796
43,8,0.030208333333333334,0.1932531297206878,hihp_p,0.030208333333333334,0.033695036545395796
43,9,0.03125,0.1488218456506729,hihp_p,0.030208333333333334,0.033695036545395796
43,10,0.027083333333333334,0.139063149690628,C_p,0.030208333333333334,0.033695036545395796
43,11,0.03333333333333333,0.0181936286389827,hilp_p,0.030208333333333334,0.033695036545395796
43,12,0.022916666666666665,0.13712939620018,C_p,0.030208333333333334,0.033695036545395796
43,13,0.028125,0.1274287849664688,C_p,0.030208333333333334,0.033695036545395796
43,14,0.035416666666666666,0.2656771242618561,hihp_p,0.030208333333333334,0.033695036545395796
43,15,0.026041666666666668,0.2225303649902343,C_p,0.030208333333333334,0.033695036545395796
43,16,0.029166666666666667,0.0377173498272895,C_p,0.030208333333333334,0.033695036545395796
43,17,0.029166666666666667,0.0586727000772953,C_p,0.030208333333333334,0.033695036545395796
43,18,0.030208333333333334,0.1278463453054428,hihp_p,0.030208333333333334,0.033695036545395796
43,19,0.030208333333333334,0.1344814002513885,hihp_p,0.030208333333333334,0.033695036545395796
43,20,0.027083333333333334,0.0179048683494329,D_p,0.030208333333333334,0.033695036545395796
43,21,0.027083333333333334,0.0035672930534929,D_p,0.030208333333333334,0.033695036545395796
43,22,0.029166666666666667,0.2802416980266571,C_p,0.030208333333333334,0.033695036545395796
43,23,0.027083333333333334,0.1119045093655586,C_p,0.030208333333333334,0.033695036545395796
43,24,0.027083333333333334,0.0470084361732006,C_p,0.030208333333333334,0.033695036545395796
43,25,0.023958333333333335,0.0309174191206693,D_p,0.030208333333333334,0.033695036545395796
43,26,0.029166666666666667,0.0921474993228912,C_p,0.030208333333333334,0.033695036545395796
43,27,0.03229166666666667,0.0134972361847758,hilp_p,0.030208333333333334,0.033695036545395796
43,28,0.030208333333333334,0.0182102248072624,hilp_p,0.030208333333333334,0.033695036545395796
43,29,0.028125,0.0239672362804412,D_p,0.030208333333333334,0.033695036545395796
43,30,0.029166666666666667,0.0551734715700149,C_p,0.030208333333333334,0.033695036545395796
43,31,0.03125,0.0133047644048929,hilp_p,0.030208333333333334,0.033695036545395796
43,32,0.027083333333333334,0.0184894446283578,D_p,0.030208333333333334,0.033695036545395796
43,33,0.030208333333333334,0.0040798760019242,hilp_p,0.030208333333333334,0.033695036545395796
43,34,0.03125,0.0130248917266726,hilp_p,0.030208333333333334,0.033695036545395796
43,35,0.028125,0.0069356779567897,D_p,0.030208333333333334,0.033695036545395796
43,36,0.028125,0.0182752143591642,D_p,0.030208333333333334,0.033695036545395796
43,37,0.028125,0.0130269136279821,D_p,0.030208333333333334,0.033695036545395796
43,38,0.025,0.0074630305171012,D_p,0.030208333333333334,0.033695036545395796
43,39,0.029166666666666667,0.0095614716410636,D_p,0.030208333333333334,0.033695036545395796
43,40,0.023958333333333335,0.00547776510939,D_p,0.030208333333333334,0.033695036545395796
43,41,0.027083333333333334,0.0551063567399978,C_p,0.030208333333333334,0.033695036545395796
43,42,0.026041666666666668,0.0075566265732049,D_p,0.030208333333333334,0.033695036545395796
43,43,0.029166666666666667,0.008818837814033,D_p,0.030208333333333334,0.033695036545395796
43,44,0.03333333333333333,0.0068811527453362,hilp_p,0.030208333333333334,0.033695036545395796
43,45,0.030208333333333334,0.0184665378183126,hilp_p,0.030208333333333334,0.033695036545395796
43,46,0.028125,0.0225706901401281,D_p,0.030208333333333334,0.033695036545395796
43,47,0.028125,0.0047686886973679,D_p,0.030208333333333334,0.033695036545395796
43,48,0.03333333333333333,0.0028615572955459,hilp_p,0.030208333333333334,0.033695036545395796
43,49,0.03125,0.0038694287650287,hilp_p,0.030208333333333334,0.033695036545395796
43,50,0.03125,0.0075968862511217,hilp_p,0.030208333333333334,0.033695036545395796
43,51,0.029166666666666667,0.0337554402649402,C_p,0.030208333333333334,0.033695036545395796
43,52,0.026041666666666668,0.0026800564955919,D_p,0.030208333333333334,0.033695036545395796
43,53,0.029166666666666667,0.0022517126053571,D_p,0.030208333333333334,0.033695036545395796
43,54,0.03125,0.0185507219284772,hilp_p,0.030208333333333334,0.033695036545395796
43,55,0.026041666666666668,0.0146932750940322,D_p,0.030208333333333334,0.033695036545395796
43,56,0.025,0.0193769745528697,D_p,0.030208333333333334,0.033695036545395796
43,57,0.03229166666666667,0.0685131177306175,hihp_p,0.030208333333333334,0.033695036545395796
43,58,0.025,0.0332581922411918,D_p,0.030208333333333334,0.033695036545395796
43,59,0.03229166666666667,0.0312595218420028,hilp_p,0.030208333333333334,0.033695036545395796
43,60,0.03229166666666667,0.0095800105482339,hilp_p,0.030208333333333334,0.033695036545395796
43,61,0.03333333333333333,0.09625905752182,hihp_p,0.030208333333333334,0.033695036545395796
43,62,0.03229166666666667,0.1072836443781852,hihp_p,0.030208333333333334,0.033695036545395796
43,63,0.028125,0.0301581025123596,D_p,0.030208333333333334,0.033695036545395796
44,0,0.023958333333333335,0.06376663595438,C_p,0.030208333333333334,0.033695036545395796
44,1,0.030208333333333334,0.0783365592360496,hihp_p,0.030208333333333334,0.033695036545395796
44,2,0.0375,0.3126307129859924,hihp_p,0.030208333333333334,0.033695036545395796
44,3,0.022916666666666665,0.1750442534685135,C_p,0.030208333333333334,0.033695036545395796
44,4,0.0375,0.2060307562351226,hihp_p,0.030208333333333334,0.033695036545395796
44,5,0.035416666666666666,0.1184539347887039,hihp_p,0.030208333333333334,0.033695036545395796
44,6,0.029166666666666667,0.0703477263450622,C_p,0.030208333333333334,0.033695036545395796
44,7,0.071875,0.8683435320854187,hihp_p,0.030208333333333334,0.033695036545395796
44,8,0.025,0.0260747838765382,D_p,0.030208333333333334,0.033695036545395796
44,9,0.03125,0.0241887625306844,hilp_p,0.030208333333333334,0.033695036545395796
44,10,0.03229166666666667,0.010289249010384,hilp_p,0.030208333333333334,0.033695036545395796
44,11,0.030208333333333334,0.0316633284091949,hilp_p,0.030208333333333334,0.033695036545395796
44,12,0.030208333333333334,0.0042766267433762,hilp_p,0.030208333333333334,0.033695036545395796
44,13,0.03333333333333333,0.0297906659543514,hilp_p,0.030208333333333334,0.033695036545395796
44,14,0.034375,0.0060427249409258,hilp_p,0.030208333333333334,0.033695036545395796
44,15,0.03125,0.0048601748421788,hilp_p,0.030208333333333334,0.033695036545395796
44,16,0.03125,0.0070787062868475,hilp_p,0.030208333333333334,0.033695036545395796
44,17,0.029166666666666667,0.0166185088455677,D_p,0.030208333333333334,0.033695036545395796
44,18,0.03229166666666667,0.0394663959741592,hihp_p,0.030208333333333334,0.033695036545395796
44,19,0.03229166666666667,0.0055471481755375,hilp_p,0.030208333333333334,0.033695036545395796
44,20,0.030208333333333334,0.0123901404440402,hilp_p,0.030208333333333334,0.033695036545395796
44,21,0.035416666666666666,0.003377953544259,hilp_p,0.030208333333333334,0.033695036545395796
44,22,0.03333333333333333,0.0128694362938404,hilp_p,0.030208333333333334,0.033695036545395796
44,23,0.027083333333333334,0.0030196928419172,D_p,0.030208333333333334,0.033695036545395796
44,24,0.029166666666666667,0.0184291824698448,D_p,0.030208333333333334,0.033695036545395796
44,25,0.027083333333333334,0.0308481808751821,D_p,0.030208333333333334,0.033695036545395796
44,26,0.029166666666666667,0.0102680269628763,D_p,0.030208333333333334,0.033695036545395796
44,27,0.028125,0.0223030373454093,D_p,0.030208333333333334,0.033695036545395796
44,28,0.030208333333333334,0.0035703554749488,hilp_p,0.030208333333333334,0.033695036545395796
44,29,0.030208333333333334,0.0462686493992805,hihp_p,0.030208333333333334,0.033695036545395796
44,30,0.027083333333333334,0.0497335754334926,C_p,0.030208333333333334,0.033695036545395796
44,31,0.025,0.0126927299425005,D_p,0.030208333333333334,0.033695036545395796
44,32,0.029166666666666667,0.0522850230336189,C_p,0.030208333333333334,0.033695036545395796
44,33,0.034375,0.0277325846254825,hilp_p,0.030208333333333334,0.033695036545395796
44,34,0.026041666666666668,0.0625702813267707,C_p,0.030208333333333334,0.033695036545395796
44,35,0.03229166666666667,0.0383511558175087,hihp_p,0.030208333333333334,0.033695036545395796
44,36,0.028125,0.0415157563984394,C_p,0.030208333333333334,0.033695036545395796
44,37,0.030208333333333334,0.0491247735917568,hihp_p,0.030208333333333334,0.033695036545395796
44,38,0.035416666666666666,0.0616059228777885,hihp_p,0.030208333333333334,0.033695036545395796
44,39,0.03125,0.0592209435999393,hihp_p,0.030208333333333334,0.033695036545395796
44,40,0.035416666666666666,0.4747185111045837,hihp_p,0.030208333333333334,0.033695036545395796
44,41,0.03125,0.2530724108219147,hihp_p,0.030208333333333334,0.033695036545395796
44,42,0.030208333333333334,0.063843160867691,hihp_p,0.030208333333333334,0.033695036545395796
44,43,0.029166666666666667,0.091760329902172,C_p,0.030208333333333334,0.033695036545395796
44,44,0.03333333333333333,0.2310850769281387,hihp_p,0.030208333333333334,0.033695036545395796
44,45,0.0375,0.2433635145425796,hihp_p,0.030208333333333334,0.033695036545395796
44,46,0.029166666666666667,0.1804716736078262,C_p,0.030208333333333334,0.033695036545395796
44,47,0.029166666666666667,0.1166421994566917,C_p,0.030208333333333334,0.033695036545395796
44,48,0.027083333333333334,0.1443313360214233,C_p,0.030208333333333334,0.033695036545395796
44,49,0.028125,0.1021587923169136,C_p,0.030208333333333334,0.033695036545395796
44,50,0.027083333333333334,0.0545628741383552,C_p,0.030208333333333334,0.033695036545395796
44,51,0.026041666666666668,0.065619371831417,C_p,0.030208333333333334,0.033695036545395796
44,52,0.029166666666666667,0.2497123181819915,C_p,0.030208333333333334,0.033695036545395796
44,53,0.026041666666666668,0.0728380382061004,C_p,0.030208333333333334,0.033695036545395796
44,54,0.029166666666666667,0.1911328732967376,C_p,0.030208333333333334,0.033695036545395796
44,55,0.028125,0.2859674990177154,C_p,0.030208333333333334,0.033695036545395796
44,56,0.030208333333333334,0.1254269033670425,hihp_p,0.030208333333333334,0.033695036545395796
44,57,0.029166666666666667,0.0308111049234867,D_p,0.030208333333333334,0.033695036545395796
44,58,0.029166666666666667,0.2935721278190613,C_p,0.030208333333333334,0.033695036545395796
44,59,0.030208333333333334,0.0755628570914268,hihp_p,0.030208333333333334,0.033695036545395796
44,60,0.029166666666666667,0.0894258096814155,C_p,0.030208333333333334,0.033695036545395796
44,61,0.03333333333333333,0.0714833512902259,hihp_p,0.030208333333333334,0.033695036545395796
44,62,0.029166666666666667,0.0281237065792083,D_p,0.030208333333333334,0.033695036545395796
44,63,0.036458333333333336,0.2780502438545227,hihp_p,0.030208333333333334,0.033695036545395796
45,0,0.03333333333333333,0.3316165506839752,hihp_p,0.030208333333333334,0.033695036545395796
45,1,0.030208333333333334,0.338030070066452,hihp_p,0.030208333333333334,0.033695036545395796
45,2,0.026041666666666668,0.1856079250574112,C_p,0.030208333333333334,0.033695036545395796
45,3,0.03333333333333333,0.018141059204936,hilp_p,0.030208333333333334,0.033695036545395796
45,4,0.034375,0.1632303595542907,hihp_p,0.030208333333333334,0.033695036545395796
45,5,0.019791666666666666,0.2240171283483505,C_p,0.030208333333333334,0.033695036545395796
45,6,0.0625,0.6372414231300354,hihp_p,0.030208333333333334,0.033695036545395796
45,7,0.03229166666666667,0.0480104237794876,hihp_p,0.030208333333333334,0.033695036545395796
45,8,0.036458333333333336,0.0515985526144504,hihp_p,0.030208333333333334,0.033695036545395796
45,9,0.03333333333333333,0.0077333068475127,hilp_p,0.030208333333333334,0.033695036545395796
45,10,0.03125,0.0156059889122843,hilp_p,0.030208333333333334,0.033695036545395796
45,11,0.028125,0.0374281741678714,C_p,0.030208333333333334,0.033695036545395796
45,12,0.034375,0.0081164389848709,hilp_p,0.030208333333333334,0.033695036545395796
45,13,0.03125,0.0028061068151146,hilp_p,0.030208333333333334,0.033695036545395796
45,14,0.03333333333333333,0.0035843069199472,hilp_p,0.030208333333333334,0.033695036545395796
45,15,0.027083333333333334,0.0121971070766448,D_p,0.030208333333333334,0.033695036545395796
45,16,0.028125,0.0272903889417648,D_p,0.030208333333333334,0.033695036545395796
45,17,0.029166666666666667,0.0187456384301185,D_p,0.030208333333333334,0.033695036545395796
45,18,0.027083333333333334,0.0229155458509922,D_p,0.030208333333333334,0.033695036545395796
45,19,0.030208333333333334,0.0143785374239087,hilp_p,0.030208333333333334,0.033695036545395796
45,20,0.034375,0.0078636538237333,hilp_p,0.030208333333333334,0.033695036545395796
45,21,0.030208333333333334,0.0088729206472635,hilp_p,0.030208333333333334,0.033695036545395796
45,22,0.028125,0.0570694878697395,C_p,0.030208333333333334,0.033695036545395796
45,23,0.035416666666666666,0.0048995572142302,hilp_p,0.030208333333333334,0.033695036545395796
45,24,0.029166666666666667,0.0379201993346214,C_p,0.030208333333333334,0.033695036545395796
45,25,0.027083333333333334,0.0626175552606582,C_p,0.030208333333333334,0.033695036545395796
45,26,0.028125,0.0103568751364946,D_p,0.030208333333333334,0.033695036545395796
45,27,0.030208333333333334,0.0993855819106102,hihp_p,0.030208333333333334,0.033695036545395796
45,28,0.030208333333333334,0.0266928728669881,hilp_p,0.030208333333333334,0.033695036545395796
45,29,0.029166666666666667,0.0329969711601734,D_p,0.030208333333333334,0.033695036545395796
45,30,0.034375,0.0859618708491325,hihp_p,0.030208333333333334,0.033695036545395796
45,31,0.026041666666666668,0.0085580134764313,D_p,0.030208333333333334,0.033695036545395796
45,32,0.025,0.0044034975580871,D_p,0.030208333333333334,0.033695036545395796
45,33,0.03125,0.0025619999505579,hilp_p,0.030208333333333334,0.033695036545395796
45,34,0.03125,0.0218754019588232,hilp_p,0.030208333333333334,0.033695036545395796
45,35,0.029166666666666667,0.0256683211773633,D_p,0.030208333333333334,0.033695036545395796
45,36,0.03333333333333333,0.189545452594757,hihp_p,0.030208333333333334,0.033695036545395796
45,37,0.026041666666666668,0.0577912852168083,C_p,0.030208333333333334,0.033695036545395796
45,38,0.029166666666666667,0.005247491877526,D_p,0.030208333333333334,0.033695036545395796
45,39,0.028125,0.0118663413450121,D_p,0.030208333333333334,0.033695036545395796
45,40,0.027083333333333334,0.0590443387627601,C_p,0.030208333333333334,0.033695036545395796
45,41,0.034375,0.0100643541663885,hilp_p,0.030208333333333334,0.033695036545395796
45,42,0.030208333333333334,0.1284913569688797,hihp_p,0.030208333333333334,0.033695036545395796
45,43,0.03333333333333333,0.0487851127982139,hihp_p,0.030208333333333334,0.033695036545395796
45,44,0.028125,0.0114036807790398,D_p,0.030208333333333334,0.033695036545395796
45,45,0.030208333333333334,0.0850928649306297,hihp_p,0.030208333333333334,0.033695036545395796
45,46,0.029166666666666667,0.0271254032850265,D_p,0.030208333333333334,0.033695036545395796
45,47,0.03125,0.0960559397935867,hihp_p,0.030208333333333334,0.033695036545395796
45,48,0.03125,0.0460806302726268,hihp_p,0.030208333333333334,0.033695036545395796
45,49,0.028125,0.1219826638698577,C_p,0.030208333333333334,0.033695036545395796
45,50,0.036458333333333336,0.0964897349476814,hihp_p,0.030208333333333334,0.033695036545395796
45,51,0.030208333333333334,0.2318257093429565,hihp_p,0.030208333333333334,0.033695036545395796
45,52,0.03333333333333333,0.1155179589986801,hihp_p,0.030208333333333334,0.033695036545395796
45,53,0.03333333333333333,0.0462200492620468,hihp_p,0.030208333333333334,0.033695036545395796
45,54,0.03125,0.1036306247115135,hihp_p,0.030208333333333334,0.033695036545395796
45,55,0.034375,0.1208937242627143,hihp_p,0.030208333333333334,0.033695036545395796
45,56,0.029166666666666667,0.016345078125596,D_p,0.030208333333333334,0.033695036545395796
45,57,0.03125,0.0496616698801517,hihp_p,0.030208333333333334,0.033695036545395796
45,58,0.025,0.0152378743514418,D_p,0.030208333333333334,0.033695036545395796
45,59,0.03333333333333333,0.1989874690771103,hihp_p,0.030208333333333334,0.033695036545395796
45,60,0.03229166666666667,0.0053023132495582,hilp_p,0.030208333333333334,0.033695036545395796
45,61,0.026041666666666668,0.0257524475455284,D_p,0.030208333333333334,0.033695036545395796
45,62,0.026041666666666668,0.0372361354529857,C_p,0.030208333333333334,0.033695036545395796
45,63,0.026041666666666668,0.0088927391916513,D_p,0.030208333333333334,0.033695036545395796
46,0,0.03229166666666667,0.0295349489897489,hilp_p,0.030208333333333334,0.033695036545395796
46,1,0.03229166666666667,0.0081117944791913,hilp_p,0.030208333333333334,0.033695036545395796
46,2,0.036458333333333336,0.0037793396040797,hilp_p,0.030208333333333334,0.033695036545395796
46,3,0.027083333333333334,0.0058741583488881,D_p,0.030208333333333334,0.033695036545395796
46,4,0.028125,0.0073215817101299,D_p,0.030208333333333334,0.033695036545395796
46,5,0.029166666666666667,0.0086602456867694,D_p,0.030208333333333334,0.033695036545395796
46,6,0.028125,0.0025946013629436,D_p,0.030208333333333334,0.033695036545395796
46,7,0.035416666666666666,0.0020304326899349,hilp_p,0.030208333333333334,0.033695036545395796
46,8,0.03125,0.0190537143498659,hilp_p,0.030208333333333334,0.033695036545395796
46,9,0.03125,0.0146862817928195,hilp_p,0.030208333333333334,0.033695036545395796
46,10,0.030208333333333334,0.0040392437949776,hilp_p,0.030208333333333334,0.033695036545395796
46,11,0.03125,0.0501711629331111,hihp_p,0.030208333333333334,0.033695036545395796
46,12,0.028125,0.0122353062033653,D_p,0.030208333333333334,0.033695036545395796
46,13,0.03333333333333333,0.0123164681717753,hilp_p,0.030208333333333334,0.033695036545395796
46,14,0.030208333333333334,0.0272437669336795,hilp_p,0.030208333333333334,0.033695036545395796
46,15,0.03333333333333333,0.0295160748064517,hilp_p,0.030208333333333334,0.033695036545395796
46,16,0.03229166666666667,0.0011352605652064,hilp_p,0.030208333333333334,0.033695036545395796
46,17,0.030208333333333334,0.0654916986823082,hihp_p,0.030208333333333334,0.033695036545395796
46,18,0.03125,0.0023592989891767,hilp_p,0.030208333333333334,0.033695036545395796
46,19,0.030208333333333334,0.0007903479272499,hilp_p,0.030208333333333334,0.033695036545395796
46,20,0.034375,0.0079184817150235,hilp_p,0.030208333333333334,0.033695036545395796
46,21,0.03125,0.0025499151088297,hilp_p,0.030208333333333334,0.033695036545395796
46,22,0.028125,0.0052121984772384,D_p,0.030208333333333334,0.033695036545395796
46,23,0.029166666666666667,0.0814726054668426,C_p,0.030208333333333334,0.033695036545395796
46,24,0.029166666666666667,0.006992413662374,D_p,0.030208333333333334,0.033695036545395796
46,25,0.029166666666666667,0.0068248035386204,D_p,0.030208333333333334,0.033695036545395796
46,26,0.030208333333333334,0.005536057986319,hilp_p,0.030208333333333334,0.033695036545395796
46,27,0.030208333333333334,0.0364751443266868,hihp_p,0.030208333333333334,0.033695036545395796
46,28,0.03125,0.0192067604511976,hilp_p,0.030208333333333334,0.033695036545395796
46,29,0.029166666666666667,0.0084311449900269,D_p,0.030208333333333334,0.033695036545395796
46,30,0.03229166666666667,0.0141728846356272,hilp_p,0.030208333333333334,0.033695036545395796
46,31,0.029166666666666667,0.0503384545445442,C_p,0.030208333333333334,0.033695036545395796
46,32,0.034375,0.3591332733631134,hihp_p,0.030208333333333334,0.033695036545395796
46,33,0.03125,0.005601231008768,hilp_p,0.030208333333333334,0.033695036545395796
46,34,0.03125,0.0065490049310028,hilp_p,0.030208333333333334,0.033695036545395796
46,35,0.022916666666666665,0.1754206418991089,C_p,0.030208333333333334,0.033695036545395796
46,36,0.03125,0.0048047355376183,hilp_p,0.030208333333333334,0.033695036545395796
46,37,0.03125,0.0031932590063661,hilp_p,0.030208333333333334,0.033695036545395796
46,38,0.03125,0.0085169095546007,hilp_p,0.030208333333333334,0.033695036545395796
46,39,0.03125,0.1002423465251922,hihp_p,0.030208333333333334,0.033695036545395796
46,40,0.030208333333333334,0.0072039039805531,hilp_p,0.030208333333333334,0.033695036545395796
46,41,0.025,0.0066173756495118,D_p,0.030208333333333334,0.033695036545395796
46,42,0.028125,0.0108075896278023,D_p,0.030208333333333334,0.033695036545395796
46,43,0.026041666666666668,0.0056859366595745,D_p,0.030208333333333334,0.033695036545395796
46,44,0.03333333333333333,0.0331714637577533,hilp_p,0.030208333333333334,0.033695036545395796
46,45,0.029166666666666667,0.0151687953621149,D_p,0.030208333333333334,0.033695036545395796
46,46,0.03125,0.0051772105507552,hilp_p,0.030208333333333334,0.033695036545395796
46,47,0.028125,0.0099555375054478,D_p,0.030208333333333334,0.033695036545395796
46,48,0.03125,0.0023818383924663,hilp_p,0.030208333333333334,0.033695036545395796
46,49,0.034375,0.0023109561298042,hilp_p,0.030208333333333334,0.033695036545395796
46,50,0.03125,0.0066907331347465,hilp_p,0.030208333333333334,0.033695036545395796
46,51,0.034375,0.0835533365607261,hihp_p,0.030208333333333334,0.033695036545395796
46,52,0.029166666666666667,0.0041051725856959,D_p,0.030208333333333334,0.033695036545395796
46,53,0.03125,0.0033560267183929,hilp_p,0.030208333333333334,0.033695036545395796
46,54,0.03333333333333333,0.0145956613123416,hilp_p,0.030208333333333334,0.033695036545395796
46,55,0.029166666666666667,0.0041990177705883,D_p,0.030208333333333334,0.033695036545395796
46,56,0.028125,0.0055554895661771,D_p,0.030208333333333334,0.033695036545395796
46,57,0.030208333333333334,0.0051770214922726,hilp_p,0.030208333333333334,0.033695036545395796
46,58,0.03333333333333333,0.0036121376324445,hilp_p,0.030208333333333334,0.033695036545395796
46,59,0.028125,0.002558535663411,D_p,0.030208333333333334,0.033695036545395796
46,60,0.027083333333333334,0.0025827642530202,D_p,0.030208333333333334,0.033695036545395796
46,61,0.03125,0.0056702271103858,hilp_p,0.030208333333333334,0.033695036545395796
46,62,0.03125,0.0051065683364868,hilp_p,0.030208333333333334,0.033695036545395796
46,63,0.030208333333333334,0.0056379456073045,hilp_p,0.030208333333333334,0.033695036545395796
47,0,0.03125,0.0022729090414941,hilp_p,0.030208333333333334,0.033695036545395796
47,1,0.03333333333333333,0.0059226960875093,hilp_p,0.030208333333333334,0.033695036545395796
47,2,0.03333333333333333,0.0047302371822297,hilp_p,0.030208333333333334,0.033695036545395796
47,3,0.03125,0.0060036340728402,hilp_p,0.030208333333333334,0.033695036545395796
47,4,0.03125,0.0085932435467839,hilp_p,0.030208333333333334,0.033695036545395796
47,5,0.029166666666666667,0.0081807859241962,D_p,0.030208333333333334,0.033695036545395796
47,6,0.03333333333333333,0.0028123534284532,hilp_p,0.030208333333333334,0.033695036545395796
47,7,0.026041666666666668,0.0061438679695129,D_p,0.030208333333333334,0.033695036545395796
47,8,0.03333333333333333,0.0083773536607623,hilp_p,0.030208333333333334,0.033695036545395796
47,9,0.028125,0.1294314712285995,C_p,0.030208333333333334,0.033695036545395796
47,10,0.026041666666666668,0.0148640135303139,D_p,0.030208333333333334,0.033695036545395796
47,11,0.03125,0.0202757306396961,hilp_p,0.030208333333333334,0.033695036545395796
47,12,0.03125,0.0261986553668975,hilp_p,0.030208333333333334,0.033695036545395796
47,13,0.029166666666666667,0.1687765717506408,C_p,0.030208333333333334,0.033695036545395796
47,14,0.03333333333333333,0.0506112650036811,hihp_p,0.030208333333333334,0.033695036545395796
47,15,0.03125,0.0354909747838974,hihp_p,0.030208333333333334,0.033695036545395796
47,16,0.028125,0.1851032078266143,C_p,0.030208333333333334,0.033695036545395796
47,17,0.04895833333333333,2.285325765609741,hihp_p,0.030208333333333334,0.033695036545395796
47,18,0.0625,1.5948418378829956,hihp_p,0.030208333333333334,0.033695036545395796
47,19,0.028125,0.0085371360182762,D_p,0.030208333333333334,0.033695036545395796
47,20,0.036458333333333336,0.2843143045902252,hihp_p,0.030208333333333334,0.033695036545395796
47,21,0.03333333333333333,0.0128377443179488,hilp_p,0.030208333333333334,0.033695036545395796
47,22,0.0375,0.3140405714511871,hihp_p,0.030208333333333334,0.033695036545395796
47,23,0.030208333333333334,0.0304436329752206,hilp_p,0.030208333333333334,0.033695036545395796
47,24,0.030208333333333334,0.0044881654903292,hilp_p,0.030208333333333334,0.033695036545395796
47,25,0.030208333333333334,0.0026754646096378,hilp_p,0.030208333333333334,0.033695036545395796
47,26,0.03125,0.0024171182885766,hilp_p,0.030208333333333334,0.033695036545395796
47,27,0.029166666666666667,0.0036616015713661,D_p,0.030208333333333334,0.033695036545395796
47,28,0.027083333333333334,0.0059788790531456,D_p,0.030208333333333334,0.033695036545395796
47,29,0.03125,0.0089127719402313,hilp_p,0.030208333333333334,0.033695036545395796
47,30,0.026041666666666668,0.0059167873114347,D_p,0.030208333333333334,0.033695036545395796
47,31,0.03229166666666667,0.0060650501400232,hilp_p,0.030208333333333334,0.033695036545395796
47,32,0.03125,0.0038776521105319,hilp_p,0.030208333333333334,0.033695036545395796
47,33,0.03229166666666667,0.0067641478963196,hilp_p,0.030208333333333334,0.033695036545395796
47,34,0.030208333333333334,0.0269664693623781,hilp_p,0.030208333333333334,0.033695036545395796
47,35,0.03125,0.0034836488775908,hilp_p,0.030208333333333334,0.033695036545395796
47,36,0.03229166666666667,0.0104893008247017,hilp_p,0.030208333333333334,0.033695036545395796
47,37,0.03229166666666667,0.0066417986527085,hilp_p,0.030208333333333334,0.033695036545395796
47,38,0.030208333333333334,0.0088118063285946,hilp_p,0.030208333333333334,0.033695036545395796
47,39,0.03229166666666667,0.0081506902351975,hilp_p,0.030208333333333334,0.033695036545395796
47,40,0.034375,0.2572419345378876,hihp_p,0.030208333333333334,0.033695036545395796
47,41,0.0375,0.0503712482750415,hihp_p,0.030208333333333334,0.033695036545395796
47,42,0.03333333333333333,0.0048373881727457,hilp_p,0.030208333333333334,0.033695036545395796
47,43,0.03125,0.5157538652420044,hihp_p,0.030208333333333334,0.033695036545395796
47,44,0.03125,0.0076753110624849,hilp_p,0.030208333333333334,0.033695036545395796
47,45,0.028125,0.005805482622236,D_p,0.030208333333333334,0.033695036545395796
47,46,0.027083333333333334,0.0018092944519594,D_p,0.030208333333333334,0.033695036545395796
47,47,0.030208333333333334,0.0026740978937596,hilp_p,0.030208333333333334,0.033695036545395796
47,48,0.03333333333333333,0.014061382971704,hilp_p,0.030208333333333334,0.033695036545395796
47,49,0.03125,0.0122470408678054,hilp_p,0.030208333333333334,0.033695036545395796
47,50,0.03333333333333333,0.0010623490670695,hilp_p,0.030208333333333334,0.033695036545395796
47,51,0.026041666666666668,0.0053881183266639,D_p,0.030208333333333334,0.033695036545395796
47,52,0.028125,0.0046471725217998,D_p,0.030208333333333334,0.033695036545395796
47,53,0.029166666666666667,0.0513983741402626,C_p,0.030208333333333334,0.033695036545395796
47,54,0.03229166666666667,0.0047122235409915,hilp_p,0.030208333333333334,0.033695036545395796
47,55,0.029166666666666667,0.0103306891396641,D_p,0.030208333333333334,0.033695036545395796
47,56,0.03333333333333333,0.0125799998641014,hilp_p,0.030208333333333334,0.033695036545395796
47,57,0.034375,0.027797907590866,hilp_p,0.030208333333333334,0.033695036545395796
47,58,0.030208333333333334,0.0315916836261749,hilp_p,0.030208333333333334,0.033695036545395796
47,59,0.03333333333333333,0.0124357165768742,hilp_p,0.030208333333333334,0.033695036545395796
47,60,0.030208333333333334,0.0183506030589342,hilp_p,0.030208333333333334,0.033695036545395796
47,61,0.028125,0.0073289843276143,D_p,0.030208333333333334,0.033695036545395796
47,62,0.03229166666666667,0.0143137797713279,hilp_p,0.030208333333333334,0.033695036545395796
47,63,0.030208333333333334,0.0109946932643651,hilp_p,0.030208333333333334,0.033695036545395796
48,0,0.03229166666666667,0.0091614015400409,hilp_p,0.030208333333333334,0.033695036545395796
48,1,0.03229166666666667,0.0300812348723411,hilp_p,0.030208333333333334,0.033695036545395796
48,2,0.025,0.0030094014946371,D_p,0.030208333333333334,0.033695036545395796
48,3,0.030208333333333334,0.0127959260717034,hilp_p,0.030208333333333334,0.033695036545395796
48,4,0.029166666666666667,0.0272558648139238,D_p,0.030208333333333334,0.033695036545395796
48,5,0.036458333333333336,0.0079940557479858,hilp_p,0.030208333333333334,0.033695036545395796
48,6,0.03958333333333333,0.0374620780348777,hihp_p,0.030208333333333334,0.033695036545395796
48,7,0.03125,0.0071410499513149,hilp_p,0.030208333333333334,0.033695036545395796
48,8,0.027083333333333334,0.0217385850846767,D_p,0.030208333333333334,0.033695036545395796
48,9,0.03229166666666667,0.015910429880023,hilp_p,0.030208333333333334,0.033695036545395796
48,10,0.036458333333333336,0.1036005318164825,hihp_p,0.030208333333333334,0.033695036545395796
48,11,0.029166666666666667,0.0142470430582761,D_p,0.030208333333333334,0.033695036545395796
48,12,0.03125,0.0192833710461854,hilp_p,0.030208333333333334,0.033695036545395796
48,13,0.030208333333333334,0.0113671068102121,hilp_p,0.030208333333333334,0.033695036545395796
48,14,0.030208333333333334,0.012383334338665,hilp_p,0.030208333333333334,0.033695036545395796
48,15,0.03229166666666667,0.0149092804640531,hilp_p,0.030208333333333334,0.033695036545395796
48,16,0.029166666666666667,0.0106149595230817,D_p,0.030208333333333334,0.033695036545395796
48,17,0.03229166666666667,0.0025631065946072,hilp_p,0.030208333333333334,0.033695036545395796
48,18,0.030208333333333334,0.0032784123905003,hilp_p,0.030208333333333334,0.033695036545395796
48,19,0.028125,0.0037223086692392,D_p,0.030208333333333334,0.033695036545395796
48,20,0.030208333333333334,0.0194444302469491,hilp_p,0.030208333333333334,0.033695036545395796
48,21,0.028125,0.0074686594307422,D_p,0.030208333333333334,0.033695036545395796
48,22,0.028125,0.0141865657642483,D_p,0.030208333333333334,0.033695036545395796
48,23,0.029166666666666667,0.0042072576470673,D_p,0.030208333333333334,0.033695036545395796
48,24,0.030208333333333334,0.0089739803224802,hilp_p,0.030208333333333334,0.033695036545395796
48,25,0.030208333333333334,0.004071129951626,hilp_p,0.030208333333333334,0.033695036545395796
48,26,0.026041666666666668,0.0054546575993299,D_p,0.030208333333333334,0.033695036545395796
48,27,0.03333333333333333,0.0031561336945742,hilp_p,0.030208333333333334,0.033695036545395796
48,28,0.027083333333333334,0.002955426229164,D_p,0.030208333333333334,0.033695036545395796
48,29,0.034375,0.0033967073541134,hilp_p,0.030208333333333334,0.033695036545395796
48,30,0.03125,0.002447432372719,hilp_p,0.030208333333333334,0.033695036545395796
48,31,0.028125,0.0088932933285832,D_p,0.030208333333333334,0.033695036545395796
48,32,0.03229166666666667,0.0042000408284366,hilp_p,0.030208333333333334,0.033695036545395796
48,33,0.03125,0.0182000622153282,hilp_p,0.030208333333333334,0.033695036545395796
48,34,0.03125,0.0379474572837352,hihp_p,0.030208333333333334,0.033695036545395796
48,35,0.028125,0.0060565918684005,D_p,0.030208333333333334,0.033695036545395796
48,36,0.030208333333333334,0.008218502625823,hilp_p,0.030208333333333334,0.033695036545395796
48,37,0.03333333333333333,0.0628980919718742,hihp_p,0.030208333333333334,0.033695036545395796
48,38,0.028125,0.0102771036326885,D_p,0.030208333333333334,0.033695036545395796
48,39,0.029166666666666667,0.0196224078536033,D_p,0.030208333333333334,0.033695036545395796
48,40,0.03229166666666667,0.0167981870472431,hilp_p,0.030208333333333334,0.033695036545395796
48,41,0.026041666666666668,0.0081403199583292,D_p,0.030208333333333334,0.033695036545395796
48,42,0.030208333333333334,0.006112937349826,hilp_p,0.030208333333333334,0.033695036545395796
48,43,0.029166666666666667,0.0071398010477423,D_p,0.030208333333333334,0.033695036545395796
48,44,0.029166666666666667,0.00736994901672,D_p,0.030208333333333334,0.033695036545395796
48,45,0.03125,0.0143995806574821,hilp_p,0.030208333333333334,0.033695036545395796
48,46,0.026041666666666668,0.0149580854922533,D_p,0.030208333333333334,0.033695036545395796
48,47,0.028125,0.0048210374079644,D_p,0.030208333333333334,0.033695036545395796
48,48,0.030208333333333334,0.0634150579571724,hihp_p,0.030208333333333334,0.033695036545395796
48,49,0.03229166666666667,0.0070162937045097,hilp_p,0.030208333333333334,0.033695036545395796
48,50,0.03333333333333333,0.193816140294075,hihp_p,0.030208333333333334,0.033695036545395796
48,51,0.03125,0.0129592726007103,hilp_p,0.030208333333333334,0.033695036545395796
48,52,0.027083333333333334,0.3881230354309082,C_p,0.030208333333333334,0.033695036545395796
48,53,0.026041666666666668,0.0524901188910007,C_p,0.030208333333333334,0.033695036545395796
48,54,0.03333333333333333,0.1121707633137703,hihp_p,0.030208333333333334,0.033695036545395796
48,55,0.029166666666666667,0.0076684053055942,D_p,0.030208333333333334,0.033695036545395796
48,56,0.042708333333333334,0.9138910174369812,hihp_p,0.030208333333333334,0.033695036545395796
48,57,0.03229166666666667,0.1228740140795707,hihp_p,0.030208333333333334,0.033695036545395796
48,58,0.065625,0.1983982622623443,hihp_p,0.030208333333333334,0.033695036545395796
48,59,0.07395833333333333,0.3841812312602997,hihp_p,0.030208333333333334,0.033695036545395796
48,60,0.06458333333333334,0.5142716765403748,hihp_p,0.030208333333333334,0.033695036545395796
48,61,0.034375,0.1397677212953567,hihp_p,0.030208333333333334,0.033695036545395796
48,62,0.029166666666666667,0.2212586551904678,C_p,0.030208333333333334,0.033695036545395796
48,63,0.027083333333333334,0.5362913608551025,C_p,0.030208333333333334,0.033695036545395796
49,0,0.027083333333333334,0.0306876190006732,D_p,0.030208333333333334,0.033695036545395796
49,1,0.025,0.1555532217025756,C_p,0.030208333333333334,0.033695036545395796
49,2,0.06666666666666667,1.164265275001526,hihp_p,0.030208333333333334,0.033695036545395796
49,3,0.04583333333333333,0.5533334016799927,hihp_p,0.030208333333333334,0.033695036545395796
49,4,0.051041666666666666,0.7269882559776306,hihp_p,0.030208333333333334,0.033695036545395796
49,5,0.06145833333333333,1.7576664686203003,hihp_p,0.030208333333333334,0.033695036545395796
49,6,0.03229166666666667,0.1253161430358886,hihp_p,0.030208333333333334,0.033695036545395796
49,7,0.040625,0.3459534645080566,hihp_p,0.030208333333333334,0.033695036545395796
49,8,0.036458333333333336,0.0027354499325156,hilp_p,0.030208333333333334,0.033695036545395796
49,9,0.030208333333333334,0.0025451474357396,hilp_p,0.030208333333333334,0.033695036545395796
49,10,0.030208333333333334,0.0036697504110634,hilp_p,0.030208333333333334,0.033695036545395796
49,11,0.036458333333333336,0.0058968840166926,hilp_p,0.030208333333333334,0.033695036545395796
49,12,0.029166666666666667,0.018348479643464,D_p,0.030208333333333334,0.033695036545395796
49,13,0.03333333333333333,0.0030562561005353,hilp_p,0.030208333333333334,0.033695036545395796
49,14,0.026041666666666668,0.0056836162693798,D_p,0.030208333333333334,0.033695036545395796
49,15,0.036458333333333336,0.0482734628021717,hihp_p,0.030208333333333334,0.033695036545395796
49,16,0.028125,0.0050792070105671,D_p,0.030208333333333334,0.033695036545395796
49,17,0.03125,0.0241308230906724,hilp_p,0.030208333333333334,0.033695036545395796
49,18,0.028125,0.018741849809885,D_p,0.030208333333333334,0.033695036545395796
49,19,0.03229166666666667,0.0283453725278377,hilp_p,0.030208333333333334,0.033695036545395796
49,20,0.029166666666666667,0.0111181167885661,D_p,0.030208333333333334,0.033695036545395796
49,21,0.03125,0.0086062494665384,hilp_p,0.030208333333333334,0.033695036545395796
49,22,0.030208333333333334,0.0165088735520839,hilp_p,0.030208333333333334,0.033695036545395796
49,23,0.03125,0.005026320926845,hilp_p,0.030208333333333334,0.033695036545395796
49,24,0.030208333333333334,0.0180566702038049,hilp_p,0.030208333333333334,0.033695036545395796
49,25,0.029166666666666667,0.0152782388031482,D_p,0.030208333333333334,0.033695036545395796
49,26,0.03125,0.0013722421135753,hilp_p,0.030208333333333334,0.033695036545395796
49,27,0.03125,0.0039684632793068,hilp_p,0.030208333333333334,0.033695036545395796
49,28,0.029166666666666667,0.0726823955774307,C_p,0.030208333333333334,0.033695036545395796
49,29,0.027083333333333334,0.006084173452109,D_p,0.030208333333333334,0.033695036545395796
49,30,0.03125,0.0052366857416927,hilp_p,0.030208333333333334,0.033695036545395796
49,31,0.03333333333333333,0.0206968430429697,hilp_p,0.030208333333333334,0.033695036545395796
49,32,0.027083333333333334,0.005097939632833,D_p,0.030208333333333334,0.033695036545395796
49,33,0.03229166666666667,0.0335932895541191,hilp_p,0.030208333333333334,0.033695036545395796
49,34,0.025,0.0334789119660854,D_p,0.030208333333333334,0.033695036545395796
49,35,0.03125,0.0104745887219905,hilp_p,0.030208333333333334,0.033695036545395796
49,36,0.029166666666666667,0.0335971787571907,D_p,0.030208333333333334,0.033695036545395796
49,37,0.03125,0.0691441223025322,hihp_p,0.030208333333333334,0.033695036545395796
49,38,0.03333333333333333,0.1137342378497123,hihp_p,0.030208333333333334,0.033695036545395796
49,39,0.030208333333333334,0.058109126985073,hihp_p,0.030208333333333334,0.033695036545395796
49,40,0.030208333333333334,0.014406151138246,hilp_p,0.030208333333333334,0.033695036545395796
49,41,0.03125,0.0169254373759031,hilp_p,0.030208333333333334,0.033695036545395796
49,42,0.03125,0.0134348021820187,hilp_p,0.030208333333333334,0.033695036545395796
49,43,0.026041666666666668,0.0026985586155205,D_p,0.030208333333333334,0.033695036545395796
49,44,0.03125,0.0039664800278842,hilp_p,0.030208333333333334,0.033695036545395796
49,45,0.027083333333333334,0.008446673862636,D_p,0.030208333333333334,0.033695036545395796
49,46,0.03125,0.0049403649754822,hilp_p,0.030208333333333334,0.033695036545395796
49,47,0.034375,0.0167819764465093,hilp_p,0.030208333333333334,0.033695036545395796
49,48,0.03333333333333333,0.0188327394425869,hilp_p,0.030208333333333334,0.033695036545395796
49,49,0.025,0.005834927316755,D_p,0.030208333333333334,0.033695036545395796
49,50,0.03229166666666667,0.0217426288872957,hilp_p,0.030208333333333334,0.033695036545395796
49,51,0.035416666666666666,0.0120469890534877,hilp_p,0.030208333333333334,0.033695036545395796
49,52,0.030208333333333334,0.0057111904025077,hilp_p,0.030208333333333334,0.033695036545395796
49,53,0.03125,0.0285069160163402,hilp_p,0.030208333333333334,0.033695036545395796
49,54,0.03125,0.0211234185844659,hilp_p,0.030208333333333334,0.033695036545395796
49,55,0.03229166666666667,0.0097523983567953,hilp_p,0.030208333333333334,0.033695036545395796
49,56,0.028125,0.0680504515767097,C_p,0.030208333333333334,0.033695036545395796
49,57,0.03125,0.0266360379755496,hilp_p,0.030208333333333334,0.033695036545395796
49,58,0.03125,0.0181368999183177,hilp_p,0.030208333333333334,0.033695036545395796
49,59,0.03125,0.0955722257494926,hihp_p,0.030208333333333334,0.033695036545395796
49,60,0.029166666666666667,0.0399060100317001,C_p,0.030208333333333334,0.033695036545395796
49,61,0.035416666666666666,0.0485095381736755,hihp_p,0.030208333333333334,0.033695036545395796
49,62,0.034375,0.1219424158334732,hihp_p,0.030208333333333334,0.033695036545395796
49,63,0.028125,0.0382098965346813,C_p,0.030208333333333334,0.033695036545395796
50,0,0.027083333333333334,0.005467870272696,D_p,0.030208333333333334,0.033695036545395796
50,1,0.030208333333333334,0.0029128324240446,hilp_p,0.030208333333333334,0.033695036545395796
50,2,0.03125,0.0147038446739315,hilp_p,0.030208333333333334,0.033695036545395796
50,3,0.030208333333333334,0.011283160187304,hilp_p,0.030208333333333334,0.033695036545395796
50,4,0.029166666666666667,0.0053039365448057,D_p,0.030208333333333334,0.033695036545395796
50,5,0.029166666666666667,0.0047289035283029,D_p,0.030208333333333334,0.033695036545395796
50,6,0.027083333333333334,0.0063511962071061,D_p,0.030208333333333334,0.033695036545395796
50,7,0.03229166666666667,0.0867377296090126,hihp_p,0.030208333333333334,0.033695036545395796
50,8,0.03125,0.052533034235239,hihp_p,0.030208333333333334,0.033695036545395796
50,9,0.03125,0.0100421896204352,hilp_p,0.030208333333333334,0.033695036545395796
50,10,0.028125,0.0100414725020527,D_p,0.030208333333333334,0.033695036545395796
50,11,0.025,0.0139174936339259,D_p,0.030208333333333334,0.033695036545395796
50,12,0.035416666666666666,0.0035455769393593,hilp_p,0.030208333333333334,0.033695036545395796
50,13,0.030208333333333334,0.0016517335316166,hilp_p,0.030208333333333334,0.033695036545395796
50,14,0.026041666666666668,0.011117017827928,D_p,0.030208333333333334,0.033695036545395796
50,15,0.034375,0.0027469415217638,hilp_p,0.030208333333333334,0.033695036545395796
50,16,0.03125,0.0088264709338545,hilp_p,0.030208333333333334,0.033695036545395796
50,17,0.03333333333333333,0.0118410531431436,hilp_p,0.030208333333333334,0.033695036545395796
50,18,0.027083333333333334,0.0036992961540818,D_p,0.030208333333333334,0.033695036545395796
50,19,0.03125,0.0075234337709844,hilp_p,0.030208333333333334,0.033695036545395796
50,20,0.027083333333333334,0.0194064993411302,D_p,0.030208333333333334,0.033695036545395796
50,21,0.03125,0.0031882224138826,hilp_p,0.030208333333333334,0.033695036545395796
50,22,0.027083333333333334,0.0065911118872463,D_p,0.030208333333333334,0.033695036545395796
50,23,0.030208333333333334,0.0770060420036315,hihp_p,0.030208333333333334,0.033695036545395796
50,24,0.029166666666666667,0.0047963461838662,D_p,0.030208333333333334,0.033695036545395796
50,25,0.029166666666666667,0.0275879949331283,D_p,0.030208333333333334,0.033695036545395796
50,26,0.028125,0.0039674751460552,D_p,0.030208333333333334,0.033695036545395796
50,27,0.03229166666666667,0.0172048453241586,hilp_p,0.030208333333333334,0.033695036545395796
50,28,0.027083333333333334,0.0102629214525222,D_p,0.030208333333333334,0.033695036545395796
50,29,0.030208333333333334,0.0250655300915241,hilp_p,0.030208333333333334,0.033695036545395796
50,30,0.029166666666666667,0.0062094889581203,D_p,0.030208333333333334,0.033695036545395796
50,31,0.028125,0.0148808863013982,D_p,0.030208333333333334,0.033695036545395796
50,32,0.03333333333333333,0.2114756256341934,hihp_p,0.030208333333333334,0.033695036545395796
50,33,0.030208333333333334,0.0901887267827987,hihp_p,0.030208333333333334,0.033695036545395796
50,34,0.036458333333333336,0.350662499666214,hihp_p,0.030208333333333334,0.033695036545395796
50,35,0.03229166666666667,0.1041606813669204,hihp_p,0.030208333333333334,0.033695036545395796
50,36,0.03333333333333333,0.0988318398594856,hihp_p,0.030208333333333334,0.033695036545395796
50,37,0.03229166666666667,0.140391319990158,hihp_p,0.030208333333333334,0.033695036545395796
50,38,0.03229166666666667,0.4195753931999206,hihp_p,0.030208333333333334,0.033695036545395796
50,39,0.03229166666666667,0.1590639799833297,hihp_p,0.030208333333333334,0.033695036545395796
50,40,0.03229166666666667,0.0150832450017333,hilp_p,0.030208333333333334,0.033695036545395796
50,41,0.029166666666666667,0.0136761888861656,D_p,0.030208333333333334,0.033695036545395796
50,42,0.027083333333333334,0.010041169822216,D_p,0.030208333333333334,0.033695036545395796
50,43,0.030208333333333334,0.0037614835891872,hilp_p,0.030208333333333334,0.033695036545395796
50,44,0.025,0.0070942156016826,D_p,0.030208333333333334,0.033695036545395796
50,45,0.030208333333333334,0.0061232098378241,hilp_p,0.030208333333333334,0.033695036545395796
50,46,0.026041666666666668,0.0031106027308851,D_p,0.030208333333333334,0.033695036545395796
50,47,0.03229166666666667,0.005155571270734,hilp_p,0.030208333333333334,0.033695036545395796
50,48,0.030208333333333334,0.0207865834236145,hilp_p,0.030208333333333334,0.033695036545395796
50,49,0.03229166666666667,0.017921669408679,hilp_p,0.030208333333333334,0.033695036545395796
50,50,0.030208333333333334,0.1614646315574646,hihp_p,0.030208333333333334,0.033695036545395796
50,51,0.03229166666666667,0.0064948792569339,hilp_p,0.030208333333333334,0.033695036545395796
50,52,0.029166666666666667,0.0021162698976695,D_p,0.030208333333333334,0.033695036545395796
50,53,0.029166666666666667,0.0048960647545754,D_p,0.030208333333333334,0.033695036545395796
50,54,0.029166666666666667,0.001935975626111,D_p,0.030208333333333334,0.033695036545395796
50,55,0.030208333333333334,0.0013152721803635,hilp_p,0.030208333333333334,0.033695036545395796
50,56,0.03125,0.002657544799149,hilp_p,0.030208333333333334,0.033695036545395796
50,57,0.03333333333333333,0.0041851131245493,hilp_p,0.030208333333333334,0.033695036545395796
50,58,0.026041666666666668,0.0117568299174308,D_p,0.030208333333333334,0.033695036545395796
50,59,0.03333333333333333,0.0115579888224601,hilp_p,0.030208333333333334,0.033695036545395796
50,60,0.027083333333333334,0.0226295888423919,D_p,0.030208333333333334,0.033695036545395796
50,61,0.03125,0.0055220057256519,hilp_p,0.030208333333333334,0.033695036545395796
50,62,0.030208333333333334,0.0029000327922403,hilp_p,0.030208333333333334,0.033695036545395796
50,63,0.028125,0.0019599208608269,D_p,0.030208333333333334,0.033695036545395796
51,0,0.029166666666666667,0.0571248270571231,C_p,0.030208333333333334,0.033695036545395796
51,1,0.030208333333333334,0.2254779636859893,hihp_p,0.030208333333333334,0.033695036545395796
51,2,0.03229166666666667,0.0758833512663841,hihp_p,0.030208333333333334,0.033695036545395796
51,3,0.026041666666666668,0.0234053432941436,D_p,0.030208333333333334,0.033695036545395796
51,4,0.03125,0.0705857202410698,hihp_p,0.030208333333333334,0.033695036545395796
51,5,0.03229166666666667,0.0751383602619171,hihp_p,0.030208333333333334,0.033695036545395796
51,6,0.026041666666666668,0.0263143945485353,D_p,0.030208333333333334,0.033695036545395796
51,7,0.034375,0.1602739095687866,hihp_p,0.030208333333333334,0.033695036545395796
51,8,0.028125,0.0120416795834898,D_p,0.030208333333333334,0.033695036545395796
51,9,0.029166666666666667,0.0024207888636738,D_p,0.030208333333333334,0.033695036545395796
51,10,0.030208333333333334,0.0037775007076561,hilp_p,0.030208333333333334,0.033695036545395796
51,11,0.027083333333333334,0.0051290187984704,D_p,0.030208333333333334,0.033695036545395796
51,12,0.027083333333333334,0.0049035055562853,D_p,0.030208333333333334,0.033695036545395796
51,13,0.025,0.0078606577590107,D_p,0.030208333333333334,0.033695036545395796
51,14,0.028125,0.0054774973541498,D_p,0.030208333333333334,0.033695036545395796
51,15,0.03125,0.0031068110838532,hilp_p,0.030208333333333334,0.033695036545395796
51,16,0.028125,0.0322930999100208,D_p,0.030208333333333334,0.033695036545395796
51,17,0.03125,0.010465326718986,hilp_p,0.030208333333333334,0.033695036545395796
51,18,0.029166666666666667,0.0013693721266463,D_p,0.030208333333333334,0.033695036545395796
51,19,0.03229166666666667,0.0041815908625721,hilp_p,0.030208333333333334,0.033695036545395796
51,20,0.029166666666666667,0.0139657575637102,D_p,0.030208333333333334,0.033695036545395796
51,21,0.030208333333333334,0.0388106442987918,hihp_p,0.030208333333333334,0.033695036545395796
51,22,0.03333333333333333,0.0334190465509891,hilp_p,0.030208333333333334,0.033695036545395796
51,23,0.026041666666666668,0.0021448729094117,D_p,0.030208333333333334,0.033695036545395796
51,24,0.03229166666666667,0.4102383553981781,hihp_p,0.030208333333333334,0.033695036545395796
51,25,0.030208333333333334,0.1212399750947952,hihp_p,0.030208333333333334,0.033695036545395796
51,26,0.03125,0.038912896066904,hihp_p,0.030208333333333334,0.033695036545395796
51,27,0.027083333333333334,0.1556599736213684,C_p,0.030208333333333334,0.033695036545395796
51,28,0.036458333333333336,0.8648582100868225,hihp_p,0.030208333333333334,0.033695036545395796
51,29,0.04791666666666667,0.744818389415741,hihp_p,0.030208333333333334,0.033695036545395796
51,30,0.034375,0.2852957248687744,hihp_p,0.030208333333333334,0.033695036545395796
51,31,0.035416666666666666,1.0173462629318235,hihp_p,0.030208333333333334,0.033695036545395796
51,32,0.03229166666666667,0.0151507798582315,hilp_p,0.030208333333333334,0.033695036545395796
51,33,0.029166666666666667,0.0229190178215503,D_p,0.030208333333333334,0.033695036545395796
51,34,0.034375,0.0101058622822165,hilp_p,0.030208333333333334,0.033695036545395796
51,35,0.026041666666666668,0.0241996347904205,D_p,0.030208333333333334,0.033695036545395796
51,36,0.034375,0.0123437931761145,hilp_p,0.030208333333333334,0.033695036545395796
51,37,0.03229166666666667,0.0031800335273146,hilp_p,0.030208333333333334,0.033695036545395796
51,38,0.029166666666666667,0.0028446218930184,D_p,0.030208333333333334,0.033695036545395796
51,39,0.030208333333333334,0.007889924570918,hilp_p,0.030208333333333334,0.033695036545395796
51,40,0.03229166666666667,0.0157344285398721,hilp_p,0.030208333333333334,0.033695036545395796
51,41,0.027083333333333334,0.0088428631424903,D_p,0.030208333333333334,0.033695036545395796
51,42,0.027083333333333334,0.0178425963968038,D_p,0.030208333333333334,0.033695036545395796
51,43,0.034375,0.0091130314394831,hilp_p,0.030208333333333334,0.033695036545395796
51,44,0.029166666666666667,0.0067436508834362,D_p,0.030208333333333334,0.033695036545395796
51,45,0.026041666666666668,0.0083853742107748,D_p,0.030208333333333334,0.033695036545395796
51,46,0.029166666666666667,0.0029086081776767,D_p,0.030208333333333334,0.033695036545395796
51,47,0.035416666666666666,0.0411889813840389,hihp_p,0.030208333333333334,0.033695036545395796
51,48,0.027083333333333334,0.0115405553951859,D_p,0.030208333333333334,0.033695036545395796
51,49,0.035416666666666666,0.0041366792283952,hilp_p,0.030208333333333334,0.033695036545395796
51,50,0.028125,0.0340176112949848,C_p,0.030208333333333334,0.033695036545395796
51,51,0.027083333333333334,0.0055187973193824,D_p,0.030208333333333334,0.033695036545395796
51,52,0.029166666666666667,0.0181495193392038,D_p,0.030208333333333334,0.033695036545395796
51,53,0.03229166666666667,0.0173882488161325,hilp_p,0.030208333333333334,0.033695036545395796
51,54,0.03125,0.017714973539114,hilp_p,0.030208333333333334,0.033695036545395796
51,55,0.027083333333333334,0.0032239926513284,D_p,0.030208333333333334,0.033695036545395796
51,56,0.030208333333333334,0.0179493837058544,hilp_p,0.030208333333333334,0.033695036545395796
51,57,0.03229166666666667,0.0094433287158608,hilp_p,0.030208333333333334,0.033695036545395796
51,58,0.029166666666666667,0.046051736921072,C_p,0.030208333333333334,0.033695036545395796
51,59,0.03229166666666667,0.0173895601183176,hilp_p,0.030208333333333334,0.033695036545395796
51,60,0.03125,0.0197233483195304,hilp_p,0.030208333333333334,0.033695036545395796
51,61,0.034375,0.0517895892262458,hihp_p,0.030208333333333334,0.033695036545395796
51,62,0.027083333333333334,0.0324844606220722,D_p,0.030208333333333334,0.033695036545395796
51,63,0.029166666666666667,0.007158342283219,D_p,0.030208333333333334,0.033695036545395796
52,0,0.029166666666666667,0.0152048040181398,D_p,0.030208333333333334,0.033695036545395796
52,1,0.03125,0.0329949520528316,hilp_p,0.030208333333333334,0.033695036545395796
52,2,0.03229166666666667,0.0682972818613052,hihp_p,0.030208333333333334,0.033695036545395796
52,3,0.030208333333333334,0.0269351694732904,hilp_p,0.030208333333333334,0.033695036545395796
52,4,0.028125,0.0304423738270998,D_p,0.030208333333333334,0.033695036545395796
52,5,0.034375,0.041962593793869,hihp_p,0.030208333333333334,0.033695036545395796
52,6,0.03229166666666667,0.0783564671874046,hihp_p,0.030208333333333334,0.033695036545395796
52,7,0.028125,0.0126601252704858,D_p,0.030208333333333334,0.033695036545395796
52,8,0.034375,0.004841576796025,hilp_p,0.030208333333333334,0.033695036545395796
52,9,0.036458333333333336,0.0263045746833086,hilp_p,0.030208333333333334,0.033695036545395796
52,10,0.025,0.0111438687890768,D_p,0.030208333333333334,0.033695036545395796
52,11,0.03125,0.0064400369301438,hilp_p,0.030208333333333334,0.033695036545395796
52,12,0.030208333333333334,0.0050021074712276,hilp_p,0.030208333333333334,0.033695036545395796
52,13,0.023958333333333335,0.0043679345399141,D_p,0.030208333333333334,0.033695036545395796
52,14,0.035416666666666666,0.0127342175692319,hilp_p,0.030208333333333334,0.033695036545395796
52,15,0.029166666666666667,0.0146849481388926,D_p,0.030208333333333334,0.033695036545395796
52,16,0.035416666666666666,0.3451318144798279,hihp_p,0.030208333333333334,0.033695036545395796
52,17,0.051041666666666666,2.2883548736572266,hihp_p,0.030208333333333334,0.033695036545395796
52,18,0.029166666666666667,0.0583065077662467,C_p,0.030208333333333334,0.033695036545395796
52,19,0.178125,4.838513374328613,hihp_p,0.030208333333333334,0.033695036545395796
52,20,0.028125,0.1967667639255523,C_p,0.030208333333333334,0.033695036545395796
52,21,0.03229166666666667,0.205227643251419,hihp_p,0.030208333333333334,0.033695036545395796
52,22,0.035416666666666666,0.7115513682365417,hihp_p,0.030208333333333334,0.033695036545395796
52,23,0.030208333333333334,0.2822859287261963,hihp_p,0.030208333333333334,0.033695036545395796
52,24,0.028125,0.1129826158285141,C_p,0.030208333333333334,0.033695036545395796
52,25,0.030208333333333334,0.0911875367164611,hihp_p,0.030208333333333334,0.033695036545395796
52,26,0.028125,0.1622627675533294,C_p,0.030208333333333334,0.033695036545395796
52,27,0.027083333333333334,0.1573567539453506,C_p,0.030208333333333334,0.033695036545395796
52,28,0.03333333333333333,0.111618660390377,hihp_p,0.030208333333333334,0.033695036545395796
52,29,0.029166666666666667,0.0965371057391166,C_p,0.030208333333333334,0.033695036545395796
52,30,0.03333333333333333,0.1040720492601394,hihp_p,0.030208333333333334,0.033695036545395796
52,31,0.03854166666666667,0.3706084191799164,hihp_p,0.030208333333333334,0.033695036545395796
52,32,0.03125,0.0119110075756907,hilp_p,0.030208333333333334,0.033695036545395796
52,33,0.030208333333333334,0.0120732747018337,hilp_p,0.030208333333333334,0.033695036545395796
52,34,0.0375,0.6236811876296997,hihp_p,0.030208333333333334,0.033695036545395796
52,35,0.030208333333333334,0.0091449543833732,hilp_p,0.030208333333333334,0.033695036545395796
52,36,0.04791666666666667,1.2174063920974731,hihp_p,0.030208333333333334,0.033695036545395796
52,37,0.026041666666666668,0.9058309197425842,C_p,0.030208333333333334,0.033695036545395796
52,38,0.03333333333333333,0.1363041996955871,hihp_p,0.030208333333333334,0.033695036545395796
52,39,0.028125,0.0117245409637689,D_p,0.030208333333333334,0.033695036545395796
52,40,0.025,0.0061338627710938,D_p,0.030208333333333334,0.033695036545395796
52,41,0.030208333333333334,0.0019146922277286,hilp_p,0.030208333333333334,0.033695036545395796
52,42,0.030208333333333334,0.0052029970102012,hilp_p,0.030208333333333334,0.033695036545395796
52,43,0.028125,0.0025893391575664,D_p,0.030208333333333334,0.033695036545395796
52,44,0.027083333333333334,0.0063621592707931,D_p,0.030208333333333334,0.033695036545395796
52,45,0.029166666666666667,0.0050076032057404,D_p,0.030208333333333334,0.033695036545395796
52,46,0.027083333333333334,0.0049180309288203,D_p,0.030208333333333334,0.033695036545395796
52,47,0.029166666666666667,0.010162379592657,D_p,0.030208333333333334,0.033695036545395796
52,48,0.040625,0.9186156392097472,hihp_p,0.030208333333333334,0.033695036545395796
52,49,0.027083333333333334,0.2604573667049408,C_p,0.030208333333333334,0.033695036545395796
52,50,0.023958333333333335,0.1137643530964851,C_p,0.030208333333333334,0.033695036545395796
52,51,0.03125,0.0639301687479019,hihp_p,0.030208333333333334,0.033695036545395796
52,52,0.027083333333333334,0.1225350350141525,C_p,0.030208333333333334,0.033695036545395796
52,53,0.03333333333333333,0.1752151101827621,hihp_p,0.030208333333333334,0.033695036545395796
52,54,0.025,0.3434370160102844,C_p,0.030208333333333334,0.033695036545395796
52,55,0.030208333333333334,1.1521856784820557,hihp_p,0.030208333333333334,0.033695036545395796
52,56,0.03125,0.0452595315873622,hihp_p,0.030208333333333334,0.033695036545395796
52,57,0.029166666666666667,0.0163297317922115,D_p,0.030208333333333334,0.033695036545395796
52,58,0.053125,1.7937172651290894,hihp_p,0.030208333333333334,0.033695036545395796
52,59,0.030208333333333334,0.0114511009305715,hilp_p,0.030208333333333334,0.033695036545395796
52,60,0.027083333333333334,0.0081586362794041,D_p,0.030208333333333334,0.033695036545395796
52,61,0.03958333333333333,1.1797666549682615,hihp_p,0.030208333333333334,0.033695036545395796
52,62,0.028125,0.0126533498987555,D_p,0.030208333333333334,0.033695036545395796
52,63,0.025,0.0025588613934814,D_p,0.030208333333333334,0.033695036545395796
53,0,0.022916666666666665,0.3489371836185455,C_p,0.030208333333333334,0.033695036545395796
53,1,0.084375,3.243479490280152,hihp_p,0.030208333333333334,0.033695036545395796
53,2,0.071875,1.26670241355896,hihp_p,0.030208333333333334,0.033695036545395796
53,3,0.029166666666666667,0.6029915809631348,C_p,0.030208333333333334,0.033695036545395796
53,4,0.06041666666666667,1.6568723917007446,hihp_p,0.030208333333333334,0.033695036545395796
53,5,0.03125,1.1352298259735107,hihp_p,0.030208333333333334,0.033695036545395796
53,6,0.030208333333333334,0.2395708262920379,hihp_p,0.030208333333333334,0.033695036545395796
53,7,0.058333333333333334,1.9861282110214236,hihp_p,0.030208333333333334,0.033695036545395796
53,8,0.029166666666666667,0.0030343914404511,D_p,0.030208333333333334,0.033695036545395796
53,9,0.03229166666666667,0.0072905509732663,hilp_p,0.030208333333333334,0.033695036545395796
53,10,0.035416666666666666,0.0043128454126417,hilp_p,0.030208333333333334,0.033695036545395796
53,11,0.028125,0.0148530984297394,D_p,0.030208333333333334,0.033695036545395796
53,12,0.03125,0.0114249577745795,hilp_p,0.030208333333333334,0.033695036545395796
53,13,0.03125,0.0015992322005331,hilp_p,0.030208333333333334,0.033695036545395796
53,14,0.03333333333333333,0.0014608319615945,hilp_p,0.030208333333333334,0.033695036545395796
53,15,0.028125,0.0095758102834224,D_p,0.030208333333333334,0.033695036545395796
53,16,0.03333333333333333,0.4167205393314361,hihp_p,0.030208333333333334,0.033695036545395796
53,17,0.034375,0.1212010905146598,hihp_p,0.030208333333333334,0.033695036545395796
53,18,0.028125,0.0092798294499516,D_p,0.030208333333333334,0.033695036545395796
53,19,0.028125,0.0064196866005659,D_p,0.030208333333333334,0.033695036545395796
53,20,0.03229166666666667,0.0121732391417026,hilp_p,0.030208333333333334,0.033695036545395796
53,21,0.04791666666666667,1.4280844926834106,hihp_p,0.030208333333333334,0.033695036545395796
53,22,0.023958333333333335,0.0124176451936364,D_p,0.030208333333333334,0.033695036545395796
53,23,0.03125,0.3738354444503784,hihp_p,0.030208333333333334,0.033695036545395796
53,24,0.027083333333333334,0.0026147551834583,D_p,0.030208333333333334,0.033695036545395796
53,25,0.028125,0.0016999940853565,D_p,0.030208333333333334,0.033695036545395796
53,26,0.030208333333333334,0.0060540880076587,hilp_p,0.030208333333333334,0.033695036545395796
53,27,0.029166666666666667,0.0153563292697072,D_p,0.030208333333333334,0.033695036545395796
53,28,0.030208333333333334,0.0025667038280516,hilp_p,0.030208333333333334,0.033695036545395796
53,29,0.028125,0.0032093755435198,D_p,0.030208333333333334,0.033695036545395796
53,30,0.030208333333333334,0.0229395385831594,hilp_p,0.030208333333333334,0.033695036545395796
53,31,0.036458333333333336,0.0214268136769533,hilp_p,0.030208333333333334,0.033695036545395796
53,32,0.03333333333333333,0.1384754925966262,hihp_p,0.030208333333333334,0.033695036545395796
53,33,0.041666666666666664,0.2111264318227768,hihp_p,0.030208333333333334,0.033695036545395796
53,34,0.027083333333333334,0.3787141442298889,C_p,0.030208333333333334,0.033695036545395796
53,35,0.029166666666666667,0.0417644716799259,C_p,0.030208333333333334,0.033695036545395796
53,36,0.029166666666666667,0.0445584803819656,C_p,0.030208333333333334,0.033695036545395796
53,37,0.028125,0.1678670197725296,C_p,0.030208333333333334,0.033695036545395796
53,38,0.030208333333333334,0.0615162551403045,hihp_p,0.030208333333333334,0.033695036545395796
53,39,0.04479166666666667,0.793287992477417,hihp_p,0.030208333333333334,0.033695036545395796
53,40,0.027083333333333334,0.0052045886404812,D_p,0.030208333333333334,0.033695036545395796
53,41,0.03333333333333333,0.0007872899295762,hilp_p,0.030208333333333334,0.033695036545395796
53,42,0.030208333333333334,0.0024050232023,hilp_p,0.030208333333333334,0.033695036545395796
53,43,0.03333333333333333,0.0023288861848413,hilp_p,0.030208333333333334,0.033695036545395796
53,44,0.029166666666666667,0.0044779051095247,D_p,0.030208333333333334,0.033695036545395796
53,45,0.026041666666666668,0.0030093234963715,D_p,0.030208333333333334,0.033695036545395796
53,46,0.030208333333333334,0.0102771800011396,hilp_p,0.030208333333333334,0.033695036545395796
53,47,0.030208333333333334,0.0011683666380122,hilp_p,0.030208333333333334,0.033695036545395796
53,48,0.03229166666666667,0.005988860502839,hilp_p,0.030208333333333334,0.033695036545395796
53,49,0.03333333333333333,0.0099461134523153,hilp_p,0.030208333333333334,0.033695036545395796
53,50,0.028125,0.0186791252344846,D_p,0.030208333333333334,0.033695036545395796
53,51,0.030208333333333334,0.0026958310045301,hilp_p,0.030208333333333334,0.033695036545395796
53,52,0.028125,0.0081245703622698,D_p,0.030208333333333334,0.033695036545395796
53,53,0.03125,0.0105999810621142,hilp_p,0.030208333333333334,0.033695036545395796
53,54,0.029166666666666667,0.0059848180972039,D_p,0.030208333333333334,0.033695036545395796
53,55,0.027083333333333334,0.0254625063389539,D_p,0.030208333333333334,0.033695036545395796
53,56,0.025,0.006215713918209,D_p,0.030208333333333334,0.033695036545395796
53,57,0.03333333333333333,0.003052081214264,hilp_p,0.030208333333333334,0.033695036545395796
53,58,0.029166666666666667,0.0021499630529433,D_p,0.030208333333333334,0.033695036545395796
53,59,0.028125,0.0168371982872486,D_p,0.030208333333333334,0.033695036545395796
53,60,0.036458333333333336,0.0108766304329037,hilp_p,0.030208333333333334,0.033695036545395796
53,61,0.03125,0.0236652810126543,hilp_p,0.030208333333333334,0.033695036545395796
53,62,0.028125,0.0142154200002551,D_p,0.030208333333333334,0.033695036545395796
53,63,0.028125,0.0043722009286284,D_p,0.030208333333333334,0.033695036545395796
54,0,0.027083333333333334,0.0081835240125656,D_p,0.030208333333333334,0.033695036545395796
54,1,0.034375,0.0366967059671878,hihp_p,0.030208333333333334,0.033695036545395796
54,2,0.027083333333333334,0.0035771166440099,D_p,0.030208333333333334,0.033695036545395796
54,3,0.029166666666666667,0.0036002423148602,D_p,0.030208333333333334,0.033695036545395796
54,4,0.03229166666666667,0.0186714734882116,hilp_p,0.030208333333333334,0.033695036545395796
54,5,0.030208333333333334,0.0020976781379431,hilp_p,0.030208333333333334,0.033695036545395796
54,6,0.027083333333333334,0.0074930870905518,D_p,0.030208333333333334,0.033695036545395796
54,7,0.028125,0.0077681941911578,D_p,0.030208333333333334,0.033695036545395796
54,8,0.09270833333333334,2.035125970840454,hihp_p,0.030208333333333334,0.033695036545395796
54,9,0.05520833333333333,0.4549970924854278,hihp_p,0.030208333333333334,0.033695036545395796
54,10,0.03125,0.1185835003852844,hihp_p,0.030208333333333334,0.033695036545395796
54,11,0.035416666666666666,0.1616962999105453,hihp_p,0.030208333333333334,0.033695036545395796
54,12,0.026041666666666668,0.0347874015569686,C_p,0.030208333333333334,0.033695036545395796
54,13,0.027083333333333334,0.4979340434074402,C_p,0.030208333333333334,0.033695036545395796
54,14,0.026041666666666668,0.1806512624025344,C_p,0.030208333333333334,0.033695036545395796
54,15,0.07708333333333334,1.3194570541381836,hihp_p,0.030208333333333334,0.033695036545395796
54,16,0.029166666666666667,0.0266080163419246,D_p,0.030208333333333334,0.033695036545395796
54,17,0.03125,0.0062996391206979,hilp_p,0.030208333333333334,0.033695036545395796
54,18,0.027083333333333334,0.0057654473930597,D_p,0.030208333333333334,0.033695036545395796
54,19,0.029166666666666667,0.0246316958218812,D_p,0.030208333333333334,0.033695036545395796
54,20,0.03229166666666667,0.0070398678071796,hilp_p,0.030208333333333334,0.033695036545395796
54,21,0.03229166666666667,0.0137368822470307,hilp_p,0.030208333333333334,0.033695036545395796
54,22,0.029166666666666667,0.1225641444325447,C_p,0.030208333333333334,0.033695036545395796
54,23,0.029166666666666667,0.0120241232216358,D_p,0.030208333333333334,0.033695036545395796
54,24,0.028125,0.1947993040084839,C_p,0.030208333333333334,0.033695036545395796
54,25,0.029166666666666667,0.0444769263267517,C_p,0.030208333333333334,0.033695036545395796
54,26,0.026041666666666668,0.3359108865261078,C_p,0.030208333333333334,0.033695036545395796
54,27,0.035416666666666666,0.0121088391169905,hilp_p,0.030208333333333334,0.033695036545395796
54,28,0.029166666666666667,0.0648128315806388,C_p,0.030208333333333334,0.033695036545395796
54,29,0.03125,0.0279787201434373,hilp_p,0.030208333333333334,0.033695036545395796
54,30,0.028125,0.0112990662455558,D_p,0.030208333333333334,0.033695036545395796
54,31,0.029166666666666667,0.1498736441135406,C_p,0.030208333333333334,0.033695036545395796
54,32,0.03125,0.3046553432941437,hihp_p,0.030208333333333334,0.033695036545395796
54,33,0.029166666666666667,0.0043843584135174,D_p,0.030208333333333334,0.033695036545395796
54,34,0.030208333333333334,0.0053222551941871,hilp_p,0.030208333333333334,0.033695036545395796
54,35,0.030208333333333334,0.0052082748152315,hilp_p,0.030208333333333334,0.033695036545395796
54,36,0.03125,0.001859497395344,hilp_p,0.030208333333333334,0.033695036545395796
54,37,0.029166666666666667,0.0043340907432138,D_p,0.030208333333333334,0.033695036545395796
54,38,0.027083333333333334,0.0037764727603644,D_p,0.030208333333333334,0.033695036545395796
54,39,0.03229166666666667,0.0015777961816638,hilp_p,0.030208333333333334,0.033695036545395796
54,40,0.027083333333333334,0.0049432511441409,D_p,0.030208333333333334,0.033695036545395796
54,41,0.026041666666666668,0.0064116390421986,D_p,0.030208333333333334,0.033695036545395796
54,42,0.029166666666666667,0.0140702873468399,D_p,0.030208333333333334,0.033695036545395796
54,43,0.03958333333333333,0.0074528702534735,hilp_p,0.030208333333333334,0.033695036545395796
54,44,0.023958333333333335,0.0116474851965904,D_p,0.030208333333333334,0.033695036545395796
54,45,0.03125,0.0078018014319241,hilp_p,0.030208333333333334,0.033695036545395796
54,46,0.03229166666666667,0.0019362095044925,hilp_p,0.030208333333333334,0.033695036545395796
54,47,0.027083333333333334,0.0053524724207818,D_p,0.030208333333333334,0.033695036545395796
54,48,0.027083333333333334,0.0282292366027832,D_p,0.030208333333333334,0.033695036545395796
54,49,0.027083333333333334,0.022897396236658,D_p,0.030208333333333334,0.033695036545395796
54,50,0.03125,0.0210157725960016,hilp_p,0.030208333333333334,0.033695036545395796
54,51,0.023958333333333335,0.0094755450263619,D_p,0.030208333333333334,0.033695036545395796
54,52,0.026041666666666668,0.0734183117747306,C_p,0.030208333333333334,0.033695036545395796
54,53,0.03229166666666667,0.0240622702986001,hilp_p,0.030208333333333334,0.033695036545395796
54,54,0.030208333333333334,0.0233659595251083,hilp_p,0.030208333333333334,0.033695036545395796
54,55,0.03229166666666667,0.1294716298580169,hihp_p,0.030208333333333334,0.033695036545395796
54,56,0.023958333333333335,0.0020135920494794,D_p,0.030208333333333334,0.033695036545395796
54,57,0.026041666666666668,0.0091974446550011,D_p,0.030208333333333334,0.033695036545395796
54,58,0.03125,0.0032502599060535,hilp_p,0.030208333333333334,0.033695036545395796
54,59,0.026041666666666668,0.0037451358512043,D_p,0.030208333333333334,0.033695036545395796
54,60,0.029166666666666667,0.0018066175980493,D_p,0.030208333333333334,0.033695036545395796
54,61,0.030208333333333334,0.0261060986667871,hilp_p,0.030208333333333334,0.033695036545395796
54,62,0.03229166666666667,0.0068260016851127,hilp_p,0.030208333333333334,0.033695036545395796
54,63,0.026041666666666668,0.0055720102973282,D_p,0.030208333333333334,0.033695036545395796
55,0,0.03333333333333333,0.4451356530189514,hihp_p,0.030208333333333334,0.033695036545395796
55,1,0.028125,0.0820586383342742,C_p,0.030208333333333334,0.033695036545395796
55,2,0.03125,0.0150791313499212,hilp_p,0.030208333333333334,0.033695036545395796
55,3,0.028125,0.0347719304263591,C_p,0.030208333333333334,0.033695036545395796
55,4,0.030208333333333334,0.1865070760250091,hihp_p,0.030208333333333334,0.033695036545395796
55,5,0.03333333333333333,0.3363085091114044,hihp_p,0.030208333333333334,0.033695036545395796
55,6,0.027083333333333334,0.0120183052495121,D_p,0.030208333333333334,0.033695036545395796
55,7,0.035416666666666666,0.4129381477832794,hihp_p,0.030208333333333334,0.033695036545395796
55,8,0.03333333333333333,0.089019551873207,hihp_p,0.030208333333333334,0.033695036545395796
55,9,0.034375,0.0525840297341346,hihp_p,0.030208333333333334,0.033695036545395796
55,10,0.035416666666666666,0.1367201507091522,hihp_p,0.030208333333333334,0.033695036545395796
55,11,0.025,0.3784875571727752,C_p,0.030208333333333334,0.033695036545395796
55,12,0.030208333333333334,0.2212545871734619,hihp_p,0.030208333333333334,0.033695036545395796
55,13,0.03333333333333333,0.0555577203631401,hihp_p,0.030208333333333334,0.033695036545395796
55,14,0.028125,0.0789090245962143,C_p,0.030208333333333334,0.033695036545395796
55,15,0.029166666666666667,0.1726912409067154,C_p,0.030208333333333334,0.033695036545395796
55,16,0.028125,0.1992294043302536,C_p,0.030208333333333334,0.033695036545395796
55,17,0.05416666666666667,0.8971813321113586,hihp_p,0.030208333333333334,0.033695036545395796
55,18,0.025,0.3884294629096985,C_p,0.030208333333333334,0.033695036545395796
55,19,0.034375,0.2289169430732727,hihp_p,0.030208333333333334,0.033695036545395796
55,20,0.075,0.8151792287826538,hihp_p,0.030208333333333334,0.033695036545395796
55,21,0.025,0.3635196983814239,C_p,0.030208333333333334,0.033695036545395796
55,22,0.03125,0.0263337157666683,hilp_p,0.030208333333333334,0.033695036545395796
55,23,0.027083333333333334,0.008455105125904,D_p,0.030208333333333334,0.033695036545395796
55,24,0.03229166666666667,0.05836683511734,hihp_p,0.030208333333333334,0.033695036545395796
55,25,0.03125,0.0111233238130807,hilp_p,0.030208333333333334,0.033695036545395796
55,26,0.027083333333333334,0.0033885992597788,D_p,0.030208333333333334,0.033695036545395796
55,27,0.029166666666666667,0.0103405565023422,D_p,0.030208333333333334,0.033695036545395796
55,28,0.030208333333333334,0.0108317602425813,hilp_p,0.030208333333333334,0.033695036545395796
55,29,0.03333333333333333,0.0066208983771502,hilp_p,0.030208333333333334,0.033695036545395796
55,30,0.027083333333333334,0.0032867812551558,D_p,0.030208333333333334,0.033695036545395796
55,31,0.03333333333333333,0.0057769063860177,hilp_p,0.030208333333333334,0.033695036545395796
55,32,0.03333333333333333,0.0140055511146783,hilp_p,0.030208333333333334,0.033695036545395796
55,33,0.028125,0.0224626436829566,D_p,0.030208333333333334,0.033695036545395796
55,34,0.030208333333333334,0.0427249707281589,hihp_p,0.030208333333333334,0.033695036545395796
55,35,0.023958333333333335,0.0132825402542948,D_p,0.030208333333333334,0.033695036545395796
55,36,0.03125,0.010022415779531,hilp_p,0.030208333333333334,0.033695036545395796
55,37,0.028125,0.0153618846088647,D_p,0.030208333333333334,0.033695036545395796
55,38,0.027083333333333334,0.0048648072406649,D_p,0.030208333333333334,0.033695036545395796
55,39,0.027083333333333334,0.004378514830023,D_p,0.030208333333333334,0.033695036545395796
55,40,0.029166666666666667,0.1151628568768501,C_p,0.030208333333333334,0.033695036545395796
55,41,0.03229166666666667,0.0026303022168576,hilp_p,0.030208333333333334,0.033695036545395796
55,42,0.028125,0.0045205494388937,D_p,0.030208333333333334,0.033695036545395796
55,43,0.03125,0.001041768817231,hilp_p,0.030208333333333334,0.033695036545395796
55,44,0.030208333333333334,0.0042105815373361,hilp_p,0.030208333333333334,0.033695036545395796
55,45,0.03125,0.0097296778112649,hilp_p,0.030208333333333334,0.033695036545395796
55,46,0.029166666666666667,0.0135636515915393,D_p,0.030208333333333334,0.033695036545395796
55,47,0.025,0.0018781691323965,D_p,0.030208333333333334,0.033695036545395796
55,48,0.03229166666666667,0.0015976157737895,hilp_p,0.030208333333333334,0.033695036545395796
55,49,0.035416666666666666,0.0869097784161567,hihp_p,0.030208333333333334,0.033695036545395796
55,50,0.03125,0.0081226807087659,hilp_p,0.030208333333333334,0.033695036545395796
55,51,0.03125,0.0043816976249217,hilp_p,0.030208333333333334,0.033695036545395796
55,52,0.029166666666666667,0.0031216104980558,D_p,0.030208333333333334,0.033695036545395796
55,53,0.028125,0.0133857717737555,D_p,0.030208333333333334,0.033695036545395796
55,54,0.026041666666666668,0.0050435941666364,D_p,0.030208333333333334,0.033695036545395796
55,55,0.027083333333333334,0.0030829347670078,D_p,0.030208333333333334,0.033695036545395796
55,56,0.029166666666666667,0.0837236270308494,C_p,0.030208333333333334,0.033695036545395796
55,57,0.030208333333333334,0.1062345951795578,hihp_p,0.030208333333333334,0.033695036545395796
55,58,0.03333333333333333,0.1050109788775444,hihp_p,0.030208333333333334,0.033695036545395796
55,59,0.029166666666666667,0.0180028527975082,D_p,0.030208333333333334,0.033695036545395796
55,60,0.029166666666666667,0.0423807278275489,C_p,0.030208333333333334,0.033695036545395796
55,61,0.025,0.0481088273227214,C_p,0.030208333333333334,0.033695036545395796
55,62,0.03125,0.1859489679336547,hihp_p,0.030208333333333334,0.033695036545395796
55,63,0.027083333333333334,0.1225208640098571,C_p,0.030208333333333334,0.033695036545395796
56,0,0.030208333333333334,0.1826305240392685,hihp_p,0.030208333333333334,0.033695036545395796
56,1,0.034375,0.4122584164142608,hihp_p,0.030208333333333334,0.033695036545395796
56,2,0.029166666666666667,0.1420799940824508,C_p,0.030208333333333334,0.033695036545395796
56,3,0.08020833333333334,3.096605062484741,hihp_p,0.030208333333333334,0.033695036545395796
56,4,0.04583333333333333,2.3089754581451416,hihp_p,0.030208333333333334,0.033695036545395796
56,5,0.03125,0.3859926462173462,hihp_p,0.030208333333333334,0.033695036545395796
56,6,0.029166666666666667,0.1105239242315292,C_p,0.030208333333333334,0.033695036545395796
56,7,0.021875,0.0350607484579086,C_p,0.030208333333333334,0.033695036545395796
56,8,0.028125,0.1319904923439026,C_p,0.030208333333333334,0.033695036545395796
56,9,0.03125,0.1230380311608314,hihp_p,0.030208333333333334,0.033695036545395796
56,10,0.030208333333333334,0.0731471925973892,hihp_p,0.030208333333333334,0.033695036545395796
56,11,0.027083333333333334,0.0929729640483856,C_p,0.030208333333333334,0.033695036545395796
56,12,0.029166666666666667,0.0349326692521572,C_p,0.030208333333333334,0.033695036545395796
56,13,0.030208333333333334,0.0251809880137443,hilp_p,0.030208333333333334,0.033695036545395796
56,14,0.027083333333333334,0.0939422324299812,C_p,0.030208333333333334,0.033695036545395796
56,15,0.030208333333333334,0.1292976886034011,hihp_p,0.030208333333333334,0.033695036545395796
56,16,0.042708333333333334,0.8745445609092712,hihp_p,0.030208333333333334,0.033695036545395796
56,17,0.03229166666666667,0.6578712463378906,hihp_p,0.030208333333333334,0.033695036545395796
56,18,0.034375,1.1615251302719116,hihp_p,0.030208333333333334,0.033695036545395796
56,19,0.030208333333333334,0.4632224440574646,hihp_p,0.030208333333333334,0.033695036545395796
56,20,0.06666666666666667,2.7690951824188232,hihp_p,0.030208333333333334,0.033695036545395796
56,21,0.07083333333333333,1.568259596824646,hihp_p,0.030208333333333334,0.033695036545395796
56,22,0.026041666666666668,0.3802800178527832,C_p,0.030208333333333334,0.033695036545395796
56,23,0.022916666666666665,0.4498066306114197,C_p,0.030208333333333334,0.033695036545395796
56,24,0.03333333333333333,0.0178851447999477,hilp_p,0.030208333333333334,0.033695036545395796
56,25,0.03125,0.0042361109517514,hilp_p,0.030208333333333334,0.033695036545395796
56,26,0.029166666666666667,0.0883027017116546,C_p,0.030208333333333334,0.033695036545395796
56,27,0.03125,0.3124748766422272,hihp_p,0.030208333333333334,0.033695036545395796
56,28,0.035416666666666666,0.2688985764980316,hihp_p,0.030208333333333334,0.033695036545395796
56,29,0.03229166666666667,0.7185618281364441,hihp_p,0.030208333333333334,0.033695036545395796
56,30,0.034375,0.536698043346405,hihp_p,0.030208333333333334,0.033695036545395796
56,31,0.03125,0.2002955824136734,hihp_p,0.030208333333333334,0.033695036545395796
56,32,0.03229166666666667,0.0578993037343025,hihp_p,0.030208333333333334,0.033695036545395796
56,33,0.025,0.3716932535171509,C_p,0.030208333333333334,0.033695036545395796
56,34,0.030208333333333334,0.3141014873981476,hihp_p,0.030208333333333334,0.033695036545395796
56,35,0.027083333333333334,0.0133266886696219,D_p,0.030208333333333334,0.033695036545395796
56,36,0.026041666666666668,0.0277199540287256,D_p,0.030208333333333334,0.033695036545395796
56,37,0.030208333333333334,0.0105003137141466,hilp_p,0.030208333333333334,0.033695036545395796
56,38,0.029166666666666667,0.0270740762352943,D_p,0.030208333333333334,0.033695036545395796
56,39,0.03229166666666667,0.0441794209182262,hihp_p,0.030208333333333334,0.033695036545395796
56,40,0.035416666666666666,1.004448175430298,hihp_p,0.030208333333333334,0.033695036545395796
56,41,0.027083333333333334,0.4927750527858734,C_p,0.030208333333333334,0.033695036545395796
56,42,0.03958333333333333,0.2994363009929657,hihp_p,0.030208333333333334,0.033695036545395796
56,43,0.03125,0.4926685094833374,hihp_p,0.030208333333333334,0.033695036545395796
56,44,0.05,1.5824415683746338,hihp_p,0.030208333333333334,0.033695036545395796
56,45,0.0375,1.0356460809707642,hihp_p,0.030208333333333334,0.033695036545395796
56,46,0.0375,0.5671289563179016,hihp_p,0.030208333333333334,0.033695036545395796
56,47,0.028125,0.2360880970954895,C_p,0.030208333333333334,0.033695036545395796
56,48,0.025,0.0302519220858812,D_p,0.030208333333333334,0.033695036545395796
56,49,0.03229166666666667,0.0153732225298881,hilp_p,0.030208333333333334,0.033695036545395796
56,50,0.027083333333333334,0.0120115522295236,D_p,0.030208333333333334,0.033695036545395796
56,51,0.027083333333333334,0.0118801146745681,D_p,0.030208333333333334,0.033695036545395796
56,52,0.027083333333333334,0.0146865341812372,D_p,0.030208333333333334,0.033695036545395796
56,53,0.03125,0.3540805578231811,hihp_p,0.030208333333333334,0.033695036545395796
56,54,0.03125,0.0277988854795694,hilp_p,0.030208333333333334,0.033695036545395796
56,55,0.03125,0.0091811399906873,hilp_p,0.030208333333333334,0.033695036545395796
56,56,0.028125,0.0099318847060203,D_p,0.030208333333333334,0.033695036545395796
56,57,0.027083333333333334,0.0070980587042868,D_p,0.030208333333333334,0.033695036545395796
56,58,0.025,0.0046497085131704,D_p,0.030208333333333334,0.033695036545395796
56,59,0.029166666666666667,0.0125560266897082,D_p,0.030208333333333334,0.033695036545395796
56,60,0.030208333333333334,0.0135345971211791,hilp_p,0.030208333333333334,0.033695036545395796
56,61,0.027083333333333334,0.0031957468017935,D_p,0.030208333333333334,0.033695036545395796
56,62,0.026041666666666668,0.0068971328437328,D_p,0.030208333333333334,0.033695036545395796
56,63,0.029166666666666667,0.0084418719634413,D_p,0.030208333333333334,0.033695036545395796
57,0,0.026041666666666668,0.0212644673883914,D_p,0.030208333333333334,0.033695036545395796
57,1,0.028125,0.1483691930770874,C_p,0.030208333333333334,0.033695036545395796
57,2,0.030208333333333334,0.3869468867778778,hihp_p,0.030208333333333334,0.033695036545395796
57,3,0.026041666666666668,0.0309304073452949,D_p,0.030208333333333334,0.033695036545395796
57,4,0.030208333333333334,0.2296632975339889,hihp_p,0.030208333333333334,0.033695036545395796
57,5,0.030208333333333334,0.0748430863022804,hihp_p,0.030208333333333334,0.033695036545395796
57,6,0.028125,0.1777500063180923,C_p,0.030208333333333334,0.033695036545395796
57,7,0.025,0.0161839798092842,D_p,0.030208333333333334,0.033695036545395796
57,8,0.0625,1.5565882921218872,hihp_p,0.030208333333333334,0.033695036545395796
57,9,0.030208333333333334,0.0347883664071559,hihp_p,0.030208333333333334,0.033695036545395796
57,10,0.027083333333333334,0.0418627932667732,C_p,0.030208333333333334,0.033695036545395796
57,11,0.03854166666666667,0.4686071574687958,hihp_p,0.030208333333333334,0.033695036545395796
57,12,0.03854166666666667,0.0173089355230331,hilp_p,0.030208333333333334,0.033695036545395796
57,13,0.026041666666666668,0.1624866873025894,C_p,0.030208333333333334,0.033695036545395796
57,14,0.03125,0.0075146765448153,hilp_p,0.030208333333333334,0.033695036545395796
57,15,0.03229166666666667,0.2807218432426452,hihp_p,0.030208333333333334,0.033695036545395796
57,16,0.03229166666666667,0.0277261082082986,hilp_p,0.030208333333333334,0.033695036545395796
57,17,0.028125,0.2016148716211319,C_p,0.030208333333333334,0.033695036545395796
57,18,0.035416666666666666,0.0115104876458644,hilp_p,0.030208333333333334,0.033695036545395796
57,19,0.030208333333333334,0.0027713226154446,hilp_p,0.030208333333333334,0.033695036545395796
57,20,0.029166666666666667,0.0493298321962356,C_p,0.030208333333333334,0.033695036545395796
57,21,0.03333333333333333,0.0037950172554701,hilp_p,0.030208333333333334,0.033695036545395796
57,22,0.034375,0.0185915883630514,hilp_p,0.030208333333333334,0.033695036545395796
57,23,0.028125,0.005162576213479,D_p,0.030208333333333334,0.033695036545395796
57,24,0.03125,0.0286191999912261,hilp_p,0.030208333333333334,0.033695036545395796
57,25,0.030208333333333334,0.085104763507843,hihp_p,0.030208333333333334,0.033695036545395796
57,26,0.030208333333333334,0.0163909923285245,hilp_p,0.030208333333333334,0.033695036545395796
57,27,0.027083333333333334,0.0715678185224533,C_p,0.030208333333333334,0.033695036545395796
57,28,0.03125,0.0256814863532781,hilp_p,0.030208333333333334,0.033695036545395796
57,29,0.029166666666666667,0.0111236758530139,D_p,0.030208333333333334,0.033695036545395796
57,30,0.028125,0.2439926862716674,C_p,0.030208333333333334,0.033695036545395796
57,31,0.03125,0.0049335635267198,hilp_p,0.030208333333333334,0.033695036545395796
57,32,0.035416666666666666,0.4436065852642059,hihp_p,0.030208333333333334,0.033695036545395796
57,33,0.027083333333333334,0.100724920630455,C_p,0.030208333333333334,0.033695036545395796
57,34,0.03229166666666667,0.2623474299907684,hihp_p,0.030208333333333334,0.033695036545395796
57,35,0.028125,0.0391899272799491,C_p,0.030208333333333334,0.033695036545395796
57,36,0.03229166666666667,0.1329927146434784,hihp_p,0.030208333333333334,0.033695036545395796
57,37,0.028125,0.0399777144193649,C_p,0.030208333333333334,0.033695036545395796
57,38,0.036458333333333336,0.1019914075732231,hihp_p,0.030208333333333334,0.033695036545395796
57,39,0.030208333333333334,0.1151764318346977,hihp_p,0.030208333333333334,0.033695036545395796
57,40,0.030208333333333334,0.024705272167921,hilp_p,0.030208333333333334,0.033695036545395796
57,41,0.03333333333333333,0.004359898623079,hilp_p,0.030208333333333334,0.033695036545395796
57,42,0.027083333333333334,0.0094835329800844,D_p,0.030208333333333334,0.033695036545395796
57,43,0.029166666666666667,0.0186814274638891,D_p,0.030208333333333334,0.033695036545395796
57,44,0.03333333333333333,0.0040589170530438,hilp_p,0.030208333333333334,0.033695036545395796
57,45,0.028125,0.0132441390305757,D_p,0.030208333333333334,0.033695036545395796
57,46,0.03229166666666667,0.0066555365920066,hilp_p,0.030208333333333334,0.033695036545395796
57,47,0.026041666666666668,0.0149861499667167,D_p,0.030208333333333334,0.033695036545395796
57,48,0.03333333333333333,0.0085185654461383,hilp_p,0.030208333333333334,0.033695036545395796
57,49,0.029166666666666667,0.0056917518377304,D_p,0.030208333333333334,0.033695036545395796
57,50,0.023958333333333335,0.0115261003375053,D_p,0.030208333333333334,0.033695036545395796
57,51,0.0375,0.1709429025650024,hihp_p,0.030208333333333334,0.033695036545395796
57,52,0.025,0.0025371017400175,D_p,0.030208333333333334,0.033695036545395796
57,53,0.028125,0.0099384794011712,D_p,0.030208333333333334,0.033695036545395796
57,54,0.030208333333333334,0.0076567120850086,hilp_p,0.030208333333333334,0.033695036545395796
57,55,0.03333333333333333,0.0107829617336392,hilp_p,0.030208333333333334,0.033695036545395796
57,56,0.030208333333333334,0.0099186161532998,hilp_p,0.030208333333333334,0.033695036545395796
57,57,0.029166666666666667,0.0118866628035902,D_p,0.030208333333333334,0.033695036545395796
57,58,0.028125,0.0090662045404315,D_p,0.030208333333333334,0.033695036545395796
57,59,0.030208333333333334,0.0113009382039308,hilp_p,0.030208333333333334,0.033695036545395796
57,60,0.03229166666666667,0.0247202794998884,hilp_p,0.030208333333333334,0.033695036545395796
57,61,0.028125,0.0116070760414004,D_p,0.030208333333333334,0.033695036545395796
57,62,0.028125,0.0041022398509085,D_p,0.030208333333333334,0.033695036545395796
57,63,0.030208333333333334,0.007973562926054,hilp_p,0.030208333333333334,0.033695036545395796
58,0,0.022916666666666665,0.3108278512954712,C_p,0.030208333333333334,0.033695036545395796
58,1,0.03229166666666667,0.082205630838871,hihp_p,0.030208333333333334,0.033695036545395796
58,2,0.027083333333333334,0.0454558134078979,C_p,0.030208333333333334,0.033695036545395796
58,3,0.030208333333333334,0.2497637867927551,hihp_p,0.030208333333333334,0.033695036545395796
58,4,0.03229166666666667,0.1367301642894745,hihp_p,0.030208333333333334,0.033695036545395796
58,5,0.028125,0.0145085705444216,D_p,0.030208333333333334,0.033695036545395796
58,6,0.034375,0.4648793637752533,hihp_p,0.030208333333333334,0.033695036545395796
58,7,0.03125,0.2184601575136184,hihp_p,0.030208333333333334,0.033695036545395796
58,8,0.03229166666666667,0.0722870528697967,hihp_p,0.030208333333333334,0.033695036545395796
58,9,0.03229166666666667,0.0453460104763507,hihp_p,0.030208333333333334,0.033695036545395796
58,10,0.029166666666666667,0.0194707158952951,D_p,0.030208333333333334,0.033695036545395796
58,11,0.030208333333333334,0.008715720847249,hilp_p,0.030208333333333334,0.033695036545395796
58,12,0.03125,0.0195524971932172,hilp_p,0.030208333333333334,0.033695036545395796
58,13,0.026041666666666668,0.010655359365046,D_p,0.030208333333333334,0.033695036545395796
58,14,0.028125,0.0079439030960202,D_p,0.030208333333333334,0.033695036545395796
58,15,0.026041666666666668,0.0091081103309988,D_p,0.030208333333333334,0.033695036545395796
58,16,0.027083333333333334,0.0029008900746703,D_p,0.030208333333333334,0.033695036545395796
58,17,0.03333333333333333,0.0010820444440469,hilp_p,0.030208333333333334,0.033695036545395796
58,18,0.030208333333333334,0.0429102294147014,hihp_p,0.030208333333333334,0.033695036545395796
58,19,0.03229166666666667,0.0086537897586822,hilp_p,0.030208333333333334,0.033695036545395796
58,20,0.026041666666666668,0.0404591299593448,C_p,0.030208333333333334,0.033695036545395796
58,21,0.03229166666666667,0.0277319923043251,hilp_p,0.030208333333333334,0.033695036545395796
58,22,0.034375,0.0256844721734523,hilp_p,0.030208333333333334,0.033695036545395796
58,23,0.028125,0.1033323034644126,C_p,0.030208333333333334,0.033695036545395796
58,24,0.028125,0.0570261180400848,C_p,0.030208333333333334,0.033695036545395796
58,25,0.027083333333333334,0.0859458521008491,C_p,0.030208333333333334,0.033695036545395796
58,26,0.034375,0.4598456621170044,hihp_p,0.030208333333333334,0.033695036545395796
58,27,0.03125,0.236911803483963,hihp_p,0.030208333333333334,0.033695036545395796
58,28,0.028125,0.0436113327741622,C_p,0.030208333333333334,0.033695036545395796
58,29,0.028125,0.0376411527395248,C_p,0.030208333333333334,0.033695036545395796
58,30,0.0375,0.2192174345254898,hihp_p,0.030208333333333334,0.033695036545395796
58,31,0.026041666666666668,0.3276720941066742,C_p,0.030208333333333334,0.033695036545395796
58,32,0.028125,0.0131214186549186,D_p,0.030208333333333334,0.033695036545395796
58,33,0.029166666666666667,0.004608676303178,D_p,0.030208333333333334,0.033695036545395796
58,34,0.027083333333333334,0.0174611844122409,D_p,0.030208333333333334,0.033695036545395796
58,35,0.03125,0.05643255636096,hihp_p,0.030208333333333334,0.033695036545395796
58,36,0.030208333333333334,0.0043353480286896,hilp_p,0.030208333333333334,0.033695036545395796
58,37,0.030208333333333334,0.0075105135329067,hilp_p,0.030208333333333334,0.033695036545395796
58,38,0.029166666666666667,0.0103945285081863,D_p,0.030208333333333334,0.033695036545395796
58,39,0.029166666666666667,0.0218679513782262,D_p,0.030208333333333334,0.033695036545395796
58,40,0.029166666666666667,0.0052353455685079,D_p,0.030208333333333334,0.033695036545395796
58,41,0.029166666666666667,0.0366077534854412,C_p,0.030208333333333334,0.033695036545395796
58,42,0.03125,0.0081805530935525,hilp_p,0.030208333333333334,0.033695036545395796
58,43,0.027083333333333334,0.0239480622112751,D_p,0.030208333333333334,0.033695036545395796
58,44,0.027083333333333334,0.0099526811391115,D_p,0.030208333333333334,0.033695036545395796
58,45,0.027083333333333334,0.0036748277489095,D_p,0.030208333333333334,0.033695036545395796
58,46,0.029166666666666667,0.0053637814708054,D_p,0.030208333333333334,0.033695036545395796
58,47,0.027083333333333334,0.0037390729412436,D_p,0.030208333333333334,0.033695036545395796
58,48,0.029166666666666667,0.0044738515280187,D_p,0.030208333333333334,0.033695036545395796
58,49,0.028125,0.0229227859526872,D_p,0.030208333333333334,0.033695036545395796
58,50,0.03229166666666667,0.0263929758220911,hilp_p,0.030208333333333334,0.033695036545395796
58,51,0.028125,0.0059464932419359,D_p,0.030208333333333334,0.033695036545395796
58,52,0.03229166666666667,0.0229463372379541,hilp_p,0.030208333333333334,0.033695036545395796
58,53,0.028125,0.0038906023837625,D_p,0.030208333333333334,0.033695036545395796
58,54,0.030208333333333334,0.0083220638334751,hilp_p,0.030208333333333334,0.033695036545395796
58,55,0.027083333333333334,0.0089068533852696,D_p,0.030208333333333334,0.033695036545395796
58,56,0.028125,0.0029805735684931,D_p,0.030208333333333334,0.033695036545395796
58,57,0.027083333333333334,0.0036087508779019,D_p,0.030208333333333334,0.033695036545395796
58,58,0.028125,0.0099371159449219,D_p,0.030208333333333334,0.033695036545395796
58,59,0.030208333333333334,0.0093634827062487,hilp_p,0.030208333333333334,0.033695036545395796
58,60,0.030208333333333334,0.0019254016224294,hilp_p,0.030208333333333334,0.033695036545395796
58,61,0.028125,0.0089106643572449,D_p,0.030208333333333334,0.033695036545395796
58,62,0.028125,0.0080131087452173,D_p,0.030208333333333334,0.033695036545395796
58,63,0.03229166666666667,0.0105304289609193,hilp_p,0.030208333333333334,0.033695036545395796
59,0,0.028125,0.0077321054413914,D_p,0.030208333333333334,0.033695036545395796
59,1,0.026041666666666668,0.0255552157759666,D_p,0.030208333333333334,0.033695036545395796
59,2,0.026041666666666668,0.0134059097617864,D_p,0.030208333333333334,0.033695036545395796
59,3,0.030208333333333334,0.0035927107091993,hilp_p,0.030208333333333334,0.033695036545395796
59,4,0.029166666666666667,0.0215291325002908,D_p,0.030208333333333334,0.033695036545395796
59,5,0.025,0.0373411998152732,C_p,0.030208333333333334,0.033695036545395796
59,6,0.028125,0.0152653688564896,D_p,0.030208333333333334,0.033695036545395796
59,7,0.028125,0.0117500005289912,D_p,0.030208333333333334,0.033695036545395796
59,8,0.027083333333333334,0.0066378209739923,D_p,0.030208333333333334,0.033695036545395796
59,9,0.030208333333333334,0.0017995507223531,hilp_p,0.030208333333333334,0.033695036545395796
59,10,0.029166666666666667,0.0220987796783447,D_p,0.030208333333333334,0.033695036545395796
59,11,0.025,0.0251686237752437,D_p,0.030208333333333334,0.033695036545395796
59,12,0.030208333333333334,0.0216084290295839,hilp_p,0.030208333333333334,0.033695036545395796
59,13,0.03333333333333333,0.0017321507912129,hilp_p,0.030208333333333334,0.033695036545395796
59,14,0.025,0.0078107928857207,D_p,0.030208333333333334,0.033695036545395796
59,15,0.025,0.009613704867661,D_p,0.030208333333333334,0.033695036545395796
59,16,0.028125,0.0040086386725306,D_p,0.030208333333333334,0.033695036545395796
59,17,0.029166666666666667,0.0028428039513528,D_p,0.030208333333333334,0.033695036545395796
59,18,0.034375,0.1456884443759918,hihp_p,0.030208333333333334,0.033695036545395796
59,19,0.026041666666666668,0.0026811987627297,D_p,0.030208333333333334,0.033695036545395796
59,20,0.028125,0.0038893138989806,D_p,0.030208333333333334,0.033695036545395796
59,21,0.027083333333333334,0.0147270942106843,D_p,0.030208333333333334,0.033695036545395796
59,22,0.025,0.0046199839562177,D_p,0.030208333333333334,0.033695036545395796
59,23,0.027083333333333334,0.0104358280077576,D_p,0.030208333333333334,0.033695036545395796
59,24,0.03125,0.0264520179480314,hilp_p,0.030208333333333334,0.033695036545395796
59,25,0.027083333333333334,0.0035667882766574,D_p,0.030208333333333334,0.033695036545395796
59,26,0.028125,0.0029976249206811,D_p,0.030208333333333334,0.033695036545395796
59,27,0.030208333333333334,0.0085593583062291,hilp_p,0.030208333333333334,0.033695036545395796
59,28,0.028125,0.0069444281980395,D_p,0.030208333333333334,0.033695036545395796
59,29,0.029166666666666667,0.0037764646112918,D_p,0.030208333333333334,0.033695036545395796
59,30,0.027083333333333334,0.008748734369874,D_p,0.030208333333333334,0.033695036545395796
59,31,0.026041666666666668,0.0042968178167939,D_p,0.030208333333333334,0.033695036545395796
59,32,0.03125,0.0094849690794944,hilp_p,0.030208333333333334,0.033695036545395796
59,33,0.027083333333333334,0.0065515828318893,D_p,0.030208333333333334,0.033695036545395796
59,34,0.022916666666666665,0.1084714606404304,C_p,0.030208333333333334,0.033695036545395796
59,35,0.035416666666666666,0.2962965369224548,hihp_p,0.030208333333333334,0.033695036545395796
59,36,0.03125,0.0087911402806639,hilp_p,0.030208333333333334,0.033695036545395796
59,37,0.026041666666666668,0.0143765220418572,D_p,0.030208333333333334,0.033695036545395796
59,38,0.03333333333333333,0.4992456436157226,hihp_p,0.030208333333333334,0.033695036545395796
59,39,0.020833333333333332,0.0084916986525058,D_p,0.030208333333333334,0.033695036545395796
59,40,0.028125,0.0036834895145148,D_p,0.030208333333333334,0.033695036545395796
59,41,0.03229166666666667,0.0027835047803819,hilp_p,0.030208333333333334,0.033695036545395796
59,42,0.028125,0.0188588518649339,D_p,0.030208333333333334,0.033695036545395796
59,43,0.027083333333333334,0.0328749157488346,D_p,0.030208333333333334,0.033695036545395796
59,44,0.027083333333333334,0.0039852112531661,D_p,0.030208333333333334,0.033695036545395796
59,45,0.029166666666666667,0.0046991757117211,D_p,0.030208333333333334,0.033695036545395796
59,46,0.030208333333333334,0.0216696169227361,hilp_p,0.030208333333333334,0.033695036545395796
59,47,0.025,0.0035824724473059,D_p,0.030208333333333334,0.033695036545395796
59,48,0.03333333333333333,0.0149790085852146,hilp_p,0.030208333333333334,0.033695036545395796
59,49,0.030208333333333334,0.0145271969959139,hilp_p,0.030208333333333334,0.033695036545395796
59,50,0.026041666666666668,0.0078745363280177,D_p,0.030208333333333334,0.033695036545395796
59,51,0.028125,0.0145123125985264,D_p,0.030208333333333334,0.033695036545395796
59,52,0.029166666666666667,0.0022222169209271,D_p,0.030208333333333334,0.033695036545395796
59,53,0.027083333333333334,0.0049200854264199,D_p,0.030208333333333334,0.033695036545395796
59,54,0.025,0.0044359685853123,D_p,0.030208333333333334,0.033695036545395796
59,55,0.028125,0.0034202297683805,D_p,0.030208333333333334,0.033695036545395796
59,56,0.034375,0.1090700626373291,hihp_p,0.030208333333333334,0.033695036545395796
59,57,0.028125,0.0529357716441154,C_p,0.030208333333333334,0.033695036545395796
59,58,0.029166666666666667,0.027947599068284,D_p,0.030208333333333334,0.033695036545395796
59,59,0.029166666666666667,0.0174709074199199,D_p,0.030208333333333334,0.033695036545395796
59,60,0.025,0.0458425767719745,C_p,0.030208333333333334,0.033695036545395796
59,61,0.030208333333333334,0.0106208324432373,hilp_p,0.030208333333333334,0.033695036545395796
59,62,0.03333333333333333,0.0755342841148376,hihp_p,0.030208333333333334,0.033695036545395796
59,63,0.034375,0.0299022980034351,hilp_p,0.030208333333333334,0.033695036545395796
60,0,0.03333333333333333,0.009947033599019,hilp_p,0.030208333333333334,0.033695036545395796
60,1,0.027083333333333334,0.0121948681771755,D_p,0.030208333333333334,0.033695036545395796
60,2,0.029166666666666667,0.0266806539148092,D_p,0.030208333333333334,0.033695036545395796
60,3,0.028125,0.0056934440508484,D_p,0.030208333333333334,0.033695036545395796
60,4,0.028125,0.0189724154770374,D_p,0.030208333333333334,0.033695036545395796
60,5,0.029166666666666667,0.0150677636265754,D_p,0.030208333333333334,0.033695036545395796
60,6,0.029166666666666667,0.0077761439606547,D_p,0.030208333333333334,0.033695036545395796
60,7,0.029166666666666667,0.0460786595940589,C_p,0.030208333333333334,0.033695036545395796
60,8,0.034375,0.107261948287487,hihp_p,0.030208333333333334,0.033695036545395796
60,9,0.030208333333333334,0.1093487814068794,hihp_p,0.030208333333333334,0.033695036545395796
60,10,0.028125,0.2047413289546966,C_p,0.030208333333333334,0.033695036545395796
60,11,0.028125,0.037175066769123,C_p,0.030208333333333334,0.033695036545395796
60,12,0.030208333333333334,0.0483370684087276,hihp_p,0.030208333333333334,0.033695036545395796
60,13,0.029166666666666667,0.0692316442728042,C_p,0.030208333333333334,0.033695036545395796
60,14,0.034375,0.0928741618990898,hihp_p,0.030208333333333334,0.033695036545395796
60,15,0.029166666666666667,0.153669849038124,C_p,0.030208333333333334,0.033695036545395796
60,16,0.03125,1.0295703411102295,hihp_p,0.030208333333333334,0.033695036545395796
60,17,0.029166666666666667,0.1408073753118515,C_p,0.030208333333333334,0.033695036545395796
60,18,0.028125,0.2905062437057495,C_p,0.030208333333333334,0.033695036545395796
60,19,0.03229166666666667,0.3795693814754486,hihp_p,0.030208333333333334,0.033695036545395796
60,20,0.036458333333333336,0.469032734632492,hihp_p,0.030208333333333334,0.033695036545395796
60,21,0.034375,0.6122552156448364,hihp_p,0.030208333333333334,0.033695036545395796
60,22,0.03333333333333333,0.6737833023071289,hihp_p,0.030208333333333334,0.033695036545395796
60,23,0.03125,0.4215832650661468,hihp_p,0.030208333333333334,0.033695036545395796
60,24,0.034375,0.3495709300041199,hihp_p,0.030208333333333334,0.033695036545395796
60,25,0.03125,0.1930865496397018,hihp_p,0.030208333333333334,0.033695036545395796
60,26,0.03125,0.2174599468708038,hihp_p,0.030208333333333334,0.033695036545395796
60,27,0.028125,0.3134311735630035,C_p,0.030208333333333334,0.033695036545395796
60,28,0.04375,0.5271545052528381,hihp_p,0.030208333333333334,0.033695036545395796
60,29,0.029166666666666667,0.2308563292026519,C_p,0.030208333333333334,0.033695036545395796
60,30,0.030208333333333334,0.2777837216854095,hihp_p,0.030208333333333334,0.033695036545395796
60,31,0.030208333333333334,0.1227229386568069,hihp_p,0.030208333333333334,0.033695036545395796
60,32,0.03125,0.0064541990868747,hilp_p,0.030208333333333334,0.033695036545395796
60,33,0.029166666666666667,0.0328121669590473,D_p,0.030208333333333334,0.033695036545395796
60,34,0.029166666666666667,0.0193058140575885,D_p,0.030208333333333334,0.033695036545395796
60,35,0.026041666666666668,0.0077810254879295,D_p,0.030208333333333334,0.033695036545395796
60,36,0.027083333333333334,0.0542905367910862,C_p,0.030208333333333334,0.033695036545395796
60,37,0.027083333333333334,0.0048541338182985,D_p,0.030208333333333334,0.033695036545395796
60,38,0.023958333333333335,0.0367089845240116,C_p,0.030208333333333334,0.033695036545395796
60,39,0.030208333333333334,0.0121988011524081,hilp_p,0.030208333333333334,0.033695036545395796
60,40,0.026041666666666668,0.0044311974197626,D_p,0.030208333333333334,0.033695036545395796
60,41,0.028125,0.0113172242417931,D_p,0.030208333333333334,0.033695036545395796
60,42,0.03125,0.0187405440956354,hilp_p,0.030208333333333334,0.033695036545395796
60,43,0.028125,0.0082443691790103,D_p,0.030208333333333334,0.033695036545395796
60,44,0.030208333333333334,0.0058064018376171,hilp_p,0.030208333333333334,0.033695036545395796
60,45,0.028125,0.0206853803247213,D_p,0.030208333333333334,0.033695036545395796
60,46,0.028125,0.0073290797881782,D_p,0.030208333333333334,0.033695036545395796
60,47,0.027083333333333334,0.0033864662982523,D_p,0.030208333333333334,0.033695036545395796
60,48,0.03229166666666667,0.3244369626045227,hihp_p,0.030208333333333334,0.033695036545395796
60,49,0.026041666666666668,0.0438654571771621,C_p,0.030208333333333334,0.033695036545395796
60,50,0.03125,0.2063305079936981,hihp_p,0.030208333333333334,0.033695036545395796
60,51,0.03333333333333333,0.0447894409298896,hihp_p,0.030208333333333334,0.033695036545395796
60,52,0.030208333333333334,0.0395425893366336,hihp_p,0.030208333333333334,0.033695036545395796
60,53,0.026041666666666668,0.0465554185211658,C_p,0.030208333333333334,0.033695036545395796
60,54,0.034375,0.0667962729930877,hihp_p,0.030208333333333334,0.033695036545395796
60,55,0.03125,0.1682265996932983,hihp_p,0.030208333333333334,0.033695036545395796
60,56,0.028125,0.3244061470031738,C_p,0.030208333333333334,0.033695036545395796
60,57,0.029166666666666667,0.0699747577309608,C_p,0.030208333333333334,0.033695036545395796
60,58,0.03333333333333333,0.3822521269321441,hihp_p,0.030208333333333334,0.033695036545395796
60,59,0.03229166666666667,0.4424217343330383,hihp_p,0.030208333333333334,0.033695036545395796
60,60,0.028125,0.243369311094284,C_p,0.030208333333333334,0.033695036545395796
60,61,0.030208333333333334,0.1601999998092651,hihp_p,0.030208333333333334,0.033695036545395796
60,62,0.03333333333333333,0.3603828847408294,hihp_p,0.030208333333333334,0.033695036545395796
60,63,0.030208333333333334,0.0502333901822567,hihp_p,0.030208333333333334,0.033695036545395796
61,0,0.0375,1.5848894119262695,hihp_p,0.030208333333333334,0.033695036545395796
61,1,0.027083333333333334,0.1882425844669342,C_p,0.030208333333333334,0.033695036545395796
61,2,0.053125,0.7430693507194519,hihp_p,0.030208333333333334,0.033695036545395796
61,3,0.027083333333333334,0.6282839179039001,C_p,0.030208333333333334,0.033695036545395796
61,4,0.03125,0.161018818616867,hihp_p,0.030208333333333334,0.033695036545395796
61,5,0.03333333333333333,0.2593792378902435,hihp_p,0.030208333333333334,0.033695036545395796
61,6,0.03229166666666667,0.6590669751167297,hihp_p,0.030208333333333334,0.033695036545395796
61,7,0.029166666666666667,0.268827348947525,C_p,0.030208333333333334,0.033695036545395796
61,8,0.03333333333333333,0.0216034017503261,hilp_p,0.030208333333333334,0.033695036545395796
61,9,0.025,0.0152445742860436,D_p,0.030208333333333334,0.033695036545395796
61,10,0.028125,0.009702612645924,D_p,0.030208333333333334,0.033695036545395796
61,11,0.03333333333333333,0.0025292416103184,hilp_p,0.030208333333333334,0.033695036545395796
61,12,0.028125,0.0060261292383074,D_p,0.030208333333333334,0.033695036545395796
61,13,0.030208333333333334,0.0138724353164434,hilp_p,0.030208333333333334,0.033695036545395796
61,14,0.029166666666666667,0.0108767095953226,D_p,0.030208333333333334,0.033695036545395796
61,15,0.03229166666666667,0.0086630564182996,hilp_p,0.030208333333333334,0.033695036545395796
61,16,0.027083333333333334,0.0024855288211256,D_p,0.030208333333333334,0.033695036545395796
61,17,0.03229166666666667,0.0057418523356318,hilp_p,0.030208333333333334,0.033695036545395796
61,18,0.028125,0.0233920905739069,D_p,0.030208333333333334,0.033695036545395796
61,19,0.035416666666666666,0.0024304112885147,hilp_p,0.030208333333333334,0.033695036545395796
61,20,0.03229166666666667,0.0042942860163748,hilp_p,0.030208333333333334,0.033695036545395796
61,21,0.03229166666666667,0.0019435506546869,hilp_p,0.030208333333333334,0.033695036545395796
61,22,0.030208333333333334,0.0099124377593398,hilp_p,0.030208333333333334,0.033695036545395796
61,23,0.025,0.0120700802654027,D_p,0.030208333333333334,0.033695036545395796
61,24,0.027083333333333334,0.0161705538630485,D_p,0.030208333333333334,0.033695036545395796
61,25,0.029166666666666667,0.0159753914922475,D_p,0.030208333333333334,0.033695036545395796
61,26,0.029166666666666667,0.0171561632305383,D_p,0.030208333333333334,0.033695036545395796
61,27,0.03125,0.0034520300105214,hilp_p,0.030208333333333334,0.033695036545395796
61,28,0.029166666666666667,0.01425102353096,D_p,0.030208333333333334,0.033695036545395796
61,29,0.028125,0.0235702861100435,D_p,0.030208333333333334,0.033695036545395796
61,30,0.030208333333333334,0.0158584360033273,hilp_p,0.030208333333333334,0.033695036545395796
61,31,0.028125,0.0129206134006381,D_p,0.030208333333333334,0.033695036545395796
61,32,0.030208333333333334,0.0062273661606013,hilp_p,0.030208333333333334,0.033695036545395796
61,33,0.029166666666666667,0.002380744786933,D_p,0.030208333333333334,0.033695036545395796
61,34,0.027083333333333334,0.0031634159386157,D_p,0.030208333333333334,0.033695036545395796
61,35,0.03125,0.0031558687333017,hilp_p,0.030208333333333334,0.033695036545395796
61,36,0.03229166666666667,0.3119890391826629,hihp_p,0.030208333333333334,0.033695036545395796
61,37,0.03229166666666667,0.0126457344740629,hilp_p,0.030208333333333334,0.033695036545395796
61,38,0.028125,0.0097795631736516,D_p,0.030208333333333334,0.033695036545395796
61,39,0.026041666666666668,0.0113018220290541,D_p,0.030208333333333334,0.033695036545395796
61,40,0.026041666666666668,0.0052114371210336,D_p,0.030208333333333334,0.033695036545395796
61,41,0.025,0.0046600271016359,D_p,0.030208333333333334,0.033695036545395796
61,42,0.03125,0.0042506563477218,hilp_p,0.030208333333333334,0.033695036545395796
61,43,0.029166666666666667,0.0021486429031938,D_p,0.030208333333333334,0.033695036545395796
61,44,0.027083333333333334,0.0068228994496166,D_p,0.030208333333333334,0.033695036545395796
61,45,0.027083333333333334,0.0035477592609822,D_p,0.030208333333333334,0.033695036545395796
61,46,0.025,0.0055545703507959,D_p,0.030208333333333334,0.033695036545395796
61,47,0.034375,0.0067186211235821,hilp_p,0.030208333333333334,0.033695036545395796
61,48,0.025,0.0043994365260005,D_p,0.030208333333333334,0.033695036545395796
61,49,0.030208333333333334,0.0336525216698646,hilp_p,0.030208333333333334,0.033695036545395796
61,50,0.029166666666666667,0.0049695312045514,D_p,0.030208333333333334,0.033695036545395796
61,51,0.03125,0.0063600060530006,hilp_p,0.030208333333333334,0.033695036545395796
61,52,0.026041666666666668,0.0097559578716754,D_p,0.030208333333333334,0.033695036545395796
61,53,0.03333333333333333,0.2442724406719207,hihp_p,0.030208333333333334,0.033695036545395796
61,54,0.027083333333333334,0.003120397683233,D_p,0.030208333333333334,0.033695036545395796
61,55,0.026041666666666668,0.0133898742496967,D_p,0.030208333333333334,0.033695036545395796
61,56,0.030208333333333334,0.006361611187458,hilp_p,0.030208333333333334,0.033695036545395796
61,57,0.028125,0.0013416508445516,D_p,0.030208333333333334,0.033695036545395796
61,58,0.030208333333333334,0.0314209274947643,hilp_p,0.030208333333333334,0.033695036545395796
61,59,0.029166666666666667,0.0069614979438483,D_p,0.030208333333333334,0.033695036545395796
61,60,0.028125,0.0034656913485378,D_p,0.030208333333333334,0.033695036545395796
61,61,0.030208333333333334,0.0073583051562309,hilp_p,0.030208333333333334,0.033695036545395796
61,62,0.025,0.00902612041682,D_p,0.030208333333333334,0.033695036545395796
61,63,0.029166666666666667,0.0184257198125123,D_p,0.030208333333333334,0.033695036545395796
62,0,0.029166666666666667,0.0026985036674886,D_p,0.030208333333333334,0.033695036545395796
62,1,0.026041666666666668,0.0062256352975964,D_p,0.030208333333333334,0.033695036545395796
62,2,0.030208333333333334,0.0087278950959444,hilp_p,0.030208333333333334,0.033695036545395796
62,3,0.028125,0.0079300077632069,D_p,0.030208333333333334,0.033695036545395796
62,4,0.03125,0.0118913883343338,hilp_p,0.030208333333333334,0.033695036545395796
62,5,0.028125,0.0091599505394697,D_p,0.030208333333333334,0.033695036545395796
62,6,0.028125,0.0060492381453514,D_p,0.030208333333333334,0.033695036545395796
62,7,0.03125,0.0225802361965179,hilp_p,0.030208333333333334,0.033695036545395796
62,8,0.03229166666666667,0.0380163677036762,hihp_p,0.030208333333333334,0.033695036545395796
62,9,0.029166666666666667,0.00759510230273,D_p,0.030208333333333334,0.033695036545395796
62,10,0.03333333333333333,0.0413192696869373,hihp_p,0.030208333333333334,0.033695036545395796
62,11,0.026041666666666668,0.0028178361244499,D_p,0.030208333333333334,0.033695036545395796
62,12,0.027083333333333334,0.018634220585227,D_p,0.030208333333333334,0.033695036545395796
62,13,0.03125,0.0390932895243167,hihp_p,0.030208333333333334,0.033695036545395796
62,14,0.022916666666666665,0.0341624245047569,C_p,0.030208333333333334,0.033695036545395796
62,15,0.03125,0.0533317998051643,hihp_p,0.030208333333333334,0.033695036545395796
62,16,0.026041666666666668,0.0140434838831424,D_p,0.030208333333333334,0.033695036545395796
62,17,0.030208333333333334,0.0167594067752361,hilp_p,0.030208333333333334,0.033695036545395796
62,18,0.021875,0.0605118237435817,C_p,0.030208333333333334,0.033695036545395796
62,19,0.027083333333333334,0.0137379933148622,D_p,0.030208333333333334,0.033695036545395796
62,20,0.029166666666666667,0.0134316813200712,D_p,0.030208333333333334,0.033695036545395796
62,21,0.034375,0.0279489587992429,hilp_p,0.030208333333333334,0.033695036545395796
62,22,0.027083333333333334,0.0231810733675956,D_p,0.030208333333333334,0.033695036545395796
62,23,0.026041666666666668,0.0108310747891664,D_p,0.030208333333333334,0.033695036545395796
62,24,0.029166666666666667,0.0954135283827781,C_p,0.030208333333333334,0.033695036545395796
62,25,0.029166666666666667,0.0584933087229728,C_p,0.030208333333333334,0.033695036545395796
62,26,0.028125,0.0085978349670767,D_p,0.030208333333333334,0.033695036545395796
62,27,0.0375,0.1365054547786712,hihp_p,0.030208333333333334,0.033695036545395796
62,28,0.025,0.1312413811683654,C_p,0.030208333333333334,0.033695036545395796
62,29,0.028125,0.0210446212440729,D_p,0.030208333333333334,0.033695036545395796
62,30,0.03229166666666667,0.1713612377643585,hihp_p,0.030208333333333334,0.033695036545395796
62,31,0.030208333333333334,0.0185016356408596,hilp_p,0.030208333333333334,0.033695036545395796
62,32,0.028125,0.0085578905418515,D_p,0.030208333333333334,0.033695036545395796
62,33,0.029166666666666667,0.0200183913111686,D_p,0.030208333333333334,0.033695036545395796
62,34,0.029166666666666667,0.0318102166056633,D_p,0.030208333333333334,0.033695036545395796
62,35,0.030208333333333334,0.0041667097248137,hilp_p,0.030208333333333334,0.033695036545395796
62,36,0.029166666666666667,0.0944783613085746,C_p,0.030208333333333334,0.033695036545395796
62,37,0.030208333333333334,0.0078040375374257,hilp_p,0.030208333333333334,0.033695036545395796
62,38,0.029166666666666667,0.0164619125425815,D_p,0.030208333333333334,0.033695036545395796
62,39,0.028125,0.0240166708827018,D_p,0.030208333333333334,0.033695036545395796
62,40,0.028125,0.008653063327074,D_p,0.030208333333333334,0.033695036545395796
62,41,0.028125,0.0051399674266576,D_p,0.030208333333333334,0.033695036545395796
62,42,0.025,0.0124214766547083,D_p,0.030208333333333334,0.033695036545395796
62,43,0.030208333333333334,0.0020170453935861,hilp_p,0.030208333333333334,0.033695036545395796
62,44,0.03125,0.0039381887763738,hilp_p,0.030208333333333334,0.033695036545395796
62,45,0.028125,0.0176497679203748,D_p,0.030208333333333334,0.033695036545395796
62,46,0.027083333333333334,0.0018899941351264,D_p,0.030208333333333334,0.033695036545395796
62,47,0.030208333333333334,0.005003320518881,hilp_p,0.030208333333333334,0.033695036545395796
62,48,0.030208333333333334,0.0115541443228721,hilp_p,0.030208333333333334,0.033695036545395796
62,49,0.030208333333333334,0.015166463330388,hilp_p,0.030208333333333334,0.033695036545395796
62,50,0.03125,0.0200996622443199,hilp_p,0.030208333333333334,0.033695036545395796
62,51,0.028125,0.0042621726170182,D_p,0.030208333333333334,0.033695036545395796
62,52,0.030208333333333334,0.0055049401707947,hilp_p,0.030208333333333334,0.033695036545395796
62,53,0.035416666666666666,0.0075929122976958,hilp_p,0.030208333333333334,0.033695036545395796
62,54,0.030208333333333334,0.0482661500573158,hihp_p,0.030208333333333334,0.033695036545395796
62,55,0.029166666666666667,0.0097429919987916,D_p,0.030208333333333334,0.033695036545395796
62,56,0.035416666666666666,0.0156326964497566,hilp_p,0.030208333333333334,0.033695036545395796
62,57,0.028125,0.0076173185370862,D_p,0.030208333333333334,0.033695036545395796
62,58,0.027083333333333334,0.0030423952266573,D_p,0.030208333333333334,0.033695036545395796
62,59,0.030208333333333334,0.0050358576700091,hilp_p,0.030208333333333334,0.033695036545395796
62,60,0.03333333333333333,0.0070194010622799,hilp_p,0.030208333333333334,0.033695036545395796
62,61,0.028125,0.0073031955398619,D_p,0.030208333333333334,0.033695036545395796
62,62,0.029166666666666667,0.0054067950695753,D_p,0.030208333333333334,0.033695036545395796
62,63,0.03125,0.0106322588399052,hilp_p,0.030208333333333334,0.033695036545395796
63,0,0.03229166666666667,0.0468043833971023,hihp_p,0.030208333333333334,0.033695036545395796
63,1,0.028125,0.0201999507844448,D_p,0.030208333333333334,0.033695036545395796
63,2,0.03125,0.1172011122107505,hihp_p,0.030208333333333334,0.033695036545395796
63,3,0.027083333333333334,0.0246229767799377,D_p,0.030208333333333334,0.033695036545395796
63,4,0.027083333333333334,0.0950641706585884,C_p,0.030208333333333334,0.033695036545395796
63,5,0.03333333333333333,0.0671297535300254,hihp_p,0.030208333333333334,0.033695036545395796
63,6,0.029166666666666667,0.0162648800760507,D_p,0.030208333333333334,0.033695036545395796
63,7,0.030208333333333334,0.0920325890183448,hihp_p,0.030208333333333334,0.033695036545395796
63,8,0.029166666666666667,0.0043595815077424,D_p,0.030208333333333334,0.033695036545395796
63,9,0.030208333333333334,0.0387401916086673,hihp_p,0.030208333333333334,0.033695036545395796
63,10,0.028125,0.0240209829062223,D_p,0.030208333333333334,0.033695036545395796
63,11,0.028125,0.0032316069118678,D_p,0.030208333333333334,0.033695036545395796
63,12,0.028125,0.0025154405739158,D_p,0.030208333333333334,0.033695036545395796
63,13,0.026041666666666668,0.0056348657235503,D_p,0.030208333333333334,0.033695036545395796
63,14,0.030208333333333334,0.0097163077443838,hilp_p,0.030208333333333334,0.033695036545395796
63,15,0.030208333333333334,0.0107569759711623,hilp_p,0.030208333333333334,0.033695036545395796
63,16,0.03229166666666667,0.0337409600615501,hihp_p,0.030208333333333334,0.033695036545395796
63,17,0.03125,0.0346028171479702,hihp_p,0.030208333333333334,0.033695036545395796
63,18,0.030208333333333334,0.0441390462219715,hihp_p,0.030208333333333334,0.033695036545395796
63,19,0.027083333333333334,0.011283122934401,D_p,0.030208333333333334,0.033695036545395796
63,20,0.029166666666666667,0.1294440031051635,C_p,0.030208333333333334,0.033695036545395796
63,21,0.029166666666666667,0.0105671221390366,D_p,0.030208333333333334,0.033695036545395796
63,22,0.030208333333333334,0.0666868910193443,hihp_p,0.030208333333333334,0.033695036545395796
63,23,0.027083333333333334,0.0064925509504973,D_p,0.030208333333333334,0.033695036545395796
63,24,0.025,0.0203813165426254,D_p,0.030208333333333334,0.033695036545395796
63,25,0.030208333333333334,0.016186686232686,hilp_p,0.030208333333333334,0.033695036545395796
63,26,0.028125,0.0128193721175193,D_p,0.030208333333333334,0.033695036545395796
63,27,0.025,0.0104827061295509,D_p,0.030208333333333334,0.033695036545395796
63,28,0.027083333333333334,0.0062279924750328,D_p,0.030208333333333334,0.033695036545395796
63,29,0.029166666666666667,0.0024311658926308,D_p,0.030208333333333334,0.033695036545395796
63,30,0.028125,0.0733531787991523,C_p,0.030208333333333334,0.033695036545395796
63,31,0.030208333333333334,0.0108570577576756,hilp_p,0.030208333333333334,0.033695036545395796
63,32,0.028125,0.0341337658464908,C_p,0.030208333333333334,0.033695036545395796
63,33,0.027083333333333334,0.0318721048533916,D_p,0.030208333333333334,0.033695036545395796
63,34,0.029166666666666667,0.0351345464587211,C_p,0.030208333333333334,0.033695036545395796
63,35,0.029166666666666667,0.0258996970951557,D_p,0.030208333333333334,0.033695036545395796
63,36,0.028125,0.0083510093390941,D_p,0.030208333333333334,0.033695036545395796
63,37,0.03229166666666667,0.0495653338730335,hihp_p,0.030208333333333334,0.033695036545395796
63,38,0.035416666666666666,0.0254995115101337,hilp_p,0.030208333333333334,0.033695036545395796
63,39,0.026041666666666668,0.0117126228287816,D_p,0.030208333333333334,0.033695036545395796
63,40,0.030208333333333334,0.0174331832677125,hilp_p,0.030208333333333334,0.033695036545395796
63,41,0.027083333333333334,0.0181837882846593,D_p,0.030208333333333334,0.033695036545395796
63,42,0.030208333333333334,0.0096911462023854,hilp_p,0.030208333333333334,0.033695036545395796
63,43,0.030208333333333334,0.0392438657581806,hihp_p,0.030208333333333334,0.033695036545395796
63,44,0.025,0.0353125780820846,C_p,0.030208333333333334,0.033695036545395796
63,45,0.028125,0.0084180999547243,D_p,0.030208333333333334,0.033695036545395796
63,46,0.03125,0.0501797460019588,hihp_p,0.030208333333333334,0.033695036545395796
63,47,0.029166666666666667,0.0264377202838659,D_p,0.030208333333333334,0.033695036545395796
63,48,0.028125,0.0036820995155721,D_p,0.030208333333333334,0.033695036545395796
63,49,0.029166666666666667,0.0021486729383468,D_p,0.030208333333333334,0.033695036545395796
63,50,0.029166666666666667,0.0040739872492849,D_p,0.030208333333333334,0.033695036545395796
63,51,0.026041666666666668,0.0172002967447042,D_p,0.030208333333333334,0.033695036545395796
63,52,0.03229166666666667,0.1225124448537826,hihp_p,0.030208333333333334,0.033695036545395796
63,53,0.029166666666666667,0.0067071309313178,D_p,0.030208333333333334,0.033695036545395796
63,54,0.029166666666666667,0.0138733610510826,D_p,0.030208333333333334,0.033695036545395796
63,55,0.028125,0.0039882385171949,D_p,0.030208333333333334,0.033695036545395796
63,56,0.027083333333333334,0.0550961270928382,C_p,0.030208333333333334,0.033695036545395796
63,57,0.028125,0.0126165812835097,D_p,0.030208333333333334,0.033695036545395796
63,58,0.030208333333333334,0.0342836342751979,hihp_p,0.030208333333333334,0.033695036545395796
63,59,0.030208333333333334,1.0219131708145142,hihp_p,0.030208333333333334,0.033695036545395796
63,60,0.03125,0.0582000203430652,hihp_p,0.030208333333333334,0.033695036545395796
63,61,0.029166666666666667,0.05384411662817,C_p,0.030208333333333334,0.033695036545395796
63,62,0.035416666666666666,0.3723602294921875,hihp_p,0.030208333333333334,0.033695036545395796
63,63,0.03125,0.0326342061161994,hilp_p,0.030208333333333334,0.033695036545395796
64,0,0.028125,0.0105326697230339,D_p,0.030208333333333334,0.033695036545395796
64,1,0.028125,0.0182427186518907,D_p,0.030208333333333334,0.033695036545395796
64,2,0.027083333333333334,0.0095485784113407,D_p,0.030208333333333334,0.033695036545395796
64,3,0.027083333333333334,0.0048987828195095,D_p,0.030208333333333334,0.033695036545395796
64,4,0.028125,0.0173938386142253,D_p,0.030208333333333334,0.033695036545395796
64,5,0.027083333333333334,0.0211045201867818,D_p,0.030208333333333334,0.033695036545395796
64,6,0.03333333333333333,0.0027415580116212,hilp_p,0.030208333333333334,0.033695036545395796
64,7,0.027083333333333334,0.0044810911640524,D_p,0.030208333333333334,0.033695036545395796
64,8,0.03333333333333333,0.0363952666521072,hihp_p,0.030208333333333334,0.033695036545395796
64,9,0.03229166666666667,0.0248489435762166,hilp_p,0.030208333333333334,0.033695036545395796
64,10,0.03125,0.0142288217321038,hilp_p,0.030208333333333334,0.033695036545395796
64,11,0.03125,0.0067372983321547,hilp_p,0.030208333333333334,0.033695036545395796
64,12,0.028125,0.0297093950212001,D_p,0.030208333333333334,0.033695036545395796
64,13,0.026041666666666668,0.0117995562031865,D_p,0.030208333333333334,0.033695036545395796
64,14,0.030208333333333334,0.0287049505859613,hilp_p,0.030208333333333334,0.033695036545395796
64,15,0.030208333333333334,0.0130717745050787,hilp_p,0.030208333333333334,0.033695036545395796
64,16,0.029166666666666667,0.0142049584537744,D_p,0.030208333333333334,0.033695036545395796
64,17,0.034375,0.0117752067744731,hilp_p,0.030208333333333334,0.033695036545395796
64,18,0.029166666666666667,0.0037449023220688,D_p,0.030208333333333334,0.033695036545395796
64,19,0.030208333333333334,0.021721651777625,hilp_p,0.030208333333333334,0.033695036545395796
64,20,0.028125,0.0046471348032355,D_p,0.030208333333333334,0.033695036545395796
64,21,0.03125,0.0031184898689389,hilp_p,0.030208333333333334,0.033695036545395796
64,22,0.028125,0.006763198878616,D_p,0.030208333333333334,0.033695036545395796
64,23,0.028125,0.003703647525981,D_p,0.030208333333333334,0.033695036545395796
64,24,0.0375,0.3703732788562774,hihp_p,0.030208333333333334,0.033695036545395796
64,25,0.051041666666666666,1.5699405670166016,hihp_p,0.030208333333333334,0.033695036545395796
64,26,0.03333333333333333,0.3524016439914703,hihp_p,0.030208333333333334,0.033695036545395796
64,27,0.08958333333333333,2.0702948570251465,hihp_p,0.030208333333333334,0.033695036545395796
64,28,0.035416666666666666,0.5780993103981018,hihp_p,0.030208333333333334,0.033695036545395796
64,29,0.034375,0.3215754628181457,hihp_p,0.030208333333333334,0.033695036545395796
64,30,0.040625,1.2945494651794434,hihp_p,0.030208333333333334,0.033695036545395796
64,31,0.040625,1.926396608352661,hihp_p,0.030208333333333334,0.033695036545395796
64,32,0.029166666666666667,0.0088005261495709,D_p,0.030208333333333334,0.033695036545395796
64,33,0.030208333333333334,0.0083220992237329,hilp_p,0.030208333333333334,0.033695036545395796
64,34,0.028125,0.0088528515771031,D_p,0.030208333333333334,0.033695036545395796
64,35,0.030208333333333334,0.0143972327932715,hilp_p,0.030208333333333334,0.033695036545395796
64,36,0.025,0.0090406043455004,D_p,0.030208333333333334,0.033695036545395796
64,37,0.03333333333333333,0.014426814392209,hilp_p,0.030208333333333334,0.033695036545395796
64,38,0.03125,0.0047092488966882,hilp_p,0.030208333333333334,0.033695036545395796
64,39,0.028125,0.0082700969651341,D_p,0.030208333333333334,0.033695036545395796
64,40,0.029166666666666667,0.063816487789154,C_p,0.030208333333333334,0.033695036545395796
64,41,0.030208333333333334,0.0627246052026748,hihp_p,0.030208333333333334,0.033695036545395796
64,42,0.03125,0.0391094572842121,hihp_p,0.030208333333333334,0.033695036545395796
64,43,0.03125,0.0931229293346405,hihp_p,0.030208333333333334,0.033695036545395796
64,44,0.025,0.8508743047714233,C_p,0.030208333333333334,0.033695036545395796
64,45,0.028125,0.0882960334420204,C_p,0.030208333333333334,0.033695036545395796
64,46,0.026041666666666668,0.0781053081154823,C_p,0.030208333333333334,0.033695036545395796
64,47,0.030208333333333334,0.1751291751861572,hihp_p,0.030208333333333334,0.033695036545395796
64,48,0.036458333333333336,0.3067489862442016,hihp_p,0.030208333333333334,0.033695036545395796
64,49,0.03333333333333333,0.7970098257064819,hihp_p,0.030208333333333334,0.033695036545395796
64,50,0.03125,0.436899334192276,hihp_p,0.030208333333333334,0.033695036545395796
64,51,0.027083333333333334,0.1061751395463943,C_p,0.030208333333333334,0.033695036545395796
64,52,0.036458333333333336,0.3172002136707306,hihp_p,0.030208333333333334,0.033695036545395796
64,53,0.030208333333333334,0.2667875289916992,hihp_p,0.030208333333333334,0.033695036545395796
64,54,0.029166666666666667,0.353451669216156,C_p,0.030208333333333334,0.033695036545395796
64,55,0.04375,0.3841107785701751,hihp_p,0.030208333333333334,0.033695036545395796
64,56,0.03125,0.018432630226016,hilp_p,0.030208333333333334,0.033695036545395796
64,57,0.029166666666666667,0.020124239847064,D_p,0.030208333333333334,0.033695036545395796
64,58,0.028125,0.0462238267064094,C_p,0.030208333333333334,0.033695036545395796
64,59,0.029166666666666667,0.0444787144660949,C_p,0.030208333333333334,0.033695036545395796
64,60,0.03125,0.1201702654361724,hihp_p,0.030208333333333334,0.033695036545395796
64,61,0.030208333333333334,0.0255603455007076,hilp_p,0.030208333333333334,0.033695036545395796
64,62,0.030208333333333334,0.1041673570871353,hihp_p,0.030208333333333334,0.033695036545395796
64,63,0.028125,0.0337274186313152,C_p,0.030208333333333334,0.033695036545395796
65,0,0.03229166666666667,0.030252294614911,hilp_p,0.030208333333333334,0.033695036545395796
65,1,0.029166666666666667,0.0482859686017036,C_p,0.030208333333333334,0.033695036545395796
65,2,0.026041666666666668,0.0656636208295822,C_p,0.030208333333333334,0.033695036545395796
65,3,0.030208333333333334,0.0604253336787223,hihp_p,0.030208333333333334,0.033695036545395796
65,4,0.030208333333333334,0.0453898757696151,hihp_p,0.030208333333333334,0.033695036545395796
65,5,0.03125,0.0032525833230465,hilp_p,0.030208333333333334,0.033695036545395796
65,6,0.030208333333333334,0.018044264987111,hilp_p,0.030208333333333334,0.033695036545395796
65,7,0.028125,0.0290806572884321,D_p,0.030208333333333334,0.033695036545395796
65,8,0.03125,0.0112843755632638,hilp_p,0.030208333333333334,0.033695036545395796
65,9,0.029166666666666667,0.0054711871780455,D_p,0.030208333333333334,0.033695036545395796
65,10,0.027083333333333334,0.0067558805458247,D_p,0.030208333333333334,0.033695036545395796
65,11,0.028125,0.0025838897563517,D_p,0.030208333333333334,0.033695036545395796
65,12,0.03125,0.0030613993294537,hilp_p,0.030208333333333334,0.033695036545395796
65,13,0.025,0.0104925697669386,D_p,0.030208333333333334,0.033695036545395796
65,14,0.026041666666666668,0.0053927493281662,D_p,0.030208333333333334,0.033695036545395796
65,15,0.03229166666666667,0.1776322722434997,hihp_p,0.030208333333333334,0.033695036545395796
65,16,0.029166666666666667,0.0065037440508604,D_p,0.030208333333333334,0.033695036545395796
65,17,0.028125,0.0038492053281515,D_p,0.030208333333333334,0.033695036545395796
65,18,0.03333333333333333,0.0112983882427215,hilp_p,0.030208333333333334,0.033695036545395796
65,19,0.03125,0.0043609980493783,hilp_p,0.030208333333333334,0.033695036545395796
65,20,0.026041666666666668,0.0079876258969306,D_p,0.030208333333333334,0.033695036545395796
65,21,0.03125,0.0036026411689817,hilp_p,0.030208333333333334,0.033695036545395796
65,22,0.030208333333333334,0.0284245293587446,hilp_p,0.030208333333333334,0.033695036545395796
65,23,0.028125,0.0085712419822812,D_p,0.030208333333333334,0.033695036545395796
65,24,0.028125,0.0145754339173436,D_p,0.030208333333333334,0.033695036545395796
65,25,0.025,0.0285636875778436,D_p,0.030208333333333334,0.033695036545395796
65,26,0.028125,0.0130489831790328,D_p,0.030208333333333334,0.033695036545395796
65,27,0.035416666666666666,0.0070403371937572,hilp_p,0.030208333333333334,0.033695036545395796
65,28,0.03125,0.0086323879659175,hilp_p,0.030208333333333334,0.033695036545395796
65,29,0.028125,0.0129574760794639,D_p,0.030208333333333334,0.033695036545395796
65,30,0.03333333333333333,0.0071116969920694,hilp_p,0.030208333333333334,0.033695036545395796
65,31,0.029166666666666667,0.0167431738227605,D_p,0.030208333333333334,0.033695036545395796
65,32,0.028125,0.0090450998395681,D_p,0.030208333333333334,0.033695036545395796
65,33,0.027083333333333334,0.0150456633418798,D_p,0.030208333333333334,0.033695036545395796
65,34,0.03229166666666667,0.0189590696245431,hilp_p,0.030208333333333334,0.033695036545395796
65,35,0.027083333333333334,0.011331052519381,D_p,0.030208333333333334,0.033695036545395796
65,36,0.030208333333333334,0.0218021403998136,hilp_p,0.030208333333333334,0.033695036545395796
65,37,0.03125,0.06279256939888,hihp_p,0.030208333333333334,0.033695036545395796
65,38,0.030208333333333334,0.0370076112449169,hihp_p,0.030208333333333334,0.033695036545395796
65,39,0.026041666666666668,0.0117424977943301,D_p,0.030208333333333334,0.033695036545395796
65,40,0.03229166666666667,0.0090042930096387,hilp_p,0.030208333333333334,0.033695036545395796
65,41,0.03333333333333333,0.0111726885661482,hilp_p,0.030208333333333334,0.033695036545395796
65,42,0.03333333333333333,0.0322272628545761,hilp_p,0.030208333333333334,0.033695036545395796
65,43,0.029166666666666667,0.0094840256497263,D_p,0.030208333333333334,0.033695036545395796
65,44,0.030208333333333334,0.0217142309993505,hilp_p,0.030208333333333334,0.033695036545395796
65,45,0.030208333333333334,0.003199832746759,hilp_p,0.030208333333333334,0.033695036545395796
65,46,0.029166666666666667,0.0076715075410902,D_p,0.030208333333333334,0.033695036545395796
65,47,0.03229166666666667,0.0118978861719369,hilp_p,0.030208333333333334,0.033695036545395796
65,48,0.029166666666666667,0.0126940794289112,D_p,0.030208333333333334,0.033695036545395796
65,49,0.029166666666666667,0.0034865213092416,D_p,0.030208333333333334,0.033695036545395796
65,50,0.030208333333333334,0.0029039040673524,hilp_p,0.030208333333333334,0.033695036545395796
65,51,0.029166666666666667,0.0035622047726064,D_p,0.030208333333333334,0.033695036545395796
65,52,0.03125,0.0026241254527121,hilp_p,0.030208333333333334,0.033695036545395796
65,53,0.029166666666666667,0.0033687031827867,D_p,0.030208333333333334,0.033695036545395796
65,54,0.030208333333333334,0.0067431153729557,hilp_p,0.030208333333333334,0.033695036545395796
65,55,0.029166666666666667,0.0063925189897418,D_p,0.030208333333333334,0.033695036545395796
65,56,0.030208333333333334,0.0642534866929054,hihp_p,0.030208333333333334,0.033695036545395796
65,57,0.025,0.0090205511078238,D_p,0.030208333333333334,0.033695036545395796
65,58,0.034375,0.057198416441679,hihp_p,0.030208333333333334,0.033695036545395796
65,59,0.03229166666666667,0.0297247748821973,hilp_p,0.030208333333333334,0.033695036545395796
65,60,0.025,0.0295236967504024,D_p,0.030208333333333334,0.033695036545395796
65,61,0.029166666666666667,0.0267838686704635,D_p,0.030208333333333334,0.033695036545395796
65,62,0.025,0.0413893461227417,C_p,0.030208333333333334,0.033695036545395796
65,63,0.030208333333333334,0.0079883672297,hilp_p,0.030208333333333334,0.033695036545395796
66,0,0.036458333333333336,0.3619381487369537,hihp_p,0.030208333333333334,0.033695036545395796
66,1,0.022916666666666665,0.6017235517501831,C_p,0.030208333333333334,0.033695036545395796
66,2,0.035416666666666666,0.560660719871521,hihp_p,0.030208333333333334,0.033695036545395796
66,3,0.028125,0.0842443257570266,C_p,0.030208333333333334,0.033695036545395796
66,4,0.03125,0.0184448305517435,hilp_p,0.030208333333333334,0.033695036545395796
66,5,0.035416666666666666,0.5364118218421936,hihp_p,0.030208333333333334,0.033695036545395796
66,6,0.03333333333333333,0.10614825040102,hihp_p,0.030208333333333334,0.033695036545395796
66,7,0.06875,0.8119996190071106,hihp_p,0.030208333333333334,0.033695036545395796
66,8,0.028125,0.0036420745309442,D_p,0.030208333333333334,0.033695036545395796
66,9,0.03125,0.0030662578064948,hilp_p,0.030208333333333334,0.033695036545395796
66,10,0.03125,0.0045142932794988,hilp_p,0.030208333333333334,0.033695036545395796
66,11,0.03125,0.0073978514410555,hilp_p,0.030208333333333334,0.033695036545395796
66,12,0.030208333333333334,0.0185439679771661,hilp_p,0.030208333333333334,0.033695036545395796
66,13,0.028125,0.0070274430327117,D_p,0.030208333333333334,0.033695036545395796
66,14,0.03229166666666667,0.0140873761847615,hilp_p,0.030208333333333334,0.033695036545395796
66,15,0.027083333333333334,0.0071176690980792,D_p,0.030208333333333334,0.033695036545395796
66,16,0.030208333333333334,0.0245781634002923,hilp_p,0.030208333333333334,0.033695036545395796
66,17,0.030208333333333334,0.0554237850010395,hihp_p,0.030208333333333334,0.033695036545395796
66,18,0.022916666666666665,0.0275195408612489,D_p,0.030208333333333334,0.033695036545395796
66,19,0.030208333333333334,0.0377132445573806,hihp_p,0.030208333333333334,0.033695036545395796
66,20,0.030208333333333334,0.1054849326610565,hihp_p,0.030208333333333334,0.033695036545395796
66,21,0.030208333333333334,0.0120678851380944,hilp_p,0.030208333333333334,0.033695036545395796
66,22,0.03229166666666667,0.0405282154679298,hihp_p,0.030208333333333334,0.033695036545395796
66,23,0.030208333333333334,0.0250388234853744,hilp_p,0.030208333333333334,0.033695036545395796
66,24,0.029166666666666667,0.0023479731753468,D_p,0.030208333333333334,0.033695036545395796
66,25,0.027083333333333334,0.0229004602879285,D_p,0.030208333333333334,0.033695036545395796
66,26,0.03333333333333333,0.0050636217929422,hilp_p,0.030208333333333334,0.033695036545395796
66,27,0.030208333333333334,0.0025171278975903,hilp_p,0.030208333333333334,0.033695036545395796
66,28,0.03125,0.0214544981718063,hilp_p,0.030208333333333334,0.033695036545395796
66,29,0.030208333333333334,0.0078116357326507,hilp_p,0.030208333333333334,0.033695036545395796
66,30,0.03229166666666667,0.0162812359631061,hilp_p,0.030208333333333334,0.033695036545395796
66,31,0.027083333333333334,0.0147727280855178,D_p,0.030208333333333334,0.033695036545395796
66,32,0.03125,0.1233772933483123,hihp_p,0.030208333333333334,0.033695036545395796
66,33,0.029166666666666667,0.0880289226770401,C_p,0.030208333333333334,0.033695036545395796
66,34,0.03229166666666667,0.0806843638420105,hihp_p,0.030208333333333334,0.033695036545395796
66,35,0.028125,0.1525018066167831,C_p,0.030208333333333334,0.033695036545395796
66,36,0.030208333333333334,0.1354522109031677,hihp_p,0.030208333333333334,0.033695036545395796
66,37,0.03125,0.2343387752771377,hihp_p,0.030208333333333334,0.033695036545395796
66,38,0.029166666666666667,0.2914457619190216,C_p,0.030208333333333334,0.033695036545395796
66,39,0.028125,0.0504759065806865,C_p,0.030208333333333334,0.033695036545395796
66,40,0.028125,0.0062501882202923,D_p,0.030208333333333334,0.033695036545395796
66,41,0.030208333333333334,0.0038426299579441,hilp_p,0.030208333333333334,0.033695036545395796
66,42,0.029166666666666667,0.0029542667325586,D_p,0.030208333333333334,0.033695036545395796
66,43,0.026041666666666668,0.0140204178169369,D_p,0.030208333333333334,0.033695036545395796
66,44,0.029166666666666667,0.0064059444703161,D_p,0.030208333333333334,0.033695036545395796
66,45,0.027083333333333334,0.0028114549349993,D_p,0.030208333333333334,0.033695036545395796
66,46,0.030208333333333334,0.0049515175633132,hilp_p,0.030208333333333334,0.033695036545395796
66,47,0.029166666666666667,0.0208247750997543,D_p,0.030208333333333334,0.033695036545395796
66,48,0.029166666666666667,0.0031975440215319,D_p,0.030208333333333334,0.033695036545395796
66,49,0.030208333333333334,0.0006841707509011,hilp_p,0.030208333333333334,0.033695036545395796
66,50,0.027083333333333334,0.0327686592936515,D_p,0.030208333333333334,0.033695036545395796
66,51,0.029166666666666667,0.0191537756472826,D_p,0.030208333333333334,0.033695036545395796
66,52,0.034375,0.0054576457478106,hilp_p,0.030208333333333334,0.033695036545395796
66,53,0.027083333333333334,0.0087858326733112,D_p,0.030208333333333334,0.033695036545395796
66,54,0.028125,0.0616343654692173,C_p,0.030208333333333334,0.033695036545395796
66,55,0.03333333333333333,0.0086332149803638,hilp_p,0.030208333333333334,0.033695036545395796
66,56,0.03125,0.0041233692318201,hilp_p,0.030208333333333334,0.033695036545395796
66,57,0.030208333333333334,0.0175926554948091,hilp_p,0.030208333333333334,0.033695036545395796
66,58,0.029166666666666667,0.0168194808065891,D_p,0.030208333333333334,0.033695036545395796
66,59,0.028125,0.0424063950777053,C_p,0.030208333333333334,0.033695036545395796
66,60,0.03333333333333333,0.019486915320158,hilp_p,0.030208333333333334,0.033695036545395796
66,61,0.029166666666666667,0.0273034051060676,D_p,0.030208333333333334,0.033695036545395796
66,62,0.03125,0.0111758932471275,hilp_p,0.030208333333333334,0.033695036545395796
66,63,0.03229166666666667,0.0210607666522264,hilp_p,0.030208333333333334,0.033695036545395796
67,0,0.029166666666666667,0.0067290118895471,D_p,0.030208333333333334,0.033695036545395796
67,1,0.027083333333333334,0.0158143863081932,D_p,0.030208333333333334,0.033695036545395796
67,2,0.027083333333333334,0.0103757241740822,D_p,0.030208333333333334,0.033695036545395796
67,3,0.027083333333333334,0.0063735884614288,D_p,0.030208333333333334,0.033695036545395796
67,4,0.03333333333333333,0.0098939361050724,hilp_p,0.030208333333333334,0.033695036545395796
67,5,0.028125,0.0104025965556502,D_p,0.030208333333333334,0.033695036545395796
67,6,0.028125,0.0061191623099148,D_p,0.030208333333333334,0.033695036545395796
67,7,0.027083333333333334,0.003710072254762,D_p,0.030208333333333334,0.033695036545395796
67,8,0.03125,0.0140476152300834,hilp_p,0.030208333333333334,0.033695036545395796
67,9,0.029166666666666667,0.0117243137210607,D_p,0.030208333333333334,0.033695036545395796
67,10,0.034375,0.0064380760304629,hilp_p,0.030208333333333334,0.033695036545395796
67,11,0.030208333333333334,0.0167403742671012,hilp_p,0.030208333333333334,0.033695036545395796
67,12,0.028125,0.0073840757831931,D_p,0.030208333333333334,0.033695036545395796
67,13,0.03229166666666667,0.0112061509862542,hilp_p,0.030208333333333334,0.033695036545395796
67,14,0.030208333333333334,0.0130966324359178,hilp_p,0.030208333333333334,0.033695036545395796
67,15,0.03229166666666667,0.0074139116331934,hilp_p,0.030208333333333334,0.033695036545395796
67,16,0.03125,0.0283575821667909,hilp_p,0.030208333333333334,0.033695036545395796
67,17,0.029166666666666667,0.0455265529453754,C_p,0.030208333333333334,0.033695036545395796
67,18,0.029166666666666667,0.0448108538985252,C_p,0.030208333333333334,0.033695036545395796
67,19,0.036458333333333336,0.0321670398116111,hilp_p,0.030208333333333334,0.033695036545395796
67,20,0.026041666666666668,0.025343969464302,D_p,0.030208333333333334,0.033695036545395796
67,21,0.030208333333333334,0.1665850132703781,hihp_p,0.030208333333333334,0.033695036545395796
67,22,0.027083333333333334,0.1632575541734695,C_p,0.030208333333333334,0.033695036545395796
67,23,0.034375,0.0686674565076828,hihp_p,0.030208333333333334,0.033695036545395796
67,24,0.03229166666666667,0.0853498950600624,hihp_p,0.030208333333333334,0.033695036545395796
67,25,0.027083333333333334,0.1039493456482887,C_p,0.030208333333333334,0.033695036545395796
67,26,0.03125,0.085643246769905,hihp_p,0.030208333333333334,0.033695036545395796
67,27,0.025,0.3719735741615295,C_p,0.030208333333333334,0.033695036545395796
67,28,0.035416666666666666,0.8111639022827148,hihp_p,0.030208333333333334,0.033695036545395796
67,29,0.03333333333333333,0.2987525463104248,hihp_p,0.030208333333333334,0.033695036545395796
67,30,0.027083333333333334,0.716230571269989,C_p,0.030208333333333334,0.033695036545395796
67,31,0.029166666666666667,0.0378848165273666,C_p,0.030208333333333334,0.033695036545395796
67,32,0.029166666666666667,0.0665575787425041,C_p,0.030208333333333334,0.033695036545395796
67,33,0.030208333333333334,0.1794362664222717,hihp_p,0.030208333333333334,0.033695036545395796
67,34,0.03125,0.0224457699805498,hilp_p,0.030208333333333334,0.033695036545395796
67,35,0.028125,0.0697179585695266,C_p,0.030208333333333334,0.033695036545395796
67,36,0.034375,0.024086570367217,hilp_p,0.030208333333333334,0.033695036545395796
67,37,0.03333333333333333,0.0175824649631977,hilp_p,0.030208333333333334,0.033695036545395796
67,38,0.027083333333333334,0.1021394431591034,C_p,0.030208333333333334,0.033695036545395796
67,39,0.03125,0.0931938141584396,hihp_p,0.030208333333333334,0.033695036545395796
67,40,0.03229166666666667,0.0064469268545508,hilp_p,0.030208333333333334,0.033695036545395796
67,41,0.029166666666666667,0.0295463968068361,D_p,0.030208333333333334,0.033695036545395796
67,42,0.030208333333333334,0.019063826650381,hilp_p,0.030208333333333334,0.033695036545395796
67,43,0.030208333333333334,0.0031704630237072,hilp_p,0.030208333333333334,0.033695036545395796
67,44,0.03333333333333333,0.0046467836946249,hilp_p,0.030208333333333334,0.033695036545395796
67,45,0.026041666666666668,0.0091113457456231,D_p,0.030208333333333334,0.033695036545395796
67,46,0.027083333333333334,0.0065805320627987,D_p,0.030208333333333334,0.033695036545395796
67,47,0.036458333333333336,0.0078388275578618,hilp_p,0.030208333333333334,0.033695036545395796
67,48,0.029166666666666667,0.0927662402391433,C_p,0.030208333333333334,0.033695036545395796
67,49,0.03333333333333333,0.1485598981380462,hihp_p,0.030208333333333334,0.033695036545395796
67,50,0.029166666666666667,0.0565266720950603,C_p,0.030208333333333334,0.033695036545395796
67,51,0.030208333333333334,0.2742351591587066,hihp_p,0.030208333333333334,0.033695036545395796
67,52,0.025,0.0682827457785606,C_p,0.030208333333333334,0.033695036545395796
67,53,0.03125,0.0194503031671047,hilp_p,0.030208333333333334,0.033695036545395796
67,54,0.029166666666666667,0.0430403873324394,C_p,0.030208333333333334,0.033695036545395796
67,55,0.03333333333333333,0.0551614724099636,hihp_p,0.030208333333333334,0.033695036545395796
67,56,0.04375,1.7086251974105835,hihp_p,0.030208333333333334,0.033695036545395796
67,57,0.036458333333333336,1.120449423789978,hihp_p,0.030208333333333334,0.033695036545395796
67,58,0.035416666666666666,0.5878131985664368,hihp_p,0.030208333333333334,0.033695036545395796
67,59,0.028125,0.0801438987255096,C_p,0.030208333333333334,0.033695036545395796
67,60,0.046875,1.6189837455749512,hihp_p,0.030208333333333334,0.033695036545395796
67,61,0.035416666666666666,1.7306755781173706,hihp_p,0.030208333333333334,0.033695036545395796
67,62,0.029166666666666667,0.1978539824485778,C_p,0.030208333333333334,0.033695036545395796
67,63,0.04791666666666667,2.8093695640563965,hihp_p,0.030208333333333334,0.033695036545395796
68,0,0.03333333333333333,0.0077555296011269,hilp_p,0.030208333333333334,0.033695036545395796
68,1,0.03229166666666667,0.0197204165160655,hilp_p,0.030208333333333334,0.033695036545395796
68,2,0.029166666666666667,0.0072898967191576,D_p,0.030208333333333334,0.033695036545395796
68,3,0.028125,0.0080827130004763,D_p,0.030208333333333334,0.033695036545395796
68,4,0.022916666666666665,0.0036527358461171,D_p,0.030208333333333334,0.033695036545395796
68,5,0.025,0.0130884572863578,D_p,0.030208333333333334,0.033695036545395796
68,6,0.03333333333333333,0.0060373847372829,hilp_p,0.030208333333333334,0.033695036545395796
68,7,0.030208333333333334,0.0082183796912431,hilp_p,0.030208333333333334,0.033695036545395796
68,8,0.027083333333333334,0.042638175189495,C_p,0.030208333333333334,0.033695036545395796
68,9,0.03333333333333333,0.1588525623083114,hihp_p,0.030208333333333334,0.033695036545395796
68,10,0.03229166666666667,0.2065353691577911,hihp_p,0.030208333333333334,0.033695036545395796
68,11,0.026041666666666668,0.0762211382389068,C_p,0.030208333333333334,0.033695036545395796
68,12,0.029166666666666667,0.1426499634981155,C_p,0.030208333333333334,0.033695036545395796
68,13,0.028125,0.1426929235458374,C_p,0.030208333333333334,0.033695036545395796
68,14,0.03958333333333333,0.960132896900177,hihp_p,0.030208333333333334,0.033695036545395796
68,15,0.029166666666666667,0.4242206215858459,C_p,0.030208333333333334,0.033695036545395796
68,16,0.035416666666666666,0.1847609281539917,hihp_p,0.030208333333333334,0.033695036545395796
68,17,0.041666666666666664,0.9073330163955688,hihp_p,0.030208333333333334,0.033695036545395796
68,18,0.035416666666666666,0.771491527557373,hihp_p,0.030208333333333334,0.033695036545395796
68,19,0.04791666666666667,2.080846071243286,hihp_p,0.030208333333333334,0.033695036545395796
68,20,0.04479166666666667,0.9129275679588318,hihp_p,0.030208333333333334,0.033695036545395796
68,21,0.028125,0.5234207510948181,C_p,0.030208333333333334,0.033695036545395796
68,22,0.0375,0.9171773195266724,hihp_p,0.030208333333333334,0.033695036545395796
68,23,0.0375,1.494194507598877,hihp_p,0.030208333333333334,0.033695036545395796
68,24,0.030208333333333334,0.0596576780080795,hihp_p,0.030208333333333334,0.033695036545395796
68,25,0.026041666666666668,0.0401125997304916,C_p,0.030208333333333334,0.033695036545395796
68,26,0.03229166666666667,0.1382227838039398,hihp_p,0.030208333333333334,0.033695036545395796
68,27,0.027083333333333334,0.0863582119345665,C_p,0.030208333333333334,0.033695036545395796
68,28,0.03229166666666667,0.0804383009672164,hihp_p,0.030208333333333334,0.033695036545395796
68,29,0.03333333333333333,0.2689555287361145,hihp_p,0.030208333333333334,0.033695036545395796
68,30,0.030208333333333334,0.1093280762434005,hihp_p,0.030208333333333334,0.033695036545395796
68,31,0.03333333333333333,0.1567904204130172,hihp_p,0.030208333333333334,0.033695036545395796
68,32,0.03125,0.0115570053458213,hilp_p,0.030208333333333334,0.033695036545395796
68,33,0.029166666666666667,0.0197334215044975,D_p,0.030208333333333334,0.033695036545395796
68,34,0.030208333333333334,0.0080306529998779,hilp_p,0.030208333333333334,0.033695036545395796
68,35,0.029166666666666667,0.0047129373997449,D_p,0.030208333333333334,0.033695036545395796
68,36,0.03125,0.0178608857095241,hilp_p,0.030208333333333334,0.033695036545395796
68,37,0.03333333333333333,0.014203711412847,hilp_p,0.030208333333333334,0.033695036545395796
68,38,0.030208333333333334,0.0239076633006334,hilp_p,0.030208333333333334,0.033695036545395796
68,39,0.026041666666666668,0.024047115817666,D_p,0.030208333333333334,0.033695036545395796
68,40,0.027083333333333334,0.0113613307476043,D_p,0.030208333333333334,0.033695036545395796
68,41,0.029166666666666667,0.2136322408914566,C_p,0.030208333333333334,0.033695036545395796
68,42,0.03125,0.2692409157752991,hihp_p,0.030208333333333334,0.033695036545395796
68,43,0.029166666666666667,0.069894827902317,C_p,0.030208333333333334,0.033695036545395796
68,44,0.027083333333333334,0.01557441893965,D_p,0.030208333333333334,0.033695036545395796
68,45,0.029166666666666667,0.0198134519159793,D_p,0.030208333333333334,0.033695036545395796
68,46,0.027083333333333334,0.0430561080574989,C_p,0.030208333333333334,0.033695036545395796
68,47,0.0375,0.4013478755950928,hihp_p,0.030208333333333334,0.033695036545395796
68,48,0.05,1.659888505935669,hihp_p,0.030208333333333334,0.033695036545395796
68,49,0.03125,0.0525503493845462,hihp_p,0.030208333333333334,0.033695036545395796
68,50,0.03229166666666667,0.9210656881332396,hihp_p,0.030208333333333334,0.033695036545395796
68,51,0.05,0.9016090035438538,hihp_p,0.030208333333333334,0.033695036545395796
68,52,0.03333333333333333,0.4680392444133758,hihp_p,0.030208333333333334,0.033695036545395796
68,53,0.03125,0.1985834836959839,hihp_p,0.030208333333333334,0.033695036545395796
68,54,0.03229166666666667,0.5977523326873779,hihp_p,0.030208333333333334,0.033695036545395796
68,55,0.109375,2.5419564247131348,hihp_p,0.030208333333333334,0.033695036545395796
68,56,0.029166666666666667,0.0311512108892202,D_p,0.030208333333333334,0.033695036545395796
68,57,0.028125,0.0509648844599723,C_p,0.030208333333333334,0.033695036545395796
68,58,0.029166666666666667,0.1962628811597824,C_p,0.030208333333333334,0.033695036545395796
68,59,0.036458333333333336,0.0108234416693449,hilp_p,0.030208333333333334,0.033695036545395796
68,60,0.03333333333333333,0.0139880068600177,hilp_p,0.030208333333333334,0.033695036545395796
68,61,0.030208333333333334,0.228923887014389,hihp_p,0.030208333333333334,0.033695036545395796
68,62,0.026041666666666668,0.5037528276443481,C_p,0.030208333333333334,0.033695036545395796
68,63,0.029166666666666667,0.0552616454660892,C_p,0.030208333333333334,0.033695036545395796
69,0,0.029166666666666667,0.0116238147020339,D_p,0.030208333333333334,0.033695036545395796
69,1,0.023958333333333335,0.0143248913809657,D_p,0.030208333333333334,0.033695036545395796
69,2,0.03333333333333333,0.0049880361184477,hilp_p,0.030208333333333334,0.033695036545395796
69,3,0.03125,0.006680664140731,hilp_p,0.030208333333333334,0.033695036545395796
69,4,0.027083333333333334,0.0113802766427397,D_p,0.030208333333333334,0.033695036545395796
69,5,0.028125,0.0137576824054121,D_p,0.030208333333333334,0.033695036545395796
69,6,0.028125,0.0068457806482911,D_p,0.030208333333333334,0.033695036545395796
69,7,0.030208333333333334,0.026954174041748,hilp_p,0.030208333333333334,0.033695036545395796
69,8,0.029166666666666667,0.025697074830532,D_p,0.030208333333333334,0.033695036545395796
69,9,0.027083333333333334,0.0090291230008006,D_p,0.030208333333333334,0.033695036545395796
69,10,0.029166666666666667,0.0178383402526378,D_p,0.030208333333333334,0.033695036545395796
69,11,0.025,0.0086521673947572,D_p,0.030208333333333334,0.033695036545395796
69,12,0.03229166666666667,0.0277423746883869,hilp_p,0.030208333333333334,0.033695036545395796
69,13,0.03229166666666667,0.0181888006627559,hilp_p,0.030208333333333334,0.033695036545395796
69,14,0.030208333333333334,0.0062328581698238,hilp_p,0.030208333333333334,0.033695036545395796
69,15,0.03125,0.0207451581954956,hilp_p,0.030208333333333334,0.033695036545395796
69,16,0.030208333333333334,0.0201204158365726,hilp_p,0.030208333333333334,0.033695036545395796
69,17,0.03229166666666667,0.0091855926439166,hilp_p,0.030208333333333334,0.033695036545395796
69,18,0.03229166666666667,0.0102853784337639,hilp_p,0.030208333333333334,0.033695036545395796
69,19,0.027083333333333334,0.0211235024034976,D_p,0.030208333333333334,0.033695036545395796
69,20,0.030208333333333334,0.0100277308374643,hilp_p,0.030208333333333334,0.033695036545395796
69,21,0.028125,0.0246446020901203,D_p,0.030208333333333334,0.033695036545395796
69,22,0.029166666666666667,0.0198722649365663,D_p,0.030208333333333334,0.033695036545395796
69,23,0.026041666666666668,0.030029697343707,D_p,0.030208333333333334,0.033695036545395796
69,24,0.028125,0.0374244637787342,C_p,0.030208333333333334,0.033695036545395796
69,25,0.03229166666666667,0.041501335799694,hihp_p,0.030208333333333334,0.033695036545395796
69,26,0.03229166666666667,0.0543742999434471,hihp_p,0.030208333333333334,0.033695036545395796
69,27,0.029166666666666667,0.0554357320070266,C_p,0.030208333333333334,0.033695036545395796
69,28,0.03125,0.0240691397339105,hilp_p,0.030208333333333334,0.033695036545395796
69,29,0.030208333333333334,0.1109044402837753,hihp_p,0.030208333333333334,0.033695036545395796
69,30,0.027083333333333334,0.0363483913242816,C_p,0.030208333333333334,0.033695036545395796
69,31,0.035416666666666666,0.0128946490585803,hilp_p,0.030208333333333334,0.033695036545395796
69,32,0.025,0.1209488809108734,C_p,0.030208333333333334,0.033695036545395796
69,33,0.04479166666666667,0.6578378677368164,hihp_p,0.030208333333333334,0.033695036545395796
69,34,0.03229166666666667,0.2868899703025818,hihp_p,0.030208333333333334,0.033695036545395796
69,35,0.03125,0.0974311903119087,hihp_p,0.030208333333333334,0.033695036545395796
69,36,0.03125,0.1503624320030212,hihp_p,0.030208333333333334,0.033695036545395796
69,37,0.030208333333333334,0.6799149513244629,hihp_p,0.030208333333333334,0.033695036545395796
69,38,0.027083333333333334,0.14228256046772,C_p,0.030208333333333334,0.033695036545395796
69,39,0.03229166666666667,0.4999879598617553,hihp_p,0.030208333333333334,0.033695036545395796
69,40,0.030208333333333334,0.1774007529020309,hihp_p,0.030208333333333334,0.033695036545395796
69,41,0.03333333333333333,0.3992858231067657,hihp_p,0.030208333333333334,0.033695036545395796
69,42,0.030208333333333334,0.0434356704354286,hihp_p,0.030208333333333334,0.033695036545395796
69,43,0.035416666666666666,0.9861383438110352,hihp_p,0.030208333333333334,0.033695036545395796
69,44,0.034375,0.060246542096138,hihp_p,0.030208333333333334,0.033695036545395796
69,45,0.022916666666666665,0.1625158041715622,C_p,0.030208333333333334,0.033695036545395796
69,46,0.029166666666666667,0.1152969747781753,C_p,0.030208333333333334,0.033695036545395796
69,47,0.036458333333333336,0.0854397192597389,hihp_p,0.030208333333333334,0.033695036545395796
69,48,0.027083333333333334,0.00388541421853,D_p,0.030208333333333334,0.033695036545395796
69,49,0.027083333333333334,0.0110609214752912,D_p,0.030208333333333334,0.033695036545395796
69,50,0.030208333333333334,0.0023957297671586,hilp_p,0.030208333333333334,0.033695036545395796
69,51,0.03229166666666667,0.007547722198069,hilp_p,0.030208333333333334,0.033695036545395796
69,52,0.03229166666666667,0.0149676371365785,hilp_p,0.030208333333333334,0.033695036545395796
69,53,0.03333333333333333,0.0089569697156548,hilp_p,0.030208333333333334,0.033695036545395796
69,54,0.026041666666666668,0.0199208352714777,D_p,0.030208333333333334,0.033695036545395796
69,55,0.03229166666666667,0.008938000537455,hilp_p,0.030208333333333334,0.033695036545395796
69,56,0.03229166666666667,0.0198594368994236,hilp_p,0.030208333333333334,0.033695036545395796
69,57,0.035416666666666666,0.2581506073474884,hihp_p,0.030208333333333334,0.033695036545395796
69,58,0.027083333333333334,0.1346757709980011,C_p,0.030208333333333334,0.033695036545395796
69,59,0.028125,0.2432954907417297,C_p,0.030208333333333334,0.033695036545395796
69,60,0.03229166666666667,0.2591271698474884,hihp_p,0.030208333333333334,0.033695036545395796
69,61,0.03229166666666667,0.0788717716932296,hihp_p,0.030208333333333334,0.033695036545395796
69,62,0.034375,0.1391731053590774,hihp_p,0.030208333333333334,0.033695036545395796
69,63,0.026041666666666668,0.0401140488684177,C_p,0.030208333333333334,0.033695036545395796
70,0,0.026041666666666668,0.11196880787611,C_p,0.030208333333333334,0.033695036545395796
70,1,0.027083333333333334,0.6700709462165833,C_p,0.030208333333333334,0.033695036545395796
70,2,0.03958333333333333,0.5650328397750854,hihp_p,0.030208333333333334,0.033695036545395796
70,3,0.025,0.1571777462959289,C_p,0.030208333333333334,0.033695036545395796
70,4,0.029166666666666667,0.1690832823514938,C_p,0.030208333333333334,0.033695036545395796
70,5,0.03958333333333333,0.5770257711410522,hihp_p,0.030208333333333334,0.033695036545395796
70,6,0.041666666666666664,0.711145281791687,hihp_p,0.030208333333333334,0.033695036545395796
70,7,0.029166666666666667,0.059406891465187,C_p,0.030208333333333334,0.033695036545395796
70,8,0.023958333333333335,0.2447691410779953,C_p,0.030208333333333334,0.033695036545395796
70,9,0.03125,0.1675238013267517,hihp_p,0.030208333333333334,0.033695036545395796
70,10,0.035416666666666666,0.4351708889007568,hihp_p,0.030208333333333334,0.033695036545395796
70,11,0.025,0.139272004365921,C_p,0.030208333333333334,0.033695036545395796
70,12,0.03229166666666667,0.1513737440109253,hihp_p,0.030208333333333334,0.033695036545395796
70,13,0.03333333333333333,0.1816384941339492,hihp_p,0.030208333333333334,0.033695036545395796
70,14,0.03333333333333333,0.1318314224481582,hihp_p,0.030208333333333334,0.033695036545395796
70,15,0.027083333333333334,0.0999116450548172,C_p,0.030208333333333334,0.033695036545395796
70,16,0.028125,0.0730710476636886,C_p,0.030208333333333334,0.033695036545395796
70,17,0.027083333333333334,0.050893735140562,C_p,0.030208333333333334,0.033695036545395796
70,18,0.028125,0.02342090010643,D_p,0.030208333333333334,0.033695036545395796
70,19,0.030208333333333334,0.0062087858095765,hilp_p,0.030208333333333334,0.033695036545395796
70,20,0.029166666666666667,0.0880099385976791,C_p,0.030208333333333334,0.033695036545395796
70,21,0.030208333333333334,0.0108638824895024,hilp_p,0.030208333333333334,0.033695036545395796
70,22,0.03125,0.0326720885932445,hilp_p,0.030208333333333334,0.033695036545395796
70,23,0.025,0.0276211351156234,D_p,0.030208333333333334,0.033695036545395796
70,24,0.030208333333333334,0.1667862236499786,hihp_p,0.030208333333333334,0.033695036545395796
70,25,0.034375,0.1492201536893844,hihp_p,0.030208333333333334,0.033695036545395796
70,26,0.034375,0.3217204809188843,hihp_p,0.030208333333333334,0.033695036545395796
70,27,0.030208333333333334,0.11581701785326,hihp_p,0.030208333333333334,0.033695036545395796
70,28,0.03125,0.2784839272499084,hihp_p,0.030208333333333334,0.033695036545395796
70,29,0.029166666666666667,0.0389319770038127,C_p,0.030208333333333334,0.033695036545395796
70,30,0.023958333333333335,0.0419936515390872,C_p,0.030208333333333334,0.033695036545395796
70,31,0.03125,0.3387918770313263,hihp_p,0.030208333333333334,0.033695036545395796
70,32,0.025,0.023001592606306,D_p,0.030208333333333334,0.033695036545395796
70,33,0.028125,0.0157242286950349,D_p,0.030208333333333334,0.033695036545395796
70,34,0.028125,0.0157033614814281,D_p,0.030208333333333334,0.033695036545395796
70,35,0.029166666666666667,0.0095709692686796,D_p,0.030208333333333334,0.033695036545395796
70,36,0.030208333333333334,0.1180300936102867,hihp_p,0.030208333333333334,0.033695036545395796
70,37,0.03229166666666667,0.032213769853115,hilp_p,0.030208333333333334,0.033695036545395796
70,38,0.029166666666666667,0.0403079725801944,C_p,0.030208333333333334,0.033695036545395796
70,39,0.03229166666666667,0.0313181057572364,hilp_p,0.030208333333333334,0.033695036545395796
70,40,0.03854166666666667,0.2778010070323944,hihp_p,0.030208333333333334,0.033695036545395796
70,41,0.028125,0.1480053961277008,C_p,0.030208333333333334,0.033695036545395796
70,42,0.028125,0.1522658765316009,C_p,0.030208333333333334,0.033695036545395796
70,43,0.035416666666666666,0.1780598163604736,hihp_p,0.030208333333333334,0.033695036545395796
70,44,0.029166666666666667,0.1470466405153274,C_p,0.030208333333333334,0.033695036545395796
70,45,0.027083333333333334,0.1406379044055938,C_p,0.030208333333333334,0.033695036545395796
70,46,0.03229166666666667,0.105945810675621,hihp_p,0.030208333333333334,0.033695036545395796
70,47,0.034375,0.6504932641983032,hihp_p,0.030208333333333334,0.033695036545395796
70,48,0.029166666666666667,0.0293316729366779,D_p,0.030208333333333334,0.033695036545395796
70,49,0.03125,0.0188194420188665,hilp_p,0.030208333333333334,0.033695036545395796
70,50,0.028125,0.0238312352448701,D_p,0.030208333333333334,0.033695036545395796
70,51,0.03125,0.0304882805794477,hilp_p,0.030208333333333334,0.033695036545395796
70,52,0.03229166666666667,0.2337769269943237,hihp_p,0.030208333333333334,0.033695036545395796
70,53,0.029166666666666667,0.0290111135691404,D_p,0.030208333333333334,0.033695036545395796
70,54,0.021875,0.0155593240633606,D_p,0.030208333333333334,0.033695036545395796
70,55,0.03229166666666667,0.5038755536079407,hihp_p,0.030208333333333334,0.033695036545395796
70,56,0.028125,0.0060191545635461,D_p,0.030208333333333334,0.033695036545395796
70,57,0.028125,0.0108932107686996,D_p,0.030208333333333334,0.033695036545395796
70,58,0.03125,0.0071907481178641,hilp_p,0.030208333333333334,0.033695036545395796
70,59,0.030208333333333334,0.1101818457245826,hihp_p,0.030208333333333334,0.033695036545395796
70,60,0.03125,0.0097754606977105,hilp_p,0.030208333333333334,0.033695036545395796
70,61,0.03333333333333333,0.0166016481816768,hilp_p,0.030208333333333334,0.033695036545395796
70,62,0.028125,0.0142712462693452,D_p,0.030208333333333334,0.033695036545395796
70,63,0.026041666666666668,0.0194707605987787,D_p,0.030208333333333334,0.033695036545395796
71,0,0.06041666666666667,1.2543017864227295,hihp_p,0.030208333333333334,0.033695036545395796
71,1,0.03125,1.247273087501526,hihp_p,0.030208333333333334,0.033695036545395796
71,2,0.041666666666666664,1.0089460611343384,hihp_p,0.030208333333333334,0.033695036545395796
71,3,0.030208333333333334,0.369887113571167,hihp_p,0.030208333333333334,0.033695036545395796
71,4,0.03229166666666667,1.3338682651519775,hihp_p,0.030208333333333334,0.033695036545395796
71,5,0.029166666666666667,0.6353192925453186,C_p,0.030208333333333334,0.033695036545395796
71,6,0.036458333333333336,1.145607352256775,hihp_p,0.030208333333333334,0.033695036545395796
71,7,0.04375,1.7723215818405151,hihp_p,0.030208333333333334,0.033695036545395796
71,8,0.027083333333333334,0.307764858007431,C_p,0.030208333333333334,0.033695036545395796
71,9,0.03229166666666667,0.1919166296720504,hihp_p,0.030208333333333334,0.033695036545395796
71,10,0.027083333333333334,0.1519564837217331,C_p,0.030208333333333334,0.033695036545395796
71,11,0.030208333333333334,0.0538607090711593,hihp_p,0.030208333333333334,0.033695036545395796
71,12,0.03333333333333333,0.3726067841053009,hihp_p,0.030208333333333334,0.033695036545395796
71,13,0.030208333333333334,0.8413296341896057,hihp_p,0.030208333333333334,0.033695036545395796
71,14,0.027083333333333334,0.218585729598999,C_p,0.030208333333333334,0.033695036545395796
71,15,0.03333333333333333,0.4313004910945892,hihp_p,0.030208333333333334,0.033695036545395796
71,16,0.028125,0.0157944820821285,D_p,0.030208333333333334,0.033695036545395796
71,17,0.028125,0.1048080027103424,C_p,0.030208333333333334,0.033695036545395796
71,18,0.03229166666666667,0.0608360394835472,hihp_p,0.030208333333333334,0.033695036545395796
71,19,0.029166666666666667,0.0077208559960126,D_p,0.030208333333333334,0.033695036545395796
71,20,0.027083333333333334,0.2605345845222473,C_p,0.030208333333333334,0.033695036545395796
71,21,0.026041666666666668,0.0074028871022164,D_p,0.030208333333333334,0.033695036545395796
71,22,0.03125,0.2329650223255157,hihp_p,0.030208333333333334,0.033695036545395796
71,23,0.029166666666666667,0.0219406858086586,D_p,0.030208333333333334,0.033695036545395796
71,24,0.027083333333333334,0.0358508862555027,C_p,0.030208333333333334,0.033695036545395796
71,25,0.027083333333333334,0.0450177229940891,C_p,0.030208333333333334,0.033695036545395796
71,26,0.026041666666666668,0.0343430452048778,C_p,0.030208333333333334,0.033695036545395796
71,27,0.026041666666666668,0.0133821396157145,D_p,0.030208333333333334,0.033695036545395796
71,28,0.026041666666666668,0.0436914376914501,C_p,0.030208333333333334,0.033695036545395796
71,29,0.028125,0.0267430543899536,D_p,0.030208333333333334,0.033695036545395796
71,30,0.03125,0.1132688745856285,hihp_p,0.030208333333333334,0.033695036545395796
71,31,0.03333333333333333,0.2524672150611877,hihp_p,0.030208333333333334,0.033695036545395796
71,32,0.06458333333333334,1.588986039161682,hihp_p,0.030208333333333334,0.033695036545395796
71,33,0.03125,0.3625842332839966,hihp_p,0.030208333333333334,0.033695036545395796
71,34,0.027083333333333334,0.0949454829096794,C_p,0.030208333333333334,0.033695036545395796
71,35,0.058333333333333334,1.4467209577560425,hihp_p,0.030208333333333334,0.033695036545395796
71,36,0.030208333333333334,0.8515369892120361,hihp_p,0.030208333333333334,0.033695036545395796
71,37,0.05625,0.8994641900062561,hihp_p,0.030208333333333334,0.033695036545395796
71,38,0.028125,0.1600089222192764,C_p,0.030208333333333334,0.033695036545395796
71,39,0.035416666666666666,0.207631915807724,hihp_p,0.030208333333333334,0.033695036545395796
71,40,0.03229166666666667,0.0472186841070652,hihp_p,0.030208333333333334,0.033695036545395796
71,41,0.03125,0.0815114974975586,hihp_p,0.030208333333333334,0.033695036545395796
71,42,0.029166666666666667,0.201094165444374,C_p,0.030208333333333334,0.033695036545395796
71,43,0.030208333333333334,0.2420365959405899,hihp_p,0.030208333333333334,0.033695036545395796
71,44,0.03229166666666667,0.1251273304224014,hihp_p,0.030208333333333334,0.033695036545395796
71,45,0.028125,0.0607417561113834,C_p,0.030208333333333334,0.033695036545395796
71,46,0.028125,0.1013650819659233,C_p,0.030208333333333334,0.033695036545395796
71,47,0.036458333333333336,0.1195141375064849,hihp_p,0.030208333333333334,0.033695036545395796
71,48,0.046875,1.531701922416687,hihp_p,0.030208333333333334,0.033695036545395796
71,49,0.027083333333333334,0.0259553547948598,D_p,0.030208333333333334,0.033695036545395796
71,50,0.030208333333333334,0.0225256513804197,hilp_p,0.030208333333333334,0.033695036545395796
71,51,0.035416666666666666,0.1022074148058891,hihp_p,0.030208333333333334,0.033695036545395796
71,52,0.03333333333333333,0.0449434928596019,hihp_p,0.030208333333333334,0.033695036545395796
71,53,0.030208333333333334,0.0279401876032352,hilp_p,0.030208333333333334,0.033695036545395796
71,54,0.027083333333333334,0.0829692408442497,C_p,0.030208333333333334,0.033695036545395796
71,55,0.03333333333333333,0.0321031585335731,hilp_p,0.030208333333333334,0.033695036545395796
71,56,0.027083333333333334,0.076552078127861,C_p,0.030208333333333334,0.033695036545395796
71,57,0.030208333333333334,0.0172480549663305,hilp_p,0.030208333333333334,0.033695036545395796
71,58,0.028125,0.0321101248264312,D_p,0.030208333333333334,0.033695036545395796
71,59,0.028125,0.0275280643254518,D_p,0.030208333333333334,0.033695036545395796
71,60,0.030208333333333334,0.0113657265901565,hilp_p,0.030208333333333334,0.033695036545395796
71,61,0.046875,0.6738256812095642,hihp_p,0.030208333333333334,0.033695036545395796
71,62,0.027083333333333334,0.0192366074770689,D_p,0.030208333333333334,0.033695036545395796
71,63,0.029166666666666667,0.0484528243541717,C_p,0.030208333333333334,0.033695036545395796
72,0,0.034375,0.0285267736762762,hilp_p,0.030208333333333334,0.033695036545395796
72,1,0.030208333333333334,0.0664717853069305,hihp_p,0.030208333333333334,0.033695036545395796
72,2,0.030208333333333334,0.0905017107725143,hihp_p,0.030208333333333334,0.033695036545395796
72,3,0.025,0.0908915773034095,C_p,0.030208333333333334,0.033695036545395796
72,4,0.030208333333333334,0.3676536679267883,hihp_p,0.030208333333333334,0.033695036545395796
72,5,0.03125,0.0733014121651649,hihp_p,0.030208333333333334,0.033695036545395796
72,6,0.034375,0.1981012821197509,hihp_p,0.030208333333333334,0.033695036545395796
72,7,0.036458333333333336,0.6049631834030151,hihp_p,0.030208333333333334,0.033695036545395796
72,8,0.027083333333333334,0.0453686974942684,C_p,0.030208333333333334,0.033695036545395796
72,9,0.028125,0.1167831942439079,C_p,0.030208333333333334,0.033695036545395796
72,10,0.028125,0.0795478522777557,C_p,0.030208333333333334,0.033695036545395796
72,11,0.03229166666666667,0.1504283100366592,hihp_p,0.030208333333333334,0.033695036545395796
72,12,0.026041666666666668,0.1636078953742981,C_p,0.030208333333333334,0.033695036545395796
72,13,0.035416666666666666,0.0499426536262035,hihp_p,0.030208333333333334,0.033695036545395796
72,14,0.034375,0.0541731119155883,hihp_p,0.030208333333333334,0.033695036545395796
72,15,0.023958333333333335,0.0274375341832637,D_p,0.030208333333333334,0.033695036545395796
72,16,0.03125,0.0373365357518196,hihp_p,0.030208333333333334,0.033695036545395796
72,17,0.029166666666666667,0.0223430041223764,D_p,0.030208333333333334,0.033695036545395796
72,18,0.03229166666666667,0.0127576375380158,hilp_p,0.030208333333333334,0.033695036545395796
72,19,0.036458333333333336,0.3778125941753387,hihp_p,0.030208333333333334,0.033695036545395796
72,20,0.03125,0.054532267153263,hihp_p,0.030208333333333334,0.033695036545395796
72,21,0.030208333333333334,0.1048338338732719,hihp_p,0.030208333333333334,0.033695036545395796
72,22,0.03125,0.1298207938671112,hihp_p,0.030208333333333334,0.033695036545395796
72,23,0.03229166666666667,0.0209360606968402,hilp_p,0.030208333333333334,0.033695036545395796
72,24,0.028125,0.2429772615432739,C_p,0.030208333333333334,0.033695036545395796
72,25,0.028125,0.0489143840968608,C_p,0.030208333333333334,0.033695036545395796
72,26,0.03229166666666667,0.3062980771064758,hihp_p,0.030208333333333334,0.033695036545395796
72,27,0.03229166666666667,0.1411834806203842,hihp_p,0.030208333333333334,0.033695036545395796
72,28,0.029166666666666667,0.0729555189609527,C_p,0.030208333333333334,0.033695036545395796
72,29,0.027083333333333334,0.0627157688140869,C_p,0.030208333333333334,0.033695036545395796
72,30,0.028125,0.0770836025476455,C_p,0.030208333333333334,0.033695036545395796
72,31,0.03333333333333333,0.1508574187755584,hihp_p,0.030208333333333334,0.033695036545395796
72,32,0.042708333333333334,1.4798332452774048,hihp_p,0.030208333333333334,0.033695036545395796
72,33,0.03229166666666667,0.7681863307952881,hihp_p,0.030208333333333334,0.033695036545395796
72,34,0.03958333333333333,0.9138201475143432,hihp_p,0.030208333333333334,0.033695036545395796
72,35,0.046875,1.309428334236145,hihp_p,0.030208333333333334,0.033695036545395796
72,36,0.036458333333333336,0.2717294096946716,hihp_p,0.030208333333333334,0.033695036545395796
72,37,0.030208333333333334,1.3936432600021362,hihp_p,0.030208333333333334,0.033695036545395796
72,38,0.036458333333333336,0.8300272822380066,hihp_p,0.030208333333333334,0.033695036545395796
72,39,0.057291666666666664,3.5842039585113525,hihp_p,0.030208333333333334,0.033695036545395796
72,40,0.03125,0.8708321452140808,hihp_p,0.030208333333333334,0.033695036545395796
72,41,0.03229166666666667,0.1868700236082077,hihp_p,0.030208333333333334,0.033695036545395796
72,42,0.03125,0.3553278148174286,hihp_p,0.030208333333333334,0.033695036545395796
72,43,0.028125,0.176237553358078,C_p,0.030208333333333334,0.033695036545395796
72,44,0.028125,0.4345091581344604,C_p,0.030208333333333334,0.033695036545395796
72,45,0.030208333333333334,0.1257565468549728,hihp_p,0.030208333333333334,0.033695036545395796
72,46,0.027083333333333334,0.215617224574089,C_p,0.030208333333333334,0.033695036545395796
72,47,0.022916666666666665,0.1566489338874817,C_p,0.030208333333333334,0.033695036545395796
72,48,0.03229166666666667,0.064658910036087,hihp_p,0.030208333333333334,0.033695036545395796
72,49,0.03229166666666667,0.1020044386386871,hihp_p,0.030208333333333334,0.033695036545395796
72,50,0.03125,0.2011698186397552,hihp_p,0.030208333333333334,0.033695036545395796
72,51,0.029166666666666667,0.1421617716550827,C_p,0.030208333333333334,0.033695036545395796
72,52,0.03229166666666667,0.0637668743729591,hihp_p,0.030208333333333334,0.033695036545395796
72,53,0.027083333333333334,0.0901102870702743,C_p,0.030208333333333334,0.033695036545395796
72,54,0.03333333333333333,0.5019673705101013,hihp_p,0.030208333333333334,0.033695036545395796
72,55,0.025,0.1179268956184387,C_p,0.030208333333333334,0.033695036545395796
72,56,0.03125,0.2247839719057083,hihp_p,0.030208333333333334,0.033695036545395796
72,57,0.03125,0.1279699057340622,hihp_p,0.030208333333333334,0.033695036545395796
72,58,0.03333333333333333,0.194020614027977,hihp_p,0.030208333333333334,0.033695036545395796
72,59,0.03958333333333333,0.113521322607994,hihp_p,0.030208333333333334,0.033695036545395796
72,60,0.03229166666666667,0.1389622390270233,hihp_p,0.030208333333333334,0.033695036545395796
72,61,0.029166666666666667,0.0855695158243179,C_p,0.030208333333333334,0.033695036545395796
72,62,0.030208333333333334,0.1850601583719253,hihp_p,0.030208333333333334,0.033695036545395796
72,63,0.030208333333333334,0.0391180180013179,hihp_p,0.030208333333333334,0.033695036545395796
73,0,0.04375,1.2300736904144287,hihp_p,0.030208333333333334,0.033695036545395796
73,1,0.03229166666666667,0.1435745954513549,hihp_p,0.030208333333333334,0.033695036545395796
73,2,0.03125,1.021828293800354,hihp_p,0.030208333333333334,0.033695036545395796
73,3,0.07708333333333334,1.1665769815444946,hihp_p,0.030208333333333334,0.033695036545395796
73,4,0.025,0.1710103452205658,C_p,0.030208333333333334,0.033695036545395796
73,5,0.034375,0.5297189950942993,hihp_p,0.030208333333333334,0.033695036545395796
73,6,0.04791666666666667,0.9786964654922484,hihp_p,0.030208333333333334,0.033695036545395796
73,7,0.030208333333333334,0.1916999667882919,hihp_p,0.030208333333333334,0.033695036545395796
73,8,0.027083333333333334,0.1164663657546043,C_p,0.030208333333333334,0.033695036545395796
73,9,0.028125,0.1237291470170021,C_p,0.030208333333333334,0.033695036545395796
73,10,0.03333333333333333,0.5500787496566772,hihp_p,0.030208333333333334,0.033695036545395796
73,11,0.028125,0.2621485888957977,C_p,0.030208333333333334,0.033695036545395796
73,12,0.03229166666666667,0.1647631376981735,hihp_p,0.030208333333333334,0.033695036545395796
73,13,0.030208333333333334,0.1932602822780609,hihp_p,0.030208333333333334,0.033695036545395796
73,14,0.029166666666666667,0.2871228158473968,C_p,0.030208333333333334,0.033695036545395796
73,15,0.040625,0.6323030591011047,hihp_p,0.030208333333333334,0.033695036545395796
73,16,0.029166666666666667,0.1050613969564437,C_p,0.030208333333333334,0.033695036545395796
73,17,0.03333333333333333,0.1870626509189605,hihp_p,0.030208333333333334,0.033695036545395796
73,18,0.03125,0.0522680096328258,hihp_p,0.030208333333333334,0.033695036545395796
73,19,0.030208333333333334,0.0899454802274704,hihp_p,0.030208333333333334,0.033695036545395796
73,20,0.03125,0.0310444813221693,hilp_p,0.030208333333333334,0.033695036545395796
73,21,0.03333333333333333,0.4291457831859588,hihp_p,0.030208333333333334,0.033695036545395796
73,22,0.03229166666666667,0.0323528721928596,hilp_p,0.030208333333333334,0.033695036545395796
73,23,0.03333333333333333,0.3286253809928894,hihp_p,0.030208333333333334,0.033695036545395796
73,24,0.028125,0.146890103816986,C_p,0.030208333333333334,0.033695036545395796
73,25,0.029166666666666667,0.0720419809222221,C_p,0.030208333333333334,0.033695036545395796
73,26,0.03229166666666667,0.1317567229270935,hihp_p,0.030208333333333334,0.033695036545395796
73,27,0.029166666666666667,0.2224009931087494,C_p,0.030208333333333334,0.033695036545395796
73,28,0.029166666666666667,0.1260185539722442,C_p,0.030208333333333334,0.033695036545395796
73,29,0.029166666666666667,0.3060424327850342,C_p,0.030208333333333334,0.033695036545395796
73,30,0.03229166666666667,0.3129921853542328,hihp_p,0.030208333333333334,0.033695036545395796
73,31,0.023958333333333335,0.1892757415771484,C_p,0.030208333333333334,0.033695036545395796
73,32,0.03229166666666667,0.0595634579658508,hihp_p,0.030208333333333334,0.033695036545395796
73,33,0.041666666666666664,1.122173309326172,hihp_p,0.030208333333333334,0.033695036545395796
73,34,0.028125,0.3429856896400451,C_p,0.030208333333333334,0.033695036545395796
73,35,0.027083333333333334,0.2353846132755279,C_p,0.030208333333333334,0.033695036545395796
73,36,0.03333333333333333,0.1309360712766647,hihp_p,0.030208333333333334,0.033695036545395796
73,37,0.03125,0.5482997298240662,hihp_p,0.030208333333333334,0.033695036545395796
73,38,0.03854166666666667,0.6624155640602112,hihp_p,0.030208333333333334,0.033695036545395796
73,39,0.027083333333333334,0.7888513803482056,C_p,0.030208333333333334,0.033695036545395796
73,40,0.030208333333333334,0.0907672271132469,hihp_p,0.030208333333333334,0.033695036545395796
73,41,0.030208333333333334,0.1039899885654449,hihp_p,0.030208333333333334,0.033695036545395796
73,42,0.028125,0.066286101937294,C_p,0.030208333333333334,0.033695036545395796
73,43,0.035416666666666666,0.0604837127029895,hihp_p,0.030208333333333334,0.033695036545395796
73,44,0.027083333333333334,0.1029678881168365,C_p,0.030208333333333334,0.033695036545395796
73,45,0.028125,0.0813813358545303,C_p,0.030208333333333334,0.033695036545395796
73,46,0.053125,0.7389479875564575,hihp_p,0.030208333333333334,0.033695036545395796
73,47,0.027083333333333334,0.2828933894634247,C_p,0.030208333333333334,0.033695036545395796
73,48,0.030208333333333334,0.0790749937295913,hihp_p,0.030208333333333334,0.033695036545395796
73,49,0.029166666666666667,0.042956244200468,C_p,0.030208333333333334,0.033695036545395796
73,50,0.028125,0.1399877667427063,C_p,0.030208333333333334,0.033695036545395796
73,51,0.030208333333333334,0.0482130274176597,hihp_p,0.030208333333333334,0.033695036545395796
73,52,0.028125,0.1098899245262146,C_p,0.030208333333333334,0.033695036545395796
73,53,0.029166666666666667,0.040102157741785,C_p,0.030208333333333334,0.033695036545395796
73,54,0.03125,0.0606973692774772,hihp_p,0.030208333333333334,0.033695036545395796
73,55,0.030208333333333334,0.2595642209053039,hihp_p,0.030208333333333334,0.033695036545395796
73,56,0.03229166666666667,0.3073779642581939,hihp_p,0.030208333333333334,0.033695036545395796
73,57,0.03229166666666667,0.3963472545146942,hihp_p,0.030208333333333334,0.033695036545395796
73,58,0.027083333333333334,0.1093212962150573,C_p,0.030208333333333334,0.033695036545395796
73,59,0.053125,0.8883188366889954,hihp_p,0.030208333333333334,0.033695036545395796
73,60,0.03333333333333333,0.0543254204094409,hihp_p,0.030208333333333334,0.033695036545395796
73,61,0.040625,1.1640514135360718,hihp_p,0.030208333333333334,0.033695036545395796
73,62,0.11458333333333333,2.9367332458496094,hihp_p,0.030208333333333334,0.033695036545395796
73,63,0.03958333333333333,0.3701714277267456,hihp_p,0.030208333333333334,0.033695036545395796
74,0,0.03333333333333333,0.2654771208763122,hihp_p,0.030208333333333334,0.033695036545395796
74,1,0.027083333333333334,0.3486971259117126,C_p,0.030208333333333334,0.033695036545395796
74,2,0.025,0.2012540698051452,C_p,0.030208333333333334,0.033695036545395796
74,3,0.034375,0.8228228688240051,hihp_p,0.030208333333333334,0.033695036545395796
74,4,0.03125,0.7144333124160767,hihp_p,0.030208333333333334,0.033695036545395796
74,5,0.023958333333333335,0.2894271612167358,C_p,0.030208333333333334,0.033695036545395796
74,6,0.027083333333333334,0.3607677519321441,C_p,0.030208333333333334,0.033695036545395796
74,7,0.035416666666666666,1.5872284173965454,hihp_p,0.030208333333333334,0.033695036545395796
74,8,0.028125,0.2162498086690902,C_p,0.030208333333333334,0.033695036545395796
74,9,0.09583333333333334,2.420724630355835,hihp_p,0.030208333333333334,0.033695036545395796
74,10,0.029166666666666667,1.441286325454712,C_p,0.030208333333333334,0.033695036545395796
74,11,0.03229166666666667,0.5612030029296875,hihp_p,0.030208333333333334,0.033695036545395796
74,12,0.023958333333333335,1.253503441810608,C_p,0.030208333333333334,0.033695036545395796
74,13,0.09895833333333333,2.2501494884490967,hihp_p,0.030208333333333334,0.033695036545395796
74,14,0.04791666666666667,1.1244840621948242,hihp_p,0.030208333333333334,0.033695036545395796
74,15,0.042708333333333334,1.7184191942214966,hihp_p,0.030208333333333334,0.033695036545395796
74,16,0.03333333333333333,0.0443739220499992,hihp_p,0.030208333333333334,0.033695036545395796
74,17,0.03229166666666667,0.2716902494430542,hihp_p,0.030208333333333334,0.033695036545395796
74,18,0.034375,0.0496459826827049,hihp_p,0.030208333333333334,0.033695036545395796
74,19,0.03125,0.0268344674259424,hilp_p,0.030208333333333334,0.033695036545395796
74,20,0.027083333333333334,0.1189645007252693,C_p,0.030208333333333334,0.033695036545395796
74,21,0.041666666666666664,0.9774097800254822,hihp_p,0.030208333333333334,0.033695036545395796
74,22,0.034375,0.6740756034851074,hihp_p,0.030208333333333334,0.033695036545395796
74,23,0.028125,0.0330647192895412,D_p,0.030208333333333334,0.033695036545395796
74,24,0.03229166666666667,0.2195700109004974,hihp_p,0.030208333333333334,0.033695036545395796
74,25,0.03229166666666667,0.2543519735336303,hihp_p,0.030208333333333334,0.033695036545395796
74,26,0.03333333333333333,0.2640853524208069,hihp_p,0.030208333333333334,0.033695036545395796
74,27,0.030208333333333334,0.3370940089225769,hihp_p,0.030208333333333334,0.033695036545395796
74,28,0.029166666666666667,0.3272625505924225,C_p,0.030208333333333334,0.033695036545395796
74,29,0.0375,1.0756182670593262,hihp_p,0.030208333333333334,0.033695036545395796
74,30,0.03125,0.1142578870058059,hihp_p,0.030208333333333334,0.033695036545395796
74,31,0.03229166666666667,0.7041428089141846,hihp_p,0.030208333333333334,0.033695036545395796
74,32,0.028125,0.0420951135456562,C_p,0.030208333333333334,0.033695036545395796
74,33,0.03333333333333333,0.0651514679193496,hihp_p,0.030208333333333334,0.033695036545395796
74,34,0.034375,0.0117460703477263,hilp_p,0.030208333333333334,0.033695036545395796
74,35,0.03125,0.2974438965320587,hihp_p,0.030208333333333334,0.033695036545395796
74,36,0.03229166666666667,0.1434243023395538,hihp_p,0.030208333333333334,0.033695036545395796
74,37,0.029166666666666667,0.0403942167758941,C_p,0.030208333333333334,0.033695036545395796
74,38,0.03125,0.0276084430515766,hilp_p,0.030208333333333334,0.033695036545395796
74,39,0.028125,0.0688311904668808,C_p,0.030208333333333334,0.033695036545395796
74,40,0.035416666666666666,0.4597609341144562,hihp_p,0.030208333333333334,0.033695036545395796
74,41,0.029166666666666667,0.0646026507019996,C_p,0.030208333333333334,0.033695036545395796
74,42,0.03125,0.0596689097583293,hihp_p,0.030208333333333334,0.033695036545395796
74,43,0.0375,0.4746413230895996,hihp_p,0.030208333333333334,0.033695036545395796
74,44,0.03125,0.1617823094129562,hihp_p,0.030208333333333334,0.033695036545395796
74,45,0.029166666666666667,0.1203605979681015,C_p,0.030208333333333334,0.033695036545395796
74,46,0.03333333333333333,0.1423925459384918,hihp_p,0.030208333333333334,0.033695036545395796
74,47,0.030208333333333334,0.1157993078231811,hihp_p,0.030208333333333334,0.033695036545395796
74,48,0.028125,0.1401240080595016,C_p,0.030208333333333334,0.033695036545395796
74,49,0.03125,0.2752093970775604,hihp_p,0.030208333333333334,0.033695036545395796
74,50,0.029166666666666667,0.1575784385204315,C_p,0.030208333333333334,0.033695036545395796
74,51,0.034375,0.024611048400402,hilp_p,0.030208333333333334,0.033695036545395796
74,52,0.03333333333333333,0.0117843551561236,hilp_p,0.030208333333333334,0.033695036545395796
74,53,0.03229166666666667,0.0200093351304531,hilp_p,0.030208333333333334,0.033695036545395796
74,54,0.030208333333333334,0.0349570326507091,hihp_p,0.030208333333333334,0.033695036545395796
74,55,0.030208333333333334,0.0388655960559845,hihp_p,0.030208333333333334,0.033695036545395796
74,56,0.030208333333333334,0.2793161571025848,hihp_p,0.030208333333333334,0.033695036545395796
74,57,0.030208333333333334,0.0089664235711097,hilp_p,0.030208333333333334,0.033695036545395796
74,58,0.029166666666666667,0.0292385034263134,D_p,0.030208333333333334,0.033695036545395796
74,59,0.028125,0.1873154789209365,C_p,0.030208333333333334,0.033695036545395796
74,60,0.029166666666666667,0.0659154653549194,C_p,0.030208333333333334,0.033695036545395796
74,61,0.030208333333333334,0.0673837289214134,hihp_p,0.030208333333333334,0.033695036545395796
74,62,0.029166666666666667,0.6262873411178589,C_p,0.030208333333333334,0.033695036545395796
74,63,0.03333333333333333,0.1065865606069564,hihp_p,0.030208333333333334,0.033695036545395796
75,0,0.029166666666666667,0.308128297328949,C_p,0.030208333333333334,0.033695036545395796
75,1,0.04375,0.5895400047302246,hihp_p,0.030208333333333334,0.033695036545395796
75,2,0.04791666666666667,0.9851241111755372,hihp_p,0.030208333333333334,0.033695036545395796
75,3,0.03125,0.2066368162631988,hihp_p,0.030208333333333334,0.033695036545395796
75,4,0.035416666666666666,0.0668487399816513,hihp_p,0.030208333333333334,0.033695036545395796
75,5,0.053125,0.562916100025177,hihp_p,0.030208333333333334,0.033695036545395796
75,6,0.030208333333333334,0.2881953120231628,hihp_p,0.030208333333333334,0.033695036545395796
75,7,0.16041666666666668,1.97785758972168,hihp_p,0.030208333333333334,0.033695036545395796
75,8,0.029166666666666667,0.5920888185501099,C_p,0.030208333333333334,0.033695036545395796
75,9,0.03125,0.1757495701313018,hihp_p,0.030208333333333334,0.033695036545395796
75,10,0.036458333333333336,0.8039638996124268,hihp_p,0.030208333333333334,0.033695036545395796
75,11,0.03125,0.6021520495414734,hihp_p,0.030208333333333334,0.033695036545395796
75,12,0.028125,0.2182820737361908,C_p,0.030208333333333334,0.033695036545395796
75,13,0.034375,0.6444708704948425,hihp_p,0.030208333333333334,0.033695036545395796
75,14,0.026041666666666668,0.8785221576690674,C_p,0.030208333333333334,0.033695036545395796
75,15,0.030208333333333334,0.5377127528190613,hihp_p,0.030208333333333334,0.033695036545395796
75,16,0.030208333333333334,0.5723248720169067,hihp_p,0.030208333333333334,0.033695036545395796
75,17,0.03333333333333333,0.4198137521743774,hihp_p,0.030208333333333334,0.033695036545395796
75,18,0.04375,0.9659741520881652,hihp_p,0.030208333333333334,0.033695036545395796
75,19,0.025,0.8203704357147217,C_p,0.030208333333333334,0.033695036545395796
75,20,0.028125,0.1322178542613983,C_p,0.030208333333333334,0.033695036545395796
75,21,0.030208333333333334,0.8597757816314697,hihp_p,0.030208333333333334,0.033695036545395796
75,22,0.03125,0.2198052704334259,hihp_p,0.030208333333333334,0.033695036545395796
75,23,0.03854166666666667,1.397637128829956,hihp_p,0.030208333333333334,0.033695036545395796
75,24,0.04895833333333333,1.4028295278549194,hihp_p,0.030208333333333334,0.033695036545395796
75,25,0.027083333333333334,0.7132030725479126,C_p,0.030208333333333334,0.033695036545395796
75,26,0.028125,0.503468930721283,C_p,0.030208333333333334,0.033695036545395796
75,27,0.029166666666666667,1.4470467567443848,C_p,0.030208333333333334,0.033695036545395796
75,28,0.03958333333333333,0.9225139021873474,hihp_p,0.030208333333333334,0.033695036545395796
75,29,0.04375,0.7819446921348572,hihp_p,0.030208333333333334,0.033695036545395796
75,30,0.07395833333333333,1.050055980682373,hihp_p,0.030208333333333334,0.033695036545395796
75,31,0.030208333333333334,0.3644814193248749,hihp_p,0.030208333333333334,0.033695036545395796
75,32,0.0375,1.3369135856628418,hihp_p,0.030208333333333334,0.033695036545395796
75,33,0.035416666666666666,0.5116735100746155,hihp_p,0.030208333333333334,0.033695036545395796
75,34,0.03854166666666667,0.6609026789665222,hihp_p,0.030208333333333334,0.033695036545395796
75,35,0.03125,0.7611970901489258,hihp_p,0.030208333333333334,0.033695036545395796
75,36,0.036458333333333336,0.4444620609283447,hihp_p,0.030208333333333334,0.033695036545395796
75,37,0.041666666666666664,0.7998438477516174,hihp_p,0.030208333333333334,0.033695036545395796
75,38,0.029166666666666667,0.3172957301139831,C_p,0.030208333333333334,0.033695036545395796
75,39,0.029166666666666667,0.4077134728431701,C_p,0.030208333333333334,0.033695036545395796
75,40,0.029166666666666667,0.3609455227851867,C_p,0.030208333333333334,0.033695036545395796
75,41,0.03229166666666667,0.0915792062878608,hihp_p,0.030208333333333334,0.033695036545395796
75,42,0.03229166666666667,0.7361042499542236,hihp_p,0.030208333333333334,0.033695036545395796
75,43,0.03333333333333333,0.6350122690200806,hihp_p,0.030208333333333334,0.033695036545395796
75,44,0.034375,0.965700089931488,hihp_p,0.030208333333333334,0.033695036545395796
75,45,0.026041666666666668,0.1708934605121612,C_p,0.030208333333333334,0.033695036545395796
75,46,0.03229166666666667,0.1714127212762832,hihp_p,0.030208333333333334,0.033695036545395796
75,47,0.028125,0.8181700706481934,C_p,0.030208333333333334,0.033695036545395796
75,48,0.029166666666666667,0.0526515208184719,C_p,0.030208333333333334,0.033695036545395796
75,49,0.035416666666666666,0.5338027477264404,hihp_p,0.030208333333333334,0.033695036545395796
75,50,0.029166666666666667,0.7962424755096436,C_p,0.030208333333333334,0.033695036545395796
75,51,0.026041666666666668,0.2710584104061126,C_p,0.030208333333333334,0.033695036545395796
75,52,0.030208333333333334,0.4101518094539642,hihp_p,0.030208333333333334,0.033695036545395796
75,53,0.03229166666666667,0.4929869472980499,hihp_p,0.030208333333333334,0.033695036545395796
75,54,0.03229166666666667,0.6160202622413635,hihp_p,0.030208333333333334,0.033695036545395796
75,55,0.036458333333333336,0.3148718774318695,hihp_p,0.030208333333333334,0.033695036545395796
75,56,0.03125,0.1213528290390968,hihp_p,0.030208333333333334,0.033695036545395796
75,57,0.03125,0.1688385307788849,hihp_p,0.030208333333333334,0.033695036545395796
75,58,0.03229166666666667,0.2971175014972687,hihp_p,0.030208333333333334,0.033695036545395796
75,59,0.030208333333333334,0.0902051031589508,hihp_p,0.030208333333333334,0.033695036545395796
75,60,0.03125,0.0729854479432106,hihp_p,0.030208333333333334,0.033695036545395796
75,61,0.029166666666666667,0.110444851219654,C_p,0.030208333333333334,0.033695036545395796
75,62,0.026041666666666668,0.2136993557214737,C_p,0.030208333333333334,0.033695036545395796
75,63,0.029166666666666667,0.0605051703751087,C_p,0.030208333333333334,0.033695036545395796
76,0,0.0375,0.3458012342453003,hihp_p,0.030208333333333334,0.033695036545395796
76,1,0.05,0.624248743057251,hihp_p,0.030208333333333334,0.033695036545395796
76,2,0.030208333333333334,0.0884642899036407,hihp_p,0.030208333333333334,0.033695036545395796
76,3,0.03333333333333333,0.1906380802392959,hihp_p,0.030208333333333334,0.033695036545395796
76,4,0.04791666666666667,0.7638880610466003,hihp_p,0.030208333333333334,0.033695036545395796
76,5,0.034375,0.3514444530010223,hihp_p,0.030208333333333334,0.033695036545395796
76,6,0.03854166666666667,0.6728036403656006,hihp_p,0.030208333333333334,0.033695036545395796
76,7,0.025,0.3960838615894317,C_p,0.030208333333333334,0.033695036545395796
76,8,0.028125,0.3323347866535187,C_p,0.030208333333333334,0.033695036545395796
76,9,0.027083333333333334,0.1683735251426696,C_p,0.030208333333333334,0.033695036545395796
76,10,0.027083333333333334,0.1171635314822197,C_p,0.030208333333333334,0.033695036545395796
76,11,0.03125,0.52760249376297,hihp_p,0.030208333333333334,0.033695036545395796
76,12,0.025,0.198807880282402,C_p,0.030208333333333334,0.033695036545395796
76,13,0.034375,0.1870536208152771,hihp_p,0.030208333333333334,0.033695036545395796
76,14,0.03125,0.1430239975452423,hihp_p,0.030208333333333334,0.033695036545395796
76,15,0.03229166666666667,0.6278075575828552,hihp_p,0.030208333333333334,0.033695036545395796
76,16,0.025,0.1304659843444824,C_p,0.030208333333333334,0.033695036545395796
76,17,0.03229166666666667,0.1039242297410965,hihp_p,0.030208333333333334,0.033695036545395796
76,18,0.03333333333333333,0.2175808697938919,hihp_p,0.030208333333333334,0.033695036545395796
76,19,0.030208333333333334,0.3611544072628021,hihp_p,0.030208333333333334,0.033695036545395796
76,20,0.03125,0.1306274235248565,hihp_p,0.030208333333333334,0.033695036545395796
76,21,0.028125,0.0885463282465934,C_p,0.030208333333333334,0.033695036545395796
76,22,0.026041666666666668,0.1084111481904983,C_p,0.030208333333333334,0.033695036545395796
76,23,0.03125,0.1133787855505943,hihp_p,0.030208333333333334,0.033695036545395796
76,24,0.034375,0.028076009824872,hilp_p,0.030208333333333334,0.033695036545395796
76,25,0.035416666666666666,0.0833314433693885,hihp_p,0.030208333333333334,0.033695036545395796
76,26,0.026041666666666668,0.113974317908287,C_p,0.030208333333333334,0.033695036545395796
76,27,0.029166666666666667,0.3155762851238251,C_p,0.030208333333333334,0.033695036545395796
76,28,0.03333333333333333,0.0697980523109436,hihp_p,0.030208333333333334,0.033695036545395796
76,29,0.0375,0.8322325944900513,hihp_p,0.030208333333333334,0.033695036545395796
76,30,0.026041666666666668,0.1281762719154358,C_p,0.030208333333333334,0.033695036545395796
76,31,0.0375,0.4361335933208465,hihp_p,0.030208333333333334,0.033695036545395796
76,32,0.030208333333333334,0.1634362787008285,hihp_p,0.030208333333333334,0.033695036545395796
76,33,0.03125,0.0555494986474514,hihp_p,0.030208333333333334,0.033695036545395796
76,34,0.03229166666666667,0.0434009656310081,hihp_p,0.030208333333333334,0.033695036545395796
76,35,0.03333333333333333,0.0844446718692779,hihp_p,0.030208333333333334,0.033695036545395796
76,36,0.029166666666666667,0.1091712713241577,C_p,0.030208333333333334,0.033695036545395796
76,37,0.030208333333333334,0.2666598558425903,hihp_p,0.030208333333333334,0.033695036545395796
76,38,0.03229166666666667,0.2632823586463928,hihp_p,0.030208333333333334,0.033695036545395796
76,39,0.03333333333333333,0.1227123513817787,hihp_p,0.030208333333333334,0.033695036545395796
76,40,0.03229166666666667,0.2331583797931671,hihp_p,0.030208333333333334,0.033695036545395796
76,41,0.029166666666666667,0.0569068454205989,C_p,0.030208333333333334,0.033695036545395796
76,42,0.03125,0.1561378985643386,hihp_p,0.030208333333333334,0.033695036545395796
76,43,0.036458333333333336,0.1631334125995636,hihp_p,0.030208333333333334,0.033695036545395796
76,44,0.030208333333333334,0.1492336094379425,hihp_p,0.030208333333333334,0.033695036545395796
76,45,0.0375,0.1930393278598785,hihp_p,0.030208333333333334,0.033695036545395796
76,46,0.03125,0.2012507915496826,hihp_p,0.030208333333333334,0.033695036545395796
76,47,0.029166666666666667,0.0714129135012626,C_p,0.030208333333333334,0.033695036545395796
76,48,0.03333333333333333,0.0532454214990139,hihp_p,0.030208333333333334,0.033695036545395796
76,49,0.0375,0.6093031764030457,hihp_p,0.030208333333333334,0.033695036545395796
76,50,0.027083333333333334,0.1015939638018608,C_p,0.030208333333333334,0.033695036545395796
76,51,0.03125,0.1466569006443023,hihp_p,0.030208333333333334,0.033695036545395796
76,52,0.03229166666666667,0.085989236831665,hihp_p,0.030208333333333334,0.033695036545395796
76,53,0.027083333333333334,0.1311855018138885,C_p,0.030208333333333334,0.033695036545395796
76,54,0.03125,0.0687839388847351,hihp_p,0.030208333333333334,0.033695036545395796
76,55,0.027083333333333334,0.1222556084394455,C_p,0.030208333333333334,0.033695036545395796
76,56,0.03229166666666667,0.3169328868389129,hihp_p,0.030208333333333334,0.033695036545395796
76,57,0.03125,0.114835537970066,hihp_p,0.030208333333333334,0.033695036545395796
76,58,0.030208333333333334,0.0933524370193481,hihp_p,0.030208333333333334,0.033695036545395796
76,59,0.03333333333333333,0.2962097227573395,hihp_p,0.030208333333333334,0.033695036545395796
76,60,0.029166666666666667,0.1750218421220779,C_p,0.030208333333333334,0.033695036545395796
76,61,0.026041666666666668,0.589783787727356,C_p,0.030208333333333334,0.033695036545395796
76,62,0.025,0.6190544962882996,C_p,0.030208333333333334,0.033695036545395796
76,63,0.035416666666666666,0.3959454298019409,hihp_p,0.030208333333333334,0.033695036545395796
77,0,0.03333333333333333,0.0849491506814956,hihp_p,0.030208333333333334,0.033695036545395796
77,1,0.027083333333333334,0.0531811863183975,C_p,0.030208333333333334,0.033695036545395796
77,2,0.029166666666666667,0.648288369178772,C_p,0.030208333333333334,0.033695036545395796
77,3,0.03229166666666667,0.0798377320170402,hihp_p,0.030208333333333334,0.033695036545395796
77,4,0.026041666666666668,0.5047985911369324,C_p,0.030208333333333334,0.033695036545395796
77,5,0.028125,0.1764934211969375,C_p,0.030208333333333334,0.033695036545395796
77,6,0.023958333333333335,0.1194769442081451,C_p,0.030208333333333334,0.033695036545395796
77,7,0.027083333333333334,0.7639047503471375,C_p,0.030208333333333334,0.033695036545395796
77,8,0.029166666666666667,0.0426504984498024,C_p,0.030208333333333334,0.033695036545395796
77,9,0.027083333333333334,0.1303473860025406,C_p,0.030208333333333334,0.033695036545395796
77,10,0.030208333333333334,0.383039116859436,hihp_p,0.030208333333333334,0.033695036545395796
77,11,0.03125,0.0787304416298866,hihp_p,0.030208333333333334,0.033695036545395796
77,12,0.057291666666666664,1.2906616926193235,hihp_p,0.030208333333333334,0.033695036545395796
77,13,0.027083333333333334,0.0415675900876522,C_p,0.030208333333333334,0.033695036545395796
77,14,0.021875,0.8336753249168396,C_p,0.030208333333333334,0.033695036545395796
77,15,0.028125,0.1244643926620483,C_p,0.030208333333333334,0.033695036545395796
77,16,0.029166666666666667,0.1622942984104156,C_p,0.030208333333333334,0.033695036545395796
77,17,0.05,0.5378214716911316,hihp_p,0.030208333333333334,0.033695036545395796
77,18,0.023958333333333335,0.0791727155447006,C_p,0.030208333333333334,0.033695036545395796
77,19,0.029166666666666667,0.5752743482589722,C_p,0.030208333333333334,0.033695036545395796
77,20,0.026041666666666668,0.0726102292537689,C_p,0.030208333333333334,0.033695036545395796
77,21,0.03229166666666667,0.6285713315010071,hihp_p,0.030208333333333334,0.033695036545395796
77,22,0.029166666666666667,0.1373284459114074,C_p,0.030208333333333334,0.033695036545395796
77,23,0.03958333333333333,0.520330548286438,hihp_p,0.030208333333333334,0.033695036545395796
77,24,0.030208333333333334,0.0694031044840812,hihp_p,0.030208333333333334,0.033695036545395796
77,25,0.030208333333333334,0.0755804628133773,hihp_p,0.030208333333333334,0.033695036545395796
77,26,0.026041666666666668,0.1360193938016891,C_p,0.030208333333333334,0.033695036545395796
77,27,0.028125,0.1828481256961822,C_p,0.030208333333333334,0.033695036545395796
77,28,0.03333333333333333,0.1475726515054702,hihp_p,0.030208333333333334,0.033695036545395796
77,29,0.03125,0.2277433574199676,hihp_p,0.030208333333333334,0.033695036545395796
77,30,0.030208333333333334,0.1413581669330597,hihp_p,0.030208333333333334,0.033695036545395796
77,31,0.030208333333333334,0.1521322280168533,hihp_p,0.030208333333333334,0.033695036545395796
77,32,0.029166666666666667,0.1647582799196243,C_p,0.030208333333333334,0.033695036545395796
77,33,0.03125,0.1679586768150329,hihp_p,0.030208333333333334,0.033695036545395796
77,34,0.028125,0.4835159182548523,C_p,0.030208333333333334,0.033695036545395796
77,35,0.022916666666666665,0.3146976232528686,C_p,0.030208333333333334,0.033695036545395796
77,36,0.03333333333333333,0.179483488202095,hihp_p,0.030208333333333334,0.033695036545395796
77,37,0.027083333333333334,0.1687002629041671,C_p,0.030208333333333334,0.033695036545395796
77,38,0.029166666666666667,0.0912971571087837,C_p,0.030208333333333334,0.033695036545395796
77,39,0.027083333333333334,0.1870941519737243,C_p,0.030208333333333334,0.033695036545395796
77,40,0.029166666666666667,1.1487256288528442,C_p,0.030208333333333334,0.033695036545395796
77,41,0.036458333333333336,1.6799421310424805,hihp_p,0.030208333333333334,0.033695036545395796
77,42,0.06770833333333333,1.2603617906570437,hihp_p,0.030208333333333334,0.033695036545395796
77,43,0.027083333333333334,1.634003520011902,C_p,0.030208333333333334,0.033695036545395796
77,44,0.06770833333333333,1.233595371246338,hihp_p,0.030208333333333334,0.033695036545395796
77,45,0.03333333333333333,0.410631775856018,hihp_p,0.030208333333333334,0.033695036545395796
77,46,0.0375,0.7089066505432129,hihp_p,0.030208333333333334,0.033695036545395796
77,47,0.05,1.4677681922912598,hihp_p,0.030208333333333334,0.033695036545395796
77,48,0.026041666666666668,0.3156145215034485,C_p,0.030208333333333334,0.033695036545395796
77,49,0.026041666666666668,0.4924778342247009,C_p,0.030208333333333334,0.033695036545395796
77,50,0.03854166666666667,0.8185631036758423,hihp_p,0.030208333333333334,0.033695036545395796
77,51,0.046875,0.9337000846862792,hihp_p,0.030208333333333334,0.033695036545395796
77,52,0.026041666666666668,0.0825949981808662,C_p,0.030208333333333334,0.033695036545395796
77,53,0.030208333333333334,0.163105770945549,hihp_p,0.030208333333333334,0.033695036545395796
77,54,0.025,0.5725715756416321,C_p,0.030208333333333334,0.033695036545395796
77,55,0.025,0.2905280590057373,C_p,0.030208333333333334,0.033695036545395796
77,56,0.030208333333333334,0.0683617815375328,hihp_p,0.030208333333333334,0.033695036545395796
77,57,0.028125,0.3192020654678345,C_p,0.030208333333333334,0.033695036545395796
77,58,0.028125,0.0591303631663322,C_p,0.030208333333333334,0.033695036545395796
77,59,0.029166666666666667,0.0934279784560203,C_p,0.030208333333333334,0.033695036545395796
77,60,0.029166666666666667,0.5618684887886047,C_p,0.030208333333333334,0.033695036545395796
77,61,0.025,0.3397506177425384,C_p,0.030208333333333334,0.033695036545395796
77,62,0.029166666666666667,0.6997559070587158,C_p,0.030208333333333334,0.033695036545395796
77,63,0.023958333333333335,0.1722441017627716,C_p,0.030208333333333334,0.033695036545395796
78,0,0.05,0.8214392066001892,hihp_p,0.030208333333333334,0.033695036545395796
78,1,0.026041666666666668,0.2933489680290222,C_p,0.030208333333333334,0.033695036545395796
78,2,0.10104166666666667,1.089251160621643,hihp_p,0.030208333333333334,0.033695036545395796
78,3,0.029166666666666667,0.5760647058486938,C_p,0.030208333333333334,0.033695036545395796
78,4,0.030208333333333334,0.4124318063259125,hihp_p,0.030208333333333334,0.033695036545395796
78,5,0.04479166666666667,0.5197705030441284,hihp_p,0.030208333333333334,0.033695036545395796
78,6,0.030208333333333334,0.1157259345054626,hihp_p,0.030208333333333334,0.033695036545395796
78,7,0.03125,0.0624262541532516,hihp_p,0.030208333333333334,0.033695036545395796
78,8,0.029166666666666667,0.0806321874260902,C_p,0.030208333333333334,0.033695036545395796
78,9,0.030208333333333334,0.0733530148863792,hihp_p,0.030208333333333334,0.033695036545395796
78,10,0.03125,0.1875551640987396,hihp_p,0.030208333333333334,0.033695036545395796
78,11,0.028125,0.1764612793922424,C_p,0.030208333333333334,0.033695036545395796
78,12,0.025,0.0666150972247123,C_p,0.030208333333333334,0.033695036545395796
78,13,0.04583333333333333,0.1610600501298904,hihp_p,0.030208333333333334,0.033695036545395796
78,14,0.03125,0.1146434694528579,hihp_p,0.030208333333333334,0.033695036545395796
78,15,0.025,0.0922417193651199,C_p,0.030208333333333334,0.033695036545395796
78,16,0.07395833333333333,0.7182236909866333,hihp_p,0.030208333333333334,0.033695036545395796
78,17,0.030208333333333334,0.0335286781191825,hilp_p,0.030208333333333334,0.033695036545395796
78,18,0.030208333333333334,0.1389394253492355,hihp_p,0.030208333333333334,0.033695036545395796
78,19,0.023958333333333335,0.3524084389209747,C_p,0.030208333333333334,0.033695036545395796
78,20,0.030208333333333334,0.2325490117073059,hihp_p,0.030208333333333334,0.033695036545395796
78,21,0.03125,0.2858916819095611,hihp_p,0.030208333333333334,0.033695036545395796
78,22,0.030208333333333334,0.266146570444107,hihp_p,0.030208333333333334,0.033695036545395796
78,23,0.030208333333333334,0.0598040074110031,hihp_p,0.030208333333333334,0.033695036545395796
78,24,0.029166666666666667,0.2564127445220947,C_p,0.030208333333333334,0.033695036545395796
78,25,0.036458333333333336,0.6877561211585999,hihp_p,0.030208333333333334,0.033695036545395796
78,26,0.12395833333333334,1.945143461227417,hihp_p,0.030208333333333334,0.033695036545395796
78,27,0.06458333333333334,0.5867487192153931,hihp_p,0.030208333333333334,0.033695036545395796
78,28,0.04583333333333333,0.6354113817214966,hihp_p,0.030208333333333334,0.033695036545395796
78,29,0.028125,0.2224655300378799,C_p,0.030208333333333334,0.033695036545395796
78,30,0.03854166666666667,1.1616328954696655,hihp_p,0.030208333333333334,0.033695036545395796
78,31,0.04791666666666667,0.6294916868209839,hihp_p,0.030208333333333334,0.033695036545395796
78,32,0.028125,1.0300639867782593,C_p,0.030208333333333334,0.033695036545395796
78,33,0.030208333333333334,0.5680629014968872,hihp_p,0.030208333333333334,0.033695036545395796
78,34,0.034375,0.6902809143066406,hihp_p,0.030208333333333334,0.033695036545395796
78,35,0.030208333333333334,0.2270889580249786,hihp_p,0.030208333333333334,0.033695036545395796
78,36,0.03125,0.1787643134593963,hihp_p,0.030208333333333334,0.033695036545395796
78,37,0.036458333333333336,0.4521599113941192,hihp_p,0.030208333333333334,0.033695036545395796
78,38,0.03229166666666667,0.1367078423500061,hihp_p,0.030208333333333334,0.033695036545395796
78,39,0.034375,0.3888798952102661,hihp_p,0.030208333333333334,0.033695036545395796
78,40,0.03333333333333333,0.2089492976665496,hihp_p,0.030208333333333334,0.033695036545395796
78,41,0.05,0.8008740544319153,hihp_p,0.030208333333333334,0.033695036545395796
78,42,0.034375,0.2989518642425537,hihp_p,0.030208333333333334,0.033695036545395796
78,43,0.030208333333333334,0.0696208998560905,hihp_p,0.030208333333333334,0.033695036545395796
78,44,0.028125,0.0317527279257774,D_p,0.030208333333333334,0.033695036545395796
78,45,0.030208333333333334,0.0710442885756492,hihp_p,0.030208333333333334,0.033695036545395796
78,46,0.023958333333333335,0.2502532601356506,C_p,0.030208333333333334,0.033695036545395796
78,47,0.03333333333333333,0.5514606237411499,hihp_p,0.030208333333333334,0.033695036545395796
78,48,0.042708333333333334,0.9257259368896484,hihp_p,0.030208333333333334,0.033695036545395796
78,49,0.035416666666666666,0.901953101158142,hihp_p,0.030208333333333334,0.033695036545395796
78,50,0.041666666666666664,0.6312654614448547,hihp_p,0.030208333333333334,0.033695036545395796
78,51,0.03958333333333333,0.4678731262683868,hihp_p,0.030208333333333334,0.033695036545395796
78,52,0.03229166666666667,0.2321356236934662,hihp_p,0.030208333333333334,0.033695036545395796
78,53,0.030208333333333334,0.8416153788566589,hihp_p,0.030208333333333334,0.033695036545395796
78,54,0.075,1.0330356359481812,hihp_p,0.030208333333333334,0.033695036545395796
78,55,0.1,0.8381291031837463,hihp_p,0.030208333333333334,0.033695036545395796
78,56,0.029166666666666667,0.0483751446008682,C_p,0.030208333333333334,0.033695036545395796
78,57,0.03229166666666667,0.1139754727482795,hihp_p,0.030208333333333334,0.033695036545395796
78,58,0.03125,0.1425536721944809,hihp_p,0.030208333333333334,0.033695036545395796
78,59,0.029166666666666667,0.1972923427820205,C_p,0.030208333333333334,0.033695036545395796
78,60,0.029166666666666667,0.1132282167673111,C_p,0.030208333333333334,0.033695036545395796
78,61,0.027083333333333334,0.133352592587471,C_p,0.030208333333333334,0.033695036545395796
78,62,0.030208333333333334,0.2108612805604934,hihp_p,0.030208333333333334,0.033695036545395796
78,63,0.029166666666666667,0.1585566252470016,C_p,0.030208333333333334,0.033695036545395796
79,0,0.03125,0.2277990281581878,hihp_p,0.030208333333333334,0.033695036545395796
79,1,0.0375,0.6667460203170776,hihp_p,0.030208333333333334,0.033695036545395796
79,2,0.030208333333333334,0.1385581791400909,hihp_p,0.030208333333333334,0.033695036545395796
79,3,0.030208333333333334,0.0362664833664894,hihp_p,0.030208333333333334,0.033695036545395796
79,4,0.03333333333333333,0.5589025020599365,hihp_p,0.030208333333333334,0.033695036545395796
79,5,0.026041666666666668,0.1212494373321533,C_p,0.030208333333333334,0.033695036545395796
79,6,0.029166666666666667,0.1338968276977539,C_p,0.030208333333333334,0.033695036545395796
79,7,0.030208333333333334,0.1612601578235626,hihp_p,0.030208333333333334,0.033695036545395796
79,8,0.03229166666666667,0.0220663119107484,hilp_p,0.030208333333333334,0.033695036545395796
79,9,0.028125,0.0278561580926179,D_p,0.030208333333333334,0.033695036545395796
79,10,0.028125,0.0541271083056926,C_p,0.030208333333333334,0.033695036545395796
79,11,0.1375,0.2251237034797668,hihp_p,0.030208333333333334,0.033695036545395796
79,12,0.034375,0.0571692362427711,hihp_p,0.030208333333333334,0.033695036545395796
79,13,0.03125,0.0037489593960344,hilp_p,0.030208333333333334,0.033695036545395796
79,14,0.03229166666666667,0.0122897885739803,hilp_p,0.030208333333333334,0.033695036545395796
79,15,0.052083333333333336,0.1511380225419998,hihp_p,0.030208333333333334,0.033695036545395796
79,16,0.05,0.4224526286125183,hihp_p,0.030208333333333334,0.033695036545395796
79,17,0.029166666666666667,0.0753651037812233,C_p,0.030208333333333334,0.033695036545395796
79,18,0.03125,0.0166214928030967,hilp_p,0.030208333333333334,0.033695036545395796
79,19,0.030208333333333334,0.0097931930795311,hilp_p,0.030208333333333334,0.033695036545395796
79,20,0.029166666666666667,0.0397187881171703,C_p,0.030208333333333334,0.033695036545395796
79,21,0.03125,0.0114289987832307,hilp_p,0.030208333333333334,0.033695036545395796
79,22,0.03229166666666667,0.0144354375079274,hilp_p,0.030208333333333334,0.033695036545395796
79,23,0.022916666666666665,0.2976619899272918,C_p,0.030208333333333334,0.033695036545395796
79,24,0.030208333333333334,0.2543863356113434,hihp_p,0.030208333333333334,0.033695036545395796
79,25,0.03333333333333333,0.2510345876216888,hihp_p,0.030208333333333334,0.033695036545395796
79,26,0.03125,0.3256497383117676,hihp_p,0.030208333333333334,0.033695036545395796
79,27,0.025,0.3752261698246002,C_p,0.030208333333333334,0.033695036545395796
79,28,0.030208333333333334,0.251196801662445,hihp_p,0.030208333333333334,0.033695036545395796
79,29,0.029166666666666667,0.4544522166252136,C_p,0.030208333333333334,0.033695036545395796
79,30,0.03125,0.3021425604820251,hihp_p,0.030208333333333334,0.033695036545395796
79,31,0.03333333333333333,0.6111842393875122,hihp_p,0.030208333333333334,0.033695036545395796
79,32,0.07083333333333333,0.9341123700141908,hihp_p,0.030208333333333334,0.033695036545395796
79,33,0.030208333333333334,0.1827023476362228,hihp_p,0.030208333333333334,0.033695036545395796
79,34,0.03125,0.2085475027561187,hihp_p,0.030208333333333334,0.033695036545395796
79,35,0.029166666666666667,0.197866290807724,C_p,0.030208333333333334,0.033695036545395796
79,36,0.035416666666666666,1.0267096757888794,hihp_p,0.030208333333333334,0.033695036545395796
79,37,0.026041666666666668,0.1610971689224243,C_p,0.030208333333333334,0.033695036545395796
79,38,0.04479166666666667,0.1867880672216415,hihp_p,0.030208333333333334,0.033695036545395796
79,39,0.029166666666666667,0.0551479756832122,C_p,0.030208333333333334,0.033695036545395796
79,40,0.028125,0.0718594491481781,C_p,0.030208333333333334,0.033695036545395796
79,41,0.030208333333333334,0.0817595198750495,hihp_p,0.030208333333333334,0.033695036545395796
79,42,0.026041666666666668,0.3858511745929718,C_p,0.030208333333333334,0.033695036545395796
79,43,0.036458333333333336,0.2037075161933899,hihp_p,0.030208333333333334,0.033695036545395796
79,44,0.036458333333333336,0.9245406985282898,hihp_p,0.030208333333333334,0.033695036545395796
79,45,0.03125,0.3267753720283508,hihp_p,0.030208333333333334,0.033695036545395796
79,46,0.034375,0.3754118084907532,hihp_p,0.030208333333333334,0.033695036545395796
79,47,0.0625,0.5964189171791077,hihp_p,0.030208333333333334,0.033695036545395796
79,48,0.022916666666666665,0.0728504732251167,C_p,0.030208333333333334,0.033695036545395796
79,49,0.027083333333333334,0.0660703256726265,C_p,0.030208333333333334,0.033695036545395796
79,50,0.023958333333333335,0.0821085721254348,C_p,0.030208333333333334,0.033695036545395796
79,51,0.023958333333333335,0.0566327646374702,C_p,0.030208333333333334,0.033695036545395796
79,52,0.023958333333333335,0.0590085759758949,C_p,0.030208333333333334,0.033695036545395796
79,53,0.025,0.190667062997818,C_p,0.030208333333333334,0.033695036545395796
79,54,0.03958333333333333,0.4077066779136657,hihp_p,0.030208333333333334,0.033695036545395796
79,55,0.026041666666666668,0.2051159590482711,C_p,0.030208333333333334,0.033695036545395796
79,56,0.029166666666666667,0.3421157896518707,C_p,0.030208333333333334,0.033695036545395796
79,57,0.025,0.1276540011167526,C_p,0.030208333333333334,0.033695036545395796
79,58,0.023958333333333335,0.1775499731302261,C_p,0.030208333333333334,0.033695036545395796
79,59,0.030208333333333334,0.2049997895956039,hihp_p,0.030208333333333334,0.033695036545395796
79,60,0.022916666666666665,0.2740972638130188,C_p,0.030208333333333334,0.033695036545395796
79,61,0.022916666666666665,0.0270285569131374,D_p,0.030208333333333334,0.033695036545395796
79,62,0.027083333333333334,0.0976624265313148,C_p,0.030208333333333334,0.033695036545395796
79,63,0.021875,0.2766553163528442,C_p,0.030208333333333334,0.033695036545395796
