layer,head,causal_imp
0,0,0.01875
0,1,0.0125
0,2,0.01875
0,3,0.013541666666666667
0,4,0.01875
0,5,0.021875
0,6,0.021875
0,7,0.021875
0,8,0.021875
0,9,0.01875
0,10,0.016666666666666666
0,11,0.019791666666666666
0,12,0.014583333333333334
0,13,0.016666666666666666
0,14,0.019791666666666666
0,15,0.01875
0,16,0.019791666666666666
0,17,0.016666666666666666
0,18,0.01875
0,19,0.017708333333333333
0,20,0.020833333333333332
0,21,0.019791666666666666
0,22,0.015625
0,23,0.025
0,24,0.0125
0,25,0.01875
0,26,0.022916666666666665
0,27,0.016666666666666666
0,28,0.01875
0,29,0.01875
0,30,0.01875
0,31,0.016666666666666666
0,32,0.017708333333333333
0,33,0.020833333333333332
0,34,0.017708333333333333
0,35,0.016666666666666666
0,36,0.013541666666666667
0,37,0.014583333333333334
0,38,0.020833333333333332
0,39,0.020833333333333332
0,40,0.01875
0,41,0.027083333333333334
0,42,0.017708333333333333
0,43,0.016666666666666666
0,44,0.017708333333333333
0,45,0.014583333333333334
0,46,0.015625
0,47,0.017708333333333333
0,48,0.019791666666666666
0,49,0.01875
0,50,0.025
0,51,0.019791666666666666
0,52,0.023958333333333335
0,53,0.019791666666666666
0,54,0.026041666666666668
0,55,0.014583333333333334
0,56,0.021875
0,57,0.019791666666666666
0,58,0.017708333333333333
0,59,0.016666666666666666
0,60,0.017708333333333333
0,61,0.014583333333333334
0,62,0.016666666666666666
0,63,0.01875
1,0,0.019791666666666666
1,1,0.020833333333333332
1,2,0.021875
1,3,0.025
1,4,0.019791666666666666
1,5,0.015625
1,6,0.025
1,7,0.016666666666666666
1,8,0.017708333333333333
1,9,0.020833333333333332
1,10,0.023958333333333335
1,11,0.015625
1,12,0.023958333333333335
1,13,0.022916666666666665
1,14,0.025
1,15,0.014583333333333334
1,16,0.030208333333333334
1,17,0.03125
1,18,0.03125
1,19,0.029166666666666667
1,20,0.026041666666666668
1,21,0.03229166666666667
1,22,0.034375
1,23,0.029166666666666667
1,24,0.026041666666666668
1,25,0.023958333333333335
1,26,0.035416666666666666
1,27,0.029166666666666667
1,28,0.028125
1,29,0.027083333333333334
1,30,0.03333333333333333
1,31,0.035416666666666666
1,32,0.034375
1,33,0.029166666666666667
1,34,0.030208333333333334
1,35,0.03125
1,36,0.030208333333333334
1,37,0.028125
1,38,0.027083333333333334
1,39,0.036458333333333336
1,40,0.027083333333333334
1,41,0.025
1,42,0.028125
1,43,0.03229166666666667
1,44,0.03333333333333333
1,45,0.03229166666666667
1,46,0.03125
1,47,0.028125
1,48,0.028125
1,49,0.028125
1,50,0.027083333333333334
1,51,0.026041666666666668
1,52,0.030208333333333334
1,53,0.03125
1,54,0.03333333333333333
1,55,0.034375
1,56,0.025
1,57,0.03125
1,58,0.027083333333333334
1,59,0.03125
1,60,0.029166666666666667
1,61,0.0375
1,62,0.027083333333333334
1,63,0.030208333333333334
2,0,0.03125
2,1,0.029166666666666667
2,2,0.027083333333333334
2,3,0.027083333333333334
2,4,0.028125
2,5,0.03333333333333333
2,6,0.027083333333333334
2,7,0.028125
2,8,0.030208333333333334
2,9,0.028125
2,10,0.03125
2,11,0.029166666666666667
2,12,0.03229166666666667
2,13,0.03333333333333333
2,14,0.025
2,15,0.029166666666666667
2,16,0.03229166666666667
2,17,0.027083333333333334
2,18,0.03125
2,19,0.029166666666666667
2,20,0.029166666666666667
2,21,0.03125
2,22,0.025
2,23,0.030208333333333334
2,24,0.03229166666666667
2,25,0.034375
2,26,0.025
2,27,0.03333333333333333
2,28,0.029166666666666667
2,29,0.026041666666666668
2,30,0.03125
2,31,0.03229166666666667
2,32,0.030208333333333334
2,33,0.025
2,34,0.025
2,35,0.030208333333333334
2,36,0.027083333333333334
2,37,0.025
2,38,0.023958333333333335
2,39,0.03333333333333333
2,40,0.030208333333333334
2,41,0.028125
2,42,0.030208333333333334
2,43,0.026041666666666668
2,44,0.029166666666666667
2,45,0.027083333333333334
2,46,0.025
2,47,0.030208333333333334
2,48,0.027083333333333334
2,49,0.028125
2,50,0.029166666666666667
2,51,0.030208333333333334
2,52,0.028125
2,53,0.030208333333333334
2,54,0.025
2,55,0.030208333333333334
2,56,0.026041666666666668
2,57,0.026041666666666668
2,58,0.029166666666666667
2,59,0.028125
2,60,0.028125
2,61,0.025
2,62,0.028125
2,63,0.03125
3,0,0.026041666666666668
3,1,0.028125
3,2,0.034375
3,3,0.027083333333333334
3,4,0.034375
3,5,0.030208333333333334
3,6,0.03333333333333333
3,7,0.030208333333333334
3,8,0.028125
3,9,0.028125
3,10,0.03229166666666667
3,11,0.028125
3,12,0.030208333333333334
3,13,0.030208333333333334
3,14,0.03125
3,15,0.025
3,16,0.026041666666666668
3,17,0.03125
3,18,0.023958333333333335
3,19,0.023958333333333335
3,20,0.030208333333333334
3,21,0.027083333333333334
3,22,0.027083333333333334
3,23,0.03125
3,24,0.030208333333333334
3,25,0.027083333333333334
3,26,0.023958333333333335
3,27,0.027083333333333334
3,28,0.023958333333333335
3,29,0.030208333333333334
3,30,0.036458333333333336
3,31,0.025
3,32,0.026041666666666668
3,33,0.027083333333333334
3,34,0.029166666666666667
3,35,0.03125
3,36,0.025
3,37,0.022916666666666665
3,38,0.027083333333333334
3,39,0.027083333333333334
3,40,0.028125
3,41,0.026041666666666668
3,42,0.027083333333333334
3,43,0.034375
3,44,0.03125
3,45,0.029166666666666667
3,46,0.029166666666666667
3,47,0.025
3,48,0.027083333333333334
3,49,0.030208333333333334
3,50,0.030208333333333334
3,51,0.027083333333333334
3,52,0.03125
3,53,0.027083333333333334
3,54,0.026041666666666668
3,55,0.027083333333333334
3,56,0.028125
3,57,0.03229166666666667
3,58,0.027083333333333334
3,59,0.028125
3,60,0.03125
3,61,0.027083333333333334
3,62,0.030208333333333334
3,63,0.028125
4,0,0.03125
4,1,0.028125
4,2,0.025
4,3,0.026041666666666668
4,4,0.03333333333333333
4,5,0.030208333333333334
4,6,0.03125
4,7,0.026041666666666668
4,8,0.035416666666666666
4,9,0.027083333333333334
4,10,0.03125
4,11,0.027083333333333334
4,12,0.03333333333333333
4,13,0.036458333333333336
4,14,0.03229166666666667
4,15,0.025
4,16,0.028125
4,17,0.027083333333333334
4,18,0.025
4,19,0.03125
4,20,0.027083333333333334
4,21,0.030208333333333334
4,22,0.030208333333333334
4,23,0.028125
4,24,0.029166666666666667
4,25,0.027083333333333334
4,26,0.03125
4,27,0.03125
4,28,0.035416666666666666
4,29,0.035416666666666666
4,30,0.03229166666666667
4,31,0.030208333333333334
4,32,0.027083333333333334
4,33,0.028125
4,34,0.03229166666666667
4,35,0.030208333333333334
4,36,0.035416666666666666
4,37,0.03229166666666667
4,38,0.03229166666666667
4,39,0.028125
4,40,0.030208333333333334
4,41,0.03125
4,42,0.029166666666666667
4,43,0.027083333333333334
4,44,0.025
4,45,0.030208333333333334
4,46,0.028125
4,47,0.03333333333333333
4,48,0.029166666666666667
4,49,0.029166666666666667
4,50,0.029166666666666667
4,51,0.026041666666666668
4,52,0.030208333333333334
4,53,0.029166666666666667
4,54,0.026041666666666668
4,55,0.025
4,56,0.028125
4,57,0.029166666666666667
4,58,0.029166666666666667
4,59,0.026041666666666668
4,60,0.023958333333333335
4,61,0.029166666666666667
4,62,0.026041666666666668
4,63,0.029166666666666667
5,0,0.028125
5,1,0.029166666666666667
5,2,0.028125
5,3,0.029166666666666667
5,4,0.030208333333333334
5,5,0.029166666666666667
5,6,0.030208333333333334
5,7,0.035416666666666666
5,8,0.028125
5,9,0.022916666666666665
5,10,0.026041666666666668
5,11,0.025
5,12,0.030208333333333334
5,13,0.03333333333333333
5,14,0.030208333333333334
5,15,0.026041666666666668
5,16,0.023958333333333335
5,17,0.025
5,18,0.027083333333333334
5,19,0.0375
5,20,0.029166666666666667
5,21,0.03125
5,22,0.030208333333333334
5,23,0.029166666666666667
5,24,0.023958333333333335
5,25,0.026041666666666668
5,26,0.025
5,27,0.028125
5,28,0.03333333333333333
5,29,0.027083333333333334
5,30,0.027083333333333334
5,31,0.026041666666666668
5,32,0.03125
5,33,0.026041666666666668
5,34,0.025
5,35,0.027083333333333334
5,36,0.029166666666666667
5,37,0.028125
5,38,0.029166666666666667
5,39,0.025
5,40,0.03229166666666667
5,41,0.026041666666666668
5,42,0.027083333333333334
5,43,0.03125
5,44,0.030208333333333334
5,45,0.03125
5,46,0.027083333333333334
5,47,0.03333333333333333
5,48,0.030208333333333334
5,49,0.027083333333333334
5,50,0.022916666666666665
5,51,0.03125
5,52,0.026041666666666668
5,53,0.026041666666666668
5,54,0.030208333333333334
5,55,0.028125
5,56,0.028125
5,57,0.027083333333333334
5,58,0.027083333333333334
5,59,0.03333333333333333
5,60,0.023958333333333335
5,61,0.026041666666666668
5,62,0.025
5,63,0.027083333333333334
6,0,0.029166666666666667
6,1,0.029166666666666667
6,2,0.034375
6,3,0.023958333333333335
6,4,0.029166666666666667
6,5,0.035416666666666666
6,6,0.03125
6,7,0.028125
6,8,0.029166666666666667
6,9,0.028125
6,10,0.022916666666666665
6,11,0.034375
6,12,0.027083333333333334
6,13,0.028125
6,14,0.026041666666666668
6,15,0.029166666666666667
6,16,0.03333333333333333
6,17,0.022916666666666665
6,18,0.029166666666666667
6,19,0.030208333333333334
6,20,0.027083333333333334
6,21,0.026041666666666668
6,22,0.029166666666666667
6,23,0.03333333333333333
6,24,0.030208333333333334
6,25,0.03333333333333333
6,26,0.027083333333333334
6,27,0.0375
6,28,0.035416666666666666
6,29,0.030208333333333334
6,30,0.028125
6,31,0.030208333333333334
6,32,0.030208333333333334
6,33,0.03333333333333333
6,34,0.03125
6,35,0.028125
6,36,0.023958333333333335
6,37,0.026041666666666668
6,38,0.028125
6,39,0.028125
6,40,0.023958333333333335
6,41,0.030208333333333334
6,42,0.026041666666666668
6,43,0.03229166666666667
6,44,0.03333333333333333
6,45,0.030208333333333334
6,46,0.03229166666666667
6,47,0.027083333333333334
6,48,0.025
6,49,0.028125
6,50,0.029166666666666667
6,51,0.028125
6,52,0.027083333333333334
6,53,0.029166666666666667
6,54,0.030208333333333334
6,55,0.026041666666666668
6,56,0.028125
6,57,0.035416666666666666
6,58,0.029166666666666667
6,59,0.03229166666666667
6,60,0.030208333333333334
6,61,0.030208333333333334
6,62,0.030208333333333334
6,63,0.023958333333333335
7,0,0.028125
7,1,0.028125
7,2,0.03125
7,3,0.03333333333333333
7,4,0.034375
7,5,0.025
7,6,0.023958333333333335
7,7,0.029166666666666667
7,8,0.034375
7,9,0.030208333333333334
7,10,0.0375
7,11,0.036458333333333336
7,12,0.030208333333333334
7,13,0.03333333333333333
7,14,0.023958333333333335
7,15,0.03333333333333333
7,16,0.030208333333333334
7,17,0.034375
7,18,0.034375
7,19,0.03854166666666667
7,20,0.03229166666666667
7,21,0.026041666666666668
7,22,0.026041666666666668
7,23,0.035416666666666666
7,24,0.030208333333333334
7,25,0.03229166666666667
7,26,0.026041666666666668
7,27,0.03125
7,28,0.028125
7,29,0.029166666666666667
7,30,0.028125
7,31,0.029166666666666667
7,32,0.03125
7,33,0.027083333333333334
7,34,0.029166666666666667
7,35,0.03229166666666667
7,36,0.028125
7,37,0.025
7,38,0.028125
7,39,0.034375
7,40,0.03125
7,41,0.023958333333333335
7,42,0.030208333333333334
7,43,0.028125
7,44,0.026041666666666668
7,45,0.026041666666666668
7,46,0.028125
7,47,0.036458333333333336
7,48,0.03125
7,49,0.03125
7,50,0.028125
7,51,0.036458333333333336
7,52,0.026041666666666668
7,53,0.029166666666666667
7,54,0.03333333333333333
7,55,0.029166666666666667
7,56,0.027083333333333334
7,57,0.026041666666666668
7,58,0.034375
7,59,0.027083333333333334
7,60,0.028125
7,61,0.019791666666666666
7,62,0.0375
7,63,0.03125
8,0,0.029166666666666667
8,1,0.023958333333333335
8,2,0.026041666666666668
8,3,0.026041666666666668
8,4,0.029166666666666667
8,5,0.03229166666666667
8,6,0.029166666666666667
8,7,0.030208333333333334
8,8,0.029166666666666667
8,9,0.03333333333333333
8,10,0.030208333333333334
8,11,0.03125
8,12,0.029166666666666667
8,13,0.027083333333333334
8,14,0.03125
8,15,0.026041666666666668
8,16,0.029166666666666667
8,17,0.03333333333333333
8,18,0.029166666666666667
8,19,0.03229166666666667
8,20,0.028125
8,21,0.027083333333333334
8,22,0.027083333333333334
8,23,0.026041666666666668
8,24,0.03229166666666667
8,25,0.027083333333333334
8,26,0.028125
8,27,0.03333333333333333
8,28,0.03229166666666667
8,29,0.03229166666666667
8,30,0.027083333333333334
8,31,0.030208333333333334
8,32,0.028125
8,33,0.028125
8,34,0.025
8,35,0.03229166666666667
8,36,0.027083333333333334
8,37,0.030208333333333334
8,38,0.03125
8,39,0.027083333333333334
8,40,0.036458333333333336
8,41,0.027083333333333334
8,42,0.034375
8,43,0.03125
8,44,0.036458333333333336
8,45,0.029166666666666667
8,46,0.03125
8,47,0.034375
8,48,0.03125
8,49,0.029166666666666667
8,50,0.027083333333333334
8,51,0.030208333333333334
8,52,0.03229166666666667
8,53,0.028125
8,54,0.026041666666666668
8,55,0.030208333333333334
8,56,0.03229166666666667
8,57,0.030208333333333334
8,58,0.026041666666666668
8,59,0.022916666666666665
8,60,0.027083333333333334
8,61,0.030208333333333334
8,62,0.03229166666666667
8,63,0.03333333333333333
9,0,0.03333333333333333
9,1,0.029166666666666667
9,2,0.029166666666666667
9,3,0.026041666666666668
9,4,0.026041666666666668
9,5,0.029166666666666667
9,6,0.030208333333333334
9,7,0.030208333333333334
9,8,0.03229166666666667
9,9,0.03229166666666667
9,10,0.028125
9,11,0.03229166666666667
9,12,0.028125
9,13,0.029166666666666667
9,14,0.030208333333333334
9,15,0.028125
9,16,0.028125
9,17,0.028125
9,18,0.025
9,19,0.035416666666666666
9,20,0.03125
9,21,0.03333333333333333
9,22,0.030208333333333334
9,23,0.03229166666666667
9,24,0.03125
9,25,0.028125
9,26,0.026041666666666668
9,27,0.027083333333333334
9,28,0.026041666666666668
9,29,0.028125
9,30,0.030208333333333334
9,31,0.028125
9,32,0.03333333333333333
9,33,0.025
9,34,0.028125
9,35,0.03333333333333333
9,36,0.029166666666666667
9,37,0.030208333333333334
9,38,0.027083333333333334
9,39,0.025
9,40,0.028125
9,41,0.03333333333333333
9,42,0.03229166666666667
9,43,0.030208333333333334
9,44,0.029166666666666667
9,45,0.026041666666666668
9,46,0.0375
9,47,0.030208333333333334
9,48,0.025
9,49,0.030208333333333334
9,50,0.029166666666666667
9,51,0.029166666666666667
9,52,0.028125
9,53,0.029166666666666667
9,54,0.035416666666666666
9,55,0.03333333333333333
9,56,0.030208333333333334
9,57,0.03125
9,58,0.03333333333333333
9,59,0.027083333333333334
9,60,0.03125
9,61,0.03229166666666667
9,62,0.03229166666666667
9,63,0.03125
10,0,0.03333333333333333
10,1,0.028125
10,2,0.029166666666666667
10,3,0.03125
10,4,0.029166666666666667
10,5,0.03854166666666667
10,6,0.034375
10,7,0.03229166666666667
10,8,0.030208333333333334
10,9,0.029166666666666667
10,10,0.028125
10,11,0.026041666666666668
10,12,0.03125
10,13,0.026041666666666668
10,14,0.03333333333333333
10,15,0.028125
10,16,0.030208333333333334
10,17,0.03125
10,18,0.027083333333333334
10,19,0.029166666666666667
10,20,0.027083333333333334
10,21,0.028125
10,22,0.025
10,23,0.03333333333333333
10,24,0.029166666666666667
10,25,0.027083333333333334
10,26,0.029166666666666667
10,27,0.029166666666666667
10,28,0.03125
10,29,0.030208333333333334
10,30,0.023958333333333335
10,31,0.03125
10,32,0.026041666666666668
10,33,0.028125
10,34,0.030208333333333334
10,35,0.03125
10,36,0.026041666666666668
10,37,0.025
10,38,0.027083333333333334
10,39,0.030208333333333334
10,40,0.026041666666666668
10,41,0.03125
10,42,0.029166666666666667
10,43,0.026041666666666668
10,44,0.027083333333333334
10,45,0.034375
10,46,0.03125
10,47,0.027083333333333334
10,48,0.026041666666666668
10,49,0.03333333333333333
10,50,0.027083333333333334
10,51,0.03333333333333333
10,52,0.03125
10,53,0.021875
10,54,0.026041666666666668
10,55,0.028125
10,56,0.027083333333333334
10,57,0.025
10,58,0.027083333333333334
10,59,0.028125
10,60,0.035416666666666666
10,61,0.029166666666666667
10,62,0.03333333333333333
10,63,0.034375
11,0,0.023958333333333335
11,1,0.027083333333333334
11,2,0.029166666666666667
11,3,0.030208333333333334
11,4,0.03125
11,5,0.027083333333333334
11,6,0.025
11,7,0.028125
11,8,0.026041666666666668
11,9,0.034375
11,10,0.03229166666666667
11,11,0.035416666666666666
11,12,0.028125
11,13,0.028125
11,14,0.028125
11,15,0.020833333333333332
11,16,0.036458333333333336
11,17,0.030208333333333334
11,18,0.029166666666666667
11,19,0.027083333333333334
11,20,0.026041666666666668
11,21,0.027083333333333334
11,22,0.030208333333333334
11,23,0.034375
11,24,0.026041666666666668
11,25,0.027083333333333334
11,26,0.025
11,27,0.030208333333333334
11,28,0.028125
11,29,0.03125
11,30,0.03125
11,31,0.034375
11,32,0.03229166666666667
11,33,0.03229166666666667
11,34,0.03125
11,35,0.030208333333333334
11,36,0.030208333333333334
11,37,0.028125
11,38,0.029166666666666667
11,39,0.026041666666666668
11,40,0.03333333333333333
11,41,0.03229166666666667
11,42,0.03125
11,43,0.028125
11,44,0.03333333333333333
11,45,0.029166666666666667
11,46,0.028125
11,47,0.036458333333333336
11,48,0.03333333333333333
11,49,0.025
11,50,0.030208333333333334
11,51,0.027083333333333334
11,52,0.029166666666666667
11,53,0.030208333333333334
11,54,0.030208333333333334
11,55,0.028125
11,56,0.028125
11,57,0.026041666666666668
11,58,0.028125
11,59,0.027083333333333334
11,60,0.026041666666666668
11,61,0.03333333333333333
11,62,0.0375
11,63,0.030208333333333334
12,0,0.027083333333333334
12,1,0.027083333333333334
12,2,0.03229166666666667
12,3,0.03125
12,4,0.027083333333333334
12,5,0.036458333333333336
12,6,0.028125
12,7,0.023958333333333335
12,8,0.027083333333333334
12,9,0.026041666666666668
12,10,0.028125
12,11,0.029166666666666667
12,12,0.030208333333333334
12,13,0.034375
12,14,0.030208333333333334
12,15,0.026041666666666668
12,16,0.029166666666666667
12,17,0.026041666666666668
12,18,0.034375
12,19,0.028125
12,20,0.03229166666666667
12,21,0.028125
12,22,0.026041666666666668
12,23,0.026041666666666668
12,24,0.03958333333333333
12,25,0.028125
12,26,0.03125
12,27,0.028125
12,28,0.03125
12,29,0.029166666666666667
12,30,0.025
12,31,0.028125
12,32,0.03229166666666667
12,33,0.026041666666666668
12,34,0.03125
12,35,0.034375
12,36,0.026041666666666668
12,37,0.029166666666666667
12,38,0.03125
12,39,0.03125
12,40,0.03229166666666667
12,41,0.03229166666666667
12,42,0.03125
12,43,0.028125
12,44,0.03333333333333333
12,45,0.03229166666666667
12,46,0.030208333333333334
12,47,0.03229166666666667
12,48,0.03333333333333333
12,49,0.029166666666666667
12,50,0.029166666666666667
12,51,0.026041666666666668
12,52,0.030208333333333334
12,53,0.030208333333333334
12,54,0.03125
12,55,0.026041666666666668
12,56,0.03125
12,57,0.03229166666666667
12,58,0.03229166666666667
12,59,0.028125
12,60,0.03333333333333333
12,61,0.034375
12,62,0.029166666666666667
12,63,0.03229166666666667
13,0,0.027083333333333334
13,1,0.029166666666666667
13,2,0.027083333333333334
13,3,0.027083333333333334
13,4,0.023958333333333335
13,5,0.030208333333333334
13,6,0.028125
13,7,0.028125
13,8,0.028125
13,9,0.025
13,10,0.028125
13,11,0.03229166666666667
13,12,0.034375
13,13,0.028125
13,14,0.03229166666666667
13,15,0.025
13,16,0.030208333333333334
13,17,0.034375
13,18,0.03333333333333333
13,19,0.03125
13,20,0.029166666666666667
13,21,0.027083333333333334
13,22,0.03229166666666667
13,23,0.029166666666666667
13,24,0.025
13,25,0.025
13,26,0.026041666666666668
13,27,0.03125
13,28,0.03229166666666667
13,29,0.029166666666666667
13,30,0.034375
13,31,0.025
13,32,0.030208333333333334
13,33,0.03333333333333333
13,34,0.026041666666666668
13,35,0.028125
13,36,0.030208333333333334
13,37,0.03229166666666667
13,38,0.03333333333333333
13,39,0.023958333333333335
13,40,0.023958333333333335
13,41,0.029166666666666667
13,42,0.029166666666666667
13,43,0.028125
13,44,0.028125
13,45,0.030208333333333334
13,46,0.028125
13,47,0.028125
13,48,0.03229166666666667
13,49,0.028125
13,50,0.025
13,51,0.030208333333333334
13,52,0.028125
13,53,0.029166666666666667
13,54,0.030208333333333334
13,55,0.03229166666666667
13,56,0.030208333333333334
13,57,0.034375
13,58,0.029166666666666667
13,59,0.027083333333333334
13,60,0.03229166666666667
13,61,0.029166666666666667
13,62,0.030208333333333334
13,63,0.030208333333333334
14,0,0.029166666666666667
14,1,0.03333333333333333
14,2,0.034375
14,3,0.03125
14,4,0.030208333333333334
14,5,0.03125
14,6,0.03229166666666667
14,7,0.023958333333333335
14,8,0.026041666666666668
14,9,0.022916666666666665
14,10,0.0375
14,11,0.03229166666666667
14,12,0.03229166666666667
14,13,0.03229166666666667
14,14,0.030208333333333334
14,15,0.028125
14,16,0.027083333333333334
14,17,0.026041666666666668
14,18,0.028125
14,19,0.03333333333333333
14,20,0.026041666666666668
14,21,0.026041666666666668
14,22,0.026041666666666668
14,23,0.028125
14,24,0.026041666666666668
14,25,0.03125
14,26,0.027083333333333334
14,27,0.03229166666666667
14,28,0.028125
14,29,0.03333333333333333
14,30,0.028125
14,31,0.030208333333333334
14,32,0.03125
14,33,0.03125
14,34,0.03125
14,35,0.03125
14,36,0.020833333333333332
14,37,0.030208333333333334
14,38,0.03229166666666667
14,39,0.029166666666666667
14,40,0.028125
14,41,0.028125
14,42,0.028125
14,43,0.03333333333333333
14,44,0.035416666666666666
14,45,0.027083333333333334
14,46,0.036458333333333336
14,47,0.026041666666666668
14,48,0.028125
14,49,0.030208333333333334
14,50,0.029166666666666667
14,51,0.029166666666666667
14,52,0.028125
14,53,0.03125
14,54,0.03125
14,55,0.029166666666666667
14,56,0.028125
14,57,0.03125
14,58,0.030208333333333334
14,59,0.027083333333333334
14,60,0.034375
14,61,0.026041666666666668
14,62,0.027083333333333334
14,63,0.027083333333333334
15,0,0.029166666666666667
15,1,0.035416666666666666
15,2,0.029166666666666667
15,3,0.027083333333333334
15,4,0.027083333333333334
15,5,0.03333333333333333
15,6,0.029166666666666667
15,7,0.030208333333333334
15,8,0.030208333333333334
15,9,0.030208333333333334
15,10,0.030208333333333334
15,11,0.030208333333333334
15,12,0.027083333333333334
15,13,0.03125
15,14,0.029166666666666667
15,15,0.03229166666666667
15,16,0.03333333333333333
15,17,0.026041666666666668
15,18,0.022916666666666665
15,19,0.027083333333333334
15,20,0.029166666666666667
15,21,0.028125
15,22,0.022916666666666665
15,23,0.028125
15,24,0.027083333333333334
15,25,0.028125
15,26,0.027083333333333334
15,27,0.03125
15,28,0.027083333333333334
15,29,0.025
15,30,0.027083333333333334
15,31,0.029166666666666667
15,32,0.029166666666666667
15,33,0.028125
15,34,0.029166666666666667
15,35,0.03229166666666667
15,36,0.03229166666666667
15,37,0.034375
15,38,0.029166666666666667
15,39,0.03125
15,40,0.029166666666666667
15,41,0.03229166666666667
15,42,0.03125
15,43,0.03229166666666667
15,44,0.028125
15,45,0.026041666666666668
15,46,0.030208333333333334
15,47,0.026041666666666668
15,48,0.027083333333333334
15,49,0.030208333333333334
15,50,0.03333333333333333
15,51,0.030208333333333334
15,52,0.030208333333333334
15,53,0.03229166666666667
15,54,0.03333333333333333
15,55,0.030208333333333334
15,56,0.026041666666666668
15,57,0.030208333333333334
15,58,0.028125
15,59,0.030208333333333334
15,60,0.03229166666666667
15,61,0.03333333333333333
15,62,0.03229166666666667
15,63,0.029166666666666667
16,0,0.030208333333333334
16,1,0.03125
16,2,0.035416666666666666
16,3,0.028125
16,4,0.030208333333333334
16,5,0.030208333333333334
16,6,0.03125
16,7,0.027083333333333334
16,8,0.020833333333333332
16,9,0.028125
16,10,0.030208333333333334
16,11,0.03333333333333333
16,12,0.03229166666666667
16,13,0.026041666666666668
16,14,0.028125
16,15,0.025
16,16,0.03125
16,17,0.028125
16,18,0.028125
16,19,0.03229166666666667
16,20,0.025
16,21,0.03229166666666667
16,22,0.03125
16,23,0.03125
16,24,0.03125
16,25,0.030208333333333334
16,26,0.027083333333333334
16,27,0.028125
16,28,0.03125
16,29,0.028125
16,30,0.025
16,31,0.03333333333333333
16,32,0.03229166666666667
16,33,0.034375
16,34,0.027083333333333334
16,35,0.034375
16,36,0.023958333333333335
16,37,0.029166666666666667
16,38,0.03333333333333333
16,39,0.030208333333333334
16,40,0.028125
16,41,0.027083333333333334
16,42,0.028125
16,43,0.029166666666666667
16,44,0.03125
16,45,0.03229166666666667
16,46,0.028125
16,47,0.035416666666666666
16,48,0.03333333333333333
16,49,0.035416666666666666
16,50,0.027083333333333334
16,51,0.034375
16,52,0.030208333333333334
16,53,0.028125
16,54,0.030208333333333334
16,55,0.029166666666666667
16,56,0.03125
16,57,0.03125
16,58,0.025
16,59,0.03229166666666667
16,60,0.03229166666666667
16,61,0.027083333333333334
16,62,0.027083333333333334
16,63,0.03125
17,0,0.03125
17,1,0.029166666666666667
17,2,0.03333333333333333
17,3,0.026041666666666668
17,4,0.03333333333333333
17,5,0.03333333333333333
17,6,0.025
17,7,0.03125
17,8,0.03333333333333333
17,9,0.029166666666666667
17,10,0.034375
17,11,0.03333333333333333
17,12,0.035416666666666666
17,13,0.026041666666666668
17,14,0.027083333333333334
17,15,0.034375
17,16,0.027083333333333334
17,17,0.03333333333333333
17,18,0.029166666666666667
17,19,0.03229166666666667
17,20,0.022916666666666665
17,21,0.03125
17,22,0.03333333333333333
17,23,0.029166666666666667
17,24,0.026041666666666668
17,25,0.03125
17,26,0.028125
17,27,0.029166666666666667
17,28,0.029166666666666667
17,29,0.029166666666666667
17,30,0.029166666666666667
17,31,0.020833333333333332
17,32,0.03229166666666667
17,33,0.028125
17,34,0.030208333333333334
17,35,0.027083333333333334
17,36,0.029166666666666667
17,37,0.029166666666666667
17,38,0.03229166666666667
17,39,0.027083333333333334
17,40,0.03333333333333333
17,41,0.028125
17,42,0.03229166666666667
17,43,0.029166666666666667
17,44,0.029166666666666667
17,45,0.026041666666666668
17,46,0.034375
17,47,0.029166666666666667
17,48,0.029166666666666667
17,49,0.026041666666666668
17,50,0.034375
17,51,0.028125
17,52,0.028125
17,53,0.027083333333333334
17,54,0.03229166666666667
17,55,0.028125
17,56,0.030208333333333334
17,57,0.029166666666666667
17,58,0.03333333333333333
17,59,0.03125
17,60,0.030208333333333334
17,61,0.030208333333333334
17,62,0.030208333333333334
17,63,0.03229166666666667
18,0,0.025
18,1,0.030208333333333334
18,2,0.029166666666666667
18,3,0.03229166666666667
18,4,0.053125
18,5,0.0375
18,6,0.022916666666666665
18,7,0.035416666666666666
18,8,0.03125
18,9,0.035416666666666666
18,10,0.030208333333333334
18,11,0.025
18,12,0.034375
18,13,0.03229166666666667
18,14,0.03125
18,15,0.03229166666666667
18,16,0.03125
18,17,0.023958333333333335
18,18,0.028125
18,19,0.030208333333333334
18,20,0.023958333333333335
18,21,0.03333333333333333
18,22,0.0375
18,23,0.022916666666666665
18,24,0.029166666666666667
18,25,0.030208333333333334
18,26,0.027083333333333334
18,27,0.030208333333333334
18,28,0.028125
18,29,0.03229166666666667
18,30,0.026041666666666668
18,31,0.028125
18,32,0.028125
18,33,0.030208333333333334
18,34,0.027083333333333334
18,35,0.029166666666666667
18,36,0.03333333333333333
18,37,0.029166666666666667
18,38,0.023958333333333335
18,39,0.03125
18,40,0.03125
18,41,0.03125
18,42,0.034375
18,43,0.029166666666666667
18,44,0.028125
18,45,0.030208333333333334
18,46,0.028125
18,47,0.028125
18,48,0.029166666666666667
18,49,0.030208333333333334
18,50,0.026041666666666668
18,51,0.030208333333333334
18,52,0.03229166666666667
18,53,0.026041666666666668
18,54,0.029166666666666667
18,55,0.03229166666666667
18,56,0.029166666666666667
18,57,0.029166666666666667
18,58,0.03333333333333333
18,59,0.036458333333333336
18,60,0.028125
18,61,0.03229166666666667
18,62,0.030208333333333334
18,63,0.028125
19,0,0.019791666666666666
19,1,0.026041666666666668
19,2,0.036458333333333336
19,3,0.03229166666666667
19,4,0.03229166666666667
19,5,0.030208333333333334
19,6,0.03125
19,7,0.026041666666666668
19,8,0.028125
19,9,0.030208333333333334
19,10,0.029166666666666667
19,11,0.028125
19,12,0.025
19,13,0.028125
19,14,0.028125
19,15,0.028125
19,16,0.025
19,17,0.03229166666666667
19,18,0.03125
19,19,0.029166666666666667
19,20,0.020833333333333332
19,21,0.03333333333333333
19,22,0.03229166666666667
19,23,0.034375
19,24,0.029166666666666667
19,25,0.034375
19,26,0.028125
19,27,0.026041666666666668
19,28,0.029166666666666667
19,29,0.030208333333333334
19,30,0.028125
19,31,0.027083333333333334
19,32,0.022916666666666665
19,33,0.030208333333333334
19,34,0.023958333333333335
19,35,0.022916666666666665
19,36,0.036458333333333336
19,37,0.030208333333333334
19,38,0.034375
19,39,0.03125
19,40,0.029166666666666667
19,41,0.03125
19,42,0.026041666666666668
19,43,0.030208333333333334
19,44,0.035416666666666666
19,45,0.029166666666666667
19,46,0.030208333333333334
19,47,0.03125
19,48,0.029166666666666667
19,49,0.034375
19,50,0.036458333333333336
19,51,0.03125
19,52,0.022916666666666665
19,53,0.026041666666666668
19,54,0.025
19,55,0.030208333333333334
19,56,0.03125
19,57,0.03125
19,58,0.03125
19,59,0.03125
19,60,0.03229166666666667
19,61,0.027083333333333334
19,62,0.028125
19,63,0.034375
20,0,0.03125
20,1,0.027083333333333334
20,2,0.03125
20,3,0.025
20,4,0.030208333333333334
20,5,0.025
20,6,0.023958333333333335
20,7,0.03125
20,8,0.028125
20,9,0.03333333333333333
20,10,0.028125
20,11,0.03333333333333333
20,12,0.03333333333333333
20,13,0.03125
20,14,0.03125
20,15,0.030208333333333334
20,16,0.03125
20,17,0.03125
20,18,0.026041666666666668
20,19,0.034375
20,20,0.030208333333333334
20,21,0.029166666666666667
20,22,0.03229166666666667
20,23,0.025
20,24,0.03125
20,25,0.028125
20,26,0.021875
20,27,0.03125
20,28,0.025
20,29,0.03229166666666667
20,30,0.026041666666666668
20,31,0.030208333333333334
20,32,0.028125
20,33,0.026041666666666668
20,34,0.026041666666666668
20,35,0.025
20,36,0.027083333333333334
20,37,0.034375
20,38,0.027083333333333334
20,39,0.034375
20,40,0.026041666666666668
20,41,0.028125
20,42,0.027083333333333334
20,43,0.028125
20,44,0.027083333333333334
20,45,0.025
20,46,0.028125
20,47,0.021875
20,48,0.03125
20,49,0.030208333333333334
20,50,0.027083333333333334
20,51,0.030208333333333334
20,52,0.029166666666666667
20,53,0.040625
20,54,0.025
20,55,0.027083333333333334
20,56,0.03125
20,57,0.029166666666666667
20,58,0.029166666666666667
20,59,0.029166666666666667
20,60,0.026041666666666668
20,61,0.023958333333333335
20,62,0.0375
20,63,0.029166666666666667
21,0,0.028125
21,1,0.0375
21,2,0.028125
21,3,0.028125
21,4,0.030208333333333334
21,5,0.030208333333333334
21,6,0.027083333333333334
21,7,0.03333333333333333
21,8,0.030208333333333334
21,9,0.03125
21,10,0.034375
21,11,0.03125
21,12,0.026041666666666668
21,13,0.029166666666666667
21,14,0.026041666666666668
21,15,0.03229166666666667
21,16,0.029166666666666667
21,17,0.023958333333333335
21,18,0.035416666666666666
21,19,0.03229166666666667
21,20,0.029166666666666667
21,21,0.03125
21,22,0.028125
21,23,0.034375
21,24,0.035416666666666666
21,25,0.029166666666666667
21,26,0.028125
21,27,0.026041666666666668
21,28,0.025
21,29,0.025
21,30,0.034375
21,31,0.03333333333333333
21,32,0.041666666666666664
21,33,0.042708333333333334
21,34,0.034375
21,35,0.027083333333333334
21,36,0.030208333333333334
21,37,0.03125
21,38,0.027083333333333334
21,39,0.027083333333333334
21,40,0.03333333333333333
21,41,0.028125
21,42,0.028125
21,43,0.025
21,44,0.028125
21,45,0.035416666666666666
21,46,0.03958333333333333
21,47,0.028125
21,48,0.03125
21,49,0.025
21,50,0.0375
21,51,0.029166666666666667
21,52,0.022916666666666665
21,53,0.028125
21,54,0.028125
21,55,0.029166666666666667
21,56,0.03333333333333333
21,57,0.030208333333333334
21,58,0.030208333333333334
21,59,0.030208333333333334
21,60,0.035416666666666666
21,61,0.029166666666666667
21,62,0.029166666666666667
21,63,0.030208333333333334
22,0,0.029166666666666667
22,1,0.029166666666666667
22,2,0.03229166666666667
22,3,0.030208333333333334
22,4,0.03229166666666667
22,5,0.026041666666666668
22,6,0.030208333333333334
22,7,0.030208333333333334
22,8,0.03125
22,9,0.03229166666666667
22,10,0.035416666666666666
22,11,0.03958333333333333
22,12,0.027083333333333334
22,13,0.028125
22,14,0.03229166666666667
22,15,0.029166666666666667
22,16,0.03229166666666667
22,17,0.030208333333333334
22,18,0.028125
22,19,0.025
22,20,0.027083333333333334
22,21,0.027083333333333334
22,22,0.03125
22,23,0.030208333333333334
22,24,0.027083333333333334
22,25,0.03125
22,26,0.030208333333333334
22,27,0.029166666666666667
22,28,0.030208333333333334
22,29,0.03229166666666667
22,30,0.030208333333333334
22,31,0.028125
22,32,0.036458333333333336
22,33,0.027083333333333334
22,34,0.0375
22,35,0.025
22,36,0.025
22,37,0.025
22,38,0.034375
22,39,0.030208333333333334
22,40,0.030208333333333334
22,41,0.028125
22,42,0.030208333333333334
22,43,0.03125
22,44,0.030208333333333334
22,45,0.030208333333333334
22,46,0.029166666666666667
22,47,0.028125
22,48,0.030208333333333334
22,49,0.03333333333333333
22,50,0.025
22,51,0.030208333333333334
22,52,0.030208333333333334
22,53,0.029166666666666667
22,54,0.03125
22,55,0.028125
22,56,0.027083333333333334
22,57,0.029166666666666667
22,58,0.03229166666666667
22,59,0.03333333333333333
22,60,0.026041666666666668
22,61,0.030208333333333334
22,62,0.025
22,63,0.03229166666666667
23,0,0.029166666666666667
23,1,0.029166666666666667
23,2,0.027083333333333334
23,3,0.03125
23,4,0.028125
23,5,0.030208333333333334
23,6,0.029166666666666667
23,7,0.030208333333333334
23,8,0.023958333333333335
23,9,0.03958333333333333
23,10,0.036458333333333336
23,11,0.028125
23,12,0.03125
23,13,0.029166666666666667
23,14,0.0375
23,15,0.034375
23,16,0.023958333333333335
23,17,0.03958333333333333
23,18,0.03333333333333333
23,19,0.028125
23,20,0.035416666666666666
23,21,0.03125
23,22,0.03333333333333333
23,23,0.028125
23,24,0.026041666666666668
23,25,0.026041666666666668
23,26,0.026041666666666668
23,27,0.029166666666666667
23,28,0.022916666666666665
23,29,0.027083333333333334
23,30,0.03229166666666667
23,31,0.026041666666666668
23,32,0.030208333333333334
23,33,0.03125
23,34,0.035416666666666666
23,35,0.03333333333333333
23,36,0.028125
23,37,0.03333333333333333
23,38,0.034375
23,39,0.03333333333333333
23,40,0.025
23,41,0.03854166666666667
23,42,0.027083333333333334
23,43,0.027083333333333334
23,44,0.03229166666666667
23,45,0.03958333333333333
23,46,0.0375
23,47,0.028125
23,48,0.030208333333333334
23,49,0.030208333333333334
23,50,0.03125
23,51,0.023958333333333335
23,52,0.026041666666666668
23,53,0.03125
23,54,0.027083333333333334
23,55,0.029166666666666667
23,56,0.03125
23,57,0.028125
23,58,0.03125
23,59,0.030208333333333334
23,60,0.029166666666666667
23,61,0.029166666666666667
23,62,0.023958333333333335
23,63,0.028125
24,0,0.04375
24,1,0.028125
24,2,0.028125
24,3,0.03125
24,4,0.030208333333333334
24,5,0.025
24,6,0.028125
24,7,0.027083333333333334
24,8,0.028125
24,9,0.028125
24,10,0.029166666666666667
24,11,0.036458333333333336
24,12,0.030208333333333334
24,13,0.035416666666666666
24,14,0.027083333333333334
24,15,0.03125
24,16,0.028125
24,17,0.027083333333333334
24,18,0.028125
24,19,0.023958333333333335
24,20,0.028125
24,21,0.029166666666666667
24,22,0.030208333333333334
24,23,0.03125
24,24,0.025
24,25,0.030208333333333334
24,26,0.030208333333333334
24,27,0.03229166666666667
24,28,0.029166666666666667
24,29,0.028125
24,30,0.028125
24,31,0.03125
24,32,0.030208333333333334
24,33,0.034375
24,34,0.022916666666666665
24,35,0.025
24,36,0.03333333333333333
24,37,0.034375
24,38,0.03229166666666667
24,39,0.021875
24,40,0.029166666666666667
24,41,0.029166666666666667
24,42,0.03229166666666667
24,43,0.03125
24,44,0.027083333333333334
24,45,0.03125
24,46,0.030208333333333334
24,47,0.023958333333333335
24,48,0.030208333333333334
24,49,0.034375
24,50,0.022916666666666665
24,51,0.03125
24,52,0.03125
24,53,0.027083333333333334
24,54,0.0375
24,55,0.027083333333333334
24,56,0.029166666666666667
24,57,0.030208333333333334
24,58,0.021875
24,59,0.030208333333333334
24,60,0.027083333333333334
24,61,0.027083333333333334
24,62,0.0375
24,63,0.026041666666666668
25,0,0.030208333333333334
25,1,0.028125
25,2,0.03125
25,3,0.036458333333333336
25,4,0.026041666666666668
25,5,0.026041666666666668
25,6,0.023958333333333335
25,7,0.03229166666666667
25,8,0.030208333333333334
25,9,0.03333333333333333
25,10,0.03229166666666667
25,11,0.041666666666666664
25,12,0.030208333333333334
25,13,0.023958333333333335
25,14,0.035416666666666666
25,15,0.03333333333333333
25,16,0.030208333333333334
25,17,0.026041666666666668
25,18,0.027083333333333334
25,19,0.022916666666666665
25,20,0.029166666666666667
25,21,0.025
25,22,0.026041666666666668
25,23,0.03125
25,24,0.026041666666666668
25,25,0.03229166666666667
25,26,0.029166666666666667
25,27,0.03229166666666667
25,28,0.03125
25,29,0.026041666666666668
25,30,0.034375
25,31,0.028125
25,32,0.030208333333333334
25,33,0.041666666666666664
25,34,0.027083333333333334
25,35,0.025
25,36,0.03333333333333333
25,37,0.034375
25,38,0.03333333333333333
25,39,0.027083333333333334
25,40,0.026041666666666668
25,41,0.03229166666666667
25,42,0.028125
25,43,0.035416666666666666
25,44,0.03125
25,45,0.027083333333333334
25,46,0.029166666666666667
25,47,0.03125
25,48,0.029166666666666667
25,49,0.03333333333333333
25,50,0.030208333333333334
25,51,0.03125
25,52,0.030208333333333334
25,53,0.027083333333333334
25,54,0.028125
25,55,0.030208333333333334
25,56,0.025
25,57,0.030208333333333334
25,58,0.029166666666666667
25,59,0.036458333333333336
25,60,0.034375
25,61,0.030208333333333334
25,62,0.042708333333333334
25,63,0.03125
26,0,0.030208333333333334
26,1,0.030208333333333334
26,2,0.025
26,3,0.030208333333333334
26,4,0.027083333333333334
26,5,0.023958333333333335
26,6,0.028125
26,7,0.029166666666666667
26,8,0.026041666666666668
26,9,0.028125
26,10,0.026041666666666668
26,11,0.030208333333333334
26,12,0.03333333333333333
26,13,0.025
26,14,0.029166666666666667
26,15,0.029166666666666667
26,16,0.023958333333333335
26,17,0.027083333333333334
26,18,0.030208333333333334
26,19,0.03229166666666667
26,20,0.03125
26,21,0.026041666666666668
26,22,0.023958333333333335
26,23,0.025
26,24,0.046875
26,25,0.030208333333333334
26,26,0.029166666666666667
26,27,0.036458333333333336
26,28,0.05520833333333333
26,29,0.042708333333333334
26,30,0.028125
26,31,0.036458333333333336
26,32,0.027083333333333334
26,33,0.03229166666666667
26,34,0.027083333333333334
26,35,0.026041666666666668
26,36,0.025
26,37,0.03229166666666667
26,38,0.025
26,39,0.042708333333333334
26,40,0.026041666666666668
26,41,0.036458333333333336
26,42,0.03125
26,43,0.029166666666666667
26,44,0.028125
26,45,0.029166666666666667
26,46,0.026041666666666668
26,47,0.029166666666666667
26,48,0.026041666666666668
26,49,0.028125
26,50,0.0375
26,51,0.025
26,52,0.030208333333333334
26,53,0.021875
26,54,0.020833333333333332
26,55,0.025
26,56,0.03229166666666667
26,57,0.029166666666666667
26,58,0.028125
26,59,0.029166666666666667
26,60,0.03125
26,61,0.030208333333333334
26,62,0.026041666666666668
26,63,0.026041666666666668
27,0,0.029166666666666667
27,1,0.030208333333333334
27,2,0.028125
27,3,0.026041666666666668
27,4,0.03229166666666667
27,5,0.03333333333333333
27,6,0.025
27,7,0.029166666666666667
27,8,0.025
27,9,0.027083333333333334
27,10,0.034375
27,11,0.029166666666666667
27,12,0.029166666666666667
27,13,0.03125
27,14,0.026041666666666668
27,15,0.025
27,16,0.03125
27,17,0.04895833333333333
27,18,0.03854166666666667
27,19,0.026041666666666668
27,20,0.03125
27,21,0.023958333333333335
27,22,0.027083333333333334
27,23,0.034375
27,24,0.026041666666666668
27,25,0.03333333333333333
27,26,0.03333333333333333
27,27,0.027083333333333334
27,28,0.025
27,29,0.03333333333333333
27,30,0.035416666666666666
27,31,0.029166666666666667
27,32,0.034375
27,33,0.030208333333333334
27,34,0.0375
27,35,0.05
27,36,0.021875
27,37,0.03229166666666667
27,38,0.026041666666666668
27,39,0.03125
27,40,0.03125
27,41,0.030208333333333334
27,42,0.030208333333333334
27,43,0.029166666666666667
27,44,0.03125
27,45,0.030208333333333334
27,46,0.030208333333333334
27,47,0.03229166666666667
27,48,0.025
27,49,0.026041666666666668
27,50,0.030208333333333334
27,51,0.028125
27,52,0.028125
27,53,0.029166666666666667
27,54,0.027083333333333334
27,55,0.03333333333333333
27,56,0.03229166666666667
27,57,0.034375
27,58,0.028125
27,59,0.025
27,60,0.03125
27,61,0.03229166666666667
27,62,0.0375
27,63,0.03333333333333333
28,0,0.03854166666666667
28,1,0.03125
28,2,0.03854166666666667
28,3,0.0375
28,4,0.028125
28,5,0.025
28,6,0.027083333333333334
28,7,0.028125
28,8,0.041666666666666664
28,9,0.036458333333333336
28,10,0.029166666666666667
28,11,0.0375
28,12,0.03229166666666667
28,13,0.036458333333333336
28,14,0.0375
28,15,0.028125
28,16,0.03958333333333333
28,17,0.026041666666666668
28,18,0.026041666666666668
28,19,0.041666666666666664
28,20,0.03125
28,21,0.029166666666666667
28,22,0.028125
28,23,0.03333333333333333
28,24,0.029166666666666667
28,25,0.029166666666666667
28,26,0.030208333333333334
28,27,0.030208333333333334
28,28,0.029166666666666667
28,29,0.026041666666666668
28,30,0.028125
28,31,0.030208333333333334
28,32,0.03333333333333333
28,33,0.030208333333333334
28,34,0.029166666666666667
28,35,0.027083333333333334
28,36,0.029166666666666667
28,37,0.030208333333333334
28,38,0.03125
28,39,0.025
28,40,0.029166666666666667
28,41,0.0375
28,42,0.028125
28,43,0.029166666666666667
28,44,0.03125
28,45,0.026041666666666668
28,46,0.03333333333333333
28,47,0.026041666666666668
28,48,0.030208333333333334
28,49,0.03125
28,50,0.030208333333333334
28,51,0.028125
28,52,0.030208333333333334
28,53,0.03229166666666667
28,54,0.03333333333333333
28,55,0.035416666666666666
28,56,0.029166666666666667
28,57,0.03229166666666667
28,58,0.03125
28,59,0.028125
28,60,0.028125
28,61,0.026041666666666668
28,62,0.028125
28,63,0.029166666666666667
29,0,0.025
29,1,0.03125
29,2,0.030208333333333334
29,3,0.030208333333333334
29,4,0.029166666666666667
29,5,0.030208333333333334
29,6,0.03333333333333333
29,7,0.027083333333333334
29,8,0.030208333333333334
29,9,0.06041666666666667
29,10,0.028125
29,11,0.036458333333333336
29,12,0.03958333333333333
29,13,0.059375
29,14,0.027083333333333334
29,15,0.0375
29,16,0.029166666666666667
29,17,0.027083333333333334
29,18,0.027083333333333334
29,19,0.025
29,20,0.030208333333333334
29,21,0.023958333333333335
29,22,0.028125
29,23,0.03125
29,24,0.034375
29,25,0.03958333333333333
29,26,0.030208333333333334
29,27,0.029166666666666667
29,28,0.028125
29,29,0.041666666666666664
29,30,0.03125
29,31,0.03333333333333333
29,32,0.023958333333333335
29,33,0.025
29,34,0.030208333333333334
29,35,0.027083333333333334
29,36,0.029166666666666667
29,37,0.026041666666666668
29,38,0.026041666666666668
29,39,0.030208333333333334
29,40,0.030208333333333334
29,41,0.03229166666666667
29,42,0.025
29,43,0.025
29,44,0.029166666666666667
29,45,0.026041666666666668
29,46,0.03333333333333333
29,47,0.030208333333333334
29,48,0.053125
29,49,0.026041666666666668
29,50,0.025
29,51,0.021875
29,52,0.03333333333333333
29,53,0.026041666666666668
29,54,0.022916666666666665
29,55,0.03333333333333333
29,56,0.022916666666666665
29,57,0.03333333333333333
29,58,0.022916666666666665
29,59,0.030208333333333334
29,60,0.022916666666666665
29,61,0.026041666666666668
29,62,0.03958333333333333
29,63,0.034375
30,0,0.03958333333333333
30,1,0.034375
30,2,0.034375
30,3,0.03125
30,4,0.027083333333333334
30,5,0.025
30,6,0.03229166666666667
30,7,0.030208333333333334
30,8,0.019791666666666666
30,9,0.023958333333333335
30,10,0.028125
30,11,0.029166666666666667
30,12,0.025
30,13,0.027083333333333334
30,14,0.026041666666666668
30,15,0.030208333333333334
30,16,0.029166666666666667
30,17,0.023958333333333335
30,18,0.026041666666666668
30,19,0.027083333333333334
30,20,0.03125
30,21,0.0375
30,22,0.03333333333333333
30,23,0.030208333333333334
30,24,0.03125
30,25,0.036458333333333336
30,26,0.041666666666666664
30,27,0.03125
30,28,0.026041666666666668
30,29,0.020833333333333332
30,30,0.046875
30,31,0.029166666666666667
30,32,0.019791666666666666
30,33,0.020833333333333332
30,34,0.026041666666666668
30,35,0.029166666666666667
30,36,0.022916666666666665
30,37,0.03125
30,38,0.03125
30,39,0.034375
30,40,0.028125
30,41,0.03333333333333333
30,42,0.030208333333333334
30,43,0.028125
30,44,0.030208333333333334
30,45,0.029166666666666667
30,46,0.023958333333333335
30,47,0.03958333333333333
30,48,0.029166666666666667
30,49,0.023958333333333335
30,50,0.03958333333333333
30,51,0.023958333333333335
30,52,0.03854166666666667
30,53,0.04479166666666667
30,54,0.03125
30,55,0.03958333333333333
30,56,0.029166666666666667
30,57,0.041666666666666664
30,58,0.04479166666666667
30,59,0.03958333333333333
30,60,0.030208333333333334
30,61,0.04479166666666667
30,62,0.10104166666666667
30,63,0.035416666666666666
31,0,0.025
31,1,0.052083333333333336
31,2,0.03125
31,3,0.025
31,4,0.022916666666666665
31,5,0.03333333333333333
31,6,0.021875
31,7,0.051041666666666666
31,8,0.034375
31,9,0.035416666666666666
31,10,0.035416666666666666
31,11,0.03125
31,12,0.029166666666666667
31,13,0.028125
31,14,0.030208333333333334
31,15,0.030208333333333334
31,16,0.027083333333333334
31,17,0.03125
31,18,0.030208333333333334
31,19,0.028125
31,20,0.022916666666666665
31,21,0.03333333333333333
31,22,0.036458333333333336
31,23,0.03125
31,24,0.023958333333333335
31,25,0.025
31,26,0.030208333333333334
31,27,0.029166666666666667
31,28,0.036458333333333336
31,29,0.034375
31,30,0.03229166666666667
31,31,0.04375
31,32,0.04791666666666667
31,33,0.030208333333333334
31,34,0.04895833333333333
31,35,0.041666666666666664
31,36,0.04895833333333333
31,37,0.052083333333333336
31,38,0.04895833333333333
31,39,0.0375
31,40,0.03333333333333333
31,41,0.026041666666666668
31,42,0.028125
31,43,0.04479166666666667
31,44,0.028125
31,45,0.04375
31,46,0.03333333333333333
31,47,0.042708333333333334
31,48,0.022916666666666665
31,49,0.04791666666666667
31,50,0.029166666666666667
31,51,0.036458333333333336
31,52,0.023958333333333335
31,53,0.028125
31,54,0.05
31,55,0.027083333333333334
31,56,0.028125
31,57,0.03333333333333333
31,58,0.021875
31,59,0.029166666666666667
31,60,0.030208333333333334
31,61,0.023958333333333335
31,62,0.030208333333333334
31,63,0.029166666666666667
32,0,0.051041666666666666
32,1,0.029166666666666667
32,2,0.041666666666666664
32,3,0.025
32,4,0.030208333333333334
32,5,0.026041666666666668
32,6,0.03229166666666667
32,7,0.03125
32,8,0.023958333333333335
32,9,0.020833333333333332
32,10,0.027083333333333334
32,11,0.026041666666666668
32,12,0.028125
32,13,0.027083333333333334
32,14,0.03333333333333333
32,15,0.029166666666666667
32,16,0.035416666666666666
32,17,0.025
32,18,0.03333333333333333
32,19,0.08541666666666667
32,20,0.028125
32,21,0.027083333333333334
32,22,0.021875
32,23,0.03958333333333333
32,24,0.03125
32,25,0.025
32,26,0.036458333333333336
32,27,0.03229166666666667
32,28,0.028125
32,29,0.029166666666666667
32,30,0.028125
32,31,0.029166666666666667
32,32,0.029166666666666667
32,33,0.023958333333333335
32,34,0.028125
32,35,0.03125
32,36,0.027083333333333334
32,37,0.027083333333333334
32,38,0.022916666666666665
32,39,0.028125
32,40,0.027083333333333334
32,41,0.035416666666666666
32,42,0.026041666666666668
32,43,0.029166666666666667
32,44,0.030208333333333334
32,45,0.03229166666666667
32,46,0.029166666666666667
32,47,0.03333333333333333
32,48,0.019791666666666666
32,49,0.028125
32,50,0.029166666666666667
32,51,0.026041666666666668
32,52,0.034375
32,53,0.053125
32,54,0.028125
32,55,0.03333333333333333
32,56,0.023958333333333335
32,57,0.028125
32,58,0.03229166666666667
32,59,0.034375
32,60,0.0375
32,61,0.028125
32,62,0.04375
32,63,0.03958333333333333
33,0,0.026041666666666668
33,1,0.029166666666666667
33,2,0.03125
33,3,0.034375
33,4,0.026041666666666668
33,5,0.030208333333333334
33,6,0.028125
33,7,0.028125
33,8,0.040625
33,9,0.03229166666666667
33,10,0.03333333333333333
33,11,0.030208333333333334
33,12,0.03125
33,13,0.04583333333333333
33,14,0.04583333333333333
33,15,0.04375
33,16,0.042708333333333334
33,17,0.03229166666666667
33,18,0.06354166666666666
33,19,0.03958333333333333
33,20,0.036458333333333336
33,21,0.0375
33,22,0.026041666666666668
33,23,0.065625
33,24,0.029166666666666667
33,25,0.030208333333333334
33,26,0.025
33,27,0.029166666666666667
33,28,0.030208333333333334
33,29,0.03958333333333333
33,30,0.03333333333333333
33,31,0.026041666666666668
33,32,0.029166666666666667
33,33,0.03125
33,34,0.03229166666666667
33,35,0.03125
33,36,0.023958333333333335
33,37,0.03229166666666667
33,38,0.027083333333333334
33,39,0.035416666666666666
33,40,0.03958333333333333
33,41,0.046875
33,42,0.046875
33,43,0.029166666666666667
33,44,0.058333333333333334
33,45,0.057291666666666664
33,46,0.03333333333333333
33,47,0.051041666666666666
33,48,0.03958333333333333
33,49,0.027083333333333334
33,50,0.03229166666666667
33,51,0.04791666666666667
33,52,0.026041666666666668
33,53,0.06354166666666666
33,54,0.057291666666666664
33,55,0.03229166666666667
33,56,0.029166666666666667
33,57,0.03125
33,58,0.034375
33,59,0.028125
33,60,0.028125
33,61,0.029166666666666667
33,62,0.027083333333333334
33,63,0.030208333333333334
34,0,0.04375
34,1,0.041666666666666664
34,2,0.040625
34,3,0.042708333333333334
34,4,0.07395833333333333
34,5,0.04583333333333333
34,6,0.052083333333333336
34,7,0.090625
34,8,0.030208333333333334
34,9,0.023958333333333335
34,10,0.029166666666666667
34,11,0.035416666666666666
34,12,0.05
34,13,0.026041666666666668
34,14,0.025
34,15,0.026041666666666668
34,16,0.030208333333333334
34,17,0.0375
34,18,0.026041666666666668
34,19,0.028125
34,20,0.029166666666666667
34,21,0.03229166666666667
34,22,0.027083333333333334
34,23,0.03854166666666667
34,24,0.06145833333333333
34,25,0.040625
34,26,0.04479166666666667
34,27,0.023958333333333335
34,28,0.023958333333333335
34,29,0.027083333333333334
34,30,0.028125
34,31,0.0625
34,32,0.023958333333333335
34,33,0.08958333333333333
34,34,0.03229166666666667
34,35,0.035416666666666666
34,36,0.07291666666666667
34,37,0.025
34,38,0.036458333333333336
34,39,0.021875
34,40,0.03125
34,41,0.041666666666666664
34,42,0.03125
34,43,0.103125
34,44,0.06979166666666667
34,45,0.030208333333333334
34,46,0.05520833333333333
34,47,0.042708333333333334
34,48,0.03854166666666667
34,49,0.029166666666666667
34,50,0.07291666666666667
34,51,0.028125
34,52,0.040625
34,53,0.029166666666666667
34,54,0.029166666666666667
34,55,0.04895833333333333
34,56,0.03125
34,57,0.028125
34,58,0.025
34,59,0.029166666666666667
34,60,0.027083333333333334
34,61,0.026041666666666668
34,62,0.036458333333333336
34,63,0.03854166666666667
35,0,0.026041666666666668
35,1,0.0375
35,2,0.030208333333333334
35,3,0.03333333333333333
35,4,0.026041666666666668
35,5,0.03854166666666667
35,6,0.03958333333333333
35,7,0.03229166666666667
35,8,0.028125
35,9,0.028125
35,10,0.023958333333333335
35,11,0.03125
35,12,0.03125
35,13,0.026041666666666668
35,14,0.036458333333333336
35,15,0.026041666666666668
35,16,0.0375
35,17,0.08333333333333333
35,18,0.190625
35,19,0.1375
35,20,0.08125
35,21,0.035416666666666666
35,22,0.027083333333333334
35,23,0.03333333333333333
35,24,0.046875
35,25,0.04791666666666667
35,26,0.029166666666666667
35,27,0.040625
35,28,0.03333333333333333
35,29,0.021875
35,30,0.026041666666666668
35,31,0.023958333333333335
35,32,0.026041666666666668
35,33,0.029166666666666667
35,34,0.03958333333333333
35,35,0.026041666666666668
35,36,0.027083333333333334
35,37,0.029166666666666667
35,38,0.026041666666666668
35,39,0.04375
35,40,0.190625
35,41,0.042708333333333334
35,42,0.075
35,43,0.19270833333333334
35,44,0.071875
35,45,0.10625
35,46,0.15104166666666666
35,47,0.027083333333333334
35,48,0.030208333333333334
35,49,0.03854166666666667
35,50,0.03333333333333333
35,51,0.027083333333333334
35,52,0.028125
35,53,0.021875
35,54,0.034375
35,55,0.029166666666666667
35,56,0.028125
35,57,0.027083333333333334
35,58,0.026041666666666668
35,59,0.030208333333333334
35,60,0.026041666666666668
35,61,0.03333333333333333
35,62,0.03229166666666667
35,63,0.034375
36,0,0.03229166666666667
36,1,0.03333333333333333
36,2,0.029166666666666667
36,3,0.03125
36,4,0.03854166666666667
36,5,0.041666666666666664
36,6,0.027083333333333334
36,7,0.027083333333333334
36,8,0.034375
36,9,0.025
36,10,0.026041666666666668
36,11,0.030208333333333334
36,12,0.028125
36,13,0.028125
36,14,0.030208333333333334
36,15,0.03125
36,16,0.035416666666666666
36,17,0.03125
36,18,0.03125
36,19,0.03125
36,20,0.025
36,21,0.04791666666666667
36,22,0.05416666666666667
36,23,0.028125
36,24,0.028125
36,25,0.021875
36,26,0.030208333333333334
36,27,0.025
36,28,0.026041666666666668
36,29,0.027083333333333334
36,30,0.029166666666666667
36,31,0.030208333333333334
36,32,0.028125
36,33,0.027083333333333334
36,34,0.03958333333333333
36,35,0.027083333333333334
36,36,0.029166666666666667
36,37,0.029166666666666667
36,38,0.036458333333333336
36,39,0.029166666666666667
36,40,0.0375
36,41,0.028125
36,42,0.029166666666666667
36,43,0.034375
36,44,0.03125
36,45,0.028125
36,46,0.028125
36,47,0.034375
36,48,0.026041666666666668
36,49,0.036458333333333336
36,50,0.03333333333333333
36,51,0.03125
36,52,0.03229166666666667
36,53,0.030208333333333334
36,54,0.030208333333333334
36,55,0.029166666666666667
36,56,0.027083333333333334
36,57,0.023958333333333335
36,58,0.03125
36,59,0.034375
36,60,0.030208333333333334
36,61,0.03125
36,62,0.030208333333333334
36,63,0.030208333333333334
37,0,0.03125
37,1,0.023958333333333335
37,2,0.04583333333333333
37,3,0.036458333333333336
37,4,0.0375
37,5,0.01875
37,6,0.05416666666666667
37,7,0.046875
37,8,0.030208333333333334
37,9,0.03333333333333333
37,10,0.025
37,11,0.030208333333333334
37,12,0.028125
37,13,0.03229166666666667
37,14,0.026041666666666668
37,15,0.029166666666666667
37,16,0.03125
37,17,0.028125
37,18,0.026041666666666668
37,19,0.034375
37,20,0.027083333333333334
37,21,0.028125
37,22,0.030208333333333334
37,23,0.028125
37,24,0.035416666666666666
37,25,0.035416666666666666
37,26,0.035416666666666666
37,27,0.020833333333333332
37,28,0.05
37,29,0.028125
37,30,0.046875
37,31,0.03229166666666667
37,32,0.03125
37,33,0.036458333333333336
37,34,0.030208333333333334
37,35,0.026041666666666668
37,36,0.022916666666666665
37,37,0.0375
37,38,0.034375
37,39,0.027083333333333334
37,40,0.029166666666666667
37,41,0.03229166666666667
37,42,0.03229166666666667
37,43,0.03125
37,44,0.022916666666666665
37,45,0.029166666666666667
37,46,0.035416666666666666
37,47,0.025
37,48,0.029166666666666667
37,49,0.028125
37,50,0.027083333333333334
37,51,0.03125
37,52,0.027083333333333334
37,53,0.027083333333333334
37,54,0.03125
37,55,0.028125
37,56,0.026041666666666668
37,57,0.03229166666666667
37,58,0.029166666666666667
37,59,0.028125
37,60,0.03125
37,61,0.028125
37,62,0.029166666666666667
37,63,0.029166666666666667
38,0,0.03125
38,1,0.030208333333333334
38,2,0.030208333333333334
38,3,0.027083333333333334
38,4,0.029166666666666667
38,5,0.030208333333333334
38,6,0.028125
38,7,0.027083333333333334
38,8,0.029166666666666667
38,9,0.027083333333333334
38,10,0.029166666666666667
38,11,0.025
38,12,0.029166666666666667
38,13,0.030208333333333334
38,14,0.029166666666666667
38,15,0.028125
38,16,0.041666666666666664
38,17,0.030208333333333334
38,18,0.057291666666666664
38,19,0.06875
38,20,0.042708333333333334
38,21,0.05520833333333333
38,22,0.06458333333333334
38,23,0.034375
38,24,0.034375
38,25,0.03854166666666667
38,26,0.030208333333333334
38,27,0.03125
38,28,0.034375
38,29,0.027083333333333334
38,30,0.034375
38,31,0.027083333333333334
38,32,0.030208333333333334
38,33,0.026041666666666668
38,34,0.022916666666666665
38,35,0.03229166666666667
38,36,0.029166666666666667
38,37,0.036458333333333336
38,38,0.026041666666666668
38,39,0.034375
38,40,0.028125
38,41,0.03229166666666667
38,42,0.028125
38,43,0.029166666666666667
38,44,0.027083333333333334
38,45,0.027083333333333334
38,46,0.03333333333333333
38,47,0.027083333333333334
38,48,0.036458333333333336
38,49,0.090625
38,50,0.05
38,51,0.03854166666666667
38,52,0.052083333333333336
38,53,0.027083333333333334
38,54,0.029166666666666667
38,55,0.051041666666666666
38,56,0.042708333333333334
38,57,0.027083333333333334
38,58,0.03229166666666667
38,59,0.03125
38,60,0.028125
38,61,0.03229166666666667
38,62,0.041666666666666664
38,63,0.022916666666666665
39,0,0.036458333333333336
39,1,0.028125
39,2,0.03333333333333333
39,3,0.028125
39,4,0.030208333333333334
39,5,0.022916666666666665
39,6,0.027083333333333334
39,7,0.027083333333333334
39,8,0.030208333333333334
39,9,0.028125
39,10,0.03229166666666667
39,11,0.029166666666666667
39,12,0.030208333333333334
39,13,0.034375
39,14,0.0375
39,15,0.028125
39,16,0.029166666666666667
39,17,0.026041666666666668
39,18,0.029166666666666667
39,19,0.03229166666666667
39,20,0.028125
39,21,0.029166666666666667
39,22,0.027083333333333334
39,23,0.023958333333333335
39,24,0.027083333333333334
39,25,0.030208333333333334
39,26,0.03229166666666667
39,27,0.029166666666666667
39,28,0.03229166666666667
39,29,0.029166666666666667
39,30,0.030208333333333334
39,31,0.029166666666666667
39,32,0.034375
39,33,0.029166666666666667
39,34,0.03333333333333333
39,35,0.030208333333333334
39,36,0.030208333333333334
39,37,0.03125
39,38,0.023958333333333335
39,39,0.030208333333333334
39,40,0.20208333333333334
39,41,0.057291666666666664
39,42,0.051041666666666666
39,43,0.05416666666666667
39,44,0.040625
39,45,0.041666666666666664
39,46,0.046875
39,47,0.06354166666666666
39,48,0.023958333333333335
39,49,0.03125
39,50,0.03229166666666667
39,51,0.029166666666666667
39,52,0.03229166666666667
39,53,0.029166666666666667
39,54,0.030208333333333334
39,55,0.0375
39,56,0.030208333333333334
39,57,0.029166666666666667
39,58,0.027083333333333334
39,59,0.034375
39,60,0.03333333333333333
39,61,0.030208333333333334
39,62,0.028125
39,63,0.03125
40,0,0.03125
40,1,0.026041666666666668
40,2,0.03333333333333333
40,3,0.030208333333333334
40,4,0.030208333333333334
40,5,0.034375
40,6,0.034375
40,7,0.027083333333333334
40,8,0.03229166666666667
40,9,0.034375
40,10,0.026041666666666668
40,11,0.030208333333333334
40,12,0.028125
40,13,0.028125
40,14,0.030208333333333334
40,15,0.0375
40,16,0.029166666666666667
40,17,0.028125
40,18,0.027083333333333334
40,19,0.03229166666666667
40,20,0.028125
40,21,0.030208333333333334
40,22,0.023958333333333335
40,23,0.027083333333333334
40,24,0.030208333333333334
40,25,0.025
40,26,0.028125
40,27,0.03229166666666667
40,28,0.025
40,29,0.03229166666666667
40,30,0.03229166666666667
40,31,0.027083333333333334
40,32,0.030208333333333334
40,33,0.030208333333333334
40,34,0.034375
40,35,0.026041666666666668
40,36,0.030208333333333334
40,37,0.029166666666666667
40,38,0.030208333333333334
40,39,0.034375
40,40,0.025
40,41,0.03333333333333333
40,42,0.03229166666666667
40,43,0.027083333333333334
40,44,0.03125
40,45,0.026041666666666668
40,46,0.029166666666666667
40,47,0.03229166666666667
40,48,0.025
40,49,0.03333333333333333
40,50,0.027083333333333334
40,51,0.029166666666666667
40,52,0.03125
40,53,0.029166666666666667
40,54,0.03229166666666667
40,55,0.029166666666666667
40,56,0.029166666666666667
40,57,0.03229166666666667
40,58,0.03125
40,59,0.026041666666666668
40,60,0.028125
40,61,0.028125
40,62,0.029166666666666667
40,63,0.027083333333333334
41,0,0.030208333333333334
41,1,0.028125
41,2,0.03125
41,3,0.026041666666666668
41,4,0.027083333333333334
41,5,0.030208333333333334
41,6,0.021875
41,7,0.028125
41,8,0.027083333333333334
41,9,0.036458333333333336
41,10,0.03125
41,11,0.03229166666666667
41,12,0.030208333333333334
41,13,0.029166666666666667
41,14,0.028125
41,15,0.03125
41,16,0.028125
41,17,0.027083333333333334
41,18,0.03125
41,19,0.06770833333333333
41,20,0.027083333333333334
41,21,0.030208333333333334
41,22,0.057291666666666664
41,23,0.034375
41,24,0.03125
41,25,0.027083333333333334
41,26,0.030208333333333334
41,27,0.034375
41,28,0.023958333333333335
41,29,0.028125
41,30,0.042708333333333334
41,31,0.036458333333333336
41,32,0.027083333333333334
41,33,0.030208333333333334
41,34,0.030208333333333334
41,35,0.029166666666666667
41,36,0.028125
41,37,0.029166666666666667
41,38,0.035416666666666666
41,39,0.029166666666666667
41,40,0.023958333333333335
41,41,0.03333333333333333
41,42,0.04791666666666667
41,43,0.027083333333333334
41,44,0.027083333333333334
41,45,0.029166666666666667
41,46,0.029166666666666667
41,47,0.021875
41,48,0.030208333333333334
41,49,0.03229166666666667
41,50,0.027083333333333334
41,51,0.028125
41,52,0.03229166666666667
41,53,0.036458333333333336
41,54,0.030208333333333334
41,55,0.029166666666666667
41,56,0.028125
41,57,0.03854166666666667
41,58,0.04479166666666667
41,59,0.036458333333333336
41,60,0.028125
41,61,0.030208333333333334
41,62,0.04375
41,63,0.03229166666666667
42,0,0.030208333333333334
42,1,0.034375
42,2,0.026041666666666668
42,3,0.028125
42,4,0.030208333333333334
42,5,0.026041666666666668
42,6,0.027083333333333334
42,7,0.026041666666666668
42,8,0.035416666666666666
42,9,0.03229166666666667
42,10,0.029166666666666667
42,11,0.04375
42,12,0.03125
42,13,0.03333333333333333
42,14,0.022916666666666665
42,15,0.030208333333333334
42,16,0.030208333333333334
42,17,0.021875
42,18,0.028125
42,19,0.03125
42,20,0.025
42,21,0.028125
42,22,0.03125
42,23,0.026041666666666668
42,24,0.025
42,25,0.026041666666666668
42,26,0.03333333333333333
42,27,0.027083333333333334
42,28,0.028125
42,29,0.030208333333333334
42,30,0.029166666666666667
42,31,0.06458333333333334
42,32,0.023958333333333335
42,33,0.029166666666666667
42,34,0.03125
42,35,0.026041666666666668
42,36,0.029166666666666667
42,37,0.027083333333333334
42,38,0.030208333333333334
42,39,0.029166666666666667
42,40,0.030208333333333334
42,41,0.029166666666666667
42,42,0.026041666666666668
42,43,0.03125
42,44,0.028125
42,45,0.03125
42,46,0.029166666666666667
42,47,0.030208333333333334
42,48,0.03125
42,49,0.025
42,50,0.03333333333333333
42,51,0.028125
42,52,0.03333333333333333
42,53,0.035416666666666666
42,54,0.03333333333333333
42,55,0.030208333333333334
42,56,0.03125
42,57,0.029166666666666667
42,58,0.027083333333333334
42,59,0.027083333333333334
42,60,0.027083333333333334
42,61,0.03333333333333333
42,62,0.028125
42,63,0.028125
43,0,0.029166666666666667
43,1,0.030208333333333334
43,2,0.03229166666666667
43,3,0.027083333333333334
43,4,0.05
43,5,0.03125
43,6,0.028125
43,7,0.028125
43,8,0.030208333333333334
43,9,0.03125
43,10,0.027083333333333334
43,11,0.03333333333333333
43,12,0.022916666666666665
43,13,0.028125
43,14,0.035416666666666666
43,15,0.026041666666666668
43,16,0.029166666666666667
43,17,0.029166666666666667
43,18,0.030208333333333334
43,19,0.030208333333333334
43,20,0.027083333333333334
43,21,0.027083333333333334
43,22,0.029166666666666667
43,23,0.027083333333333334
43,24,0.027083333333333334
43,25,0.023958333333333335
43,26,0.029166666666666667
43,27,0.03229166666666667
43,28,0.030208333333333334
43,29,0.028125
43,30,0.029166666666666667
43,31,0.03125
43,32,0.027083333333333334
43,33,0.030208333333333334
43,34,0.03125
43,35,0.028125
43,36,0.028125
43,37,0.028125
43,38,0.025
43,39,0.029166666666666667
43,40,0.023958333333333335
43,41,0.027083333333333334
43,42,0.026041666666666668
43,43,0.029166666666666667
43,44,0.03333333333333333
43,45,0.030208333333333334
43,46,0.028125
43,47,0.028125
43,48,0.03333333333333333
43,49,0.03125
43,50,0.03125
43,51,0.029166666666666667
43,52,0.026041666666666668
43,53,0.029166666666666667
43,54,0.03125
43,55,0.026041666666666668
43,56,0.025
43,57,0.03229166666666667
43,58,0.025
43,59,0.03229166666666667
43,60,0.03229166666666667
43,61,0.03333333333333333
43,62,0.03229166666666667
43,63,0.028125
44,0,0.023958333333333335
44,1,0.030208333333333334
44,2,0.0375
44,3,0.022916666666666665
44,4,0.0375
44,5,0.035416666666666666
44,6,0.029166666666666667
44,7,0.071875
44,8,0.025
44,9,0.03125
44,10,0.03229166666666667
44,11,0.030208333333333334
44,12,0.030208333333333334
44,13,0.03333333333333333
44,14,0.034375
44,15,0.03125
44,16,0.03125
44,17,0.029166666666666667
44,18,0.03229166666666667
44,19,0.03229166666666667
44,20,0.030208333333333334
44,21,0.035416666666666666
44,22,0.03333333333333333
44,23,0.027083333333333334
44,24,0.029166666666666667
44,25,0.027083333333333334
44,26,0.029166666666666667
44,27,0.028125
44,28,0.030208333333333334
44,29,0.030208333333333334
44,30,0.027083333333333334
44,31,0.025
44,32,0.029166666666666667
44,33,0.034375
44,34,0.026041666666666668
44,35,0.03229166666666667
44,36,0.028125
44,37,0.030208333333333334
44,38,0.035416666666666666
44,39,0.03125
44,40,0.035416666666666666
44,41,0.03125
44,42,0.030208333333333334
44,43,0.029166666666666667
44,44,0.03333333333333333
44,45,0.0375
44,46,0.029166666666666667
44,47,0.029166666666666667
44,48,0.027083333333333334
44,49,0.028125
44,50,0.027083333333333334
44,51,0.026041666666666668
44,52,0.029166666666666667
44,53,0.026041666666666668
44,54,0.029166666666666667
44,55,0.028125
44,56,0.030208333333333334
44,57,0.029166666666666667
44,58,0.029166666666666667
44,59,0.030208333333333334
44,60,0.029166666666666667
44,61,0.03333333333333333
44,62,0.029166666666666667
44,63,0.036458333333333336
45,0,0.03333333333333333
45,1,0.030208333333333334
45,2,0.026041666666666668
45,3,0.03333333333333333
45,4,0.034375
45,5,0.019791666666666666
45,6,0.0625
45,7,0.03229166666666667
45,8,0.036458333333333336
45,9,0.03333333333333333
45,10,0.03125
45,11,0.028125
45,12,0.034375
45,13,0.03125
45,14,0.03333333333333333
45,15,0.027083333333333334
45,16,0.028125
45,17,0.029166666666666667
45,18,0.027083333333333334
45,19,0.030208333333333334
45,20,0.034375
45,21,0.030208333333333334
45,22,0.028125
45,23,0.035416666666666666
45,24,0.029166666666666667
45,25,0.027083333333333334
45,26,0.028125
45,27,0.030208333333333334
45,28,0.030208333333333334
45,29,0.029166666666666667
45,30,0.034375
45,31,0.026041666666666668
45,32,0.025
45,33,0.03125
45,34,0.03125
45,35,0.029166666666666667
45,36,0.03333333333333333
45,37,0.026041666666666668
45,38,0.029166666666666667
45,39,0.028125
45,40,0.027083333333333334
45,41,0.034375
45,42,0.030208333333333334
45,43,0.03333333333333333
45,44,0.028125
45,45,0.030208333333333334
45,46,0.029166666666666667
45,47,0.03125
45,48,0.03125
45,49,0.028125
45,50,0.036458333333333336
45,51,0.030208333333333334
45,52,0.03333333333333333
45,53,0.03333333333333333
45,54,0.03125
45,55,0.034375
45,56,0.029166666666666667
45,57,0.03125
45,58,0.025
45,59,0.03333333333333333
45,60,0.03229166666666667
45,61,0.026041666666666668
45,62,0.026041666666666668
45,63,0.026041666666666668
46,0,0.03229166666666667
46,1,0.03229166666666667
46,2,0.036458333333333336
46,3,0.027083333333333334
46,4,0.028125
46,5,0.029166666666666667
46,6,0.028125
46,7,0.035416666666666666
46,8,0.03125
46,9,0.03125
46,10,0.030208333333333334
46,11,0.03125
46,12,0.028125
46,13,0.03333333333333333
46,14,0.030208333333333334
46,15,0.03333333333333333
46,16,0.03229166666666667
46,17,0.030208333333333334
46,18,0.03125
46,19,0.030208333333333334
46,20,0.034375
46,21,0.03125
46,22,0.028125
46,23,0.029166666666666667
46,24,0.029166666666666667
46,25,0.029166666666666667
46,26,0.030208333333333334
46,27,0.030208333333333334
46,28,0.03125
46,29,0.029166666666666667
46,30,0.03229166666666667
46,31,0.029166666666666667
46,32,0.034375
46,33,0.03125
46,34,0.03125
46,35,0.022916666666666665
46,36,0.03125
46,37,0.03125
46,38,0.03125
46,39,0.03125
46,40,0.030208333333333334
46,41,0.025
46,42,0.028125
46,43,0.026041666666666668
46,44,0.03333333333333333
46,45,0.029166666666666667
46,46,0.03125
46,47,0.028125
46,48,0.03125
46,49,0.034375
46,50,0.03125
46,51,0.034375
46,52,0.029166666666666667
46,53,0.03125
46,54,0.03333333333333333
46,55,0.029166666666666667
46,56,0.028125
46,57,0.030208333333333334
46,58,0.03333333333333333
46,59,0.028125
46,60,0.027083333333333334
46,61,0.03125
46,62,0.03125
46,63,0.030208333333333334
47,0,0.03125
47,1,0.03333333333333333
47,2,0.03333333333333333
47,3,0.03125
47,4,0.03125
47,5,0.029166666666666667
47,6,0.03333333333333333
47,7,0.026041666666666668
47,8,0.03333333333333333
47,9,0.028125
47,10,0.026041666666666668
47,11,0.03125
47,12,0.03125
47,13,0.029166666666666667
47,14,0.03333333333333333
47,15,0.03125
47,16,0.028125
47,17,0.04895833333333333
47,18,0.0625
47,19,0.028125
47,20,0.036458333333333336
47,21,0.03333333333333333
47,22,0.0375
47,23,0.030208333333333334
47,24,0.030208333333333334
47,25,0.030208333333333334
47,26,0.03125
47,27,0.029166666666666667
47,28,0.027083333333333334
47,29,0.03125
47,30,0.026041666666666668
47,31,0.03229166666666667
47,32,0.03125
47,33,0.03229166666666667
47,34,0.030208333333333334
47,35,0.03125
47,36,0.03229166666666667
47,37,0.03229166666666667
47,38,0.030208333333333334
47,39,0.03229166666666667
47,40,0.034375
47,41,0.0375
47,42,0.03333333333333333
47,43,0.03125
47,44,0.03125
47,45,0.028125
47,46,0.027083333333333334
47,47,0.030208333333333334
47,48,0.03333333333333333
47,49,0.03125
47,50,0.03333333333333333
47,51,0.026041666666666668
47,52,0.028125
47,53,0.029166666666666667
47,54,0.03229166666666667
47,55,0.029166666666666667
47,56,0.03333333333333333
47,57,0.034375
47,58,0.030208333333333334
47,59,0.03333333333333333
47,60,0.030208333333333334
47,61,0.028125
47,62,0.03229166666666667
47,63,0.030208333333333334
48,0,0.03229166666666667
48,1,0.03229166666666667
48,2,0.025
48,3,0.030208333333333334
48,4,0.029166666666666667
48,5,0.036458333333333336
48,6,0.03958333333333333
48,7,0.03125
48,8,0.027083333333333334
48,9,0.03229166666666667
48,10,0.036458333333333336
48,11,0.029166666666666667
48,12,0.03125
48,13,0.030208333333333334
48,14,0.030208333333333334
48,15,0.03229166666666667
48,16,0.029166666666666667
48,17,0.03229166666666667
48,18,0.030208333333333334
48,19,0.028125
48,20,0.030208333333333334
48,21,0.028125
48,22,0.028125
48,23,0.029166666666666667
48,24,0.030208333333333334
48,25,0.030208333333333334
48,26,0.026041666666666668
48,27,0.03333333333333333
48,28,0.027083333333333334
48,29,0.034375
48,30,0.03125
48,31,0.028125
48,32,0.03229166666666667
48,33,0.03125
48,34,0.03125
48,35,0.028125
48,36,0.030208333333333334
48,37,0.03333333333333333
48,38,0.028125
48,39,0.029166666666666667
48,40,0.03229166666666667
48,41,0.026041666666666668
48,42,0.030208333333333334
48,43,0.029166666666666667
48,44,0.029166666666666667
48,45,0.03125
48,46,0.026041666666666668
48,47,0.028125
48,48,0.030208333333333334
48,49,0.03229166666666667
48,50,0.03333333333333333
48,51,0.03125
48,52,0.027083333333333334
48,53,0.026041666666666668
48,54,0.03333333333333333
48,55,0.029166666666666667
48,56,0.042708333333333334
48,57,0.03229166666666667
48,58,0.065625
48,59,0.07395833333333333
48,60,0.06458333333333334
48,61,0.034375
48,62,0.029166666666666667
48,63,0.027083333333333334
49,0,0.027083333333333334
49,1,0.025
49,2,0.06666666666666667
49,3,0.04583333333333333
49,4,0.051041666666666666
49,5,0.06145833333333333
49,6,0.03229166666666667
49,7,0.040625
49,8,0.036458333333333336
49,9,0.030208333333333334
49,10,0.030208333333333334
49,11,0.036458333333333336
49,12,0.029166666666666667
49,13,0.03333333333333333
49,14,0.026041666666666668
49,15,0.036458333333333336
49,16,0.028125
49,17,0.03125
49,18,0.028125
49,19,0.03229166666666667
49,20,0.029166666666666667
49,21,0.03125
49,22,0.030208333333333334
49,23,0.03125
49,24,0.030208333333333334
49,25,0.029166666666666667
49,26,0.03125
49,27,0.03125
49,28,0.029166666666666667
49,29,0.027083333333333334
49,30,0.03125
49,31,0.03333333333333333
49,32,0.027083333333333334
49,33,0.03229166666666667
49,34,0.025
49,35,0.03125
49,36,0.029166666666666667
49,37,0.03125
49,38,0.03333333333333333
49,39,0.030208333333333334
49,40,0.030208333333333334
49,41,0.03125
49,42,0.03125
49,43,0.026041666666666668
49,44,0.03125
49,45,0.027083333333333334
49,46,0.03125
49,47,0.034375
49,48,0.03333333333333333
49,49,0.025
49,50,0.03229166666666667
49,51,0.035416666666666666
49,52,0.030208333333333334
49,53,0.03125
49,54,0.03125
49,55,0.03229166666666667
49,56,0.028125
49,57,0.03125
49,58,0.03125
49,59,0.03125
49,60,0.029166666666666667
49,61,0.035416666666666666
49,62,0.034375
49,63,0.028125
50,0,0.027083333333333334
50,1,0.030208333333333334
50,2,0.03125
50,3,0.030208333333333334
50,4,0.029166666666666667
50,5,0.029166666666666667
50,6,0.027083333333333334
50,7,0.03229166666666667
50,8,0.03125
50,9,0.03125
50,10,0.028125
50,11,0.025
50,12,0.035416666666666666
50,13,0.030208333333333334
50,14,0.026041666666666668
50,15,0.034375
50,16,0.03125
50,17,0.03333333333333333
50,18,0.027083333333333334
50,19,0.03125
50,20,0.027083333333333334
50,21,0.03125
50,22,0.027083333333333334
50,23,0.030208333333333334
50,24,0.029166666666666667
50,25,0.029166666666666667
50,26,0.028125
50,27,0.03229166666666667
50,28,0.027083333333333334
50,29,0.030208333333333334
50,30,0.029166666666666667
50,31,0.028125
50,32,0.03333333333333333
50,33,0.030208333333333334
50,34,0.036458333333333336
50,35,0.03229166666666667
50,36,0.03333333333333333
50,37,0.03229166666666667
50,38,0.03229166666666667
50,39,0.03229166666666667
50,40,0.03229166666666667
50,41,0.029166666666666667
50,42,0.027083333333333334
50,43,0.030208333333333334
50,44,0.025
50,45,0.030208333333333334
50,46,0.026041666666666668
50,47,0.03229166666666667
50,48,0.030208333333333334
50,49,0.03229166666666667
50,50,0.030208333333333334
50,51,0.03229166666666667
50,52,0.029166666666666667
50,53,0.029166666666666667
50,54,0.029166666666666667
50,55,0.030208333333333334
50,56,0.03125
50,57,0.03333333333333333
50,58,0.026041666666666668
50,59,0.03333333333333333
50,60,0.027083333333333334
50,61,0.03125
50,62,0.030208333333333334
50,63,0.028125
51,0,0.029166666666666667
51,1,0.030208333333333334
51,2,0.03229166666666667
51,3,0.026041666666666668
51,4,0.03125
51,5,0.03229166666666667
51,6,0.026041666666666668
51,7,0.034375
51,8,0.028125
51,9,0.029166666666666667
51,10,0.030208333333333334
51,11,0.027083333333333334
51,12,0.027083333333333334
51,13,0.025
51,14,0.028125
51,15,0.03125
51,16,0.028125
51,17,0.03125
51,18,0.029166666666666667
51,19,0.03229166666666667
51,20,0.029166666666666667
51,21,0.030208333333333334
51,22,0.03333333333333333
51,23,0.026041666666666668
51,24,0.03229166666666667
51,25,0.030208333333333334
51,26,0.03125
51,27,0.027083333333333334
51,28,0.036458333333333336
51,29,0.04791666666666667
51,30,0.034375
51,31,0.035416666666666666
51,32,0.03229166666666667
51,33,0.029166666666666667
51,34,0.034375
51,35,0.026041666666666668
51,36,0.034375
51,37,0.03229166666666667
51,38,0.029166666666666667
51,39,0.030208333333333334
51,40,0.03229166666666667
51,41,0.027083333333333334
51,42,0.027083333333333334
51,43,0.034375
51,44,0.029166666666666667
51,45,0.026041666666666668
51,46,0.029166666666666667
51,47,0.035416666666666666
51,48,0.027083333333333334
51,49,0.035416666666666666
51,50,0.028125
51,51,0.027083333333333334
51,52,0.029166666666666667
51,53,0.03229166666666667
51,54,0.03125
51,55,0.027083333333333334
51,56,0.030208333333333334
51,57,0.03229166666666667
51,58,0.029166666666666667
51,59,0.03229166666666667
51,60,0.03125
51,61,0.034375
51,62,0.027083333333333334
51,63,0.029166666666666667
52,0,0.029166666666666667
52,1,0.03125
52,2,0.03229166666666667
52,3,0.030208333333333334
52,4,0.028125
52,5,0.034375
52,6,0.03229166666666667
52,7,0.028125
52,8,0.034375
52,9,0.036458333333333336
52,10,0.025
52,11,0.03125
52,12,0.030208333333333334
52,13,0.023958333333333335
52,14,0.035416666666666666
52,15,0.029166666666666667
52,16,0.035416666666666666
52,17,0.051041666666666666
52,18,0.029166666666666667
52,19,0.178125
52,20,0.028125
52,21,0.03229166666666667
52,22,0.035416666666666666
52,23,0.030208333333333334
52,24,0.028125
52,25,0.030208333333333334
52,26,0.028125
52,27,0.027083333333333334
52,28,0.03333333333333333
52,29,0.029166666666666667
52,30,0.03333333333333333
52,31,0.03854166666666667
52,32,0.03125
52,33,0.030208333333333334
52,34,0.0375
52,35,0.030208333333333334
52,36,0.04791666666666667
52,37,0.026041666666666668
52,38,0.03333333333333333
52,39,0.028125
52,40,0.025
52,41,0.030208333333333334
52,42,0.030208333333333334
52,43,0.028125
52,44,0.027083333333333334
52,45,0.029166666666666667
52,46,0.027083333333333334
52,47,0.029166666666666667
52,48,0.040625
52,49,0.027083333333333334
52,50,0.023958333333333335
52,51,0.03125
52,52,0.027083333333333334
52,53,0.03333333333333333
52,54,0.025
52,55,0.030208333333333334
52,56,0.03125
52,57,0.029166666666666667
52,58,0.053125
52,59,0.030208333333333334
52,60,0.027083333333333334
52,61,0.03958333333333333
52,62,0.028125
52,63,0.025
53,0,0.022916666666666665
53,1,0.084375
53,2,0.071875
53,3,0.029166666666666667
53,4,0.06041666666666667
53,5,0.03125
53,6,0.030208333333333334
53,7,0.058333333333333334
53,8,0.029166666666666667
53,9,0.03229166666666667
53,10,0.035416666666666666
53,11,0.028125
53,12,0.03125
53,13,0.03125
53,14,0.03333333333333333
53,15,0.028125
53,16,0.03333333333333333
53,17,0.034375
53,18,0.028125
53,19,0.028125
53,20,0.03229166666666667
53,21,0.04791666666666667
53,22,0.023958333333333335
53,23,0.03125
53,24,0.027083333333333334
53,25,0.028125
53,26,0.030208333333333334
53,27,0.029166666666666667
53,28,0.030208333333333334
53,29,0.028125
53,30,0.030208333333333334
53,31,0.036458333333333336
53,32,0.03333333333333333
53,33,0.041666666666666664
53,34,0.027083333333333334
53,35,0.029166666666666667
53,36,0.029166666666666667
53,37,0.028125
53,38,0.030208333333333334
53,39,0.04479166666666667
53,40,0.027083333333333334
53,41,0.03333333333333333
53,42,0.030208333333333334
53,43,0.03333333333333333
53,44,0.029166666666666667
53,45,0.026041666666666668
53,46,0.030208333333333334
53,47,0.030208333333333334
53,48,0.03229166666666667
53,49,0.03333333333333333
53,50,0.028125
53,51,0.030208333333333334
53,52,0.028125
53,53,0.03125
53,54,0.029166666666666667
53,55,0.027083333333333334
53,56,0.025
53,57,0.03333333333333333
53,58,0.029166666666666667
53,59,0.028125
53,60,0.036458333333333336
53,61,0.03125
53,62,0.028125
53,63,0.028125
54,0,0.027083333333333334
54,1,0.034375
54,2,0.027083333333333334
54,3,0.029166666666666667
54,4,0.03229166666666667
54,5,0.030208333333333334
54,6,0.027083333333333334
54,7,0.028125
54,8,0.09270833333333334
54,9,0.05520833333333333
54,10,0.03125
54,11,0.035416666666666666
54,12,0.026041666666666668
54,13,0.027083333333333334
54,14,0.026041666666666668
54,15,0.07708333333333334
54,16,0.029166666666666667
54,17,0.03125
54,18,0.027083333333333334
54,19,0.029166666666666667
54,20,0.03229166666666667
54,21,0.03229166666666667
54,22,0.029166666666666667
54,23,0.029166666666666667
54,24,0.028125
54,25,0.029166666666666667
54,26,0.026041666666666668
54,27,0.035416666666666666
54,28,0.029166666666666667
54,29,0.03125
54,30,0.028125
54,31,0.029166666666666667
54,32,0.03125
54,33,0.029166666666666667
54,34,0.030208333333333334
54,35,0.030208333333333334
54,36,0.03125
54,37,0.029166666666666667
54,38,0.027083333333333334
54,39,0.03229166666666667
54,40,0.027083333333333334
54,41,0.026041666666666668
54,42,0.029166666666666667
54,43,0.03958333333333333
54,44,0.023958333333333335
54,45,0.03125
54,46,0.03229166666666667
54,47,0.027083333333333334
54,48,0.027083333333333334
54,49,0.027083333333333334
54,50,0.03125
54,51,0.023958333333333335
54,52,0.026041666666666668
54,53,0.03229166666666667
54,54,0.030208333333333334
54,55,0.03229166666666667
54,56,0.023958333333333335
54,57,0.026041666666666668
54,58,0.03125
54,59,0.026041666666666668
54,60,0.029166666666666667
54,61,0.030208333333333334
54,62,0.03229166666666667
54,63,0.026041666666666668
55,0,0.03333333333333333
55,1,0.028125
55,2,0.03125
55,3,0.028125
55,4,0.030208333333333334
55,5,0.03333333333333333
55,6,0.027083333333333334
55,7,0.035416666666666666
55,8,0.03333333333333333
55,9,0.034375
55,10,0.035416666666666666
55,11,0.025
55,12,0.030208333333333334
55,13,0.03333333333333333
55,14,0.028125
55,15,0.029166666666666667
55,16,0.028125
55,17,0.05416666666666667
55,18,0.025
55,19,0.034375
55,20,0.075
55,21,0.025
55,22,0.03125
55,23,0.027083333333333334
55,24,0.03229166666666667
55,25,0.03125
55,26,0.027083333333333334
55,27,0.029166666666666667
55,28,0.030208333333333334
55,29,0.03333333333333333
55,30,0.027083333333333334
55,31,0.03333333333333333
55,32,0.03333333333333333
55,33,0.028125
55,34,0.030208333333333334
55,35,0.023958333333333335
55,36,0.03125
55,37,0.028125
55,38,0.027083333333333334
55,39,0.027083333333333334
55,40,0.029166666666666667
55,41,0.03229166666666667
55,42,0.028125
55,43,0.03125
55,44,0.030208333333333334
55,45,0.03125
55,46,0.029166666666666667
55,47,0.025
55,48,0.03229166666666667
55,49,0.035416666666666666
55,50,0.03125
55,51,0.03125
55,52,0.029166666666666667
55,53,0.028125
55,54,0.026041666666666668
55,55,0.027083333333333334
55,56,0.029166666666666667
55,57,0.030208333333333334
55,58,0.03333333333333333
55,59,0.029166666666666667
55,60,0.029166666666666667
55,61,0.025
55,62,0.03125
55,63,0.027083333333333334
56,0,0.030208333333333334
56,1,0.034375
56,2,0.029166666666666667
56,3,0.08020833333333334
56,4,0.04583333333333333
56,5,0.03125
56,6,0.029166666666666667
56,7,0.021875
56,8,0.028125
56,9,0.03125
56,10,0.030208333333333334
56,11,0.027083333333333334
56,12,0.029166666666666667
56,13,0.030208333333333334
56,14,0.027083333333333334
56,15,0.030208333333333334
56,16,0.042708333333333334
56,17,0.03229166666666667
56,18,0.034375
56,19,0.030208333333333334
56,20,0.06666666666666667
56,21,0.07083333333333333
56,22,0.026041666666666668
56,23,0.022916666666666665
56,24,0.03333333333333333
56,25,0.03125
56,26,0.029166666666666667
56,27,0.03125
56,28,0.035416666666666666
56,29,0.03229166666666667
56,30,0.034375
56,31,0.03125
56,32,0.03229166666666667
56,33,0.025
56,34,0.030208333333333334
56,35,0.027083333333333334
56,36,0.026041666666666668
56,37,0.030208333333333334
56,38,0.029166666666666667
56,39,0.03229166666666667
56,40,0.035416666666666666
56,41,0.027083333333333334
56,42,0.03958333333333333
56,43,0.03125
56,44,0.05
56,45,0.0375
56,46,0.0375
56,47,0.028125
56,48,0.025
56,49,0.03229166666666667
56,50,0.027083333333333334
56,51,0.027083333333333334
56,52,0.027083333333333334
56,53,0.03125
56,54,0.03125
56,55,0.03125
56,56,0.028125
56,57,0.027083333333333334
56,58,0.025
56,59,0.029166666666666667
56,60,0.030208333333333334
56,61,0.027083333333333334
56,62,0.026041666666666668
56,63,0.029166666666666667
57,0,0.026041666666666668
57,1,0.028125
57,2,0.030208333333333334
57,3,0.026041666666666668
57,4,0.030208333333333334
57,5,0.030208333333333334
57,6,0.028125
57,7,0.025
57,8,0.0625
57,9,0.030208333333333334
57,10,0.027083333333333334
57,11,0.03854166666666667
57,12,0.03854166666666667
57,13,0.026041666666666668
57,14,0.03125
57,15,0.03229166666666667
57,16,0.03229166666666667
57,17,0.028125
57,18,0.035416666666666666
57,19,0.030208333333333334
57,20,0.029166666666666667
57,21,0.03333333333333333
57,22,0.034375
57,23,0.028125
57,24,0.03125
57,25,0.030208333333333334
57,26,0.030208333333333334
57,27,0.027083333333333334
57,28,0.03125
57,29,0.029166666666666667
57,30,0.028125
57,31,0.03125
57,32,0.035416666666666666
57,33,0.027083333333333334
57,34,0.03229166666666667
57,35,0.028125
57,36,0.03229166666666667
57,37,0.028125
57,38,0.036458333333333336
57,39,0.030208333333333334
57,40,0.030208333333333334
57,41,0.03333333333333333
57,42,0.027083333333333334
57,43,0.029166666666666667
57,44,0.03333333333333333
57,45,0.028125
57,46,0.03229166666666667
57,47,0.026041666666666668
57,48,0.03333333333333333
57,49,0.029166666666666667
57,50,0.023958333333333335
57,51,0.0375
57,52,0.025
57,53,0.028125
57,54,0.030208333333333334
57,55,0.03333333333333333
57,56,0.030208333333333334
57,57,0.029166666666666667
57,58,0.028125
57,59,0.030208333333333334
57,60,0.03229166666666667
57,61,0.028125
57,62,0.028125
57,63,0.030208333333333334
58,0,0.022916666666666665
58,1,0.03229166666666667
58,2,0.027083333333333334
58,3,0.030208333333333334
58,4,0.03229166666666667
58,5,0.028125
58,6,0.034375
58,7,0.03125
58,8,0.03229166666666667
58,9,0.03229166666666667
58,10,0.029166666666666667
58,11,0.030208333333333334
58,12,0.03125
58,13,0.026041666666666668
58,14,0.028125
58,15,0.026041666666666668
58,16,0.027083333333333334
58,17,0.03333333333333333
58,18,0.030208333333333334
58,19,0.03229166666666667
58,20,0.026041666666666668
58,21,0.03229166666666667
58,22,0.034375
58,23,0.028125
58,24,0.028125
58,25,0.027083333333333334
58,26,0.034375
58,27,0.03125
58,28,0.028125
58,29,0.028125
58,30,0.0375
58,31,0.026041666666666668
58,32,0.028125
58,33,0.029166666666666667
58,34,0.027083333333333334
58,35,0.03125
58,36,0.030208333333333334
58,37,0.030208333333333334
58,38,0.029166666666666667
58,39,0.029166666666666667
58,40,0.029166666666666667
58,41,0.029166666666666667
58,42,0.03125
58,43,0.027083333333333334
58,44,0.027083333333333334
58,45,0.027083333333333334
58,46,0.029166666666666667
58,47,0.027083333333333334
58,48,0.029166666666666667
58,49,0.028125
58,50,0.03229166666666667
58,51,0.028125
58,52,0.03229166666666667
58,53,0.028125
58,54,0.030208333333333334
58,55,0.027083333333333334
58,56,0.028125
58,57,0.027083333333333334
58,58,0.028125
58,59,0.030208333333333334
58,60,0.030208333333333334
58,61,0.028125
58,62,0.028125
58,63,0.03229166666666667
59,0,0.028125
59,1,0.026041666666666668
59,2,0.026041666666666668
59,3,0.030208333333333334
59,4,0.029166666666666667
59,5,0.025
59,6,0.028125
59,7,0.028125
59,8,0.027083333333333334
59,9,0.030208333333333334
59,10,0.029166666666666667
59,11,0.025
59,12,0.030208333333333334
59,13,0.03333333333333333
59,14,0.025
59,15,0.025
59,16,0.028125
59,17,0.029166666666666667
59,18,0.034375
59,19,0.026041666666666668
59,20,0.028125
59,21,0.027083333333333334
59,22,0.025
59,23,0.027083333333333334
59,24,0.03125
59,25,0.027083333333333334
59,26,0.028125
59,27,0.030208333333333334
59,28,0.028125
59,29,0.029166666666666667
59,30,0.027083333333333334
59,31,0.026041666666666668
59,32,0.03125
59,33,0.027083333333333334
59,34,0.022916666666666665
59,35,0.035416666666666666
59,36,0.03125
59,37,0.026041666666666668
59,38,0.03333333333333333
59,39,0.020833333333333332
59,40,0.028125
59,41,0.03229166666666667
59,42,0.028125
59,43,0.027083333333333334
59,44,0.027083333333333334
59,45,0.029166666666666667
59,46,0.030208333333333334
59,47,0.025
59,48,0.03333333333333333
59,49,0.030208333333333334
59,50,0.026041666666666668
59,51,0.028125
59,52,0.029166666666666667
59,53,0.027083333333333334
59,54,0.025
59,55,0.028125
59,56,0.034375
59,57,0.028125
59,58,0.029166666666666667
59,59,0.029166666666666667
59,60,0.025
59,61,0.030208333333333334
59,62,0.03333333333333333
59,63,0.034375
60,0,0.03333333333333333
60,1,0.027083333333333334
60,2,0.029166666666666667
60,3,0.028125
60,4,0.028125
60,5,0.029166666666666667
60,6,0.029166666666666667
60,7,0.029166666666666667
60,8,0.034375
60,9,0.030208333333333334
60,10,0.028125
60,11,0.028125
60,12,0.030208333333333334
60,13,0.029166666666666667
60,14,0.034375
60,15,0.029166666666666667
60,16,0.03125
60,17,0.029166666666666667
60,18,0.028125
60,19,0.03229166666666667
60,20,0.036458333333333336
60,21,0.034375
60,22,0.03333333333333333
60,23,0.03125
60,24,0.034375
60,25,0.03125
60,26,0.03125
60,27,0.028125
60,28,0.04375
60,29,0.029166666666666667
60,30,0.030208333333333334
60,31,0.030208333333333334
60,32,0.03125
60,33,0.029166666666666667
60,34,0.029166666666666667
60,35,0.026041666666666668
60,36,0.027083333333333334
60,37,0.027083333333333334
60,38,0.023958333333333335
60,39,0.030208333333333334
60,40,0.026041666666666668
60,41,0.028125
60,42,0.03125
60,43,0.028125
60,44,0.030208333333333334
60,45,0.028125
60,46,0.028125
60,47,0.027083333333333334
60,48,0.03229166666666667
60,49,0.026041666666666668
60,50,0.03125
60,51,0.03333333333333333
60,52,0.030208333333333334
60,53,0.026041666666666668
60,54,0.034375
60,55,0.03125
60,56,0.028125
60,57,0.029166666666666667
60,58,0.03333333333333333
60,59,0.03229166666666667
60,60,0.028125
60,61,0.030208333333333334
60,62,0.03333333333333333
60,63,0.030208333333333334
61,0,0.0375
61,1,0.027083333333333334
61,2,0.053125
61,3,0.027083333333333334
61,4,0.03125
61,5,0.03333333333333333
61,6,0.03229166666666667
61,7,0.029166666666666667
61,8,0.03333333333333333
61,9,0.025
61,10,0.028125
61,11,0.03333333333333333
61,12,0.028125
61,13,0.030208333333333334
61,14,0.029166666666666667
61,15,0.03229166666666667
61,16,0.027083333333333334
61,17,0.03229166666666667
61,18,0.028125
61,19,0.035416666666666666
61,20,0.03229166666666667
61,21,0.03229166666666667
61,22,0.030208333333333334
61,23,0.025
61,24,0.027083333333333334
61,25,0.029166666666666667
61,26,0.029166666666666667
61,27,0.03125
61,28,0.029166666666666667
61,29,0.028125
61,30,0.030208333333333334
61,31,0.028125
61,32,0.030208333333333334
61,33,0.029166666666666667
61,34,0.027083333333333334
61,35,0.03125
61,36,0.03229166666666667
61,37,0.03229166666666667
61,38,0.028125
61,39,0.026041666666666668
61,40,0.026041666666666668
61,41,0.025
61,42,0.03125
61,43,0.029166666666666667
61,44,0.027083333333333334
61,45,0.027083333333333334
61,46,0.025
61,47,0.034375
61,48,0.025
61,49,0.030208333333333334
61,50,0.029166666666666667
61,51,0.03125
61,52,0.026041666666666668
61,53,0.03333333333333333
61,54,0.027083333333333334
61,55,0.026041666666666668
61,56,0.030208333333333334
61,57,0.028125
61,58,0.030208333333333334
61,59,0.029166666666666667
61,60,0.028125
61,61,0.030208333333333334
61,62,0.025
61,63,0.029166666666666667
62,0,0.029166666666666667
62,1,0.026041666666666668
62,2,0.030208333333333334
62,3,0.028125
62,4,0.03125
62,5,0.028125
62,6,0.028125
62,7,0.03125
62,8,0.03229166666666667
62,9,0.029166666666666667
62,10,0.03333333333333333
62,11,0.026041666666666668
62,12,0.027083333333333334
62,13,0.03125
62,14,0.022916666666666665
62,15,0.03125
62,16,0.026041666666666668
62,17,0.030208333333333334
62,18,0.021875
62,19,0.027083333333333334
62,20,0.029166666666666667
62,21,0.034375
62,22,0.027083333333333334
62,23,0.026041666666666668
62,24,0.029166666666666667
62,25,0.029166666666666667
62,26,0.028125
62,27,0.0375
62,28,0.025
62,29,0.028125
62,30,0.03229166666666667
62,31,0.030208333333333334
62,32,0.028125
62,33,0.029166666666666667
62,34,0.029166666666666667
62,35,0.030208333333333334
62,36,0.029166666666666667
62,37,0.030208333333333334
62,38,0.029166666666666667
62,39,0.028125
62,40,0.028125
62,41,0.028125
62,42,0.025
62,43,0.030208333333333334
62,44,0.03125
62,45,0.028125
62,46,0.027083333333333334
62,47,0.030208333333333334
62,48,0.030208333333333334
62,49,0.030208333333333334
62,50,0.03125
62,51,0.028125
62,52,0.030208333333333334
62,53,0.035416666666666666
62,54,0.030208333333333334
62,55,0.029166666666666667
62,56,0.035416666666666666
62,57,0.028125
62,58,0.027083333333333334
62,59,0.030208333333333334
62,60,0.03333333333333333
62,61,0.028125
62,62,0.029166666666666667
62,63,0.03125
63,0,0.03229166666666667
63,1,0.028125
63,2,0.03125
63,3,0.027083333333333334
63,4,0.027083333333333334
63,5,0.03333333333333333
63,6,0.029166666666666667
63,7,0.030208333333333334
63,8,0.029166666666666667
63,9,0.030208333333333334
63,10,0.028125
63,11,0.028125
63,12,0.028125
63,13,0.026041666666666668
63,14,0.030208333333333334
63,15,0.030208333333333334
63,16,0.03229166666666667
63,17,0.03125
63,18,0.030208333333333334
63,19,0.027083333333333334
63,20,0.029166666666666667
63,21,0.029166666666666667
63,22,0.030208333333333334
63,23,0.027083333333333334
63,24,0.025
63,25,0.030208333333333334
63,26,0.028125
63,27,0.025
63,28,0.027083333333333334
63,29,0.029166666666666667
63,30,0.028125
63,31,0.030208333333333334
63,32,0.028125
63,33,0.027083333333333334
63,34,0.029166666666666667
63,35,0.029166666666666667
63,36,0.028125
63,37,0.03229166666666667
63,38,0.035416666666666666
63,39,0.026041666666666668
63,40,0.030208333333333334
63,41,0.027083333333333334
63,42,0.030208333333333334
63,43,0.030208333333333334
63,44,0.025
63,45,0.028125
63,46,0.03125
63,47,0.029166666666666667
63,48,0.028125
63,49,0.029166666666666667
63,50,0.029166666666666667
63,51,0.026041666666666668
63,52,0.03229166666666667
63,53,0.029166666666666667
63,54,0.029166666666666667
63,55,0.028125
63,56,0.027083333333333334
63,57,0.028125
63,58,0.030208333333333334
63,59,0.030208333333333334
63,60,0.03125
63,61,0.029166666666666667
63,62,0.035416666666666666
63,63,0.03125
64,0,0.028125
64,1,0.028125
64,2,0.027083333333333334
64,3,0.027083333333333334
64,4,0.028125
64,5,0.027083333333333334
64,6,0.03333333333333333
64,7,0.027083333333333334
64,8,0.03333333333333333
64,9,0.03229166666666667
64,10,0.03125
64,11,0.03125
64,12,0.028125
64,13,0.026041666666666668
64,14,0.030208333333333334
64,15,0.030208333333333334
64,16,0.029166666666666667
64,17,0.034375
64,18,0.029166666666666667
64,19,0.030208333333333334
64,20,0.028125
64,21,0.03125
64,22,0.028125
64,23,0.028125
64,24,0.0375
64,25,0.051041666666666666
64,26,0.03333333333333333
64,27,0.08958333333333333
64,28,0.035416666666666666
64,29,0.034375
64,30,0.040625
64,31,0.040625
64,32,0.029166666666666667
64,33,0.030208333333333334
64,34,0.028125
64,35,0.030208333333333334
64,36,0.025
64,37,0.03333333333333333
64,38,0.03125
64,39,0.028125
64,40,0.029166666666666667
64,41,0.030208333333333334
64,42,0.03125
64,43,0.03125
64,44,0.025
64,45,0.028125
64,46,0.026041666666666668
64,47,0.030208333333333334
64,48,0.036458333333333336
64,49,0.03333333333333333
64,50,0.03125
64,51,0.027083333333333334
64,52,0.036458333333333336
64,53,0.030208333333333334
64,54,0.029166666666666667
64,55,0.04375
64,56,0.03125
64,57,0.029166666666666667
64,58,0.028125
64,59,0.029166666666666667
64,60,0.03125
64,61,0.030208333333333334
64,62,0.030208333333333334
64,63,0.028125
65,0,0.03229166666666667
65,1,0.029166666666666667
65,2,0.026041666666666668
65,3,0.030208333333333334
65,4,0.030208333333333334
65,5,0.03125
65,6,0.030208333333333334
65,7,0.028125
65,8,0.03125
65,9,0.029166666666666667
65,10,0.027083333333333334
65,11,0.028125
65,12,0.03125
65,13,0.025
65,14,0.026041666666666668
65,15,0.03229166666666667
65,16,0.029166666666666667
65,17,0.028125
65,18,0.03333333333333333
65,19,0.03125
65,20,0.026041666666666668
65,21,0.03125
65,22,0.030208333333333334
65,23,0.028125
65,24,0.028125
65,25,0.025
65,26,0.028125
65,27,0.035416666666666666
65,28,0.03125
65,29,0.028125
65,30,0.03333333333333333
65,31,0.029166666666666667
65,32,0.028125
65,33,0.027083333333333334
65,34,0.03229166666666667
65,35,0.027083333333333334
65,36,0.030208333333333334
65,37,0.03125
65,38,0.030208333333333334
65,39,0.026041666666666668
65,40,0.03229166666666667
65,41,0.03333333333333333
65,42,0.03333333333333333
65,43,0.029166666666666667
65,44,0.030208333333333334
65,45,0.030208333333333334
65,46,0.029166666666666667
65,47,0.03229166666666667
65,48,0.029166666666666667
65,49,0.029166666666666667
65,50,0.030208333333333334
65,51,0.029166666666666667
65,52,0.03125
65,53,0.029166666666666667
65,54,0.030208333333333334
65,55,0.029166666666666667
65,56,0.030208333333333334
65,57,0.025
65,58,0.034375
65,59,0.03229166666666667
65,60,0.025
65,61,0.029166666666666667
65,62,0.025
65,63,0.030208333333333334
66,0,0.036458333333333336
66,1,0.022916666666666665
66,2,0.035416666666666666
66,3,0.028125
66,4,0.03125
66,5,0.035416666666666666
66,6,0.03333333333333333
66,7,0.06875
66,8,0.028125
66,9,0.03125
66,10,0.03125
66,11,0.03125
66,12,0.030208333333333334
66,13,0.028125
66,14,0.03229166666666667
66,15,0.027083333333333334
66,16,0.030208333333333334
66,17,0.030208333333333334
66,18,0.022916666666666665
66,19,0.030208333333333334
66,20,0.030208333333333334
66,21,0.030208333333333334
66,22,0.03229166666666667
66,23,0.030208333333333334
66,24,0.029166666666666667
66,25,0.027083333333333334
66,26,0.03333333333333333
66,27,0.030208333333333334
66,28,0.03125
66,29,0.030208333333333334
66,30,0.03229166666666667
66,31,0.027083333333333334
66,32,0.03125
66,33,0.029166666666666667
66,34,0.03229166666666667
66,35,0.028125
66,36,0.030208333333333334
66,37,0.03125
66,38,0.029166666666666667
66,39,0.028125
66,40,0.028125
66,41,0.030208333333333334
66,42,0.029166666666666667
66,43,0.026041666666666668
66,44,0.029166666666666667
66,45,0.027083333333333334
66,46,0.030208333333333334
66,47,0.029166666666666667
66,48,0.029166666666666667
66,49,0.030208333333333334
66,50,0.027083333333333334
66,51,0.029166666666666667
66,52,0.034375
66,53,0.027083333333333334
66,54,0.028125
66,55,0.03333333333333333
66,56,0.03125
66,57,0.030208333333333334
66,58,0.029166666666666667
66,59,0.028125
66,60,0.03333333333333333
66,61,0.029166666666666667
66,62,0.03125
66,63,0.03229166666666667
67,0,0.029166666666666667
67,1,0.027083333333333334
67,2,0.027083333333333334
67,3,0.027083333333333334
67,4,0.03333333333333333
67,5,0.028125
67,6,0.028125
67,7,0.027083333333333334
67,8,0.03125
67,9,0.029166666666666667
67,10,0.034375
67,11,0.030208333333333334
67,12,0.028125
67,13,0.03229166666666667
67,14,0.030208333333333334
67,15,0.03229166666666667
67,16,0.03125
67,17,0.029166666666666667
67,18,0.029166666666666667
67,19,0.036458333333333336
67,20,0.026041666666666668
67,21,0.030208333333333334
67,22,0.027083333333333334
67,23,0.034375
67,24,0.03229166666666667
67,25,0.027083333333333334
67,26,0.03125
67,27,0.025
67,28,0.035416666666666666
67,29,0.03333333333333333
67,30,0.027083333333333334
67,31,0.029166666666666667
67,32,0.029166666666666667
67,33,0.030208333333333334
67,34,0.03125
67,35,0.028125
67,36,0.034375
67,37,0.03333333333333333
67,38,0.027083333333333334
67,39,0.03125
67,40,0.03229166666666667
67,41,0.029166666666666667
67,42,0.030208333333333334
67,43,0.030208333333333334
67,44,0.03333333333333333
67,45,0.026041666666666668
67,46,0.027083333333333334
67,47,0.036458333333333336
67,48,0.029166666666666667
67,49,0.03333333333333333
67,50,0.029166666666666667
67,51,0.030208333333333334
67,52,0.025
67,53,0.03125
67,54,0.029166666666666667
67,55,0.03333333333333333
67,56,0.04375
67,57,0.036458333333333336
67,58,0.035416666666666666
67,59,0.028125
67,60,0.046875
67,61,0.035416666666666666
67,62,0.029166666666666667
67,63,0.04791666666666667
68,0,0.03333333333333333
68,1,0.03229166666666667
68,2,0.029166666666666667
68,3,0.028125
68,4,0.022916666666666665
68,5,0.025
68,6,0.03333333333333333
68,7,0.030208333333333334
68,8,0.027083333333333334
68,9,0.03333333333333333
68,10,0.03229166666666667
68,11,0.026041666666666668
68,12,0.029166666666666667
68,13,0.028125
68,14,0.03958333333333333
68,15,0.029166666666666667
68,16,0.035416666666666666
68,17,0.041666666666666664
68,18,0.035416666666666666
68,19,0.04791666666666667
68,20,0.04479166666666667
68,21,0.028125
68,22,0.0375
68,23,0.0375
68,24,0.030208333333333334
68,25,0.026041666666666668
68,26,0.03229166666666667
68,27,0.027083333333333334
68,28,0.03229166666666667
68,29,0.03333333333333333
68,30,0.030208333333333334
68,31,0.03333333333333333
68,32,0.03125
68,33,0.029166666666666667
68,34,0.030208333333333334
68,35,0.029166666666666667
68,36,0.03125
68,37,0.03333333333333333
68,38,0.030208333333333334
68,39,0.026041666666666668
68,40,0.027083333333333334
68,41,0.029166666666666667
68,42,0.03125
68,43,0.029166666666666667
68,44,0.027083333333333334
68,45,0.029166666666666667
68,46,0.027083333333333334
68,47,0.0375
68,48,0.05
68,49,0.03125
68,50,0.03229166666666667
68,51,0.05
68,52,0.03333333333333333
68,53,0.03125
68,54,0.03229166666666667
68,55,0.109375
68,56,0.029166666666666667
68,57,0.028125
68,58,0.029166666666666667
68,59,0.036458333333333336
68,60,0.03333333333333333
68,61,0.030208333333333334
68,62,0.026041666666666668
68,63,0.029166666666666667
69,0,0.029166666666666667
69,1,0.023958333333333335
69,2,0.03333333333333333
69,3,0.03125
69,4,0.027083333333333334
69,5,0.028125
69,6,0.028125
69,7,0.030208333333333334
69,8,0.029166666666666667
69,9,0.027083333333333334
69,10,0.029166666666666667
69,11,0.025
69,12,0.03229166666666667
69,13,0.03229166666666667
69,14,0.030208333333333334
69,15,0.03125
69,16,0.030208333333333334
69,17,0.03229166666666667
69,18,0.03229166666666667
69,19,0.027083333333333334
69,20,0.030208333333333334
69,21,0.028125
69,22,0.029166666666666667
69,23,0.026041666666666668
69,24,0.028125
69,25,0.03229166666666667
69,26,0.03229166666666667
69,27,0.029166666666666667
69,28,0.03125
69,29,0.030208333333333334
69,30,0.027083333333333334
69,31,0.035416666666666666
69,32,0.025
69,33,0.04479166666666667
69,34,0.03229166666666667
69,35,0.03125
69,36,0.03125
69,37,0.030208333333333334
69,38,0.027083333333333334
69,39,0.03229166666666667
69,40,0.030208333333333334
69,41,0.03333333333333333
69,42,0.030208333333333334
69,43,0.035416666666666666
69,44,0.034375
69,45,0.022916666666666665
69,46,0.029166666666666667
69,47,0.036458333333333336
69,48,0.027083333333333334
69,49,0.027083333333333334
69,50,0.030208333333333334
69,51,0.03229166666666667
69,52,0.03229166666666667
69,53,0.03333333333333333
69,54,0.026041666666666668
69,55,0.03229166666666667
69,56,0.03229166666666667
69,57,0.035416666666666666
69,58,0.027083333333333334
69,59,0.028125
69,60,0.03229166666666667
69,61,0.03229166666666667
69,62,0.034375
69,63,0.026041666666666668
70,0,0.026041666666666668
70,1,0.027083333333333334
70,2,0.03958333333333333
70,3,0.025
70,4,0.029166666666666667
70,5,0.03958333333333333
70,6,0.041666666666666664
70,7,0.029166666666666667
70,8,0.023958333333333335
70,9,0.03125
70,10,0.035416666666666666
70,11,0.025
70,12,0.03229166666666667
70,13,0.03333333333333333
70,14,0.03333333333333333
70,15,0.027083333333333334
70,16,0.028125
70,17,0.027083333333333334
70,18,0.028125
70,19,0.030208333333333334
70,20,0.029166666666666667
70,21,0.030208333333333334
70,22,0.03125
70,23,0.025
70,24,0.030208333333333334
70,25,0.034375
70,26,0.034375
70,27,0.030208333333333334
70,28,0.03125
70,29,0.029166666666666667
70,30,0.023958333333333335
70,31,0.03125
70,32,0.025
70,33,0.028125
70,34,0.028125
70,35,0.029166666666666667
70,36,0.030208333333333334
70,37,0.03229166666666667
70,38,0.029166666666666667
70,39,0.03229166666666667
70,40,0.03854166666666667
70,41,0.028125
70,42,0.028125
70,43,0.035416666666666666
70,44,0.029166666666666667
70,45,0.027083333333333334
70,46,0.03229166666666667
70,47,0.034375
70,48,0.029166666666666667
70,49,0.03125
70,50,0.028125
70,51,0.03125
70,52,0.03229166666666667
70,53,0.029166666666666667
70,54,0.021875
70,55,0.03229166666666667
70,56,0.028125
70,57,0.028125
70,58,0.03125
70,59,0.030208333333333334
70,60,0.03125
70,61,0.03333333333333333
70,62,0.028125
70,63,0.026041666666666668
71,0,0.06041666666666667
71,1,0.03125
71,2,0.041666666666666664
71,3,0.030208333333333334
71,4,0.03229166666666667
71,5,0.029166666666666667
71,6,0.036458333333333336
71,7,0.04375
71,8,0.027083333333333334
71,9,0.03229166666666667
71,10,0.027083333333333334
71,11,0.030208333333333334
71,12,0.03333333333333333
71,13,0.030208333333333334
71,14,0.027083333333333334
71,15,0.03333333333333333
71,16,0.028125
71,17,0.028125
71,18,0.03229166666666667
71,19,0.029166666666666667
71,20,0.027083333333333334
71,21,0.026041666666666668
71,22,0.03125
71,23,0.029166666666666667
71,24,0.027083333333333334
71,25,0.027083333333333334
71,26,0.026041666666666668
71,27,0.026041666666666668
71,28,0.026041666666666668
71,29,0.028125
71,30,0.03125
71,31,0.03333333333333333
71,32,0.06458333333333334
71,33,0.03125
71,34,0.027083333333333334
71,35,0.058333333333333334
71,36,0.030208333333333334
71,37,0.05625
71,38,0.028125
71,39,0.035416666666666666
71,40,0.03229166666666667
71,41,0.03125
71,42,0.029166666666666667
71,43,0.030208333333333334
71,44,0.03229166666666667
71,45,0.028125
71,46,0.028125
71,47,0.036458333333333336
71,48,0.046875
71,49,0.027083333333333334
71,50,0.030208333333333334
71,51,0.035416666666666666
71,52,0.03333333333333333
71,53,0.030208333333333334
71,54,0.027083333333333334
71,55,0.03333333333333333
71,56,0.027083333333333334
71,57,0.030208333333333334
71,58,0.028125
71,59,0.028125
71,60,0.030208333333333334
71,61,0.046875
71,62,0.027083333333333334
71,63,0.029166666666666667
72,0,0.034375
72,1,0.030208333333333334
72,2,0.030208333333333334
72,3,0.025
72,4,0.030208333333333334
72,5,0.03125
72,6,0.034375
72,7,0.036458333333333336
72,8,0.027083333333333334
72,9,0.028125
72,10,0.028125
72,11,0.03229166666666667
72,12,0.026041666666666668
72,13,0.035416666666666666
72,14,0.034375
72,15,0.023958333333333335
72,16,0.03125
72,17,0.029166666666666667
72,18,0.03229166666666667
72,19,0.036458333333333336
72,20,0.03125
72,21,0.030208333333333334
72,22,0.03125
72,23,0.03229166666666667
72,24,0.028125
72,25,0.028125
72,26,0.03229166666666667
72,27,0.03229166666666667
72,28,0.029166666666666667
72,29,0.027083333333333334
72,30,0.028125
72,31,0.03333333333333333
72,32,0.042708333333333334
72,33,0.03229166666666667
72,34,0.03958333333333333
72,35,0.046875
72,36,0.036458333333333336
72,37,0.030208333333333334
72,38,0.036458333333333336
72,39,0.057291666666666664
72,40,0.03125
72,41,0.03229166666666667
72,42,0.03125
72,43,0.028125
72,44,0.028125
72,45,0.030208333333333334
72,46,0.027083333333333334
72,47,0.022916666666666665
72,48,0.03229166666666667
72,49,0.03229166666666667
72,50,0.03125
72,51,0.029166666666666667
72,52,0.03229166666666667
72,53,0.027083333333333334
72,54,0.03333333333333333
72,55,0.025
72,56,0.03125
72,57,0.03125
72,58,0.03333333333333333
72,59,0.03958333333333333
72,60,0.03229166666666667
72,61,0.029166666666666667
72,62,0.030208333333333334
72,63,0.030208333333333334
73,0,0.04375
73,1,0.03229166666666667
73,2,0.03125
73,3,0.07708333333333334
73,4,0.025
73,5,0.034375
73,6,0.04791666666666667
73,7,0.030208333333333334
73,8,0.027083333333333334
73,9,0.028125
73,10,0.03333333333333333
73,11,0.028125
73,12,0.03229166666666667
73,13,0.030208333333333334
73,14,0.029166666666666667
73,15,0.040625
73,16,0.029166666666666667
73,17,0.03333333333333333
73,18,0.03125
73,19,0.030208333333333334
73,20,0.03125
73,21,0.03333333333333333
73,22,0.03229166666666667
73,23,0.03333333333333333
73,24,0.028125
73,25,0.029166666666666667
73,26,0.03229166666666667
73,27,0.029166666666666667
73,28,0.029166666666666667
73,29,0.029166666666666667
73,30,0.03229166666666667
73,31,0.023958333333333335
73,32,0.03229166666666667
73,33,0.041666666666666664
73,34,0.028125
73,35,0.027083333333333334
73,36,0.03333333333333333
73,37,0.03125
73,38,0.03854166666666667
73,39,0.027083333333333334
73,40,0.030208333333333334
73,41,0.030208333333333334
73,42,0.028125
73,43,0.035416666666666666
73,44,0.027083333333333334
73,45,0.028125
73,46,0.053125
73,47,0.027083333333333334
73,48,0.030208333333333334
73,49,0.029166666666666667
73,50,0.028125
73,51,0.030208333333333334
73,52,0.028125
73,53,0.029166666666666667
73,54,0.03125
73,55,0.030208333333333334
73,56,0.03229166666666667
73,57,0.03229166666666667
73,58,0.027083333333333334
73,59,0.053125
73,60,0.03333333333333333
73,61,0.040625
73,62,0.11458333333333333
73,63,0.03958333333333333
74,0,0.03333333333333333
74,1,0.027083333333333334
74,2,0.025
74,3,0.034375
74,4,0.03125
74,5,0.023958333333333335
74,6,0.027083333333333334
74,7,0.035416666666666666
74,8,0.028125
74,9,0.09583333333333334
74,10,0.029166666666666667
74,11,0.03229166666666667
74,12,0.023958333333333335
74,13,0.09895833333333333
74,14,0.04791666666666667
74,15,0.042708333333333334
74,16,0.03333333333333333
74,17,0.03229166666666667
74,18,0.034375
74,19,0.03125
74,20,0.027083333333333334
74,21,0.041666666666666664
74,22,0.034375
74,23,0.028125
74,24,0.03229166666666667
74,25,0.03229166666666667
74,26,0.03333333333333333
74,27,0.030208333333333334
74,28,0.029166666666666667
74,29,0.0375
74,30,0.03125
74,31,0.03229166666666667
74,32,0.028125
74,33,0.03333333333333333
74,34,0.034375
74,35,0.03125
74,36,0.03229166666666667
74,37,0.029166666666666667
74,38,0.03125
74,39,0.028125
74,40,0.035416666666666666
74,41,0.029166666666666667
74,42,0.03125
74,43,0.0375
74,44,0.03125
74,45,0.029166666666666667
74,46,0.03333333333333333
74,47,0.030208333333333334
74,48,0.028125
74,49,0.03125
74,50,0.029166666666666667
74,51,0.034375
74,52,0.03333333333333333
74,53,0.03229166666666667
74,54,0.030208333333333334
74,55,0.030208333333333334
74,56,0.030208333333333334
74,57,0.030208333333333334
74,58,0.029166666666666667
74,59,0.028125
74,60,0.029166666666666667
74,61,0.030208333333333334
74,62,0.029166666666666667
74,63,0.03333333333333333
75,0,0.029166666666666667
75,1,0.04375
75,2,0.04791666666666667
75,3,0.03125
75,4,0.035416666666666666
75,5,0.053125
75,6,0.030208333333333334
75,7,0.16041666666666668
75,8,0.029166666666666667
75,9,0.03125
75,10,0.036458333333333336
75,11,0.03125
75,12,0.028125
75,13,0.034375
75,14,0.026041666666666668
75,15,0.030208333333333334
75,16,0.030208333333333334
75,17,0.03333333333333333
75,18,0.04375
75,19,0.025
75,20,0.028125
75,21,0.030208333333333334
75,22,0.03125
75,23,0.03854166666666667
75,24,0.04895833333333333
75,25,0.027083333333333334
75,26,0.028125
75,27,0.029166666666666667
75,28,0.03958333333333333
75,29,0.04375
75,30,0.07395833333333333
75,31,0.030208333333333334
75,32,0.0375
75,33,0.035416666666666666
75,34,0.03854166666666667
75,35,0.03125
75,36,0.036458333333333336
75,37,0.041666666666666664
75,38,0.029166666666666667
75,39,0.029166666666666667
75,40,0.029166666666666667
75,41,0.03229166666666667
75,42,0.03229166666666667
75,43,0.03333333333333333
75,44,0.034375
75,45,0.026041666666666668
75,46,0.03229166666666667
75,47,0.028125
75,48,0.029166666666666667
75,49,0.035416666666666666
75,50,0.029166666666666667
75,51,0.026041666666666668
75,52,0.030208333333333334
75,53,0.03229166666666667
75,54,0.03229166666666667
75,55,0.036458333333333336
75,56,0.03125
75,57,0.03125
75,58,0.03229166666666667
75,59,0.030208333333333334
75,60,0.03125
75,61,0.029166666666666667
75,62,0.026041666666666668
75,63,0.029166666666666667
76,0,0.0375
76,1,0.05
76,2,0.030208333333333334
76,3,0.03333333333333333
76,4,0.04791666666666667
76,5,0.034375
76,6,0.03854166666666667
76,7,0.025
76,8,0.028125
76,9,0.027083333333333334
76,10,0.027083333333333334
76,11,0.03125
76,12,0.025
76,13,0.034375
76,14,0.03125
76,15,0.03229166666666667
76,16,0.025
76,17,0.03229166666666667
76,18,0.03333333333333333
76,19,0.030208333333333334
76,20,0.03125
76,21,0.028125
76,22,0.026041666666666668
76,23,0.03125
76,24,0.034375
76,25,0.035416666666666666
76,26,0.026041666666666668
76,27,0.029166666666666667
76,28,0.03333333333333333
76,29,0.0375
76,30,0.026041666666666668
76,31,0.0375
76,32,0.030208333333333334
76,33,0.03125
76,34,0.03229166666666667
76,35,0.03333333333333333
76,36,0.029166666666666667
76,37,0.030208333333333334
76,38,0.03229166666666667
76,39,0.03333333333333333
76,40,0.03229166666666667
76,41,0.029166666666666667
76,42,0.03125
76,43,0.036458333333333336
76,44,0.030208333333333334
76,45,0.0375
76,46,0.03125
76,47,0.029166666666666667
76,48,0.03333333333333333
76,49,0.0375
76,50,0.027083333333333334
76,51,0.03125
76,52,0.03229166666666667
76,53,0.027083333333333334
76,54,0.03125
76,55,0.027083333333333334
76,56,0.03229166666666667
76,57,0.03125
76,58,0.030208333333333334
76,59,0.03333333333333333
76,60,0.029166666666666667
76,61,0.026041666666666668
76,62,0.025
76,63,0.035416666666666666
77,0,0.03333333333333333
77,1,0.027083333333333334
77,2,0.029166666666666667
77,3,0.03229166666666667
77,4,0.026041666666666668
77,5,0.028125
77,6,0.023958333333333335
77,7,0.027083333333333334
77,8,0.029166666666666667
77,9,0.027083333333333334
77,10,0.030208333333333334
77,11,0.03125
77,12,0.057291666666666664
77,13,0.027083333333333334
77,14,0.021875
77,15,0.028125
77,16,0.029166666666666667
77,17,0.05
77,18,0.023958333333333335
77,19,0.029166666666666667
77,20,0.026041666666666668
77,21,0.03229166666666667
77,22,0.029166666666666667
77,23,0.03958333333333333
77,24,0.030208333333333334
77,25,0.030208333333333334
77,26,0.026041666666666668
77,27,0.028125
77,28,0.03333333333333333
77,29,0.03125
77,30,0.030208333333333334
77,31,0.030208333333333334
77,32,0.029166666666666667
77,33,0.03125
77,34,0.028125
77,35,0.022916666666666665
77,36,0.03333333333333333
77,37,0.027083333333333334
77,38,0.029166666666666667
77,39,0.027083333333333334
77,40,0.029166666666666667
77,41,0.036458333333333336
77,42,0.06770833333333333
77,43,0.027083333333333334
77,44,0.06770833333333333
77,45,0.03333333333333333
77,46,0.0375
77,47,0.05
77,48,0.026041666666666668
77,49,0.026041666666666668
77,50,0.03854166666666667
77,51,0.046875
77,52,0.026041666666666668
77,53,0.030208333333333334
77,54,0.025
77,55,0.025
77,56,0.030208333333333334
77,57,0.028125
77,58,0.028125
77,59,0.029166666666666667
77,60,0.029166666666666667
77,61,0.025
77,62,0.029166666666666667
77,63,0.023958333333333335
78,0,0.05
78,1,0.026041666666666668
78,2,0.10104166666666667
78,3,0.029166666666666667
78,4,0.030208333333333334
78,5,0.04479166666666667
78,6,0.030208333333333334
78,7,0.03125
78,8,0.029166666666666667
78,9,0.030208333333333334
78,10,0.03125
78,11,0.028125
78,12,0.025
78,13,0.04583333333333333
78,14,0.03125
78,15,0.025
78,16,0.07395833333333333
78,17,0.030208333333333334
78,18,0.030208333333333334
78,19,0.023958333333333335
78,20,0.030208333333333334
78,21,0.03125
78,22,0.030208333333333334
78,23,0.030208333333333334
78,24,0.029166666666666667
78,25,0.036458333333333336
78,26,0.12395833333333334
78,27,0.06458333333333334
78,28,0.04583333333333333
78,29,0.028125
78,30,0.03854166666666667
78,31,0.04791666666666667
78,32,0.028125
78,33,0.030208333333333334
78,34,0.034375
78,35,0.030208333333333334
78,36,0.03125
78,37,0.036458333333333336
78,38,0.03229166666666667
78,39,0.034375
78,40,0.03333333333333333
78,41,0.05
78,42,0.034375
78,43,0.030208333333333334
78,44,0.028125
78,45,0.030208333333333334
78,46,0.023958333333333335
78,47,0.03333333333333333
78,48,0.042708333333333334
78,49,0.035416666666666666
78,50,0.041666666666666664
78,51,0.03958333333333333
78,52,0.03229166666666667
78,53,0.030208333333333334
78,54,0.075
78,55,0.1
78,56,0.029166666666666667
78,57,0.03229166666666667
78,58,0.03125
78,59,0.029166666666666667
78,60,0.029166666666666667
78,61,0.027083333333333334
78,62,0.030208333333333334
78,63,0.029166666666666667
79,0,0.03125
79,1,0.0375
79,2,0.030208333333333334
79,3,0.030208333333333334
79,4,0.03333333333333333
79,5,0.026041666666666668
79,6,0.029166666666666667
79,7,0.030208333333333334
79,8,0.03229166666666667
79,9,0.028125
79,10,0.028125
79,11,0.1375
79,12,0.034375
79,13,0.03125
79,14,0.03229166666666667
79,15,0.052083333333333336
79,16,0.05
79,17,0.029166666666666667
79,18,0.03125
79,19,0.030208333333333334
79,20,0.029166666666666667
79,21,0.03125
79,22,0.03229166666666667
79,23,0.022916666666666665
79,24,0.030208333333333334
79,25,0.03333333333333333
79,26,0.03125
79,27,0.025
79,28,0.030208333333333334
79,29,0.029166666666666667
79,30,0.03125
79,31,0.03333333333333333
79,32,0.07083333333333333
79,33,0.030208333333333334
79,34,0.03125
79,35,0.029166666666666667
79,36,0.035416666666666666
79,37,0.026041666666666668
79,38,0.04479166666666667
79,39,0.029166666666666667
79,40,0.028125
79,41,0.030208333333333334
79,42,0.026041666666666668
79,43,0.036458333333333336
79,44,0.036458333333333336
79,45,0.03125
79,46,0.034375
79,47,0.0625
79,48,0.022916666666666665
79,49,0.027083333333333334
79,50,0.023958333333333335
79,51,0.023958333333333335
79,52,0.023958333333333335
79,53,0.025
79,54,0.03958333333333333
79,55,0.026041666666666668
79,56,0.029166666666666667
79,57,0.025
79,58,0.023958333333333335
79,59,0.030208333333333334
79,60,0.022916666666666665
79,61,0.022916666666666665
79,62,0.027083333333333334
79,63,0.021875
