model,group,ratio,ratio_label,k,k_actual,crel_pair,pair_id,attr_dim,delta_target_logit_signed,delta_source_logit_signed,argmax_token_id_clean,argmax_token_id_patched,n_cell_C_p,n_cell_D_p,n_cell_hihp_p,n_cell_hilp_p,causal_imp_median,perturbation_median
gpt-j-6b-fp32,C_p_imp_asc,0.05,r0.05,22,22,SAME-OPP,pair0,P,-0.020987510681152344,-0.010837554931640625,632,632,26,198,198,26,0.00791823466618851,1.0258870124816895
gpt-j-6b-fp32,C_p_imp_asc,0.05,r0.05,22,22,SAME-OPP,pair0,Q,0.005555152893066406,0.0017995834350585938,39733,39733,26,198,198,26,0.00791823466618851,1.0258870124816895
gpt-j-6b-fp32,C_p_imp_asc,0.05,r0.05,22,22,SAME-OPP,pair1,P,-0.011827468872070312,0.0041828155517578125,27059,27059,26,198,198,26,0.00791823466618851,1.0258870124816895
gpt-j-6b-fp32,C_p_imp_asc,0.05,r0.05,22,22,SAME-OPP,pair1,Q,-0.004448890686035156,-0.00089263916015625,19157,19157,26,198,198,26,0.00791823466618851,1.0258870124816895
gpt-j-6b-fp32,C_p_imp_asc,0.05,r0.05,22,22,SAME-OPP,pair2,P,-0.044647216796875,-0.012254714965820312,27059,27059,26,198,198,26,0.00791823466618851,1.0258870124816895
gpt-j-6b-fp32,C_p_imp_asc,0.05,r0.05,22,22,SAME-OPP,pair2,Q,-0.01640033721923828,-0.013507843017578125,632,632,26,198,198,26,0.00791823466618851,1.0258870124816895
gpt-j-6b-fp32,C_p_imp_asc,0.05,r0.05,22,22,SAME-OPP,pair3,P,-0.020816802978515625,0.001232147216796875,27059,27059,26,198,198,26,0.00791823466618851,1.0258870124816895
gpt-j-6b-fp32,C_p_imp_asc,0.05,r0.05,22,22,SAME-OPP,pair3,Q,-0.018346786499023438,-0.017319679260253906,5930,5930,26,198,198,26,0.00791823466618851,1.0258870124816895
gpt-j-6b-fp32,C_p_imp_asc,0.05,r0.05,22,22,SAME-OPP,pair4,P,-0.02130126953125,-0.016378402709960938,27059,27059,26,198,198,26,0.00791823466618851,1.0258870124816895
gpt-j-6b-fp32,C_p_imp_asc,0.05,r0.05,22,22,SAME-OPP,pair4,Q,-0.005467414855957031,-0.011584281921386719,632,632,26,198,198,26,0.00791823466618851,1.0258870124816895
gpt-j-6b-fp32,C_p_imp_asc,0.05,r0.05,22,22,SAME-OPP,pair5,P,-0.022794723510742188,0.0013895034790039062,27059,27059,26,198,198,26,0.00791823466618851,1.0258870124816895
gpt-j-6b-fp32,C_p_imp_asc,0.05,r0.05,22,22,SAME-OPP,pair5,Q,-0.0062198638916015625,-0.0031270980834960938,632,632,26,198,198,26,0.00791823466618851,1.0258870124816895
gpt-j-6b-fp32,C_p_imp_asc,0.05,r0.05,22,22,SAME-OPP,pair6,P,-0.015278816223144531,-0.010012626647949219,27059,27059,26,198,198,26,0.00791823466618851,1.0258870124816895
gpt-j-6b-fp32,C_p_imp_asc,0.05,r0.05,22,22,SAME-OPP,pair6,Q,0.006630897521972656,-0.004489898681640625,632,632,26,198,198,26,0.00791823466618851,1.0258870124816895
gpt-j-6b-fp32,C_p_imp_asc,0.05,r0.05,22,22,SAME-OPP,pair7,P,-0.049445152282714844,-0.012189865112304688,632,632,26,198,198,26,0.00791823466618851,1.0258870124816895
gpt-j-6b-fp32,C_p_imp_asc,0.05,r0.05,22,22,SAME-OPP,pair7,Q,-0.00168609619140625,-0.0027132034301757812,632,632,26,198,198,26,0.00791823466618851,1.0258870124816895
gpt-j-6b-fp32,C_p_imp_asc,0.05,r0.05,22,22,SAME-OPP,pair8,P,0.000591278076171875,-0.0047740936279296875,1874,1874,26,198,198,26,0.00791823466618851,1.0258870124816895
gpt-j-6b-fp32,C_p_imp_asc,0.05,r0.05,22,22,SAME-OPP,pair8,Q,0.000690460205078125,0.0061283111572265625,1874,1874,26,198,198,26,0.00791823466618851,1.0258870124816895
gpt-j-6b-fp32,C_p_imp_asc,0.05,r0.05,22,22,SAME-OPP,pair9,P,-0.03250408172607422,-0.003238677978515625,27059,27059,26,198,198,26,0.00791823466618851,1.0258870124816895
gpt-j-6b-fp32,C_p_imp_asc,0.05,r0.05,22,22,SAME-OPP,pair9,Q,0.001399993896484375,-0.0062541961669921875,23663,23663,26,198,198,26,0.00791823466618851,1.0258870124816895
gpt-j-6b-fp32,C_p_imp_asc,0.05,r0.05,22,22,SAME-MORE,pair0,P,-0.027631759643554688,0.20836544036865234,10255,10255,26,198,198,26,0.00791823466618851,1.0258870124816895
gpt-j-6b-fp32,C_p_imp_asc,0.05,r0.05,22,22,SAME-MORE,pair0,Q,0.019293785095214844,0.08272695541381836,10255,10255,26,198,198,26,0.00791823466618851,1.0258870124816895
gpt-j-6b-fp32,C_p_imp_asc,0.05,r0.05,22,22,SAME-MORE,pair1,P,0.045001983642578125,0.10914802551269531,18605,18605,26,198,198,26,0.00791823466618851,1.0258870124816895
gpt-j-6b-fp32,C_p_imp_asc,0.05,r0.05,22,22,SAME-MORE,pair1,Q,0.05958747863769531,0.07974052429199219,18605,18605,26,198,198,26,0.00791823466618851,1.0258870124816895
gpt-j-6b-fp32,C_p_imp_asc,0.05,r0.05,22,22,SAME-MORE,pair2,P,0.07375240325927734,0.12897253036499023,8038,8038,26,198,198,26,0.00791823466618851,1.0258870124816895
gpt-j-6b-fp32,C_p_imp_asc,0.05,r0.05,22,22,SAME-MORE,pair2,Q,0.00386810302734375,-0.017583370208740234,8038,8038,26,198,198,26,0.00791823466618851,1.0258870124816895
gpt-j-6b-fp32,C_p_imp_asc,0.05,r0.05,22,22,SAME-MORE,pair3,P,0.07995891571044922,0.15589141845703125,1234,1234,26,198,198,26,0.00791823466618851,1.0258870124816895
gpt-j-6b-fp32,C_p_imp_asc,0.05,r0.05,22,22,SAME-MORE,pair3,Q,0.1452465057373047,0.11181163787841797,1234,1234,26,198,198,26,0.00791823466618851,1.0258870124816895
gpt-j-6b-fp32,C_p_imp_asc,0.05,r0.05,22,22,SAME-MORE,pair4,P,-0.09439563751220703,0.03704261779785156,23448,23448,26,198,198,26,0.00791823466618851,1.0258870124816895
gpt-j-6b-fp32,C_p_imp_asc,0.05,r0.05,22,22,SAME-MORE,pair4,Q,-0.018339157104492188,0.08082199096679688,23448,23448,26,198,198,26,0.00791823466618851,1.0258870124816895
gpt-j-6b-fp32,C_p_imp_asc,0.05,r0.05,22,22,SAME-MORE,pair5,P,0.03940391540527344,0.07928657531738281,969,969,26,198,198,26,0.00791823466618851,1.0258870124816895
gpt-j-6b-fp32,C_p_imp_asc,0.05,r0.05,22,22,SAME-MORE,pair5,Q,0.004807472229003906,0.05063152313232422,1426,1426,26,198,198,26,0.00791823466618851,1.0258870124816895
gpt-j-6b-fp32,C_p_imp_asc,0.05,r0.05,22,22,SAME-MORE,pair6,P,0.010191917419433594,0.025101661682128906,6514,6514,26,198,198,26,0.00791823466618851,1.0258870124816895
gpt-j-6b-fp32,C_p_imp_asc,0.05,r0.05,22,22,SAME-MORE,pair6,Q,0.07476234436035156,-0.013849735260009766,6514,6514,26,198,198,26,0.00791823466618851,1.0258870124816895
gpt-j-6b-fp32,C_p_imp_asc,0.05,r0.05,22,22,SAME-MORE,pair7,P,-0.014566421508789062,0.12826824188232422,22111,22111,26,198,198,26,0.00791823466618851,1.0258870124816895
gpt-j-6b-fp32,C_p_imp_asc,0.05,r0.05,22,22,SAME-MORE,pair7,Q,0.0629892349243164,0.020203590393066406,22111,22111,26,198,198,26,0.00791823466618851,1.0258870124816895
gpt-j-6b-fp32,C_p_imp_asc,0.05,r0.05,22,22,SAME-MORE,pair8,P,-0.0466766357421875,0.11693572998046875,969,969,26,198,198,26,0.00791823466618851,1.0258870124816895
gpt-j-6b-fp32,C_p_imp_asc,0.05,r0.05,22,22,SAME-MORE,pair8,Q,-0.02167987823486328,0.04497671127319336,969,969,26,198,198,26,0.00791823466618851,1.0258870124816895
gpt-j-6b-fp32,C_p_imp_asc,0.05,r0.05,22,22,SAME-MORE,pair9,P,-0.13096332550048828,0.06463336944580078,34439,34439,26,198,198,26,0.00791823466618851,1.0258870124816895
gpt-j-6b-fp32,C_p_imp_asc,0.05,r0.05,22,22,SAME-MORE,pair9,Q,-0.04617118835449219,0.017926692962646484,34439,34439,26,198,198,26,0.00791823466618851,1.0258870124816895
gpt-j-6b-fp32,C_p_imp_asc,0.05,r0.05,22,22,SAME-LESS,pair0,P,-0.07271385192871094,0.2393951416015625,10255,10255,26,198,198,26,0.00791823466618851,1.0258870124816895
gpt-j-6b-fp32,C_p_imp_asc,0.05,r0.05,22,22,SAME-LESS,pair0,Q,-0.0667257308959961,0.09078598022460938,10255,10255,26,198,198,26,0.00791823466618851,1.0258870124816895
gpt-j-6b-fp32,C_p_imp_asc,0.05,r0.05,22,22,SAME-LESS,pair1,P,-0.14850807189941406,0.1469745635986328,18605,18605,26,198,198,26,0.00791823466618851,1.0258870124816895
gpt-j-6b-fp32,C_p_imp_asc,0.05,r0.05,22,22,SAME-LESS,pair1,Q,-0.017168045043945312,0.08316707611083984,18605,18605,26,198,198,26,0.00791823466618851,1.0258870124816895
gpt-j-6b-fp32,C_p_imp_asc,0.05,r0.05,22,22,SAME-LESS,pair2,P,-0.20730113983154297,0.1655268669128418,8038,8038,26,198,198,26,0.00791823466618851,1.0258870124816895
gpt-j-6b-fp32,C_p_imp_asc,0.05,r0.05,22,22,SAME-LESS,pair2,Q,-0.1396036148071289,0.008094310760498047,8038,8038,26,198,198,26,0.00791823466618851,1.0258870124816895
gpt-j-6b-fp32,C_p_imp_asc,0.05,r0.05,22,22,SAME-LESS,pair3,P,-0.0965433120727539,0.19527435302734375,5930,5930,26,198,198,26,0.00791823466618851,1.0258870124816895
gpt-j-6b-fp32,C_p_imp_asc,0.05,r0.05,22,22,SAME-LESS,pair3,Q,-0.08922100067138672,0.10741186141967773,5930,5930,26,198,198,26,0.00791823466618851,1.0258870124816895
gpt-j-6b-fp32,C_p_imp_asc,0.05,r0.05,22,22,SAME-LESS,pair4,P,-0.4305267333984375,0.07134056091308594,23448,23448,26,198,198,26,0.00791823466618851,1.0258870124816895
gpt-j-6b-fp32,C_p_imp_asc,0.05,r0.05,22,22,SAME-LESS,pair4,Q,-0.3015127182006836,0.07422399520874023,23448,23448,26,198,198,26,0.00791823466618851,1.0258870124816895
gpt-j-6b-fp32,C_p_imp_asc,0.05,r0.05,22,22,SAME-LESS,pair5,P,-0.045734405517578125,0.12846755981445312,969,969,26,198,198,26,0.00791823466618851,1.0258870124816895
gpt-j-6b-fp32,C_p_imp_asc,0.05,r0.05,22,22,SAME-LESS,pair5,Q,-0.057900428771972656,0.04891014099121094,1426,1426,26,198,198,26,0.00791823466618851,1.0258870124816895
gpt-j-6b-fp32,C_p_imp_asc,0.05,r0.05,22,22,SAME-LESS,pair6,P,-0.1421527862548828,0.06740570068359375,6514,6514,26,198,198,26,0.00791823466618851,1.0258870124816895
gpt-j-6b-fp32,C_p_imp_asc,0.05,r0.05,22,22,SAME-LESS,pair6,Q,-0.1165475845336914,-0.006105899810791016,6514,6514,26,198,198,26,0.00791823466618851,1.0258870124816895
gpt-j-6b-fp32,C_p_imp_asc,0.05,r0.05,22,22,SAME-LESS,pair7,P,-0.016762733459472656,0.19107437133789062,22111,22111,26,198,198,26,0.00791823466618851,1.0258870124816895
gpt-j-6b-fp32,C_p_imp_asc,0.05,r0.05,22,22,SAME-LESS,pair7,Q,0.011960029602050781,0.03595781326293945,22111,22111,26,198,198,26,0.00791823466618851,1.0258870124816895
gpt-j-6b-fp32,C_p_imp_asc,0.05,r0.05,22,22,SAME-LESS,pair8,P,-0.05733489990234375,0.13448524475097656,969,969,26,198,198,26,0.00791823466618851,1.0258870124816895
gpt-j-6b-fp32,C_p_imp_asc,0.05,r0.05,22,22,SAME-LESS,pair8,Q,-0.0745859146118164,0.03930807113647461,969,969,26,198,198,26,0.00791823466618851,1.0258870124816895
gpt-j-6b-fp32,C_p_imp_asc,0.05,r0.05,22,22,SAME-LESS,pair9,P,-0.16675090789794922,0.10295391082763672,34439,34439,26,198,198,26,0.00791823466618851,1.0258870124816895
gpt-j-6b-fp32,C_p_imp_asc,0.05,r0.05,22,22,SAME-LESS,pair9,Q,-0.1664562225341797,0.040180206298828125,34439,34439,26,198,198,26,0.00791823466618851,1.0258870124816895
gpt-j-6b-fp32,C_p_imp_asc,0.05,r0.05,22,22,OPP-MORE,pair0,P,-0.035431861877441406,0.18259310722351074,10255,10255,26,198,198,26,0.00791823466618851,1.0258870124816895
gpt-j-6b-fp32,C_p_imp_asc,0.05,r0.05,22,22,OPP-MORE,pair0,Q,0.02617645263671875,0.01846027374267578,10255,10255,26,198,198,26,0.00791823466618851,1.0258870124816895
gpt-j-6b-fp32,C_p_imp_asc,0.05,r0.05,22,22,OPP-MORE,pair1,P,0.03485393524169922,0.1297132968902588,18605,18605,26,198,198,26,0.00791823466618851,1.0258870124816895
gpt-j-6b-fp32,C_p_imp_asc,0.05,r0.05,22,22,OPP-MORE,pair1,Q,0.05814075469970703,0.03706216812133789,18605,18605,26,198,198,26,0.00791823466618851,1.0258870124816895
gpt-j-6b-fp32,C_p_imp_asc,0.05,r0.05,22,22,OPP-MORE,pair2,P,0.042998313903808594,0.08794665336608887,8038,8038,26,198,198,26,0.00791823466618851,1.0258870124816895
gpt-j-6b-fp32,C_p_imp_asc,0.05,r0.05,22,22,OPP-MORE,pair2,Q,0.011397361755371094,-0.04323244094848633,8038,8038,26,198,198,26,0.00791823466618851,1.0258870124816895
gpt-j-6b-fp32,C_p_imp_asc,0.05,r0.05,22,22,OPP-MORE,pair3,P,0.054306983947753906,0.10722410678863525,1234,1234,26,198,198,26,0.00791823466618851,1.0258870124816895
gpt-j-6b-fp32,C_p_imp_asc,0.05,r0.05,22,22,OPP-MORE,pair3,Q,0.1264944076538086,0.040737152099609375,1234,1234,26,198,198,26,0.00791823466618851,1.0258870124816895
gpt-j-6b-fp32,C_p_imp_asc,0.05,r0.05,22,22,OPP-MORE,pair4,P,-0.12151813507080078,0.08817863464355469,23448,23448,26,198,198,26,0.00791823466618851,1.0258870124816895
gpt-j-6b-fp32,C_p_imp_asc,0.05,r0.05,22,22,OPP-MORE,pair4,Q,-0.03424835205078125,0.0447235107421875,23448,23448,26,198,198,26,0.00791823466618851,1.0258870124816895
gpt-j-6b-fp32,C_p_imp_asc,0.05,r0.05,22,22,OPP-MORE,pair5,P,-0.0053958892822265625,0.10368943214416504,969,969,26,198,198,26,0.00791823466618851,1.0258870124816895
gpt-j-6b-fp32,C_p_imp_asc,0.05,r0.05,22,22,OPP-MORE,pair5,Q,-0.025144577026367188,0.015069961547851562,1426,1426,26,198,198,26,0.00791823466618851,1.0258870124816895
gpt-j-6b-fp32,C_p_imp_asc,0.05,r0.05,22,22,OPP-MORE,pair6,P,-0.03908252716064453,0.06867539882659912,6514,6514,26,198,198,26,0.00791823466618851,1.0258870124816895
gpt-j-6b-fp32,C_p_imp_asc,0.05,r0.05,22,22,OPP-MORE,pair6,Q,0.04765033721923828,-0.014913082122802734,6514,6514,26,198,198,26,0.00791823466618851,1.0258870124816895
gpt-j-6b-fp32,C_p_imp_asc,0.05,r0.05,22,22,OPP-MORE,pair7,P,-0.03760814666748047,0.1346961259841919,22111,22111,26,198,198,26,0.00791823466618851,1.0258870124816895
gpt-j-6b-fp32,C_p_imp_asc,0.05,r0.05,22,22,OPP-MORE,pair7,Q,0.031444549560546875,0.020740509033203125,22111,22111,26,198,198,26,0.00791823466618851,1.0258870124816895
gpt-j-6b-fp32,C_p_imp_asc,0.05,r0.05,22,22,OPP-MORE,pair8,P,-0.05954551696777344,0.11695921421051025,969,969,26,198,198,26,0.00791823466618851,1.0258870124816895
gpt-j-6b-fp32,C_p_imp_asc,0.05,r0.05,22,22,OPP-MORE,pair8,Q,-0.03180217742919922,0.009703636169433594,969,969,26,198,198,26,0.00791823466618851,1.0258870124816895
gpt-j-6b-fp32,C_p_imp_asc,0.05,r0.05,22,22,OPP-MORE,pair9,P,-0.13123226165771484,0.1284029483795166,34439,34439,26,198,198,26,0.00791823466618851,1.0258870124816895
gpt-j-6b-fp32,C_p_imp_asc,0.05,r0.05,22,22,OPP-MORE,pair9,Q,-0.03509998321533203,-0.03356599807739258,34439,34439,26,198,198,26,0.00791823466618851,1.0258870124816895
gpt-j-6b-fp32,C_p_imp_asc,0.05,r0.05,22,22,OPP-LESS,pair0,P,-0.10032176971435547,0.18403005599975586,10255,10255,26,198,198,26,0.00791823466618851,1.0258870124816895
gpt-j-6b-fp32,C_p_imp_asc,0.05,r0.05,22,22,OPP-LESS,pair0,Q,-0.06037139892578125,0.035604000091552734,10255,10255,26,198,198,26,0.00791823466618851,1.0258870124816895
gpt-j-6b-fp32,C_p_imp_asc,0.05,r0.05,22,22,OPP-LESS,pair1,P,-0.13959026336669922,0.13671565055847168,18605,18605,26,198,198,26,0.00791823466618851,1.0258870124816895
gpt-j-6b-fp32,C_p_imp_asc,0.05,r0.05,22,22,OPP-LESS,pair1,Q,0.0048828125,0.04426097869873047,18605,18605,26,198,198,26,0.00791823466618851,1.0258870124816895
gpt-j-6b-fp32,C_p_imp_asc,0.05,r0.05,22,22,OPP-LESS,pair2,P,-0.1982717514038086,0.11049771308898926,8038,8038,26,198,198,26,0.00791823466618851,1.0258870124816895
gpt-j-6b-fp32,C_p_imp_asc,0.05,r0.05,22,22,OPP-LESS,pair2,Q,-0.13910961151123047,-0.02299022674560547,8038,8038,26,198,198,26,0.00791823466618851,1.0258870124816895
gpt-j-6b-fp32,C_p_imp_asc,0.05,r0.05,22,22,OPP-LESS,pair3,P,-0.09981250762939453,0.11613273620605469,5930,5930,26,198,198,26,0.00791823466618851,1.0258870124816895
gpt-j-6b-fp32,C_p_imp_asc,0.05,r0.05,22,22,OPP-LESS,pair3,Q,-0.08922481536865234,0.05808258056640625,5930,5930,26,198,198,26,0.00791823466618851,1.0258870124816895
gpt-j-6b-fp32,C_p_imp_asc,0.05,r0.05,22,22,OPP-LESS,pair4,P,-0.4257993698120117,0.10558199882507324,23448,23448,26,198,198,26,0.00791823466618851,1.0258870124816895
gpt-j-6b-fp32,C_p_imp_asc,0.05,r0.05,22,22,OPP-LESS,pair4,Q,-0.30870914459228516,0.037940025329589844,23448,23448,26,198,198,26,0.00791823466618851,1.0258870124816895
gpt-j-6b-fp32,C_p_imp_asc,0.05,r0.05,22,22,OPP-LESS,pair5,P,-0.05563831329345703,0.12695980072021484,969,969,26,198,198,26,0.00791823466618851,1.0258870124816895
gpt-j-6b-fp32,C_p_imp_asc,0.05,r0.05,22,22,OPP-LESS,pair5,Q,-0.05871772766113281,0.016842365264892578,1426,1426,26,198,198,26,0.00791823466618851,1.0258870124816895
gpt-j-6b-fp32,C_p_imp_asc,0.05,r0.05,22,22,OPP-LESS,pair6,P,-0.1134347915649414,0.08813047409057617,6514,6514,26,198,198,26,0.00791823466618851,1.0258870124816895
gpt-j-6b-fp32,C_p_imp_asc,0.05,r0.05,22,22,OPP-LESS,pair6,Q,-0.08219337463378906,-0.006037712097167969,6514,6514,26,198,198,26,0.00791823466618851,1.0258870124816895
gpt-j-6b-fp32,C_p_imp_asc,0.05,r0.05,22,22,OPP-LESS,pair7,P,-0.009426116943359375,0.1528836488723755,22111,22111,26,198,198,26,0.00791823466618851,1.0258870124816895
gpt-j-6b-fp32,C_p_imp_asc,0.05,r0.05,22,22,OPP-LESS,pair7,Q,0.030365943908691406,0.022033214569091797,22111,22111,26,198,198,26,0.00791823466618851,1.0258870124816895
gpt-j-6b-fp32,C_p_imp_asc,0.05,r0.05,22,22,OPP-LESS,pair8,P,-0.06848907470703125,0.12573111057281494,969,969,26,198,198,26,0.00791823466618851,1.0258870124816895
gpt-j-6b-fp32,C_p_imp_asc,0.05,r0.05,22,22,OPP-LESS,pair8,Q,-0.06875991821289062,0.013117313385009766,969,969,26,198,198,26,0.00791823466618851,1.0258870124816895
gpt-j-6b-fp32,C_p_imp_asc,0.05,r0.05,22,22,OPP-LESS,pair9,P,-0.14109039306640625,0.13686203956604004,34439,34439,26,198,198,26,0.00791823466618851,1.0258870124816895
gpt-j-6b-fp32,C_p_imp_asc,0.05,r0.05,22,22,OPP-LESS,pair9,Q,-0.18967437744140625,-0.027469158172607422,34439,34439,26,198,198,26,0.00791823466618851,1.0258870124816895
gpt-j-6b-fp32,C_p_imp_asc,0.05,r0.05,22,22,MORE-LESS,pair0,P,-0.000270843505859375,0.0289764404296875,10255,10255,26,198,198,26,0.00791823466618851,1.0258870124816895
gpt-j-6b-fp32,C_p_imp_asc,0.05,r0.05,22,22,MORE-LESS,pair0,Q,0.005295753479003906,0.022255897521972656,10255,10255,26,198,198,26,0.00791823466618851,1.0258870124816895
gpt-j-6b-fp32,C_p_imp_asc,0.05,r0.05,22,22,MORE-LESS,pair1,P,0.027570724487304688,-0.0085601806640625,18605,18605,26,198,198,26,0.00791823466618851,1.0258870124816895
gpt-j-6b-fp32,C_p_imp_asc,0.05,r0.05,22,22,MORE-LESS,pair1,Q,0.025140762329101562,-0.0024871826171875,18605,18605,26,198,198,26,0.00791823466618851,1.0258870124816895
gpt-j-6b-fp32,C_p_imp_asc,0.05,r0.05,22,22,MORE-LESS,pair2,P,0.03589916229248047,0.03007984161376953,8038,8038,26,198,198,26,0.00791823466618851,1.0258870124816895
gpt-j-6b-fp32,C_p_imp_asc,0.05,r0.05,22,22,MORE-LESS,pair2,Q,0.03351306915283203,0.03311920166015625,8038,8038,26,198,198,26,0.00791823466618851,1.0258870124816895
gpt-j-6b-fp32,C_p_imp_asc,0.05,r0.05,22,22,MORE-LESS,pair3,P,0.01578521728515625,-0.009558677673339844,5930,5930,26,198,198,26,0.00791823466618851,1.0258870124816895
gpt-j-6b-fp32,C_p_imp_asc,0.05,r0.05,22,22,MORE-LESS,pair3,Q,0.00952911376953125,-0.008611679077148438,5930,5930,26,198,198,26,0.00791823466618851,1.0258870124816895
gpt-j-6b-fp32,C_p_imp_asc,0.05,r0.05,22,22,MORE-LESS,pair4,P,0.013348579406738281,0.0019741058349609375,23448,23448,26,198,198,26,0.00791823466618851,1.0258870124816895
gpt-j-6b-fp32,C_p_imp_asc,0.05,r0.05,22,22,MORE-LESS,pair4,Q,0.006511688232421875,0.004734992980957031,23448,23448,26,198,198,26,0.00791823466618851,1.0258870124816895
gpt-j-6b-fp32,C_p_imp_asc,0.05,r0.05,22,22,MORE-LESS,pair5,P,0.023550987243652344,-0.038283348083496094,969,969,26,198,198,26,0.00791823466618851,1.0258870124816895
gpt-j-6b-fp32,C_p_imp_asc,0.05,r0.05,22,22,MORE-LESS,pair5,Q,0.016602516174316406,-0.03614234924316406,1426,1426,26,198,198,26,0.00791823466618851,1.0258870124816895
gpt-j-6b-fp32,C_p_imp_asc,0.05,r0.05,22,22,MORE-LESS,pair6,P,0.013291358947753906,0.0029659271240234375,6514,6514,26,198,198,26,0.00791823466618851,1.0258870124816895
gpt-j-6b-fp32,C_p_imp_asc,0.05,r0.05,22,22,MORE-LESS,pair6,Q,0.0037908554077148438,0.0013284683227539062,6514,6514,26,198,198,26,0.00791823466618851,1.0258870124816895
gpt-j-6b-fp32,C_p_imp_asc,0.05,r0.05,22,22,MORE-LESS,pair7,P,0.03248786926269531,0.0232086181640625,22111,22111,26,198,198,26,0.00791823466618851,1.0258870124816895
gpt-j-6b-fp32,C_p_imp_asc,0.05,r0.05,22,22,MORE-LESS,pair7,Q,0.020660400390625,0.026342391967773438,22111,22111,26,198,198,26,0.00791823466618851,1.0258870124816895
gpt-j-6b-fp32,C_p_imp_asc,0.05,r0.05,22,22,MORE-LESS,pair8,P,0.014887809753417969,-0.013462066650390625,969,969,26,198,198,26,0.00791823466618851,1.0258870124816895
gpt-j-6b-fp32,C_p_imp_asc,0.05,r0.05,22,22,MORE-LESS,pair8,Q,0.009808540344238281,-0.015888214111328125,969,969,26,198,198,26,0.00791823466618851,1.0258870124816895
gpt-j-6b-fp32,C_p_imp_asc,0.05,r0.05,22,22,MORE-LESS,pair9,P,0.019164085388183594,-0.012285232543945312,34439,34439,26,198,198,26,0.00791823466618851,1.0258870124816895
gpt-j-6b-fp32,C_p_imp_asc,0.05,r0.05,22,22,MORE-LESS,pair9,Q,0.014720916748046875,-0.004467010498046875,34439,34439,26,198,198,26,0.00791823466618851,1.0258870124816895
gpt-j-6b-fp32,D_p_imp_asc,0.05,r0.05,22,22,SAME-OPP,pair0,P,-0.000476837158203125,0.0012493133544921875,632,632,26,198,198,26,0.00791823466618851,1.0258870124816895
gpt-j-6b-fp32,D_p_imp_asc,0.05,r0.05,22,22,SAME-OPP,pair0,Q,0.00079345703125,0.0008563995361328125,39733,39733,26,198,198,26,0.00791823466618851,1.0258870124816895
gpt-j-6b-fp32,D_p_imp_asc,0.05,r0.05,22,22,SAME-OPP,pair1,P,-0.00047016143798828125,0.002605438232421875,27059,27059,26,198,198,26,0.00791823466618851,1.0258870124816895
gpt-j-6b-fp32,D_p_imp_asc,0.05,r0.05,22,22,SAME-OPP,pair1,Q,0.0010128021240234375,0.0026416778564453125,19157,19157,26,198,198,26,0.00791823466618851,1.0258870124816895
gpt-j-6b-fp32,D_p_imp_asc,0.05,r0.05,22,22,SAME-OPP,pair2,P,0.0012836456298828125,0.0010662078857421875,27059,27059,26,198,198,26,0.00791823466618851,1.0258870124816895
gpt-j-6b-fp32,D_p_imp_asc,0.05,r0.05,22,22,SAME-OPP,pair2,Q,6.198883056640625e-05,-0.0007801055908203125,632,632,26,198,198,26,0.00791823466618851,1.0258870124816895
gpt-j-6b-fp32,D_p_imp_asc,0.05,r0.05,22,22,SAME-OPP,pair3,P,-0.0013837814331054688,0.0007257461547851562,27059,27059,26,198,198,26,0.00791823466618851,1.0258870124816895
gpt-j-6b-fp32,D_p_imp_asc,0.05,r0.05,22,22,SAME-OPP,pair3,Q,0.00141143798828125,0.0026483535766601562,5930,5930,26,198,198,26,0.00791823466618851,1.0258870124816895
gpt-j-6b-fp32,D_p_imp_asc,0.05,r0.05,22,22,SAME-OPP,pair4,P,0.0008134841918945312,0.0010547637939453125,27059,27059,26,198,198,26,0.00791823466618851,1.0258870124816895
gpt-j-6b-fp32,D_p_imp_asc,0.05,r0.05,22,22,SAME-OPP,pair4,Q,0.00144195556640625,0.0025472640991210938,632,632,26,198,198,26,0.00791823466618851,1.0258870124816895
gpt-j-6b-fp32,D_p_imp_asc,0.05,r0.05,22,22,SAME-OPP,pair5,P,-0.00024509429931640625,0.0015211105346679688,27059,27059,26,198,198,26,0.00791823466618851,1.0258870124816895
gpt-j-6b-fp32,D_p_imp_asc,0.05,r0.05,22,22,SAME-OPP,pair5,Q,0.0010843276977539062,0.0015735626220703125,632,632,26,198,198,26,0.00791823466618851,1.0258870124816895
gpt-j-6b-fp32,D_p_imp_asc,0.05,r0.05,22,22,SAME-OPP,pair6,P,-0.0006341934204101562,0.0008831024169921875,27059,27059,26,198,198,26,0.00791823466618851,1.0258870124816895
gpt-j-6b-fp32,D_p_imp_asc,0.05,r0.05,22,22,SAME-OPP,pair6,Q,0.00075531005859375,0.0018291473388671875,632,632,26,198,198,26,0.00791823466618851,1.0258870124816895
gpt-j-6b-fp32,D_p_imp_asc,0.05,r0.05,22,22,SAME-OPP,pair7,P,0.0002765655517578125,0.0021762847900390625,632,632,26,198,198,26,0.00791823466618851,1.0258870124816895
gpt-j-6b-fp32,D_p_imp_asc,0.05,r0.05,22,22,SAME-OPP,pair7,Q,0.0010833740234375,0.0013151168823242188,632,632,26,198,198,26,0.00791823466618851,1.0258870124816895
gpt-j-6b-fp32,D_p_imp_asc,0.05,r0.05,22,22,SAME-OPP,pair8,P,0.0008039474487304688,0.0015850067138671875,1874,1874,26,198,198,26,0.00791823466618851,1.0258870124816895
gpt-j-6b-fp32,D_p_imp_asc,0.05,r0.05,22,22,SAME-OPP,pair8,Q,-0.00031185150146484375,0.00167083740234375,1874,1874,26,198,198,26,0.00791823466618851,1.0258870124816895
gpt-j-6b-fp32,D_p_imp_asc,0.05,r0.05,22,22,SAME-OPP,pair9,P,0.0009202957153320312,0.0016946792602539062,27059,27059,26,198,198,26,0.00791823466618851,1.0258870124816895
gpt-j-6b-fp32,D_p_imp_asc,0.05,r0.05,22,22,SAME-OPP,pair9,Q,0.0014190673828125,0.002918243408203125,23663,23663,26,198,198,26,0.00791823466618851,1.0258870124816895
gpt-j-6b-fp32,D_p_imp_asc,0.05,r0.05,22,22,SAME-MORE,pair0,P,0.00540924072265625,-0.007721900939941406,10255,10255,26,198,198,26,0.00791823466618851,1.0258870124816895
gpt-j-6b-fp32,D_p_imp_asc,0.05,r0.05,22,22,SAME-MORE,pair0,Q,0.005980491638183594,-0.0052928924560546875,10255,10255,26,198,198,26,0.00791823466618851,1.0258870124816895
gpt-j-6b-fp32,D_p_imp_asc,0.05,r0.05,22,22,SAME-MORE,pair1,P,-0.00473785400390625,-0.007445335388183594,18605,18605,26,198,198,26,0.00791823466618851,1.0258870124816895
gpt-j-6b-fp32,D_p_imp_asc,0.05,r0.05,22,22,SAME-MORE,pair1,Q,-0.0028848648071289062,-0.012454986572265625,18605,18605,26,198,198,26,0.00791823466618851,1.0258870124816895
gpt-j-6b-fp32,D_p_imp_asc,0.05,r0.05,22,22,SAME-MORE,pair2,P,0.004820823669433594,-0.01126241683959961,8038,8038,26,198,198,26,0.00791823466618851,1.0258870124816895
gpt-j-6b-fp32,D_p_imp_asc,0.05,r0.05,22,22,SAME-MORE,pair2,Q,0.005374908447265625,-0.008793354034423828,8038,8038,26,198,198,26,0.00791823466618851,1.0258870124816895
gpt-j-6b-fp32,D_p_imp_asc,0.05,r0.05,22,22,SAME-MORE,pair3,P,0.0031976699829101562,-0.01607227325439453,1234,1234,26,198,198,26,0.00791823466618851,1.0258870124816895
gpt-j-6b-fp32,D_p_imp_asc,0.05,r0.05,22,22,SAME-MORE,pair3,Q,0.00241851806640625,-0.008121013641357422,1234,1234,26,198,198,26,0.00791823466618851,1.0258870124816895
gpt-j-6b-fp32,D_p_imp_asc,0.05,r0.05,22,22,SAME-MORE,pair4,P,-0.0022001266479492188,-0.007415771484375,23448,23448,26,198,198,26,0.00791823466618851,1.0258870124816895
gpt-j-6b-fp32,D_p_imp_asc,0.05,r0.05,22,22,SAME-MORE,pair4,Q,-0.008602142333984375,-0.006380558013916016,23448,23448,26,198,198,26,0.00791823466618851,1.0258870124816895
gpt-j-6b-fp32,D_p_imp_asc,0.05,r0.05,22,22,SAME-MORE,pair5,P,0.004322052001953125,-0.010943412780761719,969,969,26,198,198,26,0.00791823466618851,1.0258870124816895
gpt-j-6b-fp32,D_p_imp_asc,0.05,r0.05,22,22,SAME-MORE,pair5,Q,-0.0013380050659179688,-0.0048618316650390625,1426,1426,26,198,198,26,0.00791823466618851,1.0258870124816895
gpt-j-6b-fp32,D_p_imp_asc,0.05,r0.05,22,22,SAME-MORE,pair6,P,0.0034265518188476562,-0.008697509765625,6514,6514,26,198,198,26,0.00791823466618851,1.0258870124816895
gpt-j-6b-fp32,D_p_imp_asc,0.05,r0.05,22,22,SAME-MORE,pair6,Q,0.0019445419311523438,-0.0058345794677734375,6514,6514,26,198,198,26,0.00791823466618851,1.0258870124816895
gpt-j-6b-fp32,D_p_imp_asc,0.05,r0.05,22,22,SAME-MORE,pair7,P,-0.00244140625,-0.006777763366699219,22111,22111,26,198,198,26,0.00791823466618851,1.0258870124816895
gpt-j-6b-fp32,D_p_imp_asc,0.05,r0.05,22,22,SAME-MORE,pair7,Q,-0.001903533935546875,-0.010282039642333984,22111,22111,26,198,198,26,0.00791823466618851,1.0258870124816895
gpt-j-6b-fp32,D_p_imp_asc,0.05,r0.05,22,22,SAME-MORE,pair8,P,-9.441375732421875e-05,-0.004982948303222656,969,969,26,198,198,26,0.00791823466618851,1.0258870124816895
gpt-j-6b-fp32,D_p_imp_asc,0.05,r0.05,22,22,SAME-MORE,pair8,Q,0.0025196075439453125,-0.005101680755615234,969,969,26,198,198,26,0.00791823466618851,1.0258870124816895
gpt-j-6b-fp32,D_p_imp_asc,0.05,r0.05,22,22,SAME-MORE,pair9,P,-0.0005445480346679688,-0.007366180419921875,34439,34439,26,198,198,26,0.00791823466618851,1.0258870124816895
gpt-j-6b-fp32,D_p_imp_asc,0.05,r0.05,22,22,SAME-MORE,pair9,Q,0.0016231536865234375,-0.010338306427001953,34439,34439,26,198,198,26,0.00791823466618851,1.0258870124816895
gpt-j-6b-fp32,D_p_imp_asc,0.05,r0.05,22,22,SAME-LESS,pair0,P,0.005722999572753906,-0.005707740783691406,10255,10255,26,198,198,26,0.00791823466618851,1.0258870124816895
gpt-j-6b-fp32,D_p_imp_asc,0.05,r0.05,22,22,SAME-LESS,pair0,Q,0.005734443664550781,-0.006882190704345703,10255,10255,26,198,198,26,0.00791823466618851,1.0258870124816895
gpt-j-6b-fp32,D_p_imp_asc,0.05,r0.05,22,22,SAME-LESS,pair1,P,0.006999969482421875,-0.005776405334472656,18605,18605,26,198,198,26,0.00791823466618851,1.0258870124816895
gpt-j-6b-fp32,D_p_imp_asc,0.05,r0.05,22,22,SAME-LESS,pair1,Q,0.010663986206054688,-0.011993885040283203,18605,18605,26,198,198,26,0.00791823466618851,1.0258870124816895
gpt-j-6b-fp32,D_p_imp_asc,0.05,r0.05,22,22,SAME-LESS,pair2,P,0.007847785949707031,-0.011007308959960938,8038,8038,26,198,198,26,0.00791823466618851,1.0258870124816895
gpt-j-6b-fp32,D_p_imp_asc,0.05,r0.05,22,22,SAME-LESS,pair2,Q,0.006464958190917969,-0.007172107696533203,8038,8038,26,198,198,26,0.00791823466618851,1.0258870124816895
gpt-j-6b-fp32,D_p_imp_asc,0.05,r0.05,22,22,SAME-LESS,pair3,P,-0.009531021118164062,-0.014616966247558594,5930,5930,26,198,198,26,0.00791823466618851,1.0258870124816895
gpt-j-6b-fp32,D_p_imp_asc,0.05,r0.05,22,22,SAME-LESS,pair3,Q,-0.013006210327148438,-0.00784444808959961,5930,5930,26,198,198,26,0.00791823466618851,1.0258870124816895
gpt-j-6b-fp32,D_p_imp_asc,0.05,r0.05,22,22,SAME-LESS,pair4,P,0.0062503814697265625,-0.005639076232910156,23448,23448,26,198,198,26,0.00791823466618851,1.0258870124816895
gpt-j-6b-fp32,D_p_imp_asc,0.05,r0.05,22,22,SAME-LESS,pair4,Q,0.0016498565673828125,-0.006208896636962891,23448,23448,26,198,198,26,0.00791823466618851,1.0258870124816895
gpt-j-6b-fp32,D_p_imp_asc,0.05,r0.05,22,22,SAME-LESS,pair5,P,-0.0019960403442382812,-0.009474754333496094,969,969,26,198,198,26,0.00791823466618851,1.0258870124816895
gpt-j-6b-fp32,D_p_imp_asc,0.05,r0.05,22,22,SAME-LESS,pair5,Q,-0.002971649169921875,-0.005249977111816406,1426,1426,26,198,198,26,0.00791823466618851,1.0258870124816895
gpt-j-6b-fp32,D_p_imp_asc,0.05,r0.05,22,22,SAME-LESS,pair6,P,0.004300117492675781,-0.006565093994140625,6514,6514,26,198,198,26,0.00791823466618851,1.0258870124816895
gpt-j-6b-fp32,D_p_imp_asc,0.05,r0.05,22,22,SAME-LESS,pair6,Q,0.00556182861328125,-0.005849361419677734,6514,6514,26,198,198,26,0.00791823466618851,1.0258870124816895
gpt-j-6b-fp32,D_p_imp_asc,0.05,r0.05,22,22,SAME-LESS,pair7,P,0.002941131591796875,-0.0064716339111328125,22111,22111,26,198,198,26,0.00791823466618851,1.0258870124816895
gpt-j-6b-fp32,D_p_imp_asc,0.05,r0.05,22,22,SAME-LESS,pair7,Q,0.0007648468017578125,-0.0097808837890625,22111,22111,26,198,198,26,0.00791823466618851,1.0258870124816895
gpt-j-6b-fp32,D_p_imp_asc,0.05,r0.05,22,22,SAME-LESS,pair8,P,-0.0013599395751953125,-0.004471778869628906,969,969,26,198,198,26,0.00791823466618851,1.0258870124816895
gpt-j-6b-fp32,D_p_imp_asc,0.05,r0.05,22,22,SAME-LESS,pair8,Q,-0.0014934539794921875,-0.005757331848144531,969,969,26,198,198,26,0.00791823466618851,1.0258870124816895
gpt-j-6b-fp32,D_p_imp_asc,0.05,r0.05,22,22,SAME-LESS,pair9,P,-0.006093025207519531,-0.005864143371582031,34439,34439,26,198,198,26,0.00791823466618851,1.0258870124816895
gpt-j-6b-fp32,D_p_imp_asc,0.05,r0.05,22,22,SAME-LESS,pair9,Q,-0.00264739990234375,-0.0087432861328125,34439,34439,26,198,198,26,0.00791823466618851,1.0258870124816895
gpt-j-6b-fp32,D_p_imp_asc,0.05,r0.05,22,22,OPP-MORE,pair0,P,0.0041637420654296875,-0.018334150314331055,10255,10255,26,198,198,26,0.00791823466618851,1.0258870124816895
gpt-j-6b-fp32,D_p_imp_asc,0.05,r0.05,22,22,OPP-MORE,pair0,Q,0.0047473907470703125,-0.005843639373779297,10255,10255,26,198,198,26,0.00791823466618851,1.0258870124816895
gpt-j-6b-fp32,D_p_imp_asc,0.05,r0.05,22,22,OPP-MORE,pair1,P,-0.00568389892578125,-0.019264698028564453,18605,18605,26,198,198,26,0.00791823466618851,1.0258870124816895
gpt-j-6b-fp32,D_p_imp_asc,0.05,r0.05,22,22,OPP-MORE,pair1,Q,-0.0037012100219726562,-0.00799703598022461,18605,18605,26,198,198,26,0.00791823466618851,1.0258870124816895
gpt-j-6b-fp32,D_p_imp_asc,0.05,r0.05,22,22,OPP-MORE,pair2,P,0.006175994873046875,-0.022290468215942383,8038,8038,26,198,198,26,0.00791823466618851,1.0258870124816895
gpt-j-6b-fp32,D_p_imp_asc,0.05,r0.05,22,22,OPP-MORE,pair2,Q,0.006440162658691406,-0.003452301025390625,8038,8038,26,198,198,26,0.00791823466618851,1.0258870124816895
gpt-j-6b-fp32,D_p_imp_asc,0.05,r0.05,22,22,OPP-MORE,pair3,P,0.0021266937255859375,-0.023231863975524902,1234,1234,26,198,198,26,0.00791823466618851,1.0258870124816895
gpt-j-6b-fp32,D_p_imp_asc,0.05,r0.05,22,22,OPP-MORE,pair3,Q,0.0020685195922851562,-0.0032024383544921875,1234,1234,26,198,198,26,0.00791823466618851,1.0258870124816895
gpt-j-6b-fp32,D_p_imp_asc,0.05,r0.05,22,22,OPP-MORE,pair4,P,-0.0030794143676757812,-0.015659689903259277,23448,23448,26,198,198,26,0.00791823466618851,1.0258870124816895
gpt-j-6b-fp32,D_p_imp_asc,0.05,r0.05,22,22,OPP-MORE,pair4,Q,-0.008363723754882812,-0.006087303161621094,23448,23448,26,198,198,26,0.00791823466618851,1.0258870124816895
gpt-j-6b-fp32,D_p_imp_asc,0.05,r0.05,22,22,OPP-MORE,pair5,P,0.00162506103515625,-0.022035598754882812,969,969,26,198,198,26,0.00791823466618851,1.0258870124816895
gpt-j-6b-fp32,D_p_imp_asc,0.05,r0.05,22,22,OPP-MORE,pair5,Q,-0.0024862289428710938,-0.0013756752014160156,1426,1426,26,198,198,26,0.00791823466618851,1.0258870124816895
gpt-j-6b-fp32,D_p_imp_asc,0.05,r0.05,22,22,OPP-MORE,pair6,P,0.0036954879760742188,-0.01758873462677002,6514,6514,26,198,198,26,0.00791823466618851,1.0258870124816895
gpt-j-6b-fp32,D_p_imp_asc,0.05,r0.05,22,22,OPP-MORE,pair6,Q,0.0018301010131835938,-0.0016427040100097656,6514,6514,26,198,198,26,0.00791823466618851,1.0258870124816895
gpt-j-6b-fp32,D_p_imp_asc,0.05,r0.05,22,22,OPP-MORE,pair7,P,-0.004719734191894531,-0.015934228897094727,22111,22111,26,198,198,26,0.00791823466618851,1.0258870124816895
gpt-j-6b-fp32,D_p_imp_asc,0.05,r0.05,22,22,OPP-MORE,pair7,Q,-0.0036334991455078125,-0.0037527084350585938,22111,22111,26,198,198,26,0.00791823466618851,1.0258870124816895
gpt-j-6b-fp32,D_p_imp_asc,0.05,r0.05,22,22,OPP-MORE,pair8,P,-0.00042438507080078125,-0.019564509391784668,969,969,26,198,198,26,0.00791823466618851,1.0258870124816895
gpt-j-6b-fp32,D_p_imp_asc,0.05,r0.05,22,22,OPP-MORE,pair8,Q,0.0015325546264648438,5.91278076171875e-05,969,969,26,198,198,26,0.00791823466618851,1.0258870124816895
gpt-j-6b-fp32,D_p_imp_asc,0.05,r0.05,22,22,OPP-MORE,pair9,P,-0.000164031982421875,-0.021716594696044922,34439,34439,26,198,198,26,0.00791823466618851,1.0258870124816895
gpt-j-6b-fp32,D_p_imp_asc,0.05,r0.05,22,22,OPP-MORE,pair9,Q,0.001941680908203125,-0.00469207763671875,34439,34439,26,198,198,26,0.00791823466618851,1.0258870124816895
gpt-j-6b-fp32,D_p_imp_asc,0.05,r0.05,22,22,OPP-LESS,pair0,P,0.004626274108886719,-0.020008325576782227,10255,10255,26,198,198,26,0.00791823466618851,1.0258870124816895
gpt-j-6b-fp32,D_p_imp_asc,0.05,r0.05,22,22,OPP-LESS,pair0,Q,0.0049591064453125,-0.008542060852050781,10255,10255,26,198,198,26,0.00791823466618851,1.0258870124816895
gpt-j-6b-fp32,D_p_imp_asc,0.05,r0.05,22,22,OPP-LESS,pair1,P,0.006073951721191406,-0.01924753189086914,18605,18605,26,198,198,26,0.00791823466618851,1.0258870124816895
gpt-j-6b-fp32,D_p_imp_asc,0.05,r0.05,22,22,OPP-LESS,pair1,Q,0.010448455810546875,-0.009516716003417969,18605,18605,26,198,198,26,0.00791823466618851,1.0258870124816895
gpt-j-6b-fp32,D_p_imp_asc,0.05,r0.05,22,22,OPP-LESS,pair2,P,0.008637428283691406,-0.022521257400512695,8038,8038,26,198,198,26,0.00791823466618851,1.0258870124816895
gpt-j-6b-fp32,D_p_imp_asc,0.05,r0.05,22,22,OPP-LESS,pair2,Q,0.006594657897949219,-0.003939628601074219,8038,8038,26,198,198,26,0.00791823466618851,1.0258870124816895
gpt-j-6b-fp32,D_p_imp_asc,0.05,r0.05,22,22,OPP-LESS,pair3,P,-0.0066394805908203125,-0.02380228042602539,5930,5930,26,198,198,26,0.00791823466618851,1.0258870124816895
gpt-j-6b-fp32,D_p_imp_asc,0.05,r0.05,22,22,OPP-LESS,pair3,Q,-0.009036064147949219,-0.004307270050048828,5930,5930,26,198,198,26,0.00791823466618851,1.0258870124816895
gpt-j-6b-fp32,D_p_imp_asc,0.05,r0.05,22,22,OPP-LESS,pair4,P,0.005428314208984375,-0.01591026782989502,23448,23448,26,198,198,26,0.00791823466618851,1.0258870124816895
gpt-j-6b-fp32,D_p_imp_asc,0.05,r0.05,22,22,OPP-LESS,pair4,Q,0.0004673004150390625,-0.006676197052001953,23448,23448,26,198,198,26,0.00791823466618851,1.0258870124816895
gpt-j-6b-fp32,D_p_imp_asc,0.05,r0.05,22,22,OPP-LESS,pair5,P,6.580352783203125e-05,-0.022266626358032227,969,969,26,198,198,26,0.00791823466618851,1.0258870124816895
gpt-j-6b-fp32,D_p_imp_asc,0.05,r0.05,22,22,OPP-LESS,pair5,Q,-0.0016622543334960938,-0.0017704963684082031,1426,1426,26,198,198,26,0.00791823466618851,1.0258870124816895
gpt-j-6b-fp32,D_p_imp_asc,0.05,r0.05,22,22,OPP-LESS,pair6,P,0.003513336181640625,-0.016246318817138672,6514,6514,26,198,198,26,0.00791823466618851,1.0258870124816895
gpt-j-6b-fp32,D_p_imp_asc,0.05,r0.05,22,22,OPP-LESS,pair6,Q,0.004672050476074219,-0.0028247833251953125,6514,6514,26,198,198,26,0.00791823466618851,1.0258870124816895
gpt-j-6b-fp32,D_p_imp_asc,0.05,r0.05,22,22,OPP-LESS,pair7,P,0.00036525726318359375,-0.01599586009979248,22111,22111,26,198,198,26,0.00791823466618851,1.0258870124816895
gpt-j-6b-fp32,D_p_imp_asc,0.05,r0.05,22,22,OPP-LESS,pair7,Q,-0.0006780624389648438,-0.004860401153564453,22111,22111,26,198,198,26,0.00791823466618851,1.0258870124816895
gpt-j-6b-fp32,D_p_imp_asc,0.05,r0.05,22,22,OPP-LESS,pair8,P,-0.0011491775512695312,-0.02020132541656494,969,969,26,198,198,26,0.00791823466618851,1.0258870124816895
gpt-j-6b-fp32,D_p_imp_asc,0.05,r0.05,22,22,OPP-LESS,pair8,Q,-0.0016641616821289062,-0.0003871917724609375,969,969,26,198,198,26,0.00791823466618851,1.0258870124816895
gpt-j-6b-fp32,D_p_imp_asc,0.05,r0.05,22,22,OPP-LESS,pair9,P,-0.011295318603515625,-0.02134382724761963,34439,34439,26,198,198,26,0.00791823466618851,1.0258870124816895
gpt-j-6b-fp32,D_p_imp_asc,0.05,r0.05,22,22,OPP-LESS,pair9,Q,-0.0059108734130859375,-0.005031585693359375,34439,34439,26,198,198,26,0.00791823466618851,1.0258870124816895
gpt-j-6b-fp32,D_p_imp_asc,0.05,r0.05,22,22,MORE-LESS,pair0,P,-0.0011959075927734375,-0.0003662109375,10255,10255,26,198,198,26,0.00791823466618851,1.0258870124816895
gpt-j-6b-fp32,D_p_imp_asc,0.05,r0.05,22,22,MORE-LESS,pair0,Q,-0.0014314651489257812,-0.00019550323486328125,10255,10255,26,198,198,26,0.00791823466618851,1.0258870124816895
gpt-j-6b-fp32,D_p_imp_asc,0.05,r0.05,22,22,MORE-LESS,pair1,P,-0.0004987716674804688,0.0008831024169921875,18605,18605,26,198,198,26,0.00791823466618851,1.0258870124816895
gpt-j-6b-fp32,D_p_imp_asc,0.05,r0.05,22,22,MORE-LESS,pair1,Q,8.0108642578125e-05,0.0007581710815429688,18605,18605,26,198,198,26,0.00791823466618851,1.0258870124816895
gpt-j-6b-fp32,D_p_imp_asc,0.05,r0.05,22,22,MORE-LESS,pair2,P,0.0005731582641601562,-0.00034046173095703125,8038,8038,26,198,198,26,0.00791823466618851,1.0258870124816895
gpt-j-6b-fp32,D_p_imp_asc,0.05,r0.05,22,22,MORE-LESS,pair2,Q,0.0007314682006835938,-0.0012359619140625,8038,8038,26,198,198,26,0.00791823466618851,1.0258870124816895
gpt-j-6b-fp32,D_p_imp_asc,0.05,r0.05,22,22,MORE-LESS,pair3,P,-0.000133514404296875,-0.0008335113525390625,5930,5930,26,198,198,26,0.00791823466618851,1.0258870124816895
gpt-j-6b-fp32,D_p_imp_asc,0.05,r0.05,22,22,MORE-LESS,pair3,Q,-0.00014591217041015625,-0.001384735107421875,5930,5930,26,198,198,26,0.00791823466618851,1.0258870124816895
gpt-j-6b-fp32,D_p_imp_asc,0.05,r0.05,22,22,MORE-LESS,pair4,P,0.00078582763671875,-0.0018024444580078125,23448,23448,26,198,198,26,0.00791823466618851,1.0258870124816895
gpt-j-6b-fp32,D_p_imp_asc,0.05,r0.05,22,22,MORE-LESS,pair4,Q,0.0006532669067382812,-0.001735687255859375,23448,23448,26,198,198,26,0.00791823466618851,1.0258870124816895
gpt-j-6b-fp32,D_p_imp_asc,0.05,r0.05,22,22,MORE-LESS,pair5,P,0.00092315673828125,5.7220458984375e-05,969,969,26,198,198,26,0.00791823466618851,1.0258870124816895
gpt-j-6b-fp32,D_p_imp_asc,0.05,r0.05,22,22,MORE-LESS,pair5,Q,0.0006971359252929688,-0.0006895065307617188,1426,1426,26,198,198,26,0.00791823466618851,1.0258870124816895
gpt-j-6b-fp32,D_p_imp_asc,0.05,r0.05,22,22,MORE-LESS,pair6,P,-0.0003757476806640625,0.00022411346435546875,6514,6514,26,198,198,26,0.00791823466618851,1.0258870124816895
gpt-j-6b-fp32,D_p_imp_asc,0.05,r0.05,22,22,MORE-LESS,pair6,Q,-0.00019168853759765625,0.000545501708984375,6514,6514,26,198,198,26,0.00791823466618851,1.0258870124816895
gpt-j-6b-fp32,D_p_imp_asc,0.05,r0.05,22,22,MORE-LESS,pair7,P,-0.0004863739013671875,0.0005664825439453125,22111,22111,26,198,198,26,0.00791823466618851,1.0258870124816895
gpt-j-6b-fp32,D_p_imp_asc,0.05,r0.05,22,22,MORE-LESS,pair7,Q,-0.0007467269897460938,0.00020885467529296875,22111,22111,26,198,198,26,0.00791823466618851,1.0258870124816895
gpt-j-6b-fp32,D_p_imp_asc,0.05,r0.05,22,22,MORE-LESS,pair8,P,-0.000823974609375,0.000217437744140625,969,969,26,198,198,26,0.00791823466618851,1.0258870124816895
gpt-j-6b-fp32,D_p_imp_asc,0.05,r0.05,22,22,MORE-LESS,pair8,Q,-0.000621795654296875,8.106231689453125e-05,969,969,26,198,198,26,0.00791823466618851,1.0258870124816895
gpt-j-6b-fp32,D_p_imp_asc,0.05,r0.05,22,22,MORE-LESS,pair9,P,0.0009489059448242188,-0.0025434494018554688,34439,34439,26,198,198,26,0.00791823466618851,1.0258870124816895
gpt-j-6b-fp32,D_p_imp_asc,0.05,r0.05,22,22,MORE-LESS,pair9,Q,0.0004558563232421875,-0.002880096435546875,34439,34439,26,198,198,26,0.00791823466618851,1.0258870124816895
gpt-j-6b-fp32,C_p_imp_asc,0.1,r0.10,44,26,SAME-OPP,pair0,P,-0.020433425903320312,-0.0022449493408203125,632,632,26,198,198,26,0.00791823466618851,1.0258870124816895
gpt-j-6b-fp32,C_p_imp_asc,0.1,r0.10,44,26,SAME-OPP,pair0,Q,0.01983642578125,0.004742622375488281,39733,39733,26,198,198,26,0.00791823466618851,1.0258870124816895
gpt-j-6b-fp32,C_p_imp_asc,0.1,r0.10,44,26,SAME-OPP,pair1,P,-0.013437271118164062,0.010753631591796875,27059,27059,26,198,198,26,0.00791823466618851,1.0258870124816895
gpt-j-6b-fp32,C_p_imp_asc,0.1,r0.10,44,26,SAME-OPP,pair1,Q,0.006802558898925781,0.001567840576171875,19157,19157,26,198,198,26,0.00791823466618851,1.0258870124816895
gpt-j-6b-fp32,C_p_imp_asc,0.1,r0.10,44,26,SAME-OPP,pair2,P,-0.05141448974609375,-0.006413459777832031,27059,27059,26,198,198,26,0.00791823466618851,1.0258870124816895
gpt-j-6b-fp32,C_p_imp_asc,0.1,r0.10,44,26,SAME-OPP,pair2,Q,-0.0036773681640625,-0.008026123046875,632,632,26,198,198,26,0.00791823466618851,1.0258870124816895
gpt-j-6b-fp32,C_p_imp_asc,0.1,r0.10,44,26,SAME-OPP,pair3,P,-0.023723602294921875,0.0070934295654296875,27059,27059,26,198,198,26,0.00791823466618851,1.0258870124816895
gpt-j-6b-fp32,C_p_imp_asc,0.1,r0.10,44,26,SAME-OPP,pair3,Q,-0.009753227233886719,-0.012347221374511719,5930,5930,26,198,198,26,0.00791823466618851,1.0258870124816895
gpt-j-6b-fp32,C_p_imp_asc,0.1,r0.10,44,26,SAME-OPP,pair4,P,-0.02179241180419922,-0.005784034729003906,27059,27059,26,198,198,26,0.00791823466618851,1.0258870124816895
gpt-j-6b-fp32,C_p_imp_asc,0.1,r0.10,44,26,SAME-OPP,pair4,Q,0.008259773254394531,-0.0058441162109375,632,632,26,198,198,26,0.00791823466618851,1.0258870124816895
gpt-j-6b-fp32,C_p_imp_asc,0.1,r0.10,44,26,SAME-OPP,pair5,P,-0.026042938232421875,0.0017986297607421875,27059,27059,26,198,198,26,0.00791823466618851,1.0258870124816895
gpt-j-6b-fp32,C_p_imp_asc,0.1,r0.10,44,26,SAME-OPP,pair5,Q,0.0069522857666015625,0.0001373291015625,632,632,26,198,198,26,0.00791823466618851,1.0258870124816895
gpt-j-6b-fp32,C_p_imp_asc,0.1,r0.10,44,26,SAME-OPP,pair6,P,-0.016455650329589844,-0.0026006698608398438,27059,27059,26,198,198,26,0.00791823466618851,1.0258870124816895
gpt-j-6b-fp32,C_p_imp_asc,0.1,r0.10,44,26,SAME-OPP,pair6,Q,0.018133163452148438,-0.00089263916015625,632,632,26,198,198,26,0.00791823466618851,1.0258870124816895
gpt-j-6b-fp32,C_p_imp_asc,0.1,r0.10,44,26,SAME-OPP,pair7,P,-0.04957771301269531,-0.009587287902832031,632,632,26,198,198,26,0.00791823466618851,1.0258870124816895
gpt-j-6b-fp32,C_p_imp_asc,0.1,r0.10,44,26,SAME-OPP,pair7,Q,0.014963150024414062,0.0011186599731445312,632,632,26,198,198,26,0.00791823466618851,1.0258870124816895
gpt-j-6b-fp32,C_p_imp_asc,0.1,r0.10,44,26,SAME-OPP,pair8,P,1.049041748046875e-05,0.003958702087402344,1874,1874,26,198,198,26,0.00791823466618851,1.0258870124816895
gpt-j-6b-fp32,C_p_imp_asc,0.1,r0.10,44,26,SAME-OPP,pair8,Q,0.013540267944335938,0.012297630310058594,1874,1874,26,198,198,26,0.00791823466618851,1.0258870124816895
gpt-j-6b-fp32,C_p_imp_asc,0.1,r0.10,44,26,SAME-OPP,pair9,P,-0.038712501525878906,-0.0005254745483398438,27059,27059,26,198,198,26,0.00791823466618851,1.0258870124816895
gpt-j-6b-fp32,C_p_imp_asc,0.1,r0.10,44,26,SAME-OPP,pair9,Q,0.011164665222167969,-0.006491661071777344,23663,23663,26,198,198,26,0.00791823466618851,1.0258870124816895
gpt-j-6b-fp32,C_p_imp_asc,0.1,r0.10,44,26,SAME-MORE,pair0,P,-0.020298004150390625,0.2311563491821289,10255,10255,26,198,198,26,0.00791823466618851,1.0258870124816895
gpt-j-6b-fp32,C_p_imp_asc,0.1,r0.10,44,26,SAME-MORE,pair0,Q,0.042557716369628906,0.10250711441040039,10255,10255,26,198,198,26,0.00791823466618851,1.0258870124816895
gpt-j-6b-fp32,C_p_imp_asc,0.1,r0.10,44,26,SAME-MORE,pair1,P,0.009824752807617188,0.13314056396484375,18605,18605,26,198,198,26,0.00791823466618851,1.0258870124816895
gpt-j-6b-fp32,C_p_imp_asc,0.1,r0.10,44,26,SAME-MORE,pair1,Q,0.03763580322265625,0.08187341690063477,18605,18605,26,198,198,26,0.00791823466618851,1.0258870124816895
gpt-j-6b-fp32,C_p_imp_asc,0.1,r0.10,44,26,SAME-MORE,pair2,P,0.09720420837402344,0.20862388610839844,8038,8038,26,198,198,26,0.00791823466618851,1.0258870124816895
gpt-j-6b-fp32,C_p_imp_asc,0.1,r0.10,44,26,SAME-MORE,pair2,Q,0.03204345703125,0.019317150115966797,8038,8038,26,198,198,26,0.00791823466618851,1.0258870124816895
gpt-j-6b-fp32,C_p_imp_asc,0.1,r0.10,44,26,SAME-MORE,pair3,P,0.12845993041992188,0.17686939239501953,1234,1234,26,198,198,26,0.00791823466618851,1.0258870124816895
gpt-j-6b-fp32,C_p_imp_asc,0.1,r0.10,44,26,SAME-MORE,pair3,Q,0.18378829956054688,0.13022327423095703,1234,1234,26,198,198,26,0.00791823466618851,1.0258870124816895
gpt-j-6b-fp32,C_p_imp_asc,0.1,r0.10,44,26,SAME-MORE,pair4,P,-0.10036182403564453,0.03243255615234375,23448,23448,26,198,198,26,0.00791823466618851,1.0258870124816895
gpt-j-6b-fp32,C_p_imp_asc,0.1,r0.10,44,26,SAME-MORE,pair4,Q,-0.031640052795410156,0.08344125747680664,23448,23448,26,198,198,26,0.00791823466618851,1.0258870124816895
gpt-j-6b-fp32,C_p_imp_asc,0.1,r0.10,44,26,SAME-MORE,pair5,P,0.0726327896118164,0.07238292694091797,969,969,26,198,198,26,0.00791823466618851,1.0258870124816895
gpt-j-6b-fp32,C_p_imp_asc,0.1,r0.10,44,26,SAME-MORE,pair5,Q,0.029305458068847656,0.03931427001953125,1426,1426,26,198,198,26,0.00791823466618851,1.0258870124816895
gpt-j-6b-fp32,C_p_imp_asc,0.1,r0.10,44,26,SAME-MORE,pair6,P,0.02238750457763672,0.06800270080566406,6514,6514,26,198,198,26,0.00791823466618851,1.0258870124816895
gpt-j-6b-fp32,C_p_imp_asc,0.1,r0.10,44,26,SAME-MORE,pair6,Q,0.09072208404541016,0.014504432678222656,6514,6514,26,198,198,26,0.00791823466618851,1.0258870124816895
gpt-j-6b-fp32,C_p_imp_asc,0.1,r0.10,44,26,SAME-MORE,pair7,P,-0.0114898681640625,0.14603710174560547,22111,22111,26,198,198,26,0.00791823466618851,1.0258870124816895
gpt-j-6b-fp32,C_p_imp_asc,0.1,r0.10,44,26,SAME-MORE,pair7,Q,0.07926177978515625,0.04990339279174805,22111,22111,26,198,198,26,0.00791823466618851,1.0258870124816895
gpt-j-6b-fp32,C_p_imp_asc,0.1,r0.10,44,26,SAME-MORE,pair8,P,-0.00036525726318359375,0.09692764282226562,969,969,26,198,198,26,0.00791823466618851,1.0258870124816895
gpt-j-6b-fp32,C_p_imp_asc,0.1,r0.10,44,26,SAME-MORE,pair8,Q,0.007694244384765625,0.023435115814208984,969,969,26,198,198,26,0.00791823466618851,1.0258870124816895
gpt-j-6b-fp32,C_p_imp_asc,0.1,r0.10,44,26,SAME-MORE,pair9,P,-0.151580810546875,0.10638046264648438,34439,34439,26,198,198,26,0.00791823466618851,1.0258870124816895
gpt-j-6b-fp32,C_p_imp_asc,0.1,r0.10,44,26,SAME-MORE,pair9,Q,-0.06526565551757812,0.023535728454589844,34439,34439,26,198,198,26,0.00791823466618851,1.0258870124816895
gpt-j-6b-fp32,C_p_imp_asc,0.1,r0.10,44,26,SAME-LESS,pair0,P,-0.056571006774902344,0.2585258483886719,10255,10255,26,198,198,26,0.00791823466618851,1.0258870124816895
gpt-j-6b-fp32,C_p_imp_asc,0.1,r0.10,44,26,SAME-LESS,pair0,Q,-0.029047012329101562,0.10581064224243164,10255,10255,26,198,198,26,0.00791823466618851,1.0258870124816895
gpt-j-6b-fp32,C_p_imp_asc,0.1,r0.10,44,26,SAME-LESS,pair1,P,-0.1536540985107422,0.17650699615478516,18605,18605,26,198,198,26,0.00791823466618851,1.0258870124816895
gpt-j-6b-fp32,C_p_imp_asc,0.1,r0.10,44,26,SAME-LESS,pair1,Q,-0.00949859619140625,0.09039592742919922,18605,18605,26,198,198,26,0.00791823466618851,1.0258870124816895
gpt-j-6b-fp32,C_p_imp_asc,0.1,r0.10,44,26,SAME-LESS,pair2,P,-0.1970968246459961,0.2329883575439453,8038,8038,26,198,198,26,0.00791823466618851,1.0258870124816895
gpt-j-6b-fp32,C_p_imp_asc,0.1,r0.10,44,26,SAME-LESS,pair2,Q,-0.12513160705566406,0.03487443923950195,8038,8038,26,198,198,26,0.00791823466618851,1.0258870124816895
gpt-j-6b-fp32,C_p_imp_asc,0.1,r0.10,44,26,SAME-LESS,pair3,P,-0.08151435852050781,0.21260833740234375,5930,5930,26,198,198,26,0.00791823466618851,1.0258870124816895
gpt-j-6b-fp32,C_p_imp_asc,0.1,r0.10,44,26,SAME-LESS,pair3,Q,-0.08461570739746094,0.12541675567626953,5930,5930,26,198,198,26,0.00791823466618851,1.0258870124816895
gpt-j-6b-fp32,C_p_imp_asc,0.1,r0.10,44,26,SAME-LESS,pair4,P,-0.4140815734863281,0.0651092529296875,23448,23448,26,198,198,26,0.00791823466618851,1.0258870124816895
gpt-j-6b-fp32,C_p_imp_asc,0.1,r0.10,44,26,SAME-LESS,pair4,Q,-0.28319835662841797,0.06952905654907227,23448,23448,26,198,198,26,0.00791823466618851,1.0258870124816895
gpt-j-6b-fp32,C_p_imp_asc,0.1,r0.10,44,26,SAME-LESS,pair5,P,-0.039459228515625,0.11911487579345703,969,969,26,198,198,26,0.00791823466618851,1.0258870124816895
gpt-j-6b-fp32,C_p_imp_asc,0.1,r0.10,44,26,SAME-LESS,pair5,Q,-0.05086231231689453,0.03693199157714844,1426,1426,26,198,198,26,0.00791823466618851,1.0258870124816895
gpt-j-6b-fp32,C_p_imp_asc,0.1,r0.10,44,26,SAME-LESS,pair6,P,-0.13855457305908203,0.1097097396850586,6514,6514,26,198,198,26,0.00791823466618851,1.0258870124816895
gpt-j-6b-fp32,C_p_imp_asc,0.1,r0.10,44,26,SAME-LESS,pair6,Q,-0.11263847351074219,0.01650238037109375,6514,6514,26,198,198,26,0.00791823466618851,1.0258870124816895
gpt-j-6b-fp32,C_p_imp_asc,0.1,r0.10,44,26,SAME-LESS,pair7,P,-0.010528564453125,0.21196460723876953,22111,22111,26,198,198,26,0.00791823466618851,1.0258870124816895
gpt-j-6b-fp32,C_p_imp_asc,0.1,r0.10,44,26,SAME-LESS,pair7,Q,0.03874778747558594,0.07171821594238281,22111,22111,26,198,198,26,0.00791823466618851,1.0258870124816895
gpt-j-6b-fp32,C_p_imp_asc,0.1,r0.10,44,26,SAME-LESS,pair8,P,-0.04445171356201172,0.11087989807128906,969,969,26,198,198,26,0.00791823466618851,1.0258870124816895
gpt-j-6b-fp32,C_p_imp_asc,0.1,r0.10,44,26,SAME-LESS,pair8,Q,-0.06911468505859375,0.008605003356933594,969,969,26,198,198,26,0.00791823466618851,1.0258870124816895
gpt-j-6b-fp32,C_p_imp_asc,0.1,r0.10,44,26,SAME-LESS,pair9,P,-0.1356515884399414,0.13814258575439453,34439,34439,26,198,198,26,0.00791823466618851,1.0258870124816895
gpt-j-6b-fp32,C_p_imp_asc,0.1,r0.10,44,26,SAME-LESS,pair9,Q,-0.14422607421875,0.03926515579223633,34439,34439,26,198,198,26,0.00791823466618851,1.0258870124816895
gpt-j-6b-fp32,C_p_imp_asc,0.1,r0.10,44,26,OPP-MORE,pair0,P,-0.02794170379638672,0.18204855918884277,10255,10255,26,198,198,26,0.00791823466618851,1.0258870124816895
gpt-j-6b-fp32,C_p_imp_asc,0.1,r0.10,44,26,OPP-MORE,pair0,Q,0.04967784881591797,0.018020153045654297,10255,10255,26,198,198,26,0.00791823466618851,1.0258870124816895
gpt-j-6b-fp32,C_p_imp_asc,0.1,r0.10,44,26,OPP-MORE,pair1,P,0.0031108856201171875,0.12054967880249023,18605,18605,26,198,198,26,0.00791823466618851,1.0258870124816895
gpt-j-6b-fp32,C_p_imp_asc,0.1,r0.10,44,26,OPP-MORE,pair1,Q,0.03777122497558594,0.023181915283203125,18605,18605,26,198,198,26,0.00791823466618851,1.0258870124816895
gpt-j-6b-fp32,C_p_imp_asc,0.1,r0.10,44,26,OPP-MORE,pair2,P,0.07660961151123047,0.11514711380004883,8038,8038,26,198,198,26,0.00791823466618851,1.0258870124816895
gpt-j-6b-fp32,C_p_imp_asc,0.1,r0.10,44,26,OPP-MORE,pair2,Q,0.04350090026855469,-0.04361438751220703,8038,8038,26,198,198,26,0.00791823466618851,1.0258870124816895
gpt-j-6b-fp32,C_p_imp_asc,0.1,r0.10,44,26,OPP-MORE,pair3,P,0.0852651596069336,0.11278641223907471,1234,1234,26,198,198,26,0.00791823466618851,1.0258870124816895
gpt-j-6b-fp32,C_p_imp_asc,0.1,r0.10,44,26,OPP-MORE,pair3,Q,0.15209293365478516,0.03574419021606445,1234,1234,26,198,198,26,0.00791823466618851,1.0258870124816895
gpt-j-6b-fp32,C_p_imp_asc,0.1,r0.10,44,26,OPP-MORE,pair4,P,-0.13324737548828125,0.08242762088775635,23448,23448,26,198,198,26,0.00791823466618851,1.0258870124816895
gpt-j-6b-fp32,C_p_imp_asc,0.1,r0.10,44,26,OPP-MORE,pair4,Q,-0.05141162872314453,0.0279998779296875,23448,23448,26,198,198,26,0.00791823466618851,1.0258870124816895
gpt-j-6b-fp32,C_p_imp_asc,0.1,r0.10,44,26,OPP-MORE,pair5,P,0.029796600341796875,0.10331225395202637,969,969,26,198,198,26,0.00791823466618851,1.0258870124816895
gpt-j-6b-fp32,C_p_imp_asc,0.1,r0.10,44,26,OPP-MORE,pair5,Q,0.0033321380615234375,-0.0035524368286132812,1426,1426,26,198,198,26,0.00791823466618851,1.0258870124816895
gpt-j-6b-fp32,C_p_imp_asc,0.1,r0.10,44,26,OPP-MORE,pair6,P,-0.027456283569335938,0.08249127864837646,6514,6514,26,198,198,26,0.00791823466618851,1.0258870124816895
gpt-j-6b-fp32,C_p_imp_asc,0.1,r0.10,44,26,OPP-MORE,pair6,Q,0.061928749084472656,-0.021907329559326172,6514,6514,26,198,198,26,0.00791823466618851,1.0258870124816895
gpt-j-6b-fp32,C_p_imp_asc,0.1,r0.10,44,26,OPP-MORE,pair7,P,-0.042428016662597656,0.14802837371826172,22111,22111,26,198,198,26,0.00791823466618851,1.0258870124816895
gpt-j-6b-fp32,C_p_imp_asc,0.1,r0.10,44,26,OPP-MORE,pair7,Q,0.03890228271484375,0.023957252502441406,22111,22111,26,198,198,26,0.00791823466618851,1.0258870124816895
gpt-j-6b-fp32,C_p_imp_asc,0.1,r0.10,44,26,OPP-MORE,pair8,P,-0.02102947235107422,0.09720289707183838,969,969,26,198,198,26,0.00791823466618851,1.0258870124816895
gpt-j-6b-fp32,C_p_imp_asc,0.1,r0.10,44,26,OPP-MORE,pair8,Q,-0.008595466613769531,0.0037012100219726562,969,969,26,198,198,26,0.00791823466618851,1.0258870124816895
gpt-j-6b-fp32,C_p_imp_asc,0.1,r0.10,44,26,OPP-MORE,pair9,P,-0.1613016128540039,0.13912081718444824,34439,34439,26,198,198,26,0.00791823466618851,1.0258870124816895
gpt-j-6b-fp32,C_p_imp_asc,0.1,r0.10,44,26,OPP-MORE,pair9,Q,-0.06367874145507812,-0.042222023010253906,34439,34439,26,198,198,26,0.00791823466618851,1.0258870124816895
gpt-j-6b-fp32,C_p_imp_asc,0.1,r0.10,44,26,OPP-LESS,pair0,P,-0.08812808990478516,0.1723017692565918,10255,10255,26,198,198,26,0.00791823466618851,1.0258870124816895
gpt-j-6b-fp32,C_p_imp_asc,0.1,r0.10,44,26,OPP-LESS,pair0,Q,-0.030391693115234375,0.03388166427612305,10255,10255,26,198,198,26,0.00791823466618851,1.0258870124816895
gpt-j-6b-fp32,C_p_imp_asc,0.1,r0.10,44,26,OPP-LESS,pair1,P,-0.1450052261352539,0.1287381649017334,18605,18605,26,198,198,26,0.00791823466618851,1.0258870124816895
gpt-j-6b-fp32,C_p_imp_asc,0.1,r0.10,44,26,OPP-LESS,pair1,Q,0.009732246398925781,0.03634166717529297,18605,18605,26,198,198,26,0.00791823466618851,1.0258870124816895
gpt-j-6b-fp32,C_p_imp_asc,0.1,r0.10,44,26,OPP-LESS,pair2,P,-0.18524551391601562,0.12777400016784668,8038,8038,26,198,198,26,0.00791823466618851,1.0258870124816895
gpt-j-6b-fp32,C_p_imp_asc,0.1,r0.10,44,26,OPP-LESS,pair2,Q,-0.12464046478271484,-0.02611541748046875,8038,8038,26,198,198,26,0.00791823466618851,1.0258870124816895
gpt-j-6b-fp32,C_p_imp_asc,0.1,r0.10,44,26,OPP-LESS,pair3,P,-0.1022787094116211,0.11551737785339355,5930,5930,26,198,198,26,0.00791823466618851,1.0258870124816895
gpt-j-6b-fp32,C_p_imp_asc,0.1,r0.10,44,26,OPP-LESS,pair3,Q,-0.09790325164794922,0.05421733856201172,5930,5930,26,198,198,26,0.00791823466618851,1.0258870124816895
gpt-j-6b-fp32,C_p_imp_asc,0.1,r0.10,44,26,OPP-LESS,pair4,P,-0.41472816467285156,0.09682130813598633,23448,23448,26,198,198,26,0.00791823466618851,1.0258870124816895
gpt-j-6b-fp32,C_p_imp_asc,0.1,r0.10,44,26,OPP-LESS,pair4,Q,-0.2973461151123047,0.01786947250366211,23448,23448,26,198,198,26,0.00791823466618851,1.0258870124816895
gpt-j-6b-fp32,C_p_imp_asc,0.1,r0.10,44,26,OPP-LESS,pair5,P,-0.06295967102050781,0.12690496444702148,969,969,26,198,198,26,0.00791823466618851,1.0258870124816895
gpt-j-6b-fp32,C_p_imp_asc,0.1,r0.10,44,26,OPP-LESS,pair5,Q,-0.06418704986572266,0.0028324127197265625,1426,1426,26,198,198,26,0.00791823466618851,1.0258870124816895
gpt-j-6b-fp32,C_p_imp_asc,0.1,r0.10,44,26,OPP-LESS,pair6,P,-0.11962509155273438,0.10440778732299805,6514,6514,26,198,198,26,0.00791823466618851,1.0258870124816895
gpt-j-6b-fp32,C_p_imp_asc,0.1,r0.10,44,26,OPP-LESS,pair6,Q,-0.08664226531982422,-0.011080265045166016,6514,6514,26,198,198,26,0.00791823466618851,1.0258870124816895
gpt-j-6b-fp32,C_p_imp_asc,0.1,r0.10,44,26,OPP-LESS,pair7,P,-0.01665019989013672,0.16132056713104248,22111,22111,26,198,198,26,0.00791823466618851,1.0258870124816895
gpt-j-6b-fp32,C_p_imp_asc,0.1,r0.10,44,26,OPP-LESS,pair7,Q,0.046489715576171875,0.02693319320678711,22111,22111,26,198,198,26,0.00791823466618851,1.0258870124816895
gpt-j-6b-fp32,C_p_imp_asc,0.1,r0.10,44,26,OPP-LESS,pair8,P,-0.06754016876220703,0.10056912899017334,969,969,26,198,198,26,0.00791823466618851,1.0258870124816895
gpt-j-6b-fp32,C_p_imp_asc,0.1,r0.10,44,26,OPP-LESS,pair8,Q,-0.07297897338867188,0.006578922271728516,969,969,26,198,198,26,0.00791823466618851,1.0258870124816895
gpt-j-6b-fp32,C_p_imp_asc,0.1,r0.10,44,26,OPP-LESS,pair9,P,-0.12022209167480469,0.14314579963684082,34439,34439,26,198,198,26,0.00791823466618851,1.0258870124816895
gpt-j-6b-fp32,C_p_imp_asc,0.1,r0.10,44,26,OPP-LESS,pair9,Q,-0.1720752716064453,-0.0369572639465332,34439,34439,26,198,198,26,0.00791823466618851,1.0258870124816895
gpt-j-6b-fp32,C_p_imp_asc,0.1,r0.10,44,26,MORE-LESS,pair0,P,0.0031871795654296875,0.023763656616210938,10255,10255,26,198,198,26,0.00791823466618851,1.0258870124816895
gpt-j-6b-fp32,C_p_imp_asc,0.1,r0.10,44,26,MORE-LESS,pair0,Q,0.010359764099121094,0.019743919372558594,10255,10255,26,198,198,26,0.00791823466618851,1.0258870124816895
gpt-j-6b-fp32,C_p_imp_asc,0.1,r0.10,44,26,MORE-LESS,pair1,P,0.015874862670898438,-0.020241737365722656,18605,18605,26,198,198,26,0.00791823466618851,1.0258870124816895
gpt-j-6b-fp32,C_p_imp_asc,0.1,r0.10,44,26,MORE-LESS,pair1,Q,0.01872539520263672,-0.005695343017578125,18605,18605,26,198,198,26,0.00791823466618851,1.0258870124816895
gpt-j-6b-fp32,C_p_imp_asc,0.1,r0.10,44,26,MORE-LESS,pair2,P,0.033486366271972656,0.02851581573486328,8038,8038,26,198,198,26,0.00791823466618851,1.0258870124816895
gpt-j-6b-fp32,C_p_imp_asc,0.1,r0.10,44,26,MORE-LESS,pair2,Q,0.03106975555419922,0.03197288513183594,8038,8038,26,198,198,26,0.00791823466618851,1.0258870124816895
gpt-j-6b-fp32,C_p_imp_asc,0.1,r0.10,44,26,MORE-LESS,pair3,P,0.0031709671020507812,-0.013741493225097656,5930,5930,26,198,198,26,0.00791823466618851,1.0258870124816895
gpt-j-6b-fp32,C_p_imp_asc,0.1,r0.10,44,26,MORE-LESS,pair3,Q,-6.866455078125e-05,-0.011318206787109375,5930,5930,26,198,198,26,0.00791823466618851,1.0258870124816895
gpt-j-6b-fp32,C_p_imp_asc,0.1,r0.10,44,26,MORE-LESS,pair4,P,0.0058231353759765625,0.006571769714355469,23448,23448,26,198,198,26,0.00791823466618851,1.0258870124816895
gpt-j-6b-fp32,C_p_imp_asc,0.1,r0.10,44,26,MORE-LESS,pair4,Q,0.0007905960083007812,0.010169029235839844,23448,23448,26,198,198,26,0.00791823466618851,1.0258870124816895
gpt-j-6b-fp32,C_p_imp_asc,0.1,r0.10,44,26,MORE-LESS,pair5,P,0.010193824768066406,-0.04216480255126953,969,969,26,198,198,26,0.00791823466618851,1.0258870124816895
gpt-j-6b-fp32,C_p_imp_asc,0.1,r0.10,44,26,MORE-LESS,pair5,Q,0.009883880615234375,-0.03796863555908203,1426,1426,26,198,198,26,0.00791823466618851,1.0258870124816895
gpt-j-6b-fp32,C_p_imp_asc,0.1,r0.10,44,26,MORE-LESS,pair6,P,0.008868217468261719,-0.006047248840332031,6514,6514,26,198,198,26,0.00791823466618851,1.0258870124816895
gpt-j-6b-fp32,C_p_imp_asc,0.1,r0.10,44,26,MORE-LESS,pair6,Q,0.001529693603515625,-0.004498481750488281,6514,6514,26,198,198,26,0.00791823466618851,1.0258870124816895
gpt-j-6b-fp32,C_p_imp_asc,0.1,r0.10,44,26,MORE-LESS,pair7,P,0.03655815124511719,0.022063255310058594,22111,22111,26,198,198,26,0.00791823466618851,1.0258870124816895
gpt-j-6b-fp32,C_p_imp_asc,0.1,r0.10,44,26,MORE-LESS,pair7,Q,0.03178596496582031,0.02959918975830078,22111,22111,26,198,198,26,0.00791823466618851,1.0258870124816895
gpt-j-6b-fp32,C_p_imp_asc,0.1,r0.10,44,26,MORE-LESS,pair8,P,0.0075969696044921875,-0.020386695861816406,969,969,26,198,198,26,0.00791823466618851,1.0258870124816895
gpt-j-6b-fp32,C_p_imp_asc,0.1,r0.10,44,26,MORE-LESS,pair8,Q,0.005764007568359375,-0.019792556762695312,969,969,26,198,198,26,0.00791823466618851,1.0258870124816895
gpt-j-6b-fp32,C_p_imp_asc,0.1,r0.10,44,26,MORE-LESS,pair9,P,0.0191497802734375,-0.007061958312988281,34439,34439,26,198,198,26,0.00791823466618851,1.0258870124816895
gpt-j-6b-fp32,C_p_imp_asc,0.1,r0.10,44,26,MORE-LESS,pair9,Q,0.017617225646972656,0.0022859573364257812,34439,34439,26,198,198,26,0.00791823466618851,1.0258870124816895
gpt-j-6b-fp32,D_p_imp_asc,0.1,r0.10,44,44,SAME-OPP,pair0,P,0.0016469955444335938,0.0027437210083007812,632,632,26,198,198,26,0.00791823466618851,1.0258870124816895
gpt-j-6b-fp32,D_p_imp_asc,0.1,r0.10,44,44,SAME-OPP,pair0,Q,-0.0019216537475585938,-0.0010776519775390625,39733,39733,26,198,198,26,0.00791823466618851,1.0258870124816895
gpt-j-6b-fp32,D_p_imp_asc,0.1,r0.10,44,44,SAME-OPP,pair1,P,0.0044956207275390625,0.007925033569335938,27059,27059,26,198,198,26,0.00791823466618851,1.0258870124816895
gpt-j-6b-fp32,D_p_imp_asc,0.1,r0.10,44,44,SAME-OPP,pair1,Q,-0.00040531158447265625,0.00347137451171875,19157,19157,26,198,198,26,0.00791823466618851,1.0258870124816895
gpt-j-6b-fp32,D_p_imp_asc,0.1,r0.10,44,44,SAME-OPP,pair2,P,0.0044651031494140625,0.005591392517089844,27059,27059,26,198,198,26,0.00791823466618851,1.0258870124816895
gpt-j-6b-fp32,D_p_imp_asc,0.1,r0.10,44,44,SAME-OPP,pair2,Q,-0.0022182464599609375,0.0009908676147460938,632,632,26,198,198,26,0.00791823466618851,1.0258870124816895
gpt-j-6b-fp32,D_p_imp_asc,0.1,r0.10,44,44,SAME-OPP,pair3,P,0.006485939025878906,0.00756072998046875,27059,27059,26,198,198,26,0.00791823466618851,1.0258870124816895
gpt-j-6b-fp32,D_p_imp_asc,0.1,r0.10,44,44,SAME-OPP,pair3,Q,-0.0021572113037109375,0.0048122406005859375,5930,5930,26,198,198,26,0.00791823466618851,1.0258870124816895
gpt-j-6b-fp32,D_p_imp_asc,0.1,r0.10,44,44,SAME-OPP,pair4,P,0.009640693664550781,0.006358146667480469,27059,27059,26,198,198,26,0.00791823466618851,1.0258870124816895
gpt-j-6b-fp32,D_p_imp_asc,0.1,r0.10,44,44,SAME-OPP,pair4,Q,0.0008077621459960938,0.004651069641113281,632,632,26,198,198,26,0.00791823466618851,1.0258870124816895
gpt-j-6b-fp32,D_p_imp_asc,0.1,r0.10,44,44,SAME-OPP,pair5,P,0.0059452056884765625,0.007852554321289062,27059,27059,26,198,198,26,0.00791823466618851,1.0258870124816895
gpt-j-6b-fp32,D_p_imp_asc,0.1,r0.10,44,44,SAME-OPP,pair5,Q,-0.0010709762573242188,0.0030612945556640625,632,632,26,198,198,26,0.00791823466618851,1.0258870124816895
gpt-j-6b-fp32,D_p_imp_asc,0.1,r0.10,44,44,SAME-OPP,pair6,P,0.0032062530517578125,0.005629539489746094,27059,27059,26,198,198,26,0.00791823466618851,1.0258870124816895
gpt-j-6b-fp32,D_p_imp_asc,0.1,r0.10,44,44,SAME-OPP,pair6,Q,-0.00034809112548828125,0.0016031265258789062,632,632,26,198,198,26,0.00791823466618851,1.0258870124816895
gpt-j-6b-fp32,D_p_imp_asc,0.1,r0.10,44,44,SAME-OPP,pair7,P,0.009019851684570312,0.008307456970214844,632,632,26,198,198,26,0.00791823466618851,1.0258870124816895
gpt-j-6b-fp32,D_p_imp_asc,0.1,r0.10,44,44,SAME-OPP,pair7,Q,-0.001056671142578125,0.0049343109130859375,632,632,26,198,198,26,0.00791823466618851,1.0258870124816895
gpt-j-6b-fp32,D_p_imp_asc,0.1,r0.10,44,44,SAME-OPP,pair8,P,0.0075397491455078125,0.008124351501464844,1874,1874,26,198,198,26,0.00791823466618851,1.0258870124816895
gpt-j-6b-fp32,D_p_imp_asc,0.1,r0.10,44,44,SAME-OPP,pair8,Q,-0.0035076141357421875,0.0021820068359375,1874,1874,26,198,198,26,0.00791823466618851,1.0258870124816895
gpt-j-6b-fp32,D_p_imp_asc,0.1,r0.10,44,44,SAME-OPP,pair9,P,0.0058116912841796875,0.007258415222167969,27059,27059,26,198,198,26,0.00791823466618851,1.0258870124816895
gpt-j-6b-fp32,D_p_imp_asc,0.1,r0.10,44,44,SAME-OPP,pair9,Q,-0.0029735565185546875,0.004383087158203125,23663,23663,26,198,198,26,0.00791823466618851,1.0258870124816895
gpt-j-6b-fp32,D_p_imp_asc,0.1,r0.10,44,44,SAME-MORE,pair0,P,-0.008257865905761719,-0.019420623779296875,10255,10255,26,198,198,26,0.00791823466618851,1.0258870124816895
gpt-j-6b-fp32,D_p_imp_asc,0.1,r0.10,44,44,SAME-MORE,pair0,Q,0.0057086944580078125,-0.013907909393310547,10255,10255,26,198,198,26,0.00791823466618851,1.0258870124816895
gpt-j-6b-fp32,D_p_imp_asc,0.1,r0.10,44,44,SAME-MORE,pair1,P,-0.006070137023925781,-0.001171112060546875,18605,18605,26,198,198,26,0.00791823466618851,1.0258870124816895
gpt-j-6b-fp32,D_p_imp_asc,0.1,r0.10,44,44,SAME-MORE,pair1,Q,-0.0007905960083007812,-0.0037283897399902344,18605,18605,26,198,198,26,0.00791823466618851,1.0258870124816895
gpt-j-6b-fp32,D_p_imp_asc,0.1,r0.10,44,44,SAME-MORE,pair2,P,0.012674331665039062,-0.018434524536132812,8038,8038,26,198,198,26,0.00791823466618851,1.0258870124816895
gpt-j-6b-fp32,D_p_imp_asc,0.1,r0.10,44,44,SAME-MORE,pair2,Q,0.03355693817138672,-0.012652873992919922,8038,8038,26,198,198,26,0.00791823466618851,1.0258870124816895
gpt-j-6b-fp32,D_p_imp_asc,0.1,r0.10,44,44,SAME-MORE,pair3,P,0.019781112670898438,-0.014979362487792969,1234,1234,26,198,198,26,0.00791823466618851,1.0258870124816895
gpt-j-6b-fp32,D_p_imp_asc,0.1,r0.10,44,44,SAME-MORE,pair3,Q,0.017129898071289062,-0.0012331008911132812,1234,1234,26,198,198,26,0.00791823466618851,1.0258870124816895
gpt-j-6b-fp32,D_p_imp_asc,0.1,r0.10,44,44,SAME-MORE,pair4,P,0.013619422912597656,-0.006016731262207031,23448,23448,26,198,198,26,0.00791823466618851,1.0258870124816895
gpt-j-6b-fp32,D_p_imp_asc,0.1,r0.10,44,44,SAME-MORE,pair4,Q,0.011068344116210938,-0.014820575714111328,23448,23448,26,198,198,26,0.00791823466618851,1.0258870124816895
gpt-j-6b-fp32,D_p_imp_asc,0.1,r0.10,44,44,SAME-MORE,pair5,P,0.0015382766723632812,-0.013489723205566406,969,969,26,198,198,26,0.00791823466618851,1.0258870124816895
gpt-j-6b-fp32,D_p_imp_asc,0.1,r0.10,44,44,SAME-MORE,pair5,Q,-5.7220458984375e-06,-0.009481430053710938,1426,1426,26,198,198,26,0.00791823466618851,1.0258870124816895
gpt-j-6b-fp32,D_p_imp_asc,0.1,r0.10,44,44,SAME-MORE,pair6,P,0.008095741271972656,-0.0098876953125,6514,6514,26,198,198,26,0.00791823466618851,1.0258870124816895
gpt-j-6b-fp32,D_p_imp_asc,0.1,r0.10,44,44,SAME-MORE,pair6,Q,0.02439403533935547,0.0030303001403808594,6514,6514,26,198,198,26,0.00791823466618851,1.0258870124816895
gpt-j-6b-fp32,D_p_imp_asc,0.1,r0.10,44,44,SAME-MORE,pair7,P,-0.001148223876953125,-0.0072841644287109375,22111,22111,26,198,198,26,0.00791823466618851,1.0258870124816895
gpt-j-6b-fp32,D_p_imp_asc,0.1,r0.10,44,44,SAME-MORE,pair7,Q,0.004145622253417969,0.0017266273498535156,22111,22111,26,198,198,26,0.00791823466618851,1.0258870124816895
gpt-j-6b-fp32,D_p_imp_asc,0.1,r0.10,44,44,SAME-MORE,pair8,P,0.003998756408691406,-0.020989418029785156,969,969,26,198,198,26,0.00791823466618851,1.0258870124816895
gpt-j-6b-fp32,D_p_imp_asc,0.1,r0.10,44,44,SAME-MORE,pair8,Q,0.010399818420410156,-0.007120609283447266,969,969,26,198,198,26,0.00791823466618851,1.0258870124816895
gpt-j-6b-fp32,D_p_imp_asc,0.1,r0.10,44,44,SAME-MORE,pair9,P,0.009340286254882812,-0.012327194213867188,34439,34439,26,198,198,26,0.00791823466618851,1.0258870124816895
gpt-j-6b-fp32,D_p_imp_asc,0.1,r0.10,44,44,SAME-MORE,pair9,Q,0.01447296142578125,-0.004702091217041016,34439,34439,26,198,198,26,0.00791823466618851,1.0258870124816895
gpt-j-6b-fp32,D_p_imp_asc,0.1,r0.10,44,44,SAME-LESS,pair0,P,0.009863853454589844,-0.017066001892089844,10255,10255,26,198,198,26,0.00791823466618851,1.0258870124816895
gpt-j-6b-fp32,D_p_imp_asc,0.1,r0.10,44,44,SAME-LESS,pair0,Q,0.013941764831542969,-0.024566650390625,10255,10255,26,198,198,26,0.00791823466618851,1.0258870124816895
gpt-j-6b-fp32,D_p_imp_asc,0.1,r0.10,44,44,SAME-LESS,pair1,P,0.026673316955566406,-0.0020503997802734375,18605,18605,26,198,198,26,0.00791823466618851,1.0258870124816895
gpt-j-6b-fp32,D_p_imp_asc,0.1,r0.10,44,44,SAME-LESS,pair1,Q,0.02649688720703125,-0.009994983673095703,18605,18605,26,198,198,26,0.00791823466618851,1.0258870124816895
gpt-j-6b-fp32,D_p_imp_asc,0.1,r0.10,44,44,SAME-LESS,pair2,P,0.05200672149658203,-0.014542102813720703,8038,8038,26,198,198,26,0.00791823466618851,1.0258870124816895
gpt-j-6b-fp32,D_p_imp_asc,0.1,r0.10,44,44,SAME-LESS,pair2,Q,0.06328296661376953,-0.013759613037109375,8038,8038,26,198,198,26,0.00791823466618851,1.0258870124816895
gpt-j-6b-fp32,D_p_imp_asc,0.1,r0.10,44,44,SAME-LESS,pair3,P,-0.0033388137817382812,-0.014280319213867188,5930,5930,26,198,198,26,0.00791823466618851,1.0258870124816895
gpt-j-6b-fp32,D_p_imp_asc,0.1,r0.10,44,44,SAME-LESS,pair3,Q,0.0004100799560546875,-0.007534980773925781,5930,5930,26,198,198,26,0.00791823466618851,1.0258870124816895
gpt-j-6b-fp32,D_p_imp_asc,0.1,r0.10,44,44,SAME-LESS,pair4,P,0.042613983154296875,-0.004833221435546875,23448,23448,26,198,198,26,0.00791823466618851,1.0258870124816895
gpt-j-6b-fp32,D_p_imp_asc,0.1,r0.10,44,44,SAME-LESS,pair4,Q,0.03721427917480469,-0.0221099853515625,23448,23448,26,198,198,26,0.00791823466618851,1.0258870124816895
gpt-j-6b-fp32,D_p_imp_asc,0.1,r0.10,44,44,SAME-LESS,pair5,P,0.011647224426269531,-0.012470245361328125,969,969,26,198,198,26,0.00791823466618851,1.0258870124816895
gpt-j-6b-fp32,D_p_imp_asc,0.1,r0.10,44,44,SAME-LESS,pair5,Q,0.013574600219726562,-0.0158233642578125,1426,1426,26,198,198,26,0.00791823466618851,1.0258870124816895
gpt-j-6b-fp32,D_p_imp_asc,0.1,r0.10,44,44,SAME-LESS,pair6,P,0.021612167358398438,-0.01050567626953125,6514,6514,26,198,198,26,0.00791823466618851,1.0258870124816895
gpt-j-6b-fp32,D_p_imp_asc,0.1,r0.10,44,44,SAME-LESS,pair6,Q,0.03215789794921875,-0.0021390914916992188,6514,6514,26,198,198,26,0.00791823466618851,1.0258870124816895
gpt-j-6b-fp32,D_p_imp_asc,0.1,r0.10,44,44,SAME-LESS,pair7,P,-0.0033807754516601562,-0.007785797119140625,22111,22111,26,198,198,26,0.00791823466618851,1.0258870124816895
gpt-j-6b-fp32,D_p_imp_asc,0.1,r0.10,44,44,SAME-LESS,pair7,Q,-0.0064373016357421875,-0.005175590515136719,22111,22111,26,198,198,26,0.00791823466618851,1.0258870124816895
gpt-j-6b-fp32,D_p_imp_asc,0.1,r0.10,44,44,SAME-LESS,pair8,P,-0.0054836273193359375,-0.021058082580566406,969,969,26,198,198,26,0.00791823466618851,1.0258870124816895
gpt-j-6b-fp32,D_p_imp_asc,0.1,r0.10,44,44,SAME-LESS,pair8,Q,0.008765220642089844,-0.013531208038330078,969,969,26,198,198,26,0.00791823466618851,1.0258870124816895
gpt-j-6b-fp32,D_p_imp_asc,0.1,r0.10,44,44,SAME-LESS,pair9,P,-0.0015506744384765625,-0.010836601257324219,34439,34439,26,198,198,26,0.00791823466618851,1.0258870124816895
gpt-j-6b-fp32,D_p_imp_asc,0.1,r0.10,44,44,SAME-LESS,pair9,Q,0.00827789306640625,-0.008202552795410156,34439,34439,26,198,198,26,0.00791823466618851,1.0258870124816895
gpt-j-6b-fp32,D_p_imp_asc,0.1,r0.10,44,44,OPP-MORE,pair0,P,-0.007477760314941406,-0.03987002372741699,10255,10255,26,198,198,26,0.00791823466618851,1.0258870124816895
gpt-j-6b-fp32,D_p_imp_asc,0.1,r0.10,44,44,OPP-MORE,pair0,Q,0.007939338684082031,0.0006051063537597656,10255,10255,26,198,198,26,0.00791823466618851,1.0258870124816895
gpt-j-6b-fp32,D_p_imp_asc,0.1,r0.10,44,44,OPP-MORE,pair1,P,-0.009098052978515625,-0.03471636772155762,18605,18605,26,198,198,26,0.00791823466618851,1.0258870124816895
gpt-j-6b-fp32,D_p_imp_asc,0.1,r0.10,44,44,OPP-MORE,pair1,Q,-0.0025434494018554688,0.007946491241455078,18605,18605,26,198,198,26,0.00791823466618851,1.0258870124816895
gpt-j-6b-fp32,D_p_imp_asc,0.1,r0.10,44,44,OPP-MORE,pair2,P,0.013346672058105469,-0.03584432601928711,8038,8038,26,198,198,26,0.00791823466618851,1.0258870124816895
gpt-j-6b-fp32,D_p_imp_asc,0.1,r0.10,44,44,OPP-MORE,pair2,Q,0.03451824188232422,0.011563301086425781,8038,8038,26,198,198,26,0.00791823466618851,1.0258870124816895
gpt-j-6b-fp32,D_p_imp_asc,0.1,r0.10,44,44,OPP-MORE,pair3,P,0.02093982696533203,-0.03855907917022705,1234,1234,26,198,198,26,0.00791823466618851,1.0258870124816895
gpt-j-6b-fp32,D_p_imp_asc,0.1,r0.10,44,44,OPP-MORE,pair3,Q,0.0181732177734375,0.011486530303955078,1234,1234,26,198,198,26,0.00791823466618851,1.0258870124816895
gpt-j-6b-fp32,D_p_imp_asc,0.1,r0.10,44,44,OPP-MORE,pair4,P,0.012185096740722656,-0.033411264419555664,23448,23448,26,198,198,26,0.00791823466618851,1.0258870124816895
gpt-j-6b-fp32,D_p_imp_asc,0.1,r0.10,44,44,OPP-MORE,pair4,Q,0.009765625,-0.004669189453125,23448,23448,26,198,198,26,0.00791823466618851,1.0258870124816895
gpt-j-6b-fp32,D_p_imp_asc,0.1,r0.10,44,44,OPP-MORE,pair5,P,-0.0031251907348632812,-0.04244112968444824,969,969,26,198,198,26,0.00791823466618851,1.0258870124816895
gpt-j-6b-fp32,D_p_imp_asc,0.1,r0.10,44,44,OPP-MORE,pair5,Q,-0.0017099380493164062,0.012660503387451172,1426,1426,26,198,198,26,0.00791823466618851,1.0258870124816895
gpt-j-6b-fp32,D_p_imp_asc,0.1,r0.10,44,44,OPP-MORE,pair6,P,0.004178047180175781,-0.037758827209472656,6514,6514,26,198,198,26,0.00791823466618851,1.0258870124816895
gpt-j-6b-fp32,D_p_imp_asc,0.1,r0.10,44,44,OPP-MORE,pair6,Q,0.02408885955810547,0.012492656707763672,6514,6514,26,198,198,26,0.00791823466618851,1.0258870124816895
gpt-j-6b-fp32,D_p_imp_asc,0.1,r0.10,44,44,OPP-MORE,pair7,P,-0.0064029693603515625,-0.027497529983520508,22111,22111,26,198,198,26,0.00791823466618851,1.0258870124816895
gpt-j-6b-fp32,D_p_imp_asc,0.1,r0.10,44,44,OPP-MORE,pair7,Q,0.0009889602661132812,0.009305953979492188,22111,22111,26,198,198,26,0.00791823466618851,1.0258870124816895
gpt-j-6b-fp32,D_p_imp_asc,0.1,r0.10,44,44,OPP-MORE,pair8,P,0.0013914108276367188,-0.04970204830169678,969,969,26,198,198,26,0.00791823466618851,1.0258870124816895
gpt-j-6b-fp32,D_p_imp_asc,0.1,r0.10,44,44,OPP-MORE,pair8,Q,0.008780479431152344,0.009516716003417969,969,969,26,198,198,26,0.00791823466618851,1.0258870124816895
gpt-j-6b-fp32,D_p_imp_asc,0.1,r0.10,44,44,OPP-MORE,pair9,P,0.006519317626953125,-0.03981482982635498,34439,34439,26,198,198,26,0.00791823466618851,1.0258870124816895
gpt-j-6b-fp32,D_p_imp_asc,0.1,r0.10,44,44,OPP-MORE,pair9,Q,0.013825416564941406,0.01080465316772461,34439,34439,26,198,198,26,0.00791823466618851,1.0258870124816895
gpt-j-6b-fp32,D_p_imp_asc,0.1,r0.10,44,44,OPP-LESS,pair0,P,0.006558418273925781,-0.049237966537475586,10255,10255,26,198,198,26,0.00791823466618851,1.0258870124816895
gpt-j-6b-fp32,D_p_imp_asc,0.1,r0.10,44,44,OPP-LESS,pair0,Q,0.011195182800292969,-0.007914543151855469,10255,10255,26,198,198,26,0.00791823466618851,1.0258870124816895
gpt-j-6b-fp32,D_p_imp_asc,0.1,r0.10,44,44,OPP-LESS,pair1,P,0.017169952392578125,-0.038582801818847656,18605,18605,26,198,198,26,0.00791823466618851,1.0258870124816895
gpt-j-6b-fp32,D_p_imp_asc,0.1,r0.10,44,44,OPP-LESS,pair1,Q,0.01897907257080078,0.0030279159545898438,18605,18605,26,198,198,26,0.00791823466618851,1.0258870124816895
gpt-j-6b-fp32,D_p_imp_asc,0.1,r0.10,44,44,OPP-LESS,pair2,P,0.05162239074707031,-0.03838229179382324,8038,8038,26,198,198,26,0.00791823466618851,1.0258870124816895
gpt-j-6b-fp32,D_p_imp_asc,0.1,r0.10,44,44,OPP-LESS,pair2,Q,0.0639190673828125,0.009457111358642578,8038,8038,26,198,198,26,0.00791823466618851,1.0258870124816895
gpt-j-6b-fp32,D_p_imp_asc,0.1,r0.10,44,44,OPP-LESS,pair3,P,-0.0052356719970703125,-0.044820547103881836,5930,5930,26,198,198,26,0.00791823466618851,1.0258870124816895
gpt-j-6b-fp32,D_p_imp_asc,0.1,r0.10,44,44,OPP-LESS,pair3,Q,0.00030517578125,0.005958080291748047,5930,5930,26,198,198,26,0.00791823466618851,1.0258870124816895
gpt-j-6b-fp32,D_p_imp_asc,0.1,r0.10,44,44,OPP-LESS,pair4,P,0.03927421569824219,-0.03959369659423828,23448,23448,26,198,198,26,0.00791823466618851,1.0258870124816895
gpt-j-6b-fp32,D_p_imp_asc,0.1,r0.10,44,44,OPP-LESS,pair4,Q,0.03319358825683594,-0.009503841400146484,23448,23448,26,198,198,26,0.00791823466618851,1.0258870124816895
gpt-j-6b-fp32,D_p_imp_asc,0.1,r0.10,44,44,OPP-LESS,pair5,P,0.009339332580566406,-0.046140432357788086,969,969,26,198,198,26,0.00791823466618851,1.0258870124816895
gpt-j-6b-fp32,D_p_imp_asc,0.1,r0.10,44,44,OPP-LESS,pair5,Q,0.010725021362304688,0.006596088409423828,1426,1426,26,198,198,26,0.00791823466618851,1.0258870124816895
gpt-j-6b-fp32,D_p_imp_asc,0.1,r0.10,44,44,OPP-LESS,pair6,P,0.015317916870117188,-0.03899884223937988,6514,6514,26,198,198,26,0.00791823466618851,1.0258870124816895
gpt-j-6b-fp32,D_p_imp_asc,0.1,r0.10,44,44,OPP-LESS,pair6,Q,0.02862548828125,0.005949974060058594,6514,6514,26,198,198,26,0.00791823466618851,1.0258870124816895
gpt-j-6b-fp32,D_p_imp_asc,0.1,r0.10,44,44,OPP-LESS,pair7,P,-0.009360313415527344,-0.033886075019836426,22111,22111,26,198,198,26,0.00791823466618851,1.0258870124816895
gpt-j-6b-fp32,D_p_imp_asc,0.1,r0.10,44,44,OPP-LESS,pair7,Q,-0.010341644287109375,0.002830982208251953,22111,22111,26,198,198,26,0.00791823466618851,1.0258870124816895
gpt-j-6b-fp32,D_p_imp_asc,0.1,r0.10,44,44,OPP-LESS,pair8,P,-0.0054874420166015625,-0.05238819122314453,969,969,26,198,198,26,0.00791823466618851,1.0258870124816895
gpt-j-6b-fp32,D_p_imp_asc,0.1,r0.10,44,44,OPP-LESS,pair8,Q,0.007110595703125,0.002665996551513672,969,969,26,198,198,26,0.00791823466618851,1.0258870124816895
gpt-j-6b-fp32,D_p_imp_asc,0.1,r0.10,44,44,OPP-LESS,pair9,P,-0.014661788940429688,-0.04295778274536133,34439,34439,26,198,198,26,0.00791823466618851,1.0258870124816895
gpt-j-6b-fp32,D_p_imp_asc,0.1,r0.10,44,44,OPP-LESS,pair9,Q,-0.0001201629638671875,0.005901813507080078,34439,34439,26,198,198,26,0.00791823466618851,1.0258870124816895
gpt-j-6b-fp32,D_p_imp_asc,0.1,r0.10,44,44,MORE-LESS,pair0,P,-0.002300262451171875,0.0002460479736328125,10255,10255,26,198,198,26,0.00791823466618851,1.0258870124816895
gpt-j-6b-fp32,D_p_imp_asc,0.1,r0.10,44,44,MORE-LESS,pair0,Q,-0.0024442672729492188,0.0008869171142578125,10255,10255,26,198,198,26,0.00791823466618851,1.0258870124816895
gpt-j-6b-fp32,D_p_imp_asc,0.1,r0.10,44,44,MORE-LESS,pair1,P,0.0016622543334960938,0.0014247894287109375,18605,18605,26,198,198,26,0.00791823466618851,1.0258870124816895
gpt-j-6b-fp32,D_p_imp_asc,0.1,r0.10,44,44,MORE-LESS,pair1,Q,0.0018491744995117188,0.000873565673828125,18605,18605,26,198,198,26,0.00791823466618851,1.0258870124816895
gpt-j-6b-fp32,D_p_imp_asc,0.1,r0.10,44,44,MORE-LESS,pair2,P,0.008883476257324219,-0.000377655029296875,8038,8038,26,198,198,26,0.00791823466618851,1.0258870124816895
gpt-j-6b-fp32,D_p_imp_asc,0.1,r0.10,44,44,MORE-LESS,pair2,Q,0.008158683776855469,-0.0019712448120117188,8038,8038,26,198,198,26,0.00791823466618851,1.0258870124816895
gpt-j-6b-fp32,D_p_imp_asc,0.1,r0.10,44,44,MORE-LESS,pair3,P,0.0035381317138671875,-0.002544403076171875,5930,5930,26,198,198,26,0.00791823466618851,1.0258870124816895
gpt-j-6b-fp32,D_p_imp_asc,0.1,r0.10,44,44,MORE-LESS,pair3,Q,0.0026979446411132812,-0.0032835006713867188,5930,5930,26,198,198,26,0.00791823466618851,1.0258870124816895
gpt-j-6b-fp32,D_p_imp_asc,0.1,r0.10,44,44,MORE-LESS,pair4,P,-0.0003299713134765625,6.008148193359375e-05,23448,23448,26,198,198,26,0.00791823466618851,1.0258870124816895
gpt-j-6b-fp32,D_p_imp_asc,0.1,r0.10,44,44,MORE-LESS,pair4,Q,-0.0020284652709960938,-0.001007080078125,23448,23448,26,198,198,26,0.00791823466618851,1.0258870124816895
gpt-j-6b-fp32,D_p_imp_asc,0.1,r0.10,44,44,MORE-LESS,pair5,P,0.004998207092285156,-0.0052032470703125,969,969,26,198,198,26,0.00791823466618851,1.0258870124816895
gpt-j-6b-fp32,D_p_imp_asc,0.1,r0.10,44,44,MORE-LESS,pair5,Q,0.0028400421142578125,-0.0059528350830078125,1426,1426,26,198,198,26,0.00791823466618851,1.0258870124816895
gpt-j-6b-fp32,D_p_imp_asc,0.1,r0.10,44,44,MORE-LESS,pair6,P,0.0016536712646484375,-0.0028514862060546875,6514,6514,26,198,198,26,0.00791823466618851,1.0258870124816895
gpt-j-6b-fp32,D_p_imp_asc,0.1,r0.10,44,44,MORE-LESS,pair6,Q,0.001071929931640625,-0.003265380859375,6514,6514,26,198,198,26,0.00791823466618851,1.0258870124816895
gpt-j-6b-fp32,D_p_imp_asc,0.1,r0.10,44,44,MORE-LESS,pair7,P,0.0012903213500976562,0.0010242462158203125,22111,22111,26,198,198,26,0.00791823466618851,1.0258870124816895
gpt-j-6b-fp32,D_p_imp_asc,0.1,r0.10,44,44,MORE-LESS,pair7,Q,-0.000148773193359375,0.00010776519775390625,22111,22111,26,198,198,26,0.00791823466618851,1.0258870124816895
gpt-j-6b-fp32,D_p_imp_asc,0.1,r0.10,44,44,MORE-LESS,pair8,P,-0.00023937225341796875,-0.0036382675170898438,969,969,26,198,198,26,0.00791823466618851,1.0258870124816895
gpt-j-6b-fp32,D_p_imp_asc,0.1,r0.10,44,44,MORE-LESS,pair8,Q,5.91278076171875e-05,-0.0029668807983398438,969,969,26,198,198,26,0.00791823466618851,1.0258870124816895
gpt-j-6b-fp32,D_p_imp_asc,0.1,r0.10,44,44,MORE-LESS,pair9,P,0.001903533935546875,-0.00283050537109375,34439,34439,26,198,198,26,0.00791823466618851,1.0258870124816895
gpt-j-6b-fp32,D_p_imp_asc,0.1,r0.10,44,44,MORE-LESS,pair9,Q,0.0004444122314453125,-0.0033931732177734375,34439,34439,26,198,198,26,0.00791823466618851,1.0258870124816895
gpt-j-6b-fp32,C_p_imp_asc,0.05803571428571429,saturation,26,26,SAME-OPP,pair0,P,-0.020433425903320312,-0.0022449493408203125,632,632,26,198,198,26,0.00791823466618851,1.0258870124816895
gpt-j-6b-fp32,C_p_imp_asc,0.05803571428571429,saturation,26,26,SAME-OPP,pair0,Q,0.01983642578125,0.004742622375488281,39733,39733,26,198,198,26,0.00791823466618851,1.0258870124816895
gpt-j-6b-fp32,C_p_imp_asc,0.05803571428571429,saturation,26,26,SAME-OPP,pair1,P,-0.013437271118164062,0.010753631591796875,27059,27059,26,198,198,26,0.00791823466618851,1.0258870124816895
gpt-j-6b-fp32,C_p_imp_asc,0.05803571428571429,saturation,26,26,SAME-OPP,pair1,Q,0.006802558898925781,0.001567840576171875,19157,19157,26,198,198,26,0.00791823466618851,1.0258870124816895
gpt-j-6b-fp32,C_p_imp_asc,0.05803571428571429,saturation,26,26,SAME-OPP,pair2,P,-0.05141448974609375,-0.006413459777832031,27059,27059,26,198,198,26,0.00791823466618851,1.0258870124816895
gpt-j-6b-fp32,C_p_imp_asc,0.05803571428571429,saturation,26,26,SAME-OPP,pair2,Q,-0.0036773681640625,-0.008026123046875,632,632,26,198,198,26,0.00791823466618851,1.0258870124816895
gpt-j-6b-fp32,C_p_imp_asc,0.05803571428571429,saturation,26,26,SAME-OPP,pair3,P,-0.023723602294921875,0.0070934295654296875,27059,27059,26,198,198,26,0.00791823466618851,1.0258870124816895
gpt-j-6b-fp32,C_p_imp_asc,0.05803571428571429,saturation,26,26,SAME-OPP,pair3,Q,-0.009753227233886719,-0.012347221374511719,5930,5930,26,198,198,26,0.00791823466618851,1.0258870124816895
gpt-j-6b-fp32,C_p_imp_asc,0.05803571428571429,saturation,26,26,SAME-OPP,pair4,P,-0.02179241180419922,-0.005784034729003906,27059,27059,26,198,198,26,0.00791823466618851,1.0258870124816895
gpt-j-6b-fp32,C_p_imp_asc,0.05803571428571429,saturation,26,26,SAME-OPP,pair4,Q,0.008259773254394531,-0.0058441162109375,632,632,26,198,198,26,0.00791823466618851,1.0258870124816895
gpt-j-6b-fp32,C_p_imp_asc,0.05803571428571429,saturation,26,26,SAME-OPP,pair5,P,-0.026042938232421875,0.0017986297607421875,27059,27059,26,198,198,26,0.00791823466618851,1.0258870124816895
gpt-j-6b-fp32,C_p_imp_asc,0.05803571428571429,saturation,26,26,SAME-OPP,pair5,Q,0.0069522857666015625,0.0001373291015625,632,632,26,198,198,26,0.00791823466618851,1.0258870124816895
gpt-j-6b-fp32,C_p_imp_asc,0.05803571428571429,saturation,26,26,SAME-OPP,pair6,P,-0.016455650329589844,-0.0026006698608398438,27059,27059,26,198,198,26,0.00791823466618851,1.0258870124816895
gpt-j-6b-fp32,C_p_imp_asc,0.05803571428571429,saturation,26,26,SAME-OPP,pair6,Q,0.018133163452148438,-0.00089263916015625,632,632,26,198,198,26,0.00791823466618851,1.0258870124816895
gpt-j-6b-fp32,C_p_imp_asc,0.05803571428571429,saturation,26,26,SAME-OPP,pair7,P,-0.04957771301269531,-0.009587287902832031,632,632,26,198,198,26,0.00791823466618851,1.0258870124816895
gpt-j-6b-fp32,C_p_imp_asc,0.05803571428571429,saturation,26,26,SAME-OPP,pair7,Q,0.014963150024414062,0.0011186599731445312,632,632,26,198,198,26,0.00791823466618851,1.0258870124816895
gpt-j-6b-fp32,C_p_imp_asc,0.05803571428571429,saturation,26,26,SAME-OPP,pair8,P,1.049041748046875e-05,0.003958702087402344,1874,1874,26,198,198,26,0.00791823466618851,1.0258870124816895
gpt-j-6b-fp32,C_p_imp_asc,0.05803571428571429,saturation,26,26,SAME-OPP,pair8,Q,0.013540267944335938,0.012297630310058594,1874,1874,26,198,198,26,0.00791823466618851,1.0258870124816895
gpt-j-6b-fp32,C_p_imp_asc,0.05803571428571429,saturation,26,26,SAME-OPP,pair9,P,-0.038712501525878906,-0.0005254745483398438,27059,27059,26,198,198,26,0.00791823466618851,1.0258870124816895
gpt-j-6b-fp32,C_p_imp_asc,0.05803571428571429,saturation,26,26,SAME-OPP,pair9,Q,0.011164665222167969,-0.006491661071777344,23663,23663,26,198,198,26,0.00791823466618851,1.0258870124816895
gpt-j-6b-fp32,C_p_imp_asc,0.05803571428571429,saturation,26,26,SAME-MORE,pair0,P,-0.020298004150390625,0.2311563491821289,10255,10255,26,198,198,26,0.00791823466618851,1.0258870124816895
gpt-j-6b-fp32,C_p_imp_asc,0.05803571428571429,saturation,26,26,SAME-MORE,pair0,Q,0.042557716369628906,0.10250711441040039,10255,10255,26,198,198,26,0.00791823466618851,1.0258870124816895
gpt-j-6b-fp32,C_p_imp_asc,0.05803571428571429,saturation,26,26,SAME-MORE,pair1,P,0.009824752807617188,0.13314056396484375,18605,18605,26,198,198,26,0.00791823466618851,1.0258870124816895
gpt-j-6b-fp32,C_p_imp_asc,0.05803571428571429,saturation,26,26,SAME-MORE,pair1,Q,0.03763580322265625,0.08187341690063477,18605,18605,26,198,198,26,0.00791823466618851,1.0258870124816895
gpt-j-6b-fp32,C_p_imp_asc,0.05803571428571429,saturation,26,26,SAME-MORE,pair2,P,0.09720420837402344,0.20862388610839844,8038,8038,26,198,198,26,0.00791823466618851,1.0258870124816895
gpt-j-6b-fp32,C_p_imp_asc,0.05803571428571429,saturation,26,26,SAME-MORE,pair2,Q,0.03204345703125,0.019317150115966797,8038,8038,26,198,198,26,0.00791823466618851,1.0258870124816895
gpt-j-6b-fp32,C_p_imp_asc,0.05803571428571429,saturation,26,26,SAME-MORE,pair3,P,0.12845993041992188,0.17686939239501953,1234,1234,26,198,198,26,0.00791823466618851,1.0258870124816895
gpt-j-6b-fp32,C_p_imp_asc,0.05803571428571429,saturation,26,26,SAME-MORE,pair3,Q,0.18378829956054688,0.13022327423095703,1234,1234,26,198,198,26,0.00791823466618851,1.0258870124816895
gpt-j-6b-fp32,C_p_imp_asc,0.05803571428571429,saturation,26,26,SAME-MORE,pair4,P,-0.10036182403564453,0.03243255615234375,23448,23448,26,198,198,26,0.00791823466618851,1.0258870124816895
gpt-j-6b-fp32,C_p_imp_asc,0.05803571428571429,saturation,26,26,SAME-MORE,pair4,Q,-0.031640052795410156,0.08344125747680664,23448,23448,26,198,198,26,0.00791823466618851,1.0258870124816895
gpt-j-6b-fp32,C_p_imp_asc,0.05803571428571429,saturation,26,26,SAME-MORE,pair5,P,0.0726327896118164,0.07238292694091797,969,969,26,198,198,26,0.00791823466618851,1.0258870124816895
gpt-j-6b-fp32,C_p_imp_asc,0.05803571428571429,saturation,26,26,SAME-MORE,pair5,Q,0.029305458068847656,0.03931427001953125,1426,1426,26,198,198,26,0.00791823466618851,1.0258870124816895
gpt-j-6b-fp32,C_p_imp_asc,0.05803571428571429,saturation,26,26,SAME-MORE,pair6,P,0.02238750457763672,0.06800270080566406,6514,6514,26,198,198,26,0.00791823466618851,1.0258870124816895
gpt-j-6b-fp32,C_p_imp_asc,0.05803571428571429,saturation,26,26,SAME-MORE,pair6,Q,0.09072208404541016,0.014504432678222656,6514,6514,26,198,198,26,0.00791823466618851,1.0258870124816895
gpt-j-6b-fp32,C_p_imp_asc,0.05803571428571429,saturation,26,26,SAME-MORE,pair7,P,-0.0114898681640625,0.14603710174560547,22111,22111,26,198,198,26,0.00791823466618851,1.0258870124816895
gpt-j-6b-fp32,C_p_imp_asc,0.05803571428571429,saturation,26,26,SAME-MORE,pair7,Q,0.07926177978515625,0.04990339279174805,22111,22111,26,198,198,26,0.00791823466618851,1.0258870124816895
gpt-j-6b-fp32,C_p_imp_asc,0.05803571428571429,saturation,26,26,SAME-MORE,pair8,P,-0.00036525726318359375,0.09692764282226562,969,969,26,198,198,26,0.00791823466618851,1.0258870124816895
gpt-j-6b-fp32,C_p_imp_asc,0.05803571428571429,saturation,26,26,SAME-MORE,pair8,Q,0.007694244384765625,0.023435115814208984,969,969,26,198,198,26,0.00791823466618851,1.0258870124816895
gpt-j-6b-fp32,C_p_imp_asc,0.05803571428571429,saturation,26,26,SAME-MORE,pair9,P,-0.151580810546875,0.10638046264648438,34439,34439,26,198,198,26,0.00791823466618851,1.0258870124816895
gpt-j-6b-fp32,C_p_imp_asc,0.05803571428571429,saturation,26,26,SAME-MORE,pair9,Q,-0.06526565551757812,0.023535728454589844,34439,34439,26,198,198,26,0.00791823466618851,1.0258870124816895
gpt-j-6b-fp32,C_p_imp_asc,0.05803571428571429,saturation,26,26,SAME-LESS,pair0,P,-0.056571006774902344,0.2585258483886719,10255,10255,26,198,198,26,0.00791823466618851,1.0258870124816895
gpt-j-6b-fp32,C_p_imp_asc,0.05803571428571429,saturation,26,26,SAME-LESS,pair0,Q,-0.029047012329101562,0.10581064224243164,10255,10255,26,198,198,26,0.00791823466618851,1.0258870124816895
gpt-j-6b-fp32,C_p_imp_asc,0.05803571428571429,saturation,26,26,SAME-LESS,pair1,P,-0.1536540985107422,0.17650699615478516,18605,18605,26,198,198,26,0.00791823466618851,1.0258870124816895
gpt-j-6b-fp32,C_p_imp_asc,0.05803571428571429,saturation,26,26,SAME-LESS,pair1,Q,-0.00949859619140625,0.09039592742919922,18605,18605,26,198,198,26,0.00791823466618851,1.0258870124816895
gpt-j-6b-fp32,C_p_imp_asc,0.05803571428571429,saturation,26,26,SAME-LESS,pair2,P,-0.1970968246459961,0.2329883575439453,8038,8038,26,198,198,26,0.00791823466618851,1.0258870124816895
gpt-j-6b-fp32,C_p_imp_asc,0.05803571428571429,saturation,26,26,SAME-LESS,pair2,Q,-0.12513160705566406,0.03487443923950195,8038,8038,26,198,198,26,0.00791823466618851,1.0258870124816895
gpt-j-6b-fp32,C_p_imp_asc,0.05803571428571429,saturation,26,26,SAME-LESS,pair3,P,-0.08151435852050781,0.21260833740234375,5930,5930,26,198,198,26,0.00791823466618851,1.0258870124816895
gpt-j-6b-fp32,C_p_imp_asc,0.05803571428571429,saturation,26,26,SAME-LESS,pair3,Q,-0.08461570739746094,0.12541675567626953,5930,5930,26,198,198,26,0.00791823466618851,1.0258870124816895
gpt-j-6b-fp32,C_p_imp_asc,0.05803571428571429,saturation,26,26,SAME-LESS,pair4,P,-0.4140815734863281,0.0651092529296875,23448,23448,26,198,198,26,0.00791823466618851,1.0258870124816895
gpt-j-6b-fp32,C_p_imp_asc,0.05803571428571429,saturation,26,26,SAME-LESS,pair4,Q,-0.28319835662841797,0.06952905654907227,23448,23448,26,198,198,26,0.00791823466618851,1.0258870124816895
gpt-j-6b-fp32,C_p_imp_asc,0.05803571428571429,saturation,26,26,SAME-LESS,pair5,P,-0.039459228515625,0.11911487579345703,969,969,26,198,198,26,0.00791823466618851,1.0258870124816895
gpt-j-6b-fp32,C_p_imp_asc,0.05803571428571429,saturation,26,26,SAME-LESS,pair5,Q,-0.05086231231689453,0.03693199157714844,1426,1426,26,198,198,26,0.00791823466618851,1.0258870124816895
gpt-j-6b-fp32,C_p_imp_asc,0.05803571428571429,saturation,26,26,SAME-LESS,pair6,P,-0.13855457305908203,0.1097097396850586,6514,6514,26,198,198,26,0.00791823466618851,1.0258870124816895
gpt-j-6b-fp32,C_p_imp_asc,0.05803571428571429,saturation,26,26,SAME-LESS,pair6,Q,-0.11263847351074219,0.01650238037109375,6514,6514,26,198,198,26,0.00791823466618851,1.0258870124816895
gpt-j-6b-fp32,C_p_imp_asc,0.05803571428571429,saturation,26,26,SAME-LESS,pair7,P,-0.010528564453125,0.21196460723876953,22111,22111,26,198,198,26,0.00791823466618851,1.0258870124816895
gpt-j-6b-fp32,C_p_imp_asc,0.05803571428571429,saturation,26,26,SAME-LESS,pair7,Q,0.03874778747558594,0.07171821594238281,22111,22111,26,198,198,26,0.00791823466618851,1.0258870124816895
gpt-j-6b-fp32,C_p_imp_asc,0.05803571428571429,saturation,26,26,SAME-LESS,pair8,P,-0.04445171356201172,0.11087989807128906,969,969,26,198,198,26,0.00791823466618851,1.0258870124816895
gpt-j-6b-fp32,C_p_imp_asc,0.05803571428571429,saturation,26,26,SAME-LESS,pair8,Q,-0.06911468505859375,0.008605003356933594,969,969,26,198,198,26,0.00791823466618851,1.0258870124816895
gpt-j-6b-fp32,C_p_imp_asc,0.05803571428571429,saturation,26,26,SAME-LESS,pair9,P,-0.1356515884399414,0.13814258575439453,34439,34439,26,198,198,26,0.00791823466618851,1.0258870124816895
gpt-j-6b-fp32,C_p_imp_asc,0.05803571428571429,saturation,26,26,SAME-LESS,pair9,Q,-0.14422607421875,0.03926515579223633,34439,34439,26,198,198,26,0.00791823466618851,1.0258870124816895
gpt-j-6b-fp32,C_p_imp_asc,0.05803571428571429,saturation,26,26,OPP-MORE,pair0,P,-0.02794170379638672,0.18204855918884277,10255,10255,26,198,198,26,0.00791823466618851,1.0258870124816895
gpt-j-6b-fp32,C_p_imp_asc,0.05803571428571429,saturation,26,26,OPP-MORE,pair0,Q,0.04967784881591797,0.018020153045654297,10255,10255,26,198,198,26,0.00791823466618851,1.0258870124816895
gpt-j-6b-fp32,C_p_imp_asc,0.05803571428571429,saturation,26,26,OPP-MORE,pair1,P,0.0031108856201171875,0.12054967880249023,18605,18605,26,198,198,26,0.00791823466618851,1.0258870124816895
gpt-j-6b-fp32,C_p_imp_asc,0.05803571428571429,saturation,26,26,OPP-MORE,pair1,Q,0.03777122497558594,0.023181915283203125,18605,18605,26,198,198,26,0.00791823466618851,1.0258870124816895
gpt-j-6b-fp32,C_p_imp_asc,0.05803571428571429,saturation,26,26,OPP-MORE,pair2,P,0.07660961151123047,0.11514711380004883,8038,8038,26,198,198,26,0.00791823466618851,1.0258870124816895
gpt-j-6b-fp32,C_p_imp_asc,0.05803571428571429,saturation,26,26,OPP-MORE,pair2,Q,0.04350090026855469,-0.04361438751220703,8038,8038,26,198,198,26,0.00791823466618851,1.0258870124816895
gpt-j-6b-fp32,C_p_imp_asc,0.05803571428571429,saturation,26,26,OPP-MORE,pair3,P,0.0852651596069336,0.11278641223907471,1234,1234,26,198,198,26,0.00791823466618851,1.0258870124816895
gpt-j-6b-fp32,C_p_imp_asc,0.05803571428571429,saturation,26,26,OPP-MORE,pair3,Q,0.15209293365478516,0.03574419021606445,1234,1234,26,198,198,26,0.00791823466618851,1.0258870124816895
gpt-j-6b-fp32,C_p_imp_asc,0.05803571428571429,saturation,26,26,OPP-MORE,pair4,P,-0.13324737548828125,0.08242762088775635,23448,23448,26,198,198,26,0.00791823466618851,1.0258870124816895
gpt-j-6b-fp32,C_p_imp_asc,0.05803571428571429,saturation,26,26,OPP-MORE,pair4,Q,-0.05141162872314453,0.0279998779296875,23448,23448,26,198,198,26,0.00791823466618851,1.0258870124816895
gpt-j-6b-fp32,C_p_imp_asc,0.05803571428571429,saturation,26,26,OPP-MORE,pair5,P,0.029796600341796875,0.10331225395202637,969,969,26,198,198,26,0.00791823466618851,1.0258870124816895
gpt-j-6b-fp32,C_p_imp_asc,0.05803571428571429,saturation,26,26,OPP-MORE,pair5,Q,0.0033321380615234375,-0.0035524368286132812,1426,1426,26,198,198,26,0.00791823466618851,1.0258870124816895
gpt-j-6b-fp32,C_p_imp_asc,0.05803571428571429,saturation,26,26,OPP-MORE,pair6,P,-0.027456283569335938,0.08249127864837646,6514,6514,26,198,198,26,0.00791823466618851,1.0258870124816895
gpt-j-6b-fp32,C_p_imp_asc,0.05803571428571429,saturation,26,26,OPP-MORE,pair6,Q,0.061928749084472656,-0.021907329559326172,6514,6514,26,198,198,26,0.00791823466618851,1.0258870124816895
gpt-j-6b-fp32,C_p_imp_asc,0.05803571428571429,saturation,26,26,OPP-MORE,pair7,P,-0.042428016662597656,0.14802837371826172,22111,22111,26,198,198,26,0.00791823466618851,1.0258870124816895
gpt-j-6b-fp32,C_p_imp_asc,0.05803571428571429,saturation,26,26,OPP-MORE,pair7,Q,0.03890228271484375,0.023957252502441406,22111,22111,26,198,198,26,0.00791823466618851,1.0258870124816895
gpt-j-6b-fp32,C_p_imp_asc,0.05803571428571429,saturation,26,26,OPP-MORE,pair8,P,-0.02102947235107422,0.09720289707183838,969,969,26,198,198,26,0.00791823466618851,1.0258870124816895
gpt-j-6b-fp32,C_p_imp_asc,0.05803571428571429,saturation,26,26,OPP-MORE,pair8,Q,-0.008595466613769531,0.0037012100219726562,969,969,26,198,198,26,0.00791823466618851,1.0258870124816895
gpt-j-6b-fp32,C_p_imp_asc,0.05803571428571429,saturation,26,26,OPP-MORE,pair9,P,-0.1613016128540039,0.13912081718444824,34439,34439,26,198,198,26,0.00791823466618851,1.0258870124816895
gpt-j-6b-fp32,C_p_imp_asc,0.05803571428571429,saturation,26,26,OPP-MORE,pair9,Q,-0.06367874145507812,-0.042222023010253906,34439,34439,26,198,198,26,0.00791823466618851,1.0258870124816895
gpt-j-6b-fp32,C_p_imp_asc,0.05803571428571429,saturation,26,26,OPP-LESS,pair0,P,-0.08812808990478516,0.1723017692565918,10255,10255,26,198,198,26,0.00791823466618851,1.0258870124816895
gpt-j-6b-fp32,C_p_imp_asc,0.05803571428571429,saturation,26,26,OPP-LESS,pair0,Q,-0.030391693115234375,0.03388166427612305,10255,10255,26,198,198,26,0.00791823466618851,1.0258870124816895
gpt-j-6b-fp32,C_p_imp_asc,0.05803571428571429,saturation,26,26,OPP-LESS,pair1,P,-0.1450052261352539,0.1287381649017334,18605,18605,26,198,198,26,0.00791823466618851,1.0258870124816895
gpt-j-6b-fp32,C_p_imp_asc,0.05803571428571429,saturation,26,26,OPP-LESS,pair1,Q,0.009732246398925781,0.03634166717529297,18605,18605,26,198,198,26,0.00791823466618851,1.0258870124816895
gpt-j-6b-fp32,C_p_imp_asc,0.05803571428571429,saturation,26,26,OPP-LESS,pair2,P,-0.18524551391601562,0.12777400016784668,8038,8038,26,198,198,26,0.00791823466618851,1.0258870124816895
gpt-j-6b-fp32,C_p_imp_asc,0.05803571428571429,saturation,26,26,OPP-LESS,pair2,Q,-0.12464046478271484,-0.02611541748046875,8038,8038,26,198,198,26,0.00791823466618851,1.0258870124816895
gpt-j-6b-fp32,C_p_imp_asc,0.05803571428571429,saturation,26,26,OPP-LESS,pair3,P,-0.1022787094116211,0.11551737785339355,5930,5930,26,198,198,26,0.00791823466618851,1.0258870124816895
gpt-j-6b-fp32,C_p_imp_asc,0.05803571428571429,saturation,26,26,OPP-LESS,pair3,Q,-0.09790325164794922,0.05421733856201172,5930,5930,26,198,198,26,0.00791823466618851,1.0258870124816895
gpt-j-6b-fp32,C_p_imp_asc,0.05803571428571429,saturation,26,26,OPP-LESS,pair4,P,-0.41472816467285156,0.09682130813598633,23448,23448,26,198,198,26,0.00791823466618851,1.0258870124816895
gpt-j-6b-fp32,C_p_imp_asc,0.05803571428571429,saturation,26,26,OPP-LESS,pair4,Q,-0.2973461151123047,0.01786947250366211,23448,23448,26,198,198,26,0.00791823466618851,1.0258870124816895
gpt-j-6b-fp32,C_p_imp_asc,0.05803571428571429,saturation,26,26,OPP-LESS,pair5,P,-0.06295967102050781,0.12690496444702148,969,969,26,198,198,26,0.00791823466618851,1.0258870124816895
gpt-j-6b-fp32,C_p_imp_asc,0.05803571428571429,saturation,26,26,OPP-LESS,pair5,Q,-0.06418704986572266,0.0028324127197265625,1426,1426,26,198,198,26,0.00791823466618851,1.0258870124816895
gpt-j-6b-fp32,C_p_imp_asc,0.05803571428571429,saturation,26,26,OPP-LESS,pair6,P,-0.11962509155273438,0.10440778732299805,6514,6514,26,198,198,26,0.00791823466618851,1.0258870124816895
gpt-j-6b-fp32,C_p_imp_asc,0.05803571428571429,saturation,26,26,OPP-LESS,pair6,Q,-0.08664226531982422,-0.011080265045166016,6514,6514,26,198,198,26,0.00791823466618851,1.0258870124816895
gpt-j-6b-fp32,C_p_imp_asc,0.05803571428571429,saturation,26,26,OPP-LESS,pair7,P,-0.01665019989013672,0.16132056713104248,22111,22111,26,198,198,26,0.00791823466618851,1.0258870124816895
gpt-j-6b-fp32,C_p_imp_asc,0.05803571428571429,saturation,26,26,OPP-LESS,pair7,Q,0.046489715576171875,0.02693319320678711,22111,22111,26,198,198,26,0.00791823466618851,1.0258870124816895
gpt-j-6b-fp32,C_p_imp_asc,0.05803571428571429,saturation,26,26,OPP-LESS,pair8,P,-0.06754016876220703,0.10056912899017334,969,969,26,198,198,26,0.00791823466618851,1.0258870124816895
gpt-j-6b-fp32,C_p_imp_asc,0.05803571428571429,saturation,26,26,OPP-LESS,pair8,Q,-0.07297897338867188,0.006578922271728516,969,969,26,198,198,26,0.00791823466618851,1.0258870124816895
gpt-j-6b-fp32,C_p_imp_asc,0.05803571428571429,saturation,26,26,OPP-LESS,pair9,P,-0.12022209167480469,0.14314579963684082,34439,34439,26,198,198,26,0.00791823466618851,1.0258870124816895
gpt-j-6b-fp32,C_p_imp_asc,0.05803571428571429,saturation,26,26,OPP-LESS,pair9,Q,-0.1720752716064453,-0.0369572639465332,34439,34439,26,198,198,26,0.00791823466618851,1.0258870124816895
gpt-j-6b-fp32,C_p_imp_asc,0.05803571428571429,saturation,26,26,MORE-LESS,pair0,P,0.0031871795654296875,0.023763656616210938,10255,10255,26,198,198,26,0.00791823466618851,1.0258870124816895
gpt-j-6b-fp32,C_p_imp_asc,0.05803571428571429,saturation,26,26,MORE-LESS,pair0,Q,0.010359764099121094,0.019743919372558594,10255,10255,26,198,198,26,0.00791823466618851,1.0258870124816895
gpt-j-6b-fp32,C_p_imp_asc,0.05803571428571429,saturation,26,26,MORE-LESS,pair1,P,0.015874862670898438,-0.020241737365722656,18605,18605,26,198,198,26,0.00791823466618851,1.0258870124816895
gpt-j-6b-fp32,C_p_imp_asc,0.05803571428571429,saturation,26,26,MORE-LESS,pair1,Q,0.01872539520263672,-0.005695343017578125,18605,18605,26,198,198,26,0.00791823466618851,1.0258870124816895
gpt-j-6b-fp32,C_p_imp_asc,0.05803571428571429,saturation,26,26,MORE-LESS,pair2,P,0.033486366271972656,0.02851581573486328,8038,8038,26,198,198,26,0.00791823466618851,1.0258870124816895
gpt-j-6b-fp32,C_p_imp_asc,0.05803571428571429,saturation,26,26,MORE-LESS,pair2,Q,0.03106975555419922,0.03197288513183594,8038,8038,26,198,198,26,0.00791823466618851,1.0258870124816895
gpt-j-6b-fp32,C_p_imp_asc,0.05803571428571429,saturation,26,26,MORE-LESS,pair3,P,0.0031709671020507812,-0.013741493225097656,5930,5930,26,198,198,26,0.00791823466618851,1.0258870124816895
gpt-j-6b-fp32,C_p_imp_asc,0.05803571428571429,saturation,26,26,MORE-LESS,pair3,Q,-6.866455078125e-05,-0.011318206787109375,5930,5930,26,198,198,26,0.00791823466618851,1.0258870124816895
gpt-j-6b-fp32,C_p_imp_asc,0.05803571428571429,saturation,26,26,MORE-LESS,pair4,P,0.0058231353759765625,0.006571769714355469,23448,23448,26,198,198,26,0.00791823466618851,1.0258870124816895
gpt-j-6b-fp32,C_p_imp_asc,0.05803571428571429,saturation,26,26,MORE-LESS,pair4,Q,0.0007905960083007812,0.010169029235839844,23448,23448,26,198,198,26,0.00791823466618851,1.0258870124816895
gpt-j-6b-fp32,C_p_imp_asc,0.05803571428571429,saturation,26,26,MORE-LESS,pair5,P,0.010193824768066406,-0.04216480255126953,969,969,26,198,198,26,0.00791823466618851,1.0258870124816895
gpt-j-6b-fp32,C_p_imp_asc,0.05803571428571429,saturation,26,26,MORE-LESS,pair5,Q,0.009883880615234375,-0.03796863555908203,1426,1426,26,198,198,26,0.00791823466618851,1.0258870124816895
gpt-j-6b-fp32,C_p_imp_asc,0.05803571428571429,saturation,26,26,MORE-LESS,pair6,P,0.008868217468261719,-0.006047248840332031,6514,6514,26,198,198,26,0.00791823466618851,1.0258870124816895
gpt-j-6b-fp32,C_p_imp_asc,0.05803571428571429,saturation,26,26,MORE-LESS,pair6,Q,0.001529693603515625,-0.004498481750488281,6514,6514,26,198,198,26,0.00791823466618851,1.0258870124816895
gpt-j-6b-fp32,C_p_imp_asc,0.05803571428571429,saturation,26,26,MORE-LESS,pair7,P,0.03655815124511719,0.022063255310058594,22111,22111,26,198,198,26,0.00791823466618851,1.0258870124816895
gpt-j-6b-fp32,C_p_imp_asc,0.05803571428571429,saturation,26,26,MORE-LESS,pair7,Q,0.03178596496582031,0.02959918975830078,22111,22111,26,198,198,26,0.00791823466618851,1.0258870124816895
gpt-j-6b-fp32,C_p_imp_asc,0.05803571428571429,saturation,26,26,MORE-LESS,pair8,P,0.0075969696044921875,-0.020386695861816406,969,969,26,198,198,26,0.00791823466618851,1.0258870124816895
gpt-j-6b-fp32,C_p_imp_asc,0.05803571428571429,saturation,26,26,MORE-LESS,pair8,Q,0.005764007568359375,-0.019792556762695312,969,969,26,198,198,26,0.00791823466618851,1.0258870124816895
gpt-j-6b-fp32,C_p_imp_asc,0.05803571428571429,saturation,26,26,MORE-LESS,pair9,P,0.0191497802734375,-0.007061958312988281,34439,34439,26,198,198,26,0.00791823466618851,1.0258870124816895
gpt-j-6b-fp32,C_p_imp_asc,0.05803571428571429,saturation,26,26,MORE-LESS,pair9,Q,0.017617225646972656,0.0022859573364257812,34439,34439,26,198,198,26,0.00791823466618851,1.0258870124816895
gpt-j-6b-fp32,D_p_imp_asc,0.05803571428571429,saturation,26,26,SAME-OPP,pair0,P,-0.0005426406860351562,0.0024309158325195312,632,632,26,198,198,26,0.00791823466618851,1.0258870124816895
gpt-j-6b-fp32,D_p_imp_asc,0.05803571428571429,saturation,26,26,SAME-OPP,pair0,Q,0.001312255859375,0.0013952255249023438,39733,39733,26,198,198,26,0.00791823466618851,1.0258870124816895
gpt-j-6b-fp32,D_p_imp_asc,0.05803571428571429,saturation,26,26,SAME-OPP,pair1,P,0.00023174285888671875,0.0052547454833984375,27059,27059,26,198,198,26,0.00791823466618851,1.0258870124816895
gpt-j-6b-fp32,D_p_imp_asc,0.05803571428571429,saturation,26,26,SAME-OPP,pair1,Q,0.001567840576171875,0.004212379455566406,19157,19157,26,198,198,26,0.00791823466618851,1.0258870124816895
gpt-j-6b-fp32,D_p_imp_asc,0.05803571428571429,saturation,26,26,SAME-OPP,pair2,P,0.002349853515625,0.00275421142578125,27059,27059,26,198,198,26,0.00791823466618851,1.0258870124816895
gpt-j-6b-fp32,D_p_imp_asc,0.05803571428571429,saturation,26,26,SAME-OPP,pair2,Q,0.0014276504516601562,0.0006046295166015625,632,632,26,198,198,26,0.00791823466618851,1.0258870124816895
gpt-j-6b-fp32,D_p_imp_asc,0.05803571428571429,saturation,26,26,SAME-OPP,pair3,P,-0.0011510848999023438,0.0021810531616210938,27059,27059,26,198,198,26,0.00791823466618851,1.0258870124816895
gpt-j-6b-fp32,D_p_imp_asc,0.05803571428571429,saturation,26,26,SAME-OPP,pair3,Q,0.0017490386962890625,0.0037822723388671875,5930,5930,26,198,198,26,0.00791823466618851,1.0258870124816895
gpt-j-6b-fp32,D_p_imp_asc,0.05803571428571429,saturation,26,26,SAME-OPP,pair4,P,0.0006837844848632812,0.0031766891479492188,27059,27059,26,198,198,26,0.00791823466618851,1.0258870124816895
gpt-j-6b-fp32,D_p_imp_asc,0.05803571428571429,saturation,26,26,SAME-OPP,pair4,Q,0.0024671554565429688,0.004330635070800781,632,632,26,198,198,26,0.00791823466618851,1.0258870124816895
gpt-j-6b-fp32,D_p_imp_asc,0.05803571428571429,saturation,26,26,SAME-OPP,pair5,P,-6.961822509765625e-05,0.0035037994384765625,27059,27059,26,198,198,26,0.00791823466618851,1.0258870124816895
gpt-j-6b-fp32,D_p_imp_asc,0.05803571428571429,saturation,26,26,SAME-OPP,pair5,Q,0.0022554397583007812,0.0024709701538085938,632,632,26,198,198,26,0.00791823466618851,1.0258870124816895
gpt-j-6b-fp32,D_p_imp_asc,0.05803571428571429,saturation,26,26,SAME-OPP,pair6,P,-0.00020313262939453125,0.0030727386474609375,27059,27059,26,198,198,26,0.00791823466618851,1.0258870124816895
gpt-j-6b-fp32,D_p_imp_asc,0.05803571428571429,saturation,26,26,SAME-OPP,pair6,Q,0.0019445419311523438,0.0032033920288085938,632,632,26,198,198,26,0.00791823466618851,1.0258870124816895
gpt-j-6b-fp32,D_p_imp_asc,0.05803571428571429,saturation,26,26,SAME-OPP,pair7,P,0.00040435791015625,0.0038690567016601562,632,632,26,198,198,26,0.00791823466618851,1.0258870124816895
gpt-j-6b-fp32,D_p_imp_asc,0.05803571428571429,saturation,26,26,SAME-OPP,pair7,Q,0.0015554428100585938,0.003002166748046875,632,632,26,198,198,26,0.00791823466618851,1.0258870124816895
gpt-j-6b-fp32,D_p_imp_asc,0.05803571428571429,saturation,26,26,SAME-OPP,pair8,P,0.0016355514526367188,0.0036640167236328125,1874,1874,26,198,198,26,0.00791823466618851,1.0258870124816895
gpt-j-6b-fp32,D_p_imp_asc,0.05803571428571429,saturation,26,26,SAME-OPP,pair8,Q,0.0007905960083007812,0.0028705596923828125,1874,1874,26,198,198,26,0.00791823466618851,1.0258870124816895
gpt-j-6b-fp32,D_p_imp_asc,0.05803571428571429,saturation,26,26,SAME-OPP,pair9,P,0.0007228851318359375,0.003520965576171875,27059,27059,26,198,198,26,0.00791823466618851,1.0258870124816895
gpt-j-6b-fp32,D_p_imp_asc,0.05803571428571429,saturation,26,26,SAME-OPP,pair9,Q,0.0012445449829101562,0.005051612854003906,23663,23663,26,198,198,26,0.00791823466618851,1.0258870124816895
gpt-j-6b-fp32,D_p_imp_asc,0.05803571428571429,saturation,26,26,SAME-MORE,pair0,P,0.0024328231811523438,-0.014565467834472656,10255,10255,26,198,198,26,0.00791823466618851,1.0258870124816895
gpt-j-6b-fp32,D_p_imp_asc,0.05803571428571429,saturation,26,26,SAME-MORE,pair0,Q,0.0043487548828125,-0.006103038787841797,10255,10255,26,198,198,26,0.00791823466618851,1.0258870124816895
gpt-j-6b-fp32,D_p_imp_asc,0.05803571428571429,saturation,26,26,SAME-MORE,pair1,P,-0.00568389892578125,-0.014293670654296875,18605,18605,26,198,198,26,0.00791823466618851,1.0258870124816895
gpt-j-6b-fp32,D_p_imp_asc,0.05803571428571429,saturation,26,26,SAME-MORE,pair1,Q,-0.00266265869140625,-0.01052999496459961,18605,18605,26,198,198,26,0.00791823466618851,1.0258870124816895
gpt-j-6b-fp32,D_p_imp_asc,0.05803571428571429,saturation,26,26,SAME-MORE,pair2,P,0.0033884048461914062,-0.01997852325439453,8038,8038,26,198,198,26,0.00791823466618851,1.0258870124816895
gpt-j-6b-fp32,D_p_imp_asc,0.05803571428571429,saturation,26,26,SAME-MORE,pair2,Q,0.008161544799804688,-0.00820016860961914,8038,8038,26,198,198,26,0.00791823466618851,1.0258870124816895
gpt-j-6b-fp32,D_p_imp_asc,0.05803571428571429,saturation,26,26,SAME-MORE,pair3,P,0.0015459060668945312,-0.018505096435546875,1234,1234,26,198,198,26,0.00791823466618851,1.0258870124816895
gpt-j-6b-fp32,D_p_imp_asc,0.05803571428571429,saturation,26,26,SAME-MORE,pair3,Q,0.0017633438110351562,-0.005207061767578125,1234,1234,26,198,198,26,0.00791823466618851,1.0258870124816895
gpt-j-6b-fp32,D_p_imp_asc,0.05803571428571429,saturation,26,26,SAME-MORE,pair4,P,0.003958702087402344,-0.012990951538085938,23448,23448,26,198,198,26,0.00791823466618851,1.0258870124816895
gpt-j-6b-fp32,D_p_imp_asc,0.05803571428571429,saturation,26,26,SAME-MORE,pair4,Q,-0.004004478454589844,-0.00545501708984375,23448,23448,26,198,198,26,0.00791823466618851,1.0258870124816895
gpt-j-6b-fp32,D_p_imp_asc,0.05803571428571429,saturation,26,26,SAME-MORE,pair5,P,0.0028352737426757812,-0.01826190948486328,969,969,26,198,198,26,0.00791823466618851,1.0258870124816895
gpt-j-6b-fp32,D_p_imp_asc,0.05803571428571429,saturation,26,26,SAME-MORE,pair5,Q,-0.0009164810180664062,-0.0030241012573242188,1426,1426,26,198,198,26,0.00791823466618851,1.0258870124816895
gpt-j-6b-fp32,D_p_imp_asc,0.05803571428571429,saturation,26,26,SAME-MORE,pair6,P,0.0033864974975585938,-0.016620635986328125,6514,6514,26,198,198,26,0.00791823466618851,1.0258870124816895
gpt-j-6b-fp32,D_p_imp_asc,0.05803571428571429,saturation,26,26,SAME-MORE,pair6,Q,0.009047508239746094,-0.004128456115722656,6514,6514,26,198,198,26,0.00791823466618851,1.0258870124816895
gpt-j-6b-fp32,D_p_imp_asc,0.05803571428571429,saturation,26,26,SAME-MORE,pair7,P,-0.00060272216796875,-0.013212203979492188,22111,22111,26,198,198,26,0.00791823466618851,1.0258870124816895
gpt-j-6b-fp32,D_p_imp_asc,0.05803571428571429,saturation,26,26,SAME-MORE,pair7,Q,-0.0005931854248046875,-0.01058340072631836,22111,22111,26,198,198,26,0.00791823466618851,1.0258870124816895
gpt-j-6b-fp32,D_p_imp_asc,0.05803571428571429,saturation,26,26,SAME-MORE,pair8,P,0.006371498107910156,-0.009706497192382812,969,969,26,198,198,26,0.00791823466618851,1.0258870124816895
gpt-j-6b-fp32,D_p_imp_asc,0.05803571428571429,saturation,26,26,SAME-MORE,pair8,Q,0.006175994873046875,-0.004523754119873047,969,969,26,198,198,26,0.00791823466618851,1.0258870124816895
gpt-j-6b-fp32,D_p_imp_asc,0.05803571428571429,saturation,26,26,SAME-MORE,pair9,P,0.0005350112915039062,-0.009263992309570312,34439,34439,26,198,198,26,0.00791823466618851,1.0258870124816895
gpt-j-6b-fp32,D_p_imp_asc,0.05803571428571429,saturation,26,26,SAME-MORE,pair9,Q,0.003803253173828125,-0.007992744445800781,34439,34439,26,198,198,26,0.00791823466618851,1.0258870124816895
gpt-j-6b-fp32,D_p_imp_asc,0.05803571428571429,saturation,26,26,SAME-LESS,pair0,P,0.009664535522460938,-0.010832786560058594,10255,10255,26,198,198,26,0.00791823466618851,1.0258870124816895
gpt-j-6b-fp32,D_p_imp_asc,0.05803571428571429,saturation,26,26,SAME-LESS,pair0,Q,0.006484031677246094,-0.006861686706542969,10255,10255,26,198,198,26,0.00791823466618851,1.0258870124816895
gpt-j-6b-fp32,D_p_imp_asc,0.05803571428571429,saturation,26,26,SAME-LESS,pair1,P,0.011492729187011719,-0.013520240783691406,18605,18605,26,198,198,26,0.00791823466618851,1.0258870124816895
gpt-j-6b-fp32,D_p_imp_asc,0.05803571428571429,saturation,26,26,SAME-LESS,pair1,Q,0.012425422668457031,-0.010822296142578125,18605,18605,26,198,198,26,0.00791823466618851,1.0258870124816895
gpt-j-6b-fp32,D_p_imp_asc,0.05803571428571429,saturation,26,26,SAME-LESS,pair2,P,0.017477035522460938,-0.019215106964111328,8038,8038,26,198,198,26,0.00791823466618851,1.0258870124816895
gpt-j-6b-fp32,D_p_imp_asc,0.05803571428571429,saturation,26,26,SAME-LESS,pair2,Q,0.012911796569824219,-0.006562709808349609,8038,8038,26,198,198,26,0.00791823466618851,1.0258870124816895
gpt-j-6b-fp32,D_p_imp_asc,0.05803571428571429,saturation,26,26,SAME-LESS,pair3,P,-0.010632514953613281,-0.016660690307617188,5930,5930,26,198,198,26,0.00791823466618851,1.0258870124816895
gpt-j-6b-fp32,D_p_imp_asc,0.05803571428571429,saturation,26,26,SAME-LESS,pair3,Q,-0.014302253723144531,-0.003926277160644531,5930,5930,26,198,198,26,0.00791823466618851,1.0258870124816895
gpt-j-6b-fp32,D_p_imp_asc,0.05803571428571429,saturation,26,26,SAME-LESS,pair4,P,0.012461662292480469,-0.011593818664550781,23448,23448,26,198,198,26,0.00791823466618851,1.0258870124816895
gpt-j-6b-fp32,D_p_imp_asc,0.05803571428571429,saturation,26,26,SAME-LESS,pair4,Q,0.0057239532470703125,-0.0053768157958984375,23448,23448,26,198,198,26,0.00791823466618851,1.0258870124816895
gpt-j-6b-fp32,D_p_imp_asc,0.05803571428571429,saturation,26,26,SAME-LESS,pair5,P,-0.00031948089599609375,-0.015714645385742188,969,969,26,198,198,26,0.00791823466618851,1.0258870124816895
gpt-j-6b-fp32,D_p_imp_asc,0.05803571428571429,saturation,26,26,SAME-LESS,pair5,Q,-0.0024633407592773438,-0.0020465850830078125,1426,1426,26,198,198,26,0.00791823466618851,1.0258870124816895
gpt-j-6b-fp32,D_p_imp_asc,0.05803571428571429,saturation,26,26,SAME-LESS,pair6,P,0.014334678649902344,-0.014665603637695312,6514,6514,26,198,198,26,0.00791823466618851,1.0258870124816895
gpt-j-6b-fp32,D_p_imp_asc,0.05803571428571429,saturation,26,26,SAME-LESS,pair6,Q,0.01844024658203125,-0.003806591033935547,6514,6514,26,198,198,26,0.00791823466618851,1.0258870124816895
gpt-j-6b-fp32,D_p_imp_asc,0.05803571428571429,saturation,26,26,SAME-LESS,pair7,P,0.005118370056152344,-0.01313018798828125,22111,22111,26,198,198,26,0.00791823466618851,1.0258870124816895
gpt-j-6b-fp32,D_p_imp_asc,0.05803571428571429,saturation,26,26,SAME-LESS,pair7,Q,0.001033782958984375,-0.009699821472167969,22111,22111,26,198,198,26,0.00791823466618851,1.0258870124816895
gpt-j-6b-fp32,D_p_imp_asc,0.05803571428571429,saturation,26,26,SAME-LESS,pair8,P,-0.001667022705078125,-0.008280754089355469,969,969,26,198,198,26,0.00791823466618851,1.0258870124816895
gpt-j-6b-fp32,D_p_imp_asc,0.05803571428571429,saturation,26,26,SAME-LESS,pair8,Q,-0.0021905899047851562,-0.0038123130798339844,969,969,26,198,198,26,0.00791823466618851,1.0258870124816895
gpt-j-6b-fp32,D_p_imp_asc,0.05803571428571429,saturation,26,26,SAME-LESS,pair9,P,-0.00054931640625,-0.007323265075683594,34439,34439,26,198,198,26,0.00791823466618851,1.0258870124816895
gpt-j-6b-fp32,D_p_imp_asc,0.05803571428571429,saturation,26,26,SAME-LESS,pair9,Q,-4.38690185546875e-05,-0.006570339202880859,34439,34439,26,198,198,26,0.00791823466618851,1.0258870124816895
gpt-j-6b-fp32,D_p_imp_asc,0.05803571428571429,saturation,26,26,OPP-MORE,pair0,P,0.0008325576782226562,-0.022794246673583984,10255,10255,26,198,198,26,0.00791823466618851,1.0258870124816895
gpt-j-6b-fp32,D_p_imp_asc,0.05803571428571429,saturation,26,26,OPP-MORE,pair0,Q,0.00286102294921875,-0.003993988037109375,10255,10255,26,198,198,26,0.00791823466618851,1.0258870124816895
gpt-j-6b-fp32,D_p_imp_asc,0.05803571428571429,saturation,26,26,OPP-MORE,pair1,P,-0.00911712646484375,-0.022063612937927246,18605,18605,26,198,198,26,0.00791823466618851,1.0258870124816895
gpt-j-6b-fp32,D_p_imp_asc,0.05803571428571429,saturation,26,26,OPP-MORE,pair1,Q,-0.006016731262207031,-0.004337310791015625,18605,18605,26,198,198,26,0.00791823466618851,1.0258870124816895
gpt-j-6b-fp32,D_p_imp_asc,0.05803571428571429,saturation,26,26,OPP-MORE,pair2,P,0.0050144195556640625,-0.023175716400146484,8038,8038,26,198,198,26,0.00791823466618851,1.0258870124816895
gpt-j-6b-fp32,D_p_imp_asc,0.05803571428571429,saturation,26,26,OPP-MORE,pair2,Q,0.009232521057128906,-0.002415180206298828,8038,8038,26,198,198,26,0.00791823466618851,1.0258870124816895
gpt-j-6b-fp32,D_p_imp_asc,0.05803571428571429,saturation,26,26,OPP-MORE,pair3,P,0.0009584426879882812,-0.023110508918762207,1234,1234,26,198,198,26,0.00791823466618851,1.0258870124816895
gpt-j-6b-fp32,D_p_imp_asc,0.05803571428571429,saturation,26,26,OPP-MORE,pair3,Q,0.001834869384765625,0.0011110305786132812,1234,1234,26,198,198,26,0.00791823466618851,1.0258870124816895
gpt-j-6b-fp32,D_p_imp_asc,0.05803571428571429,saturation,26,26,OPP-MORE,pair4,P,0.001262664794921875,-0.016727209091186523,23448,23448,26,198,198,26,0.00791823466618851,1.0258870124816895
gpt-j-6b-fp32,D_p_imp_asc,0.05803571428571429,saturation,26,26,OPP-MORE,pair4,Q,-0.005511283874511719,-0.0037670135498046875,23448,23448,26,198,198,26,0.00791823466618851,1.0258870124816895
gpt-j-6b-fp32,D_p_imp_asc,0.05803571428571429,saturation,26,26,OPP-MORE,pair5,P,-0.000904083251953125,-0.023247241973876953,969,969,26,198,198,26,0.00791823466618851,1.0258870124816895
gpt-j-6b-fp32,D_p_imp_asc,0.05803571428571429,saturation,26,26,OPP-MORE,pair5,Q,-0.00333404541015625,0.0017232894897460938,1426,1426,26,198,198,26,0.00791823466618851,1.0258870124816895
gpt-j-6b-fp32,D_p_imp_asc,0.05803571428571429,saturation,26,26,OPP-MORE,pair6,P,0.000637054443359375,-0.021967411041259766,6514,6514,26,198,198,26,0.00791823466618851,1.0258870124816895
gpt-j-6b-fp32,D_p_imp_asc,0.05803571428571429,saturation,26,26,OPP-MORE,pair6,Q,0.0070438385009765625,0.0020890235900878906,6514,6514,26,198,198,26,0.00791823466618851,1.0258870124816895
gpt-j-6b-fp32,D_p_imp_asc,0.05803571428571429,saturation,26,26,OPP-MORE,pair7,P,-0.00330352783203125,-0.017534494400024414,22111,22111,26,198,198,26,0.00791823466618851,1.0258870124816895
gpt-j-6b-fp32,D_p_imp_asc,0.05803571428571429,saturation,26,26,OPP-MORE,pair7,Q,-0.0018634796142578125,-0.001129150390625,22111,22111,26,198,198,26,0.00791823466618851,1.0258870124816895
gpt-j-6b-fp32,D_p_imp_asc,0.05803571428571429,saturation,26,26,OPP-MORE,pair8,P,0.004759788513183594,-0.021838784217834473,969,969,26,198,198,26,0.00791823466618851,1.0258870124816895
gpt-j-6b-fp32,D_p_imp_asc,0.05803571428571429,saturation,26,26,OPP-MORE,pair8,Q,0.004547119140625,0.0034894943237304688,969,969,26,198,198,26,0.00791823466618851,1.0258870124816895
gpt-j-6b-fp32,D_p_imp_asc,0.05803571428571429,saturation,26,26,OPP-MORE,pair9,P,-0.0016069412231445312,-0.021388769149780273,34439,34439,26,198,198,26,0.00791823466618851,1.0258870124816895
gpt-j-6b-fp32,D_p_imp_asc,0.05803571428571429,saturation,26,26,OPP-MORE,pair9,Q,0.0012760162353515625,-0.001445770263671875,34439,34439,26,198,198,26,0.00791823466618851,1.0258870124816895
gpt-j-6b-fp32,D_p_imp_asc,0.05803571428571429,saturation,26,26,OPP-LESS,pair0,P,0.008113861083984375,-0.024492740631103516,10255,10255,26,198,198,26,0.00791823466618851,1.0258870124816895
gpt-j-6b-fp32,D_p_imp_asc,0.05803571428571429,saturation,26,26,OPP-LESS,pair0,Q,0.0054111480712890625,-0.006768703460693359,10255,10255,26,198,198,26,0.00791823466618851,1.0258870124816895
gpt-j-6b-fp32,D_p_imp_asc,0.05803571428571429,saturation,26,26,OPP-LESS,pair1,P,0.009392738342285156,-0.022881031036376953,18605,18605,26,198,198,26,0.00791823466618851,1.0258870124816895
gpt-j-6b-fp32,D_p_imp_asc,0.05803571428571429,saturation,26,26,OPP-LESS,pair1,Q,0.011377334594726562,-0.006331920623779297,18605,18605,26,198,198,26,0.00791823466618851,1.0258870124816895
gpt-j-6b-fp32,D_p_imp_asc,0.05803571428571429,saturation,26,26,OPP-LESS,pair2,P,0.017556190490722656,-0.023810863494873047,8038,8038,26,198,198,26,0.00791823466618851,1.0258870124816895
gpt-j-6b-fp32,D_p_imp_asc,0.05803571428571429,saturation,26,26,OPP-LESS,pair2,Q,0.0127716064453125,-0.0028977394104003906,8038,8038,26,198,198,26,0.00791823466618851,1.0258870124816895
gpt-j-6b-fp32,D_p_imp_asc,0.05803571428571429,saturation,26,26,OPP-LESS,pair3,P,-0.00841522216796875,-0.0231173038482666,5930,5930,26,198,198,26,0.00791823466618851,1.0258870124816895
gpt-j-6b-fp32,D_p_imp_asc,0.05803571428571429,saturation,26,26,OPP-LESS,pair3,Q,-0.011348724365234375,0.0003724098205566406,5930,5930,26,198,198,26,0.00791823466618851,1.0258870124816895
gpt-j-6b-fp32,D_p_imp_asc,0.05803571428571429,saturation,26,26,OPP-LESS,pair4,P,0.01044464111328125,-0.017191410064697266,23448,23448,26,198,198,26,0.00791823466618851,1.0258870124816895
gpt-j-6b-fp32,D_p_imp_asc,0.05803571428571429,saturation,26,26,OPP-LESS,pair4,Q,0.0032472610473632812,-0.004445552825927734,23448,23448,26,198,198,26,0.00791823466618851,1.0258870124816895
gpt-j-6b-fp32,D_p_imp_asc,0.05803571428571429,saturation,26,26,OPP-LESS,pair5,P,0.00035381317138671875,-0.022760868072509766,969,969,26,198,198,26,0.00791823466618851,1.0258870124816895
gpt-j-6b-fp32,D_p_imp_asc,0.05803571428571429,saturation,26,26,OPP-LESS,pair5,Q,-0.0024433135986328125,0.0021963119506835938,1426,1426,26,198,198,26,0.00791823466618851,1.0258870124816895
gpt-j-6b-fp32,D_p_imp_asc,0.05803571428571429,saturation,26,26,OPP-LESS,pair6,P,0.011263847351074219,-0.02073812484741211,6514,6514,26,198,198,26,0.00791823466618851,1.0258870124816895
gpt-j-6b-fp32,D_p_imp_asc,0.05803571428571429,saturation,26,26,OPP-LESS,pair6,Q,0.015707015991210938,0.0006351470947265625,6514,6514,26,198,198,26,0.00791823466618851,1.0258870124816895
gpt-j-6b-fp32,D_p_imp_asc,0.05803571428571429,saturation,26,26,OPP-LESS,pair7,P,0.001556396484375,-0.018025636672973633,22111,22111,26,198,198,26,0.00791823466618851,1.0258870124816895
gpt-j-6b-fp32,D_p_imp_asc,0.05803571428571429,saturation,26,26,OPP-LESS,pair7,Q,-0.0010557174682617188,-0.002624034881591797,22111,22111,26,198,198,26,0.00791823466618851,1.0258870124816895
gpt-j-6b-fp32,D_p_imp_asc,0.05803571428571429,saturation,26,26,OPP-LESS,pair8,P,-0.0036325454711914062,-0.021851301193237305,969,969,26,198,198,26,0.00791823466618851,1.0258870124816895
gpt-j-6b-fp32,D_p_imp_asc,0.05803571428571429,saturation,26,26,OPP-LESS,pair8,Q,-0.004149436950683594,0.0031676292419433594,969,969,26,198,198,26,0.00791823466618851,1.0258870124816895
gpt-j-6b-fp32,D_p_imp_asc,0.05803571428571429,saturation,26,26,OPP-LESS,pair9,P,-0.008805274963378906,-0.021380305290222168,34439,34439,26,198,198,26,0.00791823466618851,1.0258870124816895
gpt-j-6b-fp32,D_p_imp_asc,0.05803571428571429,saturation,26,26,OPP-LESS,pair9,Q,-0.005835533142089844,-0.0017771720886230469,34439,34439,26,198,198,26,0.00791823466618851,1.0258870124816895
gpt-j-6b-fp32,D_p_imp_asc,0.05803571428571429,saturation,26,26,MORE-LESS,pair0,P,-0.000438690185546875,0.0009403228759765625,10255,10255,26,198,198,26,0.00791823466618851,1.0258870124816895
gpt-j-6b-fp32,D_p_imp_asc,0.05803571428571429,saturation,26,26,MORE-LESS,pair0,Q,-0.000720977783203125,0.0011873245239257812,10255,10255,26,198,198,26,0.00791823466618851,1.0258870124816895
gpt-j-6b-fp32,D_p_imp_asc,0.05803571428571429,saturation,26,26,MORE-LESS,pair1,P,0.0011186599731445312,0.0003528594970703125,18605,18605,26,198,198,26,0.00791823466618851,1.0258870124816895
gpt-j-6b-fp32,D_p_imp_asc,0.05803571428571429,saturation,26,26,MORE-LESS,pair1,Q,0.0014247894287109375,-0.00031566619873046875,18605,18605,26,198,198,26,0.00791823466618851,1.0258870124816895
gpt-j-6b-fp32,D_p_imp_asc,0.05803571428571429,saturation,26,26,MORE-LESS,pair2,P,0.0012140274047851562,-0.00020599365234375,8038,8038,26,198,198,26,0.00791823466618851,1.0258870124816895
gpt-j-6b-fp32,D_p_imp_asc,0.05803571428571429,saturation,26,26,MORE-LESS,pair2,Q,0.0010766983032226562,-0.0013217926025390625,8038,8038,26,198,198,26,0.00791823466618851,1.0258870124816895
gpt-j-6b-fp32,D_p_imp_asc,0.05803571428571429,saturation,26,26,MORE-LESS,pair3,P,-0.00019741058349609375,-0.00031280517578125,5930,5930,26,198,198,26,0.00791823466618851,1.0258870124816895
gpt-j-6b-fp32,D_p_imp_asc,0.05803571428571429,saturation,26,26,MORE-LESS,pair3,Q,-0.00041866302490234375,-0.0013551712036132812,5930,5930,26,198,198,26,0.00791823466618851,1.0258870124816895
gpt-j-6b-fp32,D_p_imp_asc,0.05803571428571429,saturation,26,26,MORE-LESS,pair4,P,0.00180816650390625,-0.0017137527465820312,23448,23448,26,198,198,26,0.00791823466618851,1.0258870124816895
gpt-j-6b-fp32,D_p_imp_asc,0.05803571428571429,saturation,26,26,MORE-LESS,pair4,Q,0.0013980865478515625,-0.001674652099609375,23448,23448,26,198,198,26,0.00791823466618851,1.0258870124816895
gpt-j-6b-fp32,D_p_imp_asc,0.05803571428571429,saturation,26,26,MORE-LESS,pair5,P,0.0007104873657226562,-0.0005016326904296875,969,969,26,198,198,26,0.00791823466618851,1.0258870124816895
gpt-j-6b-fp32,D_p_imp_asc,0.05803571428571429,saturation,26,26,MORE-LESS,pair5,Q,0.00026416778564453125,-0.0013256072998046875,1426,1426,26,198,198,26,0.00791823466618851,1.0258870124816895
gpt-j-6b-fp32,D_p_imp_asc,0.05803571428571429,saturation,26,26,MORE-LESS,pair6,P,0.0015192031860351562,-0.0008068084716796875,6514,6514,26,198,198,26,0.00791823466618851,1.0258870124816895
gpt-j-6b-fp32,D_p_imp_asc,0.05803571428571429,saturation,26,26,MORE-LESS,pair6,Q,0.0013446807861328125,-0.0007600784301757812,6514,6514,26,198,198,26,0.00791823466618851,1.0258870124816895
gpt-j-6b-fp32,D_p_imp_asc,0.05803571428571429,saturation,26,26,MORE-LESS,pair7,P,0.0005388259887695312,0.00035762786865234375,22111,22111,26,198,198,26,0.00791823466618851,1.0258870124816895
gpt-j-6b-fp32,D_p_imp_asc,0.05803571428571429,saturation,26,26,MORE-LESS,pair7,Q,9.632110595703125e-05,1.811981201171875e-05,22111,22111,26,198,198,26,0.00791823466618851,1.0258870124816895
gpt-j-6b-fp32,D_p_imp_asc,0.05803571428571429,saturation,26,26,MORE-LESS,pair8,P,-0.0008649826049804688,-6.389617919921875e-05,969,969,26,198,198,26,0.00791823466618851,1.0258870124816895
gpt-j-6b-fp32,D_p_imp_asc,0.05803571428571429,saturation,26,26,MORE-LESS,pair8,Q,-0.000782012939453125,-0.00010204315185546875,969,969,26,198,198,26,0.00791823466618851,1.0258870124816895
gpt-j-6b-fp32,D_p_imp_asc,0.05803571428571429,saturation,26,26,MORE-LESS,pair9,P,0.0024099349975585938,-0.0032148361206054688,34439,34439,26,198,198,26,0.00791823466618851,1.0258870124816895
gpt-j-6b-fp32,D_p_imp_asc,0.05803571428571429,saturation,26,26,MORE-LESS,pair9,Q,0.0018529891967773438,-0.003960609436035156,34439,34439,26,198,198,26,0.00791823466618851,1.0258870124816895
