layer,head,imp,pert,cell_global,cell_within,effect
0,0,0.1506520062685012,0.1198273971676826,D,C,0.01875
0,1,0.5061792135238647,0.4517817199230194,A,A,0.021875
0,2,0.2717986702919006,0.0893883183598518,D,A,0.02109375
0,3,0.4340976178646087,0.2037832587957382,D,A,0.021875
0,4,0.2762625515460968,0.0888815894722938,D,A,0.0203125
0,5,0.3489652872085571,0.0517985932528972,D,B,0.02265625
0,6,0.2543769478797912,0.0629603266716003,D,B,0.023697916666666666
0,7,0.219662457704544,0.0421657897531986,D,D,0.019270833333333334
0,8,0.4025382399559021,0.0651395320892334,D,B,0.017447916666666667
0,9,0.1514625251293182,0.0715280696749687,D,D,0.0203125
0,10,0.3330709040164947,0.0319785699248313,D,B,0.020833333333333332
0,11,0.2874898910522461,0.1028439477086067,D,A,0.0234375
0,12,0.3521682918071747,0.096569113433361,D,A,0.021875
0,13,0.1439876109361648,0.0710786581039428,D,D,0.020052083333333335
0,14,0.3022366464138031,0.1063184216618537,D,A,0.02109375
0,15,0.1735571473836898,0.1831472367048263,D,C,0.0203125
0,16,0.3651371896266937,0.0281415525823831,D,B,0.020052083333333335
0,17,0.3904100060462951,0.092379406094551,D,A,0.01875
0,18,0.102482184767723,0.0727704092860221,D,C,0.020572916666666666
0,19,0.0473975203931331,0.1037132367491722,D,C,0.020052083333333335
0,20,0.1172001659870147,0.0675240159034729,D,D,0.01796875
0,21,0.0767349302768707,0.0946041047573089,D,C,0.019270833333333334
0,22,0.5619805455207825,0.4449799954891205,A,A,0.0234375
0,23,0.2107838094234466,0.0639978498220443,D,D,0.021875
0,24,0.1415894776582718,0.071674957871437,D,D,0.023177083333333334
0,25,0.5931166410446167,0.0626963824033737,B,B,0.01953125
0,26,0.0665571019053459,0.091805450618267,D,C,0.020572916666666666
0,27,0.0975401625037193,0.0638464391231536,D,D,0.022135416666666668
0,28,0.0608135759830474,0.0905424058437347,D,C,0.021875
0,29,0.2092038542032241,0.064876303076744,D,D,0.020833333333333332
0,30,0.4815118312835693,0.03277438133955,D,B,0.020052083333333335
0,31,0.4869623184204101,0.1729982197284698,D,A,0.026302083333333334
0,32,0.0411755219101905,0.0713193640112876,D,D,0.020052083333333335
0,33,0.3188536167144775,0.0499256439507007,D,B,0.022395833333333334
0,34,0.155618354678154,0.0982418358325958,D,C,0.023177083333333334
0,35,0.2394668757915496,0.0404430963099002,D,D,0.023177083333333334
0,36,0.2344612181186676,0.0490879788994789,D,D,0.021614583333333333
0,37,0.2069278359413147,0.0699445903301239,D,D,0.021354166666666667
0,38,0.2832772135734558,0.0831329450011253,D,A,0.025260416666666667
0,39,0.5061057209968567,0.1949275285005569,B,A,0.025260416666666667
1,0,0.4986502528190613,0.1348476409912109,D,A,0.02265625
1,1,0.4806185662746429,0.0882252752780914,D,C,0.02578125
1,2,0.6047022342681885,0.0442020669579505,B,B,0.0234375
1,3,0.4950853288173675,0.3601912260055542,D,A,0.021875
1,4,0.4942724108695984,0.1302560269832611,D,A,0.022135416666666668
1,5,0.635472297668457,0.133659154176712,B,A,0.021354166666666667
1,6,0.1879464089870453,0.077399805188179,D,D,0.020052083333333335
1,7,0.6015408039093018,0.0701842159032821,B,B,0.02109375
1,8,0.33553147315979,0.0723965838551521,D,D,0.022395833333333334
1,9,0.0844881758093833,0.0616595223546028,D,D,0.022395833333333334
1,10,0.4987805485725403,0.0972741171717643,D,A,0.020572916666666666
1,11,0.4348493814468384,0.063750110566616,D,D,0.0203125
1,12,0.4043616950511932,0.091458112001419,D,C,0.021614583333333333
1,13,0.5216386914253235,0.0700271651148796,B,B,0.019270833333333334
1,14,0.5342632532119751,0.1087127849459648,B,A,0.02109375
1,15,0.2572807669639587,0.0928840264678001,D,C,0.023697916666666666
1,16,0.410315066576004,0.1194667890667915,D,C,0.021875
1,17,0.0547453761100769,0.0656321346759796,D,D,0.01953125
1,18,0.5671562552452087,0.0878431871533393,B,A,0.023697916666666666
1,19,0.6131421327590942,0.0735904723405838,B,B,0.02265625
1,20,0.4500091671943664,0.0507434792816638,D,D,0.024479166666666666
1,21,0.5274388790130615,0.0814479663968086,B,A,0.02109375
1,22,0.5723104476928711,0.0596725866198539,B,B,0.021875
1,23,0.1951538622379303,0.0473537892103195,D,D,0.023177083333333334
1,24,0.1386531740427017,0.065435029566288,D,D,0.023177083333333334
1,25,0.5624366998672485,0.0646658390760421,B,B,0.023177083333333334
1,26,0.1652303785085678,0.0679112076759338,D,D,0.017708333333333333
1,27,0.5176242589950562,0.109399527311325,B,A,0.02109375
1,28,0.4140548706054687,0.0672839432954788,D,D,0.019270833333333334
1,29,0.476142019033432,0.1722628325223922,D,C,0.022135416666666668
1,30,0.5045995712280273,0.1523011028766632,B,A,0.019010416666666665
1,31,0.5081596374511719,0.0815164595842361,B,A,0.01875
1,32,0.5003020763397217,0.0869605913758277,D,A,0.021614583333333333
1,33,0.17351695895195,0.0558977723121643,D,D,0.022135416666666668
1,34,0.4841534495353699,0.051393162459135,D,D,0.02421875
1,35,0.2168012857437133,0.0641415417194366,D,D,0.022916666666666665
1,36,0.3462433815002441,0.0899461805820465,D,C,0.0203125
1,37,0.6127039194107056,0.0543827749788761,B,B,0.019270833333333334
1,38,0.4937058687210083,0.2083624452352523,D,A,0.022916666666666665
1,39,0.4890685677528381,0.1027610972523689,D,C,0.020572916666666666
2,0,0.4270399808883667,0.0604247339069843,D,D,0.020052083333333335
2,1,0.5505599975585938,0.0667153373360633,B,B,0.01875
2,2,0.5058600902557373,0.1671899855136871,B,A,0.021875
2,3,0.1946725249290466,0.0751912146806716,D,D,0.02265625
2,4,0.2949585914611816,0.0771687626838684,D,D,0.021875
2,5,0.4819006025791168,0.1279069185256958,D,A,0.0203125
2,6,0.5034233331680298,0.0932515487074852,B,B,0.0203125
2,7,0.4995813965797424,0.0788104385137558,D,B,0.020833333333333332
2,8,0.099086046218872,0.1253261566162109,D,C,0.021875
2,9,0.5240720510482788,0.151103600859642,B,A,0.01953125
2,10,0.5510978102684021,0.1345936954021453,B,A,0.021354166666666667
2,11,0.1929890662431717,0.0526705831289291,D,D,0.020052083333333335
2,12,0.1571350246667862,0.0927106440067291,D,D,0.022395833333333334
2,13,0.4988507926464081,0.3038914501667022,D,A,0.023958333333333335
2,14,0.0640538483858108,0.0770398154854774,D,D,0.0203125
2,15,0.4091393649578094,0.0952305719256401,D,D,0.0203125
2,16,0.5272968411445618,0.1317287385463714,B,A,0.020572916666666666
2,17,0.0942280739545822,0.0933996066451072,D,D,0.023177083333333334
2,18,0.5015479326248169,0.1936527639627456,D,A,0.018229166666666668
2,19,0.5186020731925964,0.2591791749000549,B,A,0.021354166666666667
2,20,0.481309711933136,0.0985055714845657,D,D,0.021875
2,21,0.505606472492218,0.1054011583328247,B,A,0.021614583333333333
2,22,0.4977537393569946,0.1180118098855018,D,A,0.025520833333333333
2,23,0.537284791469574,0.1187907457351684,B,A,0.021354166666666667
2,24,0.4490891396999359,0.0993680581450462,D,D,0.0203125
2,25,0.3610262870788574,0.141003206372261,D,C,0.018229166666666668
2,26,0.5136685967445374,0.1357079595327377,B,A,0.02265625
2,27,0.5854983329772949,0.0654803216457367,B,B,0.023697916666666666
2,28,0.0709041357040405,0.0754813104867935,D,D,0.020572916666666666
2,29,0.398695707321167,0.183262437582016,D,C,0.020833333333333332
2,30,0.4552682638168335,0.1531601548194885,D,C,0.021875
2,31,0.5068322420120239,0.1839638799428939,B,A,0.024479166666666666
2,32,0.280859887599945,0.0591136924922466,D,D,0.021614583333333333
2,33,0.5196681618690491,0.4087556302547455,A,A,0.0203125
2,34,0.1648448556661605,0.065898597240448,D,D,0.01875
2,35,0.1159668192267417,0.0627345293760299,D,D,0.0203125
2,36,0.5120179653167725,0.1180364042520523,B,A,0.022395833333333334
2,37,0.5015808939933777,0.0967184975743293,D,B,0.02265625
2,38,0.4165797233581543,0.1246136128902435,D,C,0.023177083333333334
2,39,0.1402144730091095,0.092655211687088,D,D,0.01796875
3,0,0.1742239594459533,0.0802452489733696,D,D,0.0234375
3,1,0.2779991328716278,0.0834405943751335,D,D,0.018489583333333334
3,2,0.5073204040527344,0.2379017174243927,B,A,0.02421875
3,3,0.2905426323413849,0.1290091574192047,D,D,0.024739583333333332
3,4,0.2489547878503799,0.0676257461309433,D,D,0.020052083333333335
3,5,0.4975974857807159,0.2131536453962326,D,A,0.023177083333333334
3,6,0.2484702616930008,0.0749932676553726,D,D,0.023177083333333334
3,7,0.4906826317310333,0.1349682360887527,D,B,0.020572916666666666
3,8,0.5177298784255981,0.247493177652359,B,A,0.02421875
3,9,0.4862033128738403,0.2717854380607605,D,C,0.0203125
3,10,0.4973746836185455,0.272814005613327,D,A,0.021614583333333333
3,11,0.5305598974227905,0.2972733974456787,B,A,0.020572916666666666
3,12,0.5128730535507202,0.1959310919046402,B,A,0.020572916666666666
3,13,0.4936875700950622,0.3323457241058349,D,A,0.0203125
3,14,0.4909927248954773,0.1708996891975402,D,B,0.021614583333333333
3,15,0.496650755405426,0.4743453562259674,C,A,0.0203125
3,16,0.4757593274116516,0.19843290746212,D,C,0.020833333333333332
3,17,0.4763312041759491,0.193210631608963,D,C,0.020052083333333335
3,18,0.3691829442977905,0.1023148596286773,D,D,0.02421875
3,19,0.4310010075569153,0.1589033901691436,D,D,0.01953125
3,20,0.3213382363319397,0.1763806939125061,D,D,0.02109375
3,21,0.1869440078735351,0.1137478128075599,D,D,0.01953125
3,22,0.5173614025115967,0.3587743937969208,B,A,0.020572916666666666
3,23,0.5034900307655334,0.1911652982234954,B,A,0.024739583333333332
3,24,0.4254361093044281,0.1789103299379348,D,D,0.020833333333333332
3,25,0.488657534122467,0.486284077167511,C,C,0.01796875
3,26,0.1319263130426406,0.0725482180714607,D,D,0.020572916666666666
3,27,0.4992910623550415,0.3579717576503753,D,A,0.02421875
3,28,0.1745770573616027,0.085098348557949,D,D,0.021354166666666667
3,29,0.492991954088211,0.2474110275506973,D,A,0.020572916666666666
3,30,0.4930220246315002,0.5635625720024109,C,A,0.019010416666666665
3,31,0.529732346534729,0.1892017126083374,B,B,0.02265625
3,32,0.4980922043323517,0.3138785064220428,D,A,0.021875
3,33,0.1489364802837371,0.0802265480160713,D,D,0.0203125
3,34,0.3683108687400818,0.0860357135534286,D,D,0.023697916666666666
3,35,0.391819417476654,0.0877298265695571,D,D,0.020572916666666666
3,36,0.4944697022438049,0.1747849881649017,D,B,0.021875
3,37,0.4959631860256195,0.2360041439533233,D,A,0.0234375
3,38,0.4918352365493774,0.3186120092868805,D,A,0.020833333333333332
3,39,0.4861469864845276,0.1651650071144104,D,D,0.024479166666666666
4,0,0.865351676940918,0.3607134819030761,B,A,0.019270833333333334
4,1,0.2913591861724853,0.2101625204086303,D,D,0.019010416666666665
4,2,0.485066145658493,0.4496831595897674,C,C,0.021354166666666667
4,3,0.4970666468143463,0.2057117074728012,D,B,0.020572916666666666
4,4,0.4915263652801513,0.3631907999515533,D,A,0.020833333333333332
4,5,0.5018962025642395,0.3639188408851623,D,A,0.01953125
4,6,0.4906773567199707,0.3722732365131378,D,A,0.023697916666666666
4,7,0.4933202266693115,0.5005864500999451,C,A,0.02265625
4,8,0.4862532615661621,0.3508843183517456,D,C,0.023697916666666666
4,9,0.3560246229171753,0.098231129348278,D,D,0.022395833333333334
4,10,0.5362384915351868,1.213802933692932,A,A,0.02421875
4,11,0.3427681922912597,0.0941342711448669,D,D,0.022395833333333334
4,12,0.5170294046401978,0.805167555809021,A,A,0.023697916666666666
4,13,0.491044282913208,0.1905722916126251,D,B,0.018489583333333334
4,14,0.514594316482544,0.4028007984161377,A,A,0.021354166666666667
4,15,0.5174624919891357,0.2646349668502807,B,A,0.023697916666666666
4,16,0.3076376914978027,0.0840342342853546,D,D,0.021354166666666667
4,17,0.2893912196159363,0.1141163259744644,D,D,0.025
4,18,0.4983857274055481,0.4156782031059265,C,A,0.023697916666666666
4,19,0.4419407248497009,0.5972704887390137,C,C,0.024479166666666666
4,20,0.4291877448558807,0.1333076506853103,D,D,0.01953125
4,21,0.4933291971683502,0.2873453795909881,D,A,0.01796875
4,22,0.4944046437740326,0.3661149442195892,D,A,0.018229166666666668
4,23,0.3118150532245636,0.0907744616270065,D,D,0.024739583333333332
4,24,0.3654642105102539,0.0964863523840904,D,D,0.019791666666666666
4,25,0.51100093126297,0.2579761147499084,B,A,0.019270833333333334
4,26,0.4043353796005249,0.1074358820915222,D,D,0.01875
4,27,0.420828104019165,0.1088578552007675,D,D,0.020833333333333332
4,28,0.488819420337677,0.2573179304599762,D,D,0.021614583333333333
4,29,0.4905987083911896,0.2322171628475189,D,B,0.020572916666666666
4,30,0.4366471171379089,0.2082225680351257,D,D,0.02265625
4,31,0.4355732798576355,0.1343399733304977,D,D,0.022395833333333334
4,32,0.4526931047439575,0.1602161824703216,D,D,0.02265625
4,33,0.4256150722503662,0.0836763903498649,D,D,0.022916666666666665
4,34,0.4554029405117035,0.1759167164564132,D,D,0.02578125
4,35,0.4990216791629791,0.2869941294193268,D,A,0.023177083333333334
4,36,0.6150914430618286,0.4750657081604004,A,A,0.021875
4,37,0.4933015704154968,0.6332516074180603,C,A,0.022916666666666665
4,38,0.500192403793335,0.1971956640481948,D,B,0.024739583333333332
4,39,0.4903945028781891,0.3830848634243011,D,C,0.02421875
5,0,0.5047013163566589,0.4990998804569244,A,A,0.023177083333333334
5,1,0.4428176283836365,0.1523848921060562,D,D,0.019791666666666666
5,2,0.4941997528076172,0.4179186224937439,C,D,0.023177083333333334
5,3,0.5043742656707764,0.4003756940364837,B,B,0.02109375
5,4,0.5304718613624573,0.3843239247798919,B,B,0.022916666666666665
5,5,0.4895300567150116,0.6832380294799805,C,C,0.02421875
5,6,0.5083714127540588,0.7037352323532104,A,A,0.022916666666666665
5,7,0.5253516435623169,0.5647271275520325,A,A,0.02265625
5,8,0.5045402646064758,0.8968297243118286,A,A,0.029166666666666667
5,9,0.5061256289482117,0.314120888710022,B,B,0.020572916666666666
5,10,0.6281342506408691,0.4154863059520721,A,B,0.02265625
5,11,0.4256699085235595,0.1436800062656402,D,D,0.020572916666666666
5,12,0.4804610311985016,0.323744922876358,D,D,0.019010416666666665
5,13,0.2521159052848816,0.1208585202693939,D,D,0.019270833333333334
5,14,0.4485092163085937,0.2207871824502945,D,D,0.022395833333333334
5,15,0.493886798620224,0.5182375907897949,C,C,0.0171875
5,16,0.4873402118682861,0.4241772592067718,C,C,0.021354166666666667
5,17,0.5037009716033936,0.5729058384895325,A,A,0.022395833333333334
5,18,0.4928109645843506,0.8187457919120789,C,C,0.021354166666666667
5,19,0.4885106086730957,0.7005825638771057,C,C,0.023177083333333334
5,20,0.5061657428741455,0.6535048484802246,A,A,0.025
5,21,0.4631800949573517,0.1080511137843132,D,D,0.022916666666666665
5,22,0.4210367202758789,0.1832132190465927,D,D,0.025
5,23,0.5408099889755249,0.6402636766433716,A,A,0.01953125
5,24,0.4985812604427337,0.5988641381263733,C,A,0.022135416666666668
5,25,0.4837285280227661,0.5426202416419983,C,C,0.0234375
5,26,0.5106685161590576,0.600275456905365,A,A,0.024739583333333332
5,27,0.5158147215843201,0.1929516941308975,B,B,0.025
5,28,0.495226502418518,0.4747081398963928,C,C,0.01953125
5,29,0.4936352074146271,0.376948595046997,D,D,0.0234375
5,30,0.5000215768814087,0.5311810970306396,C,A,0.023177083333333334
5,31,0.5189144611358643,0.493456482887268,A,A,0.02265625
5,32,0.5208301544189453,0.4946485161781311,A,A,0.021354166666666667
5,33,0.4545499086380005,0.1288602650165558,D,D,0.025
5,34,0.5313302278518677,0.4147025048732757,A,B,0.0203125
5,35,0.4832682907581329,0.3178422451019287,D,D,0.018489583333333334
5,36,0.490707516670227,0.3688437640666961,D,D,0.0234375
5,37,0.3504852056503296,0.1274992525577545,D,D,0.0234375
5,38,0.497256189584732,0.5631313323974609,C,A,0.019010416666666665
5,39,0.5250700116157532,0.2334199398756027,B,B,0.020833333333333332
6,0,0.4879038333892822,0.462061196565628,C,D,0.024739583333333332
6,1,0.5042607188224792,0.4984683096408844,A,A,0.0234375
6,2,0.4978235363960266,0.4567466974258423,C,D,0.024739583333333332
6,3,0.4890828132629394,0.6938685178756714,C,C,0.021354166666666667
6,4,0.4969614446163177,0.5140494108200073,C,C,0.023958333333333335
6,5,0.5357633233070374,0.4961283504962921,A,A,0.021614583333333333
6,6,0.4988544285297394,0.605857789516449,C,C,0.025260416666666667
6,7,0.4373147189617157,0.2250131368637085,D,D,0.024479166666666666
6,8,0.5087266564369202,0.6491449475288391,A,A,0.020572916666666666
6,9,0.5080239772796631,0.4967053234577179,A,A,0.021354166666666667
6,10,0.3742787837982178,0.1605313420295715,D,D,0.022135416666666668
6,11,0.5152537822723389,0.2486993223428726,B,B,0.022135416666666668
6,12,0.485084056854248,0.4398163855075836,C,D,0.02421875
6,13,0.5283620953559875,0.6626408100128174,A,A,0.0265625
6,14,0.4916234910488128,0.624299168586731,C,C,0.021614583333333333
6,15,0.500653862953186,0.5481065511703491,C,A,0.021875
6,16,0.1613440811634063,0.287052571773529,D,D,0.022135416666666668
6,17,0.5022481083869934,0.4707238674163818,A,B,0.022395833333333334
6,18,0.4797301292419433,0.4039273858070373,C,D,0.022135416666666668
6,19,0.5002967119216919,0.5637415647506714,C,A,0.02265625
6,20,0.4991933107376098,0.6735447645187378,C,C,0.02890625
6,21,0.5118593573570251,0.6356388926506042,A,A,0.026302083333333334
6,22,0.3465095162391662,0.1372697949409485,D,D,0.02421875
6,23,0.506889820098877,0.4216398000717163,A,B,0.02421875
6,24,0.5049121379852295,0.5098715424537659,A,A,0.02578125
6,25,0.5067939758300781,0.4588804244995117,A,B,0.02578125
6,26,0.5107250213623047,0.5074609518051147,A,A,0.02578125
6,27,0.4910110831260681,0.4507909417152405,C,D,0.019010416666666665
6,28,0.4882872998714447,0.5314933657646179,C,C,0.022916666666666665
6,29,0.5020464062690735,0.5887284278869629,A,A,0.0203125
6,30,0.5022265315055847,0.5091075897216797,A,A,0.020052083333333335
6,31,0.5027432441711426,0.3783509731292724,B,B,0.01953125
6,32,0.3898977637290954,0.1497856676578521,D,D,0.023177083333333334
6,33,0.4946157336235046,0.524376630783081,C,C,0.023958333333333335
6,34,0.4865596890449524,0.173142671585083,D,D,0.020572916666666666
6,35,0.4372498095035553,0.1448875814676284,D,D,0.01875
6,36,0.5034996271133423,1.2939870357513428,A,A,0.021875
6,37,0.4374263882637024,0.1368407011032104,D,D,0.01953125
6,38,0.5445384383201599,0.4008953273296356,A,B,0.022395833333333334
6,39,0.5128858089447021,0.4122755229473114,A,B,0.020052083333333335
7,0,0.4895251989364624,0.4983817636966705,C,C,0.0234375
7,1,0.489993155002594,1.4948265552520752,C,C,0.027604166666666666
7,2,0.4869622886180877,0.5686606168746948,C,C,0.02421875
7,3,0.5075098872184753,0.4081773161888122,A,B,0.019010416666666665
7,4,0.5006462335586548,0.4331618845462799,C,C,0.021354166666666667
7,5,0.5082480907440186,0.4902111291885376,A,A,0.02265625
7,6,0.5065747499465942,0.5462448596954346,A,A,0.022395833333333334
7,7,0.4914858043193817,0.4199772775173187,C,D,0.01953125
7,8,0.4949766397476196,0.3862707316875458,D,D,0.025520833333333333
7,9,0.5034084320068359,0.3703471720218658,B,B,0.019791666666666666
7,10,0.4952245354652405,0.4985727071762085,C,C,0.020833333333333332
7,11,0.5262437462806702,0.4691640436649322,A,A,0.022395833333333334
7,12,0.4483236670494079,0.3530284166336059,D,D,0.018489583333333334
7,13,0.4964059591293335,0.505646288394928,C,C,0.025260416666666667
7,14,0.4971165657043457,0.3633078336715698,D,D,0.02109375
7,15,0.4993487894535064,0.3794054090976715,D,D,0.026041666666666668
7,16,0.5264097452163696,0.3774541318416595,B,B,0.025
7,17,0.4940784573554992,0.4288619458675384,C,C,0.0203125
7,18,0.5246994495391846,0.5961083769798279,A,A,0.024739583333333332
7,19,0.5352455377578735,0.4686561226844787,A,A,0.025
7,20,0.5008970499038696,0.3826178014278412,D,B,0.021614583333333333
7,21,0.3828215003013611,0.1395542025566101,D,D,0.019791666666666666
7,22,0.3511771857738495,0.2110626697540283,D,D,0.017708333333333333
7,23,0.4950519502162933,0.4033257365226745,C,D,0.0234375
7,24,0.5119251608848572,0.3497984409332275,B,B,0.023177083333333334
7,25,0.35811847448349,0.3968588411808014,D,D,0.020833333333333332
7,26,0.4919773936271667,0.6561760902404785,C,C,0.02265625
7,27,0.5179104804992676,0.5301567912101746,A,A,0.024479166666666666
7,28,0.6003817319869995,0.5364406704902649,A,A,0.023177083333333334
7,29,0.4981303513050079,0.4723900854587555,C,C,0.022916666666666665
7,30,0.5671279430389404,0.4745824038982391,A,A,0.026302083333333334
7,31,0.4109440445899963,0.1704295873641967,D,D,0.021875
7,32,0.5129518508911133,0.5159845352172852,A,A,0.02109375
7,33,0.5277782678604126,0.4837671518325805,A,A,0.021614583333333333
7,34,0.5313938856124878,0.2924294173717499,B,B,0.022395833333333334
7,35,0.5115886330604553,0.3934986889362335,B,B,0.0234375
7,36,0.5930127501487732,0.3347735404968261,B,B,0.025
7,37,0.5299860835075378,0.3623750805854797,B,B,0.022135416666666668
7,38,0.4919517338275909,0.5190175175666809,C,C,0.020572916666666666
7,39,0.5155643820762634,0.3970701396465301,B,B,0.022916666666666665
8,0,0.5279380083084106,0.5003793239593506,A,A,0.02265625
8,1,0.5177375078201294,0.5816948413848877,A,A,0.02265625
8,2,0.5350035429000854,0.4163825213909149,A,B,0.023177083333333334
8,3,0.4590798616409302,0.192533254623413,D,D,0.020833333333333332
8,4,0.5101669430732727,0.5851975679397583,A,C,0.02109375
8,5,0.5044469237327576,0.496891438961029,A,C,0.0234375
8,6,0.5038187503814697,0.5444275140762329,A,C,0.026041666666666668
8,7,0.5851766467094421,0.3908958733081817,B,B,0.02421875
8,8,0.5265761017799377,0.357579231262207,B,B,0.019791666666666666
8,9,0.5032615065574646,0.5250956416130066,A,C,0.026822916666666665
8,10,0.4591546058654785,0.1929740309715271,D,D,0.020833333333333332
8,11,0.588437557220459,0.4064173400402069,A,B,0.02265625
8,12,0.6400684118270874,0.503373384475708,A,A,0.0234375
8,13,0.5010933876037598,0.3578208982944488,D,D,0.01875
8,14,0.4687524437904358,0.4552253782749176,C,D,0.01875
8,15,0.5642706751823425,0.5044606328010559,A,A,0.01875
8,16,0.5889131426811218,0.4334453344345093,A,B,0.022135416666666668
8,17,0.577242374420166,0.5976519584655762,A,A,0.020833333333333332
8,18,0.5263975858688354,0.5090381503105164,A,A,0.022916666666666665
8,19,0.4949525892734527,0.6412844657897949,C,C,0.0203125
8,20,0.5072780847549438,0.3071750104427337,B,D,0.022395833333333334
8,21,0.4995399117469787,0.3831386268138885,D,D,0.024479166666666666
8,22,0.502081573009491,0.4076922237873077,A,D,0.0234375
8,23,0.5894100069999695,0.4348055124282837,A,B,0.025
8,24,0.5154299736022949,0.4806627631187439,A,B,0.025
8,25,0.5924472808837891,0.5623062252998352,A,A,0.021614583333333333
8,26,0.6591796278953552,0.6476913690567017,A,A,0.0203125
8,27,0.5075281858444214,0.5633502006530762,A,C,0.021614583333333333
8,28,0.5126466751098633,0.6252913475036621,A,A,0.02578125
8,29,0.3726899027824402,0.531063437461853,C,C,0.0234375
8,30,0.5113016366958618,1.069454789161682,A,C,0.0265625
8,31,0.5044969320297241,0.5955277681350708,A,C,0.020572916666666666
8,32,0.4371430873870849,0.1774107366800308,D,D,0.019270833333333334
8,33,0.4761432409286499,0.3783471286296844,D,D,0.022135416666666668
8,34,0.5636030435562134,0.4615195393562317,A,B,0.019791666666666666
8,35,0.4927374720573425,1.3777852058410645,C,C,0.02734375
8,36,0.5047927498817444,0.3860715925693512,B,D,0.01875
8,37,0.5584594011306763,0.4312646687030792,A,B,0.02578125
8,38,0.5253391265869141,0.5647284984588623,A,A,0.0234375
8,39,0.5380863547325134,0.4000357389450073,B,B,0.02578125
9,0,0.5669511556625366,0.6110073328018188,A,A,0.021354166666666667
9,1,0.5534536838531494,0.979321539402008,A,A,0.02734375
9,2,0.5462977886199951,0.4756800532341003,A,B,0.024739583333333332
9,3,0.512715220451355,0.4883601665496826,A,C,0.020572916666666666
9,4,0.580614447593689,0.4428183138370514,A,B,0.01953125
9,5,0.5275712013244629,0.3683088421821594,B,D,0.024739583333333332
9,6,0.4637938141822815,0.5904608368873596,C,C,0.023177083333333334
9,7,0.5058252215385437,0.576543927192688,A,C,0.023958333333333335
9,8,0.508394718170166,0.3259465098381042,B,D,0.023697916666666666
9,9,0.4869947433471679,0.7169492244720459,C,C,0.022395833333333334
9,10,0.5454570055007935,0.5787097811698914,A,A,0.025
9,11,0.6108649969100952,0.6038350462913513,A,A,0.022135416666666668
9,12,0.6130232810974121,0.5842772722244263,A,A,0.022395833333333334
9,13,0.502117395401001,0.3978311717510223,B,D,0.020572916666666666
9,14,0.5316215753555298,0.6441028118133545,A,C,0.0234375
9,15,0.524869978427887,0.3051884174346924,B,D,0.022916666666666665
9,16,0.6292722225189209,0.495148241519928,A,A,0.024739583333333332
9,17,0.5440809726715088,0.5143330097198486,A,A,0.023697916666666666
9,18,0.507781445980072,0.538239061832428,A,C,0.019010416666666665
9,19,0.537434458732605,0.2115579694509506,B,D,0.0234375
9,20,0.6020625829696655,0.3421014249324798,B,B,0.023958333333333335
9,21,0.5934857726097107,0.4470619559288025,A,B,0.022916666666666665
9,22,0.5401731729507446,0.442382663488388,A,D,0.023958333333333335
9,23,0.6487166881561279,0.3734277188777923,B,B,0.019270833333333334
9,24,0.5387641191482544,0.3010677993297577,B,D,0.01953125
9,25,0.5532013177871704,0.4398768842220306,A,B,0.023697916666666666
9,26,0.517151951789856,0.7791029810905457,A,C,0.022135416666666668
9,27,0.63294917345047,0.5220690965652466,A,A,0.020572916666666666
9,28,0.4634483456611633,0.3484867811203003,D,D,0.01953125
9,29,0.5593582391738892,0.3985110819339752,B,B,0.029166666666666667
9,30,0.5131751298904419,0.6181119680404663,A,C,0.020572916666666666
9,31,0.5103641748428345,0.3655900061130523,B,D,0.021354166666666667
9,32,0.6556820273399353,0.4650098383426666,A,B,0.0234375
9,33,0.5673729181289673,0.3891120553016662,B,B,0.021614583333333333
9,34,0.5156503319740295,0.6434189677238464,A,C,0.023697916666666666
9,35,0.6172997951507568,0.563242495059967,A,A,0.023958333333333335
9,36,0.5940028429031372,0.6668627262115479,A,A,0.021875
9,37,0.5429836511611938,0.4336314797401428,A,B,0.022395833333333334
9,38,0.5321391224861145,0.3376718461513519,B,D,0.02109375
9,39,0.5140273571014404,0.6024683713912964,A,C,0.022395833333333334
10,0,0.5664111971855164,0.3884120583534241,B,B,0.01953125
10,1,0.5617637038230896,0.5879034996032715,A,A,0.0234375
10,2,0.5393931865692139,0.4323362708091736,A,C,0.021875
10,3,0.5610746145248413,0.366901695728302,B,B,0.022135416666666668
10,4,0.5336280465126038,0.5990930199623108,A,C,0.022916666666666665
10,5,0.6278256177902222,0.4579271376132965,A,A,0.021875
10,6,0.5293285846710205,0.4499050080776214,A,C,0.021614583333333333
10,7,0.6156560182571411,0.3994907438755035,B,B,0.0234375
10,8,0.6407600045204163,0.5826859474182129,A,A,0.0234375
10,9,0.5622243881225586,0.3666262626647949,B,B,0.021354166666666667
10,10,0.5905435085296631,0.3094822764396667,B,B,0.022395833333333334
10,11,0.5489208698272705,0.2940003573894501,B,B,0.020052083333333335
10,12,0.4962955117225647,0.5424877405166626,C,C,0.020572916666666666
10,13,0.5481131076812744,0.3250047564506531,B,B,0.025260416666666667
10,14,0.5152798891067505,0.2107807397842407,B,D,0.023697916666666666
10,15,0.5466881990432739,0.510312557220459,A,A,0.020052083333333335
10,16,0.5281678438186646,0.6685076951980591,A,C,0.028125
10,17,0.572344183921814,0.6267285943031311,A,A,0.023958333333333335
10,18,0.5217598676681519,0.3223482668399811,B,D,0.0234375
10,19,0.5303739905357361,0.3103972971439361,B,D,0.0171875
10,20,0.5005378127098083,0.337897777557373,D,D,0.023697916666666666
10,21,0.5500831007957458,0.4002046287059784,B,B,0.022395833333333334
10,22,0.6064960956573486,0.3776231408119201,B,B,0.02109375
10,23,0.5429032444953918,0.3742832839488983,B,D,0.022916666666666665
10,24,0.5285882949829102,0.6461676359176636,A,C,0.02578125
10,25,0.5205866694450378,0.8529554009437561,A,C,0.020052083333333335
10,26,0.5264607667922974,0.361839234828949,B,D,0.02265625
10,27,0.5679383277893066,0.4617843925952911,A,A,0.022395833333333334
10,28,0.5399207472801208,0.4819443523883819,A,C,0.021875
10,29,0.6118419170379639,0.4041573405265808,A,B,0.020833333333333332
10,30,0.526383638381958,0.9116963148117064,A,C,0.023958333333333335
10,31,0.5613310933113098,0.4944731593132019,A,A,0.021354166666666667
10,32,0.5170326232910156,0.3119032084941864,B,D,0.023697916666666666
10,33,0.568124532699585,0.463774174451828,A,A,0.022916666666666665
10,34,0.5423415899276733,0.6018289923667908,A,C,0.026041666666666668
10,35,0.5145078897476196,0.3677293360233307,B,D,0.022135416666666668
10,36,0.5291767716407776,0.3184004127979278,B,D,0.018229166666666668
10,37,0.5458836555480957,0.545828640460968,A,A,0.02421875
10,38,0.5769451856613159,0.5015214681625366,A,A,0.021614583333333333
10,39,0.5221840143203735,0.308775782585144,B,D,0.025260416666666667
11,0,0.5522876977920532,0.4028947949409485,A,D,0.019270833333333334
11,1,0.6211459636688232,0.4004105925559997,B,B,0.020052083333333335
11,2,0.584471583366394,0.2481873631477356,B,B,0.0234375
11,3,0.5125898122787476,0.4797668755054474,A,C,0.022135416666666668
11,4,0.5171046257019043,0.5806781649589539,A,C,0.020833333333333332
11,5,0.5369346141815186,0.3805873394012451,B,D,0.020833333333333332
11,6,0.6864086389541626,0.4950260519981384,A,A,0.027083333333333334
11,7,0.6118192076683044,0.5698046684265137,A,A,0.020833333333333332
11,8,0.5579410791397095,0.2826870679855346,B,D,0.020833333333333332
11,9,0.536838173866272,0.3951755464076996,B,D,0.024479166666666666
11,10,0.5311028957366943,1.0719523429870603,A,C,0.022916666666666665
11,11,0.6141802668571472,0.3799891471862793,B,B,0.0234375
11,12,0.5259190797805786,0.445667028427124,A,C,0.02890625
11,13,0.5655636787414551,0.3213418424129486,B,B,0.025
11,14,0.6198837757110596,0.3477218449115753,B,B,0.023697916666666666
11,15,0.5901259183883667,0.382726639509201,B,B,0.0265625
11,16,0.5745325088500977,0.5721635222434998,A,A,0.022395833333333334
11,17,0.5681157112121582,0.4836679697036743,A,A,0.020572916666666666
11,18,0.5489301085472107,0.5841413140296936,A,C,0.019791666666666666
11,19,0.5722118020057678,0.3514372110366821,B,B,0.01875
11,20,0.5236129760742188,0.5771680474281311,A,C,0.022135416666666668
11,21,0.5622559785842896,0.3891530036926269,B,D,0.0203125
11,22,0.6075804829597473,0.289963960647583,B,B,0.022916666666666665
11,23,0.6363157033920288,0.3148811459541321,B,B,0.020572916666666666
11,24,0.6706423759460449,0.4846648275852203,A,A,0.02109375
11,25,0.5633055567741394,0.6463318467140198,A,C,0.024479166666666666
11,26,0.5801469683647156,0.4340620636940002,A,A,0.022135416666666668
11,27,0.5948613286018372,0.2858119904994964,B,B,0.0234375
11,28,0.5830450654029846,0.4604783356189728,A,A,0.02578125
11,29,0.5653295516967773,0.8547084331512451,A,A,0.023958333333333335
11,30,0.5575411915779114,0.5207237005233765,A,C,0.0203125
11,31,0.5501992106437683,0.347975879907608,B,D,0.022916666666666665
11,32,0.5924071073532104,0.2940326929092407,B,B,0.02109375
11,33,0.5469853281974792,0.5088207125663757,A,C,0.025
11,34,0.4999298751354217,0.4447493255138397,C,C,0.02265625
11,35,0.6353919506072998,0.3285751640796661,B,B,0.021354166666666667
11,36,0.5057744383811951,0.352142870426178,B,D,0.025260416666666667
11,37,0.5163121819496155,0.3615350127220154,B,D,0.02421875
11,38,0.5424081087112427,0.5687373280525208,A,C,0.019791666666666666
11,39,0.5419331789016724,0.559561550617218,A,C,0.025
12,0,0.6048914194107056,0.4355708956718445,A,B,0.023958333333333335
12,1,0.5747321248054504,0.3980845510959625,B,B,0.02109375
12,2,0.533517599105835,1.1943938732147217,A,C,0.029427083333333333
12,3,0.5892447233200073,0.4898786544799804,A,B,0.02421875
12,4,0.7017456293106079,0.6000178456306458,A,A,0.027604166666666666
12,5,0.5415575504302979,0.8900510668754578,A,C,0.028645833333333332
12,6,0.5580340623855591,0.7758726477622986,A,C,0.022916666666666665
12,7,0.6045082807540894,0.2173632383346557,B,B,0.0203125
12,8,0.5805519819259644,0.7296600341796875,A,A,0.02734375
12,9,0.5600799322128296,0.6764170527458191,A,C,0.030208333333333334
12,10,0.6285074949264526,0.7264360189437866,A,A,0.025520833333333333
12,11,0.5365786552429199,0.3637886941432953,B,D,0.019791666666666666
12,12,0.6054877042770386,0.2308946102857589,B,B,0.023697916666666666
12,13,0.5587028861045837,0.2823715209960937,B,D,0.022135416666666668
12,14,0.5521910190582275,0.7420795559883118,A,C,0.024739583333333332
12,15,0.5487344264984131,0.8737685084342957,A,C,0.023697916666666666
12,16,0.6164543628692627,0.3294728398323059,B,B,0.028645833333333332
12,17,0.5335144400596619,0.3827077448368072,B,D,0.023958333333333335
12,18,0.5686445236206055,0.5381292104721069,A,C,0.022395833333333334
12,19,0.5435636043548584,0.6551118493080139,A,C,0.02421875
12,20,0.5710405707359314,0.3209837675094604,B,D,0.021875
12,21,0.6070988178253174,0.6058331727981567,A,A,0.026302083333333334
12,22,0.5833838582038879,0.4161514639854431,A,B,0.019791666666666666
12,23,0.5528295040130615,0.6423578858375549,A,C,0.029427083333333333
12,24,0.685661256313324,0.8050966262817383,A,A,0.024739583333333332
12,25,0.6307133436203003,0.4670754969120025,A,B,0.021614583333333333
12,26,0.6675516366958618,0.4977178871631622,A,A,0.025520833333333333
12,27,0.5298206806182861,0.3313513100147247,B,D,0.024479166666666666
12,28,0.5883828401565552,0.3400138020515442,B,B,0.02265625
12,29,0.5389528274536133,0.2685736417770386,B,D,0.023697916666666666
12,30,0.589927077293396,0.4682142436504364,A,B,0.024479166666666666
12,31,0.6198819875717163,0.3370671272277832,B,B,0.02109375
12,32,0.5529849529266357,0.3333459496498108,B,D,0.020833333333333332
12,33,0.5210553407669067,0.7896592020988464,A,C,0.029427083333333333
12,34,0.5934677124023438,0.5428980588912964,A,A,0.023958333333333335
12,35,0.6011973023414612,0.4916121959686279,A,A,0.027083333333333334
12,36,0.5332165360450745,0.3031123578548431,B,D,0.023697916666666666
12,37,0.5322697758674622,0.3398374021053314,B,D,0.01953125
12,38,0.5925430059432983,0.4995301067829132,A,A,0.01796875
12,39,0.5601428151130676,0.5538630485534668,A,C,0.027083333333333334
13,0,0.4049830436706543,0.3756941258907318,D,D,0.02265625
13,1,0.5175002217292786,0.5410009622573853,A,C,0.02265625
13,2,0.6000367403030396,1.4465738534927368,A,A,0.03125
13,3,0.6404515504837036,0.4118880927562713,A,B,0.0203125
13,4,0.6100980043411255,0.5011743307113647,A,B,0.028385416666666666
13,5,0.6724168062210083,0.5417648553848267,A,A,0.021354166666666667
13,6,0.5763158202171326,1.6038810014724731,A,C,0.040364583333333336
13,7,0.518924355506897,0.3318615555763244,B,D,0.02265625
13,8,0.5779854655265808,0.5315084457397461,A,D,0.024479166666666666
13,9,0.7106572389602661,0.7300322651863098,A,A,0.0203125
13,10,0.7323496341705322,0.7434526085853577,A,A,0.0234375
13,11,0.5904273986816406,0.6360193490982056,A,C,0.028385416666666666
13,12,0.5512685775756836,0.5430618524551392,A,C,0.021354166666666667
13,13,0.5520907640457153,0.2862033247947693,B,D,0.02109375
13,14,0.6542972326278687,0.6880301237106323,A,A,0.023177083333333334
13,15,0.5748109221458435,1.3287087678909302,A,C,0.03567708333333333
13,16,0.7202053070068359,0.8657370805740356,A,A,0.029166666666666667
13,17,0.5980772376060486,0.6668745875358582,A,C,0.024479166666666666
13,18,0.6746872067451477,0.53447425365448,A,A,0.027083333333333334
13,19,0.6777423024177551,0.4023896753787994,A,B,0.02421875
13,20,0.5741488933563232,0.5107475519180298,A,D,0.023177083333333334
13,21,0.637101411819458,0.4160834550857544,A,B,0.02578125
13,22,0.527245283126831,0.8348385095596313,A,C,0.03046875
13,23,0.5604232549667358,0.5974330306053162,A,C,0.026302083333333334
13,24,0.7227466106414795,1.5374280214309692,A,A,0.0265625
13,25,0.629598081111908,0.6435102224349976,A,A,0.02265625
13,26,0.6093609929084778,0.3997126519680023,B,B,0.024479166666666666
13,27,0.6176705956459045,0.4904506802558899,A,B,0.025520833333333333
13,28,0.598373532295227,0.3926258981227875,B,B,0.025
13,29,0.5712771415710449,0.2474517971277237,B,D,0.021875
13,30,0.5940065383911133,0.4130964875221252,A,D,0.021875
13,31,0.5810433626174927,0.4319058954715729,A,D,0.02265625
13,32,0.7259300351142883,0.5338465571403503,A,B,0.02578125
13,33,0.5802083015441895,0.4089239835739136,A,D,0.024739583333333332
13,34,0.5750893354415894,0.4019155502319336,A,D,0.027083333333333334
13,35,0.6788957118988037,1.2280925512313845,A,A,0.029947916666666668
13,36,0.5395684242248535,0.6450760364532471,A,C,0.026041666666666668
13,37,0.5890892744064331,0.2664963901042938,B,D,0.01953125
13,38,0.6414849162101746,0.7470868825912476,A,A,0.025
13,39,0.6018102169036865,0.4461294412612915,A,B,0.025
14,0,0.7379891872406006,1.33083176612854,A,A,0.051041666666666666
14,1,0.6634604930877686,0.3457264900207519,B,B,0.020833333333333332
14,2,0.5625762939453125,0.4343151748180389,A,D,0.021614583333333333
14,3,0.5357949137687683,0.482915461063385,A,D,0.0203125
14,4,0.5938092470169067,0.3153077065944671,B,D,0.020572916666666666
14,5,0.6068694591522217,0.8958505392074585,A,C,0.028125
14,6,0.6239478588104248,0.9522834420204164,A,A,0.030989583333333334
14,7,0.6117014288902283,0.6808844804763794,A,A,0.027864583333333335
14,8,0.6317055821418762,0.4097741544246673,A,B,0.02578125
14,9,0.5897395610809326,0.2404368817806244,B,D,0.02265625
14,10,0.6183191537857056,0.7380436062812805,A,A,0.027083333333333334
14,11,0.6149994134902954,0.6355809569358826,A,A,0.028125
14,12,0.5843117833137512,0.2842938899993896,B,D,0.023697916666666666
14,13,0.5313448309898376,0.7029391527175903,A,C,0.029947916666666668
14,14,0.561463475227356,0.2630788087844848,B,D,0.02421875
14,15,0.5909813642501831,0.3105189800262451,B,D,0.0203125
14,16,0.5877987742424011,0.3683672845363617,B,D,0.026041666666666668
14,17,0.6543241739273071,0.7828041315078735,A,A,0.022135416666666668
14,18,0.5798137187957764,0.4478077888488769,A,D,0.019791666666666666
14,19,0.5279965996742249,0.3220941126346588,B,D,0.021614583333333333
14,20,0.503456711769104,0.2302393466234207,B,D,0.022395833333333334
14,21,0.7329544425010681,0.9369553327560424,A,A,0.0296875
14,22,0.6741015911102295,0.4167907536029815,A,B,0.02578125
14,23,0.5885251760482788,0.9325917363166808,A,C,0.03463541666666667
14,24,0.7353869676589966,0.419920951128006,A,B,0.025
14,25,0.6031128764152527,0.3540234565734863,B,D,0.026822916666666665
14,26,0.6151747703552246,0.2565694749355316,B,B,0.029427083333333333
14,27,0.7309942245483398,0.5604228377342224,A,A,0.028125
14,28,0.5740559697151184,0.8072104454040527,A,C,0.02578125
14,29,0.579108476638794,0.6198232769966125,A,C,0.026302083333333334
14,30,0.6312599182128906,0.6176708340644836,A,A,0.026302083333333334
14,31,0.6658517122268677,0.6753162741661072,A,A,0.025520833333333333
14,32,0.6887001395225525,0.5862967371940613,A,A,0.030729166666666665
14,33,0.5597594380378723,0.2869932353496551,B,D,0.023177083333333334
14,34,0.5094642043113708,1.3798913955688477,A,C,0.054947916666666666
14,35,0.6749476194381714,1.2416993379592896,A,A,0.033854166666666664
14,36,0.7108399271965027,1.063728928565979,A,A,0.028125
14,37,0.6240481734275818,0.5454267263412476,A,B,0.03046875
14,38,0.6752212047576904,0.8618581295013428,A,A,0.027604166666666666
14,39,0.555709719657898,0.2434845864772796,B,D,0.0234375
15,0,0.6641490459442139,0.8779898285865784,A,A,0.031510416666666666
15,1,0.531536340713501,0.2264608889818191,B,D,0.021614583333333333
15,2,0.7201604843139648,0.9560176134109496,A,A,0.03177083333333333
15,3,0.5549248456954956,1.6617159843444824,A,C,0.0421875
15,4,0.6333817839622498,1.1606690883636477,A,A,0.04114583333333333
15,5,0.5824691653251648,1.1042193174362185,A,C,0.02734375
15,6,0.6273764371871948,0.2717383801937103,B,B,0.023697916666666666
15,7,0.6377843618392944,1.0167899131774902,A,A,0.04088541666666667
15,8,0.6129229664802551,0.3914552330970764,B,C,0.021354166666666667
15,9,0.5718251466751099,0.2479828298091888,B,D,0.021354166666666667
15,10,0.6184068918228149,0.9213854670524596,A,A,0.04583333333333333
15,11,0.5139316916465759,0.3285620212554931,B,D,0.02578125
15,12,0.6561458110809326,0.9977982044219972,A,A,0.030208333333333334
15,13,0.6570369601249695,0.3882816731929779,B,B,0.025520833333333333
15,14,0.550152063369751,0.4197208285331726,A,C,0.01796875
15,15,0.5749799013137817,0.590366005897522,A,C,0.022135416666666668
15,16,0.6059584617614746,0.2890422642230987,B,D,0.022395833333333334
15,17,0.5622925758361816,1.0670676231384275,A,C,0.03203125
15,18,0.5273447632789612,0.260545402765274,B,D,0.02265625
15,19,0.6157209873199463,0.3388992547988891,B,B,0.02265625
15,20,0.5579179525375366,0.4882199764251709,A,C,0.022916666666666665
15,21,0.6445279121398926,0.1807740628719329,B,B,0.02109375
15,22,0.6651051044464111,1.1094130277633667,A,A,0.03046875
15,23,0.5647866129875183,0.2172159999608993,B,D,0.0171875
15,24,0.5500263571739197,0.3141916394233703,B,D,0.023697916666666666
15,25,0.5684317350387573,0.379578173160553,B,D,0.023697916666666666
15,26,0.6316329836845398,0.3555111885070801,B,B,0.016145833333333335
15,27,0.6582332253456116,0.99247545003891,A,A,0.02578125
15,28,0.5527238845825195,0.1989575773477554,B,D,0.02109375
15,29,0.6186536550521851,1.329495549201965,A,A,0.03125
15,30,0.6399840116500854,1.1413404941558838,A,A,0.0203125
15,31,0.628069281578064,0.4156959056854248,A,A,0.019010416666666665
15,32,0.5309567451477051,0.1784133315086364,B,D,0.0203125
15,33,0.6854177713394165,1.2040644884109497,A,A,0.031510416666666666
15,34,0.6462746858596802,0.5369676351547241,A,A,0.025260416666666667
15,35,0.4285785853862762,0.1514960527420044,D,D,0.022916666666666665
15,36,0.7108561992645264,0.3333746790885925,B,B,0.02109375
15,37,0.5165476202964783,0.351014643907547,B,D,0.020052083333333335
15,38,0.6992505788803101,0.2758161425590515,B,B,0.018229166666666668
15,39,0.5298246145248413,0.2075620740652084,B,D,0.020052083333333335
16,0,0.5927289724349976,0.2785753309726715,B,D,0.02109375
16,1,0.6064518690109253,0.2315066158771515,B,D,0.022135416666666668
16,2,0.5235894322395325,0.5500009059906006,A,D,0.025260416666666667
16,3,0.6573822498321533,0.588694155216217,A,B,0.028385416666666666
16,4,0.5749516487121582,0.5997424125671387,A,D,0.022395833333333334
16,5,0.6238898634910583,1.533694863319397,A,A,0.038802083333333334
16,6,0.5475184917449951,0.2505552768707275,B,D,0.022395833333333334
16,7,0.5569861531257629,0.2681670784950256,B,D,0.021354166666666667
16,8,0.6502560377120972,0.3977871835231781,B,B,0.027604166666666666
16,9,0.6990761160850525,0.7058489918708801,A,A,0.021875
16,10,0.5604937076568604,0.9829299449920654,A,C,0.029427083333333333
16,11,0.6220070719718933,0.3563158810138702,B,D,0.02109375
16,12,0.6532381772994995,0.6706790924072266,A,A,0.023958333333333335
16,13,0.6148695945739746,0.698712170124054,A,C,0.022395833333333334
16,14,0.6011073589324951,2.0489132404327397,A,C,0.04401041666666667
16,15,0.6510217785835266,1.3408969640731812,A,A,0.03567708333333333
16,16,0.6301609873771667,2.769462823867798,A,A,0.05260416666666667
16,17,0.5463789701461792,0.3815310895442962,B,D,0.021354166666666667
16,18,0.5421387553215027,0.4767153561115265,A,D,0.022395833333333334
16,19,0.6519874334335327,1.2161232233047483,A,A,0.029947916666666668
16,20,0.6803860664367676,0.4770016670227051,A,B,0.023697916666666666
16,21,0.6455352306365967,0.2740243077278137,B,B,0.025260416666666667
16,22,0.6470417976379395,1.6993319988250732,A,A,0.051041666666666666
16,23,0.7210938930511475,1.3534663915634155,A,A,0.0265625
16,24,0.6411707997322083,0.4233133792877197,A,B,0.022916666666666665
16,25,0.6803371906280518,0.3547429144382477,B,B,0.02265625
16,26,0.6262169480323792,1.3502784967422483,A,A,0.050520833333333334
16,27,0.7212328314781189,3.272922992706299,A,A,0.87052001953125
16,28,0.6094928979873657,0.8446513414382935,A,C,0.0375
16,29,0.5335254669189453,0.2238638997077942,B,D,0.016927083333333332
16,30,0.7002829313278198,2.937544107437134,A,A,0.04401041666666667
16,31,0.5623278617858887,0.4498654305934906,A,D,0.02734375
16,32,0.625176191329956,0.5429102182388306,A,B,0.020052083333333335
16,33,0.5665009021759033,1.9445359706878664,A,C,0.041666666666666664
16,34,0.5252075791358948,0.2795105576515198,B,D,0.021614583333333333
16,35,0.6289669275283813,1.0507630109786987,A,A,0.03671875
16,36,0.6904225945472717,1.8010600805282593,A,A,0.05520833333333333
16,37,0.5013267993927002,0.3979793190956116,D,D,0.0203125
16,38,0.6029777526855469,1.0539312362670898,A,C,0.0234375
16,39,0.5379080772399902,0.7396641969680786,A,C,0.021614583333333333
17,0,0.631960391998291,0.9319239258766174,A,A,0.03046875
17,1,0.6801548004150391,0.8262344598770142,A,A,0.029947916666666668
17,2,0.7339503765106201,4.317211627960205,A,A,0.18645833333333334
17,3,0.7265801429748535,1.2973690032958984,A,A,0.027604166666666666
17,4,0.6378062963485718,1.318918228149414,A,A,0.026302083333333334
17,5,0.7286378145217896,1.45905601978302,A,A,0.05286458333333333
17,6,0.5368422865867615,0.2954109013080597,B,D,0.020833333333333332
17,7,0.6204507350921631,0.2113717794418335,B,D,0.022395833333333334
17,8,0.6037524938583374,1.342457890510559,A,C,0.033854166666666664
17,9,0.4243735671043396,0.1807454526424408,D,D,0.0203125
17,10,0.7230923175811768,2.2374675273895264,A,A,0.04869791666666667
17,11,0.514671802520752,0.2472263723611831,B,D,0.020052083333333335
17,12,0.5899724960327148,2.264421939849853,A,C,0.04244791666666667
17,13,0.4289429783821106,0.4189946353435516,C,D,0.026822916666666665
17,14,0.6559110879898071,0.5577704310417175,A,B,0.021875
17,15,0.6295579075813293,2.3079748153686523,A,A,0.036458333333333336
17,16,0.5772548317909241,0.2843595147132873,B,D,0.022135416666666668
17,17,0.6475481390953064,0.3624991476535797,B,B,0.020052083333333335
17,18,0.6220115423202515,0.849143385887146,A,A,0.02578125
17,19,0.6766408681869507,1.7839478254318235,A,A,0.03854166666666667
17,20,0.7250681519508362,2.6943066120147705,A,A,0.0953125
17,21,0.4612714648246765,0.1689837425947189,D,D,0.018229166666666668
17,22,0.4980751872062683,0.1798629909753799,D,D,0.01796875
17,23,0.5059234499931335,0.3139201700687408,B,D,0.029947916666666668
17,24,0.6317166090011597,0.3037205040454864,B,B,0.0203125
17,25,0.7060015201568604,1.8418335914611816,A,A,0.03333333333333333
17,26,0.5925321578979492,0.5999279618263245,A,D,0.025
17,27,0.4922939240932464,2.185901403427124,C,C,0.03515625
17,28,0.6326339244842529,0.3581394255161285,B,B,0.019791666666666666
17,29,0.561728835105896,0.1863875538110733,B,D,0.020572916666666666
17,30,0.4142899215221405,0.8795613646507263,C,C,0.0234375
17,31,0.6618785858154297,0.4761478006839752,A,B,0.025520833333333333
17,32,0.6809079647064209,0.6579104661941528,A,B,0.02421875
17,33,0.6219828128814697,1.8398163318634035,A,C,0.02890625
17,34,0.5592572689056396,0.2573116719722748,B,D,0.021614583333333333
17,35,0.7396711707115173,3.854485273361206,A,A,0.25625
17,36,0.4353825747966766,0.3314626812934875,D,D,0.025260416666666667
17,37,0.4856294691562652,0.1586881279945373,D,D,0.01875
17,38,0.6028013229370117,2.46986985206604,A,C,0.07083333333333333
17,39,0.6604193449020386,0.9026994705200196,A,A,0.0265625
18,0,0.5180339813232422,0.4054346680641174,A,D,0.02265625
18,1,0.6165447235107422,0.8474870324134827,A,C,0.025520833333333333
18,2,0.6865894198417664,0.4102325141429901,A,B,0.0234375
18,3,0.6447763442993164,0.604309618473053,A,D,0.023958333333333335
18,4,0.6211313009262085,1.714571237564087,A,C,0.05807291666666667
18,5,0.5377579927444458,0.314323216676712,B,D,0.020572916666666666
18,6,0.6951580047607422,0.8615328073501587,A,A,0.026822916666666665
18,7,0.6749315857887268,0.8634841442108154,A,A,0.028385416666666666
18,8,0.8117018938064575,1.226390361785889,A,A,0.023177083333333334
18,9,0.6451919078826904,0.329765260219574,B,D,0.02265625
18,10,0.7019988894462585,1.7913177013397217,A,A,0.035416666666666666
18,11,0.5331695079803467,0.4789820313453674,A,D,0.018489583333333334
18,12,0.6322958469390869,0.3032363653182983,B,D,0.02421875
18,13,0.6552784442901611,1.229738712310791,A,A,0.036458333333333336
18,14,0.5386298894882202,0.2043488770723343,B,D,0.019791666666666666
18,15,0.5745881795883179,0.4401728510856628,A,D,0.021875
18,16,0.5726704597473145,0.2961530089378357,B,D,0.021614583333333333
18,17,0.6744972467422485,1.873594164848328,A,A,0.04583333333333333
18,18,0.6930548548698425,1.878411054611206,A,A,0.040625
18,19,0.680046021938324,1.275079369544983,A,A,0.039322916666666666
18,20,0.636627733707428,0.9066492915153505,A,C,0.026822916666666665
18,21,0.645338773727417,0.6638947129249573,A,B,0.025520833333333333
18,22,0.7169770002365112,1.9727870225906368,A,A,0.03515625
18,23,0.7136896848678589,0.4863201379776001,A,B,0.02109375
18,24,0.6356443762779236,0.5818225145339966,A,D,0.03046875
18,25,0.6157339811325073,0.7524104118347168,A,C,0.02265625
18,26,0.5130123496055603,0.1950794905424118,B,D,0.021614583333333333
18,27,0.5315631628036499,0.1793859750032425,B,D,0.019010416666666665
18,28,0.6503688097000122,3.000405550003052,A,A,0.0515625
18,29,0.5455096960067749,0.4299110770225525,A,D,0.023177083333333334
18,30,0.5754221677780151,0.822123110294342,A,C,0.025520833333333333
18,31,0.7058117985725403,1.7056748867034912,A,A,0.03411458333333333
18,32,0.5724071264266968,0.2672747373580932,B,D,0.020572916666666666
18,33,0.7357157468795776,0.6391711235046387,A,B,0.023177083333333334
18,34,0.6784340143203735,0.2298523038625717,B,B,0.017708333333333333
18,35,0.735159695148468,1.9161909818649288,A,A,0.04609375
18,36,0.6653778553009033,1.2058292627334597,A,A,0.022916666666666665
18,37,0.6487317085266113,2.0472662448883057,A,A,0.036458333333333336
18,38,0.5317928791046143,0.3576797544956207,B,D,0.02421875
18,39,0.6703965067863464,2.215708017349243,A,A,0.04088541666666667
19,0,0.7341645956039429,2.839292287826538,A,A,0.03854166666666667
19,1,0.5650267601013184,0.2068453729152679,B,D,0.020052083333333335
19,2,0.6956766247749329,1.563332200050354,A,A,0.06432291666666666
19,3,0.4998524188995361,0.4557286202907562,C,C,0.021875
19,4,0.6336523294448853,0.3833555281162262,B,A,0.021354166666666667
19,5,0.6181732416152954,0.2532212436199188,B,B,0.019270833333333334
19,6,0.5573480725288391,0.2085469663143158,B,D,0.02265625
19,7,0.5112305879592896,0.2325900644063949,B,D,0.0203125
19,8,0.5402011275291443,0.216840386390686,B,D,0.015104166666666667
19,9,0.630959689617157,0.3238187432289123,B,B,0.023958333333333335
19,10,0.5950990915298462,0.3641049265861511,B,A,0.020052083333333335
19,11,0.4805077314376831,0.3105644583702087,D,D,0.01953125
19,12,0.5384730100631714,0.3537919521331787,B,C,0.02109375
19,13,0.6280490159988403,0.4202290773391723,A,A,0.021875
19,14,0.5199730396270752,0.2085050493478775,B,D,0.016666666666666666
19,15,0.5208503007888794,0.1845545321702957,B,D,0.019270833333333334
19,16,0.3760697841644287,0.2998329997062683,D,D,0.020572916666666666
19,17,0.524234414100647,0.2737805843353271,B,D,0.023177083333333334
19,18,0.4183979332447052,0.2808707654476166,D,D,0.021354166666666667
19,19,0.6706156134605408,0.308246374130249,B,B,0.021614583333333333
19,20,0.7399845123291016,0.9161278009414672,A,A,0.023958333333333335
19,21,0.6923982501029968,3.164236068725586,A,A,0.09036458333333333
19,22,0.6862504482269287,1.530611276626587,A,A,0.02734375
19,23,0.5804845094680786,0.9122141599655152,A,A,0.022395833333333334
19,24,0.5090050101280212,0.169557511806488,B,D,0.02109375
19,25,0.7032527923583984,0.6322038173675537,A,A,0.019010416666666665
19,26,0.5703542828559875,0.3419502973556518,B,D,0.019270833333333334
19,27,0.6522502899169922,1.8157947063446045,A,A,0.038802083333333334
19,28,0.539490818977356,0.4552832245826721,A,C,0.02734375
19,29,0.5537223219871521,0.3138601183891296,B,D,0.0234375
19,30,0.7387377023696899,2.79101037979126,A,A,0.0765625
19,31,0.7204495668411255,1.1192851066589355,A,A,0.02890625
19,32,0.5674797296524048,0.2262014895677566,B,D,0.020833333333333332
19,33,0.6816697120666504,0.6754258871078491,A,A,0.023177083333333334
19,34,0.5578927993774414,0.3181921243667602,B,D,0.01953125
19,35,0.4885832071304321,0.4695387184619903,C,C,0.022916666666666665
19,36,0.5714147090911865,0.3323760628700256,B,B,0.020833333333333332
19,37,0.0757316648960113,0.6336609125137329,C,C,0.025520833333333333
19,38,0.7372490763664246,1.6614125967025757,A,A,0.02734375
19,39,0.572564959526062,0.2253889739513397,B,B,0.01953125
20,0,0.6053606271743774,0.7480435371398926,A,A,0.025520833333333333
20,1,0.5525632500648499,0.4352264404296875,A,C,0.02421875
20,2,0.6191836595535278,2.591733455657959,A,A,0.04114583333333333
20,3,0.7226166725158691,0.7562341690063477,A,A,0.02578125
20,4,0.5478676557540894,0.2502104043960571,B,D,0.019791666666666666
20,5,0.696877121925354,0.5374730825424194,A,A,0.021354166666666667
20,6,0.6039376258850098,0.3478217124938965,B,B,0.023177083333333334
20,7,0.5369324684143066,1.9336347579956052,A,C,0.03229166666666667
20,8,0.5915910601615906,0.25639808177948,B,B,0.021354166666666667
20,9,0.6531408429145813,0.5800473093986511,A,A,0.020052083333333335
20,10,0.6280821561813354,2.8810477256774902,A,A,0.040625
20,11,0.4479982852935791,0.2686216533184051,D,D,0.0203125
20,12,0.5154899954795837,0.2145662903785705,B,D,0.021354166666666667
20,13,0.6200430989265442,0.511180579662323,A,A,0.0265625
20,14,0.5439662337303162,0.4213916957378387,A,D,0.0234375
20,15,0.6175950765609741,1.285408616065979,A,A,0.03854166666666667
20,16,0.5099778175354004,0.2008857131004333,B,D,0.019010416666666665
20,17,0.5285545587539673,0.1784597635269165,B,D,0.021354166666666667
20,18,0.5254697799682617,0.1984575241804123,B,D,0.023697916666666666
20,19,0.6827447414398193,1.54379403591156,A,A,0.03958333333333333
20,20,0.6321902275085449,0.4130285978317261,A,B,0.01953125
20,21,0.6796562671661377,2.011631488800049,A,A,0.05
20,22,0.6570144891738892,1.94614052772522,A,A,0.04453125
20,23,0.5650413036346436,0.2153251022100448,B,D,0.02265625
20,24,0.6513136625289917,0.4240269064903259,A,A,0.028125
20,25,0.5391325950622559,0.2011695057153701,B,D,0.01953125
20,26,0.5404016971588135,0.4429349899291992,A,C,0.022135416666666668
20,27,0.7301425933837891,4.770224094390869,A,A,0.10833333333333334
20,28,0.7258002161979675,0.843666136264801,A,A,0.0234375
20,29,0.5466857552528381,0.2245695143938064,B,D,0.01953125
20,30,0.5365935564041138,0.2714430093765259,B,D,0.020052083333333335
20,31,0.5079842805862427,0.2786940932273865,B,D,0.020052083333333335
20,32,0.5411475896835327,0.1796572208404541,B,D,0.019010416666666665
20,33,0.5514658093452454,0.3400014638900757,B,D,0.021614583333333333
20,34,0.5358395576477051,0.1844081729650497,B,D,0.018229166666666668
20,35,0.5943825840950012,0.4748078286647796,A,A,0.019791666666666666
20,36,0.5099165439605713,0.2344933003187179,B,D,0.022395833333333334
20,37,0.7245606780052185,1.8244045972824097,A,A,0.03177083333333333
20,38,0.5409780144691467,0.2291767448186874,B,D,0.0203125
20,39,0.7116848230361938,0.5162731409072876,A,A,0.020833333333333332
21,0,0.4508298635482788,0.1508894115686416,D,D,0.019270833333333334
21,1,0.4501476883888244,0.1365553885698318,D,D,0.017708333333333333
21,2,0.471155434846878,0.1497405618429184,D,D,0.01953125
21,3,0.5995520353317261,0.2794041037559509,B,B,0.017708333333333333
21,4,0.5351228713989258,0.2974568605422973,B,D,0.018489583333333334
21,5,0.5022627115249634,0.6831300258636475,A,C,0.0265625
21,6,0.6387786865234375,1.2872322797775269,A,A,0.02734375
21,7,0.6052582263946533,0.3021862506866455,B,A,0.02265625
21,8,0.5091063976287842,0.1631834506988525,B,D,0.020833333333333332
21,9,0.6843169927597046,1.975803017616272,A,A,0.03333333333333333
21,10,0.721662163734436,0.5869094133377075,A,A,0.025520833333333333
21,11,0.5163941383361816,0.161305695772171,B,D,0.019010416666666665
21,12,0.4575652778148651,0.4913828670978546,C,C,0.022135416666666668
21,13,0.2799338698387146,0.7454618215560913,C,C,0.025
21,14,0.6809720993041992,0.7948893904685974,A,A,0.03046875
21,15,0.4938892424106598,0.1597413718700409,D,D,0.020572916666666666
21,16,0.383996307849884,0.1501374989748001,D,D,0.017708333333333333
21,17,0.5566931962966919,0.7279634475708008,A,A,0.0234375
21,18,0.4493525326251983,0.1489031165838241,D,D,0.0203125
21,19,0.5541123747825623,0.2604174315929413,B,B,0.021354166666666667
21,20,0.7155670523643494,1.608001470565796,A,A,0.039322916666666666
21,21,0.5084331631660461,0.1724147796630859,B,D,0.021614583333333333
21,22,0.5313245058059692,0.2603833079338074,B,D,0.01640625
21,23,0.6877070665359497,0.6002104878425598,A,A,0.026302083333333334
21,24,0.4692058265209198,0.1562402546405792,D,D,0.018489583333333334
21,25,0.5789850354194641,0.3447290062904358,B,A,0.019270833333333334
21,26,0.7217798233032227,2.100181102752685,A,A,0.07213541666666666
21,27,0.5177433490753174,0.1598090529441833,B,D,0.019010416666666665
21,28,0.6933877468109131,0.3543620407581329,B,A,0.01953125
21,29,0.6889751553535461,1.9168603420257568,A,A,0.043229166666666666
21,30,0.5826566815376282,2.4130256175994877,A,A,0.057291666666666664
21,31,0.6564687490463257,0.3388686180114746,B,A,0.018489583333333334
21,32,0.5218569040298462,0.1918447017669677,B,D,0.017447916666666667
21,33,0.712355375289917,0.705940306186676,A,A,0.025260416666666667
21,34,0.5101944804191589,0.2120828479528427,B,D,0.017708333333333333
21,35,0.518133282661438,0.1578294783830642,B,D,0.020052083333333335
21,36,0.4626917839050293,0.1563393920660019,D,D,0.017447916666666667
21,37,0.5397319793701172,0.2464565187692642,B,B,0.018489583333333334
21,38,0.6378635168075562,0.6172853708267212,A,A,0.024739583333333332
21,39,0.5888174772262573,0.5023709535598755,A,A,0.0234375
22,0,0.5302315950393677,0.2172726988792419,B,D,0.018229166666666668
22,1,0.6298761963844299,0.2552104592323303,B,B,0.017708333333333333
22,2,0.7311930060386658,2.894328355789185,A,A,0.07395833333333333
22,3,0.5164275765419006,0.449866771697998,A,C,0.022395833333333334
22,4,0.4983560442924499,0.1509306281805038,D,D,0.019791666666666666
22,5,0.6400075554847717,0.4465208649635315,A,A,0.023958333333333335
22,6,0.5123925805091858,2.522536039352417,A,C,0.05807291666666667
22,7,0.5359398126602173,0.1471939831972122,B,D,0.015625
22,8,0.5592857003211975,0.3353766500949859,B,A,0.015104166666666667
22,9,0.7378538250923157,0.8032909631729126,A,A,0.021614583333333333
22,10,0.5591532588005066,0.7233694195747375,A,A,0.0265625
22,11,0.6689518094062805,0.7383386492729187,A,A,0.018489583333333334
22,12,0.4438776969909668,0.3277387022972107,D,C,0.021354166666666667
22,13,0.5621119737625122,0.2794857621192932,B,B,0.018229166666666668
22,14,0.4839062690734863,0.2419185787439346,D,D,0.019791666666666666
22,15,0.5249097347259521,0.404009073972702,A,C,0.021354166666666667
22,16,0.7016531229019165,6.219728946685791,A,A,0.08619791666666667
22,17,0.6298551559448242,0.7723325490951538,A,A,0.021614583333333333
22,18,0.6610879302024841,3.458937168121338,A,A,0.055989583333333336
22,19,0.6000590324401855,2.718752145767212,A,A,0.04296875
22,20,0.4445100128650665,0.1322592794895172,D,D,0.015104166666666667
22,21,0.5375473499298096,0.2055132687091827,B,B,0.021875
22,22,0.68805330991745,1.5680263042449951,A,A,0.0296875
22,23,0.4945719242095947,0.1624581068754196,D,D,0.022395833333333334
22,24,0.5347274541854858,0.2313568890094757,B,D,0.01796875
22,25,0.4858279824256897,0.3023490309715271,D,D,0.022135416666666668
22,26,0.4863081276416778,0.1712251007556915,D,D,0.018489583333333334
22,27,0.4670173525810241,0.1477234661579132,D,D,0.01875
22,28,0.5659172534942627,0.2896953225135803,B,B,0.020052083333333335
22,29,0.5387433767318726,0.3300503492355346,B,A,0.020052083333333335
22,30,0.670710563659668,1.5860066413879397,A,A,0.028125
22,31,0.5006304383277893,0.1368647813796997,D,D,0.017447916666666667
22,32,0.5493746399879456,0.3239644467830658,B,B,0.020572916666666666
22,33,0.5146017074584961,0.2410731613636016,B,D,0.018489583333333334
22,34,0.5063431859016418,0.1948363780975341,B,D,0.02109375
22,35,0.4058291912078857,0.2048972994089126,D,D,0.022395833333333334
22,36,0.5986336469650269,0.3372221291065216,B,A,0.022135416666666668
22,37,0.3928145170211792,0.5626212358474731,C,C,0.020833333333333332
22,38,0.7213627099990845,0.5104995965957642,A,A,0.024479166666666666
22,39,0.5048199892044067,0.1460316032171249,B,D,0.01953125
23,0,0.4994054436683655,0.1998236328363418,D,D,0.0171875
23,1,0.4876092672348022,0.2069674134254455,D,D,0.020833333333333332
23,2,0.6357468366622925,0.4621089398860931,A,B,0.020572916666666666
23,3,0.3643509745597839,0.4937647581100464,C,C,0.020052083333333335
23,4,0.6804022789001465,0.7959493398666382,A,A,0.02578125
23,5,0.5852509140968323,0.2802353799343109,B,B,0.01953125
23,6,0.4245538115501404,0.7076514363288879,C,C,0.022395833333333334
23,7,0.528828501701355,0.1467372328042984,B,D,0.022395833333333334
23,8,0.5472494959831238,1.4998836517333984,A,C,0.025520833333333333
23,9,0.7357548475265503,0.9707133769989014,A,A,0.025260416666666667
23,10,0.6511619687080383,0.4376673698425293,A,B,0.018489583333333334
23,11,0.605583667755127,0.3672260046005249,B,B,0.018489583333333334
23,12,0.5986835956573486,1.2047083377838137,A,A,0.022395833333333334
23,13,0.5339145660400391,0.405336856842041,A,D,0.0171875
23,14,0.6730508208274841,0.5440563559532166,A,A,0.01953125
23,15,0.6139408349990845,1.8033784627914429,A,A,0.030729166666666665
23,16,0.5505420565605164,0.2338645309209823,B,D,0.018229166666666668
23,17,0.7377904653549194,2.069567441940308,A,A,0.027083333333333334
23,18,0.6233289241790771,1.8293781280517576,A,A,0.05
23,19,0.5876632332801819,0.2406760603189468,B,B,0.01875
23,20,0.7202765941619873,1.4577441215515137,A,A,0.04114583333333333
23,21,0.7082967758178711,5.975017070770264,A,A,0.12109375
23,22,0.4011234641075134,0.1970665007829666,D,D,0.0203125
23,23,0.4175269603729248,0.1809642314910888,D,D,0.0203125
23,24,0.5402932167053223,0.2571664452552795,B,D,0.016666666666666666
23,25,0.5158552527427673,0.2992377877235412,B,D,0.02109375
23,26,0.4719192385673523,0.1918608397245407,D,D,0.016666666666666666
23,27,0.4144506156444549,0.2929347455501556,D,D,0.019791666666666666
23,28,0.6444597244262695,1.704699993133545,A,A,0.027604166666666666
23,29,0.6258118748664856,2.738224029541016,A,A,0.09921875
23,30,0.5943117141723633,1.7614002227783203,A,A,0.030208333333333334
23,31,0.6731417179107666,1.2547236680984497,A,A,0.026041666666666668
23,32,0.6259279251098633,2.344442129135132,A,A,0.03463541666666667
23,33,0.3019826412200928,0.6635275483131409,C,C,0.024479166666666666
23,34,0.542574942111969,0.1418424248695373,B,D,0.018229166666666668
23,35,0.4887828826904297,0.1516935676336288,D,D,0.018229166666666668
23,36,0.5502075552940369,0.4137421250343323,A,D,0.018489583333333334
23,37,0.4583063721656799,0.6780635118484497,C,C,0.021354166666666667
23,38,0.5957217216491699,1.6522631645202637,A,A,0.025520833333333333
23,39,0.5026994943618774,0.1400405317544937,B,D,0.017708333333333333
24,0,0.5338326096534729,0.227042406797409,B,D,0.018489583333333334
24,1,0.6440157890319824,0.2353814542293548,B,B,0.016927083333333332
24,2,0.5600121021270752,0.1635445356369018,B,B,0.0171875
24,3,0.4433022141456604,0.1589404940605163,D,D,0.017708333333333333
24,4,0.5259661674499512,0.2810842096805572,B,C,0.01796875
24,5,0.7303942441940308,1.7766098976135254,A,A,0.04869791666666667
24,6,0.4775733947753906,0.163645714521408,D,D,0.015885416666666666
24,7,0.4630749821662903,0.1446434408426284,D,D,0.019791666666666666
24,8,0.2805660963058471,0.3390175402164459,D,C,0.017447916666666667
24,9,0.7336792349815369,4.199698448181152,A,A,0.10442708333333334
24,10,0.7088204622268677,0.915286660194397,A,A,0.0296875
24,11,0.6963568925857544,0.7450605034828186,A,A,0.021875
24,12,0.716429591178894,1.3401129245758057,A,A,0.027604166666666666
24,13,0.6287649869918823,0.5063081383705139,A,A,0.019791666666666666
24,14,0.5390464663505554,0.2212896794080734,B,D,0.018229166666666668
24,15,0.5080569386482239,0.1671728193759918,B,D,0.016927083333333332
24,16,0.5463212728500366,0.2672126889228821,B,B,0.0171875
24,17,0.5366905927658081,0.1652973741292953,B,D,0.019270833333333334
24,18,0.7016059160232544,0.3208962380886078,B,A,0.01875
24,19,0.5315476655960083,0.1677432507276535,B,D,0.01875
24,20,0.523266077041626,0.2006124258041381,B,D,0.021354166666666667
24,21,0.5006012320518494,0.2008344233036041,D,D,0.019010416666666665
24,22,0.4539556801319122,0.1801595836877823,D,D,0.01953125
24,23,0.584118127822876,0.7165366411209106,A,A,0.021354166666666667
24,24,0.6243038177490234,1.1681236028671265,A,A,0.027604166666666666
24,25,0.5063089728355408,0.1574994325637817,B,D,0.015885416666666666
24,26,0.4764042496681213,0.1542610377073288,D,D,0.01875
24,27,0.3851095139980316,0.146893635392189,D,D,0.0171875
24,28,0.5620291829109192,0.7726351618766785,A,A,0.025260416666666667
24,29,0.6144222021102905,0.6265138983726501,A,A,0.02890625
24,30,0.5288586616516113,0.1708706021308899,B,D,0.020052083333333335
24,31,0.6917586326599121,1.3146568536758425,A,A,0.023958333333333335
24,32,0.6595783233642578,1.1444178819656372,A,A,0.020572916666666666
24,33,0.512635350227356,0.2723141610622406,B,D,0.021875
24,34,0.734847366809845,1.7713630199432373,A,A,0.0453125
24,35,0.3431702852249145,1.271980881690979,C,C,0.034375
24,36,0.5623246431350708,0.2915471792221069,B,A,0.020833333333333332
24,37,0.548292875289917,0.1636368483304977,B,B,0.01953125
24,38,0.6416124105453491,0.7330524921417236,A,A,0.03463541666666667
24,39,0.5423773527145386,0.31846684217453,B,C,0.022135416666666668
25,0,0.364575445652008,0.1913962513208389,D,D,0.015885416666666666
25,1,0.7402628660202026,5.876704216003418,A,A,0.1796875
25,2,0.433452308177948,0.1273987144231796,D,D,0.016927083333333332
25,3,0.432852566242218,0.1255320161581039,D,D,0.018489583333333334
25,4,0.5305237770080566,1.3916511535644531,A,A,0.023958333333333335
25,5,0.4857224225997925,0.158354103565216,D,B,0.017447916666666667
25,6,0.4053685963153839,0.1905498653650283,D,D,0.017447916666666667
25,7,0.6726514101028442,0.3319818675518036,B,A,0.018229166666666668
25,8,0.4072586596012115,0.1542782485485077,D,D,0.019791666666666666
25,9,0.4968585669994354,2.549115896224976,C,A,0.0421875
25,10,0.6789578795433044,0.558533787727356,A,A,0.022916666666666665
25,11,0.4789155721664428,0.1431795507669448,D,D,0.020572916666666666
25,12,0.5086653232574463,0.1653710752725601,B,B,0.016666666666666666
25,13,0.539094865322113,6.553210735321045,A,A,0.0671875
25,14,0.4416021108627319,0.136531725525856,D,D,0.017708333333333333
25,15,0.6381231546401978,0.7252761721611023,A,A,0.021354166666666667
25,16,0.5443911552429199,0.1359701454639434,B,B,0.021614583333333333
25,17,0.4722885489463806,0.2222258001565933,D,C,0.016927083333333332
25,18,0.4632409811019897,0.1644286513328552,D,D,0.016927083333333332
25,19,0.6070252656936646,0.4163490831851959,A,A,0.019270833333333334
25,20,0.7271328568458557,4.799344062805176,A,A,0.1125
25,21,0.4540275335311889,0.4476968944072723,C,C,0.019270833333333334
25,22,0.5407108664512634,0.1344744116067886,B,B,0.016927083333333332
25,23,0.4846010208129883,0.4329666495323181,C,C,0.018489583333333334
25,24,0.4620945453643799,0.1580269634723663,D,D,0.019270833333333334
25,25,0.4460408687591553,0.291626363992691,D,C,0.018489583333333334
25,26,0.4790434241294861,0.3210801482200622,D,C,0.02109375
25,27,0.546658992767334,0.4350581169128418,A,A,0.020052083333333335
25,28,0.7008309364318848,1.60039222240448,A,A,0.028645833333333332
25,29,0.5508013963699341,0.3430754542350769,B,A,0.019791666666666666
25,30,0.3965252041816711,0.155401200056076,D,D,0.016666666666666666
25,31,0.4333776533603668,0.1836956143379211,D,D,0.016666666666666666
25,32,0.4604694843292236,0.1411391645669937,D,D,0.020572916666666666
25,33,0.4442222714424133,0.9227380156517028,C,C,0.03463541666666667
25,34,0.5373480319976807,0.2425066381692886,B,A,0.016666666666666666
25,35,0.4895462989807129,0.1711551398038864,D,B,0.015364583333333333
25,36,0.4414536356925964,0.1749052256345749,D,D,0.016145833333333335
25,37,0.4835264086723327,0.1943209320306778,D,C,0.018229166666666668
25,38,0.5130931735038757,0.1568078398704528,B,B,0.019791666666666666
25,39,0.4857691824436188,0.1823812574148178,D,B,0.01953125
26,0,0.4366885721683502,0.9967115521430968,C,C,0.030989583333333334
26,1,0.5749471187591553,0.227912425994873,B,B,0.017708333333333333
26,2,0.550012469291687,0.6660357117652893,A,A,0.027083333333333334
26,3,0.4172704517841339,0.1483679264783859,D,D,0.01796875
26,4,0.5887240767478943,1.9390960931777956,A,A,0.030729166666666665
26,5,0.5370964407920837,0.2582572698593139,B,B,0.01875
26,6,0.4373223781585693,0.2121537029743194,D,D,0.016145833333333335
26,7,0.5930752158164978,0.3468664586544037,B,B,0.017708333333333333
26,8,0.6279482841491699,9.78997039794922,A,A,0.28619791666666666
26,9,0.4620190262794494,7.958147048950195,C,C,0.20625
26,10,0.5594536662101746,4.248993873596191,A,A,0.09348958333333333
26,11,0.1645136773586273,0.8305573463439941,C,C,0.018229166666666668
26,12,0.5049206018447876,0.195199579000473,B,B,0.016927083333333332
26,13,0.6767699718475342,0.5064781904220581,A,B,0.019270833333333334
26,14,0.4745593070983886,1.5768351554870603,C,C,0.03619791666666667
26,15,0.6250196695327759,0.5318178534507751,A,B,0.016145833333333335
26,16,0.6099072694778442,0.3272810876369476,B,B,0.016145833333333335
26,17,0.5294981598854065,0.5345022678375244,A,A,0.02109375
26,18,0.4498924016952514,0.1668414026498794,D,D,0.018489583333333334
26,19,0.6348987817764282,1.7556811571121216,A,A,0.03125
26,20,0.6283119916915894,0.2994342446327209,B,B,0.01640625
26,21,0.465689480304718,0.1617968678474426,D,D,0.01875
26,22,0.7235031127929688,2.768426418304444,A,A,0.052083333333333336
26,23,0.4265400171279907,0.1664925962686538,D,D,0.0203125
26,24,0.731735110282898,0.5952175259590149,A,A,0.019010416666666665
26,25,0.486607164144516,0.1529181897640228,D,D,0.016927083333333332
26,26,0.5832785367965698,1.3839656114578247,A,A,0.034375
26,27,0.4709792733192444,0.2553813755512237,D,D,0.017708333333333333
26,28,0.6050374507904053,2.1048712730407715,A,A,0.02890625
26,29,0.2962598204612732,0.6712828874588013,C,C,0.0265625
26,30,0.3380006551742553,3.027390241622925,C,C,0.03619791666666667
26,31,0.4893706440925598,0.1562527120113372,D,B,0.016145833333333335
26,32,0.4612186551094055,0.1616072952747345,D,D,0.018489583333333334
26,33,0.4438870847225189,0.1967716366052627,D,D,0.015625
26,34,0.5678656101226807,0.6965911984443665,A,A,0.021614583333333333
26,35,0.451306015253067,3.2807066440582275,C,C,0.06979166666666667
26,36,0.3858109414577484,0.359061449766159,D,D,0.0203125
26,37,0.344815582036972,0.7612035274505615,C,C,0.023177083333333334
26,38,0.4622852206230163,0.1627926230430603,D,D,0.020052083333333335
26,39,0.1715234667062759,1.015790343284607,C,C,0.020572916666666666
27,0,0.6841602921485901,0.7028812170028687,A,A,0.020052083333333335
27,1,0.1942573338747024,0.8958481550216675,C,C,0.01953125
27,2,0.4589370489120483,0.1654170155525207,D,B,0.015625
27,3,0.3181636929512024,2.0751829147338867,C,C,0.037760416666666664
27,4,0.7845526933670044,1.4587990045547483,A,A,0.022916666666666665
27,5,0.2201640903949737,3.0954511165618896,C,C,0.04375
27,6,0.4185669124126434,1.1505943536758425,C,C,0.02265625
27,7,0.3647084534168243,3.80039644241333,C,C,0.025260416666666667
27,8,0.5228853225708008,2.910264492034912,A,A,0.03854166666666667
27,9,0.4274962544441223,0.1617877334356308,D,B,0.016666666666666666
27,10,0.5907849073410034,1.245192050933838,A,A,0.02421875
27,11,0.0474271588027477,0.8106609582901001,C,C,0.021614583333333333
27,12,0.2840370535850525,2.438795804977417,C,C,0.03723958333333333
27,13,0.3730161786079407,0.1635405272245407,D,D,0.016927083333333332
27,14,0.5869230031967163,2.224311351776123,A,A,0.031510416666666666
27,15,0.3012793064117431,0.5987594723701477,C,D,0.019791666666666666
27,16,0.4318467974662781,0.1581515967845916,D,B,0.017708333333333333
27,17,0.6145813465118408,3.7261903285980233,A,A,0.04375
27,18,0.4262104034423828,0.2458314448595047,D,B,0.019010416666666665
27,19,0.3510372042655945,0.1844736486673355,D,D,0.017708333333333333
27,20,0.4512284398078918,0.1686785668134689,D,B,0.016927083333333332
27,21,0.4413938522338867,1.0666062831878662,C,A,0.020572916666666666
27,22,0.2860534489154815,5.842187404632568,C,C,0.046875
27,23,0.4184778332710266,0.17368184030056,D,D,0.016927083333333332
27,24,0.6414670944213867,0.6607015132904053,A,B,0.01796875
27,25,0.5517928600311279,0.3777504861354828,B,B,0.016666666666666666
27,26,0.4448209404945373,11.489468574523926,C,A,0.20989583333333334
27,27,0.4508042335510254,0.1607483774423599,D,B,0.01640625
27,28,0.3245199918746948,0.7693116664886475,C,C,0.026302083333333334
27,29,0.4484629929065704,0.2548495233058929,D,B,0.018229166666666668
27,30,0.2752430140972137,0.5288035273551941,C,D,0.0203125
27,31,0.3676322698593139,0.1952971965074539,D,D,0.017447916666666667
27,32,0.3992058038711548,0.1401055455207824,D,D,0.017447916666666667
27,33,0.5813895463943481,0.6846762299537659,A,B,0.020572916666666666
27,34,0.3977606296539306,2.315958976745605,C,C,0.027864583333333335
27,35,0.3928547501564026,4.977721214294434,C,C,0.03619791666666667
27,36,0.4310468733310699,0.1618441343307495,D,B,0.020052083333333335
27,37,0.3993652760982513,0.1865202635526657,D,D,0.020052083333333335
27,38,0.2730251252651214,0.8024682998657227,C,C,0.027864583333333335
27,39,0.4777975082397461,0.1815552115440368,D,B,0.017447916666666667
28,0,0.6348403096199036,1.0083317756652832,A,A,0.020833333333333332
28,1,0.4528989195823669,0.4217280745506286,C,A,0.018489583333333334
28,2,0.4184733629226684,0.1699784994125366,D,B,0.015364583333333333
28,3,0.4446642100811004,0.1734775602817535,D,B,0.019010416666666665
28,4,0.1573537588119506,3.5622830390930176,C,C,0.04453125
28,5,0.2493412047624588,0.7378925085067749,C,C,0.019270833333333334
28,6,0.3958417773246765,0.1672829687595367,D,D,0.01640625
28,7,0.4058694243431091,0.2352987378835678,D,D,0.01796875
28,8,0.6636715531349182,0.6448554396629333,A,A,0.020833333333333332
28,9,0.6088641881942749,0.3906393349170685,B,A,0.016666666666666666
28,10,0.4829619228839874,0.1697050482034683,D,B,0.017447916666666667
28,11,0.675287127494812,2.152909994125366,A,A,0.03046875
28,12,0.2497443556785583,1.2463905811309814,C,C,0.03229166666666667
28,13,0.4947493076324463,0.246540755033493,D,B,0.017447916666666667
28,14,0.6342778205871582,0.6015817523002625,A,A,0.020052083333333335
28,15,0.3670932054519653,2.947806596755981,C,C,0.03619791666666667
28,16,0.4110602140426636,0.1938760578632354,D,D,0.015625
28,17,0.2178523689508438,2.888432025909424,C,C,0.027864583333333335
28,18,0.5045459270477295,0.3892381191253662,B,B,0.020052083333333335
28,19,0.6087391376495361,0.4915646612644195,A,A,0.0171875
28,20,0.4281876683235168,0.1901861876249313,D,B,0.016145833333333335
28,21,0.2725270986557007,0.4714219868183136,C,C,0.01796875
28,22,0.3216223120689392,0.1925824284553527,D,D,0.018229166666666668
28,23,0.5382189154624939,0.2685425579547882,B,B,0.016666666666666666
28,24,0.3386175036430359,0.1707054227590561,D,D,0.013802083333333333
28,25,0.2255107760429382,7.197656154632568,C,C,0.04453125
28,26,0.4476577937602997,0.2223790436983108,D,B,0.01796875
28,27,0.4097083508968353,0.1695796102285385,D,D,0.01640625
28,28,0.4453188180923462,0.2237966358661651,D,B,0.01640625
28,29,0.4030577540397644,0.1903273165225982,D,D,0.018489583333333334
28,30,0.4044883847236633,1.7047841548919678,C,C,0.04010416666666667
28,31,0.2564093768596649,0.3680148422718048,D,D,0.014322916666666666
28,32,0.4732280373573303,0.1764857769012451,D,B,0.017447916666666667
28,33,0.3866420388221741,5.467799186706543,C,C,0.08203125
28,34,0.1892735362052917,0.9756556749343872,C,C,0.019791666666666666
28,35,0.1213289201259613,3.814445734024048,C,C,0.033854166666666664
28,36,0.4843681454658508,0.1735079288482666,D,B,0.016145833333333335
28,37,0.3092010021209717,4.779618263244629,C,C,0.07447916666666667
28,38,0.5204672813415527,0.2487330734729766,B,B,0.013541666666666667
28,39,0.5043950080871582,0.7975054979324341,A,A,0.022916666666666665
29,0,0.4565997719764709,0.1915054768323898,D,B,0.016927083333333332
29,1,0.2916964292526245,0.2492688298225402,D,D,0.016145833333333335
29,2,0.5726533532142639,0.4649281203746795,A,A,0.018489583333333334
29,3,0.370072990655899,0.4981695413589477,C,C,0.01796875
29,4,0.2919501066207886,0.3112477958202362,D,D,0.01875
29,5,0.2419258654117584,1.30213463306427,C,C,0.04296875
29,6,0.4938218593597412,0.2856566309928894,D,B,0.018229166666666668
29,7,0.2043259739875793,1.3330429792404177,C,C,0.0390625
29,8,0.3318796753883362,12.415236473083496,C,C,0.2515625
29,9,0.2436025142669677,0.3839387595653534,D,D,0.01953125
29,10,0.387490302324295,0.2305327206850052,D,D,0.017447916666666667
29,11,0.4711514115333557,0.6377928256988525,C,A,0.015625
29,12,0.3832629323005676,0.1901052594184875,D,D,0.017447916666666667
29,13,0.4391849339008331,0.4233090281486511,C,A,0.017708333333333333
29,14,0.0866559743881225,3.5994346141815186,C,C,0.0296875
29,15,0.2219644337892532,0.5755172371864319,C,C,0.013020833333333334
29,16,0.5454373955726624,0.2992205321788788,B,B,0.016666666666666666
29,17,0.4669322073459625,0.194464311003685,D,B,0.012760416666666666
29,18,0.4568436443805694,0.2064179480075836,D,B,0.015364583333333333
29,19,0.6390269994735718,2.0792932510375977,A,A,0.0203125
29,20,0.4236146211624145,0.2214989960193634,D,B,0.016666666666666666
29,21,0.4016717076301574,0.2328508496284485,D,D,0.015104166666666667
29,22,0.4391610026359558,0.1821678280830383,D,B,0.01328125
29,23,0.4809107184410095,0.4067936241626739,C,B,0.015364583333333333
29,24,0.3806802034378052,1.2137601375579834,C,C,0.023177083333333334
29,25,0.4098077416419983,0.1831870973110199,D,B,0.013802083333333333
29,26,0.6311113834381104,0.910675883293152,A,A,0.017708333333333333
29,27,0.4195593595504761,0.1804929673671722,D,B,0.01328125
29,28,0.5739686489105225,0.6363723278045654,A,A,0.013541666666666667
29,29,0.1231117248535156,2.1482856273651123,C,C,0.02578125
29,30,0.1258601248264312,2.636507749557495,C,C,0.023177083333333334
29,31,0.4977481365203857,0.198924720287323,D,B,0.01328125
29,32,0.101621389389038,1.7861567735671997,C,C,0.01953125
29,33,0.5282061100006104,0.4074950516223907,A,A,0.0140625
29,34,0.5043129920959473,0.4875276684761047,A,A,0.017447916666666667
29,35,0.4261580109596252,0.1829653233289718,D,B,0.01640625
29,36,0.1062301397323608,2.3951528072357178,C,C,0.02109375
29,37,0.4022898375988006,0.3246313333511352,D,D,0.016666666666666666
29,38,0.2882853150367737,0.2932621240615845,D,D,0.018489583333333334
29,39,0.2537738680839538,4.154782295227051,C,C,0.0546875
30,0,0.4032347202301025,0.8758260607719421,C,A,0.01484375
30,1,0.1505598872900009,0.322109967470169,D,D,0.0125
30,2,0.3293865323066711,0.3287711143493652,D,D,0.016666666666666666
30,3,0.1450444459915161,2.821940660476685,C,C,0.023697916666666666
30,4,0.3984342515468597,0.2201877385377884,D,B,0.013541666666666667
30,5,0.2090297043323516,0.2343305498361587,D,D,0.01484375
30,6,0.149678349494934,0.8888126015663147,C,C,0.024739583333333332
30,7,0.3853076696395874,0.2492896914482116,D,B,0.0171875
30,8,0.6200854778289795,2.7825210094451904,A,A,0.030208333333333334
30,9,0.4311195611953735,0.1712537258863449,D,B,0.01640625
30,10,0.4423160254955292,0.1770710349082946,D,B,0.017447916666666667
30,11,0.5070914030075073,0.3140113949775696,B,B,0.017447916666666667
30,12,0.3619512319564819,0.2820028960704803,D,D,0.01484375
30,13,0.3713628053665161,0.8586985468864441,C,A,0.014322916666666666
30,14,0.462096095085144,0.8396317362785339,C,A,0.018489583333333334
30,15,0.6120293736457825,0.8114556074142456,A,A,0.01796875
30,16,0.3968287706375122,0.2124806344509124,D,B,0.014583333333333334
30,17,0.1258341372013092,2.5709500312805176,C,C,0.0265625
30,18,0.4432867765426636,9.03656768798828,C,A,0.19505208333333332
30,19,0.4371458888053894,0.1920095086097717,D,B,0.015885416666666666
30,20,0.2385765016078949,0.7312070727348328,C,C,0.015104166666666667
30,21,0.1509422063827514,1.909457802772522,C,C,0.019791666666666666
30,22,0.1914496421813964,1.069245457649231,C,C,0.01953125
30,23,0.4269734025001526,0.964266836643219,C,A,0.01796875
30,24,0.3606813251972198,0.1809267997741699,D,D,0.01640625
30,25,0.383959412574768,0.2669525146484375,D,B,0.018229166666666668
30,26,0.0910060927271843,3.717326641082764,C,C,0.03125
30,27,0.3273585438728332,0.6787741780281067,C,C,0.01796875
30,28,0.3687227666378021,0.2922765612602234,D,D,0.015625
30,29,0.3285760581493377,0.1781610697507858,D,D,0.016927083333333332
30,30,0.3896851539611816,0.3431364893913269,D,B,0.014322916666666666
30,31,0.0624329075217247,2.236491203308105,C,C,0.021614583333333333
30,32,0.0674921572208404,2.848723888397217,C,C,0.027864583333333335
30,33,0.4406236410140991,0.1711816936731338,D,B,0.015885416666666666
30,34,0.2781931161880493,0.2265668660402298,D,D,0.015885416666666666
30,35,0.5432133674621582,0.3572598397731781,B,B,0.014583333333333334
30,36,0.5603034496307373,0.9045919179916382,A,A,0.018489583333333334
30,37,0.5429390072822571,2.490030527114868,A,A,0.06484375
30,38,0.2528640031814575,1.9479182958602903,C,C,0.029166666666666667
30,39,0.149167850613594,0.3556000590324402,D,D,0.020052083333333335
31,0,0.354727953672409,0.4031025469303131,C,C,0.01171875
31,1,0.3866028785705566,8.609992027282715,C,C,0.17317708333333334
31,2,0.5707955360412598,0.8562343120574951,A,A,0.01796875
31,3,0.149167001247406,1.798103928565979,C,C,0.03229166666666667
31,4,0.1979646980762481,0.5427321195602417,C,C,0.016927083333333332
31,5,0.4243638515472412,0.1723344624042511,D,B,0.013020833333333334
31,6,0.3003162741661072,0.5463613271713257,C,C,0.01796875
31,7,0.3784946799278259,0.2024308890104293,D,D,0.01484375
31,8,0.5391073822975159,0.5574381947517395,A,A,0.01484375
31,9,0.3814736306667328,0.2462165802717209,D,D,0.016927083333333332
31,10,0.4830344915390014,0.2122858762741089,D,B,0.0125
31,11,0.464826226234436,0.1976691782474517,D,B,0.015885416666666666
31,12,0.3607056736946106,0.3611119091510772,D,C,0.01875
31,13,0.4129083454608917,0.1859970837831497,D,B,0.013802083333333333
31,14,0.3927914500236511,0.1939201354980468,D,B,0.016145833333333335
31,15,0.4634402990341186,0.1737872809171676,D,B,0.0125
31,16,0.1907711327075958,0.6682364344596863,C,C,0.0171875
31,17,0.4876441955566406,0.7071856260299683,C,A,0.015104166666666667
31,18,0.1274692714214325,2.1911754608154297,C,C,0.05416666666666667
31,19,0.3792101740837097,0.2012200355529785,D,D,0.013020833333333334
31,20,0.4345757365226745,0.2017320990562439,D,B,0.013020833333333334
31,21,0.4208037853240967,1.0512608289718628,C,A,0.01875
31,22,0.3986502289772033,0.1878786236047744,D,B,0.013541666666666667
31,23,0.3810722529888153,0.1952108293771743,D,D,0.015104166666666667
31,24,0.1392376273870468,1.491557478904724,C,C,0.023697916666666666
31,25,0.2638017833232879,0.5905217528343201,C,C,0.02578125
31,26,0.4029099345207214,0.1895931959152221,D,B,0.015885416666666666
31,27,0.3943092823028564,0.2389719784259796,D,B,0.0171875
31,28,0.3076539933681488,0.2351572215557098,D,D,0.015364583333333333
31,29,0.2012556791305542,7.353632926940918,C,C,0.13489583333333333
31,30,0.0436479225754737,2.4915595054626465,C,C,0.0265625
31,31,0.4049473404884338,0.1944877356290817,D,B,0.012760416666666666
31,32,0.4742982983589172,0.1570748686790466,D,B,0.01328125
31,33,0.4074445366859436,0.2231711894273758,D,B,0.011458333333333333
31,34,0.3996056318283081,0.1817123293876648,D,B,0.012760416666666666
31,35,0.4234234690666199,0.2039537131786346,D,B,0.015885416666666666
31,36,0.3297229707241058,0.4653196334838867,C,C,0.015104166666666667
31,37,0.1633351296186447,1.76146137714386,C,C,0.023958333333333335
31,38,0.4832832813262939,1.4079046249389648,C,A,0.025260416666666667
31,39,0.1327805668115615,2.655823945999145,C,C,0.029166666666666667
32,0,0.52178555727005,1.3251445293426514,A,A,0.021354166666666667
32,1,0.4278272986412048,0.8211116194725037,C,A,0.013802083333333333
32,2,0.4455822706222534,0.2090338170528412,D,B,0.013541666666666667
32,3,0.4148645997047424,0.2449956238269806,D,D,0.016145833333333335
32,4,0.4768498539924621,0.1795202046632766,D,B,0.013541666666666667
32,5,0.6036033034324646,1.6540929079055786,A,A,0.02109375
32,6,0.3908215165138244,0.1988876163959503,D,D,0.017447916666666667
32,7,0.405762255191803,0.2340253442525863,D,D,0.016927083333333332
32,8,0.4184441566467285,0.2585951685905456,D,D,0.013020833333333334
32,9,0.4571253657341003,0.2160848975181579,D,B,0.014322916666666666
32,10,0.3803964257240295,0.1993290334939956,D,D,0.013020833333333334
32,11,0.438595175743103,0.2171590477228164,D,B,0.013802083333333333
32,12,0.0576780065894126,2.657960891723633,C,C,0.023177083333333334
32,13,0.1710417568683624,1.2250155210494995,C,C,0.026041666666666668
32,14,0.2968060970306396,2.1449639797210693,C,C,0.02265625
32,15,0.5565043687820435,0.380141019821167,B,A,0.0171875
32,16,0.3568684458732605,0.6065028309822083,C,C,0.02265625
32,17,0.565240204334259,0.3151125311851501,B,A,0.0140625
32,18,0.0923729687929153,2.657699584960937,C,C,0.022916666666666665
32,19,0.4680312275886535,0.7164514064788818,C,A,0.034895833333333334
32,20,0.4345395863056183,0.4110360443592071,C,A,0.018229166666666668
32,21,0.0991026759147644,1.5190613269805908,C,C,0.01953125
32,22,0.4746075868606567,0.8843541741371155,C,A,0.028645833333333332
32,23,0.4255838394165039,0.2896507084369659,D,B,0.016927083333333332
32,24,0.4429483115673065,0.2739695906639099,D,B,0.01328125
32,25,0.417609691619873,0.2089357674121856,D,D,0.009895833333333333
32,26,0.5436471700668335,0.3649760782718658,B,A,0.019010416666666665
32,27,0.4424499273300171,0.205953910946846,D,B,0.012760416666666666
32,28,0.3615266680717468,0.307530790567398,D,C,0.0125
32,29,0.3224076628684997,0.5788623094558716,C,C,0.013802083333333333
32,30,0.4479207396507263,0.2032248973846435,D,B,0.016666666666666666
32,31,0.4207267165184021,0.2387614697217941,D,D,0.013020833333333334
32,32,0.4502697587013244,0.2368578016757965,D,B,0.013020833333333334
32,33,0.3857832849025726,0.2134420275688171,D,D,0.014583333333333334
32,34,0.4237968623638153,0.2123461216688156,D,B,0.015364583333333333
32,35,0.2173580527305603,4.637570858001709,C,C,0.046614583333333334
32,36,0.1441199481487274,2.1977555751800537,C,C,0.026302083333333334
32,37,0.2721992135047912,0.8498261570930481,C,C,0.01640625
32,38,0.5109169483184814,0.2691143751144409,B,B,0.016145833333333335
32,39,0.3766753077507019,0.2124485820531845,D,D,0.013802083333333333
33,0,0.4217599630355835,0.22484090924263,D,B,0.012239583333333333
33,1,0.0943153500556945,1.4776835441589355,C,C,0.020052083333333335
33,2,0.3981145024299621,0.1940630674362182,D,B,0.014583333333333334
33,3,0.1487668752670288,4.976986885070801,C,C,0.0484375
33,4,0.5451726913452148,1.4260765314102173,A,A,0.0234375
33,5,0.3276457786560058,3.7482872009277344,C,C,0.07239583333333334
33,6,0.4013661742210388,0.2341208308935165,D,B,0.01640625
33,7,0.343178391456604,0.1884649991989135,D,D,0.012760416666666666
33,8,0.4332643747329712,0.2085120975971222,D,B,0.014583333333333334
33,9,0.0739670246839523,0.3907831311225891,D,C,0.017447916666666667
33,10,0.5455583333969116,1.4380378723144531,A,A,0.026822916666666665
33,11,0.3851667642593384,0.2803175747394562,D,D,0.017447916666666667
33,12,0.4232379794120788,0.2061678022146225,D,B,0.011979166666666667
33,13,0.510995626449585,0.9342069029808044,A,A,0.01953125
33,14,0.2213564962148666,1.8614321947097776,C,C,0.07473958333333333
33,15,0.4167598485946655,0.3134152293205261,D,A,0.015625
33,16,0.1268690377473831,1.596174955368042,C,C,0.025260416666666667
33,17,0.4166827201843261,0.3034307658672333,D,B,0.01171875
33,18,0.3543862700462341,0.2364891767501831,D,D,0.011979166666666667
33,19,0.3256734311580658,0.1987714916467666,D,D,0.011197916666666667
33,20,0.3913084268569946,0.2358819395303726,D,B,0.0109375
33,21,0.4023008048534393,0.1927093565464019,D,B,0.01484375
33,22,0.2321495562791824,0.3511856496334076,D,C,0.015625
33,23,0.162298634648323,1.025789499282837,C,C,0.026302083333333334
33,24,0.40976482629776,0.4502284228801727,C,A,0.014322916666666666
33,25,0.4732804000377655,0.207412987947464,D,B,0.013802083333333333
33,26,0.1085337549448013,0.7200493216514587,C,C,0.020052083333333335
33,27,0.3773148655891418,0.2138093709945678,D,D,0.014583333333333334
33,28,0.3876165449619293,0.2779814302921295,D,D,0.01484375
33,29,0.5254826545715332,0.9861587882041932,A,A,0.018229166666666668
33,30,0.3683831691741943,6.986302852630615,C,C,0.0828125
33,31,0.5079689621925354,2.347526788711548,A,A,0.033854166666666664
33,32,0.3494446277618408,0.1930943131446838,D,D,0.013802083333333333
33,33,0.4172914624214172,0.2153732031583786,D,B,0.0140625
33,34,0.4463902711868286,0.2149762511253357,D,B,0.01171875
33,35,0.2934318780899048,0.5884844660758972,C,C,0.01953125
33,36,0.4284425675868988,0.3348014950752258,D,A,0.0140625
33,37,0.2284904271364212,0.2940124571323395,D,D,0.014583333333333334
33,38,0.4640506505966186,0.9580077528953552,C,A,0.021614583333333333
33,39,0.1707474589347839,0.3019640445709228,D,D,0.015364583333333333
34,0,0.3627751767635345,1.06905996799469,C,C,0.020052083333333335
34,1,0.296255350112915,0.2194041013717651,D,D,0.01484375
34,2,0.5057293176651001,0.7048295140266418,A,A,0.016927083333333332
34,3,0.538080632686615,0.3991034924983978,B,B,0.013541666666666667
34,4,0.3692231178283691,0.2122415006160736,D,D,0.015104166666666667
34,5,0.3699679374694824,0.2138817310333252,D,D,0.013541666666666667
34,6,0.2811789512634277,0.3105523884296417,D,D,0.014322916666666666
34,7,0.4371324777603149,0.2284412235021591,D,B,0.013020833333333334
34,8,0.3815722167491913,0.9792845845222472,C,A,0.025520833333333333
34,9,0.3295152187347412,2.075770616531372,C,C,0.0375
34,10,0.0894118919968605,5.900243282318115,C,C,0.075
34,11,0.0543882176280021,6.574833869934082,C,C,0.08203125
34,12,0.0743006318807601,1.93639612197876,C,C,0.0171875
34,13,0.2622754573822021,0.437356024980545,C,C,0.013020833333333334
34,14,0.4851928055286407,0.4185655117034912,C,B,0.018229166666666668
34,15,0.1635789722204208,3.734253883361816,C,C,0.03411458333333333
34,16,0.3454256057739258,0.2154949605464935,D,D,0.015104166666666667
34,17,0.1930073052644729,1.4293513298034668,C,C,0.03359375
34,18,0.3536049425601959,0.2116622775793075,D,D,0.015625
34,19,0.6184133291244507,0.5273941159248352,A,A,0.020572916666666666
34,20,0.5680161714553833,9.88059902191162,A,A,0.3984375
34,21,0.5588139891624451,1.9550375938415527,A,A,0.045572916666666664
34,22,0.1874813437461853,5.254090785980225,C,C,0.05677083333333333
34,23,0.4499658346176147,0.2256838977336883,D,B,0.013541666666666667
34,24,0.5906461477279663,6.393044471740723,A,A,0.19947916666666668
34,25,0.3688867092132568,0.2258709967136383,D,D,0.015625
34,26,0.4574570059776306,0.2678123116493225,D,B,0.015104166666666667
34,27,0.44624063372612,1.0821295976638794,C,A,0.027864583333333335
34,28,0.0501585230231285,1.2311315536499023,C,C,0.015885416666666666
34,29,0.3688371777534485,0.2354300767183303,D,D,0.012760416666666666
34,30,0.5248626470565796,0.3341559767723083,B,B,0.017447916666666667
34,31,0.0813858956098556,4.906068325042725,C,C,0.07057291666666667
34,32,0.3936055302619934,0.2305479496717453,D,B,0.013020833333333334
34,33,0.6215464472770691,2.899115085601806,A,A,0.13854166666666667
34,34,0.4930678606033325,0.3851490020751953,D,B,0.01875
34,35,0.3597263097763061,6.512517929077148,C,C,0.3502604166666667
34,36,0.3961048126220703,0.2304622083902359,D,B,0.014583333333333334
34,37,0.4899355471134186,0.423601746559143,C,B,0.013020833333333334
34,38,0.3884411752223968,0.2174051105976104,D,B,0.013020833333333334
34,39,0.3895004689693451,0.2109063863754272,D,B,0.013802083333333333
35,0,0.3429778814315796,0.720929741859436,C,C,0.02265625
35,1,0.2697036266326904,2.486288070678711,C,C,0.025260416666666667
35,2,0.3263240754604339,0.2637621760368347,D,D,0.0140625
35,3,0.3611160516738891,0.5127870440483093,C,C,0.03307291666666667
35,4,0.3047090768814087,5.005285739898682,C,C,0.04010416666666667
35,5,0.4364652037620544,2.362199068069458,C,A,0.02421875
35,6,0.3115215897560119,0.2297595143318176,D,D,0.011458333333333333
35,7,0.4393249154090881,0.257864385843277,D,B,0.012760416666666666
35,8,0.4306325316429138,0.51703941822052,C,A,0.019010416666666665
35,9,0.2154749929904937,1.4478121995925903,C,C,0.035416666666666666
35,10,0.0999663472175598,1.518590211868286,C,C,0.01875
35,11,0.3928434252738952,0.2596992254257202,D,B,0.012239583333333333
35,12,0.1516589671373367,4.240203380584717,C,C,0.035416666666666666
35,13,0.2981815040111542,0.2310353070497512,D,D,0.0125
35,14,0.3764229118824005,0.3450699746608734,D,B,0.0140625
35,15,0.2823526263236999,0.2344215512275695,D,D,0.01328125
35,16,0.197577491402626,2.107618570327759,C,C,0.036458333333333336
35,17,0.4336593747138977,0.2387262433767318,D,B,0.010416666666666666
35,18,0.3703088760375976,0.2667169570922851,D,B,0.015885416666666666
35,19,0.3700185716152191,0.3765194714069366,D,B,0.013802083333333333
35,20,0.3744099140167236,0.2513046264648437,D,B,0.011979166666666667
35,21,0.4088239371776581,0.2255999743938446,D,B,0.010416666666666666
35,22,0.3689268827438354,0.2450069040060043,D,B,0.010677083333333334
35,23,0.3766241669654846,0.2558123469352722,D,B,0.01328125
35,24,0.2178069651126861,1.264880657196045,C,C,0.01484375
35,25,0.4804955124855041,0.3873109519481659,D,B,0.015885416666666666
35,26,0.3553160429000854,0.2384597659111023,D,D,0.01171875
35,27,0.3383034467697143,0.8083743453025818,C,C,0.01640625
35,28,0.3777933716773987,0.2850761413574219,D,B,0.014583333333333334
35,29,0.1450874805450439,0.8561121225357056,C,C,0.013541666666666667
35,30,0.5015116333961487,1.3790535926818848,C,A,0.025260416666666667
35,31,0.461883544921875,0.4706806540489197,C,A,0.01484375
35,32,0.2635799050331116,0.2653000950813293,D,D,0.011458333333333333
35,33,0.3122082948684692,2.9209485054016118,C,C,0.029947916666666668
35,34,0.4101371765136719,0.3821408748626709,D,B,0.01171875
35,35,0.3863879442214966,2.015746831893921,C,A,0.021614583333333333
35,36,0.1500704437494278,2.2355716228485107,C,C,0.022916666666666665
35,37,0.2272647619247436,6.37954568862915,C,C,0.05911458333333333
35,38,0.4376134872436523,0.2533563673496246,D,B,0.015885416666666666
35,39,0.4343168139457702,0.7491124868392944,C,A,0.014583333333333334
36,0,0.3204652667045593,0.2506758868694305,D,D,0.009895833333333333
36,1,0.4284158647060394,4.049043655395508,C,A,0.0421875
36,2,0.112211525440216,0.3430157601833343,D,C,0.013020833333333334
36,3,0.4072070717811584,0.2683165371417999,D,B,0.0109375
36,4,0.3280825614929199,0.2645264267921448,D,D,0.012760416666666666
36,5,0.4152785837650299,0.3380912542343139,D,B,0.013541666666666667
36,6,0.3801395893096924,0.3509770631790161,D,A,0.013802083333333333
36,7,0.4136121273040771,0.2700496315956116,D,B,0.011458333333333333
36,8,0.2480947971343994,0.7779117822647095,C,C,0.022916666666666665
36,9,0.3594909310340881,0.2570087313652038,D,B,0.010677083333333334
36,10,0.3394259214401245,0.2677715420722961,D,D,0.010416666666666666
36,11,0.0794951915740966,3.037778615951538,C,C,0.0453125
36,12,0.4032655358314514,0.2744446992874145,D,B,0.013541666666666667
36,13,0.2089140117168426,0.45345339179039,C,C,0.014322916666666666
36,14,0.2724106609821319,0.2812205255031585,D,D,0.01015625
36,15,0.3366183042526245,0.5699076652526855,C,C,0.015885416666666666
36,16,0.1211368441581726,2.743196487426758,C,C,0.03203125
36,17,0.3810940384864807,2.0012612342834477,C,A,0.01953125
36,18,0.3745770454406738,0.7031078934669495,C,A,0.023177083333333334
36,19,0.2507283389568329,1.3510336875915527,C,C,0.04869791666666667
36,20,0.3282214403152466,0.2526462078094482,D,D,0.009635416666666667
36,21,0.3421074151992798,0.9765661358833312,C,C,0.018489583333333334
36,22,0.339680016040802,0.3282516002655029,D,D,0.015885416666666666
36,23,0.4298447668552398,0.9081103205680848,C,A,0.01796875
36,24,0.3681590557098388,0.2568849921226501,D,B,0.010416666666666666
36,25,0.4196617007255554,3.0933938026428223,C,A,0.03984375
36,26,0.3490217626094818,0.3881954848766327,D,C,0.012239583333333333
36,27,0.3579097986221313,0.2473679035902023,D,D,0.010677083333333334
36,28,0.3727523684501648,1.4165390729904177,C,A,0.029947916666666668
36,29,0.3585932850837707,0.2452459186315536,D,B,0.0109375
36,30,0.286340057849884,0.2672391533851623,D,D,0.009635416666666667
36,31,0.3655080199241638,0.253061443567276,D,B,0.011979166666666667
36,32,0.2906253933906555,0.2555724084377289,D,D,0.010416666666666666
36,33,0.4872367084026336,4.629606246948242,C,A,0.08125
36,34,0.4231187105178833,0.2683327198028564,D,B,0.0140625
36,35,0.3563034534454345,4.365261554718018,C,C,0.06901041666666667
36,36,0.4713128805160522,0.3049259781837463,D,B,0.010677083333333334
36,37,0.4266796410083771,0.4005784392356872,D,A,0.013020833333333334
36,38,0.4159457385540008,0.2491565346717834,D,B,0.01171875
36,39,0.0497591346502304,3.823829889297485,C,C,0.03229166666666667
37,0,0.326657235622406,0.2973577678203583,D,D,0.01171875
37,1,0.3668107688426971,0.7487643361091614,C,C,0.015104166666666667
37,2,0.3192266225814819,0.3779221177101135,D,D,0.012760416666666666
37,3,0.3739375174045563,0.269885778427124,D,B,0.011197916666666667
37,4,0.4230996966361999,2.9127657413482666,C,A,0.05260416666666667
37,5,0.4020430743694305,0.2704255580902099,D,B,0.009635416666666667
37,6,0.4096989631652832,0.2878154218196869,D,B,0.009375
37,7,0.246031105518341,0.9344119429588318,C,C,0.020833333333333332
37,8,0.4352222084999084,2.3748624324798584,C,A,0.030989583333333334
37,9,0.3700677156448364,0.2671882510185241,D,B,0.008854166666666666
37,10,0.1985633075237274,0.5704973340034485,C,C,0.0140625
37,11,0.4026932120323181,0.4023385047912597,C,B,0.018489583333333334
37,12,0.5146442651748657,0.4546801447868347,A,A,0.0109375
37,13,0.1707677841186523,7.38560676574707,C,C,0.12552083333333333
37,14,0.3750953674316406,0.2591748237609863,D,B,0.008854166666666666
37,15,0.3679289221763611,0.2927362024784088,D,B,0.0140625
37,16,0.5132086873054504,4.543607711791992,A,A,0.08619791666666667
37,17,0.3545883595943451,0.3335664272308349,D,D,0.009895833333333333
37,18,0.0770498365163803,6.277840614318848,C,C,0.06614583333333333
37,19,0.3486342430114746,1.755214810371399,C,C,0.02265625
37,20,0.3392215967178345,11.59714698791504,C,C,0.3111979166666667
37,21,0.2871782183647156,4.775766372680664,C,C,0.0484375
37,22,0.4917358160018921,0.4507376849651336,C,A,0.016145833333333335
37,23,0.492955207824707,0.3985374271869659,D,B,0.016145833333333335
37,24,0.2720749676227569,0.3052043318748474,D,D,0.010677083333333334
37,25,0.4943194985389709,0.7000582814216614,C,A,0.02734375
37,26,0.3710296154022217,1.2514866590499878,C,A,0.06328125
37,27,0.536715030670166,3.777909755706787,A,A,0.032552083333333336
37,28,0.3249620497226715,0.2859568297863006,D,D,0.00625
37,29,0.3492799401283264,0.2868461012840271,D,D,0.009114583333333334
37,30,0.3620989322662353,0.3731992244720459,D,D,0.0125
37,31,0.5132664442062378,0.2263032048940658,B,B,0.009895833333333333
37,32,0.3586743772029876,0.2685882747173309,D,D,0.011458333333333333
37,33,0.3660823106765747,0.2708215117454529,D,D,0.010677083333333334
37,34,0.4209750294685364,0.4681470692157745,C,A,0.02265625
37,35,0.4528761208057403,0.5563085675239563,C,A,0.02109375
37,36,0.2796789705753326,3.011998653411865,C,C,0.03723958333333333
37,37,0.3316644728183746,0.2755068242549896,D,D,0.008854166666666666
37,38,0.2079651653766632,0.416657954454422,C,C,0.015885416666666666
37,39,0.4176555871963501,0.3566879034042358,D,B,0.012760416666666666
38,0,0.3293910026550293,0.7220015525817871,C,C,0.00859375
38,1,0.4907861351966858,3.018625974655152,C,A,0.028125
38,2,0.2148503512144088,0.222708597779274,D,D,0.0078125
38,3,0.3787297010421753,0.520385205745697,C,B,0.009114583333333334
38,4,0.4432835280895233,4.707653522491455,C,A,0.026041666666666668
38,5,0.4287380278110504,2.6658804416656494,C,A,0.020833333333333332
38,6,0.1486093997955322,1.006024718284607,C,C,0.027604166666666666
38,7,0.1990986466407776,0.3565707802772522,D,D,0.013541666666666667
38,8,0.2695769965648651,0.6746202111244202,C,D,0.006510416666666667
38,9,0.3634943068027496,2.084357500076294,C,A,0.047135416666666666
38,10,0.4803575277328491,0.43506720662117,C,B,0.009895833333333333
38,11,0.3968685865402221,1.6867011785507202,C,A,0.014583333333333334
38,12,0.4514077603816986,0.2226775586605072,D,B,0.0049479166666666664
38,13,0.0533387251198291,5.416745662689209,C,C,0.035416666666666666
38,14,0.2933981418609619,0.5501689910888672,C,D,0.011979166666666667
38,15,0.2716456055641174,0.6892309188842773,C,C,0.00703125
38,16,0.3039363622665405,0.4592794775962829,C,D,0.010416666666666666
38,17,0.3815994262695312,0.3847638666629791,D,B,0.007291666666666667
38,18,0.3684569001197815,4.760725021362305,C,A,0.04375
38,19,0.2580838799476623,0.6996261477470398,C,C,0.007552083333333333
38,20,0.2310513406991958,0.813483476638794,C,C,0.009635416666666667
38,21,0.3772990703582763,3.9317939281463614,C,A,0.02890625
38,22,0.1455550193786621,6.221945285797119,C,C,0.03723958333333333
38,23,0.4192874431610107,0.3048412501811981,D,B,0.007552083333333333
38,24,0.3274953067302704,0.4449996650218963,C,D,0.007291666666666667
38,25,0.3565413355827331,0.3519201278686523,D,B,0.00859375
38,26,0.3444961011409759,2.671127319335937,C,A,0.02890625
38,27,0.3250014185905456,3.498784065246582,C,C,0.03463541666666667
38,28,0.3044672012329101,0.5440641641616821,C,D,0.01328125
38,29,0.2853851914405823,0.6827928423881531,C,D,0.00703125
38,30,0.4027671217918396,2.741075277328491,C,A,0.029166666666666667
38,31,0.6062295436859131,11.62414836883545,A,A,0.19270833333333334
38,32,0.5795143246650696,6.120064735412598,A,A,0.026302083333333334
38,33,0.3574877083301544,0.4702509045600891,C,B,0.009635416666666667
38,34,0.2519458532333374,0.676453173160553,C,D,0.007552083333333333
38,35,0.3632389903068542,0.3819800317287445,D,B,0.009375
38,36,0.4149388074874878,0.3328563570976257,D,B,0.009635416666666667
38,37,0.2811878323554992,0.8851584196090698,C,C,0.013020833333333334
38,38,0.2741139531135559,0.4910511970520019,C,D,0.012239583333333333
38,39,0.3405022621154785,0.3553117513656616,D,D,0.007552083333333333
39,0,0.2580822706222534,0.7078163623809814,C,D,0.004427083333333333
39,1,0.3701655268669128,0.5719830393791199,C,B,0.009114583333333334
39,2,0.3010419011116028,0.7540648579597473,C,D,0.00390625
39,3,0.5271767377853394,17.757366180419922,A,A,0.1484375
39,4,0.1453861594200134,1.959158182144165,C,C,0.0125
39,5,0.383055567741394,1.6151589155197144,C,A,0.06927083333333334
39,6,0.4831375777721405,3.604168653488159,C,A,0.022135416666666668
39,7,0.4580060839653015,4.931602954864502,C,A,0.05963541666666667
39,8,0.0113685633987188,2.719724655151367,C,C,0.0171875
39,9,0.4478208124637604,1.9261332750320437,C,A,0.06328125
39,10,0.3340768814086914,0.4757227301597595,C,D,0.005729166666666666
39,11,0.3038958311080932,0.6875321865081787,C,D,0.0078125
39,12,0.4134133756160736,1.602589726448059,C,A,0.04192708333333333
39,13,0.3657218813896179,0.3698931932449341,D,B,0.00546875
39,14,0.160886213183403,2.7461154460906982,C,C,0.01484375
39,15,0.3685417771339416,0.2950183153152466,D,B,0.004166666666666667
39,16,0.2969330847263336,0.7623703479766846,C,D,0.00390625
39,17,0.2544942200183868,0.5182961225509644,C,D,0.026302083333333334
39,18,0.3417726159095764,0.4121185541152954,C,B,0.004427083333333333
39,19,0.4445891380310058,0.7291226387023926,C,B,0.027604166666666666
39,20,0.3444551825523376,0.3718430399894714,D,B,0.0046875
39,21,0.1861180663108825,0.186908945441246,D,D,0.005208333333333333
39,22,0.4528663754463196,1.339542031288147,C,A,0.015104166666666667
39,23,0.299174964427948,0.8173109889030457,C,C,0.026822916666666665
39,24,0.3727893233299255,0.74555903673172,C,B,0.0036458333333333334
39,25,0.3575891852378845,3.050631284713745,C,A,0.018229166666666668
39,26,0.2826659679412842,0.3426545560359955,D,D,0.002864583333333333
39,27,0.2913823425769806,1.4168767929077148,C,C,0.021614583333333333
39,28,0.3761729001998901,0.5294368863105774,C,B,0.00703125
39,29,0.266147255897522,0.3177716732025146,D,D,0.004427083333333333
39,30,0.0762316435575485,2.961676836013794,C,C,0.013020833333333334
39,31,0.3298391103744507,0.7421513795852661,C,D,0.0046875
39,32,0.2052459716796875,3.5205116271972656,C,C,0.017708333333333333
39,33,0.3057906329631805,0.7417852282524109,C,D,0.003125
39,34,0.3224104940891266,0.8740879893302917,C,C,0.006510416666666667
39,35,0.4181242883205414,0.8266000747680664,C,A,0.00625
39,36,0.3725510835647583,1.2809549570083618,C,A,0.012760416666666666
39,37,0.3702110052108764,1.5566755533218384,C,A,0.009114583333333334
39,38,0.3469211757183075,1.3285645246505735,C,A,0.012760416666666666
39,39,0.3075175285339355,0.7197218537330627,C,D,0.0036458333333333334
