trial_id,cell,ordering,ratio,k,k_actual,argmax_preserved,target_preserved_top1,patched_argmax_id,patched_target_rank,patched_target_logit,patched_competitor_logit,patched_margin,clean_target_logit,delta_target_logit
P101_10027,hihp,hihp_imp_desc,0.05,256,256,False,False,3698,8,11.4375,6.5,4.9375,12.0625,-0.625
P101_10066,hihp,hihp_imp_desc,0.05,256,256,True,False,279,18,9.6875,8.25,1.4375,11.1875,-1.5
P103_0,hihp,hihp_imp_desc,0.05,256,256,False,False,24113,2,13.5625,9.5,4.0625,16.375,-2.8125
P103_10038,hihp,hihp_imp_desc,0.05,256,256,True,True,8753,1,14.8125,10.5,4.3125,15.5,-0.6875
P106_10026,hihp,hihp_imp_desc,0.05,256,256,True,False,10212,200,6.375,6.96875,-0.59375,8.625,-2.25
P106_10076,hihp,hihp_imp_desc,0.05,256,256,False,False,3778,3,12.875,6.53125,6.34375,13.1875,-0.3125
P108_10032,hihp,hihp_imp_desc,0.05,256,256,True,True,5195,1,14.625,6.34375,8.28125,17.0,-2.375
P108_10064,hihp,hihp_imp_desc,0.05,256,256,True,False,279,25,7.375,6.65625,0.71875,10.5625,-3.1875
P127_10,hihp,hihp_imp_desc,0.05,256,256,True,False,279,15,5.53125,2.78125,2.75,6.96875,-1.4375
P127_10040,hihp,hihp_imp_desc,0.05,256,256,True,False,11,951,3.203125,2.703125,0.5,10.375,-7.171875
P1303_10011,hihp,hihp_imp_desc,0.05,256,256,False,True,92359,1,10.625,9.25,1.375,10.875,-0.25
P1303_10017,hihp,hihp_imp_desc,0.05,256,256,True,False,279,6,10.75,10.875,-0.125,7.875,2.875
P131_10018,hihp,hihp_imp_desc,0.05,256,256,True,False,279,14,10.5625,4.90625,5.65625,13.875,-3.3125
P131_10045,hihp,hihp_imp_desc,0.05,256,256,True,False,279,156,8.0,3.625,4.375,11.0625,-3.0625
P136_10043,hihp,hihp_imp_desc,0.05,256,256,False,False,520,389,5.875,7.5625,-1.6875,6.125,-0.25
P136_10065,hihp,hihp_imp_desc,0.05,256,256,True,False,279,11853,1.2578125,6.15625,-4.8984375,2.546875,-1.2890625
P138_10042,hihp,hihp_imp_desc,0.05,256,256,True,False,279,96,7.71875,3.03125,4.6875,12.0,-4.28125
P138_1009,hihp,hihp_imp_desc,0.05,256,256,True,False,279,13,11.0,7.375,3.625,15.5625,-4.5625
P140_1,hihp,hihp_imp_desc,0.05,256,256,False,False,15256,8,11.5625,14.5,-2.9375,14.375,-2.8125
P140_100,hihp,hihp_imp_desc,0.05,256,256,True,True,15256,1,14.0625,7.5,6.5625,15.75,-1.6875
P1412_10009,hihp,hihp_imp_desc,0.05,256,256,True,False,315,3247,4.4375,6.5625,-2.125,8.9375,-4.5
P1412_10036,hihp,hihp_imp_desc,0.05,256,256,True,False,539,275,9.0625,8.5,0.5625,11.1875,-2.125
P159_1001,hihp,hihp_imp_desc,0.05,256,256,False,False,7295,46,9.4375,13.125,-3.6875,15.375,-5.9375
P159_10015,hihp,hihp_imp_desc,0.05,256,256,False,False,20005,10,11.4375,11.3125,0.125,14.0,-2.5625
P17_10005,hihp,hihp_imp_desc,0.05,256,256,False,False,279,2310,4.25,9.1875,-4.9375,9.5,-5.25
P17_10034,hihp,hihp_imp_desc,0.05,256,256,True,False,279,107,8.5625,6.25,2.3125,10.1875,-1.625
P176_10014,hihp,hihp_imp_desc,0.05,256,256,False,False,30300,4,13.0,16.125,-3.125,17.0,-4.0
P176_10044,hihp,hihp_imp_desc,0.05,256,256,False,False,42981,5,11.4375,8.125,3.3125,15.375,-3.9375
P178_10019,hihp,hihp_imp_desc,0.05,256,256,True,True,5195,1,11.625,9.75,1.875,15.0,-3.375
P178_10020,hihp,hihp_imp_desc,0.05,256,256,True,False,279,2,11.625,9.8125,1.8125,9.1875,2.4375
P19_1002,hihp,hihp_imp_desc,0.05,256,256,True,False,220,21,9.6875,12.125,-2.4375,15.625,-5.9375
P19_10031,hihp,hihp_imp_desc,0.05,256,256,False,False,8494,125,8.0625,9.875,-1.8125,10.6875,-2.625
P190_10000,hihp,hihp_imp_desc,0.05,256,256,False,False,39593,183,7.625,8.3125,-0.6875,6.125,1.5
P190_10006,hihp,hihp_imp_desc,0.05,256,256,False,False,56301,368,7.34375,10.1875,-2.84375,7.25,0.09375
P20_10007,hihp,hihp_imp_desc,0.05,256,256,True,False,220,159,8.125,8.875,-0.75,10.8125,-2.6875
P20_1008,hihp,hihp_imp_desc,0.05,256,256,False,False,813,32,7.5,9.0625,-1.5625,8.9375,-1.4375
P264_1000,hihp,hihp_imp_desc,0.05,256,256,False,False,264,1261,3.5625,3.859375,-0.296875,2.40625,1.15625
P264_10597,hihp,hihp_imp_desc,0.05,256,256,True,False,279,50,5.75,3.109375,2.640625,7.625,-1.875
P27_10002,hihp,hihp_imp_desc,0.05,256,256,False,False,15704,9,11.375,11.1875,0.1875,14.9375,-3.5625
P27_10008,hihp,hihp_imp_desc,0.05,256,256,False,False,7008,28,8.875,13.125,-4.25,12.875,-4.0
P276_10021,hihp,hihp_imp_desc,0.05,256,256,True,False,279,755,5.125,2.125,3.0,5.21875,-0.09375
P276_10062,hihp,hihp_imp_desc,0.05,256,256,False,False,6982,339,5.5,5.21875,0.28125,12.8125,-7.3125
P30_10003,hihp,hihp_imp_desc,0.05,256,256,True,False,279,2,15.8125,8.1875,7.625,10.5625,5.25
P30_10028,hihp,hihp_imp_desc,0.05,256,256,True,True,72787,1,15.8125,13.6875,2.125,16.75,-0.9375
P36_10035,hihp,hihp_imp_desc,0.05,256,256,False,False,12366,59,9.125,13.875,-4.75,16.375,-7.25
P36_10369,hihp,hihp_imp_desc,0.05,256,256,False,False,81801,20,10.5,7.0,3.5,13.1875,-2.6875
P364_10013,hihp,hihp_imp_desc,0.05,256,256,False,False,539,43,9.4375,7.65625,1.78125,12.1875,-2.75
P364_10039,hihp,hihp_imp_desc,0.05,256,256,False,False,50961,227,8.0625,12.875,-4.8125,9.875,-1.8125
P37_10078,hihp,hihp_imp_desc,0.05,256,256,False,False,1443,2,15.25,5.59375,9.65625,16.0,-0.75
P37_10134,hihp,hihp_imp_desc,0.05,256,256,False,True,6498,1,15.3125,7.46875,7.84375,16.5,-1.1875
P39_10010,hihp,hihp_imp_desc,0.05,256,256,False,False,8753,25,10.1875,5.0,5.1875,10.125,0.0625
P39_10025,hihp,hihp_imp_desc,0.05,256,256,True,False,721,25,9.3125,6.53125,2.78125,9.25,0.0625
P407_10033,hihp,hihp_imp_desc,0.05,256,256,True,False,539,310,7.875,6.6875,1.1875,11.8125,-3.9375
P407_10082,hihp,hihp_imp_desc,0.05,256,256,True,False,264,8478,2.9375,8.5625,-5.625,11.1875,-8.25
P413_10029,hihp,hihp_imp_desc,0.05,256,256,True,False,315,100,8.375,3.28125,5.09375,11.6875,-3.3125
P413_1006,hihp,hihp_imp_desc,0.05,256,256,False,False,264,1489,4.4375,10.6875,-6.25,7.84375,-3.40625
P449_10023,hihp,hihp_imp_desc,0.05,256,256,False,False,6664,41,9.125,8.6875,0.4375,8.3125,0.8125
P449_10104,hihp,hihp_imp_desc,0.05,256,256,False,False,279,11,12.3125,11.9375,0.375,11.625,0.6875
P463_10050,hihp,hihp_imp_desc,0.05,256,256,False,False,14875,2,14.6875,4.15625,10.53125,12.875,1.8125
P463_10121,hihp,hihp_imp_desc,0.05,256,256,True,True,44742,1,14.0625,4.75,9.3125,15.6875,-1.625
P495_10012,hihp,hihp_imp_desc,0.05,256,256,True,False,279,22,11.5625,13.9375,-2.375,12.9375,-1.375
P495_1003,hihp,hihp_imp_desc,0.05,256,256,False,False,220,30,9.625,10.75,-1.125,11.5,-1.875
P641_10047,hihp,hihp_imp_desc,0.05,256,256,True,True,20075,1,15.5,12.4375,3.0625,15.375,0.125
P641_10270,hihp,hihp_imp_desc,0.05,256,256,True,False,315,95,8.0625,7.34375,0.71875,11.875,-3.8125
P740_10016,hihp,hihp_imp_desc,0.05,256,256,True,False,220,1972,5.03125,9.8125,-4.78125,16.75,-11.71875
P740_10054,hihp,hihp_imp_desc,0.05,256,256,True,False,220,91,8.375,10.8125,-2.4375,12.25,-3.875
P937_10004,hihp,hihp_imp_desc,0.05,256,256,True,False,279,13,9.5625,10.8125,-1.25,12.5625,-3.0
P937_10060,hihp,hihp_imp_desc,0.05,256,256,True,False,279,195,6.375,9.0,-2.625,6.71875,-0.34375
P101_10027,hihp,hihp_imp_desc,0.1,512,512,False,False,3674,10,10.8125,6.9375,3.875,12.0625,-1.25
P101_10066,hihp,hihp_imp_desc,0.1,512,512,True,False,279,31,9.3125,8.25,1.0625,11.1875,-1.875
P103_0,hihp,hihp_imp_desc,0.1,512,512,False,False,24113,2,13.4375,9.5625,3.875,16.375,-2.9375
P103_10038,hihp,hihp_imp_desc,0.1,512,512,True,True,8753,1,13.75,9.25,4.5,15.5,-1.75
P106_10026,hihp,hihp_imp_desc,0.1,512,512,True,False,10212,326,5.875,7.34375,-1.46875,8.625,-2.75
P106_10076,hihp,hihp_imp_desc,0.1,512,512,False,False,3778,13,10.875,5.09375,5.78125,13.1875,-2.3125
P108_10032,hihp,hihp_imp_desc,0.1,512,512,True,True,5195,1,13.4375,5.90625,7.53125,17.0,-3.5625
P108_10064,hihp,hihp_imp_desc,0.1,512,512,True,False,279,21,7.0625,6.21875,0.84375,10.5625,-3.5
P127_10,hihp,hihp_imp_desc,0.1,512,512,True,False,279,28,5.0625,3.78125,1.28125,6.96875,-1.90625
P127_10040,hihp,hihp_imp_desc,0.1,512,512,True,False,11,4647,1.4921875,2.921875,-1.4296875,10.375,-8.8828125
P1303_10011,hihp,hihp_imp_desc,0.1,512,512,False,False,220,2,8.9375,8.6875,0.25,10.875,-1.9375
P1303_10017,hihp,hihp_imp_desc,0.1,512,512,True,False,279,4,11.1875,11.625,-0.4375,7.875,3.3125
P131_10018,hihp,hihp_imp_desc,0.1,512,512,True,False,279,134,7.84375,4.90625,2.9375,13.875,-6.03125
P131_10045,hihp,hihp_imp_desc,0.1,512,512,True,False,279,567,6.28125,4.09375,2.1875,11.0625,-4.78125
P136_10043,hihp,hihp_imp_desc,0.1,512,512,False,False,520,279,6.125,7.28125,-1.15625,6.125,0.0
P136_10065,hihp,hihp_imp_desc,0.1,512,512,True,False,279,16596,0.91796875,6.25,-5.33203125,2.546875,-1.62890625
P138_10042,hihp,hihp_imp_desc,0.1,512,512,True,False,279,142,7.03125,3.28125,3.75,12.0,-4.96875
P138_1009,hihp,hihp_imp_desc,0.1,512,512,True,False,279,21,10.8125,7.5,3.3125,15.5625,-4.75
P140_1,hihp,hihp_imp_desc,0.1,512,512,False,False,15256,33,10.375,15.3125,-4.9375,14.375,-4.0
P140_100,hihp,hihp_imp_desc,0.1,512,512,False,False,279,4,11.0625,5.78125,5.28125,15.75,-4.6875
P1412_10009,hihp,hihp_imp_desc,0.1,512,512,True,False,315,2926,4.375,7.28125,-2.90625,8.9375,-4.5625
P1412_10036,hihp,hihp_imp_desc,0.1,512,512,True,False,539,283,9.125,8.5,0.625,11.1875,-2.0625
P159_1001,hihp,hihp_imp_desc,0.1,512,512,False,False,279,416,7.125,13.75,-6.625,15.375,-8.25
P159_10015,hihp,hihp_imp_desc,0.1,512,512,False,False,20005,31,9.875,10.1875,-0.3125,14.0,-4.125
P17_10005,hihp,hihp_imp_desc,0.1,512,512,False,False,279,3127,3.765625,8.9375,-5.171875,9.5,-5.734375
P17_10034,hihp,hihp_imp_desc,0.1,512,512,True,False,279,396,6.875,7.53125,-0.65625,10.1875,-3.3125
P176_10014,hihp,hihp_imp_desc,0.1,512,512,False,False,30300,9,11.1875,16.375,-5.1875,17.0,-5.8125
P176_10044,hihp,hihp_imp_desc,0.1,512,512,False,False,42981,11,10.5,7.90625,2.59375,15.375,-4.875
P178_10019,hihp,hihp_imp_desc,0.1,512,512,True,True,5195,1,9.9375,9.375,0.5625,15.0,-5.0625
P178_10020,hihp,hihp_imp_desc,0.1,512,512,False,True,5210,1,12.375,10.4375,1.9375,9.1875,3.1875
P19_1002,hihp,hihp_imp_desc,0.1,512,512,True,False,220,33,8.875,11.625,-2.75,15.625,-6.75
P19_10031,hihp,hihp_imp_desc,0.1,512,512,False,False,8494,891,6.21875,9.8125,-3.59375,10.6875,-4.46875
P190_10000,hihp,hihp_imp_desc,0.1,512,512,False,False,39593,248,7.34375,8.25,-0.90625,6.125,1.21875
P190_10006,hihp,hihp_imp_desc,0.1,512,512,False,False,56301,316,7.5,9.75,-2.25,7.25,0.25
P20_10007,hihp,hihp_imp_desc,0.1,512,512,True,False,220,428,7.0625,9.4375,-2.375,10.8125,-3.75
P20_1008,hihp,hihp_imp_desc,0.1,512,512,False,False,220,120,6.65625,8.25,-1.59375,8.9375,-2.28125
P264_1000,hihp,hihp_imp_desc,0.1,512,512,False,False,264,659,4.46875,4.15625,0.3125,2.40625,2.0625
P264_10597,hihp,hihp_imp_desc,0.1,512,512,True,False,279,120,4.5,2.203125,2.296875,7.625,-3.125
P27_10002,hihp,hihp_imp_desc,0.1,512,512,False,False,15704,12,10.875,11.0,-0.125,14.9375,-4.0625
P27_10008,hihp,hihp_imp_desc,0.1,512,512,False,False,279,28,9.125,12.9375,-3.8125,12.875,-3.75
P276_10021,hihp,hihp_imp_desc,0.1,512,512,True,False,279,2134,3.671875,0.48046875,3.19140625,5.21875,-1.546875
P276_10062,hihp,hihp_imp_desc,0.1,512,512,False,False,279,597,5.09375,5.40625,-0.3125,12.8125,-7.71875
P30_10003,hihp,hihp_imp_desc,0.1,512,512,False,True,72787,1,15.875,9.5,6.375,10.5625,5.3125
P30_10028,hihp,hihp_imp_desc,0.1,512,512,True,True,72787,1,15.625,14.25,1.375,16.75,-1.125
P36_10035,hihp,hihp_imp_desc,0.1,512,512,False,False,12366,197,7.28125,13.5625,-6.28125,16.375,-9.09375
P36_10369,hihp,hihp_imp_desc,0.1,512,512,False,False,81801,47,9.6875,6.96875,2.71875,13.1875,-3.5
P364_10013,hihp,hihp_imp_desc,0.1,512,512,False,False,539,60,9.3125,7.78125,1.53125,12.1875,-2.875
P364_10039,hihp,hihp_imp_desc,0.1,512,512,False,False,50961,322,7.65625,14.625,-6.96875,9.875,-2.21875
P37_10078,hihp,hihp_imp_desc,0.1,512,512,False,False,1443,2,14.6875,5.5,9.1875,16.0,-1.3125
P37_10134,hihp,hihp_imp_desc,0.1,512,512,False,True,6498,1,14.1875,6.5,7.6875,16.5,-2.3125
P39_10010,hihp,hihp_imp_desc,0.1,512,512,False,False,8753,80,8.5625,3.578125,4.984375,10.125,-1.5625
P39_10025,hihp,hihp_imp_desc,0.1,512,512,True,False,721,26,9.125,7.34375,1.78125,9.25,-0.125
P407_10033,hihp,hihp_imp_desc,0.1,512,512,True,False,539,574,7.125,6.25,0.875,11.8125,-4.6875
P407_10082,hihp,hihp_imp_desc,0.1,512,512,True,False,264,14941,1.8984375,7.84375,-5.9453125,11.1875,-9.2890625
P413_10029,hihp,hihp_imp_desc,0.1,512,512,True,False,315,82,8.25,5.875,2.375,11.6875,-3.4375
P413_1006,hihp,hihp_imp_desc,0.1,512,512,False,False,264,2915,2.375,7.9375,-5.5625,7.84375,-5.46875
P449_10023,hihp,hihp_imp_desc,0.1,512,512,False,False,279,28,10.0,10.0625,-0.0625,8.3125,1.6875
P449_10104,hihp,hihp_imp_desc,0.1,512,512,False,False,279,16,12.125,12.0625,0.0625,11.625,0.5
P463_10050,hihp,hihp_imp_desc,0.1,512,512,False,False,14875,2,14.75,4.34375,10.40625,12.875,1.875
P463_10121,hihp,hihp_imp_desc,0.1,512,512,False,False,79815,2,13.0625,5.03125,8.03125,15.6875,-2.625
P495_10012,hihp,hihp_imp_desc,0.1,512,512,True,False,279,66,9.8125,13.375,-3.5625,12.9375,-3.125
P495_1003,hihp,hihp_imp_desc,0.1,512,512,False,False,220,44,8.625,10.1875,-1.5625,11.5,-2.875
P641_10047,hihp,hihp_imp_desc,0.1,512,512,True,True,20075,1,15.625,13.4375,2.1875,15.375,0.25
P641_10270,hihp,hihp_imp_desc,0.1,512,512,True,False,315,218,6.46875,5.625,0.84375,11.875,-5.40625
P740_10016,hihp,hihp_imp_desc,0.1,512,512,True,False,220,1693,5.15625,9.375,-4.21875,16.75,-11.59375
P740_10054,hihp,hihp_imp_desc,0.1,512,512,True,False,220,177,7.5,10.6875,-3.1875,12.25,-4.75
P937_10004,hihp,hihp_imp_desc,0.1,512,512,True,False,279,16,8.75,10.0,-1.25,12.5625,-3.8125
P937_10060,hihp,hihp_imp_desc,0.1,512,512,True,False,279,227,6.5,9.3125,-2.8125,6.71875,-0.21875
P101_10027,hihp,hihp_imp_desc,0.2,1024,1024,False,False,3674,58,9.0625,6.875,2.1875,12.0625,-3.0
P101_10066,hihp,hihp_imp_desc,0.2,1024,1024,True,False,279,48,8.875,8.1875,0.6875,11.1875,-2.3125
P103_0,hihp,hihp_imp_desc,0.2,1024,1024,False,False,24113,2,13.4375,9.3125,4.125,16.375,-2.9375
P103_10038,hihp,hihp_imp_desc,0.2,1024,1024,False,False,279,2,11.125,7.46875,3.65625,15.5,-4.375
P106_10026,hihp,hihp_imp_desc,0.2,1024,1024,False,False,264,615,5.125,7.71875,-2.59375,8.625,-3.5
P106_10076,hihp,hihp_imp_desc,0.2,1024,1024,False,False,18328,21,10.5,4.125,6.375,13.1875,-2.6875
P108_10032,hihp,hihp_imp_desc,0.2,1024,1024,False,False,279,2,12.1875,5.90625,6.28125,17.0,-4.8125
P108_10064,hihp,hihp_imp_desc,0.2,1024,1024,True,False,279,34,6.53125,6.40625,0.125,10.5625,-4.03125
P127_10,hihp,hihp_imp_desc,0.2,1024,1024,True,False,279,56,4.625,4.25,0.375,6.96875,-2.34375
P127_10040,hihp,hihp_imp_desc,0.2,1024,1024,True,False,11,8649,1.765625,4.125,-2.359375,10.375,-8.609375
P1303_10011,hihp,hihp_imp_desc,0.2,1024,1024,False,False,220,54,5.78125,8.0625,-2.28125,10.875,-5.09375
P1303_10017,hihp,hihp_imp_desc,0.2,1024,1024,True,False,279,4,11.0625,11.375,-0.3125,7.875,3.1875
P131_10018,hihp,hihp_imp_desc,0.2,1024,1024,True,False,279,381,6.3125,5.40625,0.90625,13.875,-7.5625
P131_10045,hihp,hihp_imp_desc,0.2,1024,1024,True,False,279,192,8.1875,4.46875,3.71875,11.0625,-2.875
P136_10043,hihp,hihp_imp_desc,0.2,1024,1024,False,False,520,379,5.96875,7.1875,-1.21875,6.125,-0.15625
P136_10065,hihp,hihp_imp_desc,0.2,1024,1024,True,False,279,24212,0.310546875,6.125,-5.814453125,2.546875,-2.236328125
P138_10042,hihp,hihp_imp_desc,0.2,1024,1024,True,False,279,78,7.84375,3.484375,4.359375,12.0,-4.15625
P138_1009,hihp,hihp_imp_desc,0.2,1024,1024,True,False,279,249,8.1875,6.75,1.4375,15.5625,-7.375
P140_1,hihp,hihp_imp_desc,0.2,1024,1024,False,False,15256,87,8.9375,15.3125,-6.375,14.375,-5.4375
P140_100,hihp,hihp_imp_desc,0.2,1024,1024,False,False,279,7,9.5,4.59375,4.90625,15.75,-6.25
P1412_10009,hihp,hihp_imp_desc,0.2,1024,1024,True,False,315,5147,3.234375,7.40625,-4.171875,8.9375,-5.703125
P1412_10036,hihp,hihp_imp_desc,0.2,1024,1024,True,False,539,357,8.875,8.375,0.5,11.1875,-2.3125
P159_1001,hihp,hihp_imp_desc,0.2,1024,1024,False,False,279,2195,4.34375,13.0625,-8.71875,15.375,-11.03125
P159_10015,hihp,hihp_imp_desc,0.2,1024,1024,False,False,20005,56,8.75,9.125,-0.375,14.0,-5.25
P17_10005,hihp,hihp_imp_desc,0.2,1024,1024,False,False,279,3273,3.6875,9.3125,-5.625,9.5,-5.8125
P17_10034,hihp,hihp_imp_desc,0.2,1024,1024,True,False,279,736,6.0625,7.8125,-1.75,10.1875,-4.125
P176_10014,hihp,hihp_imp_desc,0.2,1024,1024,False,False,30300,28,9.625,16.125,-6.5,17.0,-7.375
P176_10044,hihp,hihp_imp_desc,0.2,1024,1024,False,False,42981,16,9.375,7.53125,1.84375,15.375,-6.0
P178_10019,hihp,hihp_imp_desc,0.2,1024,1024,False,False,279,3,9.0,9.5625,-0.5625,15.0,-6.0
P178_10020,hihp,hihp_imp_desc,0.2,1024,1024,False,True,5210,1,13.375,11.625,1.75,9.1875,4.1875
P19_1002,hihp,hihp_imp_desc,0.2,1024,1024,True,False,220,61,7.4375,10.25,-2.8125,15.625,-8.1875
P19_10031,hihp,hihp_imp_desc,0.2,1024,1024,False,False,8494,873,6.4375,10.5,-4.0625,10.6875,-4.25
P190_10000,hihp,hihp_imp_desc,0.2,1024,1024,False,False,39593,317,7.1875,8.75,-1.5625,6.125,1.0625
P190_10006,hihp,hihp_imp_desc,0.2,1024,1024,False,False,56301,337,7.46875,9.3125,-1.84375,7.25,0.21875
P20_10007,hihp,hihp_imp_desc,0.2,1024,1024,True,False,220,2262,4.9375,8.625,-3.6875,10.8125,-5.875
P20_1008,hihp,hihp_imp_desc,0.2,1024,1024,False,False,264,631,5.6875,7.3125,-1.625,8.9375,-3.25
P264_1000,hihp,hihp_imp_desc,0.2,1024,1024,False,False,264,455,4.34375,5.4375,-1.09375,2.40625,1.9375
P264_10597,hihp,hihp_imp_desc,0.2,1024,1024,True,False,279,265,3.671875,2.140625,1.53125,7.625,-3.953125
P27_10002,hihp,hihp_imp_desc,0.2,1024,1024,False,False,15704,12,10.375,10.375,0.0,14.9375,-4.5625
P27_10008,hihp,hihp_imp_desc,0.2,1024,1024,False,False,279,78,8.6875,13.8125,-5.125,12.875,-4.1875
P276_10021,hihp,hihp_imp_desc,0.2,1024,1024,True,False,279,807,5.0625,2.390625,2.671875,5.21875,-0.15625
P276_10062,hihp,hihp_imp_desc,0.2,1024,1024,False,False,279,764,4.96875,5.3125,-0.34375,12.8125,-7.84375
P30_10003,hihp,hihp_imp_desc,0.2,1024,1024,False,True,72787,1,16.625,9.1875,7.4375,10.5625,6.0625
P30_10028,hihp,hihp_imp_desc,0.2,1024,1024,False,False,10384,3,15.0,14.375,0.625,16.75,-1.75
P36_10035,hihp,hihp_imp_desc,0.2,1024,1024,False,False,12366,252,6.84375,13.5,-6.65625,16.375,-9.53125
P36_10369,hihp,hihp_imp_desc,0.2,1024,1024,False,False,81801,67,9.625,7.4375,2.1875,13.1875,-3.5625
P364_10013,hihp,hihp_imp_desc,0.2,1024,1024,False,False,539,186,8.25,7.0625,1.1875,12.1875,-3.9375
P364_10039,hihp,hihp_imp_desc,0.2,1024,1024,False,False,50961,268,7.8125,16.25,-8.4375,9.875,-2.0625
P37_10078,hihp,hihp_imp_desc,0.2,1024,1024,False,False,1443,2,15.25,5.46875,9.78125,16.0,-0.75
P37_10134,hihp,hihp_imp_desc,0.2,1024,1024,False,True,6498,1,13.75,7.0,6.75,16.5,-2.75
P39_10010,hihp,hihp_imp_desc,0.2,1024,1024,False,False,8753,194,7.5,2.796875,4.703125,10.125,-2.625
P39_10025,hihp,hihp_imp_desc,0.2,1024,1024,False,False,279,24,8.8125,7.5625,1.25,9.25,-0.4375
P407_10033,hihp,hihp_imp_desc,0.2,1024,1024,True,False,539,659,6.90625,6.1875,0.71875,11.8125,-4.90625
P407_10082,hihp,hihp_imp_desc,0.2,1024,1024,False,False,220,15648,1.421875,7.21875,-5.796875,11.1875,-9.765625
P413_10029,hihp,hihp_imp_desc,0.2,1024,1024,True,False,315,252,6.46875,4.65625,1.8125,11.6875,-5.21875
P413_1006,hihp,hihp_imp_desc,0.2,1024,1024,False,False,279,23766,-1.8671875,-0.2470703125,-1.6201171875,7.84375,-9.7109375
P449_10023,hihp,hihp_imp_desc,0.2,1024,1024,False,False,23469,27,10.875,11.4375,-0.5625,8.3125,2.5625
P449_10104,hihp,hihp_imp_desc,0.2,1024,1024,False,False,279,17,12.0625,12.0625,0.0,11.625,0.4375
P463_10050,hihp,hihp_imp_desc,0.2,1024,1024,False,False,14875,2,14.625,4.625,10.0,12.875,1.75
P463_10121,hihp,hihp_imp_desc,0.2,1024,1024,False,False,79815,3,12.375,4.40625,7.96875,15.6875,-3.3125
P495_10012,hihp,hihp_imp_desc,0.2,1024,1024,False,False,220,86,9.0625,12.875,-3.8125,12.9375,-3.875
P495_1003,hihp,hihp_imp_desc,0.2,1024,1024,False,False,220,62,8.25,10.375,-2.125,11.5,-3.25
P641_10047,hihp,hihp_imp_desc,0.2,1024,1024,True,True,20075,1,15.6875,13.875,1.8125,15.375,0.3125
P641_10270,hihp,hihp_imp_desc,0.2,1024,1024,True,False,315,737,4.34375,3.9375,0.40625,11.875,-7.53125
P740_10016,hihp,hihp_imp_desc,0.2,1024,1024,True,False,220,3603,4.09375,9.0,-4.90625,16.75,-12.65625
P740_10054,hihp,hihp_imp_desc,0.2,1024,1024,True,False,220,242,7.125,11.0,-3.875,12.25,-5.125
P937_10004,hihp,hihp_imp_desc,0.2,1024,1024,True,False,279,36,8.25,9.5,-1.25,12.5625,-4.3125
P937_10060,hihp,hihp_imp_desc,0.2,1024,1024,True,False,279,209,6.375,8.9375,-2.5625,6.71875,-0.34375
P101_10027,hihp,hihp_imp_desc,0.3,1536,1536,False,False,2802,308,6.90625,6.46875,0.4375,12.0625,-5.15625
P101_10066,hihp,hihp_imp_desc,0.3,1536,1536,True,False,279,49,8.8125,8.3125,0.5,11.1875,-2.375
P103_0,hihp,hihp_imp_desc,0.3,1536,1536,False,False,24113,4,13.3125,8.9375,4.375,16.375,-3.0625
P103_10038,hihp,hihp_imp_desc,0.3,1536,1536,False,False,279,2,10.5625,7.21875,3.34375,15.5,-4.9375
P106_10026,hihp,hihp_imp_desc,0.3,1536,1536,False,False,264,836,4.875,7.96875,-3.09375,8.625,-3.75
P106_10076,hihp,hihp_imp_desc,0.3,1536,1536,False,False,18328,29,10.4375,3.859375,6.578125,13.1875,-2.75
P108_10032,hihp,hihp_imp_desc,0.3,1536,1536,False,False,279,3,11.6875,5.78125,5.90625,17.0,-5.3125
P108_10064,hihp,hihp_imp_desc,0.3,1536,1536,True,False,279,25,6.90625,6.6875,0.21875,10.5625,-3.65625
P127_10,hihp,hihp_imp_desc,0.3,1536,1536,True,False,279,204,3.59375,4.84375,-1.25,6.96875,-3.375
P127_10040,hihp,hihp_imp_desc,0.3,1536,1536,False,False,315,15289,1.140625,3.828125,-2.6875,10.375,-9.234375
P1303_10011,hihp,hihp_imp_desc,0.3,1536,1536,False,False,220,218,4.15625,6.65625,-2.5,10.875,-6.71875
P1303_10017,hihp,hihp_imp_desc,0.3,1536,1536,True,False,279,4,11.1875,11.5625,-0.375,7.875,3.3125
P131_10018,hihp,hihp_imp_desc,0.3,1536,1536,True,False,279,2916,3.5625,3.953125,-0.390625,13.875,-10.3125
P131_10045,hihp,hihp_imp_desc,0.3,1536,1536,True,False,279,228,8.125,5.125,3.0,11.0625,-2.9375
P136_10043,hihp,hihp_imp_desc,0.3,1536,1536,False,False,520,456,5.59375,6.84375,-1.25,6.125,-0.53125
P136_10065,hihp,hihp_imp_desc,0.3,1536,1536,True,False,279,29045,0.1142578125,5.9375,-5.8232421875,2.546875,-2.4326171875
P138_10042,hihp,hihp_imp_desc,0.3,1536,1536,True,False,279,84,7.59375,3.84375,3.75,12.0,-4.40625
P138_1009,hihp,hihp_imp_desc,0.3,1536,1536,True,False,279,898,6.65625,6.875,-0.21875,15.5625,-8.90625
P140_1,hihp,hihp_imp_desc,0.3,1536,1536,False,False,15256,105,8.6875,15.375,-6.6875,14.375,-5.6875
P140_100,hihp,hihp_imp_desc,0.3,1536,1536,False,False,279,12,9.125,4.4375,4.6875,15.75,-6.625
P1412_10009,hihp,hihp_imp_desc,0.3,1536,1536,True,False,315,6238,2.828125,8.125,-5.296875,8.9375,-6.109375
P1412_10036,hihp,hihp_imp_desc,0.3,1536,1536,True,False,539,438,8.625,8.375,0.25,11.1875,-2.5625
P159_1001,hihp,hihp_imp_desc,0.3,1536,1536,False,False,279,3209,3.546875,13.4375,-9.890625,15.375,-11.828125
P159_10015,hihp,hihp_imp_desc,0.3,1536,1536,False,False,20005,351,6.4375,7.28125,-0.84375,14.0,-7.5625
P17_10005,hihp,hihp_imp_desc,0.3,1536,1536,False,False,279,3310,3.6875,9.4375,-5.75,9.5,-5.8125
P17_10034,hihp,hihp_imp_desc,0.3,1536,1536,True,False,279,1310,5.40625,7.4375,-2.03125,10.1875,-4.78125
P176_10014,hihp,hihp_imp_desc,0.3,1536,1536,False,False,30300,61,8.4375,16.125,-7.6875,17.0,-8.5625
P176_10044,hihp,hihp_imp_desc,0.3,1536,1536,False,False,42981,26,8.8125,7.4375,1.375,15.375,-6.5625
P178_10019,hihp,hihp_imp_desc,0.3,1536,1536,False,False,279,4,8.0625,9.5625,-1.5,15.0,-6.9375
P178_10020,hihp,hihp_imp_desc,0.3,1536,1536,True,False,279,2,14.1875,12.25,1.9375,9.1875,5.0
P19_1002,hihp,hihp_imp_desc,0.3,1536,1536,False,False,279,102,6.34375,9.3125,-2.96875,15.625,-9.28125
P19_10031,hihp,hihp_imp_desc,0.3,1536,1536,False,False,8494,811,6.375,10.4375,-4.0625,10.6875,-4.3125
P190_10000,hihp,hihp_imp_desc,0.3,1536,1536,False,False,46926,209,7.5,8.375,-0.875,6.125,1.375
P190_10006,hihp,hihp_imp_desc,0.3,1536,1536,False,False,56301,321,7.53125,9.3125,-1.78125,7.25,0.28125
P20_10007,hihp,hihp_imp_desc,0.3,1536,1536,True,False,220,3879,4.1875,8.875,-4.6875,10.8125,-6.625
P20_1008,hihp,hihp_imp_desc,0.3,1536,1536,False,False,264,571,5.90625,7.40625,-1.5,8.9375,-3.03125
P264_1000,hihp,hihp_imp_desc,0.3,1536,1536,False,False,264,1140,3.015625,4.28125,-1.265625,2.40625,0.609375
P264_10597,hihp,hihp_imp_desc,0.3,1536,1536,True,False,279,454,3.078125,1.71875,1.359375,7.625,-4.546875
P27_10002,hihp,hihp_imp_desc,0.3,1536,1536,False,False,15704,15,9.875,10.5625,-0.6875,14.9375,-5.0625
P27_10008,hihp,hihp_imp_desc,0.3,1536,1536,False,False,279,172,7.75,14.25,-6.5,12.875,-5.125
P276_10021,hihp,hihp_imp_desc,0.3,1536,1536,True,False,279,1160,4.65625,1.953125,2.703125,5.21875,-0.5625
P276_10062,hihp,hihp_imp_desc,0.3,1536,1536,False,False,279,1487,4.21875,4.71875,-0.5,12.8125,-8.59375
P30_10003,hihp,hihp_imp_desc,0.3,1536,1536,False,True,72787,1,16.375,9.1875,7.1875,10.5625,5.8125
P30_10028,hihp,hihp_imp_desc,0.3,1536,1536,False,False,8494,3,15.125,14.4375,0.6875,16.75,-1.625
P36_10035,hihp,hihp_imp_desc,0.3,1536,1536,False,False,12366,345,6.53125,13.375,-6.84375,16.375,-9.84375
P36_10369,hihp,hihp_imp_desc,0.3,1536,1536,False,False,81801,185,8.75,7.5,1.25,13.1875,-4.4375
P364_10013,hihp,hihp_imp_desc,0.3,1536,1536,False,False,539,358,7.46875,6.6875,0.78125,12.1875,-4.71875
P364_10039,hihp,hihp_imp_desc,0.3,1536,1536,False,False,50961,313,7.5,16.375,-8.875,9.875,-2.375
P37_10078,hihp,hihp_imp_desc,0.3,1536,1536,False,False,1443,2,15.0625,4.9375,10.125,16.0,-0.9375
P37_10134,hihp,hihp_imp_desc,0.3,1536,1536,False,True,6498,1,14.375,5.84375,8.53125,16.5,-2.125
P39_10010,hihp,hihp_imp_desc,0.3,1536,1536,False,False,8753,186,7.59375,3.0625,4.53125,10.125,-2.53125
P39_10025,hihp,hihp_imp_desc,0.3,1536,1536,False,False,279,15,9.0625,7.84375,1.21875,9.25,-0.1875
P407_10033,hihp,hihp_imp_desc,0.3,1536,1536,False,False,264,1618,5.5625,5.25,0.3125,11.8125,-6.25
P407_10082,hihp,hihp_imp_desc,0.3,1536,1536,False,False,220,10879,2.4375,8.5,-6.0625,11.1875,-8.75
P413_10029,hihp,hihp_imp_desc,0.3,1536,1536,True,False,315,197,6.875,4.5,2.375,11.6875,-4.8125
P413_1006,hihp,hihp_imp_desc,0.3,1536,1536,False,False,279,25106,-1.2109375,-0.1298828125,-1.0810546875,7.84375,-9.0546875
P449_10023,hihp,hihp_imp_desc,0.3,1536,1536,False,False,23469,28,11.375,11.625,-0.25,8.3125,3.0625
P449_10104,hihp,hihp_imp_desc,0.3,1536,1536,False,False,279,20,11.9375,11.8125,0.125,11.625,0.3125
P463_10050,hihp,hihp_imp_desc,0.3,1536,1536,False,False,14875,2,15.125,4.90625,10.21875,12.875,2.25
P463_10121,hihp,hihp_imp_desc,0.3,1536,1536,False,False,79815,3,12.625,4.90625,7.71875,15.6875,-3.0625
P495_10012,hihp,hihp_imp_desc,0.3,1536,1536,False,False,220,145,7.96875,13.25,-5.28125,12.9375,-4.96875
P495_1003,hihp,hihp_imp_desc,0.3,1536,1536,False,False,279,84,7.75,10.5625,-2.8125,11.5,-3.75
P641_10047,hihp,hihp_imp_desc,0.3,1536,1536,True,True,20075,1,15.25,13.625,1.625,15.375,-0.125
P641_10270,hihp,hihp_imp_desc,0.3,1536,1536,True,False,315,1180,3.0,2.21875,0.78125,11.875,-8.875
P740_10016,hihp,hihp_imp_desc,0.3,1536,1536,True,False,220,3951,4.0625,9.0625,-5.0,16.75,-12.6875
P740_10054,hihp,hihp_imp_desc,0.3,1536,1536,True,False,220,292,6.78125,10.75,-3.96875,12.25,-5.46875
P937_10004,hihp,hihp_imp_desc,0.3,1536,1536,True,False,279,41,7.90625,9.375,-1.46875,12.5625,-4.65625
P937_10060,hihp,hihp_imp_desc,0.3,1536,1536,True,False,279,193,6.5625,9.1875,-2.625,6.71875,-0.15625
P101_10027,hihp,hihp_imp_desc,0.5,2560,1543,False,False,2802,287,6.96875,6.46875,0.5,12.0625,-5.09375
P101_10066,hihp,hihp_imp_desc,0.5,2560,1543,True,False,279,48,8.8125,8.375,0.4375,11.1875,-2.375
P103_0,hihp,hihp_imp_desc,0.5,2560,1543,False,False,24113,3,13.375,8.9375,4.4375,16.375,-3.0
P103_10038,hihp,hihp_imp_desc,0.5,2560,1543,False,False,279,2,10.5,7.15625,3.34375,15.5,-5.0
P106_10026,hihp,hihp_imp_desc,0.5,2560,1543,False,False,264,804,4.9375,7.9375,-3.0,8.625,-3.6875
P106_10076,hihp,hihp_imp_desc,0.5,2560,1543,False,False,18328,29,10.5,3.890625,6.609375,13.1875,-2.6875
P108_10032,hihp,hihp_imp_desc,0.5,2560,1543,False,False,279,2,11.8125,5.78125,6.03125,17.0,-5.1875
P108_10064,hihp,hihp_imp_desc,0.5,2560,1543,True,False,279,24,6.90625,6.71875,0.1875,10.5625,-3.65625
P127_10,hihp,hihp_imp_desc,0.5,2560,1543,True,False,279,203,3.59375,4.8125,-1.21875,6.96875,-3.375
P127_10040,hihp,hihp_imp_desc,0.5,2560,1543,False,False,315,14299,1.265625,3.9375,-2.671875,10.375,-9.109375
P1303_10011,hihp,hihp_imp_desc,0.5,2560,1543,False,False,220,200,4.25,6.75,-2.5,10.875,-6.625
P1303_10017,hihp,hihp_imp_desc,0.5,2560,1543,True,False,279,4,11.1875,11.625,-0.4375,7.875,3.3125
P131_10018,hihp,hihp_imp_desc,0.5,2560,1543,True,False,279,2812,3.609375,3.96875,-0.359375,13.875,-10.265625
P131_10045,hihp,hihp_imp_desc,0.5,2560,1543,True,False,279,264,7.90625,5.03125,2.875,11.0625,-3.15625
P136_10043,hihp,hihp_imp_desc,0.5,2560,1543,False,False,520,484,5.5,6.8125,-1.3125,6.125,-0.625
P136_10065,hihp,hihp_imp_desc,0.5,2560,1543,True,False,279,27965,0.1904296875,5.96875,-5.7783203125,2.546875,-2.3564453125
P138_10042,hihp,hihp_imp_desc,0.5,2560,1543,True,False,279,92,7.59375,3.796875,3.796875,12.0,-4.40625
P138_1009,hihp,hihp_imp_desc,0.5,2560,1543,True,False,279,827,6.75,6.84375,-0.09375,15.5625,-8.8125
P140_1,hihp,hihp_imp_desc,0.5,2560,1543,False,False,15256,111,8.625,15.375,-6.75,14.375,-5.75
P140_100,hihp,hihp_imp_desc,0.5,2560,1543,False,False,279,13,9.0,4.40625,4.59375,15.75,-6.75
P1412_10009,hihp,hihp_imp_desc,0.5,2560,1543,True,False,315,6253,2.8125,8.125,-5.3125,8.9375,-6.125
P1412_10036,hihp,hihp_imp_desc,0.5,2560,1543,True,False,539,427,8.6875,8.375,0.3125,11.1875,-2.5
P159_1001,hihp,hihp_imp_desc,0.5,2560,1543,False,False,279,3262,3.515625,13.4375,-9.921875,15.375,-11.859375
P159_10015,hihp,hihp_imp_desc,0.5,2560,1543,False,False,20005,354,6.40625,7.25,-0.84375,14.0,-7.59375
P17_10005,hihp,hihp_imp_desc,0.5,2560,1543,False,False,279,3355,3.640625,9.375,-5.734375,9.5,-5.859375
P17_10034,hihp,hihp_imp_desc,0.5,2560,1543,True,False,279,1278,5.4375,7.46875,-2.03125,10.1875,-4.75
P176_10014,hihp,hihp_imp_desc,0.5,2560,1543,False,False,30300,59,8.5,16.25,-7.75,17.0,-8.5
P176_10044,hihp,hihp_imp_desc,0.5,2560,1543,False,False,42981,28,8.75,7.375,1.375,15.375,-6.625
P178_10019,hihp,hihp_imp_desc,0.5,2560,1543,False,False,279,4,8.0625,9.5,-1.4375,15.0,-6.9375
P178_10020,hihp,hihp_imp_desc,0.5,2560,1543,True,False,279,2,14.25,12.25,2.0,9.1875,5.0625
P19_1002,hihp,hihp_imp_desc,0.5,2560,1543,False,False,279,111,6.28125,9.3125,-3.03125,15.625,-9.34375
P19_10031,hihp,hihp_imp_desc,0.5,2560,1543,False,False,8494,817,6.34375,10.4375,-4.09375,10.6875,-4.34375
P190_10000,hihp,hihp_imp_desc,0.5,2560,1543,False,False,46926,222,7.46875,8.3125,-0.84375,6.125,1.34375
P190_10006,hihp,hihp_imp_desc,0.5,2560,1543,False,False,56301,326,7.5,9.3125,-1.8125,7.25,0.25
P20_10007,hihp,hihp_imp_desc,0.5,2560,1543,True,False,220,3824,4.21875,8.9375,-4.71875,10.8125,-6.59375
P20_1008,hihp,hihp_imp_desc,0.5,2560,1543,False,False,264,566,5.90625,7.34375,-1.4375,8.9375,-3.03125
P264_1000,hihp,hihp_imp_desc,0.5,2560,1543,False,False,264,1176,2.984375,4.25,-1.265625,2.40625,0.578125
P264_10597,hihp,hihp_imp_desc,0.5,2560,1543,True,False,279,448,3.125,1.6953125,1.4296875,7.625,-4.5
P27_10002,hihp,hihp_imp_desc,0.5,2560,1543,False,False,15704,15,9.8125,10.5,-0.6875,14.9375,-5.125
P27_10008,hihp,hihp_imp_desc,0.5,2560,1543,False,False,279,159,7.84375,14.25,-6.40625,12.875,-5.03125
P276_10021,hihp,hihp_imp_desc,0.5,2560,1543,True,False,279,1148,4.65625,1.984375,2.671875,5.21875,-0.5625
P276_10062,hihp,hihp_imp_desc,0.5,2560,1543,False,False,279,1432,4.25,4.75,-0.5,12.8125,-8.5625
P30_10003,hihp,hihp_imp_desc,0.5,2560,1543,False,True,72787,1,16.375,9.1875,7.1875,10.5625,5.8125
P30_10028,hihp,hihp_imp_desc,0.5,2560,1543,False,False,8494,3,15.125,14.375,0.75,16.75,-1.625
P36_10035,hihp,hihp_imp_desc,0.5,2560,1543,False,False,12366,341,6.5625,13.4375,-6.875,16.375,-9.8125
P36_10369,hihp,hihp_imp_desc,0.5,2560,1543,False,False,81801,192,8.6875,7.4375,1.25,13.1875,-4.5
P364_10013,hihp,hihp_imp_desc,0.5,2560,1543,False,False,539,362,7.46875,6.6875,0.78125,12.1875,-4.71875
P364_10039,hihp,hihp_imp_desc,0.5,2560,1543,False,False,50961,324,7.46875,16.375,-8.90625,9.875,-2.40625
P37_10078,hihp,hihp_imp_desc,0.5,2560,1543,False,False,1443,2,15.125,4.9375,10.1875,16.0,-0.875
P37_10134,hihp,hihp_imp_desc,0.5,2560,1543,False,True,6498,1,14.5,6.0625,8.4375,16.5,-2.0
P39_10010,hihp,hihp_imp_desc,0.5,2560,1543,False,False,8753,174,7.65625,3.09375,4.5625,10.125,-2.46875
P39_10025,hihp,hihp_imp_desc,0.5,2560,1543,False,False,279,15,9.0,7.78125,1.21875,9.25,-0.25
P407_10033,hihp,hihp_imp_desc,0.5,2560,1543,False,False,264,1671,5.53125,5.21875,0.3125,11.8125,-6.28125
P407_10082,hihp,hihp_imp_desc,0.5,2560,1543,False,False,220,10256,2.515625,8.625,-6.109375,11.1875,-8.671875
P413_10029,hihp,hihp_imp_desc,0.5,2560,1543,True,False,315,180,6.9375,4.5625,2.375,11.6875,-4.75
P413_1006,hihp,hihp_imp_desc,0.5,2560,1543,False,False,279,25396,-1.234375,-0.22265625,-1.01171875,7.84375,-9.078125
P449_10023,hihp,hihp_imp_desc,0.5,2560,1543,False,False,23469,28,11.375,11.625,-0.25,8.3125,3.0625
P449_10104,hihp,hihp_imp_desc,0.5,2560,1543,False,False,279,20,11.9375,11.8125,0.125,11.625,0.3125
P463_10050,hihp,hihp_imp_desc,0.5,2560,1543,False,False,14875,2,15.1875,4.84375,10.34375,12.875,2.3125
P463_10121,hihp,hihp_imp_desc,0.5,2560,1543,False,False,79815,2,12.6875,4.875,7.8125,15.6875,-3.0
P495_10012,hihp,hihp_imp_desc,0.5,2560,1543,False,False,220,144,8.0,13.25,-5.25,12.9375,-4.9375
P495_1003,hihp,hihp_imp_desc,0.5,2560,1543,False,False,279,84,7.78125,10.5625,-2.78125,11.5,-3.71875
P641_10047,hihp,hihp_imp_desc,0.5,2560,1543,True,True,20075,1,15.3125,13.6875,1.625,15.375,-0.0625
P641_10270,hihp,hihp_imp_desc,0.5,2560,1543,True,False,315,1199,2.953125,2.1875,0.765625,11.875,-8.921875
P740_10016,hihp,hihp_imp_desc,0.5,2560,1543,True,False,220,3847,4.09375,9.0625,-4.96875,16.75,-12.65625
P740_10054,hihp,hihp_imp_desc,0.5,2560,1543,True,False,220,293,6.78125,10.6875,-3.90625,12.25,-5.46875
P937_10004,hihp,hihp_imp_desc,0.5,2560,1543,True,False,279,42,7.9375,9.4375,-1.5,12.5625,-4.625
P937_10060,hihp,hihp_imp_desc,0.5,2560,1543,True,False,279,197,6.5625,9.1875,-2.625,6.71875,-0.15625
P101_10027,hihp,hihp_imp_asc,0.05,256,256,True,False,44279,6,12.1875,6.90625,5.28125,12.0625,0.125
P101_10066,hihp,hihp_imp_asc,0.05,256,256,True,False,279,9,10.9375,7.8125,3.125,11.1875,-0.25
P103_0,hihp,hihp_imp_asc,0.05,256,256,True,True,8753,1,16.25,9.75,6.5,16.375,-0.125
P103_10038,hihp,hihp_imp_asc,0.05,256,256,True,True,8753,1,15.5,10.0625,5.4375,15.5,0.0
P106_10026,hihp,hihp_imp_asc,0.05,256,256,True,False,10212,42,8.75,5.53125,3.21875,8.625,0.125
P106_10076,hihp,hihp_imp_asc,0.05,256,256,True,False,24577,3,13.25,7.1875,6.0625,13.1875,0.0625
P108_10032,hihp,hihp_imp_asc,0.05,256,256,True,True,5195,1,17.25,5.375,11.875,17.0,0.25
P108_10064,hihp,hihp_imp_asc,0.05,256,256,True,False,279,3,10.5625,5.59375,4.96875,10.5625,0.0
P127_10,hihp,hihp_imp_asc,0.05,256,256,True,False,279,3,6.90625,1.65625,5.25,6.96875,-0.0625
P127_10040,hihp,hihp_imp_asc,0.05,256,256,True,False,11,2,10.875,5.03125,5.84375,10.375,0.5
P1303_10011,hihp,hihp_imp_asc,0.05,256,256,True,False,56400,2,11.25,9.5625,1.6875,10.875,0.375
P1303_10017,hihp,hihp_imp_asc,0.05,256,256,True,False,279,7,8.0,7.90625,0.09375,7.875,0.125
P131_10018,hihp,hihp_imp_asc,0.05,256,256,True,False,279,3,13.875,4.9375,8.9375,13.875,0.0
P131_10045,hihp,hihp_imp_asc,0.05,256,256,True,False,279,9,11.125,3.421875,7.703125,11.0625,0.0625
P136_10043,hihp,hihp_imp_asc,0.05,256,256,False,False,520,236,6.28125,7.5625,-1.28125,6.125,0.15625
P136_10065,hihp,hihp_imp_asc,0.05,256,256,True,False,279,2419,2.640625,5.84375,-3.203125,2.546875,0.09375
P138_10042,hihp,hihp_imp_asc,0.05,256,256,True,False,279,6,11.6875,2.8125,8.875,12.0,-0.3125
P138_1009,hihp,hihp_imp_asc,0.05,256,256,True,False,279,2,15.5,8.8125,6.6875,15.5625,-0.0625
P140_1,hihp,hihp_imp_asc,0.05,256,256,True,True,32186,1,14.25,8.375,5.875,14.375,-0.125
P140_100,hihp,hihp_imp_asc,0.05,256,256,True,True,15256,1,15.6875,8.5,7.1875,15.75,-0.0625
P1412_10009,hihp,hihp_imp_asc,0.05,256,256,True,False,315,97,9.0625,7.78125,1.28125,8.9375,0.125
P1412_10036,hihp,hihp_imp_asc,0.05,256,256,False,False,1633,46,11.125,8.6875,2.4375,11.1875,-0.0625
P159_1001,hihp,hihp_imp_asc,0.05,256,256,True,False,26531,2,15.5625,7.6875,7.875,15.375,0.1875
P159_10015,hihp,hihp_imp_asc,0.05,256,256,True,False,35812,2,13.8125,11.875,1.9375,14.0,-0.1875
P17_10005,hihp,hihp_imp_asc,0.05,256,256,True,False,9605,54,9.1875,7.4375,1.75,9.5,-0.3125
P17_10034,hihp,hihp_imp_asc,0.05,256,256,True,False,279,64,9.625,9.8125,-0.1875,10.1875,-0.5625
P176_10014,hihp,hihp_imp_asc,0.05,256,256,True,True,29987,1,17.125,8.3125,8.8125,17.0,0.125
P176_10044,hihp,hihp_imp_asc,0.05,256,256,True,True,30300,1,15.125,7.125,8.0,15.375,-0.25
P178_10019,hihp,hihp_imp_asc,0.05,256,256,True,True,5195,1,15.0,9.5,5.5,15.0,0.0
P178_10020,hihp,hihp_imp_asc,0.05,256,256,True,False,279,2,9.5,5.8125,3.6875,9.1875,0.3125
P19_1002,hihp,hihp_imp_asc,0.05,256,256,True,False,220,2,15.3125,10.625,4.6875,15.625,-0.3125
P19_10031,hihp,hihp_imp_asc,0.05,256,256,True,False,279,4,11.1875,6.53125,4.65625,10.6875,0.5
P190_10000,hihp,hihp_imp_asc,0.05,256,256,True,False,59900,952,5.6875,5.46875,0.21875,6.125,-0.4375
P190_10006,hihp,hihp_imp_asc,0.05,256,256,True,False,666,337,7.375,9.875,-2.5,7.25,0.125
P20_10007,hihp,hihp_imp_asc,0.05,256,256,True,False,220,43,10.9375,7.0,3.9375,10.8125,0.125
P20_1008,hihp,hihp_imp_asc,0.05,256,256,True,False,1561,6,8.9375,9.1875,-0.25,8.9375,0.0
P264_1000,hihp,hihp_imp_asc,0.05,256,256,True,False,2663,2283,2.296875,1.03125,1.265625,2.40625,-0.109375
P264_10597,hihp,hihp_imp_asc,0.05,256,256,True,False,279,29,8.125,3.90625,4.21875,7.625,0.5
P27_10002,hihp,hihp_imp_asc,0.05,256,256,True,True,10057,1,15.0,8.6875,6.3125,14.9375,0.0625
P27_10008,hihp,hihp_imp_asc,0.05,256,256,True,True,15704,1,12.9375,10.25,2.6875,12.875,0.0625
P276_10021,hihp,hihp_imp_asc,0.05,256,256,True,False,279,538,5.15625,2.34375,2.8125,5.21875,-0.0625
P276_10062,hihp,hihp_imp_asc,0.05,256,256,True,False,13160,13,12.5,1.6953125,10.8046875,12.8125,-0.3125
P30_10003,hihp,hihp_imp_asc,0.05,256,256,True,False,279,30,10.3125,6.3125,4.0,10.5625,-0.25
P30_10028,hihp,hihp_imp_asc,0.05,256,256,True,True,72787,1,16.875,10.9375,5.9375,16.75,0.125
P36_10035,hihp,hihp_imp_asc,0.05,256,256,True,True,86545,1,16.375,5.0625,11.3125,16.375,0.0
P36_10369,hihp,hihp_imp_asc,0.05,256,256,True,True,12366,1,13.125,6.34375,6.78125,13.1875,-0.0625
P364_10013,hihp,hihp_imp_asc,0.05,256,256,True,True,6498,1,12.25,11.5625,0.6875,12.1875,0.0625
P364_10039,hihp,hihp_imp_asc,0.05,256,256,True,False,264,36,10.0,8.6875,1.3125,9.875,0.125
P37_10078,hihp,hihp_imp_asc,0.05,256,256,False,True,6498,2,16.25,5.53125,10.71875,16.0,0.25
P37_10134,hihp,hihp_imp_asc,0.05,256,256,True,False,1443,2,16.5,4.21875,12.28125,16.5,0.0
P39_10010,hihp,hihp_imp_asc,0.05,256,256,False,False,36959,45,10.625,6.78125,3.84375,10.125,0.5
P39_10025,hihp,hihp_imp_asc,0.05,256,256,True,False,721,48,9.4375,4.625,4.8125,9.25,0.1875
P407_10033,hihp,hihp_imp_asc,0.05,256,256,True,False,539,13,11.4375,7.71875,3.71875,11.8125,-0.375
P407_10082,hihp,hihp_imp_asc,0.05,256,256,True,False,264,17,10.9375,7.5,3.4375,11.1875,-0.25
P413_10029,hihp,hihp_imp_asc,0.05,256,256,True,False,315,6,11.8125,6.46875,5.34375,11.6875,0.125
P413_1006,hihp,hihp_imp_asc,0.05,256,256,True,False,41047,209,7.8125,12.625,-4.8125,7.84375,-0.03125
P449_10023,hihp,hihp_imp_asc,0.05,256,256,True,False,220,89,8.375,6.84375,1.53125,8.3125,0.0625
P449_10104,hihp,hihp_imp_asc,0.05,256,256,True,False,23469,19,11.5,11.1875,0.3125,11.625,-0.125
P463_10050,hihp,hihp_imp_asc,0.05,256,256,True,False,39144,2,13.0625,2.84375,10.21875,12.875,0.1875
P463_10121,hihp,hihp_imp_asc,0.05,256,256,True,True,44742,1,15.6875,5.1875,10.5,15.6875,0.0
P495_10012,hihp,hihp_imp_asc,0.05,256,256,True,False,279,10,12.625,8.5625,4.0625,12.9375,-0.3125
P495_1003,hihp,hihp_imp_asc,0.05,256,256,True,False,20632,13,11.625,8.1875,3.4375,11.5,0.125
P641_10047,hihp,hihp_imp_asc,0.05,256,256,True,True,20075,1,15.5,11.625,3.875,15.375,0.125
P641_10270,hihp,hihp_imp_asc,0.05,256,256,True,False,315,12,11.8125,10.375,1.4375,11.875,-0.0625
P740_10016,hihp,hihp_imp_asc,0.05,256,256,True,False,220,2,17.0,9.1875,7.8125,16.75,0.25
P740_10054,hihp,hihp_imp_asc,0.05,256,256,True,False,220,12,11.875,8.8125,3.0625,12.25,-0.375
P937_10004,hihp,hihp_imp_asc,0.05,256,256,True,False,279,4,12.5625,12.6875,-0.125,12.5625,0.0
P937_10060,hihp,hihp_imp_asc,0.05,256,256,True,False,279,159,6.65625,9.5,-2.84375,6.71875,-0.0625
P101_10027,hihp,hihp_imp_asc,0.1,512,512,False,False,47976,6,11.8125,6.9375,4.875,12.0625,-0.25
P101_10066,hihp,hihp_imp_asc,0.1,512,512,True,False,279,9,10.625,8.125,2.5,11.1875,-0.5625
P103_0,hihp,hihp_imp_asc,0.1,512,512,True,True,8753,1,16.375,9.6875,6.6875,16.375,0.0
P103_10038,hihp,hihp_imp_asc,0.1,512,512,True,True,8753,1,15.25,10.25,5.0,15.5,-0.25
P106_10026,hihp,hihp_imp_asc,0.1,512,512,True,False,10212,32,9.25,5.875,3.375,8.625,0.625
P106_10076,hihp,hihp_imp_asc,0.1,512,512,True,False,24577,3,13.5,7.09375,6.40625,13.1875,0.3125
P108_10032,hihp,hihp_imp_asc,0.1,512,512,True,True,5195,1,17.0,5.1875,11.8125,17.0,0.0
P108_10064,hihp,hihp_imp_asc,0.1,512,512,True,False,279,3,10.5,5.875,4.625,10.5625,-0.0625
P127_10,hihp,hihp_imp_asc,0.1,512,512,True,False,279,3,6.96875,2.046875,4.921875,6.96875,0.0
P127_10040,hihp,hihp_imp_asc,0.1,512,512,True,False,11,2,10.4375,5.0625,5.375,10.375,0.0625
P1303_10011,hihp,hihp_imp_asc,0.1,512,512,True,False,56400,2,11.125,9.1875,1.9375,10.875,0.25
P1303_10017,hihp,hihp_imp_asc,0.1,512,512,True,False,279,6,8.3125,8.1875,0.125,7.875,0.4375
P131_10018,hihp,hihp_imp_asc,0.1,512,512,True,False,279,3,13.8125,4.84375,8.96875,13.875,-0.0625
P131_10045,hihp,hihp_imp_asc,0.1,512,512,True,False,279,12,10.75,3.375,7.375,11.0625,-0.3125
P136_10043,hihp,hihp_imp_asc,0.1,512,512,False,False,520,263,6.09375,7.375,-1.28125,6.125,-0.03125
P136_10065,hihp,hihp_imp_asc,0.1,512,512,True,False,279,2537,2.609375,5.96875,-3.359375,2.546875,0.0625
P138_10042,hihp,hihp_imp_asc,0.1,512,512,True,False,279,3,11.6875,2.65625,9.03125,12.0,-0.3125
P138_1009,hihp,hihp_imp_asc,0.1,512,512,True,False,279,2,14.75,8.375,6.375,15.5625,-0.8125
P140_1,hihp,hihp_imp_asc,0.1,512,512,True,True,32186,1,14.3125,8.4375,5.875,14.375,-0.0625
P140_100,hihp,hihp_imp_asc,0.1,512,512,True,True,15256,1,15.875,8.375,7.5,15.75,0.125
P1412_10009,hihp,hihp_imp_asc,0.1,512,512,True,False,315,99,9.0,7.875,1.125,8.9375,0.0625
P1412_10036,hihp,hihp_imp_asc,0.1,512,512,False,False,1633,43,11.25,8.625,2.625,11.1875,0.0625
P159_1001,hihp,hihp_imp_asc,0.1,512,512,True,False,26531,2,15.125,8.125,7.0,15.375,-0.25
P159_10015,hihp,hihp_imp_asc,0.1,512,512,True,False,35812,2,13.4375,11.5,1.9375,14.0,-0.5625
P17_10005,hihp,hihp_imp_asc,0.1,512,512,True,False,9605,60,8.9375,7.8125,1.125,9.5,-0.5625
P17_10034,hihp,hihp_imp_asc,0.1,512,512,True,False,279,80,9.5,10.0,-0.5,10.1875,-0.6875
P176_10014,hihp,hihp_imp_asc,0.1,512,512,True,True,29987,1,16.75,8.5625,8.1875,17.0,-0.25
P176_10044,hihp,hihp_imp_asc,0.1,512,512,True,True,30300,1,15.1875,7.4375,7.75,15.375,-0.1875
P178_10019,hihp,hihp_imp_asc,0.1,512,512,True,True,5195,1,15.0625,9.6875,5.375,15.0,0.0625
P178_10020,hihp,hihp_imp_asc,0.1,512,512,True,False,279,2,9.375,5.96875,3.40625,9.1875,0.1875
P19_1002,hihp,hihp_imp_asc,0.1,512,512,True,False,220,2,15.0,11.0,4.0,15.625,-0.625
P19_10031,hihp,hihp_imp_asc,0.1,512,512,True,False,279,4,11.375,6.6875,4.6875,10.6875,0.6875
P190_10000,hihp,hihp_imp_asc,0.1,512,512,True,False,59900,416,6.625,6.0,0.625,6.125,0.5
P190_10006,hihp,hihp_imp_asc,0.1,512,512,True,False,666,365,7.25,10.0625,-2.8125,7.25,0.0
P20_10007,hihp,hihp_imp_asc,0.1,512,512,True,False,220,34,11.1875,6.84375,4.34375,10.8125,0.375
P20_1008,hihp,hihp_imp_asc,0.1,512,512,True,False,1561,5,9.0,9.375,-0.375,8.9375,0.0625
P264_1000,hihp,hihp_imp_asc,0.1,512,512,True,False,2663,2629,2.296875,1.0390625,1.2578125,2.40625,-0.109375
P264_10597,hihp,hihp_imp_asc,0.1,512,512,True,False,279,15,8.0,3.640625,4.359375,7.625,0.375
P27_10002,hihp,hihp_imp_asc,0.1,512,512,True,True,10057,1,15.0625,9.0,6.0625,14.9375,0.125
P27_10008,hihp,hihp_imp_asc,0.1,512,512,True,True,15704,1,13.1875,10.75,2.4375,12.875,0.3125
P276_10021,hihp,hihp_imp_asc,0.1,512,512,True,False,279,441,5.375,2.375,3.0,5.21875,0.15625
P276_10062,hihp,hihp_imp_asc,0.1,512,512,True,False,13160,8,12.6875,1.53125,11.15625,12.8125,-0.125
P30_10003,hihp,hihp_imp_asc,0.1,512,512,True,False,279,30,10.25,6.40625,3.84375,10.5625,-0.3125
P30_10028,hihp,hihp_imp_asc,0.1,512,512,True,True,72787,1,17.0,11.25,5.75,16.75,0.25
P36_10035,hihp,hihp_imp_asc,0.1,512,512,True,True,86545,1,16.5,5.3125,11.1875,16.375,0.125
P36_10369,hihp,hihp_imp_asc,0.1,512,512,True,True,12366,1,13.25,6.21875,7.03125,13.1875,0.0625
P364_10013,hihp,hihp_imp_asc,0.1,512,512,True,True,6498,1,11.9375,11.3125,0.625,12.1875,-0.25
P364_10039,hihp,hihp_imp_asc,0.1,512,512,True,False,264,21,10.4375,9.4375,1.0,9.875,0.5625
P37_10078,hihp,hihp_imp_asc,0.1,512,512,True,False,22164,2,16.375,5.1875,11.1875,16.0,0.375
P37_10134,hihp,hihp_imp_asc,0.1,512,512,True,False,1443,2,16.625,4.25,12.375,16.5,0.125
P39_10010,hihp,hihp_imp_asc,0.1,512,512,False,False,836,48,10.4375,6.84375,3.59375,10.125,0.3125
P39_10025,hihp,hihp_imp_asc,0.1,512,512,True,False,721,47,9.3125,4.59375,4.71875,9.25,0.0625
P407_10033,hihp,hihp_imp_asc,0.1,512,512,True,False,539,13,11.3125,7.59375,3.71875,11.8125,-0.5
P407_10082,hihp,hihp_imp_asc,0.1,512,512,True,False,264,17,11.0625,8.0,3.0625,11.1875,-0.125
P413_10029,hihp,hihp_imp_asc,0.1,512,512,True,False,315,7,11.9375,6.625,5.3125,11.6875,0.25
P413_1006,hihp,hihp_imp_asc,0.1,512,512,True,False,41047,165,8.0625,12.8125,-4.75,7.84375,0.21875
P449_10023,hihp,hihp_imp_asc,0.1,512,512,False,False,6250,61,9.0625,7.875,1.1875,8.3125,0.75
P449_10104,hihp,hihp_imp_asc,0.1,512,512,True,False,23469,17,11.5625,11.1875,0.375,11.625,-0.0625
P463_10050,hihp,hihp_imp_asc,0.1,512,512,True,False,39144,2,13.1875,2.890625,10.296875,12.875,0.3125
P463_10121,hihp,hihp_imp_asc,0.1,512,512,True,True,44742,1,15.5625,5.15625,10.40625,15.6875,-0.125
P495_10012,hihp,hihp_imp_asc,0.1,512,512,True,False,279,9,12.75,9.125,3.625,12.9375,-0.1875
P495_1003,hihp,hihp_imp_asc,0.1,512,512,True,False,20632,13,11.6875,8.625,3.0625,11.5,0.1875
P641_10047,hihp,hihp_imp_asc,0.1,512,512,True,True,20075,1,15.5625,11.25,4.3125,15.375,0.1875
P641_10270,hihp,hihp_imp_asc,0.1,512,512,True,False,315,15,11.5625,9.9375,1.625,11.875,-0.3125
P740_10016,hihp,hihp_imp_asc,0.1,512,512,True,False,220,2,17.0,9.625,7.375,16.75,0.25
P740_10054,hihp,hihp_imp_asc,0.1,512,512,True,False,220,9,11.8125,8.625,3.1875,12.25,-0.4375
P937_10004,hihp,hihp_imp_asc,0.1,512,512,True,False,279,4,12.625,12.8125,-0.1875,12.5625,0.0625
P937_10060,hihp,hihp_imp_asc,0.1,512,512,True,False,279,147,6.65625,9.4375,-2.78125,6.71875,-0.0625
P101_10027,hihp,hihp_imp_asc,0.2,1024,1024,False,False,47976,6,11.5625,7.0625,4.5,12.0625,-0.5
P101_10066,hihp,hihp_imp_asc,0.2,1024,1024,True,False,279,10,10.375,8.0625,2.3125,11.1875,-0.8125
P103_0,hihp,hihp_imp_asc,0.2,1024,1024,True,True,8753,1,16.75,9.8125,6.9375,16.375,0.375
P103_10038,hihp,hihp_imp_asc,0.2,1024,1024,True,True,8753,1,15.0,10.25,4.75,15.5,-0.5
P106_10026,hihp,hihp_imp_asc,0.2,1024,1024,True,False,10212,27,9.0625,6.59375,2.46875,8.625,0.4375
P106_10076,hihp,hihp_imp_asc,0.2,1024,1024,True,False,24577,3,13.375,6.5,6.875,13.1875,0.1875
P108_10032,hihp,hihp_imp_asc,0.2,1024,1024,True,True,5195,1,16.5,5.1875,11.3125,17.0,-0.5
P108_10064,hihp,hihp_imp_asc,0.2,1024,1024,True,False,279,7,9.3125,6.65625,2.65625,10.5625,-1.25
P127_10,hihp,hihp_imp_asc,0.2,1024,1024,True,False,279,3,6.75,2.609375,4.140625,6.96875,-0.21875
P127_10040,hihp,hihp_imp_asc,0.2,1024,1024,True,False,11,3,10.375,5.625,4.75,10.375,0.0
P1303_10011,hihp,hihp_imp_asc,0.2,1024,1024,False,True,92359,1,11.75,9.9375,1.8125,10.875,0.875
P1303_10017,hihp,hihp_imp_asc,0.2,1024,1024,True,False,279,3,9.375,9.0,0.375,7.875,1.5
P131_10018,hihp,hihp_imp_asc,0.2,1024,1024,True,False,279,3,13.6875,5.21875,8.46875,13.875,-0.1875
P131_10045,hihp,hihp_imp_asc,0.2,1024,1024,True,False,279,8,11.8125,3.375,8.4375,11.0625,0.75
P136_10043,hihp,hihp_imp_asc,0.2,1024,1024,False,False,520,207,6.53125,7.875,-1.34375,6.125,0.40625
P136_10065,hihp,hihp_imp_asc,0.2,1024,1024,True,False,279,4319,1.7265625,5.75,-4.0234375,2.546875,-0.8203125
P138_10042,hihp,hihp_imp_asc,0.2,1024,1024,True,False,279,2,12.9375,3.890625,9.046875,12.0,0.9375
P138_1009,hihp,hihp_imp_asc,0.2,1024,1024,True,False,279,4,14.375,7.75,6.625,15.5625,-1.1875
P140_1,hihp,hihp_imp_asc,0.2,1024,1024,True,True,32186,1,14.0,9.5,4.5,14.375,-0.375
P140_100,hihp,hihp_imp_asc,0.2,1024,1024,True,True,15256,1,15.5625,8.5,7.0625,15.75,-0.1875
P1412_10009,hihp,hihp_imp_asc,0.2,1024,1024,True,False,315,110,8.875,8.0,0.875,8.9375,-0.0625
P1412_10036,hihp,hihp_imp_asc,0.2,1024,1024,False,False,1633,43,11.25,8.625,2.625,11.1875,0.0625
P159_1001,hihp,hihp_imp_asc,0.2,1024,1024,True,False,26531,2,13.9375,9.25,4.6875,15.375,-1.4375
P159_10015,hihp,hihp_imp_asc,0.2,1024,1024,True,False,35812,2,13.1875,11.1875,2.0,14.0,-0.8125
P17_10005,hihp,hihp_imp_asc,0.2,1024,1024,False,False,279,78,8.5625,7.28125,1.28125,9.5,-0.9375
P17_10034,hihp,hihp_imp_asc,0.2,1024,1024,True,False,279,104,9.3125,10.6875,-1.375,10.1875,-0.875
P176_10014,hihp,hihp_imp_asc,0.2,1024,1024,True,True,29987,1,16.5,9.1875,7.3125,17.0,-0.5
P176_10044,hihp,hihp_imp_asc,0.2,1024,1024,True,True,30300,1,14.3125,7.375,6.9375,15.375,-1.0625
P178_10019,hihp,hihp_imp_asc,0.2,1024,1024,True,True,5195,1,14.0,9.6875,4.3125,15.0,-1.0
P178_10020,hihp,hihp_imp_asc,0.2,1024,1024,True,False,279,2,9.75,6.125,3.625,9.1875,0.5625
P19_1002,hihp,hihp_imp_asc,0.2,1024,1024,True,False,220,2,14.375,11.0625,3.3125,15.625,-1.25
P19_10031,hihp,hihp_imp_asc,0.2,1024,1024,False,False,6457,3,12.6875,7.96875,4.71875,10.6875,2.0
P190_10000,hihp,hihp_imp_asc,0.2,1024,1024,True,False,59900,123,8.125,6.34375,1.78125,6.125,2.0
P190_10006,hihp,hihp_imp_asc,0.2,1024,1024,True,False,666,300,7.5,10.6875,-3.1875,7.25,0.25
P20_10007,hihp,hihp_imp_asc,0.2,1024,1024,True,False,220,52,10.375,6.59375,3.78125,10.8125,-0.4375
P20_1008,hihp,hihp_imp_asc,0.2,1024,1024,True,False,1561,6,9.3125,9.75,-0.4375,8.9375,0.375
P264_1000,hihp,hihp_imp_asc,0.2,1024,1024,True,False,2663,2712,2.359375,1.8984375,0.4609375,2.40625,-0.046875
P264_10597,hihp,hihp_imp_asc,0.2,1024,1024,True,False,279,10,8.0625,5.03125,3.03125,7.625,0.4375
P27_10002,hihp,hihp_imp_asc,0.2,1024,1024,True,True,10057,1,14.5625,8.875,5.6875,14.9375,-0.375
P27_10008,hihp,hihp_imp_asc,0.2,1024,1024,True,True,15704,1,13.5625,11.5625,2.0,12.875,0.6875
P276_10021,hihp,hihp_imp_asc,0.2,1024,1024,True,False,279,625,4.9375,2.28125,2.65625,5.21875,-0.28125
P276_10062,hihp,hihp_imp_asc,0.2,1024,1024,False,False,6982,13,11.875,1.625,10.25,12.8125,-0.9375
P30_10003,hihp,hihp_imp_asc,0.2,1024,1024,True,False,279,11,11.5,7.25,4.25,10.5625,0.9375
P30_10028,hihp,hihp_imp_asc,0.2,1024,1024,True,True,72787,1,17.125,11.1875,5.9375,16.75,0.375
P36_10035,hihp,hihp_imp_asc,0.2,1024,1024,True,True,86545,1,16.625,6.71875,9.90625,16.375,0.25
P36_10369,hihp,hihp_imp_asc,0.2,1024,1024,True,True,12366,1,14.1875,6.8125,7.375,13.1875,1.0
P364_10013,hihp,hihp_imp_asc,0.2,1024,1024,False,False,279,5,11.3125,10.8125,0.5,12.1875,-0.875
P364_10039,hihp,hihp_imp_asc,0.2,1024,1024,True,False,264,5,11.9375,10.9375,1.0,9.875,2.0625
P37_10078,hihp,hihp_imp_asc,0.2,1024,1024,False,True,6498,1,17.125,4.90625,12.21875,16.0,1.125
P37_10134,hihp,hihp_imp_asc,0.2,1024,1024,True,False,1443,2,15.9375,4.59375,11.34375,16.5,-0.5625
P39_10010,hihp,hihp_imp_asc,0.2,1024,1024,False,False,36959,23,10.875,6.875,4.0,10.125,0.75
P39_10025,hihp,hihp_imp_asc,0.2,1024,1024,False,False,279,52,9.125,4.8125,4.3125,9.25,-0.125
P407_10033,hihp,hihp_imp_asc,0.2,1024,1024,True,False,539,16,11.25,7.71875,3.53125,11.8125,-0.5625
P407_10082,hihp,hihp_imp_asc,0.2,1024,1024,True,False,264,15,11.5,7.84375,3.65625,11.1875,0.3125
P413_10029,hihp,hihp_imp_asc,0.2,1024,1024,True,False,315,22,10.3125,4.9375,5.375,11.6875,-1.375
P413_1006,hihp,hihp_imp_asc,0.2,1024,1024,False,False,14013,205,7.5,12.5,-5.0,7.84375,-0.34375
P449_10023,hihp,hihp_imp_asc,0.2,1024,1024,True,False,220,51,9.375,8.8125,0.5625,8.3125,1.0625
P449_10104,hihp,hihp_imp_asc,0.2,1024,1024,True,False,23469,17,11.4375,11.0625,0.375,11.625,-0.1875
P463_10050,hihp,hihp_imp_asc,0.2,1024,1024,True,False,39144,2,13.3125,3.453125,9.859375,12.875,0.4375
P463_10121,hihp,hihp_imp_asc,0.2,1024,1024,False,False,14875,2,15.0625,4.75,10.3125,15.6875,-0.625
P495_10012,hihp,hihp_imp_asc,0.2,1024,1024,True,False,279,7,13.0625,10.25,2.8125,12.9375,0.125
P495_1003,hihp,hihp_imp_asc,0.2,1024,1024,True,False,20632,10,12.0625,8.9375,3.125,11.5,0.5625
P641_10047,hihp,hihp_imp_asc,0.2,1024,1024,True,True,20075,1,15.4375,11.9375,3.5,15.375,0.0625
P641_10270,hihp,hihp_imp_asc,0.2,1024,1024,True,False,315,21,10.9375,9.75,1.1875,11.875,-0.9375
P740_10016,hihp,hihp_imp_asc,0.2,1024,1024,True,False,220,2,15.9375,9.875,6.0625,16.75,-0.8125
P740_10054,hihp,hihp_imp_asc,0.2,1024,1024,True,False,220,8,11.8125,9.1875,2.625,12.25,-0.4375
P937_10004,hihp,hihp_imp_asc,0.2,1024,1024,True,False,279,7,11.3125,11.75,-0.4375,12.5625,-1.25
P937_10060,hihp,hihp_imp_asc,0.2,1024,1024,True,False,279,68,7.625,10.0625,-2.4375,6.71875,0.90625
P101_10027,hihp,hihp_imp_asc,0.3,1536,1536,False,False,2802,299,6.875,6.5,0.375,12.0625,-5.1875
P101_10066,hihp,hihp_imp_asc,0.3,1536,1536,True,False,279,47,8.875,8.3125,0.5625,11.1875,-2.3125
P103_0,hihp,hihp_imp_asc,0.3,1536,1536,True,True,8753,1,16.125,8.9375,7.1875,16.375,-0.25
P103_10038,hihp,hihp_imp_asc,0.3,1536,1536,False,False,279,2,11.625,7.0625,4.5625,15.5,-3.875
P106_10026,hihp,hihp_imp_asc,0.3,1536,1536,False,False,264,905,4.78125,7.9375,-3.15625,8.625,-3.84375
P106_10076,hihp,hihp_imp_asc,0.3,1536,1536,False,False,3778,22,10.75,4.1875,6.5625,13.1875,-2.4375
P108_10032,hihp,hihp_imp_asc,0.3,1536,1536,False,False,279,2,12.5,5.53125,6.96875,17.0,-4.5
P108_10064,hihp,hihp_imp_asc,0.3,1536,1536,True,False,279,23,7.0625,6.71875,0.34375,10.5625,-3.5
P127_10,hihp,hihp_imp_asc,0.3,1536,1536,True,False,279,136,3.953125,4.9375,-0.984375,6.96875,-3.015625
P127_10040,hihp,hihp_imp_asc,0.3,1536,1536,False,False,315,4740,2.015625,3.40625,-1.390625,10.375,-8.359375
P1303_10011,hihp,hihp_imp_asc,0.3,1536,1536,False,False,27374,67,5.09375,7.3125,-2.21875,10.875,-5.78125
P1303_10017,hihp,hihp_imp_asc,0.3,1536,1536,True,False,279,3,11.1875,11.625,-0.4375,7.875,3.3125
P131_10018,hihp,hihp_imp_asc,0.3,1536,1536,True,False,279,288,6.375,4.875,1.5,13.875,-7.5
P131_10045,hihp,hihp_imp_asc,0.3,1536,1536,True,False,279,4,13.8125,5.53125,8.28125,11.0625,2.75
P136_10043,hihp,hihp_imp_asc,0.3,1536,1536,False,False,520,432,5.6875,7.03125,-1.34375,6.125,-0.4375
P136_10065,hihp,hihp_imp_asc,0.3,1536,1536,True,False,279,24593,0.306640625,6.375,-6.068359375,2.546875,-2.240234375
P138_10042,hihp,hihp_imp_asc,0.3,1536,1536,True,False,279,5,10.4375,3.671875,6.765625,12.0,-1.5625
P138_1009,hihp,hihp_imp_asc,0.3,1536,1536,True,False,279,123,9.1875,8.125,1.0625,15.5625,-6.375
P140_1,hihp,hihp_imp_asc,0.3,1536,1536,False,False,15256,5,12.1875,14.5,-2.3125,14.375,-2.1875
P140_100,hihp,hihp_imp_asc,0.3,1536,1536,False,False,279,8,9.0625,4.53125,4.53125,15.75,-6.6875
P1412_10009,hihp,hihp_imp_asc,0.3,1536,1536,True,False,315,2179,4.21875,8.375,-4.15625,8.9375,-4.71875
P1412_10036,hihp,hihp_imp_asc,0.3,1536,1536,True,False,539,146,9.875,8.375,1.5,11.1875,-1.3125
P159_1001,hihp,hihp_imp_asc,0.3,1536,1536,False,False,10057,568,6.375,12.375,-6.0,15.375,-9.0
P159_10015,hihp,hihp_imp_asc,0.3,1536,1536,False,False,20005,163,7.40625,7.40625,0.0,14.0,-6.59375
P17_10005,hihp,hihp_imp_asc,0.3,1536,1536,False,False,279,1364,5.25,8.6875,-3.4375,9.5,-4.25
P17_10034,hihp,hihp_imp_asc,0.3,1536,1536,True,False,279,665,6.21875,10.0,-3.78125,10.1875,-3.96875
P176_10014,hihp,hihp_imp_asc,0.3,1536,1536,False,False,30300,7,10.9375,15.8125,-4.875,17.0,-6.0625
P176_10044,hihp,hihp_imp_asc,0.3,1536,1536,False,False,42981,5,11.0625,7.375,3.6875,15.375,-4.3125
P178_10019,hihp,hihp_imp_asc,0.3,1536,1536,True,True,5195,1,10.375,9.1875,1.1875,15.0,-4.625
P178_10020,hihp,hihp_imp_asc,0.3,1536,1536,False,True,5210,1,14.5625,11.1875,3.375,9.1875,5.375
P19_1002,hihp,hihp_imp_asc,0.3,1536,1536,False,False,279,12,8.4375,8.625,-0.1875,15.625,-7.1875
P19_10031,hihp,hihp_imp_asc,0.3,1536,1536,False,False,8494,7,11.4375,10.25,1.1875,10.6875,0.75
P190_10000,hihp,hihp_imp_asc,0.3,1536,1536,False,False,279,54,8.9375,7.84375,1.09375,6.125,2.8125
P190_10006,hihp,hihp_imp_asc,0.3,1536,1536,True,False,666,577,6.375,10.3125,-3.9375,7.25,-0.875
P20_10007,hihp,hihp_imp_asc,0.3,1536,1536,True,False,220,373,6.84375,9.125,-2.28125,10.8125,-3.96875
P20_1008,hihp,hihp_imp_asc,0.3,1536,1536,False,False,264,468,6.21875,7.28125,-1.0625,8.9375,-2.71875
P264_1000,hihp,hihp_imp_asc,0.3,1536,1536,False,False,264,1283,2.78125,3.703125,-0.921875,2.40625,0.375
P264_10597,hihp,hihp_imp_asc,0.3,1536,1536,True,False,279,457,3.1875,1.625,1.5625,7.625,-4.4375
P27_10002,hihp,hihp_imp_asc,0.3,1536,1536,True,True,10057,1,13.25,10.125,3.125,14.9375,-1.6875
P27_10008,hihp,hihp_imp_asc,0.3,1536,1536,False,False,279,5,12.25,13.5,-1.25,12.875,-0.625
P276_10021,hihp,hihp_imp_asc,0.3,1536,1536,True,False,279,472,5.53125,2.59375,2.9375,5.21875,0.3125
P276_10062,hihp,hihp_imp_asc,0.3,1536,1536,False,False,279,638,5.46875,4.65625,0.8125,12.8125,-7.34375
P30_10003,hihp,hihp_imp_asc,0.3,1536,1536,False,True,72787,1,15.9375,9.9375,6.0,10.5625,5.375
P30_10028,hihp,hihp_imp_asc,0.3,1536,1536,True,True,72787,1,16.0,12.875,3.125,16.75,-0.75
P36_10035,hihp,hihp_imp_asc,0.3,1536,1536,False,False,20437,2,13.1875,12.0625,1.125,16.375,-3.1875
P36_10369,hihp,hihp_imp_asc,0.3,1536,1536,False,False,81801,6,12.875,8.4375,4.4375,13.1875,-0.3125
P364_10013,hihp,hihp_imp_asc,0.3,1536,1536,False,False,539,298,7.625,7.0,0.625,12.1875,-4.5625
P364_10039,hihp,hihp_imp_asc,0.3,1536,1536,False,False,6498,63,9.75,16.5,-6.75,9.875,-0.125
P37_10078,hihp,hihp_imp_asc,0.3,1536,1536,False,True,6498,2,15.75,5.03125,10.71875,16.0,-0.25
P37_10134,hihp,hihp_imp_asc,0.3,1536,1536,False,True,6498,1,14.6875,4.8125,9.875,16.5,-1.8125
P39_10010,hihp,hihp_imp_asc,0.3,1536,1536,False,False,8753,96,8.1875,4.21875,3.96875,10.125,-1.9375
P39_10025,hihp,hihp_imp_asc,0.3,1536,1536,False,False,279,17,9.125,7.28125,1.84375,9.25,-0.125
P407_10033,hihp,hihp_imp_asc,0.3,1536,1536,False,False,264,352,7.71875,5.78125,1.9375,11.8125,-4.09375
P407_10082,hihp,hihp_imp_asc,0.3,1536,1536,False,False,220,3742,4.0,9.1875,-5.1875,11.1875,-7.1875
P413_10029,hihp,hihp_imp_asc,0.3,1536,1536,True,False,315,178,7.0,4.59375,2.40625,11.6875,-4.6875
P413_1006,hihp,hihp_imp_asc,0.3,1536,1536,False,False,279,26092,-1.7734375,-1.0078125,-0.765625,7.84375,-9.6171875
P449_10023,hihp,hihp_imp_asc,0.3,1536,1536,False,False,23469,26,11.375,11.5,-0.125,8.3125,3.0625
P449_10104,hihp,hihp_imp_asc,0.3,1536,1536,False,False,279,15,12.0,11.75,0.25,11.625,0.375
P463_10050,hihp,hihp_imp_asc,0.3,1536,1536,False,True,44742,1,15.3125,4.84375,10.46875,12.875,2.4375
P463_10121,hihp,hihp_imp_asc,0.3,1536,1536,False,False,79815,2,12.8125,4.90625,7.90625,15.6875,-2.875
P495_10012,hihp,hihp_imp_asc,0.3,1536,1536,False,False,220,15,11.4375,13.0625,-1.625,12.9375,-1.5
P495_1003,hihp,hihp_imp_asc,0.3,1536,1536,False,False,279,21,9.0625,10.0625,-1.0,11.5,-2.4375
P641_10047,hihp,hihp_imp_asc,0.3,1536,1536,True,True,20075,1,15.4375,13.875,1.5625,15.375,0.0625
P641_10270,hihp,hihp_imp_asc,0.3,1536,1536,True,False,315,1145,2.90625,2.125,0.78125,11.875,-8.96875
P740_10016,hihp,hihp_imp_asc,0.3,1536,1536,True,False,220,2261,4.71875,9.375,-4.65625,16.75,-12.03125
P740_10054,hihp,hihp_imp_asc,0.3,1536,1536,True,False,220,17,10.1875,11.125,-0.9375,12.25,-2.0625
P937_10004,hihp,hihp_imp_asc,0.3,1536,1536,True,False,279,31,8.5625,9.625,-1.0625,12.5625,-4.0
P937_10060,hihp,hihp_imp_asc,0.3,1536,1536,True,False,279,94,7.1875,9.6875,-2.5,6.71875,0.46875
P101_10027,hihp,hihp_imp_asc,0.5,2560,1543,False,False,2802,287,6.96875,6.46875,0.5,12.0625,-5.09375
P101_10066,hihp,hihp_imp_asc,0.5,2560,1543,True,False,279,48,8.8125,8.375,0.4375,11.1875,-2.375
P103_0,hihp,hihp_imp_asc,0.5,2560,1543,False,False,24113,3,13.375,8.9375,4.4375,16.375,-3.0
P103_10038,hihp,hihp_imp_asc,0.5,2560,1543,False,False,279,2,10.5,7.15625,3.34375,15.5,-5.0
P106_10026,hihp,hihp_imp_asc,0.5,2560,1543,False,False,264,804,4.9375,7.9375,-3.0,8.625,-3.6875
P106_10076,hihp,hihp_imp_asc,0.5,2560,1543,False,False,18328,29,10.5,3.890625,6.609375,13.1875,-2.6875
P108_10032,hihp,hihp_imp_asc,0.5,2560,1543,False,False,279,2,11.8125,5.78125,6.03125,17.0,-5.1875
P108_10064,hihp,hihp_imp_asc,0.5,2560,1543,True,False,279,24,6.90625,6.71875,0.1875,10.5625,-3.65625
P127_10,hihp,hihp_imp_asc,0.5,2560,1543,True,False,279,203,3.59375,4.8125,-1.21875,6.96875,-3.375
P127_10040,hihp,hihp_imp_asc,0.5,2560,1543,False,False,315,14299,1.265625,3.9375,-2.671875,10.375,-9.109375
P1303_10011,hihp,hihp_imp_asc,0.5,2560,1543,False,False,220,200,4.25,6.75,-2.5,10.875,-6.625
P1303_10017,hihp,hihp_imp_asc,0.5,2560,1543,True,False,279,4,11.1875,11.625,-0.4375,7.875,3.3125
P131_10018,hihp,hihp_imp_asc,0.5,2560,1543,True,False,279,2812,3.609375,3.96875,-0.359375,13.875,-10.265625
P131_10045,hihp,hihp_imp_asc,0.5,2560,1543,True,False,279,264,7.90625,5.03125,2.875,11.0625,-3.15625
P136_10043,hihp,hihp_imp_asc,0.5,2560,1543,False,False,520,484,5.5,6.8125,-1.3125,6.125,-0.625
P136_10065,hihp,hihp_imp_asc,0.5,2560,1543,True,False,279,27965,0.1904296875,5.96875,-5.7783203125,2.546875,-2.3564453125
P138_10042,hihp,hihp_imp_asc,0.5,2560,1543,True,False,279,92,7.59375,3.796875,3.796875,12.0,-4.40625
P138_1009,hihp,hihp_imp_asc,0.5,2560,1543,True,False,279,827,6.75,6.84375,-0.09375,15.5625,-8.8125
P140_1,hihp,hihp_imp_asc,0.5,2560,1543,False,False,15256,111,8.625,15.375,-6.75,14.375,-5.75
P140_100,hihp,hihp_imp_asc,0.5,2560,1543,False,False,279,13,9.0,4.40625,4.59375,15.75,-6.75
P1412_10009,hihp,hihp_imp_asc,0.5,2560,1543,True,False,315,6253,2.8125,8.125,-5.3125,8.9375,-6.125
P1412_10036,hihp,hihp_imp_asc,0.5,2560,1543,True,False,539,427,8.6875,8.375,0.3125,11.1875,-2.5
P159_1001,hihp,hihp_imp_asc,0.5,2560,1543,False,False,279,3262,3.515625,13.4375,-9.921875,15.375,-11.859375
P159_10015,hihp,hihp_imp_asc,0.5,2560,1543,False,False,20005,354,6.40625,7.25,-0.84375,14.0,-7.59375
P17_10005,hihp,hihp_imp_asc,0.5,2560,1543,False,False,279,3355,3.640625,9.375,-5.734375,9.5,-5.859375
P17_10034,hihp,hihp_imp_asc,0.5,2560,1543,True,False,279,1278,5.4375,7.46875,-2.03125,10.1875,-4.75
P176_10014,hihp,hihp_imp_asc,0.5,2560,1543,False,False,30300,59,8.5,16.25,-7.75,17.0,-8.5
P176_10044,hihp,hihp_imp_asc,0.5,2560,1543,False,False,42981,28,8.75,7.375,1.375,15.375,-6.625
P178_10019,hihp,hihp_imp_asc,0.5,2560,1543,False,False,279,4,8.0625,9.5,-1.4375,15.0,-6.9375
P178_10020,hihp,hihp_imp_asc,0.5,2560,1543,True,False,279,2,14.25,12.25,2.0,9.1875,5.0625
P19_1002,hihp,hihp_imp_asc,0.5,2560,1543,False,False,279,111,6.28125,9.3125,-3.03125,15.625,-9.34375
P19_10031,hihp,hihp_imp_asc,0.5,2560,1543,False,False,8494,817,6.34375,10.4375,-4.09375,10.6875,-4.34375
P190_10000,hihp,hihp_imp_asc,0.5,2560,1543,False,False,46926,222,7.46875,8.3125,-0.84375,6.125,1.34375
P190_10006,hihp,hihp_imp_asc,0.5,2560,1543,False,False,56301,326,7.5,9.3125,-1.8125,7.25,0.25
P20_10007,hihp,hihp_imp_asc,0.5,2560,1543,True,False,220,3824,4.21875,8.9375,-4.71875,10.8125,-6.59375
P20_1008,hihp,hihp_imp_asc,0.5,2560,1543,False,False,264,566,5.90625,7.34375,-1.4375,8.9375,-3.03125
P264_1000,hihp,hihp_imp_asc,0.5,2560,1543,False,False,264,1176,2.984375,4.25,-1.265625,2.40625,0.578125
P264_10597,hihp,hihp_imp_asc,0.5,2560,1543,True,False,279,448,3.125,1.6953125,1.4296875,7.625,-4.5
P27_10002,hihp,hihp_imp_asc,0.5,2560,1543,False,False,15704,15,9.8125,10.5,-0.6875,14.9375,-5.125
P27_10008,hihp,hihp_imp_asc,0.5,2560,1543,False,False,279,159,7.84375,14.25,-6.40625,12.875,-5.03125
P276_10021,hihp,hihp_imp_asc,0.5,2560,1543,True,False,279,1148,4.65625,1.984375,2.671875,5.21875,-0.5625
P276_10062,hihp,hihp_imp_asc,0.5,2560,1543,False,False,279,1432,4.25,4.75,-0.5,12.8125,-8.5625
P30_10003,hihp,hihp_imp_asc,0.5,2560,1543,False,True,72787,1,16.375,9.1875,7.1875,10.5625,5.8125
P30_10028,hihp,hihp_imp_asc,0.5,2560,1543,False,False,8494,3,15.125,14.375,0.75,16.75,-1.625
P36_10035,hihp,hihp_imp_asc,0.5,2560,1543,False,False,12366,341,6.5625,13.4375,-6.875,16.375,-9.8125
P36_10369,hihp,hihp_imp_asc,0.5,2560,1543,False,False,81801,192,8.6875,7.4375,1.25,13.1875,-4.5
P364_10013,hihp,hihp_imp_asc,0.5,2560,1543,False,False,539,362,7.46875,6.6875,0.78125,12.1875,-4.71875
P364_10039,hihp,hihp_imp_asc,0.5,2560,1543,False,False,50961,324,7.46875,16.375,-8.90625,9.875,-2.40625
P37_10078,hihp,hihp_imp_asc,0.5,2560,1543,False,False,1443,2,15.125,4.9375,10.1875,16.0,-0.875
P37_10134,hihp,hihp_imp_asc,0.5,2560,1543,False,True,6498,1,14.5,6.0625,8.4375,16.5,-2.0
P39_10010,hihp,hihp_imp_asc,0.5,2560,1543,False,False,8753,174,7.65625,3.09375,4.5625,10.125,-2.46875
P39_10025,hihp,hihp_imp_asc,0.5,2560,1543,False,False,279,15,9.0,7.78125,1.21875,9.25,-0.25
P407_10033,hihp,hihp_imp_asc,0.5,2560,1543,False,False,264,1671,5.53125,5.21875,0.3125,11.8125,-6.28125
P407_10082,hihp,hihp_imp_asc,0.5,2560,1543,False,False,220,10256,2.515625,8.625,-6.109375,11.1875,-8.671875
P413_10029,hihp,hihp_imp_asc,0.5,2560,1543,True,False,315,180,6.9375,4.5625,2.375,11.6875,-4.75
P413_1006,hihp,hihp_imp_asc,0.5,2560,1543,False,False,279,25396,-1.234375,-0.22265625,-1.01171875,7.84375,-9.078125
P449_10023,hihp,hihp_imp_asc,0.5,2560,1543,False,False,23469,28,11.375,11.625,-0.25,8.3125,3.0625
P449_10104,hihp,hihp_imp_asc,0.5,2560,1543,False,False,279,20,11.9375,11.8125,0.125,11.625,0.3125
P463_10050,hihp,hihp_imp_asc,0.5,2560,1543,False,False,14875,2,15.1875,4.84375,10.34375,12.875,2.3125
P463_10121,hihp,hihp_imp_asc,0.5,2560,1543,False,False,79815,2,12.6875,4.875,7.8125,15.6875,-3.0
P495_10012,hihp,hihp_imp_asc,0.5,2560,1543,False,False,220,144,8.0,13.25,-5.25,12.9375,-4.9375
P495_1003,hihp,hihp_imp_asc,0.5,2560,1543,False,False,279,84,7.78125,10.5625,-2.78125,11.5,-3.71875
P641_10047,hihp,hihp_imp_asc,0.5,2560,1543,True,True,20075,1,15.3125,13.6875,1.625,15.375,-0.0625
P641_10270,hihp,hihp_imp_asc,0.5,2560,1543,True,False,315,1199,2.953125,2.1875,0.765625,11.875,-8.921875
P740_10016,hihp,hihp_imp_asc,0.5,2560,1543,True,False,220,3847,4.09375,9.0625,-4.96875,16.75,-12.65625
P740_10054,hihp,hihp_imp_asc,0.5,2560,1543,True,False,220,293,6.78125,10.6875,-3.90625,12.25,-5.46875
P937_10004,hihp,hihp_imp_asc,0.5,2560,1543,True,False,279,42,7.9375,9.4375,-1.5,12.5625,-4.625
P937_10060,hihp,hihp_imp_asc,0.5,2560,1543,True,False,279,197,6.5625,9.1875,-2.625,6.71875,-0.15625
P101_10027,hilp,hilp_imp_desc,0.05,256,256,False,False,47976,6,12.25,6.84375,5.40625,12.0625,0.1875
P101_10066,hilp,hilp_imp_desc,0.05,256,256,True,False,279,9,11.0625,7.65625,3.40625,11.1875,-0.125
P103_0,hilp,hilp_imp_desc,0.05,256,256,True,True,8753,1,16.375,9.75,6.625,16.375,0.0
P103_10038,hilp,hilp_imp_desc,0.05,256,256,True,True,8753,1,15.4375,9.8125,5.625,15.5,-0.0625
P106_10026,hilp,hilp_imp_desc,0.05,256,256,True,False,10212,50,8.5,5.4375,3.0625,8.625,-0.125
P106_10076,hilp,hilp_imp_desc,0.05,256,256,True,False,24577,2,13.1875,7.3125,5.875,13.1875,0.0
P108_10032,hilp,hilp_imp_desc,0.05,256,256,True,True,5195,1,17.0,5.4375,11.5625,17.0,0.0
P108_10064,hilp,hilp_imp_desc,0.05,256,256,True,False,279,5,10.125,5.5,4.625,10.5625,-0.4375
P127_10,hilp,hilp_imp_desc,0.05,256,256,True,False,279,3,6.9375,1.6796875,5.2578125,6.96875,-0.03125
P127_10040,hilp,hilp_imp_desc,0.05,256,256,True,False,11,2,10.5625,5.125,5.4375,10.375,0.1875
P1303_10011,hilp,hilp_imp_desc,0.05,256,256,False,True,92359,1,7.90625,6.3125,1.59375,10.875,-2.96875
P1303_10017,hilp,hilp_imp_desc,0.05,256,256,True,False,279,7,8.3125,8.25,0.0625,7.875,0.4375
P131_10018,hilp,hilp_imp_desc,0.05,256,256,True,False,279,3,14.125,4.75,9.375,13.875,0.25
P131_10045,hilp,hilp_imp_desc,0.05,256,256,True,False,279,9,11.1875,3.34375,7.84375,11.0625,0.125
P136_10043,hilp,hilp_imp_desc,0.05,256,256,False,False,520,233,6.625,8.0,-1.375,6.125,0.5
P136_10065,hilp,hilp_imp_desc,0.05,256,256,True,False,279,2411,2.546875,5.71875,-3.171875,2.546875,0.0
P138_10042,hilp,hilp_imp_desc,0.05,256,256,True,False,279,6,12.75,3.578125,9.171875,12.0,0.75
P138_1009,hilp,hilp_imp_desc,0.05,256,256,True,False,279,2,15.75,8.8125,6.9375,15.5625,0.1875
P140_1,hilp,hilp_imp_desc,0.05,256,256,True,True,32186,1,14.25,8.375,5.875,14.375,-0.125
P140_100,hilp,hilp_imp_desc,0.05,256,256,True,True,15256,1,15.9375,8.375,7.5625,15.75,0.1875
P1412_10009,hilp,hilp_imp_desc,0.05,256,256,True,False,315,124,8.75,7.34375,1.40625,8.9375,-0.1875
P1412_10036,hilp,hilp_imp_desc,0.05,256,256,False,False,1633,43,11.1875,8.5625,2.625,11.1875,0.0
P159_1001,hilp,hilp_imp_desc,0.05,256,256,True,False,26531,2,15.1875,7.3125,7.875,15.375,-0.1875
P159_10015,hilp,hilp_imp_desc,0.05,256,256,True,False,35812,2,13.9375,12.125,1.8125,14.0,-0.0625
P17_10005,hilp,hilp_imp_desc,0.05,256,256,True,False,9605,45,9.5,8.375,1.125,9.5,0.0
P17_10034,hilp,hilp_imp_desc,0.05,256,256,True,False,279,18,10.8125,9.3125,1.5,10.1875,0.625
P176_10014,hilp,hilp_imp_desc,0.05,256,256,True,True,29987,1,17.0,8.0625,8.9375,17.0,0.0
P176_10044,hilp,hilp_imp_desc,0.05,256,256,True,True,30300,1,15.4375,7.125,8.3125,15.375,0.0625
P178_10019,hilp,hilp_imp_desc,0.05,256,256,True,True,5195,1,14.9375,9.375,5.5625,15.0,-0.0625
P178_10020,hilp,hilp_imp_desc,0.05,256,256,True,False,279,2,9.125,5.46875,3.65625,9.1875,-0.0625
P19_1002,hilp,hilp_imp_desc,0.05,256,256,True,False,220,2,14.875,10.3125,4.5625,15.625,-0.75
P19_10031,hilp,hilp_imp_desc,0.05,256,256,True,False,279,4,11.125,6.5,4.625,10.6875,0.4375
P190_10000,hilp,hilp_imp_desc,0.05,256,256,True,False,59900,642,6.40625,5.5625,0.84375,6.125,0.28125
P190_10006,hilp,hilp_imp_desc,0.05,256,256,True,False,666,358,7.21875,9.8125,-2.59375,7.25,-0.03125
P20_10007,hilp,hilp_imp_desc,0.05,256,256,True,False,220,47,10.8125,7.0,3.8125,10.8125,0.0
P20_1008,hilp,hilp_imp_desc,0.05,256,256,True,False,1561,5,9.0625,9.4375,-0.375,8.9375,0.125
P264_1000,hilp,hilp_imp_desc,0.05,256,256,True,False,2663,2106,2.40625,1.109375,1.296875,2.40625,0.0
P264_10597,hilp,hilp_imp_desc,0.05,256,256,True,False,279,35,7.46875,3.375,4.09375,7.625,-0.15625
P27_10002,hilp,hilp_imp_desc,0.05,256,256,True,True,10057,1,15.0,8.4375,6.5625,14.9375,0.0625
P27_10008,hilp,hilp_imp_desc,0.05,256,256,True,True,15704,1,12.875,9.9375,2.9375,12.875,0.0
P276_10021,hilp,hilp_imp_desc,0.05,256,256,True,False,279,646,5.09375,2.46875,2.625,5.21875,-0.125
P276_10062,hilp,hilp_imp_desc,0.05,256,256,True,False,13160,7,12.875,1.578125,11.296875,12.8125,0.0625
P30_10003,hilp,hilp_imp_desc,0.05,256,256,True,False,279,21,10.5625,5.90625,4.65625,10.5625,0.0
P30_10028,hilp,hilp_imp_desc,0.05,256,256,True,True,72787,1,16.875,10.9375,5.9375,16.75,0.125
P36_10035,hilp,hilp_imp_desc,0.05,256,256,True,True,86545,1,16.25,4.9375,11.3125,16.375,-0.125
P36_10369,hilp,hilp_imp_desc,0.05,256,256,True,True,12366,1,13.625,6.5,7.125,13.1875,0.4375
P364_10013,hilp,hilp_imp_desc,0.05,256,256,True,True,6498,1,12.0,11.1875,0.8125,12.1875,-0.1875
P364_10039,hilp,hilp_imp_desc,0.05,256,256,True,False,264,29,10.25,9.0,1.25,9.875,0.375
P37_10078,hilp,hilp_imp_desc,0.05,256,256,True,False,22164,2,16.125,5.15625,10.96875,16.0,0.125
P37_10134,hilp,hilp_imp_desc,0.05,256,256,True,False,1443,2,16.25,4.40625,11.84375,16.5,-0.25
P39_10010,hilp,hilp_imp_desc,0.05,256,256,True,False,1695,64,10.125,6.53125,3.59375,10.125,0.0
P39_10025,hilp,hilp_imp_desc,0.05,256,256,True,False,721,54,9.3125,4.75,4.5625,9.25,0.0625
P407_10033,hilp,hilp_imp_desc,0.05,256,256,True,False,539,11,11.8125,7.84375,3.96875,11.8125,0.0
P407_10082,hilp,hilp_imp_desc,0.05,256,256,True,False,264,16,11.0625,7.71875,3.34375,11.1875,-0.125
P413_10029,hilp,hilp_imp_desc,0.05,256,256,True,False,315,22,10.3125,6.3125,4.0,11.6875,-1.375
P413_1006,hilp,hilp_imp_desc,0.05,256,256,True,False,41047,227,7.40625,12.375,-4.96875,7.84375,-0.4375
P449_10023,hilp,hilp_imp_desc,0.05,256,256,True,False,220,100,8.25,6.875,1.375,8.3125,-0.0625
P449_10104,hilp,hilp_imp_desc,0.05,256,256,True,False,23469,13,11.8125,11.6875,0.125,11.625,0.1875
P463_10050,hilp,hilp_imp_desc,0.05,256,256,True,False,39144,4,13.0,2.875,10.125,12.875,0.125
P463_10121,hilp,hilp_imp_desc,0.05,256,256,True,True,44742,1,15.8125,5.28125,10.53125,15.6875,0.125
P495_10012,hilp,hilp_imp_desc,0.05,256,256,True,False,279,10,12.9375,8.625,4.3125,12.9375,0.0
P495_1003,hilp,hilp_imp_desc,0.05,256,256,True,False,20632,15,11.625,8.1875,3.4375,11.5,0.125
P641_10047,hilp,hilp_imp_desc,0.05,256,256,True,True,20075,1,15.5625,11.1875,4.375,15.375,0.1875
P641_10270,hilp,hilp_imp_desc,0.05,256,256,True,False,315,13,11.375,10.0625,1.3125,11.875,-0.5
P740_10016,hilp,hilp_imp_desc,0.05,256,256,True,False,220,2,16.625,9.3125,7.3125,16.75,-0.125
P740_10054,hilp,hilp_imp_desc,0.05,256,256,True,False,220,7,12.25,9.0,3.25,12.25,0.0
P937_10004,hilp,hilp_imp_desc,0.05,256,256,True,False,279,5,12.5,12.6875,-0.1875,12.5625,-0.0625
P937_10060,hilp,hilp_imp_desc,0.05,256,256,True,False,279,188,6.59375,9.4375,-2.84375,6.71875,-0.125
P101_10027,hilp,hilp_imp_desc,0.1,512,512,False,False,47976,5,12.1875,6.8125,5.375,12.0625,0.125
P101_10066,hilp,hilp_imp_desc,0.1,512,512,True,False,279,10,11.0,7.59375,3.40625,11.1875,-0.1875
P103_0,hilp,hilp_imp_desc,0.1,512,512,True,True,8753,1,16.375,9.8125,6.5625,16.375,0.0
P103_10038,hilp,hilp_imp_desc,0.1,512,512,True,True,8753,1,15.375,9.75,5.625,15.5,-0.125
P106_10026,hilp,hilp_imp_desc,0.1,512,512,True,False,10212,47,8.625,5.4375,3.1875,8.625,0.0
P106_10076,hilp,hilp_imp_desc,0.1,512,512,True,False,24577,2,13.125,7.21875,5.90625,13.1875,-0.0625
P108_10032,hilp,hilp_imp_desc,0.1,512,512,True,True,5195,1,17.0,5.5625,11.4375,17.0,0.0
P108_10064,hilp,hilp_imp_desc,0.1,512,512,True,False,279,5,10.3125,5.375,4.9375,10.5625,-0.25
P127_10,hilp,hilp_imp_desc,0.1,512,512,True,False,279,3,7.0,1.7109375,5.2890625,6.96875,0.03125
P127_10040,hilp,hilp_imp_desc,0.1,512,512,True,False,11,2,10.5,5.09375,5.40625,10.375,0.125
P1303_10011,hilp,hilp_imp_desc,0.1,512,512,True,False,56400,2,10.875,9.4375,1.4375,10.875,0.0
P1303_10017,hilp,hilp_imp_desc,0.1,512,512,True,False,279,7,8.625,8.5,0.125,7.875,0.75
P131_10018,hilp,hilp_imp_desc,0.1,512,512,True,False,279,3,14.0625,4.8125,9.25,13.875,0.1875
P131_10045,hilp,hilp_imp_desc,0.1,512,512,True,False,279,9,11.0625,3.359375,7.703125,11.0625,0.0
P136_10043,hilp,hilp_imp_desc,0.1,512,512,False,False,520,223,6.75,8.125,-1.375,6.125,0.625
P136_10065,hilp,hilp_imp_desc,0.1,512,512,True,False,279,2775,2.421875,5.875,-3.453125,2.546875,-0.125
P138_10042,hilp,hilp_imp_desc,0.1,512,512,True,False,279,6,12.8125,3.53125,9.28125,12.0,0.8125
P138_1009,hilp,hilp_imp_desc,0.1,512,512,True,False,279,2,15.625,9.0,6.625,15.5625,0.0625
P140_1,hilp,hilp_imp_desc,0.1,512,512,True,True,32186,1,14.3125,8.3125,6.0,14.375,-0.0625
P140_100,hilp,hilp_imp_desc,0.1,512,512,True,True,15256,1,15.9375,8.125,7.8125,15.75,0.1875
P1412_10009,hilp,hilp_imp_desc,0.1,512,512,True,False,315,113,8.875,7.4375,1.4375,8.9375,-0.0625
P1412_10036,hilp,hilp_imp_desc,0.1,512,512,False,False,1633,37,11.25,8.625,2.625,11.1875,0.0625
P159_1001,hilp,hilp_imp_desc,0.1,512,512,True,False,26531,2,15.0,7.34375,7.65625,15.375,-0.375
P159_10015,hilp,hilp_imp_desc,0.1,512,512,True,False,35812,2,14.0,12.1875,1.8125,14.0,0.0
P17_10005,hilp,hilp_imp_desc,0.1,512,512,True,False,9605,48,9.3125,8.4375,0.875,9.5,-0.1875
P17_10034,hilp,hilp_imp_desc,0.1,512,512,True,False,279,16,10.9375,9.3125,1.625,10.1875,0.75
P176_10014,hilp,hilp_imp_desc,0.1,512,512,True,True,29987,1,17.0,8.0625,8.9375,17.0,0.0
P176_10044,hilp,hilp_imp_desc,0.1,512,512,True,True,30300,1,15.4375,7.25,8.1875,15.375,0.0625
P178_10019,hilp,hilp_imp_desc,0.1,512,512,True,True,5195,1,15.0,9.4375,5.5625,15.0,0.0
P178_10020,hilp,hilp_imp_desc,0.1,512,512,True,False,279,2,9.25,5.53125,3.71875,9.1875,0.0625
P19_1002,hilp,hilp_imp_desc,0.1,512,512,True,False,220,3,14.4375,10.4375,4.0,15.625,-1.1875
P19_10031,hilp,hilp_imp_desc,0.1,512,512,True,False,279,5,11.25,6.6875,4.5625,10.6875,0.5625
P190_10000,hilp,hilp_imp_desc,0.1,512,512,True,False,59900,1176,5.65625,5.1875,0.46875,6.125,-0.46875
P190_10006,hilp,hilp_imp_desc,0.1,512,512,True,False,666,384,7.125,9.8125,-2.6875,7.25,-0.125
P20_10007,hilp,hilp_imp_desc,0.1,512,512,True,False,220,51,10.6875,6.96875,3.71875,10.8125,-0.125
P20_1008,hilp,hilp_imp_desc,0.1,512,512,True,False,1561,5,9.0625,9.5,-0.4375,8.9375,0.125
P264_1000,hilp,hilp_imp_desc,0.1,512,512,True,False,2663,1999,2.53125,1.125,1.40625,2.40625,0.125
P264_10597,hilp,hilp_imp_desc,0.1,512,512,True,False,279,37,7.59375,3.75,3.84375,7.625,-0.03125
P27_10002,hilp,hilp_imp_desc,0.1,512,512,True,True,10057,1,15.0,8.375,6.625,14.9375,0.0625
P27_10008,hilp,hilp_imp_desc,0.1,512,512,True,True,15704,1,12.9375,10.0625,2.875,12.875,0.0625
P276_10021,hilp,hilp_imp_desc,0.1,512,512,True,False,279,708,5.0625,2.484375,2.578125,5.21875,-0.15625
P276_10062,hilp,hilp_imp_desc,0.1,512,512,True,False,13160,6,13.0,1.5,11.5,12.8125,0.1875
P30_10003,hilp,hilp_imp_desc,0.1,512,512,True,False,279,19,10.625,5.96875,4.65625,10.5625,0.0625
P30_10028,hilp,hilp_imp_desc,0.1,512,512,True,True,72787,1,17.0,11.0625,5.9375,16.75,0.25
P36_10035,hilp,hilp_imp_desc,0.1,512,512,True,True,86545,1,16.375,4.90625,11.46875,16.375,0.0
P36_10369,hilp,hilp_imp_desc,0.1,512,512,True,True,12366,1,13.6875,6.46875,7.21875,13.1875,0.5
P364_10013,hilp,hilp_imp_desc,0.1,512,512,True,True,6498,1,12.0625,11.1875,0.875,12.1875,-0.125
P364_10039,hilp,hilp_imp_desc,0.1,512,512,True,False,264,23,10.5,9.1875,1.3125,9.875,0.625
P37_10078,hilp,hilp_imp_desc,0.1,512,512,True,False,22164,2,16.125,5.125,11.0,16.0,0.125
P37_10134,hilp,hilp_imp_desc,0.1,512,512,True,False,1443,2,16.25,4.4375,11.8125,16.5,-0.25
P39_10010,hilp,hilp_imp_desc,0.1,512,512,True,False,1695,60,10.25,6.625,3.625,10.125,0.125
P39_10025,hilp,hilp_imp_desc,0.1,512,512,True,False,721,52,9.3125,4.6875,4.625,9.25,0.0625
P407_10033,hilp,hilp_imp_desc,0.1,512,512,True,False,539,11,11.75,7.875,3.875,11.8125,-0.0625
P407_10082,hilp,hilp_imp_desc,0.1,512,512,True,False,264,19,10.8125,7.625,3.1875,11.1875,-0.375
P413_10029,hilp,hilp_imp_desc,0.1,512,512,True,False,315,16,10.6875,6.28125,4.40625,11.6875,-1.0
P413_1006,hilp,hilp_imp_desc,0.1,512,512,True,False,41047,209,7.5625,12.4375,-4.875,7.84375,-0.28125
P449_10023,hilp,hilp_imp_desc,0.1,512,512,True,False,220,98,8.25,6.8125,1.4375,8.3125,-0.0625
P449_10104,hilp,hilp_imp_desc,0.1,512,512,True,False,23469,11,12.0625,12.0625,0.0,11.625,0.4375
P463_10050,hilp,hilp_imp_desc,0.1,512,512,True,False,39144,3,13.125,2.921875,10.203125,12.875,0.25
P463_10121,hilp,hilp_imp_desc,0.1,512,512,True,True,44742,1,15.625,5.125,10.5,15.6875,-0.0625
P495_10012,hilp,hilp_imp_desc,0.1,512,512,True,False,279,10,12.9375,8.6875,4.25,12.9375,0.0
P495_1003,hilp,hilp_imp_desc,0.1,512,512,True,False,20632,13,11.6875,8.1875,3.5,11.5,0.1875
P641_10047,hilp,hilp_imp_desc,0.1,512,512,True,True,20075,1,15.5,11.1875,4.3125,15.375,0.125
P641_10270,hilp,hilp_imp_desc,0.1,512,512,True,False,315,15,11.5,10.375,1.125,11.875,-0.375
P740_10016,hilp,hilp_imp_desc,0.1,512,512,True,False,220,2,16.5,8.9375,7.5625,16.75,-0.25
P740_10054,hilp,hilp_imp_desc,0.1,512,512,True,False,220,8,12.25,9.125,3.125,12.25,0.0
P937_10004,hilp,hilp_imp_desc,0.1,512,512,True,False,279,5,12.4375,12.625,-0.1875,12.5625,-0.125
P937_10060,hilp,hilp_imp_desc,0.1,512,512,True,False,279,173,6.6875,9.5625,-2.875,6.71875,-0.03125
P101_10027,hilp,hilp_imp_desc,0.2,1024,901,False,False,47976,5,12.3125,6.8125,5.5,12.0625,0.25
P101_10066,hilp,hilp_imp_desc,0.2,1024,901,True,False,279,10,11.0,7.65625,3.34375,11.1875,-0.1875
P103_0,hilp,hilp_imp_desc,0.2,1024,901,True,True,8753,1,16.375,9.8125,6.5625,16.375,0.0
P103_10038,hilp,hilp_imp_desc,0.2,1024,901,True,True,8753,1,15.625,9.875,5.75,15.5,0.125
P106_10026,hilp,hilp_imp_desc,0.2,1024,901,True,False,10212,35,8.875,5.46875,3.40625,8.625,0.25
P106_10076,hilp,hilp_imp_desc,0.2,1024,901,True,False,24577,2,13.0,6.96875,6.03125,13.1875,-0.1875
P108_10032,hilp,hilp_imp_desc,0.2,1024,901,True,True,5195,1,16.875,5.40625,11.46875,17.0,-0.125
P108_10064,hilp,hilp_imp_desc,0.2,1024,901,True,False,279,5,10.1875,5.125,5.0625,10.5625,-0.375
P127_10,hilp,hilp_imp_desc,0.2,1024,901,True,False,279,3,6.96875,1.7734375,5.1953125,6.96875,0.0
P127_10040,hilp,hilp_imp_desc,0.2,1024,901,True,False,11,2,10.5,5.09375,5.40625,10.375,0.125
P1303_10011,hilp,hilp_imp_desc,0.2,1024,901,True,False,56400,2,9.75,8.125,1.625,10.875,-1.125
P1303_10017,hilp,hilp_imp_desc,0.2,1024,901,True,False,279,8,8.625,8.6875,-0.0625,7.875,0.75
P131_10018,hilp,hilp_imp_desc,0.2,1024,901,True,False,279,3,14.0625,4.59375,9.46875,13.875,0.1875
P131_10045,hilp,hilp_imp_desc,0.2,1024,901,True,False,279,11,11.0,3.265625,7.734375,11.0625,-0.0625
P136_10043,hilp,hilp_imp_desc,0.2,1024,901,False,False,520,226,6.59375,8.0625,-1.46875,6.125,0.46875
P136_10065,hilp,hilp_imp_desc,0.2,1024,901,True,False,279,3131,2.390625,6.0,-3.609375,2.546875,-0.15625
P138_10042,hilp,hilp_imp_desc,0.2,1024,901,True,False,279,6,12.9375,3.796875,9.140625,12.0,0.9375
P138_1009,hilp,hilp_imp_desc,0.2,1024,901,True,False,279,2,15.5625,8.875,6.6875,15.5625,0.0
P140_1,hilp,hilp_imp_desc,0.2,1024,901,True,True,32186,1,14.3125,8.3125,6.0,14.375,-0.0625
P140_100,hilp,hilp_imp_desc,0.2,1024,901,True,True,15256,1,15.75,7.875,7.875,15.75,0.0
P1412_10009,hilp,hilp_imp_desc,0.2,1024,901,True,False,315,108,8.9375,7.5,1.4375,8.9375,0.0
P1412_10036,hilp,hilp_imp_desc,0.2,1024,901,True,False,539,42,11.1875,8.5625,2.625,11.1875,0.0
P159_1001,hilp,hilp_imp_desc,0.2,1024,901,True,False,26531,2,15.1875,7.34375,7.84375,15.375,-0.1875
P159_10015,hilp,hilp_imp_desc,0.2,1024,901,True,False,35812,2,13.9375,12.0625,1.875,14.0,-0.0625
P17_10005,hilp,hilp_imp_desc,0.2,1024,901,True,False,9605,51,9.1875,8.1875,1.0,9.5,-0.3125
P17_10034,hilp,hilp_imp_desc,0.2,1024,901,True,False,279,14,11.125,9.3125,1.8125,10.1875,0.9375
P176_10014,hilp,hilp_imp_desc,0.2,1024,901,True,True,29987,1,17.0,7.96875,9.03125,17.0,0.0
P176_10044,hilp,hilp_imp_desc,0.2,1024,901,True,True,30300,1,15.3125,7.28125,8.03125,15.375,-0.0625
P178_10019,hilp,hilp_imp_desc,0.2,1024,901,True,True,5195,1,14.9375,9.4375,5.5,15.0,-0.0625
P178_10020,hilp,hilp_imp_desc,0.2,1024,901,True,False,279,2,9.5,5.71875,3.78125,9.1875,0.3125
P19_1002,hilp,hilp_imp_desc,0.2,1024,901,True,False,220,4,13.9375,10.6875,3.25,15.625,-1.6875
P19_10031,hilp,hilp_imp_desc,0.2,1024,901,True,False,279,4,11.4375,6.90625,4.53125,10.6875,0.75
P190_10000,hilp,hilp_imp_desc,0.2,1024,901,True,False,59900,1400,5.34375,5.15625,0.1875,6.125,-0.78125
P190_10006,hilp,hilp_imp_desc,0.2,1024,901,True,False,666,354,7.28125,9.875,-2.59375,7.25,0.03125
P20_10007,hilp,hilp_imp_desc,0.2,1024,901,True,False,220,43,10.875,7.0625,3.8125,10.8125,0.0625
P20_1008,hilp,hilp_imp_desc,0.2,1024,901,True,False,1561,5,9.0625,9.5,-0.4375,8.9375,0.125
P264_1000,hilp,hilp_imp_desc,0.2,1024,901,True,False,2663,1735,2.6875,0.95703125,1.73046875,2.40625,0.28125
P264_10597,hilp,hilp_imp_desc,0.2,1024,901,True,False,279,33,7.90625,4.28125,3.625,7.625,0.28125
P27_10002,hilp,hilp_imp_desc,0.2,1024,901,True,True,10057,1,14.9375,8.5,6.4375,14.9375,0.0
P27_10008,hilp,hilp_imp_desc,0.2,1024,901,True,True,15704,1,12.875,10.0625,2.8125,12.875,0.0
P276_10021,hilp,hilp_imp_desc,0.2,1024,901,True,False,279,717,5.03125,2.4375,2.59375,5.21875,-0.1875
P276_10062,hilp,hilp_imp_desc,0.2,1024,901,True,False,13160,7,13.0625,1.5078125,11.5546875,12.8125,0.25
P30_10003,hilp,hilp_imp_desc,0.2,1024,901,True,False,279,21,10.5625,6.0,4.5625,10.5625,0.0
P30_10028,hilp,hilp_imp_desc,0.2,1024,901,True,True,72787,1,17.0,11.1875,5.8125,16.75,0.25
P36_10035,hilp,hilp_imp_desc,0.2,1024,901,True,True,86545,1,16.25,4.9375,11.3125,16.375,-0.125
P36_10369,hilp,hilp_imp_desc,0.2,1024,901,True,True,12366,1,13.75,6.5,7.25,13.1875,0.5625
P364_10013,hilp,hilp_imp_desc,0.2,1024,901,True,True,6498,1,11.875,11.125,0.75,12.1875,-0.3125
P364_10039,hilp,hilp_imp_desc,0.2,1024,901,True,False,264,25,10.4375,9.0625,1.375,9.875,0.5625
P37_10078,hilp,hilp_imp_desc,0.2,1024,901,True,False,22164,2,16.25,5.15625,11.09375,16.0,0.25
P37_10134,hilp,hilp_imp_desc,0.2,1024,901,True,False,1443,2,16.0,4.5,11.5,16.5,-0.5
P39_10010,hilp,hilp_imp_desc,0.2,1024,901,True,False,1695,54,10.3125,6.59375,3.71875,10.125,0.1875
P39_10025,hilp,hilp_imp_desc,0.2,1024,901,True,False,721,51,9.3125,4.625,4.6875,9.25,0.0625
P407_10033,hilp,hilp_imp_desc,0.2,1024,901,True,False,539,9,11.9375,8.0625,3.875,11.8125,0.125
P407_10082,hilp,hilp_imp_desc,0.2,1024,901,True,False,264,28,10.625,7.59375,3.03125,11.1875,-0.5625
P413_10029,hilp,hilp_imp_desc,0.2,1024,901,True,False,315,19,10.625,6.46875,4.15625,11.6875,-1.0625
P413_1006,hilp,hilp_imp_desc,0.2,1024,901,True,False,41047,189,7.625,12.25,-4.625,7.84375,-0.21875
P449_10023,hilp,hilp_imp_desc,0.2,1024,901,True,False,220,100,8.25,6.90625,1.34375,8.3125,-0.0625
P449_10104,hilp,hilp_imp_desc,0.2,1024,901,True,False,23469,12,12.0,12.0,0.0,11.625,0.375
P463_10050,hilp,hilp_imp_desc,0.2,1024,901,True,False,39144,2,13.0625,2.8125,10.25,12.875,0.1875
P463_10121,hilp,hilp_imp_desc,0.2,1024,901,True,True,44742,1,15.6875,5.0,10.6875,15.6875,0.0
P495_10012,hilp,hilp_imp_desc,0.2,1024,901,True,False,279,10,12.875,8.75,4.125,12.9375,-0.0625
P495_1003,hilp,hilp_imp_desc,0.2,1024,901,True,False,20632,13,11.8125,8.1875,3.625,11.5,0.3125
P641_10047,hilp,hilp_imp_desc,0.2,1024,901,True,True,20075,1,15.5,11.25,4.25,15.375,0.125
P641_10270,hilp,hilp_imp_desc,0.2,1024,901,True,False,315,15,11.375,10.3125,1.0625,11.875,-0.5
P740_10016,hilp,hilp_imp_desc,0.2,1024,901,True,False,220,2,16.375,8.9375,7.4375,16.75,-0.375
P740_10054,hilp,hilp_imp_desc,0.2,1024,901,True,False,220,8,12.3125,9.1875,3.125,12.25,0.0625
P937_10004,hilp,hilp_imp_desc,0.2,1024,901,True,False,279,5,12.375,12.5625,-0.1875,12.5625,-0.1875
P937_10060,hilp,hilp_imp_desc,0.2,1024,901,True,False,279,168,6.71875,9.5625,-2.84375,6.71875,0.0
P101_10027,hilp,hilp_imp_desc,0.3,1536,901,False,False,47976,5,12.3125,6.8125,5.5,12.0625,0.25
P101_10066,hilp,hilp_imp_desc,0.3,1536,901,True,False,279,10,11.0,7.65625,3.34375,11.1875,-0.1875
P103_0,hilp,hilp_imp_desc,0.3,1536,901,True,True,8753,1,16.375,9.8125,6.5625,16.375,0.0
P103_10038,hilp,hilp_imp_desc,0.3,1536,901,True,True,8753,1,15.625,9.875,5.75,15.5,0.125
P106_10026,hilp,hilp_imp_desc,0.3,1536,901,True,False,10212,35,8.875,5.46875,3.40625,8.625,0.25
P106_10076,hilp,hilp_imp_desc,0.3,1536,901,True,False,24577,2,13.0,6.96875,6.03125,13.1875,-0.1875
P108_10032,hilp,hilp_imp_desc,0.3,1536,901,True,True,5195,1,16.875,5.40625,11.46875,17.0,-0.125
P108_10064,hilp,hilp_imp_desc,0.3,1536,901,True,False,279,5,10.1875,5.125,5.0625,10.5625,-0.375
P127_10,hilp,hilp_imp_desc,0.3,1536,901,True,False,279,3,6.96875,1.7734375,5.1953125,6.96875,0.0
P127_10040,hilp,hilp_imp_desc,0.3,1536,901,True,False,11,2,10.5,5.09375,5.40625,10.375,0.125
P1303_10011,hilp,hilp_imp_desc,0.3,1536,901,True,False,56400,2,9.75,8.125,1.625,10.875,-1.125
P1303_10017,hilp,hilp_imp_desc,0.3,1536,901,True,False,279,8,8.625,8.6875,-0.0625,7.875,0.75
P131_10018,hilp,hilp_imp_desc,0.3,1536,901,True,False,279,3,14.0625,4.59375,9.46875,13.875,0.1875
P131_10045,hilp,hilp_imp_desc,0.3,1536,901,True,False,279,11,11.0,3.265625,7.734375,11.0625,-0.0625
P136_10043,hilp,hilp_imp_desc,0.3,1536,901,False,False,520,226,6.59375,8.0625,-1.46875,6.125,0.46875
P136_10065,hilp,hilp_imp_desc,0.3,1536,901,True,False,279,3131,2.390625,6.0,-3.609375,2.546875,-0.15625
P138_10042,hilp,hilp_imp_desc,0.3,1536,901,True,False,279,6,12.9375,3.796875,9.140625,12.0,0.9375
P138_1009,hilp,hilp_imp_desc,0.3,1536,901,True,False,279,2,15.5625,8.875,6.6875,15.5625,0.0
P140_1,hilp,hilp_imp_desc,0.3,1536,901,True,True,32186,1,14.3125,8.3125,6.0,14.375,-0.0625
P140_100,hilp,hilp_imp_desc,0.3,1536,901,True,True,15256,1,15.75,7.875,7.875,15.75,0.0
P1412_10009,hilp,hilp_imp_desc,0.3,1536,901,True,False,315,108,8.9375,7.5,1.4375,8.9375,0.0
P1412_10036,hilp,hilp_imp_desc,0.3,1536,901,True,False,539,42,11.1875,8.5625,2.625,11.1875,0.0
P159_1001,hilp,hilp_imp_desc,0.3,1536,901,True,False,26531,2,15.1875,7.34375,7.84375,15.375,-0.1875
P159_10015,hilp,hilp_imp_desc,0.3,1536,901,True,False,35812,2,13.9375,12.0625,1.875,14.0,-0.0625
P17_10005,hilp,hilp_imp_desc,0.3,1536,901,True,False,9605,51,9.1875,8.1875,1.0,9.5,-0.3125
P17_10034,hilp,hilp_imp_desc,0.3,1536,901,True,False,279,14,11.125,9.3125,1.8125,10.1875,0.9375
P176_10014,hilp,hilp_imp_desc,0.3,1536,901,True,True,29987,1,17.0,7.96875,9.03125,17.0,0.0
P176_10044,hilp,hilp_imp_desc,0.3,1536,901,True,True,30300,1,15.3125,7.28125,8.03125,15.375,-0.0625
P178_10019,hilp,hilp_imp_desc,0.3,1536,901,True,True,5195,1,14.9375,9.4375,5.5,15.0,-0.0625
P178_10020,hilp,hilp_imp_desc,0.3,1536,901,True,False,279,2,9.5,5.71875,3.78125,9.1875,0.3125
P19_1002,hilp,hilp_imp_desc,0.3,1536,901,True,False,220,4,13.9375,10.6875,3.25,15.625,-1.6875
P19_10031,hilp,hilp_imp_desc,0.3,1536,901,True,False,279,4,11.4375,6.90625,4.53125,10.6875,0.75
P190_10000,hilp,hilp_imp_desc,0.3,1536,901,True,False,59900,1400,5.34375,5.15625,0.1875,6.125,-0.78125
P190_10006,hilp,hilp_imp_desc,0.3,1536,901,True,False,666,354,7.28125,9.875,-2.59375,7.25,0.03125
P20_10007,hilp,hilp_imp_desc,0.3,1536,901,True,False,220,43,10.875,7.0625,3.8125,10.8125,0.0625
P20_1008,hilp,hilp_imp_desc,0.3,1536,901,True,False,1561,5,9.0625,9.5,-0.4375,8.9375,0.125
P264_1000,hilp,hilp_imp_desc,0.3,1536,901,True,False,2663,1735,2.6875,0.95703125,1.73046875,2.40625,0.28125
P264_10597,hilp,hilp_imp_desc,0.3,1536,901,True,False,279,33,7.90625,4.28125,3.625,7.625,0.28125
P27_10002,hilp,hilp_imp_desc,0.3,1536,901,True,True,10057,1,14.9375,8.5,6.4375,14.9375,0.0
P27_10008,hilp,hilp_imp_desc,0.3,1536,901,True,True,15704,1,12.875,10.0625,2.8125,12.875,0.0
P276_10021,hilp,hilp_imp_desc,0.3,1536,901,True,False,279,717,5.03125,2.4375,2.59375,5.21875,-0.1875
P276_10062,hilp,hilp_imp_desc,0.3,1536,901,True,False,13160,7,13.0625,1.5078125,11.5546875,12.8125,0.25
P30_10003,hilp,hilp_imp_desc,0.3,1536,901,True,False,279,21,10.5625,6.0,4.5625,10.5625,0.0
P30_10028,hilp,hilp_imp_desc,0.3,1536,901,True,True,72787,1,17.0,11.1875,5.8125,16.75,0.25
P36_10035,hilp,hilp_imp_desc,0.3,1536,901,True,True,86545,1,16.25,4.9375,11.3125,16.375,-0.125
P36_10369,hilp,hilp_imp_desc,0.3,1536,901,True,True,12366,1,13.75,6.5,7.25,13.1875,0.5625
P364_10013,hilp,hilp_imp_desc,0.3,1536,901,True,True,6498,1,11.875,11.125,0.75,12.1875,-0.3125
P364_10039,hilp,hilp_imp_desc,0.3,1536,901,True,False,264,25,10.4375,9.0625,1.375,9.875,0.5625
P37_10078,hilp,hilp_imp_desc,0.3,1536,901,True,False,22164,2,16.25,5.15625,11.09375,16.0,0.25
P37_10134,hilp,hilp_imp_desc,0.3,1536,901,True,False,1443,2,16.0,4.5,11.5,16.5,-0.5
P39_10010,hilp,hilp_imp_desc,0.3,1536,901,True,False,1695,54,10.3125,6.59375,3.71875,10.125,0.1875
P39_10025,hilp,hilp_imp_desc,0.3,1536,901,True,False,721,51,9.3125,4.625,4.6875,9.25,0.0625
P407_10033,hilp,hilp_imp_desc,0.3,1536,901,True,False,539,9,11.9375,8.0625,3.875,11.8125,0.125
P407_10082,hilp,hilp_imp_desc,0.3,1536,901,True,False,264,28,10.625,7.59375,3.03125,11.1875,-0.5625
P413_10029,hilp,hilp_imp_desc,0.3,1536,901,True,False,315,19,10.625,6.46875,4.15625,11.6875,-1.0625
P413_1006,hilp,hilp_imp_desc,0.3,1536,901,True,False,41047,189,7.625,12.25,-4.625,7.84375,-0.21875
P449_10023,hilp,hilp_imp_desc,0.3,1536,901,True,False,220,100,8.25,6.90625,1.34375,8.3125,-0.0625
P449_10104,hilp,hilp_imp_desc,0.3,1536,901,True,False,23469,12,12.0,12.0,0.0,11.625,0.375
P463_10050,hilp,hilp_imp_desc,0.3,1536,901,True,False,39144,2,13.0625,2.8125,10.25,12.875,0.1875
P463_10121,hilp,hilp_imp_desc,0.3,1536,901,True,True,44742,1,15.6875,5.0,10.6875,15.6875,0.0
P495_10012,hilp,hilp_imp_desc,0.3,1536,901,True,False,279,10,12.875,8.75,4.125,12.9375,-0.0625
P495_1003,hilp,hilp_imp_desc,0.3,1536,901,True,False,20632,13,11.8125,8.1875,3.625,11.5,0.3125
P641_10047,hilp,hilp_imp_desc,0.3,1536,901,True,True,20075,1,15.5,11.25,4.25,15.375,0.125
P641_10270,hilp,hilp_imp_desc,0.3,1536,901,True,False,315,15,11.375,10.3125,1.0625,11.875,-0.5
P740_10016,hilp,hilp_imp_desc,0.3,1536,901,True,False,220,2,16.375,8.9375,7.4375,16.75,-0.375
P740_10054,hilp,hilp_imp_desc,0.3,1536,901,True,False,220,8,12.3125,9.1875,3.125,12.25,0.0625
P937_10004,hilp,hilp_imp_desc,0.3,1536,901,True,False,279,5,12.375,12.5625,-0.1875,12.5625,-0.1875
P937_10060,hilp,hilp_imp_desc,0.3,1536,901,True,False,279,168,6.71875,9.5625,-2.84375,6.71875,0.0
P101_10027,hilp,hilp_imp_desc,0.5,2560,901,False,False,47976,5,12.3125,6.8125,5.5,12.0625,0.25
P101_10066,hilp,hilp_imp_desc,0.5,2560,901,True,False,279,10,11.0,7.65625,3.34375,11.1875,-0.1875
P103_0,hilp,hilp_imp_desc,0.5,2560,901,True,True,8753,1,16.375,9.8125,6.5625,16.375,0.0
P103_10038,hilp,hilp_imp_desc,0.5,2560,901,True,True,8753,1,15.625,9.875,5.75,15.5,0.125
P106_10026,hilp,hilp_imp_desc,0.5,2560,901,True,False,10212,35,8.875,5.46875,3.40625,8.625,0.25
P106_10076,hilp,hilp_imp_desc,0.5,2560,901,True,False,24577,2,13.0,6.96875,6.03125,13.1875,-0.1875
P108_10032,hilp,hilp_imp_desc,0.5,2560,901,True,True,5195,1,16.875,5.40625,11.46875,17.0,-0.125
P108_10064,hilp,hilp_imp_desc,0.5,2560,901,True,False,279,5,10.1875,5.125,5.0625,10.5625,-0.375
P127_10,hilp,hilp_imp_desc,0.5,2560,901,True,False,279,3,6.96875,1.7734375,5.1953125,6.96875,0.0
P127_10040,hilp,hilp_imp_desc,0.5,2560,901,True,False,11,2,10.5,5.09375,5.40625,10.375,0.125
P1303_10011,hilp,hilp_imp_desc,0.5,2560,901,True,False,56400,2,9.75,8.125,1.625,10.875,-1.125
P1303_10017,hilp,hilp_imp_desc,0.5,2560,901,True,False,279,8,8.625,8.6875,-0.0625,7.875,0.75
P131_10018,hilp,hilp_imp_desc,0.5,2560,901,True,False,279,3,14.0625,4.59375,9.46875,13.875,0.1875
P131_10045,hilp,hilp_imp_desc,0.5,2560,901,True,False,279,11,11.0,3.265625,7.734375,11.0625,-0.0625
P136_10043,hilp,hilp_imp_desc,0.5,2560,901,False,False,520,226,6.59375,8.0625,-1.46875,6.125,0.46875
P136_10065,hilp,hilp_imp_desc,0.5,2560,901,True,False,279,3131,2.390625,6.0,-3.609375,2.546875,-0.15625
P138_10042,hilp,hilp_imp_desc,0.5,2560,901,True,False,279,6,12.9375,3.796875,9.140625,12.0,0.9375
P138_1009,hilp,hilp_imp_desc,0.5,2560,901,True,False,279,2,15.5625,8.875,6.6875,15.5625,0.0
P140_1,hilp,hilp_imp_desc,0.5,2560,901,True,True,32186,1,14.3125,8.3125,6.0,14.375,-0.0625
P140_100,hilp,hilp_imp_desc,0.5,2560,901,True,True,15256,1,15.75,7.875,7.875,15.75,0.0
P1412_10009,hilp,hilp_imp_desc,0.5,2560,901,True,False,315,108,8.9375,7.5,1.4375,8.9375,0.0
P1412_10036,hilp,hilp_imp_desc,0.5,2560,901,True,False,539,42,11.1875,8.5625,2.625,11.1875,0.0
P159_1001,hilp,hilp_imp_desc,0.5,2560,901,True,False,26531,2,15.1875,7.34375,7.84375,15.375,-0.1875
P159_10015,hilp,hilp_imp_desc,0.5,2560,901,True,False,35812,2,13.9375,12.0625,1.875,14.0,-0.0625
P17_10005,hilp,hilp_imp_desc,0.5,2560,901,True,False,9605,51,9.1875,8.1875,1.0,9.5,-0.3125
P17_10034,hilp,hilp_imp_desc,0.5,2560,901,True,False,279,14,11.125,9.3125,1.8125,10.1875,0.9375
P176_10014,hilp,hilp_imp_desc,0.5,2560,901,True,True,29987,1,17.0,7.96875,9.03125,17.0,0.0
P176_10044,hilp,hilp_imp_desc,0.5,2560,901,True,True,30300,1,15.3125,7.28125,8.03125,15.375,-0.0625
P178_10019,hilp,hilp_imp_desc,0.5,2560,901,True,True,5195,1,14.9375,9.4375,5.5,15.0,-0.0625
P178_10020,hilp,hilp_imp_desc,0.5,2560,901,True,False,279,2,9.5,5.71875,3.78125,9.1875,0.3125
P19_1002,hilp,hilp_imp_desc,0.5,2560,901,True,False,220,4,13.9375,10.6875,3.25,15.625,-1.6875
P19_10031,hilp,hilp_imp_desc,0.5,2560,901,True,False,279,4,11.4375,6.90625,4.53125,10.6875,0.75
P190_10000,hilp,hilp_imp_desc,0.5,2560,901,True,False,59900,1400,5.34375,5.15625,0.1875,6.125,-0.78125
P190_10006,hilp,hilp_imp_desc,0.5,2560,901,True,False,666,354,7.28125,9.875,-2.59375,7.25,0.03125
P20_10007,hilp,hilp_imp_desc,0.5,2560,901,True,False,220,43,10.875,7.0625,3.8125,10.8125,0.0625
P20_1008,hilp,hilp_imp_desc,0.5,2560,901,True,False,1561,5,9.0625,9.5,-0.4375,8.9375,0.125
P264_1000,hilp,hilp_imp_desc,0.5,2560,901,True,False,2663,1735,2.6875,0.95703125,1.73046875,2.40625,0.28125
P264_10597,hilp,hilp_imp_desc,0.5,2560,901,True,False,279,33,7.90625,4.28125,3.625,7.625,0.28125
P27_10002,hilp,hilp_imp_desc,0.5,2560,901,True,True,10057,1,14.9375,8.5,6.4375,14.9375,0.0
P27_10008,hilp,hilp_imp_desc,0.5,2560,901,True,True,15704,1,12.875,10.0625,2.8125,12.875,0.0
P276_10021,hilp,hilp_imp_desc,0.5,2560,901,True,False,279,717,5.03125,2.4375,2.59375,5.21875,-0.1875
P276_10062,hilp,hilp_imp_desc,0.5,2560,901,True,False,13160,7,13.0625,1.5078125,11.5546875,12.8125,0.25
P30_10003,hilp,hilp_imp_desc,0.5,2560,901,True,False,279,21,10.5625,6.0,4.5625,10.5625,0.0
P30_10028,hilp,hilp_imp_desc,0.5,2560,901,True,True,72787,1,17.0,11.1875,5.8125,16.75,0.25
P36_10035,hilp,hilp_imp_desc,0.5,2560,901,True,True,86545,1,16.25,4.9375,11.3125,16.375,-0.125
P36_10369,hilp,hilp_imp_desc,0.5,2560,901,True,True,12366,1,13.75,6.5,7.25,13.1875,0.5625
P364_10013,hilp,hilp_imp_desc,0.5,2560,901,True,True,6498,1,11.875,11.125,0.75,12.1875,-0.3125
P364_10039,hilp,hilp_imp_desc,0.5,2560,901,True,False,264,25,10.4375,9.0625,1.375,9.875,0.5625
P37_10078,hilp,hilp_imp_desc,0.5,2560,901,True,False,22164,2,16.25,5.15625,11.09375,16.0,0.25
P37_10134,hilp,hilp_imp_desc,0.5,2560,901,True,False,1443,2,16.0,4.5,11.5,16.5,-0.5
P39_10010,hilp,hilp_imp_desc,0.5,2560,901,True,False,1695,54,10.3125,6.59375,3.71875,10.125,0.1875
P39_10025,hilp,hilp_imp_desc,0.5,2560,901,True,False,721,51,9.3125,4.625,4.6875,9.25,0.0625
P407_10033,hilp,hilp_imp_desc,0.5,2560,901,True,False,539,9,11.9375,8.0625,3.875,11.8125,0.125
P407_10082,hilp,hilp_imp_desc,0.5,2560,901,True,False,264,28,10.625,7.59375,3.03125,11.1875,-0.5625
P413_10029,hilp,hilp_imp_desc,0.5,2560,901,True,False,315,19,10.625,6.46875,4.15625,11.6875,-1.0625
P413_1006,hilp,hilp_imp_desc,0.5,2560,901,True,False,41047,189,7.625,12.25,-4.625,7.84375,-0.21875
P449_10023,hilp,hilp_imp_desc,0.5,2560,901,True,False,220,100,8.25,6.90625,1.34375,8.3125,-0.0625
P449_10104,hilp,hilp_imp_desc,0.5,2560,901,True,False,23469,12,12.0,12.0,0.0,11.625,0.375
P463_10050,hilp,hilp_imp_desc,0.5,2560,901,True,False,39144,2,13.0625,2.8125,10.25,12.875,0.1875
P463_10121,hilp,hilp_imp_desc,0.5,2560,901,True,True,44742,1,15.6875,5.0,10.6875,15.6875,0.0
P495_10012,hilp,hilp_imp_desc,0.5,2560,901,True,False,279,10,12.875,8.75,4.125,12.9375,-0.0625
P495_1003,hilp,hilp_imp_desc,0.5,2560,901,True,False,20632,13,11.8125,8.1875,3.625,11.5,0.3125
P641_10047,hilp,hilp_imp_desc,0.5,2560,901,True,True,20075,1,15.5,11.25,4.25,15.375,0.125
P641_10270,hilp,hilp_imp_desc,0.5,2560,901,True,False,315,15,11.375,10.3125,1.0625,11.875,-0.5
P740_10016,hilp,hilp_imp_desc,0.5,2560,901,True,False,220,2,16.375,8.9375,7.4375,16.75,-0.375
P740_10054,hilp,hilp_imp_desc,0.5,2560,901,True,False,220,8,12.3125,9.1875,3.125,12.25,0.0625
P937_10004,hilp,hilp_imp_desc,0.5,2560,901,True,False,279,5,12.375,12.5625,-0.1875,12.5625,-0.1875
P937_10060,hilp,hilp_imp_desc,0.5,2560,901,True,False,279,168,6.71875,9.5625,-2.84375,6.71875,0.0
P101_10027,hilp,hilp_imp_asc,0.05,256,256,False,False,47976,6,12.25,6.75,5.5,12.0625,0.1875
P101_10066,hilp,hilp_imp_asc,0.05,256,256,True,False,279,9,10.9375,7.71875,3.21875,11.1875,-0.25
P103_0,hilp,hilp_imp_asc,0.05,256,256,True,True,8753,1,16.375,9.75,6.625,16.375,0.0
P103_10038,hilp,hilp_imp_asc,0.05,256,256,True,True,8753,1,15.6875,10.125,5.5625,15.5,0.1875
P106_10026,hilp,hilp_imp_asc,0.05,256,256,True,False,10212,44,8.5625,5.4375,3.125,8.625,-0.0625
P106_10076,hilp,hilp_imp_asc,0.05,256,256,True,False,24577,2,13.125,7.0625,6.0625,13.1875,-0.0625
P108_10032,hilp,hilp_imp_asc,0.05,256,256,True,True,5195,1,17.0,5.5625,11.4375,17.0,0.0
P108_10064,hilp,hilp_imp_asc,0.05,256,256,True,False,279,4,10.625,5.65625,4.96875,10.5625,0.0625
P127_10,hilp,hilp_imp_asc,0.05,256,256,True,False,279,3,6.9375,1.6171875,5.3203125,6.96875,-0.03125
P127_10040,hilp,hilp_imp_asc,0.05,256,256,True,False,11,2,10.3125,5.03125,5.28125,10.375,-0.0625
P1303_10011,hilp,hilp_imp_asc,0.05,256,256,True,False,56400,2,11.0,9.4375,1.5625,10.875,0.125
P1303_10017,hilp,hilp_imp_asc,0.05,256,256,True,False,279,8,8.125,8.125,0.0,7.875,0.25
P131_10018,hilp,hilp_imp_asc,0.05,256,256,True,False,279,3,13.9375,4.78125,9.15625,13.875,0.0625
P131_10045,hilp,hilp_imp_asc,0.05,256,256,True,False,279,10,11.1875,3.0625,8.125,11.0625,0.125
P136_10043,hilp,hilp_imp_asc,0.05,256,256,True,False,264,260,6.09375,7.4375,-1.34375,6.125,-0.03125
P136_10065,hilp,hilp_imp_asc,0.05,256,256,True,False,279,2327,2.53125,5.59375,-3.0625,2.546875,-0.015625
P138_10042,hilp,hilp_imp_asc,0.05,256,256,True,False,279,6,12.0625,3.078125,8.984375,12.0,0.0625
P138_1009,hilp,hilp_imp_asc,0.05,256,256,True,False,279,2,15.375,8.625,6.75,15.5625,-0.1875
P140_1,hilp,hilp_imp_asc,0.05,256,256,True,True,32186,1,14.375,8.0625,6.3125,14.375,0.0
P140_100,hilp,hilp_imp_asc,0.05,256,256,True,True,15256,1,15.6875,8.125,7.5625,15.75,-0.0625
P1412_10009,hilp,hilp_imp_asc,0.05,256,256,True,False,315,99,9.0625,7.65625,1.40625,8.9375,0.125
P1412_10036,hilp,hilp_imp_asc,0.05,256,256,True,False,539,40,11.1875,8.625,2.5625,11.1875,0.0
P159_1001,hilp,hilp_imp_asc,0.05,256,256,True,False,26531,2,15.375,7.25,8.125,15.375,0.0
P159_10015,hilp,hilp_imp_asc,0.05,256,256,True,False,35812,2,13.9375,12.0625,1.875,14.0,-0.0625
P17_10005,hilp,hilp_imp_asc,0.05,256,256,True,False,9605,46,9.4375,8.1875,1.25,9.5,-0.0625
P17_10034,hilp,hilp_imp_asc,0.05,256,256,True,False,279,30,10.375,9.5625,0.8125,10.1875,0.1875
P176_10014,hilp,hilp_imp_asc,0.05,256,256,True,True,29987,1,17.0,8.125,8.875,17.0,0.0
P176_10044,hilp,hilp_imp_asc,0.05,256,256,True,True,30300,1,15.3125,6.9375,8.375,15.375,-0.0625
P178_10019,hilp,hilp_imp_asc,0.05,256,256,True,True,5195,1,14.9375,9.4375,5.5,15.0,-0.0625
P178_10020,hilp,hilp_imp_asc,0.05,256,256,True,False,279,2,9.375,5.84375,3.53125,9.1875,0.1875
P19_1002,hilp,hilp_imp_asc,0.05,256,256,True,False,220,2,15.1875,10.4375,4.75,15.625,-0.4375
P19_10031,hilp,hilp_imp_asc,0.05,256,256,True,False,279,4,10.875,6.28125,4.59375,10.6875,0.1875
P190_10000,hilp,hilp_imp_asc,0.05,256,256,True,False,59900,577,6.4375,5.625,0.8125,6.125,0.3125
P190_10006,hilp,hilp_imp_asc,0.05,256,256,True,False,666,338,7.3125,9.8125,-2.5,7.25,0.0625
P20_10007,hilp,hilp_imp_asc,0.05,256,256,True,False,220,43,10.875,7.1875,3.6875,10.8125,0.0625
P20_1008,hilp,hilp_imp_asc,0.05,256,256,True,False,1561,6,8.875,9.3125,-0.4375,8.9375,-0.0625
P264_1000,hilp,hilp_imp_asc,0.05,256,256,True,False,2663,1876,2.515625,0.94921875,1.56640625,2.40625,0.109375
P264_10597,hilp,hilp_imp_asc,0.05,256,256,True,False,279,17,7.6875,3.359375,4.328125,7.625,0.0625
P27_10002,hilp,hilp_imp_asc,0.05,256,256,True,True,10057,1,14.9375,8.4375,6.5,14.9375,0.0
P27_10008,hilp,hilp_imp_asc,0.05,256,256,True,True,15704,1,12.9375,9.9375,3.0,12.875,0.0625
P276_10021,hilp,hilp_imp_asc,0.05,256,256,True,False,279,566,5.28125,2.484375,2.796875,5.21875,0.0625
P276_10062,hilp,hilp_imp_asc,0.05,256,256,True,False,13160,6,13.0,1.484375,11.515625,12.8125,0.1875
P30_10003,hilp,hilp_imp_asc,0.05,256,256,True,False,279,22,10.5625,6.0,4.5625,10.5625,0.0
P30_10028,hilp,hilp_imp_asc,0.05,256,256,True,True,72787,1,16.75,10.9375,5.8125,16.75,0.0
P36_10035,hilp,hilp_imp_asc,0.05,256,256,True,True,86545,1,16.375,5.03125,11.34375,16.375,0.0
P36_10369,hilp,hilp_imp_asc,0.05,256,256,True,True,12366,1,13.3125,6.3125,7.0,13.1875,0.125
P364_10013,hilp,hilp_imp_asc,0.05,256,256,True,True,6498,1,12.25,11.4375,0.8125,12.1875,0.0625
P364_10039,hilp,hilp_imp_asc,0.05,256,256,True,False,264,57,9.75,8.4375,1.3125,9.875,-0.125
P37_10078,hilp,hilp_imp_asc,0.05,256,256,True,False,22164,2,16.125,5.375,10.75,16.0,0.125
P37_10134,hilp,hilp_imp_asc,0.05,256,256,True,False,1443,2,16.375,4.28125,12.09375,16.5,-0.125
P39_10010,hilp,hilp_imp_asc,0.05,256,256,True,False,1695,64,10.125,6.625,3.5,10.125,0.0
P39_10025,hilp,hilp_imp_asc,0.05,256,256,True,False,721,50,9.375,4.71875,4.65625,9.25,0.125
P407_10033,hilp,hilp_imp_asc,0.05,256,256,True,False,539,11,11.8125,7.9375,3.875,11.8125,0.0
P407_10082,hilp,hilp_imp_asc,0.05,256,256,True,False,264,18,10.875,7.59375,3.28125,11.1875,-0.3125
P413_10029,hilp,hilp_imp_asc,0.05,256,256,True,False,315,12,11.1875,6.3125,4.875,11.6875,-0.5
P413_1006,hilp,hilp_imp_asc,0.05,256,256,True,False,41047,192,7.84375,12.625,-4.78125,7.84375,0.0
P449_10023,hilp,hilp_imp_asc,0.05,256,256,True,False,220,100,8.25,6.90625,1.34375,8.3125,-0.0625
P449_10104,hilp,hilp_imp_asc,0.05,256,256,True,False,23469,16,11.6875,11.625,0.0625,11.625,0.0625
P463_10050,hilp,hilp_imp_asc,0.05,256,256,True,False,39144,4,12.875,2.796875,10.078125,12.875,0.0
P463_10121,hilp,hilp_imp_asc,0.05,256,256,True,True,44742,1,15.75,4.75,11.0,15.6875,0.0625
P495_10012,hilp,hilp_imp_asc,0.05,256,256,True,False,279,10,12.8125,8.5625,4.25,12.9375,-0.125
P495_1003,hilp,hilp_imp_asc,0.05,256,256,True,False,20632,16,11.5625,8.1875,3.375,11.5,0.0625
P641_10047,hilp,hilp_imp_asc,0.05,256,256,True,True,20075,1,15.375,11.375,4.0,15.375,0.0
P641_10270,hilp,hilp_imp_asc,0.05,256,256,True,False,315,9,11.9375,10.5,1.4375,11.875,0.0625
P740_10016,hilp,hilp_imp_asc,0.05,256,256,True,False,220,2,16.75,9.1875,7.5625,16.75,0.0
P740_10054,hilp,hilp_imp_asc,0.05,256,256,True,False,220,7,12.1875,8.8125,3.375,12.25,-0.0625
P937_10004,hilp,hilp_imp_asc,0.05,256,256,True,False,279,5,12.4375,12.625,-0.1875,12.5625,-0.125
P937_10060,hilp,hilp_imp_asc,0.05,256,256,True,False,279,161,6.71875,9.5,-2.78125,6.71875,0.0
P101_10027,hilp,hilp_imp_asc,0.1,512,512,False,False,47976,6,12.25,6.75,5.5,12.0625,0.1875
P101_10066,hilp,hilp_imp_asc,0.1,512,512,True,False,279,9,11.0,7.6875,3.3125,11.1875,-0.1875
P103_0,hilp,hilp_imp_asc,0.1,512,512,True,True,8753,1,16.375,9.75,6.625,16.375,0.0
P103_10038,hilp,hilp_imp_asc,0.1,512,512,True,True,8753,1,15.625,10.0,5.625,15.5,0.125
P106_10026,hilp,hilp_imp_asc,0.1,512,512,True,False,10212,40,8.625,5.4375,3.1875,8.625,0.0
P106_10076,hilp,hilp_imp_asc,0.1,512,512,True,False,24577,2,13.1875,7.0,6.1875,13.1875,0.0
P108_10032,hilp,hilp_imp_asc,0.1,512,512,True,True,5195,1,16.875,5.5,11.375,17.0,-0.125
P108_10064,hilp,hilp_imp_asc,0.1,512,512,True,False,279,4,10.5,5.65625,4.84375,10.5625,-0.0625
P127_10,hilp,hilp_imp_asc,0.1,512,512,True,False,279,3,6.90625,1.6640625,5.2421875,6.96875,-0.0625
P127_10040,hilp,hilp_imp_asc,0.1,512,512,True,False,11,2,10.375,5.03125,5.34375,10.375,0.0
P1303_10011,hilp,hilp_imp_asc,0.1,512,512,True,False,56400,2,11.0625,9.5,1.5625,10.875,0.1875
P1303_10017,hilp,hilp_imp_asc,0.1,512,512,True,False,279,7,8.5,8.375,0.125,7.875,0.625
P131_10018,hilp,hilp_imp_asc,0.1,512,512,True,False,279,3,14.0,4.78125,9.21875,13.875,0.125
P131_10045,hilp,hilp_imp_asc,0.1,512,512,True,False,279,11,11.0625,3.203125,7.859375,11.0625,0.0
P136_10043,hilp,hilp_imp_asc,0.1,512,512,True,False,264,264,6.0,7.34375,-1.34375,6.125,-0.125
P136_10065,hilp,hilp_imp_asc,0.1,512,512,True,False,279,2777,2.421875,5.75,-3.328125,2.546875,-0.125
P138_10042,hilp,hilp_imp_asc,0.1,512,512,True,False,279,6,12.0625,3.15625,8.90625,12.0,0.0625
P138_1009,hilp,hilp_imp_asc,0.1,512,512,True,False,279,2,15.375,8.875,6.5,15.5625,-0.1875
P140_1,hilp,hilp_imp_asc,0.1,512,512,True,True,32186,1,14.4375,8.1875,6.25,14.375,0.0625
P140_100,hilp,hilp_imp_asc,0.1,512,512,True,True,15256,1,15.4375,7.875,7.5625,15.75,-0.3125
P1412_10009,hilp,hilp_imp_asc,0.1,512,512,True,False,315,102,9.0625,7.71875,1.34375,8.9375,0.125
P1412_10036,hilp,hilp_imp_asc,0.1,512,512,True,False,539,40,11.1875,8.625,2.5625,11.1875,0.0
P159_1001,hilp,hilp_imp_asc,0.1,512,512,True,False,26531,2,15.1875,7.21875,7.96875,15.375,-0.1875
P159_10015,hilp,hilp_imp_asc,0.1,512,512,True,False,35812,2,14.0,12.0625,1.9375,14.0,0.0
P17_10005,hilp,hilp_imp_asc,0.1,512,512,True,False,9605,47,9.3125,7.96875,1.34375,9.5,-0.1875
P17_10034,hilp,hilp_imp_asc,0.1,512,512,True,False,279,28,10.4375,9.5625,0.875,10.1875,0.25
P176_10014,hilp,hilp_imp_asc,0.1,512,512,True,True,29987,1,17.0,8.0,9.0,17.0,0.0
P176_10044,hilp,hilp_imp_asc,0.1,512,512,True,True,30300,1,15.375,6.96875,8.40625,15.375,0.0
P178_10019,hilp,hilp_imp_asc,0.1,512,512,True,True,5195,1,14.9375,9.5,5.4375,15.0,-0.0625
P178_10020,hilp,hilp_imp_asc,0.1,512,512,True,False,279,2,9.375,5.8125,3.5625,9.1875,0.1875
P19_1002,hilp,hilp_imp_asc,0.1,512,512,True,False,220,2,14.9375,10.4375,4.5,15.625,-0.6875
P19_10031,hilp,hilp_imp_asc,0.1,512,512,True,False,279,4,11.0,6.40625,4.59375,10.6875,0.3125
P190_10000,hilp,hilp_imp_asc,0.1,512,512,True,False,59900,785,6.03125,5.46875,0.5625,6.125,-0.09375
P190_10006,hilp,hilp_imp_asc,0.1,512,512,True,False,666,370,7.21875,9.875,-2.65625,7.25,-0.03125
P20_10007,hilp,hilp_imp_asc,0.1,512,512,True,False,220,43,10.875,7.125,3.75,10.8125,0.0625
P20_1008,hilp,hilp_imp_asc,0.1,512,512,True,False,1561,6,8.875,9.3125,-0.4375,8.9375,-0.0625
P264_1000,hilp,hilp_imp_asc,0.1,512,512,True,False,2663,1786,2.609375,0.953125,1.65625,2.40625,0.203125
P264_10597,hilp,hilp_imp_asc,0.1,512,512,True,False,279,16,7.71875,3.5625,4.15625,7.625,0.09375
P27_10002,hilp,hilp_imp_asc,0.1,512,512,True,True,10057,1,14.9375,8.4375,6.5,14.9375,0.0
P27_10008,hilp,hilp_imp_asc,0.1,512,512,True,True,15704,1,12.875,10.125,2.75,12.875,0.0
P276_10021,hilp,hilp_imp_asc,0.1,512,512,True,False,279,560,5.3125,2.5625,2.75,5.21875,0.09375
P276_10062,hilp,hilp_imp_asc,0.1,512,512,True,False,13160,5,13.1875,1.53125,11.65625,12.8125,0.375
P30_10003,hilp,hilp_imp_asc,0.1,512,512,True,False,279,26,10.4375,6.0625,4.375,10.5625,-0.125
P30_10028,hilp,hilp_imp_asc,0.1,512,512,True,True,72787,1,16.875,11.0,5.875,16.75,0.125
P36_10035,hilp,hilp_imp_asc,0.1,512,512,True,True,86545,1,16.375,4.96875,11.40625,16.375,0.0
P36_10369,hilp,hilp_imp_asc,0.1,512,512,True,True,12366,1,13.375,6.25,7.125,13.1875,0.1875
P364_10013,hilp,hilp_imp_asc,0.1,512,512,True,True,6498,1,12.25,11.4375,0.8125,12.1875,0.0625
P364_10039,hilp,hilp_imp_asc,0.1,512,512,True,False,264,46,9.9375,8.5,1.4375,9.875,0.0625
P37_10078,hilp,hilp_imp_asc,0.1,512,512,True,False,22164,2,16.25,5.34375,10.90625,16.0,0.25
P37_10134,hilp,hilp_imp_asc,0.1,512,512,True,False,1443,2,16.375,4.28125,12.09375,16.5,-0.125
P39_10010,hilp,hilp_imp_asc,0.1,512,512,True,False,1695,59,10.1875,6.59375,3.59375,10.125,0.0625
P39_10025,hilp,hilp_imp_asc,0.1,512,512,True,False,721,51,9.3125,4.65625,4.65625,9.25,0.0625
P407_10033,hilp,hilp_imp_asc,0.1,512,512,True,False,539,9,11.875,8.0625,3.8125,11.8125,0.0625
P407_10082,hilp,hilp_imp_asc,0.1,512,512,True,False,264,18,10.9375,7.78125,3.15625,11.1875,-0.25
P413_10029,hilp,hilp_imp_asc,0.1,512,512,True,False,315,12,11.0625,6.1875,4.875,11.6875,-0.625
P413_1006,hilp,hilp_imp_asc,0.1,512,512,True,False,41047,184,7.96875,12.625,-4.65625,7.84375,0.125
P449_10023,hilp,hilp_imp_asc,0.1,512,512,True,False,220,96,8.25,6.78125,1.46875,8.3125,-0.0625
P449_10104,hilp,hilp_imp_asc,0.1,512,512,True,False,23469,13,11.875,11.8125,0.0625,11.625,0.25
P463_10050,hilp,hilp_imp_asc,0.1,512,512,True,False,39144,2,13.0,2.828125,10.171875,12.875,0.125
P463_10121,hilp,hilp_imp_asc,0.1,512,512,True,True,44742,1,15.6875,4.6875,11.0,15.6875,0.0
P495_10012,hilp,hilp_imp_asc,0.1,512,512,True,False,279,10,12.8125,8.5625,4.25,12.9375,-0.125
P495_1003,hilp,hilp_imp_asc,0.1,512,512,True,False,20632,16,11.5625,8.1875,3.375,11.5,0.0625
P641_10047,hilp,hilp_imp_asc,0.1,512,512,True,True,20075,1,15.375,11.375,4.0,15.375,0.0
P641_10270,hilp,hilp_imp_asc,0.1,512,512,True,False,315,11,11.8125,10.5625,1.25,11.875,-0.0625
P740_10016,hilp,hilp_imp_asc,0.1,512,512,True,False,220,2,16.5,8.9375,7.5625,16.75,-0.25
P740_10054,hilp,hilp_imp_asc,0.1,512,512,True,False,220,9,12.1875,9.0,3.1875,12.25,-0.0625
P937_10004,hilp,hilp_imp_asc,0.1,512,512,True,False,279,5,12.4375,12.6875,-0.25,12.5625,-0.125
P937_10060,hilp,hilp_imp_asc,0.1,512,512,True,False,279,166,6.6875,9.4375,-2.75,6.71875,-0.03125
P101_10027,hilp,hilp_imp_asc,0.2,1024,901,False,False,47976,5,12.3125,6.8125,5.5,12.0625,0.25
P101_10066,hilp,hilp_imp_asc,0.2,1024,901,True,False,279,10,11.0,7.65625,3.34375,11.1875,-0.1875
P103_0,hilp,hilp_imp_asc,0.2,1024,901,True,True,8753,1,16.375,9.8125,6.5625,16.375,0.0
P103_10038,hilp,hilp_imp_asc,0.2,1024,901,True,True,8753,1,15.625,9.875,5.75,15.5,0.125
P106_10026,hilp,hilp_imp_asc,0.2,1024,901,True,False,10212,35,8.875,5.46875,3.40625,8.625,0.25
P106_10076,hilp,hilp_imp_asc,0.2,1024,901,True,False,24577,2,13.0,6.96875,6.03125,13.1875,-0.1875
P108_10032,hilp,hilp_imp_asc,0.2,1024,901,True,True,5195,1,16.875,5.40625,11.46875,17.0,-0.125
P108_10064,hilp,hilp_imp_asc,0.2,1024,901,True,False,279,5,10.1875,5.125,5.0625,10.5625,-0.375
P127_10,hilp,hilp_imp_asc,0.2,1024,901,True,False,279,3,6.96875,1.7734375,5.1953125,6.96875,0.0
P127_10040,hilp,hilp_imp_asc,0.2,1024,901,True,False,11,2,10.5,5.09375,5.40625,10.375,0.125
P1303_10011,hilp,hilp_imp_asc,0.2,1024,901,True,False,56400,2,9.75,8.125,1.625,10.875,-1.125
P1303_10017,hilp,hilp_imp_asc,0.2,1024,901,True,False,279,8,8.625,8.6875,-0.0625,7.875,0.75
P131_10018,hilp,hilp_imp_asc,0.2,1024,901,True,False,279,3,14.0625,4.59375,9.46875,13.875,0.1875
P131_10045,hilp,hilp_imp_asc,0.2,1024,901,True,False,279,11,11.0,3.265625,7.734375,11.0625,-0.0625
P136_10043,hilp,hilp_imp_asc,0.2,1024,901,False,False,520,226,6.59375,8.0625,-1.46875,6.125,0.46875
P136_10065,hilp,hilp_imp_asc,0.2,1024,901,True,False,279,3131,2.390625,6.0,-3.609375,2.546875,-0.15625
P138_10042,hilp,hilp_imp_asc,0.2,1024,901,True,False,279,6,12.9375,3.796875,9.140625,12.0,0.9375
P138_1009,hilp,hilp_imp_asc,0.2,1024,901,True,False,279,2,15.5625,8.875,6.6875,15.5625,0.0
P140_1,hilp,hilp_imp_asc,0.2,1024,901,True,True,32186,1,14.3125,8.3125,6.0,14.375,-0.0625
P140_100,hilp,hilp_imp_asc,0.2,1024,901,True,True,15256,1,15.75,7.875,7.875,15.75,0.0
P1412_10009,hilp,hilp_imp_asc,0.2,1024,901,True,False,315,108,8.9375,7.5,1.4375,8.9375,0.0
P1412_10036,hilp,hilp_imp_asc,0.2,1024,901,True,False,539,42,11.1875,8.5625,2.625,11.1875,0.0
P159_1001,hilp,hilp_imp_asc,0.2,1024,901,True,False,26531,2,15.1875,7.34375,7.84375,15.375,-0.1875
P159_10015,hilp,hilp_imp_asc,0.2,1024,901,True,False,35812,2,13.9375,12.0625,1.875,14.0,-0.0625
P17_10005,hilp,hilp_imp_asc,0.2,1024,901,True,False,9605,51,9.1875,8.1875,1.0,9.5,-0.3125
P17_10034,hilp,hilp_imp_asc,0.2,1024,901,True,False,279,14,11.125,9.3125,1.8125,10.1875,0.9375
P176_10014,hilp,hilp_imp_asc,0.2,1024,901,True,True,29987,1,17.0,7.96875,9.03125,17.0,0.0
P176_10044,hilp,hilp_imp_asc,0.2,1024,901,True,True,30300,1,15.3125,7.28125,8.03125,15.375,-0.0625
P178_10019,hilp,hilp_imp_asc,0.2,1024,901,True,True,5195,1,14.9375,9.4375,5.5,15.0,-0.0625
P178_10020,hilp,hilp_imp_asc,0.2,1024,901,True,False,279,2,9.5,5.71875,3.78125,9.1875,0.3125
P19_1002,hilp,hilp_imp_asc,0.2,1024,901,True,False,220,4,13.9375,10.6875,3.25,15.625,-1.6875
P19_10031,hilp,hilp_imp_asc,0.2,1024,901,True,False,279,4,11.4375,6.90625,4.53125,10.6875,0.75
P190_10000,hilp,hilp_imp_asc,0.2,1024,901,True,False,59900,1400,5.34375,5.15625,0.1875,6.125,-0.78125
P190_10006,hilp,hilp_imp_asc,0.2,1024,901,True,False,666,354,7.28125,9.875,-2.59375,7.25,0.03125
P20_10007,hilp,hilp_imp_asc,0.2,1024,901,True,False,220,43,10.875,7.0625,3.8125,10.8125,0.0625
P20_1008,hilp,hilp_imp_asc,0.2,1024,901,True,False,1561,5,9.0625,9.5,-0.4375,8.9375,0.125
P264_1000,hilp,hilp_imp_asc,0.2,1024,901,True,False,2663,1735,2.6875,0.95703125,1.73046875,2.40625,0.28125
P264_10597,hilp,hilp_imp_asc,0.2,1024,901,True,False,279,33,7.90625,4.28125,3.625,7.625,0.28125
P27_10002,hilp,hilp_imp_asc,0.2,1024,901,True,True,10057,1,14.9375,8.5,6.4375,14.9375,0.0
P27_10008,hilp,hilp_imp_asc,0.2,1024,901,True,True,15704,1,12.875,10.0625,2.8125,12.875,0.0
P276_10021,hilp,hilp_imp_asc,0.2,1024,901,True,False,279,717,5.03125,2.4375,2.59375,5.21875,-0.1875
P276_10062,hilp,hilp_imp_asc,0.2,1024,901,True,False,13160,7,13.0625,1.5078125,11.5546875,12.8125,0.25
P30_10003,hilp,hilp_imp_asc,0.2,1024,901,True,False,279,21,10.5625,6.0,4.5625,10.5625,0.0
P30_10028,hilp,hilp_imp_asc,0.2,1024,901,True,True,72787,1,17.0,11.1875,5.8125,16.75,0.25
P36_10035,hilp,hilp_imp_asc,0.2,1024,901,True,True,86545,1,16.25,4.9375,11.3125,16.375,-0.125
P36_10369,hilp,hilp_imp_asc,0.2,1024,901,True,True,12366,1,13.75,6.5,7.25,13.1875,0.5625
P364_10013,hilp,hilp_imp_asc,0.2,1024,901,True,True,6498,1,11.875,11.125,0.75,12.1875,-0.3125
P364_10039,hilp,hilp_imp_asc,0.2,1024,901,True,False,264,25,10.4375,9.0625,1.375,9.875,0.5625
P37_10078,hilp,hilp_imp_asc,0.2,1024,901,True,False,22164,2,16.25,5.15625,11.09375,16.0,0.25
P37_10134,hilp,hilp_imp_asc,0.2,1024,901,True,False,1443,2,16.0,4.5,11.5,16.5,-0.5
P39_10010,hilp,hilp_imp_asc,0.2,1024,901,True,False,1695,54,10.3125,6.59375,3.71875,10.125,0.1875
P39_10025,hilp,hilp_imp_asc,0.2,1024,901,True,False,721,51,9.3125,4.625,4.6875,9.25,0.0625
P407_10033,hilp,hilp_imp_asc,0.2,1024,901,True,False,539,9,11.9375,8.0625,3.875,11.8125,0.125
P407_10082,hilp,hilp_imp_asc,0.2,1024,901,True,False,264,28,10.625,7.59375,3.03125,11.1875,-0.5625
P413_10029,hilp,hilp_imp_asc,0.2,1024,901,True,False,315,19,10.625,6.46875,4.15625,11.6875,-1.0625
P413_1006,hilp,hilp_imp_asc,0.2,1024,901,True,False,41047,189,7.625,12.25,-4.625,7.84375,-0.21875
P449_10023,hilp,hilp_imp_asc,0.2,1024,901,True,False,220,100,8.25,6.90625,1.34375,8.3125,-0.0625
P449_10104,hilp,hilp_imp_asc,0.2,1024,901,True,False,23469,12,12.0,12.0,0.0,11.625,0.375
P463_10050,hilp,hilp_imp_asc,0.2,1024,901,True,False,39144,2,13.0625,2.8125,10.25,12.875,0.1875
P463_10121,hilp,hilp_imp_asc,0.2,1024,901,True,True,44742,1,15.6875,5.0,10.6875,15.6875,0.0
P495_10012,hilp,hilp_imp_asc,0.2,1024,901,True,False,279,10,12.875,8.75,4.125,12.9375,-0.0625
P495_1003,hilp,hilp_imp_asc,0.2,1024,901,True,False,20632,13,11.8125,8.1875,3.625,11.5,0.3125
P641_10047,hilp,hilp_imp_asc,0.2,1024,901,True,True,20075,1,15.5,11.25,4.25,15.375,0.125
P641_10270,hilp,hilp_imp_asc,0.2,1024,901,True,False,315,15,11.375,10.3125,1.0625,11.875,-0.5
P740_10016,hilp,hilp_imp_asc,0.2,1024,901,True,False,220,2,16.375,8.9375,7.4375,16.75,-0.375
P740_10054,hilp,hilp_imp_asc,0.2,1024,901,True,False,220,8,12.3125,9.1875,3.125,12.25,0.0625
P937_10004,hilp,hilp_imp_asc,0.2,1024,901,True,False,279,5,12.375,12.5625,-0.1875,12.5625,-0.1875
P937_10060,hilp,hilp_imp_asc,0.2,1024,901,True,False,279,168,6.71875,9.5625,-2.84375,6.71875,0.0
P101_10027,hilp,hilp_imp_asc,0.3,1536,901,False,False,47976,5,12.3125,6.8125,5.5,12.0625,0.25
P101_10066,hilp,hilp_imp_asc,0.3,1536,901,True,False,279,10,11.0,7.65625,3.34375,11.1875,-0.1875
P103_0,hilp,hilp_imp_asc,0.3,1536,901,True,True,8753,1,16.375,9.8125,6.5625,16.375,0.0
P103_10038,hilp,hilp_imp_asc,0.3,1536,901,True,True,8753,1,15.625,9.875,5.75,15.5,0.125
P106_10026,hilp,hilp_imp_asc,0.3,1536,901,True,False,10212,35,8.875,5.46875,3.40625,8.625,0.25
P106_10076,hilp,hilp_imp_asc,0.3,1536,901,True,False,24577,2,13.0,6.96875,6.03125,13.1875,-0.1875
P108_10032,hilp,hilp_imp_asc,0.3,1536,901,True,True,5195,1,16.875,5.40625,11.46875,17.0,-0.125
P108_10064,hilp,hilp_imp_asc,0.3,1536,901,True,False,279,5,10.1875,5.125,5.0625,10.5625,-0.375
P127_10,hilp,hilp_imp_asc,0.3,1536,901,True,False,279,3,6.96875,1.7734375,5.1953125,6.96875,0.0
P127_10040,hilp,hilp_imp_asc,0.3,1536,901,True,False,11,2,10.5,5.09375,5.40625,10.375,0.125
P1303_10011,hilp,hilp_imp_asc,0.3,1536,901,True,False,56400,2,9.75,8.125,1.625,10.875,-1.125
P1303_10017,hilp,hilp_imp_asc,0.3,1536,901,True,False,279,8,8.625,8.6875,-0.0625,7.875,0.75
P131_10018,hilp,hilp_imp_asc,0.3,1536,901,True,False,279,3,14.0625,4.59375,9.46875,13.875,0.1875
P131_10045,hilp,hilp_imp_asc,0.3,1536,901,True,False,279,11,11.0,3.265625,7.734375,11.0625,-0.0625
P136_10043,hilp,hilp_imp_asc,0.3,1536,901,False,False,520,226,6.59375,8.0625,-1.46875,6.125,0.46875
P136_10065,hilp,hilp_imp_asc,0.3,1536,901,True,False,279,3131,2.390625,6.0,-3.609375,2.546875,-0.15625
P138_10042,hilp,hilp_imp_asc,0.3,1536,901,True,False,279,6,12.9375,3.796875,9.140625,12.0,0.9375
P138_1009,hilp,hilp_imp_asc,0.3,1536,901,True,False,279,2,15.5625,8.875,6.6875,15.5625,0.0
P140_1,hilp,hilp_imp_asc,0.3,1536,901,True,True,32186,1,14.3125,8.3125,6.0,14.375,-0.0625
P140_100,hilp,hilp_imp_asc,0.3,1536,901,True,True,15256,1,15.75,7.875,7.875,15.75,0.0
P1412_10009,hilp,hilp_imp_asc,0.3,1536,901,True,False,315,108,8.9375,7.5,1.4375,8.9375,0.0
P1412_10036,hilp,hilp_imp_asc,0.3,1536,901,True,False,539,42,11.1875,8.5625,2.625,11.1875,0.0
P159_1001,hilp,hilp_imp_asc,0.3,1536,901,True,False,26531,2,15.1875,7.34375,7.84375,15.375,-0.1875
P159_10015,hilp,hilp_imp_asc,0.3,1536,901,True,False,35812,2,13.9375,12.0625,1.875,14.0,-0.0625
P17_10005,hilp,hilp_imp_asc,0.3,1536,901,True,False,9605,51,9.1875,8.1875,1.0,9.5,-0.3125
P17_10034,hilp,hilp_imp_asc,0.3,1536,901,True,False,279,14,11.125,9.3125,1.8125,10.1875,0.9375
P176_10014,hilp,hilp_imp_asc,0.3,1536,901,True,True,29987,1,17.0,7.96875,9.03125,17.0,0.0
P176_10044,hilp,hilp_imp_asc,0.3,1536,901,True,True,30300,1,15.3125,7.28125,8.03125,15.375,-0.0625
P178_10019,hilp,hilp_imp_asc,0.3,1536,901,True,True,5195,1,14.9375,9.4375,5.5,15.0,-0.0625
P178_10020,hilp,hilp_imp_asc,0.3,1536,901,True,False,279,2,9.5,5.71875,3.78125,9.1875,0.3125
P19_1002,hilp,hilp_imp_asc,0.3,1536,901,True,False,220,4,13.9375,10.6875,3.25,15.625,-1.6875
P19_10031,hilp,hilp_imp_asc,0.3,1536,901,True,False,279,4,11.4375,6.90625,4.53125,10.6875,0.75
P190_10000,hilp,hilp_imp_asc,0.3,1536,901,True,False,59900,1400,5.34375,5.15625,0.1875,6.125,-0.78125
P190_10006,hilp,hilp_imp_asc,0.3,1536,901,True,False,666,354,7.28125,9.875,-2.59375,7.25,0.03125
P20_10007,hilp,hilp_imp_asc,0.3,1536,901,True,False,220,43,10.875,7.0625,3.8125,10.8125,0.0625
P20_1008,hilp,hilp_imp_asc,0.3,1536,901,True,False,1561,5,9.0625,9.5,-0.4375,8.9375,0.125
P264_1000,hilp,hilp_imp_asc,0.3,1536,901,True,False,2663,1735,2.6875,0.95703125,1.73046875,2.40625,0.28125
P264_10597,hilp,hilp_imp_asc,0.3,1536,901,True,False,279,33,7.90625,4.28125,3.625,7.625,0.28125
P27_10002,hilp,hilp_imp_asc,0.3,1536,901,True,True,10057,1,14.9375,8.5,6.4375,14.9375,0.0
P27_10008,hilp,hilp_imp_asc,0.3,1536,901,True,True,15704,1,12.875,10.0625,2.8125,12.875,0.0
P276_10021,hilp,hilp_imp_asc,0.3,1536,901,True,False,279,717,5.03125,2.4375,2.59375,5.21875,-0.1875
P276_10062,hilp,hilp_imp_asc,0.3,1536,901,True,False,13160,7,13.0625,1.5078125,11.5546875,12.8125,0.25
P30_10003,hilp,hilp_imp_asc,0.3,1536,901,True,False,279,21,10.5625,6.0,4.5625,10.5625,0.0
P30_10028,hilp,hilp_imp_asc,0.3,1536,901,True,True,72787,1,17.0,11.1875,5.8125,16.75,0.25
P36_10035,hilp,hilp_imp_asc,0.3,1536,901,True,True,86545,1,16.25,4.9375,11.3125,16.375,-0.125
P36_10369,hilp,hilp_imp_asc,0.3,1536,901,True,True,12366,1,13.75,6.5,7.25,13.1875,0.5625
P364_10013,hilp,hilp_imp_asc,0.3,1536,901,True,True,6498,1,11.875,11.125,0.75,12.1875,-0.3125
P364_10039,hilp,hilp_imp_asc,0.3,1536,901,True,False,264,25,10.4375,9.0625,1.375,9.875,0.5625
P37_10078,hilp,hilp_imp_asc,0.3,1536,901,True,False,22164,2,16.25,5.15625,11.09375,16.0,0.25
P37_10134,hilp,hilp_imp_asc,0.3,1536,901,True,False,1443,2,16.0,4.5,11.5,16.5,-0.5
P39_10010,hilp,hilp_imp_asc,0.3,1536,901,True,False,1695,54,10.3125,6.59375,3.71875,10.125,0.1875
P39_10025,hilp,hilp_imp_asc,0.3,1536,901,True,False,721,51,9.3125,4.625,4.6875,9.25,0.0625
P407_10033,hilp,hilp_imp_asc,0.3,1536,901,True,False,539,9,11.9375,8.0625,3.875,11.8125,0.125
P407_10082,hilp,hilp_imp_asc,0.3,1536,901,True,False,264,28,10.625,7.59375,3.03125,11.1875,-0.5625
P413_10029,hilp,hilp_imp_asc,0.3,1536,901,True,False,315,19,10.625,6.46875,4.15625,11.6875,-1.0625
P413_1006,hilp,hilp_imp_asc,0.3,1536,901,True,False,41047,189,7.625,12.25,-4.625,7.84375,-0.21875
P449_10023,hilp,hilp_imp_asc,0.3,1536,901,True,False,220,100,8.25,6.90625,1.34375,8.3125,-0.0625
P449_10104,hilp,hilp_imp_asc,0.3,1536,901,True,False,23469,12,12.0,12.0,0.0,11.625,0.375
P463_10050,hilp,hilp_imp_asc,0.3,1536,901,True,False,39144,2,13.0625,2.8125,10.25,12.875,0.1875
P463_10121,hilp,hilp_imp_asc,0.3,1536,901,True,True,44742,1,15.6875,5.0,10.6875,15.6875,0.0
P495_10012,hilp,hilp_imp_asc,0.3,1536,901,True,False,279,10,12.875,8.75,4.125,12.9375,-0.0625
P495_1003,hilp,hilp_imp_asc,0.3,1536,901,True,False,20632,13,11.8125,8.1875,3.625,11.5,0.3125
P641_10047,hilp,hilp_imp_asc,0.3,1536,901,True,True,20075,1,15.5,11.25,4.25,15.375,0.125
P641_10270,hilp,hilp_imp_asc,0.3,1536,901,True,False,315,15,11.375,10.3125,1.0625,11.875,-0.5
P740_10016,hilp,hilp_imp_asc,0.3,1536,901,True,False,220,2,16.375,8.9375,7.4375,16.75,-0.375
P740_10054,hilp,hilp_imp_asc,0.3,1536,901,True,False,220,8,12.3125,9.1875,3.125,12.25,0.0625
P937_10004,hilp,hilp_imp_asc,0.3,1536,901,True,False,279,5,12.375,12.5625,-0.1875,12.5625,-0.1875
P937_10060,hilp,hilp_imp_asc,0.3,1536,901,True,False,279,168,6.71875,9.5625,-2.84375,6.71875,0.0
P101_10027,hilp,hilp_imp_asc,0.5,2560,901,False,False,47976,5,12.3125,6.8125,5.5,12.0625,0.25
P101_10066,hilp,hilp_imp_asc,0.5,2560,901,True,False,279,10,11.0,7.65625,3.34375,11.1875,-0.1875
P103_0,hilp,hilp_imp_asc,0.5,2560,901,True,True,8753,1,16.375,9.8125,6.5625,16.375,0.0
P103_10038,hilp,hilp_imp_asc,0.5,2560,901,True,True,8753,1,15.625,9.875,5.75,15.5,0.125
P106_10026,hilp,hilp_imp_asc,0.5,2560,901,True,False,10212,35,8.875,5.46875,3.40625,8.625,0.25
P106_10076,hilp,hilp_imp_asc,0.5,2560,901,True,False,24577,2,13.0,6.96875,6.03125,13.1875,-0.1875
P108_10032,hilp,hilp_imp_asc,0.5,2560,901,True,True,5195,1,16.875,5.40625,11.46875,17.0,-0.125
P108_10064,hilp,hilp_imp_asc,0.5,2560,901,True,False,279,5,10.1875,5.125,5.0625,10.5625,-0.375
P127_10,hilp,hilp_imp_asc,0.5,2560,901,True,False,279,3,6.96875,1.7734375,5.1953125,6.96875,0.0
P127_10040,hilp,hilp_imp_asc,0.5,2560,901,True,False,11,2,10.5,5.09375,5.40625,10.375,0.125
P1303_10011,hilp,hilp_imp_asc,0.5,2560,901,True,False,56400,2,9.75,8.125,1.625,10.875,-1.125
P1303_10017,hilp,hilp_imp_asc,0.5,2560,901,True,False,279,8,8.625,8.6875,-0.0625,7.875,0.75
P131_10018,hilp,hilp_imp_asc,0.5,2560,901,True,False,279,3,14.0625,4.59375,9.46875,13.875,0.1875
P131_10045,hilp,hilp_imp_asc,0.5,2560,901,True,False,279,11,11.0,3.265625,7.734375,11.0625,-0.0625
P136_10043,hilp,hilp_imp_asc,0.5,2560,901,False,False,520,226,6.59375,8.0625,-1.46875,6.125,0.46875
P136_10065,hilp,hilp_imp_asc,0.5,2560,901,True,False,279,3131,2.390625,6.0,-3.609375,2.546875,-0.15625
P138_10042,hilp,hilp_imp_asc,0.5,2560,901,True,False,279,6,12.9375,3.796875,9.140625,12.0,0.9375
P138_1009,hilp,hilp_imp_asc,0.5,2560,901,True,False,279,2,15.5625,8.875,6.6875,15.5625,0.0
P140_1,hilp,hilp_imp_asc,0.5,2560,901,True,True,32186,1,14.3125,8.3125,6.0,14.375,-0.0625
P140_100,hilp,hilp_imp_asc,0.5,2560,901,True,True,15256,1,15.75,7.875,7.875,15.75,0.0
P1412_10009,hilp,hilp_imp_asc,0.5,2560,901,True,False,315,108,8.9375,7.5,1.4375,8.9375,0.0
P1412_10036,hilp,hilp_imp_asc,0.5,2560,901,True,False,539,42,11.1875,8.5625,2.625,11.1875,0.0
P159_1001,hilp,hilp_imp_asc,0.5,2560,901,True,False,26531,2,15.1875,7.34375,7.84375,15.375,-0.1875
P159_10015,hilp,hilp_imp_asc,0.5,2560,901,True,False,35812,2,13.9375,12.0625,1.875,14.0,-0.0625
P17_10005,hilp,hilp_imp_asc,0.5,2560,901,True,False,9605,51,9.1875,8.1875,1.0,9.5,-0.3125
P17_10034,hilp,hilp_imp_asc,0.5,2560,901,True,False,279,14,11.125,9.3125,1.8125,10.1875,0.9375
P176_10014,hilp,hilp_imp_asc,0.5,2560,901,True,True,29987,1,17.0,7.96875,9.03125,17.0,0.0
P176_10044,hilp,hilp_imp_asc,0.5,2560,901,True,True,30300,1,15.3125,7.28125,8.03125,15.375,-0.0625
P178_10019,hilp,hilp_imp_asc,0.5,2560,901,True,True,5195,1,14.9375,9.4375,5.5,15.0,-0.0625
P178_10020,hilp,hilp_imp_asc,0.5,2560,901,True,False,279,2,9.5,5.71875,3.78125,9.1875,0.3125
P19_1002,hilp,hilp_imp_asc,0.5,2560,901,True,False,220,4,13.9375,10.6875,3.25,15.625,-1.6875
P19_10031,hilp,hilp_imp_asc,0.5,2560,901,True,False,279,4,11.4375,6.90625,4.53125,10.6875,0.75
P190_10000,hilp,hilp_imp_asc,0.5,2560,901,True,False,59900,1400,5.34375,5.15625,0.1875,6.125,-0.78125
P190_10006,hilp,hilp_imp_asc,0.5,2560,901,True,False,666,354,7.28125,9.875,-2.59375,7.25,0.03125
P20_10007,hilp,hilp_imp_asc,0.5,2560,901,True,False,220,43,10.875,7.0625,3.8125,10.8125,0.0625
P20_1008,hilp,hilp_imp_asc,0.5,2560,901,True,False,1561,5,9.0625,9.5,-0.4375,8.9375,0.125
P264_1000,hilp,hilp_imp_asc,0.5,2560,901,True,False,2663,1735,2.6875,0.95703125,1.73046875,2.40625,0.28125
P264_10597,hilp,hilp_imp_asc,0.5,2560,901,True,False,279,33,7.90625,4.28125,3.625,7.625,0.28125
P27_10002,hilp,hilp_imp_asc,0.5,2560,901,True,True,10057,1,14.9375,8.5,6.4375,14.9375,0.0
P27_10008,hilp,hilp_imp_asc,0.5,2560,901,True,True,15704,1,12.875,10.0625,2.8125,12.875,0.0
P276_10021,hilp,hilp_imp_asc,0.5,2560,901,True,False,279,717,5.03125,2.4375,2.59375,5.21875,-0.1875
P276_10062,hilp,hilp_imp_asc,0.5,2560,901,True,False,13160,7,13.0625,1.5078125,11.5546875,12.8125,0.25
P30_10003,hilp,hilp_imp_asc,0.5,2560,901,True,False,279,21,10.5625,6.0,4.5625,10.5625,0.0
P30_10028,hilp,hilp_imp_asc,0.5,2560,901,True,True,72787,1,17.0,11.1875,5.8125,16.75,0.25
P36_10035,hilp,hilp_imp_asc,0.5,2560,901,True,True,86545,1,16.25,4.9375,11.3125,16.375,-0.125
P36_10369,hilp,hilp_imp_asc,0.5,2560,901,True,True,12366,1,13.75,6.5,7.25,13.1875,0.5625
P364_10013,hilp,hilp_imp_asc,0.5,2560,901,True,True,6498,1,11.875,11.125,0.75,12.1875,-0.3125
P364_10039,hilp,hilp_imp_asc,0.5,2560,901,True,False,264,25,10.4375,9.0625,1.375,9.875,0.5625
P37_10078,hilp,hilp_imp_asc,0.5,2560,901,True,False,22164,2,16.25,5.15625,11.09375,16.0,0.25
P37_10134,hilp,hilp_imp_asc,0.5,2560,901,True,False,1443,2,16.0,4.5,11.5,16.5,-0.5
P39_10010,hilp,hilp_imp_asc,0.5,2560,901,True,False,1695,54,10.3125,6.59375,3.71875,10.125,0.1875
P39_10025,hilp,hilp_imp_asc,0.5,2560,901,True,False,721,51,9.3125,4.625,4.6875,9.25,0.0625
P407_10033,hilp,hilp_imp_asc,0.5,2560,901,True,False,539,9,11.9375,8.0625,3.875,11.8125,0.125
P407_10082,hilp,hilp_imp_asc,0.5,2560,901,True,False,264,28,10.625,7.59375,3.03125,11.1875,-0.5625
P413_10029,hilp,hilp_imp_asc,0.5,2560,901,True,False,315,19,10.625,6.46875,4.15625,11.6875,-1.0625
P413_1006,hilp,hilp_imp_asc,0.5,2560,901,True,False,41047,189,7.625,12.25,-4.625,7.84375,-0.21875
P449_10023,hilp,hilp_imp_asc,0.5,2560,901,True,False,220,100,8.25,6.90625,1.34375,8.3125,-0.0625
P449_10104,hilp,hilp_imp_asc,0.5,2560,901,True,False,23469,12,12.0,12.0,0.0,11.625,0.375
P463_10050,hilp,hilp_imp_asc,0.5,2560,901,True,False,39144,2,13.0625,2.8125,10.25,12.875,0.1875
P463_10121,hilp,hilp_imp_asc,0.5,2560,901,True,True,44742,1,15.6875,5.0,10.6875,15.6875,0.0
P495_10012,hilp,hilp_imp_asc,0.5,2560,901,True,False,279,10,12.875,8.75,4.125,12.9375,-0.0625
P495_1003,hilp,hilp_imp_asc,0.5,2560,901,True,False,20632,13,11.8125,8.1875,3.625,11.5,0.3125
P641_10047,hilp,hilp_imp_asc,0.5,2560,901,True,True,20075,1,15.5,11.25,4.25,15.375,0.125
P641_10270,hilp,hilp_imp_asc,0.5,2560,901,True,False,315,15,11.375,10.3125,1.0625,11.875,-0.5
P740_10016,hilp,hilp_imp_asc,0.5,2560,901,True,False,220,2,16.375,8.9375,7.4375,16.75,-0.375
P740_10054,hilp,hilp_imp_asc,0.5,2560,901,True,False,220,8,12.3125,9.1875,3.125,12.25,0.0625
P937_10004,hilp,hilp_imp_asc,0.5,2560,901,True,False,279,5,12.375,12.5625,-0.1875,12.5625,-0.1875
P937_10060,hilp,hilp_imp_asc,0.5,2560,901,True,False,279,168,6.71875,9.5625,-2.84375,6.71875,0.0
P101_10027,C,C_imp_asc,0.05,256,256,False,False,47976,5,12.0,6.9375,5.0625,12.0625,-0.0625
P101_10066,C,C_imp_asc,0.05,256,256,True,False,279,9,11.25,7.90625,3.34375,11.1875,0.0625
P103_0,C,C_imp_asc,0.05,256,256,True,True,8753,1,16.5,10.0,6.5,16.375,0.125
P103_10038,C,C_imp_asc,0.05,256,256,True,True,8753,1,15.5625,10.125,5.4375,15.5,0.0625
P106_10026,C,C_imp_asc,0.05,256,256,True,False,10212,28,8.9375,5.4375,3.5,8.625,0.3125
P106_10076,C,C_imp_asc,0.05,256,256,True,False,24577,2,13.3125,7.1875,6.125,13.1875,0.125
P108_10032,C,C_imp_asc,0.05,256,256,True,True,5195,1,17.25,5.84375,11.40625,17.0,0.25
P108_10064,C,C_imp_asc,0.05,256,256,True,False,279,3,10.75,5.65625,5.09375,10.5625,0.1875
P127_10,C,C_imp_asc,0.05,256,256,True,False,279,3,7.1875,1.9296875,5.2578125,6.96875,0.21875
P127_10040,C,C_imp_asc,0.05,256,256,True,False,11,7,8.9375,4.1875,4.75,10.375,-1.4375
P1303_10011,C,C_imp_asc,0.05,256,256,True,False,56400,3,10.5625,9.375,1.1875,10.875,-0.3125
P1303_10017,C,C_imp_asc,0.05,256,256,True,False,279,7,7.84375,7.71875,0.125,7.875,-0.03125
P131_10018,C,C_imp_asc,0.05,256,256,True,False,279,3,13.6875,4.75,8.9375,13.875,-0.1875
P131_10045,C,C_imp_asc,0.05,256,256,True,False,279,9,11.375,2.640625,8.734375,11.0625,0.3125
P136_10043,C,C_imp_asc,0.05,256,256,True,False,264,258,6.15625,7.5,-1.34375,6.125,0.03125
P136_10065,C,C_imp_asc,0.05,256,256,True,False,279,2519,2.53125,5.6875,-3.15625,2.546875,-0.015625
P138_10042,C,C_imp_asc,0.05,256,256,True,False,279,6,11.5,3.078125,8.421875,12.0,-0.5
P138_1009,C,C_imp_asc,0.05,256,256,True,False,279,2,15.5,8.75,6.75,15.5625,-0.0625
P140_1,C,C_imp_asc,0.05,256,256,True,True,32186,1,14.5625,8.0625,6.5,14.375,0.1875
P140_100,C,C_imp_asc,0.05,256,256,True,True,15256,1,15.875,8.25,7.625,15.75,0.125
P1412_10009,C,C_imp_asc,0.05,256,256,True,False,315,130,8.8125,7.53125,1.28125,8.9375,-0.125
P1412_10036,C,C_imp_asc,0.05,256,256,False,False,1633,41,11.1875,8.75,2.4375,11.1875,0.0
P159_1001,C,C_imp_asc,0.05,256,256,True,False,26531,2,15.9375,7.375,8.5625,15.375,0.5625
P159_10015,C,C_imp_asc,0.05,256,256,True,False,35812,2,14.0625,12.0625,2.0,14.0,0.0625
P17_10005,C,C_imp_asc,0.05,256,256,False,False,279,41,9.625,8.25,1.375,9.5,0.125
P17_10034,C,C_imp_asc,0.05,256,256,True,False,279,55,9.625,9.5,0.125,10.1875,-0.5625
P176_10014,C,C_imp_asc,0.05,256,256,True,True,29987,1,17.0,8.5,8.5,17.0,0.0
P176_10044,C,C_imp_asc,0.05,256,256,True,True,30300,1,15.1875,6.875,8.3125,15.375,-0.1875
P178_10019,C,C_imp_asc,0.05,256,256,True,True,5195,1,15.375,9.4375,5.9375,15.0,0.375
P178_10020,C,C_imp_asc,0.05,256,256,True,False,279,2,8.8125,5.34375,3.46875,9.1875,-0.375
P19_1002,C,C_imp_asc,0.05,256,256,True,False,220,2,15.6875,10.4375,5.25,15.625,0.0625
P19_10031,C,C_imp_asc,0.05,256,256,True,False,279,6,10.5,5.96875,4.53125,10.6875,-0.1875
P190_10000,C,C_imp_asc,0.05,256,256,True,False,59900,297,7.125,5.90625,1.21875,6.125,1.0
P190_10006,C,C_imp_asc,0.05,256,256,True,False,666,365,7.1875,9.8125,-2.625,7.25,-0.0625
P20_10007,C,C_imp_asc,0.05,256,256,True,False,220,35,11.125,7.3125,3.8125,10.8125,0.3125
P20_1008,C,C_imp_asc,0.05,256,256,True,False,1561,5,9.0625,9.4375,-0.375,8.9375,0.125
P264_1000,C,C_imp_asc,0.05,256,256,True,False,2663,2218,2.28125,1.03125,1.25,2.40625,-0.125
P264_10597,C,C_imp_asc,0.05,256,256,True,False,279,16,7.8125,3.515625,4.296875,7.625,0.1875
P27_10002,C,C_imp_asc,0.05,256,256,True,True,10057,1,14.75,8.1875,6.5625,14.9375,-0.1875
P27_10008,C,C_imp_asc,0.05,256,256,True,True,15704,1,13.125,10.1875,2.9375,12.875,0.25
P276_10021,C,C_imp_asc,0.05,256,256,True,False,279,629,5.0625,2.390625,2.671875,5.21875,-0.15625
P276_10062,C,C_imp_asc,0.05,256,256,True,False,13160,9,12.625,1.78125,10.84375,12.8125,-0.1875
P30_10003,C,C_imp_asc,0.05,256,256,True,False,279,10,11.5,6.0625,5.4375,10.5625,0.9375
P30_10028,C,C_imp_asc,0.05,256,256,True,True,72787,1,16.875,11.0,5.875,16.75,0.125
P36_10035,C,C_imp_asc,0.05,256,256,True,True,86545,1,16.375,5.125,11.25,16.375,0.0
P36_10369,C,C_imp_asc,0.05,256,256,True,True,12366,1,13.375,6.46875,6.90625,13.1875,0.1875
P364_10013,C,C_imp_asc,0.05,256,256,True,True,6498,1,12.375,11.625,0.75,12.1875,0.1875
P364_10039,C,C_imp_asc,0.05,256,256,True,False,264,50,9.625,8.125,1.5,9.875,-0.25
P37_10078,C,C_imp_asc,0.05,256,256,True,False,22164,2,16.0,5.3125,10.6875,16.0,0.0
P37_10134,C,C_imp_asc,0.05,256,256,True,False,1443,2,16.625,4.625,12.0,16.5,0.125
P39_10010,C,C_imp_asc,0.05,256,256,True,False,1695,54,10.3125,6.375,3.9375,10.125,0.1875
P39_10025,C,C_imp_asc,0.05,256,256,True,False,721,54,9.1875,4.625,4.5625,9.25,-0.0625
P407_10033,C,C_imp_asc,0.05,256,256,True,False,539,6,11.875,8.0,3.875,11.8125,0.0625
P407_10082,C,C_imp_asc,0.05,256,256,True,False,264,7,11.625,7.96875,3.65625,11.1875,0.4375
P413_10029,C,C_imp_asc,0.05,256,256,True,False,315,6,12.125,6.28125,5.84375,11.6875,0.4375
P413_1006,C,C_imp_asc,0.05,256,256,True,False,41047,204,7.8125,12.75,-4.9375,7.84375,-0.03125
P449_10023,C,C_imp_asc,0.05,256,256,True,False,220,82,8.4375,7.0,1.4375,8.3125,0.125
P449_10104,C,C_imp_asc,0.05,256,256,True,False,23469,28,11.3125,11.375,-0.0625,11.625,-0.3125
P463_10050,C,C_imp_asc,0.05,256,256,True,False,39144,3,12.8125,2.90625,9.90625,12.875,-0.0625
P463_10121,C,C_imp_asc,0.05,256,256,True,True,44742,1,15.875,4.96875,10.90625,15.6875,0.1875
P495_10012,C,C_imp_asc,0.05,256,256,True,False,279,10,12.875,8.0625,4.8125,12.9375,-0.0625
P495_1003,C,C_imp_asc,0.05,256,256,True,False,20632,16,11.625,8.125,3.5,11.5,0.125
P641_10047,C,C_imp_asc,0.05,256,256,True,True,20075,1,15.5625,11.5625,4.0,15.375,0.1875
P641_10270,C,C_imp_asc,0.05,256,256,True,False,315,10,11.875,10.625,1.25,11.875,0.0
P740_10016,C,C_imp_asc,0.05,256,256,True,False,220,2,16.75,9.25,7.5,16.75,0.0
P740_10054,C,C_imp_asc,0.05,256,256,True,False,220,6,12.375,8.9375,3.4375,12.25,0.125
P937_10004,C,C_imp_asc,0.05,256,256,True,False,279,4,12.75,12.9375,-0.1875,12.5625,0.1875
P937_10060,C,C_imp_asc,0.05,256,256,True,False,279,162,6.71875,9.5,-2.78125,6.71875,0.0
P101_10027,C,C_imp_asc,0.1,512,512,False,False,47976,3,12.0,7.0,5.0,12.0625,-0.0625
P101_10066,C,C_imp_asc,0.1,512,512,True,False,279,9,11.25,8.0,3.25,11.1875,0.0625
P103_0,C,C_imp_asc,0.1,512,512,True,True,8753,1,16.5,9.9375,6.5625,16.375,0.125
P103_10038,C,C_imp_asc,0.1,512,512,True,True,8753,1,15.625,10.3125,5.3125,15.5,0.125
P106_10026,C,C_imp_asc,0.1,512,512,True,False,10212,33,8.8125,5.71875,3.09375,8.625,0.1875
P106_10076,C,C_imp_asc,0.1,512,512,True,False,24577,2,13.3125,7.0625,6.25,13.1875,0.125
P108_10032,C,C_imp_asc,0.1,512,512,True,True,5195,1,17.375,6.03125,11.34375,17.0,0.375
P108_10064,C,C_imp_asc,0.1,512,512,True,False,279,4,10.6875,5.6875,5.0,10.5625,0.125
P127_10,C,C_imp_asc,0.1,512,512,True,False,279,3,7.03125,2.015625,5.015625,6.96875,0.0625
P127_10040,C,C_imp_asc,0.1,512,512,True,False,11,10,7.9375,3.921875,4.015625,10.375,-2.4375
P1303_10011,C,C_imp_asc,0.1,512,512,True,False,56400,3,10.75,9.5,1.25,10.875,-0.125
P1303_10017,C,C_imp_asc,0.1,512,512,True,False,279,7,7.6875,7.5,0.1875,7.875,-0.1875
P131_10018,C,C_imp_asc,0.1,512,512,True,False,279,3,13.5,4.59375,8.90625,13.875,-0.375
P131_10045,C,C_imp_asc,0.1,512,512,True,False,279,8,11.25,2.96875,8.28125,11.0625,0.1875
P136_10043,C,C_imp_asc,0.1,512,512,True,False,264,254,6.15625,7.4375,-1.28125,6.125,0.03125
P136_10065,C,C_imp_asc,0.1,512,512,True,False,279,3188,2.140625,5.625,-3.484375,2.546875,-0.40625
P138_10042,C,C_imp_asc,0.1,512,512,True,False,279,6,11.0625,2.546875,8.515625,12.0,-0.9375
P138_1009,C,C_imp_asc,0.1,512,512,True,False,279,2,15.875,8.4375,7.4375,15.5625,0.3125
P140_1,C,C_imp_asc,0.1,512,512,True,True,32186,1,14.625,8.3125,6.3125,14.375,0.25
P140_100,C,C_imp_asc,0.1,512,512,True,True,15256,1,15.875,8.125,7.75,15.75,0.125
P1412_10009,C,C_imp_asc,0.1,512,512,True,False,315,123,8.875,7.46875,1.40625,8.9375,-0.0625
P1412_10036,C,C_imp_asc,0.1,512,512,True,False,539,38,11.25,8.75,2.5,11.1875,0.0625
P159_1001,C,C_imp_asc,0.1,512,512,True,False,26531,2,16.375,7.40625,8.96875,15.375,1.0
P159_10015,C,C_imp_asc,0.1,512,512,True,False,35812,2,13.9375,12.0625,1.875,14.0,-0.0625
P17_10005,C,C_imp_asc,0.1,512,512,False,False,279,29,10.0,8.0,2.0,9.5,0.5
P17_10034,C,C_imp_asc,0.1,512,512,True,False,279,47,9.6875,9.4375,0.25,10.1875,-0.5
P176_10014,C,C_imp_asc,0.1,512,512,True,True,29987,1,16.875,8.5625,8.3125,17.0,-0.125
P176_10044,C,C_imp_asc,0.1,512,512,True,True,30300,1,15.25,6.9375,8.3125,15.375,-0.125
P178_10019,C,C_imp_asc,0.1,512,512,True,True,5195,1,15.25,9.5,5.75,15.0,0.25
P178_10020,C,C_imp_asc,0.1,512,512,True,False,279,3,8.5,5.40625,3.09375,9.1875,-0.6875
P19_1002,C,C_imp_asc,0.1,512,512,True,False,220,2,15.875,10.8125,5.0625,15.625,0.25
P19_10031,C,C_imp_asc,0.1,512,512,True,False,279,5,10.375,5.90625,4.46875,10.6875,-0.3125
P190_10000,C,C_imp_asc,0.1,512,512,True,False,59900,141,7.90625,6.0625,1.84375,6.125,1.78125
P190_10006,C,C_imp_asc,0.1,512,512,True,False,666,318,7.375,10.0,-2.625,7.25,0.125
P20_10007,C,C_imp_asc,0.1,512,512,True,False,220,31,11.5625,7.25,4.3125,10.8125,0.75
P20_1008,C,C_imp_asc,0.1,512,512,True,False,1561,7,8.8125,9.3125,-0.5,8.9375,-0.125
P264_1000,C,C_imp_asc,0.1,512,512,True,False,2663,2260,2.15625,1.4140625,0.7421875,2.40625,-0.25
P264_10597,C,C_imp_asc,0.1,512,512,True,False,279,8,8.0625,3.4375,4.625,7.625,0.4375
P27_10002,C,C_imp_asc,0.1,512,512,True,True,10057,1,14.625,8.125,6.5,14.9375,-0.3125
P27_10008,C,C_imp_asc,0.1,512,512,True,True,15704,1,13.0,10.25,2.75,12.875,0.125
P276_10021,C,C_imp_asc,0.1,512,512,True,False,279,740,4.8125,2.203125,2.609375,5.21875,-0.40625
P276_10062,C,C_imp_asc,0.1,512,512,True,False,13160,11,12.1875,1.8671875,10.3203125,12.8125,-0.625
P30_10003,C,C_imp_asc,0.1,512,512,True,False,279,10,11.5,6.21875,5.28125,10.5625,0.9375
P30_10028,C,C_imp_asc,0.1,512,512,True,True,72787,1,16.875,11.0,5.875,16.75,0.125
P36_10035,C,C_imp_asc,0.1,512,512,True,True,86545,1,16.375,5.21875,11.15625,16.375,0.0
P36_10369,C,C_imp_asc,0.1,512,512,True,True,12366,1,13.375,6.375,7.0,13.1875,0.1875
P364_10013,C,C_imp_asc,0.1,512,512,True,True,6498,1,12.1875,11.5,0.6875,12.1875,0.0
P364_10039,C,C_imp_asc,0.1,512,512,True,False,264,40,9.8125,8.4375,1.375,9.875,-0.0625
P37_10078,C,C_imp_asc,0.1,512,512,True,False,22164,2,16.125,5.375,10.75,16.0,0.125
P37_10134,C,C_imp_asc,0.1,512,512,True,False,1443,2,16.875,4.4375,12.4375,16.5,0.375
P39_10010,C,C_imp_asc,0.1,512,512,True,False,1695,52,10.1875,6.375,3.8125,10.125,0.0625
P39_10025,C,C_imp_asc,0.1,512,512,True,False,721,49,9.375,4.75,4.625,9.25,0.125
P407_10033,C,C_imp_asc,0.1,512,512,True,False,539,3,12.1875,8.375,3.8125,11.8125,0.375
P407_10082,C,C_imp_asc,0.1,512,512,True,False,264,8,11.4375,8.1875,3.25,11.1875,0.25
P413_10029,C,C_imp_asc,0.1,512,512,True,False,315,8,11.9375,6.5,5.4375,11.6875,0.25
P413_1006,C,C_imp_asc,0.1,512,512,True,False,41047,190,7.84375,12.5,-4.65625,7.84375,0.0
P449_10023,C,C_imp_asc,0.1,512,512,True,False,220,73,8.75,7.25,1.5,8.3125,0.4375
P449_10104,C,C_imp_asc,0.1,512,512,True,False,23469,23,11.375,11.3125,0.0625,11.625,-0.25
P463_10050,C,C_imp_asc,0.1,512,512,True,False,39144,2,12.9375,2.984375,9.953125,12.875,0.0625
P463_10121,C,C_imp_asc,0.1,512,512,True,True,44742,1,15.75,5.125,10.625,15.6875,0.0625
P495_10012,C,C_imp_asc,0.1,512,512,True,False,279,9,13.0,8.125,4.875,12.9375,0.0625
P495_1003,C,C_imp_asc,0.1,512,512,True,False,20632,16,11.6875,8.3125,3.375,11.5,0.1875
P641_10047,C,C_imp_asc,0.1,512,512,True,True,20075,1,15.5625,11.4375,4.125,15.375,0.1875
P641_10270,C,C_imp_asc,0.1,512,512,True,False,315,12,11.5625,10.5625,1.0,11.875,-0.3125
P740_10016,C,C_imp_asc,0.1,512,512,True,False,220,2,16.0,9.125,6.875,16.75,-0.75
P740_10054,C,C_imp_asc,0.1,512,512,True,False,220,4,12.6875,9.125,3.5625,12.25,0.4375
P937_10004,C,C_imp_asc,0.1,512,512,True,False,279,4,12.6875,12.75,-0.0625,12.5625,0.125
P937_10060,C,C_imp_asc,0.1,512,512,True,False,279,146,6.78125,9.5625,-2.78125,6.71875,0.0625
P101_10027,C,C_imp_asc,0.2,1024,1017,False,False,47976,5,11.1875,7.5625,3.625,12.0625,-0.875
P101_10066,C,C_imp_asc,0.2,1024,1017,True,False,279,9,11.125,8.1875,2.9375,11.1875,-0.0625
P103_0,C,C_imp_asc,0.2,1024,1017,True,True,8753,1,16.5,10.0625,6.4375,16.375,0.125
P103_10038,C,C_imp_asc,0.2,1024,1017,True,True,8753,1,15.6875,10.125,5.5625,15.5,0.1875
P106_10026,C,C_imp_asc,0.2,1024,1017,True,False,10212,24,9.25,5.875,3.375,8.625,0.625
P106_10076,C,C_imp_asc,0.2,1024,1017,True,False,24577,2,13.3125,6.65625,6.65625,13.1875,0.125
P108_10032,C,C_imp_asc,0.2,1024,1017,True,True,5195,1,17.25,6.375,10.875,17.0,0.25
P108_10064,C,C_imp_asc,0.2,1024,1017,True,False,279,3,10.4375,5.84375,4.59375,10.5625,-0.125
P127_10,C,C_imp_asc,0.2,1024,1017,True,False,279,4,6.96875,2.390625,4.578125,6.96875,0.0
P127_10040,C,C_imp_asc,0.2,1024,1017,True,False,11,13,7.34375,3.53125,3.8125,10.375,-3.03125
P1303_10011,C,C_imp_asc,0.2,1024,1017,True,False,56400,3,10.5,9.875,0.625,10.875,-0.375
P1303_10017,C,C_imp_asc,0.2,1024,1017,True,False,279,8,7.9375,8.0625,-0.125,7.875,0.0625
P131_10018,C,C_imp_asc,0.2,1024,1017,True,False,279,3,12.875,4.6875,8.1875,13.875,-1.0
P131_10045,C,C_imp_asc,0.2,1024,1017,True,False,279,7,11.1875,2.59375,8.59375,11.0625,0.125
P136_10043,C,C_imp_asc,0.2,1024,1017,True,False,264,219,6.1875,7.5,-1.3125,6.125,0.0625
P136_10065,C,C_imp_asc,0.2,1024,1017,True,False,279,4642,1.625,5.59375,-3.96875,2.546875,-0.921875
P138_10042,C,C_imp_asc,0.2,1024,1017,True,False,279,9,10.8125,2.28125,8.53125,12.0,-1.1875
P138_1009,C,C_imp_asc,0.2,1024,1017,True,False,279,2,15.8125,9.0,6.8125,15.5625,0.25
P140_1,C,C_imp_asc,0.2,1024,1017,True,True,32186,1,14.9375,8.875,6.0625,14.375,0.5625
P140_100,C,C_imp_asc,0.2,1024,1017,True,True,15256,1,15.75,7.65625,8.09375,15.75,0.0
P1412_10009,C,C_imp_asc,0.2,1024,1017,True,False,315,139,8.5625,7.53125,1.03125,8.9375,-0.375
P1412_10036,C,C_imp_asc,0.2,1024,1017,True,False,539,37,11.375,8.875,2.5,11.1875,0.1875
P159_1001,C,C_imp_asc,0.2,1024,1017,True,False,26531,2,16.875,7.5625,9.3125,15.375,1.5
P159_10015,C,C_imp_asc,0.2,1024,1017,True,False,35812,2,14.0625,12.0625,2.0,14.0,0.0625
P17_10005,C,C_imp_asc,0.2,1024,1017,False,False,279,37,9.8125,7.8125,2.0,9.5,0.3125
P17_10034,C,C_imp_asc,0.2,1024,1017,True,False,279,72,9.5,9.75,-0.25,10.1875,-0.6875
P176_10014,C,C_imp_asc,0.2,1024,1017,True,True,29987,1,16.75,9.4375,7.3125,17.0,-0.25
P176_10044,C,C_imp_asc,0.2,1024,1017,True,True,30300,1,14.75,6.4375,8.3125,15.375,-0.625
P178_10019,C,C_imp_asc,0.2,1024,1017,True,True,5195,1,14.75,9.0,5.75,15.0,-0.25
P178_10020,C,C_imp_asc,0.2,1024,1017,True,False,279,2,8.75,5.8125,2.9375,9.1875,-0.4375
P19_1002,C,C_imp_asc,0.2,1024,1017,True,False,220,2,15.75,10.875,4.875,15.625,0.125
P19_10031,C,C_imp_asc,0.2,1024,1017,True,False,279,4,10.875,6.625,4.25,10.6875,0.1875
P190_10000,C,C_imp_asc,0.2,1024,1017,True,False,59900,81,8.5,6.3125,2.1875,6.125,2.375
P190_10006,C,C_imp_asc,0.2,1024,1017,False,False,279,279,7.625,10.3125,-2.6875,7.25,0.375
P20_10007,C,C_imp_asc,0.2,1024,1017,True,False,220,25,11.75,7.1875,4.5625,10.8125,0.9375
P20_1008,C,C_imp_asc,0.2,1024,1017,True,False,1561,7,8.875,9.5,-0.625,8.9375,-0.0625
P264_1000,C,C_imp_asc,0.2,1024,1017,True,False,2663,2004,2.234375,1.6796875,0.5546875,2.40625,-0.171875
P264_10597,C,C_imp_asc,0.2,1024,1017,True,False,279,3,8.25,3.71875,4.53125,7.625,0.625
P27_10002,C,C_imp_asc,0.2,1024,1017,True,True,10057,1,14.5625,8.25,6.3125,14.9375,-0.375
P27_10008,C,C_imp_asc,0.2,1024,1017,True,True,15704,1,13.0,10.1875,2.8125,12.875,0.125
P276_10021,C,C_imp_asc,0.2,1024,1017,True,False,279,685,4.75,2.171875,2.578125,5.21875,-0.46875
P276_10062,C,C_imp_asc,0.2,1024,1017,True,False,13160,8,12.25,2.234375,10.015625,12.8125,-0.5625
P30_10003,C,C_imp_asc,0.2,1024,1017,True,False,279,5,11.9375,6.125,5.8125,10.5625,1.375
P30_10028,C,C_imp_asc,0.2,1024,1017,True,True,72787,1,17.25,11.0625,6.1875,16.75,0.5
P36_10035,C,C_imp_asc,0.2,1024,1017,True,True,86545,1,16.125,5.8125,10.3125,16.375,-0.25
P36_10369,C,C_imp_asc,0.2,1024,1017,True,True,12366,1,13.5,6.28125,7.21875,13.1875,0.3125
P364_10013,C,C_imp_asc,0.2,1024,1017,False,False,539,3,11.5,10.875,0.625,12.1875,-0.6875
P364_10039,C,C_imp_asc,0.2,1024,1017,True,False,264,62,9.1875,8.6875,0.5,9.875,-0.6875
P37_10078,C,C_imp_asc,0.2,1024,1017,True,False,22164,2,16.25,5.3125,10.9375,16.0,0.25
P37_10134,C,C_imp_asc,0.2,1024,1017,False,True,6498,1,17.0,4.8125,12.1875,16.5,0.5
P39_10010,C,C_imp_asc,0.2,1024,1017,True,False,1695,41,10.25,6.5,3.75,10.125,0.125
P39_10025,C,C_imp_asc,0.2,1024,1017,True,False,721,54,9.1875,4.5625,4.625,9.25,-0.0625
P407_10033,C,C_imp_asc,0.2,1024,1017,True,False,539,3,12.1875,8.375,3.8125,11.8125,0.375
P407_10082,C,C_imp_asc,0.2,1024,1017,True,False,264,8,11.6875,8.0625,3.625,11.1875,0.5
P413_10029,C,C_imp_asc,0.2,1024,1017,True,False,315,10,11.5,6.625,4.875,11.6875,-0.1875
P413_1006,C,C_imp_asc,0.2,1024,1017,False,False,14013,172,7.90625,12.25,-4.34375,7.84375,0.0625
P449_10023,C,C_imp_asc,0.2,1024,1017,True,False,220,73,8.625,7.46875,1.15625,8.3125,0.3125
P449_10104,C,C_imp_asc,0.2,1024,1017,True,False,23469,26,11.25,11.375,-0.125,11.625,-0.375
P463_10050,C,C_imp_asc,0.2,1024,1017,True,False,39144,2,12.875,2.828125,10.046875,12.875,0.0
P463_10121,C,C_imp_asc,0.2,1024,1017,True,True,44742,1,15.5625,5.3125,10.25,15.6875,-0.125
P495_10012,C,C_imp_asc,0.2,1024,1017,True,False,279,6,13.75,8.5,5.25,12.9375,0.8125
P495_1003,C,C_imp_asc,0.2,1024,1017,True,False,20632,11,12.375,8.5,3.875,11.5,0.875
P641_10047,C,C_imp_asc,0.2,1024,1017,True,True,20075,1,15.375,11.6875,3.6875,15.375,0.0
P641_10270,C,C_imp_asc,0.2,1024,1017,True,False,315,10,11.5,10.625,0.875,11.875,-0.375
P740_10016,C,C_imp_asc,0.2,1024,1017,True,False,220,2,15.3125,8.875,6.4375,16.75,-1.4375
P740_10054,C,C_imp_asc,0.2,1024,1017,True,False,220,3,13.4375,8.9375,4.5,12.25,1.1875
P937_10004,C,C_imp_asc,0.2,1024,1017,True,False,279,4,12.6875,12.8125,-0.125,12.5625,0.125
P937_10060,C,C_imp_asc,0.2,1024,1017,True,False,279,107,7.1875,9.6875,-2.5,6.71875,0.46875
P101_10027,C,C_imp_asc,0.3,1536,1017,False,False,47976,5,11.1875,7.5625,3.625,12.0625,-0.875
P101_10066,C,C_imp_asc,0.3,1536,1017,True,False,279,9,11.125,8.1875,2.9375,11.1875,-0.0625
P103_0,C,C_imp_asc,0.3,1536,1017,True,True,8753,1,16.5,10.0625,6.4375,16.375,0.125
P103_10038,C,C_imp_asc,0.3,1536,1017,True,True,8753,1,15.6875,10.125,5.5625,15.5,0.1875
P106_10026,C,C_imp_asc,0.3,1536,1017,True,False,10212,24,9.25,5.875,3.375,8.625,0.625
P106_10076,C,C_imp_asc,0.3,1536,1017,True,False,24577,2,13.3125,6.65625,6.65625,13.1875,0.125
P108_10032,C,C_imp_asc,0.3,1536,1017,True,True,5195,1,17.25,6.375,10.875,17.0,0.25
P108_10064,C,C_imp_asc,0.3,1536,1017,True,False,279,3,10.4375,5.84375,4.59375,10.5625,-0.125
P127_10,C,C_imp_asc,0.3,1536,1017,True,False,279,4,6.96875,2.390625,4.578125,6.96875,0.0
P127_10040,C,C_imp_asc,0.3,1536,1017,True,False,11,13,7.34375,3.53125,3.8125,10.375,-3.03125
P1303_10011,C,C_imp_asc,0.3,1536,1017,True,False,56400,3,10.5,9.875,0.625,10.875,-0.375
P1303_10017,C,C_imp_asc,0.3,1536,1017,True,False,279,8,7.9375,8.0625,-0.125,7.875,0.0625
P131_10018,C,C_imp_asc,0.3,1536,1017,True,False,279,3,12.875,4.6875,8.1875,13.875,-1.0
P131_10045,C,C_imp_asc,0.3,1536,1017,True,False,279,7,11.1875,2.59375,8.59375,11.0625,0.125
P136_10043,C,C_imp_asc,0.3,1536,1017,True,False,264,219,6.1875,7.5,-1.3125,6.125,0.0625
P136_10065,C,C_imp_asc,0.3,1536,1017,True,False,279,4642,1.625,5.59375,-3.96875,2.546875,-0.921875
P138_10042,C,C_imp_asc,0.3,1536,1017,True,False,279,9,10.8125,2.28125,8.53125,12.0,-1.1875
P138_1009,C,C_imp_asc,0.3,1536,1017,True,False,279,2,15.8125,9.0,6.8125,15.5625,0.25
P140_1,C,C_imp_asc,0.3,1536,1017,True,True,32186,1,14.9375,8.875,6.0625,14.375,0.5625
P140_100,C,C_imp_asc,0.3,1536,1017,True,True,15256,1,15.75,7.65625,8.09375,15.75,0.0
P1412_10009,C,C_imp_asc,0.3,1536,1017,True,False,315,139,8.5625,7.53125,1.03125,8.9375,-0.375
P1412_10036,C,C_imp_asc,0.3,1536,1017,True,False,539,37,11.375,8.875,2.5,11.1875,0.1875
P159_1001,C,C_imp_asc,0.3,1536,1017,True,False,26531,2,16.875,7.5625,9.3125,15.375,1.5
P159_10015,C,C_imp_asc,0.3,1536,1017,True,False,35812,2,14.0625,12.0625,2.0,14.0,0.0625
P17_10005,C,C_imp_asc,0.3,1536,1017,False,False,279,37,9.8125,7.8125,2.0,9.5,0.3125
P17_10034,C,C_imp_asc,0.3,1536,1017,True,False,279,72,9.5,9.75,-0.25,10.1875,-0.6875
P176_10014,C,C_imp_asc,0.3,1536,1017,True,True,29987,1,16.75,9.4375,7.3125,17.0,-0.25
P176_10044,C,C_imp_asc,0.3,1536,1017,True,True,30300,1,14.75,6.4375,8.3125,15.375,-0.625
P178_10019,C,C_imp_asc,0.3,1536,1017,True,True,5195,1,14.75,9.0,5.75,15.0,-0.25
P178_10020,C,C_imp_asc,0.3,1536,1017,True,False,279,2,8.75,5.8125,2.9375,9.1875,-0.4375
P19_1002,C,C_imp_asc,0.3,1536,1017,True,False,220,2,15.75,10.875,4.875,15.625,0.125
P19_10031,C,C_imp_asc,0.3,1536,1017,True,False,279,4,10.875,6.625,4.25,10.6875,0.1875
P190_10000,C,C_imp_asc,0.3,1536,1017,True,False,59900,81,8.5,6.3125,2.1875,6.125,2.375
P190_10006,C,C_imp_asc,0.3,1536,1017,False,False,279,279,7.625,10.3125,-2.6875,7.25,0.375
P20_10007,C,C_imp_asc,0.3,1536,1017,True,False,220,25,11.75,7.1875,4.5625,10.8125,0.9375
P20_1008,C,C_imp_asc,0.3,1536,1017,True,False,1561,7,8.875,9.5,-0.625,8.9375,-0.0625
P264_1000,C,C_imp_asc,0.3,1536,1017,True,False,2663,2004,2.234375,1.6796875,0.5546875,2.40625,-0.171875
P264_10597,C,C_imp_asc,0.3,1536,1017,True,False,279,3,8.25,3.71875,4.53125,7.625,0.625
P27_10002,C,C_imp_asc,0.3,1536,1017,True,True,10057,1,14.5625,8.25,6.3125,14.9375,-0.375
P27_10008,C,C_imp_asc,0.3,1536,1017,True,True,15704,1,13.0,10.1875,2.8125,12.875,0.125
P276_10021,C,C_imp_asc,0.3,1536,1017,True,False,279,685,4.75,2.171875,2.578125,5.21875,-0.46875
P276_10062,C,C_imp_asc,0.3,1536,1017,True,False,13160,8,12.25,2.234375,10.015625,12.8125,-0.5625
P30_10003,C,C_imp_asc,0.3,1536,1017,True,False,279,5,11.9375,6.125,5.8125,10.5625,1.375
P30_10028,C,C_imp_asc,0.3,1536,1017,True,True,72787,1,17.25,11.0625,6.1875,16.75,0.5
P36_10035,C,C_imp_asc,0.3,1536,1017,True,True,86545,1,16.125,5.8125,10.3125,16.375,-0.25
P36_10369,C,C_imp_asc,0.3,1536,1017,True,True,12366,1,13.5,6.28125,7.21875,13.1875,0.3125
P364_10013,C,C_imp_asc,0.3,1536,1017,False,False,539,3,11.5,10.875,0.625,12.1875,-0.6875
P364_10039,C,C_imp_asc,0.3,1536,1017,True,False,264,62,9.1875,8.6875,0.5,9.875,-0.6875
P37_10078,C,C_imp_asc,0.3,1536,1017,True,False,22164,2,16.25,5.3125,10.9375,16.0,0.25
P37_10134,C,C_imp_asc,0.3,1536,1017,False,True,6498,1,17.0,4.8125,12.1875,16.5,0.5
P39_10010,C,C_imp_asc,0.3,1536,1017,True,False,1695,41,10.25,6.5,3.75,10.125,0.125
P39_10025,C,C_imp_asc,0.3,1536,1017,True,False,721,54,9.1875,4.5625,4.625,9.25,-0.0625
P407_10033,C,C_imp_asc,0.3,1536,1017,True,False,539,3,12.1875,8.375,3.8125,11.8125,0.375
P407_10082,C,C_imp_asc,0.3,1536,1017,True,False,264,8,11.6875,8.0625,3.625,11.1875,0.5
P413_10029,C,C_imp_asc,0.3,1536,1017,True,False,315,10,11.5,6.625,4.875,11.6875,-0.1875
P413_1006,C,C_imp_asc,0.3,1536,1017,False,False,14013,172,7.90625,12.25,-4.34375,7.84375,0.0625
P449_10023,C,C_imp_asc,0.3,1536,1017,True,False,220,73,8.625,7.46875,1.15625,8.3125,0.3125
P449_10104,C,C_imp_asc,0.3,1536,1017,True,False,23469,26,11.25,11.375,-0.125,11.625,-0.375
P463_10050,C,C_imp_asc,0.3,1536,1017,True,False,39144,2,12.875,2.828125,10.046875,12.875,0.0
P463_10121,C,C_imp_asc,0.3,1536,1017,True,True,44742,1,15.5625,5.3125,10.25,15.6875,-0.125
P495_10012,C,C_imp_asc,0.3,1536,1017,True,False,279,6,13.75,8.5,5.25,12.9375,0.8125
P495_1003,C,C_imp_asc,0.3,1536,1017,True,False,20632,11,12.375,8.5,3.875,11.5,0.875
P641_10047,C,C_imp_asc,0.3,1536,1017,True,True,20075,1,15.375,11.6875,3.6875,15.375,0.0
P641_10270,C,C_imp_asc,0.3,1536,1017,True,False,315,10,11.5,10.625,0.875,11.875,-0.375
P740_10016,C,C_imp_asc,0.3,1536,1017,True,False,220,2,15.3125,8.875,6.4375,16.75,-1.4375
P740_10054,C,C_imp_asc,0.3,1536,1017,True,False,220,3,13.4375,8.9375,4.5,12.25,1.1875
P937_10004,C,C_imp_asc,0.3,1536,1017,True,False,279,4,12.6875,12.8125,-0.125,12.5625,0.125
P937_10060,C,C_imp_asc,0.3,1536,1017,True,False,279,107,7.1875,9.6875,-2.5,6.71875,0.46875
P101_10027,C,C_imp_asc,0.5,2560,1017,False,False,47976,5,11.1875,7.5625,3.625,12.0625,-0.875
P101_10066,C,C_imp_asc,0.5,2560,1017,True,False,279,9,11.125,8.1875,2.9375,11.1875,-0.0625
P103_0,C,C_imp_asc,0.5,2560,1017,True,True,8753,1,16.5,10.0625,6.4375,16.375,0.125
P103_10038,C,C_imp_asc,0.5,2560,1017,True,True,8753,1,15.6875,10.125,5.5625,15.5,0.1875
P106_10026,C,C_imp_asc,0.5,2560,1017,True,False,10212,24,9.25,5.875,3.375,8.625,0.625
P106_10076,C,C_imp_asc,0.5,2560,1017,True,False,24577,2,13.3125,6.65625,6.65625,13.1875,0.125
P108_10032,C,C_imp_asc,0.5,2560,1017,True,True,5195,1,17.25,6.375,10.875,17.0,0.25
P108_10064,C,C_imp_asc,0.5,2560,1017,True,False,279,3,10.4375,5.84375,4.59375,10.5625,-0.125
P127_10,C,C_imp_asc,0.5,2560,1017,True,False,279,4,6.96875,2.390625,4.578125,6.96875,0.0
P127_10040,C,C_imp_asc,0.5,2560,1017,True,False,11,13,7.34375,3.53125,3.8125,10.375,-3.03125
P1303_10011,C,C_imp_asc,0.5,2560,1017,True,False,56400,3,10.5,9.875,0.625,10.875,-0.375
P1303_10017,C,C_imp_asc,0.5,2560,1017,True,False,279,8,7.9375,8.0625,-0.125,7.875,0.0625
P131_10018,C,C_imp_asc,0.5,2560,1017,True,False,279,3,12.875,4.6875,8.1875,13.875,-1.0
P131_10045,C,C_imp_asc,0.5,2560,1017,True,False,279,7,11.1875,2.59375,8.59375,11.0625,0.125
P136_10043,C,C_imp_asc,0.5,2560,1017,True,False,264,219,6.1875,7.5,-1.3125,6.125,0.0625
P136_10065,C,C_imp_asc,0.5,2560,1017,True,False,279,4642,1.625,5.59375,-3.96875,2.546875,-0.921875
P138_10042,C,C_imp_asc,0.5,2560,1017,True,False,279,9,10.8125,2.28125,8.53125,12.0,-1.1875
P138_1009,C,C_imp_asc,0.5,2560,1017,True,False,279,2,15.8125,9.0,6.8125,15.5625,0.25
P140_1,C,C_imp_asc,0.5,2560,1017,True,True,32186,1,14.9375,8.875,6.0625,14.375,0.5625
P140_100,C,C_imp_asc,0.5,2560,1017,True,True,15256,1,15.75,7.65625,8.09375,15.75,0.0
P1412_10009,C,C_imp_asc,0.5,2560,1017,True,False,315,139,8.5625,7.53125,1.03125,8.9375,-0.375
P1412_10036,C,C_imp_asc,0.5,2560,1017,True,False,539,37,11.375,8.875,2.5,11.1875,0.1875
P159_1001,C,C_imp_asc,0.5,2560,1017,True,False,26531,2,16.875,7.5625,9.3125,15.375,1.5
P159_10015,C,C_imp_asc,0.5,2560,1017,True,False,35812,2,14.0625,12.0625,2.0,14.0,0.0625
P17_10005,C,C_imp_asc,0.5,2560,1017,False,False,279,37,9.8125,7.8125,2.0,9.5,0.3125
P17_10034,C,C_imp_asc,0.5,2560,1017,True,False,279,72,9.5,9.75,-0.25,10.1875,-0.6875
P176_10014,C,C_imp_asc,0.5,2560,1017,True,True,29987,1,16.75,9.4375,7.3125,17.0,-0.25
P176_10044,C,C_imp_asc,0.5,2560,1017,True,True,30300,1,14.75,6.4375,8.3125,15.375,-0.625
P178_10019,C,C_imp_asc,0.5,2560,1017,True,True,5195,1,14.75,9.0,5.75,15.0,-0.25
P178_10020,C,C_imp_asc,0.5,2560,1017,True,False,279,2,8.75,5.8125,2.9375,9.1875,-0.4375
P19_1002,C,C_imp_asc,0.5,2560,1017,True,False,220,2,15.75,10.875,4.875,15.625,0.125
P19_10031,C,C_imp_asc,0.5,2560,1017,True,False,279,4,10.875,6.625,4.25,10.6875,0.1875
P190_10000,C,C_imp_asc,0.5,2560,1017,True,False,59900,81,8.5,6.3125,2.1875,6.125,2.375
P190_10006,C,C_imp_asc,0.5,2560,1017,False,False,279,279,7.625,10.3125,-2.6875,7.25,0.375
P20_10007,C,C_imp_asc,0.5,2560,1017,True,False,220,25,11.75,7.1875,4.5625,10.8125,0.9375
P20_1008,C,C_imp_asc,0.5,2560,1017,True,False,1561,7,8.875,9.5,-0.625,8.9375,-0.0625
P264_1000,C,C_imp_asc,0.5,2560,1017,True,False,2663,2004,2.234375,1.6796875,0.5546875,2.40625,-0.171875
P264_10597,C,C_imp_asc,0.5,2560,1017,True,False,279,3,8.25,3.71875,4.53125,7.625,0.625
P27_10002,C,C_imp_asc,0.5,2560,1017,True,True,10057,1,14.5625,8.25,6.3125,14.9375,-0.375
P27_10008,C,C_imp_asc,0.5,2560,1017,True,True,15704,1,13.0,10.1875,2.8125,12.875,0.125
P276_10021,C,C_imp_asc,0.5,2560,1017,True,False,279,685,4.75,2.171875,2.578125,5.21875,-0.46875
P276_10062,C,C_imp_asc,0.5,2560,1017,True,False,13160,8,12.25,2.234375,10.015625,12.8125,-0.5625
P30_10003,C,C_imp_asc,0.5,2560,1017,True,False,279,5,11.9375,6.125,5.8125,10.5625,1.375
P30_10028,C,C_imp_asc,0.5,2560,1017,True,True,72787,1,17.25,11.0625,6.1875,16.75,0.5
P36_10035,C,C_imp_asc,0.5,2560,1017,True,True,86545,1,16.125,5.8125,10.3125,16.375,-0.25
P36_10369,C,C_imp_asc,0.5,2560,1017,True,True,12366,1,13.5,6.28125,7.21875,13.1875,0.3125
P364_10013,C,C_imp_asc,0.5,2560,1017,False,False,539,3,11.5,10.875,0.625,12.1875,-0.6875
P364_10039,C,C_imp_asc,0.5,2560,1017,True,False,264,62,9.1875,8.6875,0.5,9.875,-0.6875
P37_10078,C,C_imp_asc,0.5,2560,1017,True,False,22164,2,16.25,5.3125,10.9375,16.0,0.25
P37_10134,C,C_imp_asc,0.5,2560,1017,False,True,6498,1,17.0,4.8125,12.1875,16.5,0.5
P39_10010,C,C_imp_asc,0.5,2560,1017,True,False,1695,41,10.25,6.5,3.75,10.125,0.125
P39_10025,C,C_imp_asc,0.5,2560,1017,True,False,721,54,9.1875,4.5625,4.625,9.25,-0.0625
P407_10033,C,C_imp_asc,0.5,2560,1017,True,False,539,3,12.1875,8.375,3.8125,11.8125,0.375
P407_10082,C,C_imp_asc,0.5,2560,1017,True,False,264,8,11.6875,8.0625,3.625,11.1875,0.5
P413_10029,C,C_imp_asc,0.5,2560,1017,True,False,315,10,11.5,6.625,4.875,11.6875,-0.1875
P413_1006,C,C_imp_asc,0.5,2560,1017,False,False,14013,172,7.90625,12.25,-4.34375,7.84375,0.0625
P449_10023,C,C_imp_asc,0.5,2560,1017,True,False,220,73,8.625,7.46875,1.15625,8.3125,0.3125
P449_10104,C,C_imp_asc,0.5,2560,1017,True,False,23469,26,11.25,11.375,-0.125,11.625,-0.375
P463_10050,C,C_imp_asc,0.5,2560,1017,True,False,39144,2,12.875,2.828125,10.046875,12.875,0.0
P463_10121,C,C_imp_asc,0.5,2560,1017,True,True,44742,1,15.5625,5.3125,10.25,15.6875,-0.125
P495_10012,C,C_imp_asc,0.5,2560,1017,True,False,279,6,13.75,8.5,5.25,12.9375,0.8125
P495_1003,C,C_imp_asc,0.5,2560,1017,True,False,20632,11,12.375,8.5,3.875,11.5,0.875
P641_10047,C,C_imp_asc,0.5,2560,1017,True,True,20075,1,15.375,11.6875,3.6875,15.375,0.0
P641_10270,C,C_imp_asc,0.5,2560,1017,True,False,315,10,11.5,10.625,0.875,11.875,-0.375
P740_10016,C,C_imp_asc,0.5,2560,1017,True,False,220,2,15.3125,8.875,6.4375,16.75,-1.4375
P740_10054,C,C_imp_asc,0.5,2560,1017,True,False,220,3,13.4375,8.9375,4.5,12.25,1.1875
P937_10004,C,C_imp_asc,0.5,2560,1017,True,False,279,4,12.6875,12.8125,-0.125,12.5625,0.125
P937_10060,C,C_imp_asc,0.5,2560,1017,True,False,279,107,7.1875,9.6875,-2.5,6.71875,0.46875
P101_10027,D,D_imp_asc,0.05,256,256,True,False,44279,6,12.1875,6.875,5.3125,12.0625,0.125
P101_10066,D,D_imp_asc,0.05,256,256,True,False,279,9,11.0625,7.625,3.4375,11.1875,-0.125
P103_0,D,D_imp_asc,0.05,256,256,True,True,8753,1,16.375,9.8125,6.5625,16.375,0.0
P103_10038,D,D_imp_asc,0.05,256,256,True,True,8753,1,15.5,9.9375,5.5625,15.5,0.0
P106_10026,D,D_imp_asc,0.05,256,256,True,False,10212,45,8.5625,5.375,3.1875,8.625,-0.0625
P106_10076,D,D_imp_asc,0.05,256,256,True,False,24577,3,13.1875,7.1875,6.0,13.1875,0.0
P108_10032,D,D_imp_asc,0.05,256,256,True,True,5195,1,16.875,5.5,11.375,17.0,-0.125
P108_10064,D,D_imp_asc,0.05,256,256,True,False,279,4,10.5625,5.625,4.9375,10.5625,0.0
P127_10,D,D_imp_asc,0.05,256,256,True,False,279,3,6.9375,1.6328125,5.3046875,6.96875,-0.03125
P127_10040,D,D_imp_asc,0.05,256,256,True,False,11,2,10.25,5.0,5.25,10.375,-0.125
P1303_10011,D,D_imp_asc,0.05,256,256,True,False,56400,2,11.0,9.4375,1.5625,10.875,0.125
P1303_10017,D,D_imp_asc,0.05,256,256,True,False,279,7,7.84375,7.71875,0.125,7.875,-0.03125
P131_10018,D,D_imp_asc,0.05,256,256,True,False,279,3,13.9375,4.78125,9.15625,13.875,0.0625
P131_10045,D,D_imp_asc,0.05,256,256,True,False,279,10,11.1875,3.140625,8.046875,11.0625,0.125
P136_10043,D,D_imp_asc,0.05,256,256,True,False,264,264,6.15625,7.4375,-1.28125,6.125,0.03125
P136_10065,D,D_imp_asc,0.05,256,256,True,False,279,2312,2.609375,5.71875,-3.109375,2.546875,0.0625
P138_10042,D,D_imp_asc,0.05,256,256,True,False,279,6,11.6875,2.828125,8.859375,12.0,-0.3125
P138_1009,D,D_imp_asc,0.05,256,256,True,False,279,2,15.4375,8.8125,6.625,15.5625,-0.125
P140_1,D,D_imp_asc,0.05,256,256,True,True,32186,1,14.4375,8.1875,6.25,14.375,0.0625
P140_100,D,D_imp_asc,0.05,256,256,True,True,15256,1,15.625,8.1875,7.4375,15.75,-0.125
P1412_10009,D,D_imp_asc,0.05,256,256,True,False,315,110,8.9375,7.625,1.3125,8.9375,0.0
P1412_10036,D,D_imp_asc,0.05,256,256,False,False,1633,39,11.25,8.6875,2.5625,11.1875,0.0625
P159_1001,D,D_imp_asc,0.05,256,256,True,False,26531,2,15.4375,7.25,8.1875,15.375,0.0625
P159_10015,D,D_imp_asc,0.05,256,256,True,False,35812,2,13.9375,12.0,1.9375,14.0,-0.0625
P17_10005,D,D_imp_asc,0.05,256,256,True,False,9605,41,9.5625,8.125,1.4375,9.5,0.0625
P17_10034,D,D_imp_asc,0.05,256,256,True,False,279,32,10.1875,9.5,0.6875,10.1875,0.0
P176_10014,D,D_imp_asc,0.05,256,256,True,True,29987,1,17.0,8.125,8.875,17.0,0.0
P176_10044,D,D_imp_asc,0.05,256,256,True,True,30300,1,15.4375,6.96875,8.46875,15.375,0.0625
P178_10019,D,D_imp_asc,0.05,256,256,True,True,5195,1,15.0,9.4375,5.5625,15.0,0.0
P178_10020,D,D_imp_asc,0.05,256,256,True,False,279,2,9.125,5.5625,3.5625,9.1875,-0.0625
P19_1002,D,D_imp_asc,0.05,256,256,True,False,220,2,15.4375,10.4375,5.0,15.625,-0.1875
P19_10031,D,D_imp_asc,0.05,256,256,True,False,279,4,10.75,6.125,4.625,10.6875,0.0625
P190_10000,D,D_imp_asc,0.05,256,256,True,False,59900,553,6.4375,5.53125,0.90625,6.125,0.3125
P190_10006,D,D_imp_asc,0.05,256,256,True,False,666,338,7.28125,9.75,-2.46875,7.25,0.03125
P20_10007,D,D_imp_asc,0.05,256,256,True,False,220,46,10.8125,7.0625,3.75,10.8125,0.0
P20_1008,D,D_imp_asc,0.05,256,256,True,False,1561,5,8.9375,9.375,-0.4375,8.9375,0.0
P264_1000,D,D_imp_asc,0.05,256,256,True,False,2663,1994,2.359375,1.0703125,1.2890625,2.40625,-0.046875
P264_10597,D,D_imp_asc,0.05,256,256,True,False,279,22,7.71875,3.421875,4.296875,7.625,0.09375
P27_10002,D,D_imp_asc,0.05,256,256,True,True,10057,1,14.9375,8.3125,6.625,14.9375,0.0
P27_10008,D,D_imp_asc,0.05,256,256,True,True,15704,1,12.9375,10.125,2.8125,12.875,0.0625
P276_10021,D,D_imp_asc,0.05,256,256,True,False,279,615,5.1875,2.453125,2.734375,5.21875,-0.03125
P276_10062,D,D_imp_asc,0.05,256,256,True,False,13160,8,12.75,1.515625,11.234375,12.8125,-0.0625
P30_10003,D,D_imp_asc,0.05,256,256,True,False,279,20,10.5625,5.9375,4.625,10.5625,0.0
P30_10028,D,D_imp_asc,0.05,256,256,True,True,72787,1,16.875,10.8125,6.0625,16.75,0.125
P36_10035,D,D_imp_asc,0.05,256,256,True,True,86545,1,16.375,4.90625,11.46875,16.375,0.0
P36_10369,D,D_imp_asc,0.05,256,256,True,True,12366,1,13.1875,6.28125,6.90625,13.1875,0.0
P364_10013,D,D_imp_asc,0.05,256,256,True,True,6498,1,12.25,11.5,0.75,12.1875,0.0625
P364_10039,D,D_imp_asc,0.05,256,256,True,False,264,43,9.9375,8.5,1.4375,9.875,0.0625
P37_10078,D,D_imp_asc,0.05,256,256,True,False,22164,2,16.125,5.25,10.875,16.0,0.125
P37_10134,D,D_imp_asc,0.05,256,256,True,False,1443,2,16.5,4.34375,12.15625,16.5,0.0
P39_10010,D,D_imp_asc,0.05,256,256,True,False,1695,65,10.125,6.5625,3.5625,10.125,0.0
P39_10025,D,D_imp_asc,0.05,256,256,True,False,721,55,9.3125,4.65625,4.65625,9.25,0.0625
P407_10033,D,D_imp_asc,0.05,256,256,True,False,539,10,11.8125,7.9375,3.875,11.8125,0.0
P407_10082,D,D_imp_asc,0.05,256,256,True,False,264,9,11.125,7.75,3.375,11.1875,-0.0625
P413_10029,D,D_imp_asc,0.05,256,256,True,False,315,6,11.8125,6.375,5.4375,11.6875,0.125
P413_1006,D,D_imp_asc,0.05,256,256,True,False,41047,195,7.875,12.6875,-4.8125,7.84375,0.03125
P449_10023,D,D_imp_asc,0.05,256,256,True,False,220,90,8.3125,6.84375,1.46875,8.3125,0.0
P449_10104,D,D_imp_asc,0.05,256,256,True,False,23469,18,11.5625,11.4375,0.125,11.625,-0.0625
P463_10050,D,D_imp_asc,0.05,256,256,True,False,39144,4,12.8125,2.75,10.0625,12.875,-0.0625
P463_10121,D,D_imp_asc,0.05,256,256,True,True,44742,1,15.5625,4.5625,11.0,15.6875,-0.125
P495_10012,D,D_imp_asc,0.05,256,256,True,False,279,10,12.9375,8.4375,4.5,12.9375,0.0
P495_1003,D,D_imp_asc,0.05,256,256,True,False,20632,17,11.5,8.125,3.375,11.5,0.0
P641_10047,D,D_imp_asc,0.05,256,256,True,True,20075,1,15.375,11.1875,4.1875,15.375,0.0
P641_10270,D,D_imp_asc,0.05,256,256,True,False,315,9,12.0,10.75,1.25,11.875,0.125
P740_10016,D,D_imp_asc,0.05,256,256,True,False,220,2,16.75,9.125,7.625,16.75,0.0
P740_10054,D,D_imp_asc,0.05,256,256,True,False,220,7,12.3125,8.75,3.5625,12.25,0.0625
P937_10004,D,D_imp_asc,0.05,256,256,True,False,279,4,12.5625,12.6875,-0.125,12.5625,0.0
P937_10060,D,D_imp_asc,0.05,256,256,True,False,279,166,6.65625,9.5,-2.84375,6.71875,-0.0625
P101_10027,D,D_imp_asc,0.1,512,512,True,False,44279,6,12.125,6.84375,5.28125,12.0625,0.0625
P101_10066,D,D_imp_asc,0.1,512,512,True,False,279,9,11.0625,7.625,3.4375,11.1875,-0.125
P103_0,D,D_imp_asc,0.1,512,512,True,True,8753,1,16.375,9.875,6.5,16.375,0.0
P103_10038,D,D_imp_asc,0.1,512,512,True,True,8753,1,15.5625,10.0625,5.5,15.5,0.0625
P106_10026,D,D_imp_asc,0.1,512,512,True,False,10212,37,8.8125,5.3125,3.5,8.625,0.1875
P106_10076,D,D_imp_asc,0.1,512,512,True,False,24577,3,13.25,7.15625,6.09375,13.1875,0.0625
P108_10032,D,D_imp_asc,0.1,512,512,True,True,5195,1,17.0,5.46875,11.53125,17.0,0.0
P108_10064,D,D_imp_asc,0.1,512,512,True,False,279,4,10.75,5.65625,5.09375,10.5625,0.1875
P127_10,D,D_imp_asc,0.1,512,512,True,False,279,3,7.0,1.609375,5.390625,6.96875,0.03125
P127_10040,D,D_imp_asc,0.1,512,512,True,False,11,2,10.125,4.8125,5.3125,10.375,-0.25
P1303_10011,D,D_imp_asc,0.1,512,512,True,False,56400,2,11.0625,9.4375,1.625,10.875,0.1875
P1303_10017,D,D_imp_asc,0.1,512,512,True,False,279,7,7.875,7.78125,0.09375,7.875,0.0
P131_10018,D,D_imp_asc,0.1,512,512,True,False,279,3,13.9375,4.8125,9.125,13.875,0.0625
P131_10045,D,D_imp_asc,0.1,512,512,True,False,279,10,11.1875,3.046875,8.140625,11.0625,0.125
P136_10043,D,D_imp_asc,0.1,512,512,True,False,264,253,6.1875,7.53125,-1.34375,6.125,0.0625
P136_10065,D,D_imp_asc,0.1,512,512,True,False,279,2288,2.609375,5.65625,-3.046875,2.546875,0.0625
P138_10042,D,D_imp_asc,0.1,512,512,True,False,279,6,11.375,2.625,8.75,12.0,-0.625
P138_1009,D,D_imp_asc,0.1,512,512,True,False,279,2,15.5625,8.9375,6.625,15.5625,0.0
P140_1,D,D_imp_asc,0.1,512,512,True,True,32186,1,14.4375,8.125,6.3125,14.375,0.0625
P140_100,D,D_imp_asc,0.1,512,512,True,True,15256,1,15.625,8.25,7.375,15.75,-0.125
P1412_10009,D,D_imp_asc,0.1,512,512,True,False,315,100,9.0625,7.625,1.4375,8.9375,0.125
P1412_10036,D,D_imp_asc,0.1,512,512,False,False,1633,41,11.1875,8.6875,2.5,11.1875,0.0
P159_1001,D,D_imp_asc,0.1,512,512,True,False,26531,2,15.3125,7.34375,7.96875,15.375,-0.0625
P159_10015,D,D_imp_asc,0.1,512,512,True,False,35812,2,13.875,12.0,1.875,14.0,-0.125
P17_10005,D,D_imp_asc,0.1,512,512,True,False,9605,40,9.5625,8.125,1.4375,9.5,0.0625
P17_10034,D,D_imp_asc,0.1,512,512,True,False,279,32,10.1875,9.5625,0.625,10.1875,0.0
P176_10014,D,D_imp_asc,0.1,512,512,True,True,29987,1,17.0,8.1875,8.8125,17.0,0.0
P176_10044,D,D_imp_asc,0.1,512,512,True,True,30300,1,15.4375,6.875,8.5625,15.375,0.0625
P178_10019,D,D_imp_asc,0.1,512,512,True,True,5195,1,15.0,9.5625,5.4375,15.0,0.0
P178_10020,D,D_imp_asc,0.1,512,512,True,False,279,2,8.875,5.34375,3.53125,9.1875,-0.3125
P19_1002,D,D_imp_asc,0.1,512,512,True,False,220,2,15.125,10.375,4.75,15.625,-0.5
P19_10031,D,D_imp_asc,0.1,512,512,True,False,279,4,10.75,6.09375,4.65625,10.6875,0.0625
P190_10000,D,D_imp_asc,0.1,512,512,True,False,59900,406,6.6875,5.59375,1.09375,6.125,0.5625
P190_10006,D,D_imp_asc,0.1,512,512,True,False,666,341,7.28125,9.8125,-2.53125,7.25,0.03125
P20_10007,D,D_imp_asc,0.1,512,512,True,False,220,47,10.875,7.125,3.75,10.8125,0.0625
P20_1008,D,D_imp_asc,0.1,512,512,True,False,1561,6,8.9375,9.4375,-0.5,8.9375,0.0
P264_1000,D,D_imp_asc,0.1,512,512,True,False,2663,2289,2.25,1.140625,1.109375,2.40625,-0.15625
P264_10597,D,D_imp_asc,0.1,512,512,True,False,279,27,7.78125,3.703125,4.078125,7.625,0.15625
P27_10002,D,D_imp_asc,0.1,512,512,True,True,10057,1,14.875,8.375,6.5,14.9375,-0.0625
P27_10008,D,D_imp_asc,0.1,512,512,True,True,15704,1,13.0,10.125,2.875,12.875,0.125
P276_10021,D,D_imp_asc,0.1,512,512,True,False,279,609,5.1875,2.46875,2.71875,5.21875,-0.03125
P276_10062,D,D_imp_asc,0.1,512,512,True,False,13160,9,12.6875,1.5234375,11.1640625,12.8125,-0.125
P30_10003,D,D_imp_asc,0.1,512,512,True,False,279,19,10.625,5.90625,4.71875,10.5625,0.0625
P30_10028,D,D_imp_asc,0.1,512,512,True,True,72787,1,16.875,10.875,6.0,16.75,0.125
P36_10035,D,D_imp_asc,0.1,512,512,True,True,86545,1,16.25,4.9375,11.3125,16.375,-0.125
P36_10369,D,D_imp_asc,0.1,512,512,True,True,12366,1,13.25,6.28125,6.96875,13.1875,0.0625
P364_10013,D,D_imp_asc,0.1,512,512,True,True,6498,1,12.25,11.5,0.75,12.1875,0.0625
P364_10039,D,D_imp_asc,0.1,512,512,True,False,264,45,9.875,8.5,1.375,9.875,0.0
P37_10078,D,D_imp_asc,0.1,512,512,True,False,22164,2,16.0,5.28125,10.71875,16.0,0.0
P37_10134,D,D_imp_asc,0.1,512,512,True,False,1443,2,16.375,4.34375,12.03125,16.5,-0.125
P39_10010,D,D_imp_asc,0.1,512,512,True,False,1695,64,10.1875,6.65625,3.53125,10.125,0.0625
P39_10025,D,D_imp_asc,0.1,512,512,True,False,721,55,9.25,4.65625,4.59375,9.25,0.0
P407_10033,D,D_imp_asc,0.1,512,512,True,False,539,11,11.875,7.96875,3.90625,11.8125,0.0625
P407_10082,D,D_imp_asc,0.1,512,512,True,False,264,11,11.125,7.6875,3.4375,11.1875,-0.0625
P413_10029,D,D_imp_asc,0.1,512,512,True,False,315,6,11.8125,6.3125,5.5,11.6875,0.125
P413_1006,D,D_imp_asc,0.1,512,512,True,False,41047,179,7.96875,12.75,-4.78125,7.84375,0.125
P449_10023,D,D_imp_asc,0.1,512,512,True,False,220,82,8.5,6.9375,1.5625,8.3125,0.1875
P449_10104,D,D_imp_asc,0.1,512,512,True,False,23469,21,11.5,11.4375,0.0625,11.625,-0.125
P463_10050,D,D_imp_asc,0.1,512,512,True,False,39144,4,12.8125,2.921875,9.890625,12.875,-0.0625
P463_10121,D,D_imp_asc,0.1,512,512,True,True,44742,1,15.6875,4.8125,10.875,15.6875,0.0
P495_10012,D,D_imp_asc,0.1,512,512,True,False,279,10,13.0,8.5,4.5,12.9375,0.0625
P495_1003,D,D_imp_asc,0.1,512,512,True,False,20632,17,11.5,8.1875,3.3125,11.5,0.0
P641_10047,D,D_imp_asc,0.1,512,512,True,True,20075,1,15.25,11.375,3.875,15.375,-0.125
P641_10270,D,D_imp_asc,0.1,512,512,True,False,315,9,11.9375,10.6875,1.25,11.875,0.0625
P740_10016,D,D_imp_asc,0.1,512,512,True,False,220,2,16.75,9.1875,7.5625,16.75,0.0
P740_10054,D,D_imp_asc,0.1,512,512,True,False,220,5,12.4375,8.8125,3.625,12.25,0.1875
P937_10004,D,D_imp_asc,0.1,512,512,True,False,279,5,12.5,12.6875,-0.1875,12.5625,-0.0625
P937_10060,D,D_imp_asc,0.1,512,512,True,False,279,167,6.65625,9.5,-2.84375,6.71875,-0.0625
P101_10027,D,D_imp_asc,0.2,1024,1024,False,False,47976,6,12.0,6.8125,5.1875,12.0625,-0.0625
P101_10066,D,D_imp_asc,0.2,1024,1024,True,False,279,9,11.1875,7.625,3.5625,11.1875,0.0
P103_0,D,D_imp_asc,0.2,1024,1024,True,True,8753,1,16.375,9.9375,6.4375,16.375,0.0
P103_10038,D,D_imp_asc,0.2,1024,1024,True,True,8753,1,15.5,10.0,5.5,15.5,0.0
P106_10026,D,D_imp_asc,0.2,1024,1024,True,False,10212,31,9.0,5.0625,3.9375,8.625,0.375
P106_10076,D,D_imp_asc,0.2,1024,1024,True,False,24577,2,13.25,7.125,6.125,13.1875,0.0625
P108_10032,D,D_imp_asc,0.2,1024,1024,True,True,5195,1,17.125,5.5625,11.5625,17.0,0.125
P108_10064,D,D_imp_asc,0.2,1024,1024,True,False,279,4,10.75,5.625,5.125,10.5625,0.1875
P127_10,D,D_imp_asc,0.2,1024,1024,True,False,279,3,7.09375,1.5703125,5.5234375,6.96875,0.125
P127_10040,D,D_imp_asc,0.2,1024,1024,True,False,11,2,10.5625,5.09375,5.46875,10.375,0.1875
P1303_10011,D,D_imp_asc,0.2,1024,1024,True,False,56400,2,11.1875,9.4375,1.75,10.875,0.3125
P1303_10017,D,D_imp_asc,0.2,1024,1024,True,False,279,8,7.9375,7.875,0.0625,7.875,0.0625
P131_10018,D,D_imp_asc,0.2,1024,1024,True,False,279,3,13.9375,4.625,9.3125,13.875,0.0625
P131_10045,D,D_imp_asc,0.2,1024,1024,True,False,279,10,11.125,2.984375,8.140625,11.0625,0.0625
P136_10043,D,D_imp_asc,0.2,1024,1024,True,False,264,253,6.21875,7.5625,-1.34375,6.125,0.09375
P136_10065,D,D_imp_asc,0.2,1024,1024,True,False,279,2687,2.375,5.6875,-3.3125,2.546875,-0.171875
P138_10042,D,D_imp_asc,0.2,1024,1024,True,False,279,6,11.25,2.421875,8.828125,12.0,-0.75
P138_1009,D,D_imp_asc,0.2,1024,1024,True,False,279,2,15.75,9.0,6.75,15.5625,0.1875
P140_1,D,D_imp_asc,0.2,1024,1024,True,True,32186,1,14.5,8.25,6.25,14.375,0.125
P140_100,D,D_imp_asc,0.2,1024,1024,True,True,15256,1,15.625,8.375,7.25,15.75,-0.125
P1412_10009,D,D_imp_asc,0.2,1024,1024,True,False,315,96,9.125,7.71875,1.40625,8.9375,0.1875
P1412_10036,D,D_imp_asc,0.2,1024,1024,False,False,1633,40,11.1875,8.625,2.5625,11.1875,0.0
P159_1001,D,D_imp_asc,0.2,1024,1024,True,False,26531,2,15.5,7.46875,8.03125,15.375,0.125
P159_10015,D,D_imp_asc,0.2,1024,1024,True,False,35812,2,13.9375,12.0625,1.875,14.0,-0.0625
P17_10005,D,D_imp_asc,0.2,1024,1024,True,False,9605,46,9.5,8.25,1.25,9.5,0.0
P17_10034,D,D_imp_asc,0.2,1024,1024,True,False,279,35,10.125,9.4375,0.6875,10.1875,-0.0625
P176_10014,D,D_imp_asc,0.2,1024,1024,True,True,29987,1,17.0,8.1875,8.8125,17.0,0.0
P176_10044,D,D_imp_asc,0.2,1024,1024,True,True,30300,1,15.375,6.875,8.5,15.375,0.0
P178_10019,D,D_imp_asc,0.2,1024,1024,True,True,5195,1,15.0625,9.5625,5.5,15.0,0.0625
P178_10020,D,D_imp_asc,0.2,1024,1024,True,False,279,2,8.875,5.3125,3.5625,9.1875,-0.3125
P19_1002,D,D_imp_asc,0.2,1024,1024,True,False,220,2,15.0,10.4375,4.5625,15.625,-0.625
P19_10031,D,D_imp_asc,0.2,1024,1024,True,False,279,5,10.6875,6.0625,4.625,10.6875,0.0
P190_10000,D,D_imp_asc,0.2,1024,1024,True,False,59900,363,6.71875,5.75,0.96875,6.125,0.59375
P190_10006,D,D_imp_asc,0.2,1024,1024,True,False,666,327,7.375,9.75,-2.375,7.25,0.125
P20_10007,D,D_imp_asc,0.2,1024,1024,True,False,220,36,11.0625,7.1875,3.875,10.8125,0.25
P20_1008,D,D_imp_asc,0.2,1024,1024,True,False,1561,6,8.9375,9.5,-0.5625,8.9375,0.0
P264_1000,D,D_imp_asc,0.2,1024,1024,True,False,2663,2217,2.3125,1.125,1.1875,2.40625,-0.09375
P264_10597,D,D_imp_asc,0.2,1024,1024,True,False,279,29,7.6875,3.453125,4.234375,7.625,0.0625
P27_10002,D,D_imp_asc,0.2,1024,1024,True,True,10057,1,14.875,8.375,6.5,14.9375,-0.0625
P27_10008,D,D_imp_asc,0.2,1024,1024,True,True,15704,1,13.0625,10.25,2.8125,12.875,0.1875
P276_10021,D,D_imp_asc,0.2,1024,1024,True,False,279,669,5.03125,2.4375,2.59375,5.21875,-0.1875
P276_10062,D,D_imp_asc,0.2,1024,1024,True,False,13160,11,12.625,1.59375,11.03125,12.8125,-0.1875
P30_10003,D,D_imp_asc,0.2,1024,1024,True,False,279,19,10.625,5.875,4.75,10.5625,0.0625
P30_10028,D,D_imp_asc,0.2,1024,1024,True,True,72787,1,16.875,10.9375,5.9375,16.75,0.125
P36_10035,D,D_imp_asc,0.2,1024,1024,True,True,86545,1,16.25,4.96875,11.28125,16.375,-0.125
P36_10369,D,D_imp_asc,0.2,1024,1024,True,True,12366,1,13.1875,6.40625,6.78125,13.1875,0.0
P364_10013,D,D_imp_asc,0.2,1024,1024,True,True,6498,1,12.25,11.4375,0.8125,12.1875,0.0625
P364_10039,D,D_imp_asc,0.2,1024,1024,True,False,264,56,9.6875,8.3125,1.375,9.875,-0.1875
P37_10078,D,D_imp_asc,0.2,1024,1024,True,False,22164,2,16.0,5.34375,10.65625,16.0,0.0
P37_10134,D,D_imp_asc,0.2,1024,1024,True,False,1443,2,16.5,4.28125,12.21875,16.5,0.0
P39_10010,D,D_imp_asc,0.2,1024,1024,True,False,1695,62,10.25,6.71875,3.53125,10.125,0.125
P39_10025,D,D_imp_asc,0.2,1024,1024,True,False,721,51,9.375,4.65625,4.71875,9.25,0.125
P407_10033,D,D_imp_asc,0.2,1024,1024,True,False,539,8,11.875,7.9375,3.9375,11.8125,0.0625
P407_10082,D,D_imp_asc,0.2,1024,1024,True,False,264,17,10.875,7.5,3.375,11.1875,-0.3125
P413_10029,D,D_imp_asc,0.2,1024,1024,True,False,315,6,11.9375,6.125,5.8125,11.6875,0.25
P413_1006,D,D_imp_asc,0.2,1024,1024,True,False,41047,182,7.90625,12.6875,-4.78125,7.84375,0.0625
P449_10023,D,D_imp_asc,0.2,1024,1024,True,False,220,77,8.5625,6.96875,1.59375,8.3125,0.25
P449_10104,D,D_imp_asc,0.2,1024,1024,True,False,23469,26,11.4375,11.3125,0.125,11.625,-0.1875
P463_10050,D,D_imp_asc,0.2,1024,1024,True,False,39144,4,12.8125,3.015625,9.796875,12.875,-0.0625
P463_10121,D,D_imp_asc,0.2,1024,1024,True,True,44742,1,15.5625,4.65625,10.90625,15.6875,-0.125
P495_10012,D,D_imp_asc,0.2,1024,1024,True,False,279,10,12.9375,8.5625,4.375,12.9375,0.0
P495_1003,D,D_imp_asc,0.2,1024,1024,True,False,20632,17,11.5,8.1875,3.3125,11.5,0.0
P641_10047,D,D_imp_asc,0.2,1024,1024,True,True,20075,1,15.0,11.1875,3.8125,15.375,-0.375
P641_10270,D,D_imp_asc,0.2,1024,1024,True,False,315,8,12.0625,10.8125,1.25,11.875,0.1875
P740_10016,D,D_imp_asc,0.2,1024,1024,True,False,220,2,16.75,9.25,7.5,16.75,0.0
P740_10054,D,D_imp_asc,0.2,1024,1024,True,False,220,5,12.5,8.75,3.75,12.25,0.25
P937_10004,D,D_imp_asc,0.2,1024,1024,True,False,279,5,12.375,12.625,-0.25,12.5625,-0.1875
P937_10060,D,D_imp_asc,0.2,1024,1024,True,False,279,173,6.65625,9.5,-2.84375,6.71875,-0.0625
P101_10027,D,D_imp_asc,0.3,1536,1536,False,False,47976,6,12.0,6.875,5.125,12.0625,-0.0625
P101_10066,D,D_imp_asc,0.3,1536,1536,True,False,279,9,11.25,7.78125,3.46875,11.1875,0.0625
P103_0,D,D_imp_asc,0.3,1536,1536,True,True,8753,1,16.375,9.9375,6.4375,16.375,0.0
P103_10038,D,D_imp_asc,0.3,1536,1536,True,True,8753,1,15.5,10.0625,5.4375,15.5,0.0
P106_10026,D,D_imp_asc,0.3,1536,1536,True,False,10212,31,8.875,5.125,3.75,8.625,0.25
P106_10076,D,D_imp_asc,0.3,1536,1536,True,False,24577,2,13.1875,7.0,6.1875,13.1875,0.0
P108_10032,D,D_imp_asc,0.3,1536,1536,True,True,5195,1,16.875,5.59375,11.28125,17.0,-0.125
P108_10064,D,D_imp_asc,0.3,1536,1536,True,False,279,4,10.875,5.65625,5.21875,10.5625,0.3125
P127_10,D,D_imp_asc,0.3,1536,1536,True,False,279,3,6.96875,1.578125,5.390625,6.96875,0.0
P127_10040,D,D_imp_asc,0.3,1536,1536,True,False,11,3,10.125,5.0,5.125,10.375,-0.25
P1303_10011,D,D_imp_asc,0.3,1536,1536,True,False,56400,2,11.1875,9.625,1.5625,10.875,0.3125
P1303_10017,D,D_imp_asc,0.3,1536,1536,True,False,279,7,8.0625,7.84375,0.21875,7.875,0.1875
P131_10018,D,D_imp_asc,0.3,1536,1536,True,False,279,3,13.9375,4.53125,9.40625,13.875,0.0625
P131_10045,D,D_imp_asc,0.3,1536,1536,True,False,279,10,11.125,2.734375,8.390625,11.0625,0.0625
P136_10043,D,D_imp_asc,0.3,1536,1536,False,False,520,235,6.3125,7.65625,-1.34375,6.125,0.1875
P136_10065,D,D_imp_asc,0.3,1536,1536,True,False,279,2828,2.34375,5.71875,-3.375,2.546875,-0.203125
P138_10042,D,D_imp_asc,0.3,1536,1536,True,False,279,4,11.1875,2.265625,8.921875,12.0,-0.8125
P138_1009,D,D_imp_asc,0.3,1536,1536,True,False,279,2,15.5,8.75,6.75,15.5625,-0.0625
P140_1,D,D_imp_asc,0.3,1536,1536,True,True,32186,1,14.4375,8.25,6.1875,14.375,0.0625
P140_100,D,D_imp_asc,0.3,1536,1536,True,True,15256,1,15.5,8.3125,7.1875,15.75,-0.25
P1412_10009,D,D_imp_asc,0.3,1536,1536,True,False,315,98,9.0625,7.59375,1.46875,8.9375,0.125
P1412_10036,D,D_imp_asc,0.3,1536,1536,True,False,539,37,11.25,8.625,2.625,11.1875,0.0625
P159_1001,D,D_imp_asc,0.3,1536,1536,True,False,26531,2,15.4375,7.375,8.0625,15.375,0.0625
P159_10015,D,D_imp_asc,0.3,1536,1536,True,False,35812,2,13.9375,12.125,1.8125,14.0,-0.0625
P17_10005,D,D_imp_asc,0.3,1536,1536,True,False,9605,43,9.5,8.5,1.0,9.5,0.0
P17_10034,D,D_imp_asc,0.3,1536,1536,True,False,279,30,10.1875,9.5,0.6875,10.1875,0.0
P176_10014,D,D_imp_asc,0.3,1536,1536,True,True,29987,1,17.0,8.125,8.875,17.0,0.0
P176_10044,D,D_imp_asc,0.3,1536,1536,True,True,30300,1,15.4375,6.90625,8.53125,15.375,0.0625
P178_10019,D,D_imp_asc,0.3,1536,1536,True,True,5195,1,15.0,9.5625,5.4375,15.0,0.0
P178_10020,D,D_imp_asc,0.3,1536,1536,True,False,279,2,9.125,5.5,3.625,9.1875,-0.0625
P19_1002,D,D_imp_asc,0.3,1536,1536,True,False,220,2,14.8125,10.5,4.3125,15.625,-0.8125
P19_10031,D,D_imp_asc,0.3,1536,1536,True,False,279,4,10.625,6.0,4.625,10.6875,-0.0625
P190_10000,D,D_imp_asc,0.3,1536,1536,True,False,59900,331,6.78125,5.78125,1.0,6.125,0.65625
P190_10006,D,D_imp_asc,0.3,1536,1536,True,False,666,323,7.375,9.8125,-2.4375,7.25,0.125
P20_10007,D,D_imp_asc,0.3,1536,1536,True,False,220,41,10.9375,7.125,3.8125,10.8125,0.125
P20_1008,D,D_imp_asc,0.3,1536,1536,True,False,1561,7,8.9375,9.5625,-0.625,8.9375,0.0
P264_1000,D,D_imp_asc,0.3,1536,1536,True,False,2663,2229,2.3125,1.1328125,1.1796875,2.40625,-0.09375
P264_10597,D,D_imp_asc,0.3,1536,1536,True,False,279,24,7.875,3.6875,4.1875,7.625,0.25
P27_10002,D,D_imp_asc,0.3,1536,1536,True,True,10057,1,14.9375,8.4375,6.5,14.9375,0.0
P27_10008,D,D_imp_asc,0.3,1536,1536,True,True,15704,1,13.0,10.375,2.625,12.875,0.125
P276_10021,D,D_imp_asc,0.3,1536,1536,True,False,279,696,5.0625,2.546875,2.515625,5.21875,-0.15625
P276_10062,D,D_imp_asc,0.3,1536,1536,True,False,13160,11,12.625,1.6640625,10.9609375,12.8125,-0.1875
P30_10003,D,D_imp_asc,0.3,1536,1536,True,False,279,19,10.5625,5.875,4.6875,10.5625,0.0
P30_10028,D,D_imp_asc,0.3,1536,1536,True,True,72787,1,16.875,10.9375,5.9375,16.75,0.125
P36_10035,D,D_imp_asc,0.3,1536,1536,True,True,86545,1,16.25,4.875,11.375,16.375,-0.125
P36_10369,D,D_imp_asc,0.3,1536,1536,True,True,12366,1,13.125,6.3125,6.8125,13.1875,-0.0625
P364_10013,D,D_imp_asc,0.3,1536,1536,True,True,6498,1,12.375,11.6875,0.6875,12.1875,0.1875
P364_10039,D,D_imp_asc,0.3,1536,1536,True,False,264,38,10.0625,8.8125,1.25,9.875,0.1875
P37_10078,D,D_imp_asc,0.3,1536,1536,True,False,22164,2,16.125,5.25,10.875,16.0,0.125
P37_10134,D,D_imp_asc,0.3,1536,1536,True,False,1443,2,16.5,4.34375,12.15625,16.5,0.0
P39_10010,D,D_imp_asc,0.3,1536,1536,True,False,1695,61,10.3125,6.9375,3.375,10.125,0.1875
P39_10025,D,D_imp_asc,0.3,1536,1536,True,False,721,47,9.4375,4.75,4.6875,9.25,0.1875
P407_10033,D,D_imp_asc,0.3,1536,1536,True,False,539,9,11.8125,7.875,3.9375,11.8125,0.0
P407_10082,D,D_imp_asc,0.3,1536,1536,True,False,264,28,10.5625,7.3125,3.25,11.1875,-0.625
P413_10029,D,D_imp_asc,0.3,1536,1536,True,False,315,7,11.8125,5.9375,5.875,11.6875,0.125
P413_1006,D,D_imp_asc,0.3,1536,1536,True,False,41047,211,7.59375,12.5625,-4.96875,7.84375,-0.25
P449_10023,D,D_imp_asc,0.3,1536,1536,True,False,220,76,8.5625,7.0,1.5625,8.3125,0.25
P449_10104,D,D_imp_asc,0.3,1536,1536,True,False,23469,24,11.375,11.25,0.125,11.625,-0.25
P463_10050,D,D_imp_asc,0.3,1536,1536,True,False,39144,4,12.75,3.15625,9.59375,12.875,-0.125
P463_10121,D,D_imp_asc,0.3,1536,1536,True,True,44742,1,15.6875,4.40625,11.28125,15.6875,0.0
P495_10012,D,D_imp_asc,0.3,1536,1536,True,False,279,10,12.875,8.5625,4.3125,12.9375,-0.0625
P495_1003,D,D_imp_asc,0.3,1536,1536,True,False,20632,17,11.5,8.25,3.25,11.5,0.0
P641_10047,D,D_imp_asc,0.3,1536,1536,True,True,20075,1,15.0,11.375,3.625,15.375,-0.375
P641_10270,D,D_imp_asc,0.3,1536,1536,True,False,315,11,11.8125,10.25,1.5625,11.875,-0.0625
P740_10016,D,D_imp_asc,0.3,1536,1536,True,False,220,2,16.875,9.3125,7.5625,16.75,0.125
P740_10054,D,D_imp_asc,0.3,1536,1536,True,False,220,5,12.625,8.75,3.875,12.25,0.375
P937_10004,D,D_imp_asc,0.3,1536,1536,True,False,279,5,12.3125,12.625,-0.3125,12.5625,-0.25
P937_10060,D,D_imp_asc,0.3,1536,1536,True,False,279,183,6.59375,9.4375,-2.84375,6.71875,-0.125
P101_10027,D,D_imp_asc,0.5,2560,1659,False,False,47976,6,12.0,6.875,5.125,12.0625,-0.0625
P101_10066,D,D_imp_asc,0.5,2560,1659,True,False,279,9,11.25,7.78125,3.46875,11.1875,0.0625
P103_0,D,D_imp_asc,0.5,2560,1659,True,True,8753,1,16.375,9.875,6.5,16.375,0.0
P103_10038,D,D_imp_asc,0.5,2560,1659,True,True,8753,1,15.5625,10.125,5.4375,15.5,0.0625
P106_10026,D,D_imp_asc,0.5,2560,1659,True,False,10212,30,8.8125,5.15625,3.65625,8.625,0.1875
P106_10076,D,D_imp_asc,0.5,2560,1659,True,False,24577,2,13.125,7.03125,6.09375,13.1875,-0.0625
P108_10032,D,D_imp_asc,0.5,2560,1659,True,True,5195,1,16.875,5.46875,11.40625,17.0,-0.125
P108_10064,D,D_imp_asc,0.5,2560,1659,True,False,279,4,10.875,5.625,5.25,10.5625,0.3125
P127_10,D,D_imp_asc,0.5,2560,1659,True,False,279,3,6.96875,1.578125,5.390625,6.96875,0.0
P127_10040,D,D_imp_asc,0.5,2560,1659,True,False,11,3,10.0625,4.75,5.3125,10.375,-0.3125
P1303_10011,D,D_imp_asc,0.5,2560,1659,True,False,56400,2,11.1875,9.625,1.5625,10.875,0.3125
P1303_10017,D,D_imp_asc,0.5,2560,1659,True,False,279,7,8.0625,7.875,0.1875,7.875,0.1875
P131_10018,D,D_imp_asc,0.5,2560,1659,True,False,279,3,14.0,4.375,9.625,13.875,0.125
P131_10045,D,D_imp_asc,0.5,2560,1659,True,False,279,10,11.0625,2.671875,8.390625,11.0625,0.0
P136_10043,D,D_imp_asc,0.5,2560,1659,True,False,264,243,6.28125,7.625,-1.34375,6.125,0.15625
P136_10065,D,D_imp_asc,0.5,2560,1659,True,False,279,2994,2.234375,5.65625,-3.421875,2.546875,-0.3125
P138_10042,D,D_imp_asc,0.5,2560,1659,True,False,279,5,11.1875,2.265625,8.921875,12.0,-0.8125
P138_1009,D,D_imp_asc,0.5,2560,1659,True,False,279,2,15.5625,8.8125,6.75,15.5625,0.0
P140_1,D,D_imp_asc,0.5,2560,1659,True,True,32186,1,14.5,8.25,6.25,14.375,0.125
P140_100,D,D_imp_asc,0.5,2560,1659,True,True,15256,1,15.625,8.375,7.25,15.75,-0.125
P1412_10009,D,D_imp_asc,0.5,2560,1659,True,False,315,97,9.0,7.53125,1.46875,8.9375,0.0625
P1412_10036,D,D_imp_asc,0.5,2560,1659,False,False,1633,39,11.1875,8.625,2.5625,11.1875,0.0
P159_1001,D,D_imp_asc,0.5,2560,1659,True,False,26531,2,15.5,7.46875,8.03125,15.375,0.125
P159_10015,D,D_imp_asc,0.5,2560,1659,True,False,35812,2,13.9375,12.125,1.8125,14.0,-0.0625
P17_10005,D,D_imp_asc,0.5,2560,1659,True,False,9605,44,9.5,8.375,1.125,9.5,0.0
P17_10034,D,D_imp_asc,0.5,2560,1659,True,False,279,30,10.25,9.5,0.75,10.1875,0.0625
P176_10014,D,D_imp_asc,0.5,2560,1659,True,True,29987,1,17.0,8.125,8.875,17.0,0.0
P176_10044,D,D_imp_asc,0.5,2560,1659,True,True,30300,1,15.25,6.875,8.375,15.375,-0.125
P178_10019,D,D_imp_asc,0.5,2560,1659,True,True,5195,1,15.0,9.5625,5.4375,15.0,0.0
P178_10020,D,D_imp_asc,0.5,2560,1659,True,False,279,2,9.125,5.46875,3.65625,9.1875,-0.0625
P19_1002,D,D_imp_asc,0.5,2560,1659,True,False,220,2,14.6875,10.5,4.1875,15.625,-0.9375
P19_10031,D,D_imp_asc,0.5,2560,1659,True,False,279,5,10.5625,6.0,4.5625,10.6875,-0.125
P190_10000,D,D_imp_asc,0.5,2560,1659,True,False,59900,430,6.46875,5.59375,0.875,6.125,0.34375
P190_10006,D,D_imp_asc,0.5,2560,1659,True,False,666,343,7.28125,9.875,-2.59375,7.25,0.03125
P20_10007,D,D_imp_asc,0.5,2560,1659,True,False,220,41,10.9375,7.1875,3.75,10.8125,0.125
P20_1008,D,D_imp_asc,0.5,2560,1659,True,False,1561,6,8.9375,9.625,-0.6875,8.9375,0.0
P264_1000,D,D_imp_asc,0.5,2560,1659,True,False,2663,2331,2.265625,1.171875,1.09375,2.40625,-0.140625
P264_10597,D,D_imp_asc,0.5,2560,1659,True,False,279,20,7.90625,3.53125,4.375,7.625,0.28125
P27_10002,D,D_imp_asc,0.5,2560,1659,True,True,10057,1,14.9375,8.4375,6.5,14.9375,0.0
P27_10008,D,D_imp_asc,0.5,2560,1659,True,True,15704,1,13.0625,10.375,2.6875,12.875,0.1875
P276_10021,D,D_imp_asc,0.5,2560,1659,True,False,279,719,5.03125,2.546875,2.484375,5.21875,-0.1875
P276_10062,D,D_imp_asc,0.5,2560,1659,True,False,13160,11,12.625,1.65625,10.96875,12.8125,-0.1875
P30_10003,D,D_imp_asc,0.5,2560,1659,True,False,279,19,10.625,5.8125,4.8125,10.5625,0.0625
P30_10028,D,D_imp_asc,0.5,2560,1659,True,True,72787,1,17.0,11.0625,5.9375,16.75,0.25
P36_10035,D,D_imp_asc,0.5,2560,1659,True,True,86545,1,16.25,4.8125,11.4375,16.375,-0.125
P36_10369,D,D_imp_asc,0.5,2560,1659,True,True,12366,1,13.0625,6.28125,6.78125,13.1875,-0.125
P364_10013,D,D_imp_asc,0.5,2560,1659,True,True,6498,1,12.25,11.5,0.75,12.1875,0.0625
P364_10039,D,D_imp_asc,0.5,2560,1659,True,False,264,34,10.0625,8.9375,1.125,9.875,0.1875
P37_10078,D,D_imp_asc,0.5,2560,1659,True,False,22164,2,16.25,5.1875,11.0625,16.0,0.25
P37_10134,D,D_imp_asc,0.5,2560,1659,True,False,1443,2,16.375,4.28125,12.09375,16.5,-0.125
P39_10010,D,D_imp_asc,0.5,2560,1659,True,False,1695,62,10.3125,6.9375,3.375,10.125,0.1875
P39_10025,D,D_imp_asc,0.5,2560,1659,True,False,721,53,9.3125,4.65625,4.65625,9.25,0.0625
P407_10033,D,D_imp_asc,0.5,2560,1659,True,False,539,10,11.8125,7.84375,3.96875,11.8125,0.0
P407_10082,D,D_imp_asc,0.5,2560,1659,True,False,264,21,10.6875,7.4375,3.25,11.1875,-0.5
P413_10029,D,D_imp_asc,0.5,2560,1659,True,False,315,7,11.625,5.78125,5.84375,11.6875,-0.0625
P413_1006,D,D_imp_asc,0.5,2560,1659,True,False,41047,182,7.84375,12.625,-4.78125,7.84375,0.0
P449_10023,D,D_imp_asc,0.5,2560,1659,True,False,220,76,8.5,6.96875,1.53125,8.3125,0.1875
P449_10104,D,D_imp_asc,0.5,2560,1659,True,False,23469,25,11.4375,11.375,0.0625,11.625,-0.1875
P463_10050,D,D_imp_asc,0.5,2560,1659,True,False,39144,4,12.6875,3.09375,9.59375,12.875,-0.1875
P463_10121,D,D_imp_asc,0.5,2560,1659,True,True,44742,1,15.6875,4.375,11.3125,15.6875,0.0
P495_10012,D,D_imp_asc,0.5,2560,1659,True,False,279,10,12.875,8.5625,4.3125,12.9375,-0.0625
P495_1003,D,D_imp_asc,0.5,2560,1659,True,False,20632,17,11.5,8.25,3.25,11.5,0.0
P641_10047,D,D_imp_asc,0.5,2560,1659,True,True,20075,1,15.0625,11.375,3.6875,15.375,-0.3125
P641_10270,D,D_imp_asc,0.5,2560,1659,True,False,315,11,11.75,10.125,1.625,11.875,-0.125
P740_10016,D,D_imp_asc,0.5,2560,1659,True,False,220,2,16.875,9.3125,7.5625,16.75,0.125
P740_10054,D,D_imp_asc,0.5,2560,1659,True,False,220,5,12.6875,8.8125,3.875,12.25,0.4375
P937_10004,D,D_imp_asc,0.5,2560,1659,True,False,279,5,12.3125,12.625,-0.3125,12.5625,-0.25
P937_10060,D,D_imp_asc,0.5,2560,1659,True,False,279,184,6.59375,9.4375,-2.84375,6.71875,-0.125
P101_10027,diag,diag_rank_asc,0.05,256,256,True,False,44279,6,12.25,6.8125,5.4375,12.0625,0.1875
P101_10066,diag,diag_rank_asc,0.05,256,256,True,False,279,10,11.0625,7.65625,3.40625,11.1875,-0.125
P103_0,diag,diag_rank_asc,0.05,256,256,True,True,8753,1,16.375,9.75,6.625,16.375,0.0
P103_10038,diag,diag_rank_asc,0.05,256,256,True,True,8753,1,15.5,9.9375,5.5625,15.5,0.0
P106_10026,diag,diag_rank_asc,0.05,256,256,True,False,10212,50,8.4375,5.375,3.0625,8.625,-0.1875
P106_10076,diag,diag_rank_asc,0.05,256,256,True,False,24577,2,13.1875,7.09375,6.09375,13.1875,0.0
P108_10032,diag,diag_rank_asc,0.05,256,256,True,True,5195,1,17.0,5.53125,11.46875,17.0,0.0
P108_10064,diag,diag_rank_asc,0.05,256,256,True,False,279,4,10.5,5.59375,4.90625,10.5625,-0.0625
P127_10,diag,diag_rank_asc,0.05,256,256,True,False,279,3,6.96875,1.6484375,5.3203125,6.96875,0.0
P127_10040,diag,diag_rank_asc,0.05,256,256,True,False,11,2,10.1875,4.84375,5.34375,10.375,-0.1875
P1303_10011,diag,diag_rank_asc,0.05,256,256,True,False,56400,2,10.9375,9.4375,1.5,10.875,0.0625
P1303_10017,diag,diag_rank_asc,0.05,256,256,True,False,279,7,7.90625,7.8125,0.09375,7.875,0.03125
P131_10018,diag,diag_rank_asc,0.05,256,256,True,False,279,3,13.9375,4.875,9.0625,13.875,0.0625
P131_10045,diag,diag_rank_asc,0.05,256,256,True,False,279,10,11.125,3.0625,8.0625,11.0625,0.0625
P136_10043,diag,diag_rank_asc,0.05,256,256,True,False,264,267,6.125,7.46875,-1.34375,6.125,0.0
P136_10065,diag,diag_rank_asc,0.05,256,256,True,False,279,2283,2.65625,5.78125,-3.125,2.546875,0.109375
P138_10042,diag,diag_rank_asc,0.05,256,256,True,False,279,6,11.8125,2.9375,8.875,12.0,-0.1875
P138_1009,diag,diag_rank_asc,0.05,256,256,True,False,279,2,15.5,8.75,6.75,15.5625,-0.0625
P140_1,diag,diag_rank_asc,0.05,256,256,True,True,32186,1,14.375,8.25,6.125,14.375,0.0
P140_100,diag,diag_rank_asc,0.05,256,256,True,True,15256,1,15.75,8.1875,7.5625,15.75,0.0
P1412_10009,diag,diag_rank_asc,0.05,256,256,True,False,315,105,9.0,7.6875,1.3125,8.9375,0.0625
P1412_10036,diag,diag_rank_asc,0.05,256,256,True,False,539,39,11.1875,8.6875,2.5,11.1875,0.0
P159_1001,diag,diag_rank_asc,0.05,256,256,True,False,26531,2,15.3125,7.21875,8.09375,15.375,-0.0625
P159_10015,diag,diag_rank_asc,0.05,256,256,True,False,35812,2,13.9375,12.125,1.8125,14.0,-0.0625
P17_10005,diag,diag_rank_asc,0.05,256,256,True,False,9605,40,9.5,8.125,1.375,9.5,0.0
P17_10034,diag,diag_rank_asc,0.05,256,256,True,False,279,35,10.1875,9.5,0.6875,10.1875,0.0
P176_10014,diag,diag_rank_asc,0.05,256,256,True,True,29987,1,17.0,8.125,8.875,17.0,0.0
P176_10044,diag,diag_rank_asc,0.05,256,256,True,True,30300,1,15.4375,6.96875,8.46875,15.375,0.0625
P178_10019,diag,diag_rank_asc,0.05,256,256,True,True,5195,1,14.9375,9.5,5.4375,15.0,-0.0625
P178_10020,diag,diag_rank_asc,0.05,256,256,True,False,279,2,9.125,5.5625,3.5625,9.1875,-0.0625
P19_1002,diag,diag_rank_asc,0.05,256,256,True,False,220,2,15.5,10.3125,5.1875,15.625,-0.125
P19_10031,diag,diag_rank_asc,0.05,256,256,True,False,279,4,10.75,6.1875,4.5625,10.6875,0.0625
P190_10000,diag,diag_rank_asc,0.05,256,256,True,False,59900,579,6.375,5.59375,0.78125,6.125,0.25
P190_10006,diag,diag_rank_asc,0.05,256,256,True,False,666,365,7.21875,9.75,-2.53125,7.25,-0.03125
P20_10007,diag,diag_rank_asc,0.05,256,256,True,False,220,44,10.8125,7.0625,3.75,10.8125,0.0
P20_1008,diag,diag_rank_asc,0.05,256,256,True,False,1561,5,8.9375,9.3125,-0.375,8.9375,0.0
P264_1000,diag,diag_rank_asc,0.05,256,256,True,False,2663,2070,2.3125,1.03125,1.28125,2.40625,-0.09375
P264_10597,diag,diag_rank_asc,0.05,256,256,True,False,279,24,7.75,3.53125,4.21875,7.625,0.125
P27_10002,diag,diag_rank_asc,0.05,256,256,True,True,10057,1,15.0,8.4375,6.5625,14.9375,0.0625
P27_10008,diag,diag_rank_asc,0.05,256,256,True,True,15704,1,12.875,9.9375,2.9375,12.875,0.0
P276_10021,diag,diag_rank_asc,0.05,256,256,True,False,279,586,5.21875,2.46875,2.75,5.21875,0.0
P276_10062,diag,diag_rank_asc,0.05,256,256,True,False,13160,7,12.875,1.5078125,11.3671875,12.8125,0.0625
P30_10003,diag,diag_rank_asc,0.05,256,256,True,False,279,19,10.625,5.96875,4.65625,10.5625,0.0625
P30_10028,diag,diag_rank_asc,0.05,256,256,True,True,72787,1,16.75,10.8125,5.9375,16.75,0.0
P36_10035,diag,diag_rank_asc,0.05,256,256,True,True,86545,1,16.375,5.0,11.375,16.375,0.0
P36_10369,diag,diag_rank_asc,0.05,256,256,True,True,12366,1,13.25,6.34375,6.90625,13.1875,0.0625
P364_10013,diag,diag_rank_asc,0.05,256,256,True,True,6498,1,12.25,11.4375,0.8125,12.1875,0.0625
P364_10039,diag,diag_rank_asc,0.05,256,256,True,False,264,43,9.9375,8.5,1.4375,9.875,0.0625
P37_10078,diag,diag_rank_asc,0.05,256,256,True,False,22164,2,16.125,5.3125,10.8125,16.0,0.125
P37_10134,diag,diag_rank_asc,0.05,256,256,True,False,1443,2,16.5,4.375,12.125,16.5,0.0
P39_10010,diag,diag_rank_asc,0.05,256,256,True,False,1695,65,10.0625,6.5,3.5625,10.125,-0.0625
P39_10025,diag,diag_rank_asc,0.05,256,256,True,False,721,51,9.3125,4.6875,4.625,9.25,0.0625
P407_10033,diag,diag_rank_asc,0.05,256,256,True,False,539,11,11.8125,7.875,3.9375,11.8125,0.0
P407_10082,diag,diag_rank_asc,0.05,256,256,True,False,264,9,11.3125,7.78125,3.53125,11.1875,0.125
P413_10029,diag,diag_rank_asc,0.05,256,256,True,False,315,7,11.6875,6.1875,5.5,11.6875,0.0
P413_1006,diag,diag_rank_asc,0.05,256,256,True,False,41047,197,7.875,12.75,-4.875,7.84375,0.03125
P449_10023,diag,diag_rank_asc,0.05,256,256,True,False,220,91,8.375,6.875,1.5,8.3125,0.0625
P449_10104,diag,diag_rank_asc,0.05,256,256,True,False,23469,18,11.5625,11.4375,0.125,11.625,-0.0625
P463_10050,diag,diag_rank_asc,0.05,256,256,True,False,39144,4,12.875,2.828125,10.046875,12.875,0.0
P463_10121,diag,diag_rank_asc,0.05,256,256,True,True,44742,1,15.6875,5.09375,10.59375,15.6875,0.0
P495_10012,diag,diag_rank_asc,0.05,256,256,True,False,279,10,12.875,8.4375,4.4375,12.9375,-0.0625
P495_1003,diag,diag_rank_asc,0.05,256,256,True,False,20632,17,11.5,8.125,3.375,11.5,0.0
P641_10047,diag,diag_rank_asc,0.05,256,256,True,True,20075,1,15.3125,11.25,4.0625,15.375,-0.0625
P641_10270,diag,diag_rank_asc,0.05,256,256,True,False,315,8,12.0,10.6875,1.3125,11.875,0.125
P740_10016,diag,diag_rank_asc,0.05,256,256,True,False,220,2,16.75,9.1875,7.5625,16.75,0.0
P740_10054,diag,diag_rank_asc,0.05,256,256,True,False,220,7,12.1875,8.8125,3.375,12.25,-0.0625
P937_10004,diag,diag_rank_asc,0.05,256,256,True,False,279,5,12.5,12.6875,-0.1875,12.5625,-0.0625
P937_10060,diag,diag_rank_asc,0.05,256,256,True,False,279,160,6.6875,9.5,-2.8125,6.71875,-0.03125
P101_10027,diag,diag_rank_asc,0.1,512,512,True,False,44279,6,12.1875,6.84375,5.34375,12.0625,0.125
P101_10066,diag,diag_rank_asc,0.1,512,512,True,False,279,9,11.0625,7.625,3.4375,11.1875,-0.125
P103_0,diag,diag_rank_asc,0.1,512,512,True,True,8753,1,16.375,9.8125,6.5625,16.375,0.0
P103_10038,diag,diag_rank_asc,0.1,512,512,True,True,8753,1,15.4375,10.0,5.4375,15.5,-0.0625
P106_10026,diag,diag_rank_asc,0.1,512,512,True,False,10212,40,8.625,5.40625,3.21875,8.625,0.0
P106_10076,diag,diag_rank_asc,0.1,512,512,True,False,24577,2,13.1875,7.125,6.0625,13.1875,0.0
P108_10032,diag,diag_rank_asc,0.1,512,512,True,True,5195,1,17.0,5.59375,11.40625,17.0,0.0
P108_10064,diag,diag_rank_asc,0.1,512,512,True,False,279,4,10.625,5.59375,5.03125,10.5625,0.0625
P127_10,diag,diag_rank_asc,0.1,512,512,True,False,279,3,6.96875,1.609375,5.359375,6.96875,0.0
P127_10040,diag,diag_rank_asc,0.1,512,512,True,False,11,2,10.375,4.875,5.5,10.375,0.0
P1303_10011,diag,diag_rank_asc,0.1,512,512,True,False,56400,2,11.0,9.4375,1.5625,10.875,0.125
P1303_10017,diag,diag_rank_asc,0.1,512,512,True,False,279,7,7.96875,7.875,0.09375,7.875,0.09375
P131_10018,diag,diag_rank_asc,0.1,512,512,True,False,279,3,13.9375,4.78125,9.15625,13.875,0.0625
P131_10045,diag,diag_rank_asc,0.1,512,512,True,False,279,10,11.25,3.0625,8.1875,11.0625,0.1875
P136_10043,diag,diag_rank_asc,0.1,512,512,False,False,520,252,6.25,7.53125,-1.28125,6.125,0.125
P136_10065,diag,diag_rank_asc,0.1,512,512,True,False,279,2542,2.4375,5.71875,-3.28125,2.546875,-0.109375
P138_10042,diag,diag_rank_asc,0.1,512,512,True,False,279,6,11.5625,2.65625,8.90625,12.0,-0.4375
P138_1009,diag,diag_rank_asc,0.1,512,512,True,False,279,2,15.5,8.75,6.75,15.5625,-0.0625
P140_1,diag,diag_rank_asc,0.1,512,512,True,True,32186,1,14.4375,8.125,6.3125,14.375,0.0625
P140_100,diag,diag_rank_asc,0.1,512,512,True,True,15256,1,15.6875,8.0625,7.625,15.75,-0.0625
P1412_10009,diag,diag_rank_asc,0.1,512,512,True,False,315,104,9.0,7.6875,1.3125,8.9375,0.0625
P1412_10036,diag,diag_rank_asc,0.1,512,512,False,False,1633,39,11.1875,8.6875,2.5,11.1875,0.0
P159_1001,diag,diag_rank_asc,0.1,512,512,True,False,26531,2,15.3125,7.25,8.0625,15.375,-0.0625
P159_10015,diag,diag_rank_asc,0.1,512,512,True,False,35812,2,13.9375,12.0625,1.875,14.0,-0.0625
P17_10005,diag,diag_rank_asc,0.1,512,512,True,False,9605,40,9.625,8.125,1.5,9.5,0.125
P17_10034,diag,diag_rank_asc,0.1,512,512,True,False,279,34,10.1875,9.5625,0.625,10.1875,0.0
P176_10014,diag,diag_rank_asc,0.1,512,512,True,True,29987,1,17.0,8.125,8.875,17.0,0.0
P176_10044,diag,diag_rank_asc,0.1,512,512,True,True,30300,1,15.4375,7.03125,8.40625,15.375,0.0625
P178_10019,diag,diag_rank_asc,0.1,512,512,True,True,5195,1,15.0,9.5,5.5,15.0,0.0
P178_10020,diag,diag_rank_asc,0.1,512,512,True,False,279,2,8.9375,5.40625,3.53125,9.1875,-0.25
P19_1002,diag,diag_rank_asc,0.1,512,512,True,False,220,2,15.1875,10.3125,4.875,15.625,-0.4375
P19_10031,diag,diag_rank_asc,0.1,512,512,True,False,279,4,10.8125,6.25,4.5625,10.6875,0.125
P190_10000,diag,diag_rank_asc,0.1,512,512,True,False,59900,333,6.875,5.65625,1.21875,6.125,0.75
P190_10006,diag,diag_rank_asc,0.1,512,512,True,False,666,342,7.28125,9.6875,-2.40625,7.25,0.03125
P20_10007,diag,diag_rank_asc,0.1,512,512,True,False,220,44,10.875,7.09375,3.78125,10.8125,0.0625
P20_1008,diag,diag_rank_asc,0.1,512,512,True,False,1561,5,8.9375,9.4375,-0.5,8.9375,0.0
P264_1000,diag,diag_rank_asc,0.1,512,512,True,False,2663,2097,2.359375,1.0390625,1.3203125,2.40625,-0.046875
P264_10597,diag,diag_rank_asc,0.1,512,512,True,False,279,28,7.75,3.578125,4.171875,7.625,0.125
P27_10002,diag,diag_rank_asc,0.1,512,512,True,True,10057,1,14.875,8.375,6.5,14.9375,-0.0625
P27_10008,diag,diag_rank_asc,0.1,512,512,True,True,15704,1,12.9375,9.9375,3.0,12.875,0.0625
P276_10021,diag,diag_rank_asc,0.1,512,512,True,False,279,599,5.1875,2.4375,2.75,5.21875,-0.03125
P276_10062,diag,diag_rank_asc,0.1,512,512,True,False,13160,10,12.75,1.5546875,11.1953125,12.8125,-0.0625
P30_10003,diag,diag_rank_asc,0.1,512,512,True,False,279,17,10.75,5.90625,4.84375,10.5625,0.1875
P30_10028,diag,diag_rank_asc,0.1,512,512,True,True,72787,1,16.875,10.9375,5.9375,16.75,0.125
P36_10035,diag,diag_rank_asc,0.1,512,512,True,True,86545,1,16.25,4.90625,11.34375,16.375,-0.125
P36_10369,diag,diag_rank_asc,0.1,512,512,True,True,12366,1,13.125,6.375,6.75,13.1875,-0.0625
P364_10013,diag,diag_rank_asc,0.1,512,512,True,True,6498,1,12.125,11.4375,0.6875,12.1875,-0.0625
P364_10039,diag,diag_rank_asc,0.1,512,512,True,False,264,47,9.875,8.5,1.375,9.875,0.0
P37_10078,diag,diag_rank_asc,0.1,512,512,True,False,22164,2,16.0,5.3125,10.6875,16.0,0.0
P37_10134,diag,diag_rank_asc,0.1,512,512,True,False,1443,2,16.5,4.25,12.25,16.5,0.0
P39_10010,diag,diag_rank_asc,0.1,512,512,True,False,1695,66,10.125,6.59375,3.53125,10.125,0.0
P39_10025,diag,diag_rank_asc,0.1,512,512,True,False,721,56,9.25,4.6875,4.5625,9.25,0.0
P407_10033,diag,diag_rank_asc,0.1,512,512,True,False,539,10,11.8125,7.90625,3.90625,11.8125,0.0
P407_10082,diag,diag_rank_asc,0.1,512,512,True,False,264,11,11.125,7.65625,3.46875,11.1875,-0.0625
P413_10029,diag,diag_rank_asc,0.1,512,512,True,False,315,6,11.75,6.25,5.5,11.6875,0.0625
P413_1006,diag,diag_rank_asc,0.1,512,512,True,False,41047,187,7.84375,12.75,-4.90625,7.84375,0.0
P449_10023,diag,diag_rank_asc,0.1,512,512,True,False,220,89,8.4375,6.84375,1.59375,8.3125,0.125
P449_10104,diag,diag_rank_asc,0.1,512,512,True,False,23469,17,11.5625,11.4375,0.125,11.625,-0.0625
P463_10050,diag,diag_rank_asc,0.1,512,512,True,False,39144,4,12.875,2.875,10.0,12.875,0.0
P463_10121,diag,diag_rank_asc,0.1,512,512,True,True,44742,1,15.625,4.96875,10.65625,15.6875,-0.0625
P495_10012,diag,diag_rank_asc,0.1,512,512,True,False,279,10,12.875,8.5,4.375,12.9375,-0.0625
P495_1003,diag,diag_rank_asc,0.1,512,512,True,False,20632,16,11.5,8.1875,3.3125,11.5,0.0
P641_10047,diag,diag_rank_asc,0.1,512,512,True,True,20075,1,15.3125,11.25,4.0625,15.375,-0.0625
P641_10270,diag,diag_rank_asc,0.1,512,512,True,False,315,11,11.875,10.625,1.25,11.875,0.0
P740_10016,diag,diag_rank_asc,0.1,512,512,True,False,220,2,16.625,9.1875,7.4375,16.75,-0.125
P740_10054,diag,diag_rank_asc,0.1,512,512,True,False,220,7,12.3125,8.8125,3.5,12.25,0.0625
P937_10004,diag,diag_rank_asc,0.1,512,512,True,False,279,5,12.5625,12.6875,-0.125,12.5625,0.0
P937_10060,diag,diag_rank_asc,0.1,512,512,True,False,279,159,6.65625,9.4375,-2.78125,6.71875,-0.0625
P101_10027,diag,diag_rank_asc,0.2,1024,1024,False,False,47976,6,11.9375,6.8125,5.125,12.0625,-0.125
P101_10066,diag,diag_rank_asc,0.2,1024,1024,True,False,279,9,11.1875,7.625,3.5625,11.1875,0.0
P103_0,diag,diag_rank_asc,0.2,1024,1024,True,True,8753,1,16.5,9.9375,6.5625,16.375,0.125
P103_10038,diag,diag_rank_asc,0.2,1024,1024,True,True,8753,1,15.5625,10.0625,5.5,15.5,0.0625
P106_10026,diag,diag_rank_asc,0.2,1024,1024,True,False,10212,28,9.0,5.28125,3.71875,8.625,0.375
P106_10076,diag,diag_rank_asc,0.2,1024,1024,True,False,24577,2,13.1875,7.0625,6.125,13.1875,0.0
P108_10032,diag,diag_rank_asc,0.2,1024,1024,True,True,5195,1,17.0,5.59375,11.40625,17.0,0.0
P108_10064,diag,diag_rank_asc,0.2,1024,1024,True,False,279,3,10.9375,5.75,5.1875,10.5625,0.375
P127_10,diag,diag_rank_asc,0.2,1024,1024,True,False,279,3,7.125,1.6015625,5.5234375,6.96875,0.15625
P127_10040,diag,diag_rank_asc,0.2,1024,1024,True,False,11,2,10.0625,4.75,5.3125,10.375,-0.3125
P1303_10011,diag,diag_rank_asc,0.2,1024,1024,True,False,56400,2,11.0625,9.5625,1.5,10.875,0.1875
P1303_10017,diag,diag_rank_asc,0.2,1024,1024,True,False,279,9,7.71875,7.6875,0.03125,7.875,-0.15625
P131_10018,diag,diag_rank_asc,0.2,1024,1024,True,False,279,3,13.9375,4.8125,9.125,13.875,0.0625
P131_10045,diag,diag_rank_asc,0.2,1024,1024,True,False,279,10,11.1875,2.96875,8.21875,11.0625,0.125
P136_10043,diag,diag_rank_asc,0.2,1024,1024,True,False,264,257,6.25,7.625,-1.375,6.125,0.125
P136_10065,diag,diag_rank_asc,0.2,1024,1024,True,False,279,2592,2.4375,5.78125,-3.34375,2.546875,-0.109375
P138_10042,diag,diag_rank_asc,0.2,1024,1024,True,False,279,6,10.9375,2.359375,8.578125,12.0,-1.0625
P138_1009,diag,diag_rank_asc,0.2,1024,1024,True,False,279,2,15.75,9.0625,6.6875,15.5625,0.1875
P140_1,diag,diag_rank_asc,0.2,1024,1024,True,True,32186,1,14.5,8.1875,6.3125,14.375,0.125
P140_100,diag,diag_rank_asc,0.2,1024,1024,True,True,15256,1,15.6875,8.125,7.5625,15.75,-0.0625
P1412_10009,diag,diag_rank_asc,0.2,1024,1024,True,False,315,94,9.125,7.75,1.375,8.9375,0.1875
P1412_10036,diag,diag_rank_asc,0.2,1024,1024,False,False,1633,39,11.1875,8.625,2.5625,11.1875,0.0
P159_1001,diag,diag_rank_asc,0.2,1024,1024,True,False,26531,2,15.4375,7.3125,8.125,15.375,0.0625
P159_10015,diag,diag_rank_asc,0.2,1024,1024,True,False,35812,2,14.0,12.0625,1.9375,14.0,0.0
P17_10005,diag,diag_rank_asc,0.2,1024,1024,True,False,9605,37,9.6875,8.1875,1.5,9.5,0.1875
P17_10034,diag,diag_rank_asc,0.2,1024,1024,True,False,279,39,9.9375,9.4375,0.5,10.1875,-0.25
P176_10014,diag,diag_rank_asc,0.2,1024,1024,True,True,29987,1,17.0,8.1875,8.8125,17.0,0.0
P176_10044,diag,diag_rank_asc,0.2,1024,1024,True,True,30300,1,15.375,6.9375,8.4375,15.375,0.0
P178_10019,diag,diag_rank_asc,0.2,1024,1024,True,True,5195,1,15.0625,9.5625,5.5,15.0,0.0625
P178_10020,diag,diag_rank_asc,0.2,1024,1024,True,False,279,2,8.875,5.3125,3.5625,9.1875,-0.3125
P19_1002,diag,diag_rank_asc,0.2,1024,1024,True,False,220,2,14.9375,10.375,4.5625,15.625,-0.6875
P19_10031,diag,diag_rank_asc,0.2,1024,1024,True,False,279,5,10.5,6.0,4.5,10.6875,-0.1875
P190_10000,diag,diag_rank_asc,0.2,1024,1024,True,False,59900,296,6.90625,5.71875,1.1875,6.125,0.78125
P190_10006,diag,diag_rank_asc,0.2,1024,1024,True,False,666,356,7.21875,9.6875,-2.46875,7.25,-0.03125
P20_10007,diag,diag_rank_asc,0.2,1024,1024,True,False,220,41,11.0,7.125,3.875,10.8125,0.1875
P20_1008,diag,diag_rank_asc,0.2,1024,1024,True,False,1561,5,9.0,9.5,-0.5,8.9375,0.0625
P264_1000,diag,diag_rank_asc,0.2,1024,1024,True,False,2663,2341,2.28125,1.171875,1.109375,2.40625,-0.125
P264_10597,diag,diag_rank_asc,0.2,1024,1024,True,False,279,33,7.65625,3.515625,4.140625,7.625,0.03125
P27_10002,diag,diag_rank_asc,0.2,1024,1024,True,True,10057,1,14.9375,8.5,6.4375,14.9375,0.0
P27_10008,diag,diag_rank_asc,0.2,1024,1024,True,True,15704,1,13.0,10.3125,2.6875,12.875,0.125
P276_10021,diag,diag_rank_asc,0.2,1024,1024,True,False,279,641,5.125,2.5,2.625,5.21875,-0.09375
P276_10062,diag,diag_rank_asc,0.2,1024,1024,True,False,13160,11,12.4375,1.6875,10.75,12.8125,-0.375
P30_10003,diag,diag_rank_asc,0.2,1024,1024,True,False,279,15,10.8125,5.84375,4.96875,10.5625,0.25
P30_10028,diag,diag_rank_asc,0.2,1024,1024,True,True,72787,1,16.875,11.0,5.875,16.75,0.125
P36_10035,diag,diag_rank_asc,0.2,1024,1024,True,True,86545,1,16.25,4.96875,11.28125,16.375,-0.125
P36_10369,diag,diag_rank_asc,0.2,1024,1024,True,True,12366,1,13.1875,6.40625,6.78125,13.1875,0.0
P364_10013,diag,diag_rank_asc,0.2,1024,1024,True,True,6498,1,12.125,11.375,0.75,12.1875,-0.0625
P364_10039,diag,diag_rank_asc,0.2,1024,1024,True,False,264,53,9.6875,8.3125,1.375,9.875,-0.1875
P37_10078,diag,diag_rank_asc,0.2,1024,1024,True,False,22164,2,16.125,5.375,10.75,16.0,0.125
P37_10134,diag,diag_rank_asc,0.2,1024,1024,True,False,1443,2,16.625,4.15625,12.46875,16.5,0.125
P39_10010,diag,diag_rank_asc,0.2,1024,1024,True,False,1695,52,10.375,6.78125,3.59375,10.125,0.25
P39_10025,diag,diag_rank_asc,0.2,1024,1024,True,False,721,47,9.375,4.75,4.625,9.25,0.125
P407_10033,diag,diag_rank_asc,0.2,1024,1024,True,False,539,9,11.9375,7.9375,4.0,11.8125,0.125
P407_10082,diag,diag_rank_asc,0.2,1024,1024,True,False,264,11,11.125,7.625,3.5,11.1875,-0.0625
P413_10029,diag,diag_rank_asc,0.2,1024,1024,True,False,315,7,11.75,6.0,5.75,11.6875,0.0625
P413_1006,diag,diag_rank_asc,0.2,1024,1024,True,False,41047,190,7.75,12.5,-4.75,7.84375,-0.09375
P449_10023,diag,diag_rank_asc,0.2,1024,1024,True,False,220,82,8.4375,6.90625,1.53125,8.3125,0.125
P449_10104,diag,diag_rank_asc,0.2,1024,1024,True,False,23469,25,11.3125,11.25,0.0625,11.625,-0.3125
P463_10050,diag,diag_rank_asc,0.2,1024,1024,True,False,39144,4,12.6875,2.875,9.8125,12.875,-0.1875
P463_10121,diag,diag_rank_asc,0.2,1024,1024,True,True,44742,1,15.625,4.875,10.75,15.6875,-0.0625
P495_10012,diag,diag_rank_asc,0.2,1024,1024,True,False,279,8,13.0625,8.4375,4.625,12.9375,0.125
P495_1003,diag,diag_rank_asc,0.2,1024,1024,True,False,20632,17,11.5,8.25,3.25,11.5,0.0
P641_10047,diag,diag_rank_asc,0.2,1024,1024,True,True,20075,1,14.9375,11.3125,3.625,15.375,-0.4375
P641_10270,diag,diag_rank_asc,0.2,1024,1024,True,False,315,8,12.125,10.75,1.375,11.875,0.25
P740_10016,diag,diag_rank_asc,0.2,1024,1024,True,False,220,2,16.625,9.3125,7.3125,16.75,-0.125
P740_10054,diag,diag_rank_asc,0.2,1024,1024,True,False,220,4,12.5625,8.6875,3.875,12.25,0.3125
P937_10004,diag,diag_rank_asc,0.2,1024,1024,True,False,279,5,12.375,12.5625,-0.1875,12.5625,-0.1875
P937_10060,diag,diag_rank_asc,0.2,1024,1024,True,False,279,172,6.625,9.5,-2.875,6.71875,-0.09375
P101_10027,diag,diag_rank_asc,0.3,1536,1536,False,False,47976,5,11.875,6.9375,4.9375,12.0625,-0.1875
P101_10066,diag,diag_rank_asc,0.3,1536,1536,True,False,279,9,11.375,7.875,3.5,11.1875,0.1875
P103_0,diag,diag_rank_asc,0.3,1536,1536,True,True,8753,1,16.375,9.9375,6.4375,16.375,0.0
P103_10038,diag,diag_rank_asc,0.3,1536,1536,True,True,8753,1,15.5,10.1875,5.3125,15.5,0.0
P106_10026,diag,diag_rank_asc,0.3,1536,1536,True,False,10212,27,9.125,5.25,3.875,8.625,0.5
P106_10076,diag,diag_rank_asc,0.3,1536,1536,True,False,24577,2,13.1875,7.09375,6.09375,13.1875,0.0
P108_10032,diag,diag_rank_asc,0.3,1536,1536,True,True,5195,1,17.25,5.84375,11.40625,17.0,0.25
P108_10064,diag,diag_rank_asc,0.3,1536,1536,True,False,279,2,11.1875,5.59375,5.59375,10.5625,0.625
P127_10,diag,diag_rank_asc,0.3,1536,1536,False,False,13168,3,7.15625,1.734375,5.421875,6.96875,0.1875
P127_10040,diag,diag_rank_asc,0.3,1536,1536,True,False,11,3,9.4375,4.5,4.9375,10.375,-0.9375
P1303_10011,diag,diag_rank_asc,0.3,1536,1536,True,False,56400,3,10.9375,9.4375,1.5,10.875,0.0625
P1303_10017,diag,diag_rank_asc,0.3,1536,1536,True,False,279,7,8.125,7.90625,0.21875,7.875,0.25
P131_10018,diag,diag_rank_asc,0.3,1536,1536,True,False,279,3,13.875,4.4375,9.4375,13.875,0.0
P131_10045,diag,diag_rank_asc,0.3,1536,1536,True,False,279,9,11.1875,2.640625,8.546875,11.0625,0.125
P136_10043,diag,diag_rank_asc,0.3,1536,1536,True,False,264,245,6.28125,7.625,-1.34375,6.125,0.15625
P136_10065,diag,diag_rank_asc,0.3,1536,1536,True,False,279,2903,2.3125,5.65625,-3.34375,2.546875,-0.234375
P138_10042,diag,diag_rank_asc,0.3,1536,1536,True,False,279,5,10.5625,2.265625,8.296875,12.0,-1.4375
P138_1009,diag,diag_rank_asc,0.3,1536,1536,True,False,279,2,15.4375,8.6875,6.75,15.5625,-0.125
P140_1,diag,diag_rank_asc,0.3,1536,1536,True,True,32186,1,14.6875,8.125,6.5625,14.375,0.3125
P140_100,diag,diag_rank_asc,0.3,1536,1536,True,True,15256,1,15.8125,8.25,7.5625,15.75,0.0625
P1412_10009,diag,diag_rank_asc,0.3,1536,1536,True,False,315,95,9.125,7.8125,1.3125,8.9375,0.1875
P1412_10036,diag,diag_rank_asc,0.3,1536,1536,False,False,1633,41,11.1875,8.75,2.4375,11.1875,0.0
P159_1001,diag,diag_rank_asc,0.3,1536,1536,True,False,26531,2,16.125,7.1875,8.9375,15.375,0.75
P159_10015,diag,diag_rank_asc,0.3,1536,1536,True,False,35812,2,13.875,12.0,1.875,14.0,-0.125
P17_10005,diag,diag_rank_asc,0.3,1536,1536,False,False,279,35,9.8125,8.5625,1.25,9.5,0.3125
P17_10034,diag,diag_rank_asc,0.3,1536,1536,True,False,279,64,9.5,9.375,0.125,10.1875,-0.6875
P176_10014,diag,diag_rank_asc,0.3,1536,1536,True,True,29987,1,16.875,8.4375,8.4375,17.0,-0.125
P176_10044,diag,diag_rank_asc,0.3,1536,1536,True,True,30300,1,15.375,6.96875,8.40625,15.375,0.0
P178_10019,diag,diag_rank_asc,0.3,1536,1536,True,True,5195,1,15.1875,9.5,5.6875,15.0,0.1875
P178_10020,diag,diag_rank_asc,0.3,1536,1536,True,False,279,2,8.8125,5.3125,3.5,9.1875,-0.375
P19_1002,diag,diag_rank_asc,0.3,1536,1536,True,False,220,2,15.0625,10.5625,4.5,15.625,-0.5625
P19_10031,diag,diag_rank_asc,0.3,1536,1536,True,False,279,6,10.375,5.84375,4.53125,10.6875,-0.3125
P190_10000,diag,diag_rank_asc,0.3,1536,1536,True,False,59900,333,6.90625,5.84375,1.0625,6.125,0.78125
P190_10006,diag,diag_rank_asc,0.3,1536,1536,True,False,666,316,7.375,9.8125,-2.4375,7.25,0.125
P20_10007,diag,diag_rank_asc,0.3,1536,1536,True,False,220,32,11.25,7.28125,3.96875,10.8125,0.4375
P20_1008,diag,diag_rank_asc,0.3,1536,1536,True,False,1561,6,8.9375,9.5,-0.5625,8.9375,0.0
P264_1000,diag,diag_rank_asc,0.3,1536,1536,True,False,2663,2117,2.375,1.3828125,0.9921875,2.40625,-0.03125
P264_10597,diag,diag_rank_asc,0.3,1536,1536,True,False,279,33,7.78125,3.734375,4.046875,7.625,0.15625
P27_10002,diag,diag_rank_asc,0.3,1536,1536,True,True,10057,1,14.75,8.25,6.5,14.9375,-0.1875
P27_10008,diag,diag_rank_asc,0.3,1536,1536,True,True,15704,1,13.1875,10.5,2.6875,12.875,0.3125
P276_10021,diag,diag_rank_asc,0.3,1536,1536,True,False,279,718,4.9375,2.5,2.4375,5.21875,-0.28125
P276_10062,diag,diag_rank_asc,0.3,1536,1536,True,False,13160,12,12.4375,1.71875,10.71875,12.8125,-0.375
P30_10003,diag,diag_rank_asc,0.3,1536,1536,True,False,279,9,11.4375,5.8125,5.625,10.5625,0.875
P30_10028,diag,diag_rank_asc,0.3,1536,1536,True,True,72787,1,16.875,11.0625,5.8125,16.75,0.125
P36_10035,diag,diag_rank_asc,0.3,1536,1536,True,True,86545,1,16.25,5.125,11.125,16.375,-0.125
P36_10369,diag,diag_rank_asc,0.3,1536,1536,True,True,12366,1,13.375,6.46875,6.90625,13.1875,0.1875
P364_10013,diag,diag_rank_asc,0.3,1536,1536,True,True,6498,1,12.375,11.5625,0.8125,12.1875,0.1875
P364_10039,diag,diag_rank_asc,0.3,1536,1536,True,False,264,60,9.4375,8.0625,1.375,9.875,-0.4375
P37_10078,diag,diag_rank_asc,0.3,1536,1536,True,False,22164,2,16.125,5.34375,10.78125,16.0,0.125
P37_10134,diag,diag_rank_asc,0.3,1536,1536,True,False,1443,2,16.75,4.46875,12.28125,16.5,0.25
P39_10010,diag,diag_rank_asc,0.3,1536,1536,True,False,1695,50,10.375,6.71875,3.65625,10.125,0.25
P39_10025,diag,diag_rank_asc,0.3,1536,1536,True,False,721,56,9.25,4.6875,4.5625,9.25,0.0
P407_10033,diag,diag_rank_asc,0.3,1536,1536,True,False,539,8,11.8125,7.90625,3.90625,11.8125,0.0
P407_10082,diag,diag_rank_asc,0.3,1536,1536,True,False,264,9,11.3125,7.75,3.5625,11.1875,0.125
P413_10029,diag,diag_rank_asc,0.3,1536,1536,True,False,315,9,11.5625,5.5625,6.0,11.6875,-0.125
P413_1006,diag,diag_rank_asc,0.3,1536,1536,True,False,41047,230,7.375,12.1875,-4.8125,7.84375,-0.46875
P449_10023,diag,diag_rank_asc,0.3,1536,1536,True,False,220,76,8.5625,7.15625,1.40625,8.3125,0.25
P449_10104,diag,diag_rank_asc,0.3,1536,1536,True,False,23469,31,11.0625,11.0625,0.0,11.625,-0.5625
P463_10050,diag,diag_rank_asc,0.3,1536,1536,True,False,39144,3,12.875,3.0625,9.8125,12.875,0.0
P463_10121,diag,diag_rank_asc,0.3,1536,1536,True,True,44742,1,15.5625,4.8125,10.75,15.6875,-0.125
P495_10012,diag,diag_rank_asc,0.3,1536,1536,True,False,279,9,13.125,8.3125,4.8125,12.9375,0.1875
P495_1003,diag,diag_rank_asc,0.3,1536,1536,True,False,20632,16,11.625,8.1875,3.4375,11.5,0.125
P641_10047,diag,diag_rank_asc,0.3,1536,1536,True,True,20075,1,15.0625,11.4375,3.625,15.375,-0.3125
P641_10270,diag,diag_rank_asc,0.3,1536,1536,True,False,315,12,11.8125,10.5,1.3125,11.875,-0.0625
P740_10016,diag,diag_rank_asc,0.3,1536,1536,True,False,220,2,16.75,9.125,7.625,16.75,0.0
P740_10054,diag,diag_rank_asc,0.3,1536,1536,True,False,220,5,12.6875,8.875,3.8125,12.25,0.4375
P937_10004,diag,diag_rank_asc,0.3,1536,1536,True,False,279,5,12.375,12.6875,-0.3125,12.5625,-0.1875
P937_10060,diag,diag_rank_asc,0.3,1536,1536,True,False,279,171,6.625,9.5,-2.875,6.71875,-0.09375
P101_10027,diag,diag_rank_asc,0.5,2560,2560,False,False,47976,6,11.3125,7.53125,3.78125,12.0625,-0.75
P101_10066,diag,diag_rank_asc,0.5,2560,2560,True,False,279,9,11.4375,8.0,3.4375,11.1875,0.25
P103_0,diag,diag_rank_asc,0.5,2560,2560,True,True,8753,1,16.375,10.0625,6.3125,16.375,0.0
P103_10038,diag,diag_rank_asc,0.5,2560,2560,True,True,8753,1,15.75,10.5625,5.1875,15.5,0.25
P106_10026,diag,diag_rank_asc,0.5,2560,2560,True,False,10212,22,9.5625,5.375,4.1875,8.625,0.9375
P106_10076,diag,diag_rank_asc,0.5,2560,2560,True,False,24577,2,13.0625,6.90625,6.15625,13.1875,-0.125
P108_10032,diag,diag_rank_asc,0.5,2560,2560,True,True,5195,1,17.125,5.65625,11.46875,17.0,0.125
P108_10064,diag,diag_rank_asc,0.5,2560,2560,True,False,279,4,10.75,5.6875,5.0625,10.5625,0.1875
P127_10,diag,diag_rank_asc,0.5,2560,2560,True,False,279,3,7.15625,2.125,5.03125,6.96875,0.1875
P127_10040,diag,diag_rank_asc,0.5,2560,2560,True,False,11,18,7.40625,3.75,3.65625,10.375,-2.96875
P1303_10011,diag,diag_rank_asc,0.5,2560,2560,True,False,56400,2,10.9375,9.8125,1.125,10.875,0.0625
P1303_10017,diag,diag_rank_asc,0.5,2560,2560,True,False,279,7,8.0,7.96875,0.03125,7.875,0.125
P131_10018,diag,diag_rank_asc,0.5,2560,2560,True,False,279,4,13.375,4.3125,9.0625,13.875,-0.5
P131_10045,diag,diag_rank_asc,0.5,2560,2560,True,False,279,10,10.875,2.59375,8.28125,11.0625,-0.1875
P136_10043,diag,diag_rank_asc,0.5,2560,2560,False,False,520,186,6.375,7.6875,-1.3125,6.125,0.25
P136_10065,diag,diag_rank_asc,0.5,2560,2560,True,False,279,4247,1.6015625,5.46875,-3.8671875,2.546875,-0.9453125
P138_10042,diag,diag_rank_asc,0.5,2560,2560,True,False,279,7,10.3125,1.875,8.4375,12.0,-1.6875
P138_1009,diag,diag_rank_asc,0.5,2560,2560,True,False,279,2,15.875,8.8125,7.0625,15.5625,0.3125
P140_1,diag,diag_rank_asc,0.5,2560,2560,True,True,32186,1,14.9375,8.3125,6.625,14.375,0.5625
P140_100,diag,diag_rank_asc,0.5,2560,2560,True,True,15256,1,15.875,8.0625,7.8125,15.75,0.125
P1412_10009,diag,diag_rank_asc,0.5,2560,2560,True,False,315,123,8.75,7.46875,1.28125,8.9375,-0.1875
P1412_10036,diag,diag_rank_asc,0.5,2560,2560,True,False,539,37,11.375,8.875,2.5,11.1875,0.1875
P159_1001,diag,diag_rank_asc,0.5,2560,2560,True,False,26531,2,16.875,7.84375,9.03125,15.375,1.5
P159_10015,diag,diag_rank_asc,0.5,2560,2560,True,False,35812,2,14.1875,12.1875,2.0,14.0,0.1875
P17_10005,diag,diag_rank_asc,0.5,2560,2560,False,False,279,30,10.0,7.75,2.25,9.5,0.5
P17_10034,diag,diag_rank_asc,0.5,2560,2560,True,False,279,44,9.875,9.875,0.0,10.1875,-0.3125
P176_10014,diag,diag_rank_asc,0.5,2560,2560,True,True,29987,1,16.75,9.125,7.625,17.0,-0.25
P176_10044,diag,diag_rank_asc,0.5,2560,2560,True,True,30300,1,14.6875,6.53125,8.15625,15.375,-0.6875
P178_10019,diag,diag_rank_asc,0.5,2560,2560,True,True,5195,1,14.9375,9.25,5.6875,15.0,-0.0625
P178_10020,diag,diag_rank_asc,0.5,2560,2560,True,False,279,3,8.5,5.65625,2.84375,9.1875,-0.6875
P19_1002,diag,diag_rank_asc,0.5,2560,2560,True,False,220,2,14.9375,10.75,4.1875,15.625,-0.6875
P19_10031,diag,diag_rank_asc,0.5,2560,2560,True,False,279,4,10.625,6.15625,4.46875,10.6875,-0.0625
P190_10000,diag,diag_rank_asc,0.5,2560,2560,True,False,59900,331,6.96875,5.8125,1.15625,6.125,0.84375
P190_10006,diag,diag_rank_asc,0.5,2560,2560,False,False,279,306,7.46875,10.125,-2.65625,7.25,0.21875
P20_10007,diag,diag_rank_asc,0.5,2560,2560,True,False,220,27,11.875,7.5,4.375,10.8125,1.0625
P20_1008,diag,diag_rank_asc,0.5,2560,2560,True,False,1561,7,8.9375,9.75,-0.8125,8.9375,0.0
P264_1000,diag,diag_rank_asc,0.5,2560,2560,True,False,2663,2170,2.171875,1.484375,0.6875,2.40625,-0.234375
P264_10597,diag,diag_rank_asc,0.5,2560,2560,True,False,279,4,8.5,3.640625,4.859375,7.625,0.875
P27_10002,diag,diag_rank_asc,0.5,2560,2560,True,True,10057,1,14.5,8.1875,6.3125,14.9375,-0.4375
P27_10008,diag,diag_rank_asc,0.5,2560,2560,True,True,15704,1,13.0625,10.375,2.6875,12.875,0.1875
P276_10021,diag,diag_rank_asc,0.5,2560,2560,True,False,279,795,4.75,2.375,2.375,5.21875,-0.46875
P276_10062,diag,diag_rank_asc,0.5,2560,2560,False,False,6982,9,12.3125,2.40625,9.90625,12.8125,-0.5
P30_10003,diag,diag_rank_asc,0.5,2560,2560,True,False,279,7,11.75,6.0625,5.6875,10.5625,1.1875
P30_10028,diag,diag_rank_asc,0.5,2560,2560,True,True,72787,1,17.375,11.1875,6.1875,16.75,0.625
P36_10035,diag,diag_rank_asc,0.5,2560,2560,True,True,86545,1,16.125,5.1875,10.9375,16.375,-0.25
P36_10369,diag,diag_rank_asc,0.5,2560,2560,True,True,12366,1,13.5625,6.3125,7.25,13.1875,0.375
P364_10013,diag,diag_rank_asc,0.5,2560,2560,False,False,539,3,11.75,10.9375,0.8125,12.1875,-0.4375
P364_10039,diag,diag_rank_asc,0.5,2560,2560,True,False,264,38,9.75,8.6875,1.0625,9.875,-0.125
P37_10078,diag,diag_rank_asc,0.5,2560,2560,True,False,22164,2,16.625,5.15625,11.46875,16.0,0.625
P37_10134,diag,diag_rank_asc,0.5,2560,2560,True,False,1443,2,16.75,4.53125,12.21875,16.5,0.25
P39_10010,diag,diag_rank_asc,0.5,2560,2560,True,False,1695,51,10.375,6.59375,3.78125,10.125,0.25
P39_10025,diag,diag_rank_asc,0.5,2560,2560,True,False,721,49,9.1875,4.71875,4.46875,9.25,-0.0625
P407_10033,diag,diag_rank_asc,0.5,2560,2560,True,False,539,3,12.25,8.3125,3.9375,11.8125,0.4375
P407_10082,diag,diag_rank_asc,0.5,2560,2560,True,False,264,15,10.9375,7.625,3.3125,11.1875,-0.25
P413_10029,diag,diag_rank_asc,0.5,2560,2560,True,False,315,12,11.25,6.25,5.0,11.6875,-0.4375
P413_1006,diag,diag_rank_asc,0.5,2560,2560,False,False,14013,214,7.4375,11.8125,-4.375,7.84375,-0.40625
P449_10023,diag,diag_rank_asc,0.5,2560,2560,True,False,220,75,8.6875,7.4375,1.25,8.3125,0.375
P449_10104,diag,diag_rank_asc,0.5,2560,2560,True,False,23469,30,11.0,11.125,-0.125,11.625,-0.625
P463_10050,diag,diag_rank_asc,0.5,2560,2560,True,False,39144,2,12.75,3.21875,9.53125,12.875,-0.125
P463_10121,diag,diag_rank_asc,0.5,2560,2560,False,False,14875,2,15.8125,4.59375,11.21875,15.6875,0.125
P495_10012,diag,diag_rank_asc,0.5,2560,2560,True,False,279,7,13.1875,8.125,5.0625,12.9375,0.25
P495_1003,diag,diag_rank_asc,0.5,2560,2560,True,False,20632,13,12.0625,8.25,3.8125,11.5,0.5625
P641_10047,diag,diag_rank_asc,0.5,2560,2560,True,True,20075,1,14.9375,11.625,3.3125,15.375,-0.4375
P641_10270,diag,diag_rank_asc,0.5,2560,2560,True,False,315,4,11.3125,9.8125,1.5,11.875,-0.5625
P740_10016,diag,diag_rank_asc,0.5,2560,2560,True,False,220,2,15.625,8.9375,6.6875,16.75,-1.125
P740_10054,diag,diag_rank_asc,0.5,2560,2560,True,False,220,3,13.4375,8.75,4.6875,12.25,1.1875
P937_10004,diag,diag_rank_asc,0.5,2560,2560,True,False,279,5,12.5,12.6875,-0.1875,12.5625,-0.0625
P937_10060,diag,diag_rank_asc,0.5,2560,2560,True,False,279,148,6.875,9.625,-2.75,6.71875,0.15625
