layer,head,rsa_crel,rsa_attr,rsa_max,rsa_max_before_clamp,rsa_crel_pval,rsa_attr_pval
0,0,0.2818331718444824,0.027828574180603027,0.2818331718444824,0.2818331718444824,0.0,0.04859999939799309
0,1,0.2582263946533203,0.034149400889873505,0.2582263946533203,0.2582263946533203,0.0,0.0272000003606081
0,2,0.4089323878288269,0.05125517025589943,0.4089323878288269,0.4089323878288269,0.0,0.01269999984651804
0,3,0.3312229812145233,0.028858274221420288,0.3312229812145233,0.3312229812145233,0.0,0.05270000174641609
0,4,0.2845118045806885,0.03716672211885452,0.2845118045806885,0.2845118045806885,0.0,0.02500000037252903
0,5,0.2516714632511139,0.020672284066677094,0.2516714632511139,0.2516714632511139,0.0,0.11940000206232071
0,6,0.2919809818267822,0.04770632088184357,0.2919809818267822,0.2919809818267822,0.0,0.011300000362098217
0,7,0.2334173619747162,0.04339493811130524,0.2334173619747162,0.2334173619747162,0.0,0.012199999764561653
0,8,0.29011937975883484,0.012768341228365898,0.29011937975883484,0.29011937975883484,0.0,0.34700000286102295
0,9,0.08372640609741211,-0.012190349400043488,0.08372640609741211,0.08372640609741211,0.00039999998989515007,0.33640000224113464
0,10,0.10460352897644043,0.002801523543894291,0.10460352897644043,0.10460352897644043,0.0,0.8561000227928162
0,11,0.23791134357452393,0.028086673468351364,0.23791134357452393,0.23791134357452393,0.0,0.054499998688697815
0,12,0.1015276163816452,0.014706678688526154,0.1015276163816452,0.1015276163816452,0.0,0.23729999363422394
0,13,0.1046932190656662,0.04325756058096886,0.1046932190656662,0.1046932190656662,9.999999747378752e-05,0.012400000356137753
0,14,0.07506202161312103,-0.006144262850284576,0.07506202161312103,0.07506202161312103,0.0005000000237487257,0.6351000070571899
0,15,0.15781480073928833,0.024052157998085022,0.15781480073928833,0.15781480073928833,0.0,0.07129999995231628
0,16,0.3133278489112854,0.056948427110910416,0.3133278489112854,0.3133278489112854,0.0,0.003599999938160181
0,17,0.38830873370170593,0.014801420271396637,0.38830873370170593,0.38830873370170593,0.0,0.2540999948978424
0,18,0.4351233243942261,-0.013497617095708847,0.4351233243942261,0.4351233243942261,0.0,0.27630001306533813
0,19,0.31980788707733154,0.04106733202934265,0.31980788707733154,0.31980788707733154,0.0,0.01860000006854534
0,20,0.3554881811141968,-0.0186860803514719,0.3554881811141968,0.3554881811141968,0.0,0.11270000040531158
0,21,0.1886010468006134,0.03925425931811333,0.1886010468006134,0.1886010468006134,0.0,0.016200000420212746
0,22,0.20835274457931519,0.03830678388476372,0.20835274457931519,0.20835274457931519,0.0,0.01979999989271164
0,23,0.3216247856616974,0.009585514664649963,0.3216247856616974,0.3216247856616974,0.0,0.46480000019073486
0,24,0.4275818169116974,0.008995398879051208,0.4275818169116974,0.4275818169116974,0.0,0.5626000165939331
0,25,0.14260613918304443,0.08361265063285828,0.14260613918304443,0.14260613918304443,0.0,0.00019999999494757503
0,26,0.17340657114982605,0.14162197709083557,0.17340657114982605,0.17340657114982605,0.0,0.0
0,27,0.06857658177614212,0.005152717232704163,0.06857658177614212,0.06857658177614212,0.00019999999494757503,0.6636999845504761
0,28,0.2502019703388214,0.09805706888437271,0.2502019703388214,0.2502019703388214,0.0,0.0
0,29,0.4296557307243347,0.044610947370529175,0.4296557307243347,0.4296557307243347,0.0,0.024299999698996544
0,30,0.2956152856349945,0.009376682341098785,0.2956152856349945,0.2956152856349945,0.0,0.515500009059906
0,31,0.15582412481307983,0.07949552685022354,0.15582412481307983,0.15582412481307983,0.0,0.00039999998989515007
0,32,0.49448341131210327,0.0024233683943748474,0.49448341131210327,0.49448341131210327,0.0,0.8847000002861023
0,33,0.2702194154262543,-0.016119100153446198,0.2702194154262543,0.2702194154262543,0.0,0.13040000200271606
0,34,0.12113359570503235,0.13404488563537598,0.13404488563537598,0.13404488563537598,0.0,0.0
0,35,0.5108857154846191,-0.012677786871790886,0.5108857154846191,0.5108857154846191,0.0,0.33320000767707825
0,36,0.5061641931533813,0.027126707136631012,0.5061641931533813,0.5061641931533813,0.0,0.07419999688863754
0,37,-0.47519227862358093,0.010060235857963562,0.010060235857963562,0.010060235857963562,0.0,0.37779998779296875
0,38,0.4888210594654083,-0.015698768198490143,0.4888210594654083,0.4888210594654083,0.0,0.18050000071525574
0,39,0.40528008341789246,0.01051843911409378,0.40528008341789246,0.40528008341789246,0.0,0.4577000141143799
0,40,0.13929566740989685,0.015712449327111244,0.13929566740989685,0.13929566740989685,0.0,0.17679999768733978
0,41,0.17844761908054352,0.020658394321799278,0.17844761908054352,0.17844761908054352,0.0,0.0812000036239624
0,42,0.21551305055618286,0.03562076762318611,0.21551305055618286,0.21551305055618286,0.0,0.023499999195337296
0,43,0.13425101339817047,0.016596104949712753,0.13425101339817047,0.13425101339817047,0.0,0.15279999375343323
0,44,0.1226060539484024,0.027320295572280884,0.1226060539484024,0.1226060539484024,0.0,0.038600001484155655
0,45,0.3065175414085388,0.010387293994426727,0.3065175414085388,0.3065175414085388,0.0,0.4278999865055084
0,46,0.07697030901908875,0.014259818941354752,0.07697030901908875,0.07697030901908875,9.999999747378752e-05,0.20270000398159027
0,47,0.14358583092689514,0.02105494774878025,0.14358583092689514,0.14358583092689514,0.0,0.0746999979019165
0,48,0.34114354848861694,0.05395779758691788,0.34114354848861694,0.34114354848861694,0.0,0.008799999952316284
0,49,0.31019890308380127,0.09818123281002045,0.31019890308380127,0.31019890308380127,0.0,0.00019999999494757503
0,50,0.3735120892524719,0.0907241553068161,0.3735120892524719,0.3735120892524719,0.0,0.0006000000284984708
0,51,0.30183732509613037,0.07462418079376221,0.30183732509613037,0.30183732509613037,0.0,0.0008999999845400453
0,52,0.2747795879840851,0.06299274414777756,0.2747795879840851,0.2747795879840851,0.0,0.002199999988079071
0,53,0.22188812494277954,0.05277057737112045,0.22188812494277954,0.22188812494277954,0.0,0.00430000014603138
0,54,0.32445913553237915,0.07884395867586136,0.32445913553237915,0.32445913553237915,0.0,0.0006000000284984708
0,55,0.3291417956352234,0.012424886226654053,0.3291417956352234,0.3291417956352234,0.0,0.35760000348091125
0,56,0.4129258990287781,0.023793432861566544,0.4129258990287781,0.4129258990287781,0.0,0.08290000259876251
0,57,0.448883980512619,0.026321101933717728,0.448883980512619,0.448883980512619,0.0,0.06809999793767929
0,58,0.3473992347717285,0.049579109996557236,0.3473992347717285,0.3473992347717285,0.0,0.014499999582767487
0,59,0.25583553314208984,0.03288620710372925,0.25583553314208984,0.25583553314208984,0.0,0.03739999979734421
0,60,0.40059319138526917,0.004554612562060356,0.40059319138526917,0.40059319138526917,0.0,0.7498999834060669
0,61,0.40979981422424316,0.015158060006797314,0.40979981422424316,0.40979981422424316,0.0,0.22130000591278076
0,62,0.29347002506256104,0.025287577882409096,0.29347002506256104,0.29347002506256104,0.0,0.06530000269412994
0,63,0.3881588876247406,0.017155716195702553,0.3881588876247406,0.3881588876247406,0.0,0.16269999742507935
1,0,0.25867605209350586,-0.012181328609585762,0.25867605209350586,0.25867605209350586,0.0,0.3995000123977661
1,1,0.17902716994285583,0.015300273895263672,0.17902716994285583,0.17902716994285583,0.0,0.20919999480247498
1,2,0.09924189746379852,0.0027182549238204956,0.09924189746379852,0.09924189746379852,9.999999747378752e-05,0.8503999710083008
1,3,0.15956923365592957,-0.004849829711019993,0.15956923365592957,0.15956923365592957,0.0,0.7184000015258789
1,4,0.46896225214004517,-0.01634977012872696,0.46896225214004517,0.46896225214004517,0.0,0.1745000034570694
1,5,0.23310533165931702,-0.0023206640034914017,0.23310533165931702,0.23310533165931702,0.0,0.8680999875068665
1,6,0.2833673059940338,-0.009147005155682564,0.2833673059940338,0.2833673059940338,0.0,0.5322999954223633
1,7,0.16657012701034546,0.012944582849740982,0.16657012701034546,0.16657012701034546,0.0,0.32409998774528503
1,8,0.09026215225458145,-0.01702456921339035,0.09026215225458145,0.09026215225458145,0.0,0.13009999692440033
1,9,0.2085772156715393,-0.015415145084261894,0.2085772156715393,0.2085772156715393,0.0,0.2313999980688095
1,10,0.23503588140010834,0.056537970900535583,0.23503588140010834,0.23503588140010834,0.0,0.004600000102072954
1,11,0.15609115362167358,0.024161431938409805,0.15609115362167358,0.15609115362167358,0.0,0.0617000013589859
1,12,0.3257960081100464,0.0012236535549163818,0.3257960081100464,0.3257960081100464,0.0,0.9293000102043152
1,13,0.0813014805316925,-0.01566353626549244,0.0813014805316925,0.0813014805316925,9.999999747378752e-05,0.1347000002861023
1,14,0.2470737099647522,0.04351291060447693,0.2470737099647522,0.2470737099647522,0.0,0.015399999916553497
1,15,0.06447431445121765,0.04673941805958748,0.06447431445121765,0.06447431445121765,0.0003000000142492354,0.003700000001117587
1,16,0.13766373693943024,0.04981502890586853,0.13766373693943024,0.13766373693943024,0.0,0.0031999999191612005
1,17,0.21902123093605042,0.0204765722155571,0.21902123093605042,0.21902123093605042,0.0,0.11460000276565552
1,18,0.10760761052370071,0.014111682772636414,0.10760761052370071,0.10760761052370071,0.0,0.2198999971151352
1,19,0.1400281935930252,0.06688053905963898,0.1400281935930252,0.1400281935930252,0.0,0.0007999999797903001
1,20,0.036140166223049164,-0.011624135076999664,0.036140166223049164,0.036140166223049164,0.008799999952316284,0.326200008392334
1,21,0.12410159409046173,0.02929435297846794,0.12410159409046173,0.12410159409046173,0.0,0.03200000151991844
1,22,0.17715778946876526,0.007812339812517166,0.17715778946876526,0.17715778946876526,0.0,0.5629000067710876
1,23,0.10188721120357513,0.0682266429066658,0.10188721120357513,0.10188721120357513,0.0,9.999999747378752e-05
1,24,0.3642876446247101,0.0006522461771965027,0.3642876446247101,0.3642876446247101,0.0,0.9671000242233276
1,25,0.1401393860578537,0.02833716571331024,0.1401393860578537,0.1401393860578537,0.0,0.037700001150369644
1,26,0.26324260234832764,0.022695597261190414,0.26324260234832764,0.26324260234832764,0.0,0.08229999989271164
1,27,0.4626947343349457,-0.011702880263328552,0.4626947343349457,0.4626947343349457,0.0,0.3968999981880188
1,28,0.4136008620262146,0.022761866450309753,0.4136008620262146,0.4136008620262146,0.0,0.08829999715089798
1,29,0.47276172041893005,0.001152530312538147,0.47276172041893005,0.47276172041893005,0.0,0.9431999921798706
1,30,0.453421950340271,0.03034280613064766,0.453421950340271,0.453421950340271,0.0,0.054499998688697815
1,31,0.10409745573997498,0.049871571362018585,0.10409745573997498,0.10409745573997498,0.0,0.003100000089034438
1,32,0.06048158183693886,-0.012172292917966843,0.06048158183693886,0.06048158183693886,0.00039999998989515007,0.3411000072956085
1,33,0.14728549122810364,0.0025763660669326782,0.14728549122810364,0.14728549122810364,0.0,0.8593000173568726
1,34,0.1400955617427826,0.003827422857284546,0.1400955617427826,0.1400955617427826,0.0,0.7777000069618225
1,35,0.0649089515209198,-0.0023331418633461,0.0649089515209198,0.0649089515209198,9.999999747378752e-05,0.8651999831199646
1,36,0.06042356789112091,-0.01582624763250351,0.06042356789112091,0.06042356789112091,0.0005000000237487257,0.23250000178813934
1,37,0.0773237943649292,-0.008533623069524765,0.0773237943649292,0.0773237943649292,0.0,0.5267999768257141
1,38,0.10427072644233704,-0.011969346553087234,0.10427072644233704,0.10427072644233704,0.0,0.3481000065803528
1,39,0.19989700615406036,0.02991747111082077,0.19989700615406036,0.19989700615406036,0.0,0.03500000014901161
1,40,0.5040829181671143,0.0375303253531456,0.5040829181671143,0.5040829181671143,0.0,0.04050000011920929
1,41,0.26984620094299316,-0.01294529065489769,0.26984620094299316,0.26984620094299316,0.0,0.36730000376701355
1,42,0.342072069644928,0.026010947301983833,0.342072069644928,0.342072069644928,0.0,0.06030000001192093
1,43,0.27087289094924927,0.07455340027809143,0.27087289094924927,0.27087289094924927,0.0,0.0010000000474974513
1,44,0.5009377002716064,-0.012341268360614777,0.5009377002716064,0.5009377002716064,0.0,0.3709000051021576
1,45,0.48456621170043945,0.03143114596605301,0.48456621170043945,0.48456621170043945,0.0,0.056299999356269836
1,46,0.1459539383649826,0.09466224908828735,0.1459539383649826,0.1459539383649826,0.0,9.999999747378752e-05
1,47,0.3462486267089844,0.02747640572488308,0.3462486267089844,0.3462486267089844,0.0,0.061900001019239426
1,48,0.14905783534049988,-0.008101344108581543,0.14905783534049988,0.14905783534049988,0.0,0.5328999757766724
1,49,0.19078044593334198,-0.0037965551018714905,0.19078044593334198,0.19078044593334198,0.0,0.7804999947547913
1,50,0.011258574202656746,-0.011633871123194695,0.011258574202656746,0.011258574202656746,0.37049999833106995,0.3352000117301941
1,51,0.19813799858093262,-0.016097556799650192,0.19813799858093262,0.19813799858093262,0.0,0.15629999339580536
1,52,0.16412895917892456,-0.0024309903383255005,0.16412895917892456,0.16412895917892456,0.0,0.8640000224113464
1,53,0.4918462038040161,-0.017951931804418564,0.4918462038040161,0.4918462038040161,0.0,0.12680000066757202
1,54,0.47618424892425537,-0.009056462906301022,0.47618424892425537,0.47618424892425537,0.0,0.5440000295639038
1,55,0.06956362724304199,-0.01181911863386631,0.06956362724304199,0.06956362724304199,9.999999747378752e-05,0.2937999963760376
1,56,0.18246710300445557,-0.008186332881450653,0.18246710300445557,0.18246710300445557,0.0,0.52920001745224
1,57,0.4490867853164673,-0.014636950567364693,0.4490867853164673,0.4490867853164673,0.0,0.24650000035762787
1,58,0.4267497658729553,-0.007120190188288689,0.4267497658729553,0.4267497658729553,0.0,0.6208000183105469
1,59,0.261610746383667,0.0014276513829827309,0.261610746383667,0.261610746383667,0.0,0.9150000214576721
1,60,0.15399013459682465,-0.005910780280828476,0.15399013459682465,0.15399013459682465,0.0,0.666100025177002
1,61,0.265389084815979,0.009625092148780823,0.265389084815979,0.265389084815979,0.0,0.4794999957084656
1,62,0.27720165252685547,0.00978502444922924,0.27720165252685547,0.27720165252685547,0.0,0.4749999940395355
1,63,0.4191462993621826,-0.016301900148391724,0.4191462993621826,0.4191462993621826,0.0,0.21570000052452087
2,0,0.14032810926437378,0.018357163295149803,0.14032810926437378,0.14032810926437378,0.0,0.15530000627040863
2,1,0.24530094861984253,0.017428405582904816,0.24530094861984253,0.24530094861984253,0.0,0.19220000505447388
2,2,0.16141629219055176,0.005012206733226776,0.16141629219055176,0.16141629219055176,0.0,0.7197999954223633
2,3,0.22790852189064026,0.020189331844449043,0.22790852189064026,0.22790852189064026,0.0,0.12839999794960022
2,4,0.17899756133556366,0.01621343195438385,0.17899756133556366,0.17899756133556366,0.0,0.20810000598430634
2,5,0.3281251788139343,-0.009041182696819305,0.3281251788139343,0.3281251788139343,0.0,0.5156000256538391
2,6,0.10558606684207916,0.013197159394621849,0.10558606684207916,0.10558606684207916,0.0,0.28999999165534973
2,7,0.124207504093647,0.012141421437263489,0.124207504093647,0.124207504093647,0.0,0.3605000078678131
2,8,0.13215722143650055,0.026209048926830292,0.13215722143650055,0.13215722143650055,0.0,0.05079999938607216
2,9,0.19873467087745667,0.030003849416971207,0.19873467087745667,0.19873467087745667,0.0,0.04259999841451645
2,10,0.2526804208755493,0.031727779656648636,0.2526804208755493,0.2526804208755493,0.0,0.03929999843239784
2,11,0.1786651611328125,0.010842159390449524,0.1786651611328125,0.1786651611328125,0.0,0.42289999127388
2,12,0.2100747674703598,0.032852206379175186,0.2100747674703598,0.2100747674703598,0.0,0.03319999948143959
2,13,0.12384429574012756,-0.0030884332954883575,0.12384429574012756,0.12384429574012756,0.0,0.8202000260353088
2,14,0.13747745752334595,0.028901973739266396,0.13747745752334595,0.13747745752334595,0.0,0.03790000081062317
2,15,0.1927013248205185,0.020235814154148102,0.1927013248205185,0.1927013248205185,0.0,0.12639999389648438
2,16,0.2459353655576706,0.03331294283270836,0.2459353655576706,0.2459353655576706,0.0,0.029600000008940697
2,17,0.22411254048347473,0.02387033775448799,0.22411254048347473,0.22411254048347473,0.0,0.07360000163316727
2,18,0.4242590665817261,0.012972340919077396,0.4242590665817261,0.4242590665817261,0.0,0.3625999987125397
2,19,0.22698594629764557,-0.012865138240158558,0.22698594629764557,0.22698594629764557,0.0,0.3628999888896942
2,20,0.3054376244544983,0.029377978295087814,0.3054376244544983,0.3054376244544983,0.0,0.04839999973773956
2,21,0.128236323595047,0.016490627080202103,0.128236323595047,0.128236323595047,0.0,0.17960000038146973
2,22,0.23851482570171356,0.024041036143898964,0.23851482570171356,0.23851482570171356,0.0,0.0754999965429306
2,23,0.3057740032672882,0.03129619359970093,0.3057740032672882,0.3057740032672882,0.0,0.041999999433755875
2,24,0.07823571562767029,0.008183572441339493,0.07823571562767029,0.07823571562767029,0.00019999999494757503,0.5443000197410583
2,25,0.12104025483131409,0.02044432796537876,0.12104025483131409,0.12104025483131409,0.0,0.10819999873638153
2,26,0.2010994553565979,0.01236727274954319,0.2010994553565979,0.2010994553565979,0.0,0.3790000081062317
2,27,0.09419846534729004,0.010240556672215462,0.09419846534729004,0.09419846534729004,0.0,0.4311999976634979
2,28,0.3461419939994812,-0.006598403677344322,0.3461419939994812,0.3461419939994812,0.0,0.6723999977111816
2,29,0.19883406162261963,0.02024831250309944,0.19883406162261963,0.19883406162261963,0.0,0.12939999997615814
2,30,0.1922646015882492,0.015989992767572403,0.1922646015882492,0.1922646015882492,0.0,0.2402999997138977
2,31,0.2170751690864563,0.013998247683048248,0.2170751690864563,0.2170751690864563,0.0,0.3190000057220459
2,32,0.1971895694732666,0.012362420558929443,0.1971895694732666,0.1971895694732666,0.0,0.3424000144004822
2,33,0.25080907344818115,0.01872735098004341,0.25080907344818115,0.25080907344818115,0.0,0.15700000524520874
2,34,0.18938389420509338,0.010805370286107063,0.18938389420509338,0.18938389420509338,0.0,0.4300999939441681
2,35,0.06764598935842514,-0.0047422898933291435,0.06764598935842514,0.06764598935842514,0.00039999998989515007,0.6829000115394592
2,36,0.11956381797790527,0.012095978483557701,0.11956381797790527,0.11956381797790527,0.0,0.3382999897003174
2,37,0.11251510679721832,0.007617361843585968,0.11251510679721832,0.11251510679721832,0.0,0.5468000173568726
2,38,0.1184619590640068,0.009790228679776192,0.1184619590640068,0.1184619590640068,0.0,0.4496000111103058
2,39,0.36113420128822327,0.012224692851305008,0.36113420128822327,0.36113420128822327,0.0,0.39010000228881836
2,40,0.10103043913841248,-0.00951545313000679,0.10103043913841248,0.10103043913841248,0.0,0.4607999920845032
2,41,0.20167864859104156,0.00903322920203209,0.20167864859104156,0.20167864859104156,0.0,0.4991999864578247
2,42,0.1949598342180252,0.020800981670618057,0.1949598342180252,0.1949598342180252,0.0,0.11150000244379044
2,43,0.09149958193302155,0.0034714676439762115,0.09149958193302155,0.09149958193302155,0.0,0.8019999861717224
2,44,0.16518782079219818,0.008025024086236954,0.16518782079219818,0.16518782079219818,0.0,0.5658000111579895
2,45,0.10472004115581512,0.003958212211728096,0.10472004115581512,0.10472004115581512,0.0,0.7422000169754028
2,46,0.10620135068893433,0.007202073931694031,0.10620135068893433,0.10620135068893433,0.0,0.5706999897956848
2,47,0.08166877925395966,-0.006388859357684851,0.08166877925395966,0.08166877925395966,0.0,0.6269000172615051
2,48,0.15496698021888733,0.011319171637296677,0.15496698021888733,0.15496698021888733,0.0,0.3889999985694885
2,49,0.23041656613349915,0.04108676314353943,0.23041656613349915,0.23041656613349915,0.0,0.01769999973475933
2,50,0.1114814355969429,-0.0022183097898960114,0.1114814355969429,0.1114814355969429,0.0,0.8644999861717224
2,51,0.09088758379220963,0.01124633103609085,0.09088758379220963,0.09088758379220963,0.0,0.39570000767707825
2,52,0.20218431949615479,0.017333684489130974,0.20218431949615479,0.20218431949615479,0.0,0.18729999661445618
2,53,0.09288475662469864,0.009559874422848225,0.09288475662469864,0.09288475662469864,0.0,0.4853000044822693
2,54,0.2588367462158203,0.010528509505093098,0.2588367462158203,0.2588367462158203,0.0,0.46810001134872437
2,55,0.18949148058891296,0.036333028227090836,0.18949148058891296,0.18949148058891296,0.0,0.02199999988079071
2,56,0.073299840092659,0.007274247705936432,0.073299840092659,0.073299840092659,0.00019999999494757503,0.5996999740600586
2,57,0.123066246509552,0.1383226066827774,0.1383226066827774,0.1383226066827774,0.0,0.0
2,58,0.18341271579265594,0.02342071197926998,0.18341271579265594,0.18341271579265594,0.0,0.08060000091791153
2,59,0.29988396167755127,0.01676679030060768,0.29988396167755127,0.29988396167755127,0.0,0.24210000038146973
2,60,0.19090664386749268,0.05823173001408577,0.19090664386749268,0.19090664386749268,0.0,0.002099999925121665
2,61,0.18743547797203064,0.03667302802205086,0.18743547797203064,0.18743547797203064,0.0,0.020099999383091927
2,62,0.19108442962169647,0.026496656239032745,0.19108442962169647,0.19108442962169647,0.0,0.06120000034570694
2,63,0.3397105038166046,0.03689749538898468,0.3397105038166046,0.3397105038166046,0.0,0.026200000196695328
3,0,0.10352762043476105,0.02203850820660591,0.10352762043476105,0.10352762043476105,0.0,0.0729999989271164
3,1,0.1326933354139328,0.00036359578371047974,0.1326933354139328,0.1326933354139328,0.0,0.9760000109672546
3,2,0.08800604939460754,0.017485998570919037,0.08800604939460754,0.08800604939460754,0.0,0.14020000398159027
3,3,0.10955686867237091,0.007161830551922321,0.10955686867237091,0.10955686867237091,0.0,0.583299994468689
3,4,0.2643834948539734,-0.01066521368920803,0.2643834948539734,0.2643834948539734,0.0,0.44279998540878296
3,5,0.16409564018249512,0.007012989372014999,0.16409564018249512,0.16409564018249512,0.0,0.6064000129699707
3,6,0.11313725262880325,0.01974942535161972,0.11313725262880325,0.11313725262880325,0.0,0.10589999705553055
3,7,0.10517821460962296,-0.0004378296434879303,0.10517821460962296,0.10517821460962296,0.0,0.972599983215332
3,8,0.21552202105522156,0.01890670694410801,0.21552202105522156,0.21552202105522156,0.0,0.1354999989271164
3,9,0.1448492407798767,-0.0036546289920806885,0.1448492407798767,0.1448492407798767,0.0,0.7795000076293945
3,10,0.12527164816856384,-0.014974858611822128,0.12527164816856384,0.12527164816856384,0.0,0.20739999413490295
3,11,0.0935085117816925,-0.011033310554921627,0.0935085117816925,0.0935085117816925,0.0,0.3499999940395355
3,12,0.13545067608356476,-0.008533962070941925,0.13545067608356476,0.13545067608356476,0.0,0.5163999795913696
3,13,0.1527794450521469,0.016648851335048676,0.1527794450521469,0.1527794450521469,0.0,0.19789999723434448
3,14,0.11477240175008774,0.03342639282345772,0.11477240175008774,0.11477240175008774,0.0,0.027400000020861626
3,15,0.28096258640289307,-0.009565761312842369,0.28096258640289307,0.28096258640289307,0.0,0.46950000524520874
3,16,0.35291552543640137,-0.008255373686552048,0.35291552543640137,0.35291552543640137,0.0,0.5281000137329102
3,17,0.21088483929634094,0.0018252357840538025,0.21088483929634094,0.21088483929634094,0.0,0.8968999981880188
3,18,0.5058199167251587,0.0024202316999435425,0.5058199167251587,0.5058199167251587,0.0,0.880299985408783
3,19,0.2554909884929657,0.009652148932218552,0.2554909884929657,0.2554909884929657,0.0,0.4643999934196472
3,20,0.27550119161605835,-0.015378693118691444,0.27550119161605835,0.27550119161605835,0.0,0.2485000044107437
3,21,0.1872885525226593,-0.010900424793362617,0.1872885525226593,0.1872885525226593,0.0,0.4066999852657318
3,22,0.22251757979393005,0.027166947722434998,0.22251757979393005,0.22251757979393005,0.0,0.050200000405311584
3,23,0.22912678122520447,0.0015806546434760094,0.22912678122520447,0.22912678122520447,0.0,0.9081000089645386
3,24,0.1378183662891388,0.00914839655160904,0.1378183662891388,0.1378183662891388,0.0,0.47510001063346863
3,25,0.12542098760604858,-0.002919815480709076,0.12542098760604858,0.12542098760604858,0.0,0.8165000081062317
3,26,0.2213248610496521,0.016968023031949997,0.2213248610496521,0.2213248610496521,0.0,0.18279999494552612
3,27,0.03899165615439415,-0.0028157494962215424,0.03899165615439415,0.03899165615439415,0.006300000008195639,0.8165000081062317
3,28,0.1456601321697235,0.01347990334033966,0.1456601321697235,0.1456601321697235,0.0,0.272599995136261
3,29,0.1118917167186737,0.015484167262911797,0.1118917167186737,0.1118917167186737,0.0,0.19580000638961792
3,30,0.1339835524559021,0.004690248519182205,0.1339835524559021,0.1339835524559021,0.0,0.6980000138282776
3,31,0.1715226173400879,0.00630976352840662,0.1715226173400879,0.1715226173400879,0.0,0.6287999749183655
3,32,0.23250141739845276,-0.003086719661951065,0.23250141739845276,0.23250141739845276,0.0,0.8289999961853027
3,33,0.2385578453540802,0.0050316303968429565,0.2385578453540802,0.2385578453540802,0.0,0.7268000245094299
3,34,0.2888137698173523,0.008547493256628513,0.2888137698173523,0.2888137698173523,0.0,0.5654000043869019
3,35,0.297140896320343,0.0062608420848846436,0.297140896320343,0.297140896320343,0.0,0.6621000170707703
3,36,0.2071206271648407,0.005773041397333145,0.2071206271648407,0.2071206271648407,0.0,0.6929000020027161
3,37,0.20475617051124573,-0.004010951146483421,0.20475617051124573,0.20475617051124573,0.0,0.7922000288963318
3,38,0.18679013848304749,0.00040383264422416687,0.18679013848304749,0.18679013848304749,0.0,0.9803000092506409
3,39,0.29244115948677063,0.007059816271066666,0.29244115948677063,0.29244115948677063,0.0,0.6226999759674072
3,40,0.18384167551994324,0.06201959773898125,0.18384167551994324,0.18384167551994324,0.0,0.0003000000142492354
3,41,0.12530046701431274,0.021681860089302063,0.12530046701431274,0.12530046701431274,0.0,0.08529999852180481
3,42,0.0997106283903122,0.027416743338108063,0.0997106283903122,0.0997106283903122,0.0,0.04399999976158142
3,43,0.1053352952003479,0.020370088517665863,0.1053352952003479,0.1053352952003479,0.0,0.0982000008225441
3,44,0.09729422628879547,0.009526902809739113,0.09729422628879547,0.09729422628879547,0.0,0.4424999952316284
3,45,0.11302809417247772,0.026434212923049927,0.11302809417247772,0.11302809417247772,0.0,0.050999999046325684
3,46,0.20561166107654572,-0.0011837556958198547,0.20561166107654572,0.20561166107654572,0.0,0.9322999715805054
3,47,0.14343202114105225,0.01466018334031105,0.14343202114105225,0.14343202114105225,0.0,0.24959999322891235
3,48,0.18964244425296783,0.011612001806497574,0.18964244425296783,0.18964244425296783,0.0,0.3961000144481659
3,49,0.4667738974094391,-0.009144920855760574,0.4667738974094391,0.4667738974094391,0.0,0.5325000286102295
3,50,0.17234569787979126,-0.02059073932468891,0.17234569787979126,0.17234569787979126,0.0,0.11990000307559967
3,51,0.18629100918769836,-0.0005922336131334305,0.18629100918769836,0.18629100918769836,0.0,0.9621000289916992
3,52,0.14915689826011658,0.0118159931153059,0.14915689826011658,0.14915689826011658,0.0,0.3596999943256378
3,53,0.4525514543056488,-0.01921132206916809,0.4525514543056488,0.4525514543056488,0.0,0.13369999825954437
3,54,0.21091121435165405,-0.01960647851228714,0.21091121435165405,0.21091121435165405,0.0,0.12150000035762787
3,55,0.027336550876498222,-0.01587204448878765,0.027336550876498222,0.027336550876498222,0.024800000712275505,0.13050000369548798
3,56,0.18041633069515228,0.013498295098543167,0.18041633069515228,0.18041633069515228,0.0,0.30149999260902405
3,57,0.24444825947284698,0.41748934984207153,0.41748934984207153,0.41748934984207153,0.0,0.0
3,58,0.21804755926132202,-0.0011355355381965637,0.21804755926132202,0.21804755926132202,0.0,0.9355999827384949
3,59,0.15032127499580383,0.08796113729476929,0.15032127499580383,0.15032127499580383,0.0,9.999999747378752e-05
3,60,0.14776968955993652,0.0014387480914592743,0.14776968955993652,0.14776968955993652,0.0,0.9190999865531921
3,61,0.11073300987482071,0.017834968864917755,0.11073300987482071,0.11073300987482071,0.0,0.13950000703334808
3,62,0.19596795737743378,0.025836434215307236,0.19596795737743378,0.19596795737743378,0.0,0.06769999861717224
3,63,0.16700109839439392,0.009875921532511711,0.16700109839439392,0.16700109839439392,0.0,0.45019999146461487
4,0,0.3354783058166504,0.029217727482318878,0.3354783058166504,0.3354783058166504,0.0,0.05550000071525574
4,1,0.310518354177475,0.03249174356460571,0.310518354177475,0.310518354177475,0.0,0.03999999910593033
4,2,0.25399014353752136,0.006176892668008804,0.25399014353752136,0.25399014353752136,0.0,0.6604999899864197
4,3,0.2861749529838562,0.039520345628261566,0.2861749529838562,0.2861749529838562,0.0,0.020899999886751175
4,4,0.2033567577600479,0.015034882351756096,0.2033567577600479,0.2033567577600479,0.0,0.2542000114917755
4,5,0.26479047536849976,0.03890662640333176,0.26479047536849976,0.26479047536849976,0.0,0.017400000244379044
4,6,0.4941774606704712,0.022492319345474243,0.4941774606704712,0.4941774606704712,0.0,0.09399999678134918
4,7,0.30439990758895874,0.09756889939308167,0.30439990758895874,0.30439990758895874,0.0,9.999999747378752e-05
4,8,0.4660924971103668,0.11529046297073364,0.4660924971103668,0.4660924971103668,0.0,0.00039999998989515007
4,9,0.2833116352558136,0.02516302838921547,0.2833116352558136,0.2833116352558136,0.0,0.07050000131130219
4,10,0.17244188487529755,-0.0038777291774749756,0.17244188487529755,0.17244188487529755,0.0,0.7804999947547913
4,11,0.3111807107925415,0.0352172777056694,0.3111807107925415,0.3111807107925415,0.0,0.03370000049471855
4,12,0.3628752827644348,0.020245535299181938,0.3628752827644348,0.3628752827644348,0.0,0.149399995803833
4,13,0.10987870395183563,0.012435633689165115,0.10987870395183563,0.10987870395183563,0.0,0.3124000132083893
4,14,0.19634944200515747,0.022594649344682693,0.19634944200515747,0.19634944200515747,0.0,0.07500000298023224
4,15,0.35725724697113037,-0.017373591661453247,0.35725724697113037,0.35725724697113037,0.0,0.13289999961853027
4,16,0.3140586018562317,0.066114142537117,0.3140586018562317,0.3140586018562317,0.0,0.003700000001117587
4,17,0.4385099709033966,0.006461706943809986,0.4385099709033966,0.4385099709033966,0.0,0.6850000023841858
4,18,0.4684959053993225,0.03365223854780197,0.4684959053993225,0.4684959053993225,0.0,0.050700001418590546
4,19,0.13842593133449554,0.014743108302354813,0.13842593133449554,0.13842593133449554,0.0,0.24969999492168427
4,20,0.3605506718158722,0.025499558076262474,0.3605506718158722,0.3605506718158722,0.0,0.06830000132322311
4,21,0.3663640022277832,0.01604759320616722,0.3663640022277832,0.3663640022277832,0.0,0.21719999611377716
4,22,0.41937148571014404,-0.008856620639562607,0.41937148571014404,0.41937148571014404,0.0,0.5600000023841858
4,23,0.22826191782951355,0.025879107415676117,0.22826191782951355,0.22826191782951355,0.0,0.061000000685453415
4,24,0.07461881637573242,-0.0030679795891046524,0.07461881637573242,0.07461881637573242,0.0,0.8158000111579895
4,25,0.062458865344524384,-0.003764968365430832,0.062458865344524384,0.062458865344524384,0.0003000000142492354,0.7809000015258789
4,26,0.048138994723558426,-0.002821996808052063,0.048138994723558426,0.048138994723558426,0.002400000113993883,0.8166999816894531
4,27,0.16060014069080353,0.010735977441072464,0.16060014069080353,0.16060014069080353,0.0,0.3799999952316284
4,28,0.2005828619003296,0.010959412902593613,0.2005828619003296,0.2005828619003296,0.0,0.4196999967098236
4,29,0.09499591588973999,0.009719789028167725,0.09499591588973999,0.09499591588973999,0.0,0.4090999960899353
4,30,0.11287184059619904,0.015656597912311554,0.11287184059619904,0.11287184059619904,0.0,0.19089999794960022
4,31,0.09584376215934753,0.012958461418747902,0.09584376215934753,0.09584376215934753,0.0,0.2833999991416931
4,32,0.22860081493854523,0.010888636112213135,0.22860081493854523,0.22860081493854523,0.0,0.41029998660087585
4,33,0.14979365468025208,-0.011263325810432434,0.14979365468025208,0.14979365468025208,0.0,0.4092000126838684
4,34,0.14667636156082153,0.012396775186061859,0.14667636156082153,0.14667636156082153,0.0,0.3425999879837036
4,35,0.18489807844161987,0.0321316123008728,0.18489807844161987,0.18489807844161987,0.0,0.03539999946951866
4,36,0.12284427881240845,-0.0049459487199783325,0.12284427881240845,0.12284427881240845,0.0,0.7002999782562256
4,37,0.14437076449394226,-0.006642814725637436,0.14437076449394226,0.14437076449394226,0.0,0.6154000163078308
4,38,0.2536804676055908,0.02291695587337017,0.2536804676055908,0.2536804676055908,0.0,0.09260000288486481
4,39,0.1675076186656952,0.0007466170936822891,0.1675076186656952,0.1675076186656952,0.0,0.9588000178337097
4,40,0.43756482005119324,0.025086699053645134,0.43756482005119324,0.43756482005119324,0.0,0.07500000298023224
4,41,0.26423007249832153,0.09494604915380478,0.26423007249832153,0.26423007249832153,0.0,0.0
4,42,0.4509808421134949,0.03298265114426613,0.4509808421134949,0.4509808421134949,0.0,0.041099999099969864
4,43,0.4417555332183838,0.02601476013660431,0.4417555332183838,0.4417555332183838,0.0,0.06750000268220901
4,44,0.3259807229042053,0.02318098023533821,0.3259807229042053,0.3259807229042053,0.0,0.10610000044107437
4,45,0.15114310383796692,0.04690351337194443,0.15114310383796692,0.15114310383796692,0.0,0.00570000009611249
4,46,0.4784119129180908,0.023162584751844406,0.4784119129180908,0.4784119129180908,0.0,0.08959999680519104
4,47,0.15981236100196838,0.03422052785754204,0.15981236100196838,0.15981236100196838,0.0,0.019899999722838402
4,48,0.4844813942909241,-0.02045578509569168,0.4844813942909241,0.4844813942909241,0.0,0.10419999808073044
4,49,0.09253650903701782,-0.01990380510687828,0.09253650903701782,0.09253650903701782,0.0,0.08959999680519104
4,50,0.4297843873500824,-0.016809124499559402,0.4297843873500824,0.4297843873500824,0.0,0.1386999934911728
4,51,0.43727535009384155,0.005063545890152454,0.43727535009384155,0.43727535009384155,0.0,0.7360000014305115
4,52,0.31398630142211914,0.003599482588469982,0.31398630142211914,0.31398630142211914,0.0,0.800599992275238
4,53,0.3800937533378601,0.006322940811514854,0.3800937533378601,0.3800937533378601,0.0,0.6736999750137329
4,54,0.468741774559021,0.0007879100739955902,0.468741774559021,0.468741774559021,0.0,0.9602000117301941
4,55,0.4940771460533142,-0.020646587014198303,0.4940771460533142,0.4940771460533142,0.0,0.09860000014305115
4,56,0.14846612513065338,-0.018140317872166634,0.14846612513065338,0.14846612513065338,0.0,0.14069999754428864
4,57,0.03932769596576691,0.012026578187942505,0.03932769596576691,0.03932769596576691,0.006599999964237213,0.32260000705718994
4,58,0.3083869516849518,-0.0069644274190068245,0.3083869516849518,0.3083869516849518,0.0,0.6481999754905701
4,59,0.24085117876529694,0.07826738059520721,0.24085117876529694,0.24085117876529694,0.0,0.00039999998989515007
4,60,0.36852186918258667,0.020783985033631325,0.36852186918258667,0.36852186918258667,0.0,0.12439999729394913
4,61,0.45780184864997864,0.14412790536880493,0.45780184864997864,0.45780184864997864,0.0,0.0
4,62,0.1528659164905548,0.013445213437080383,0.1528659164905548,0.1528659164905548,0.0,0.27459999918937683
4,63,0.1632186472415924,0.019336894154548645,0.1632186472415924,0.1632186472415924,0.0,0.11240000277757645
5,0,-0.003840109333395958,-0.003461051732301712,0.0,-0.003461051732301712,0.7567999958992004,0.7789999842643738
5,1,0.07852063328027725,0.015735343098640442,0.07852063328027725,0.07852063328027725,9.999999747378752e-05,0.1979999989271164
5,2,0.022285396233201027,-0.0044085197150707245,0.022285396233201027,0.022285396233201027,0.08399999886751175,0.7454000115394592
5,3,0.3168036937713623,0.017142213881015778,0.3168036937713623,0.3168036937713623,0.0,0.19140000641345978
5,4,0.14523844420909882,0.016859766095876694,0.14523844420909882,0.14523844420909882,0.0,0.17149999737739563
5,5,0.2347363829612732,0.0092875175178051,0.2347363829612732,0.2347363829612732,0.0,0.5135999917984009
5,6,0.10078900307416916,-0.0024021975696086884,0.10078900307416916,0.10078900307416916,0.0,0.8684999942779541
5,7,0.09225039184093475,0.008118674159049988,0.09225039184093475,0.09225039184093475,0.0,0.5252000093460083
5,8,0.14477944374084473,-0.016264764592051506,0.14477944374084473,0.14477944374084473,0.0,0.19439999759197235
5,9,0.4882362186908722,-0.017466582357883453,0.4882362186908722,0.4882362186908722,0.0,0.1459999978542328
5,10,0.14814268052577972,-0.0005932822823524475,0.14814268052577972,0.14814268052577972,0.0,0.9689000248908997
5,11,0.36683642864227295,0.028251826763153076,0.36683642864227295,0.36683642864227295,0.0,0.05979999899864197
5,12,0.15988540649414062,0.013458382338285446,0.15988540649414062,0.15988540649414062,0.0,0.3255000114440918
5,13,0.0793469175696373,-0.01310556847602129,0.0793469175696373,0.0793469175696373,0.0,0.30559998750686646
5,14,0.3578066825866699,-0.01136879250407219,0.3578066825866699,0.3578066825866699,0.0,0.3549000024795532
5,15,0.13251236081123352,-0.013515995815396309,0.13251236081123352,0.13251236081123352,0.0,0.2872999906539917
5,16,0.3973698019981384,0.030029887333512306,0.3973698019981384,0.3973698019981384,0.0,0.05429999902844429
5,17,0.35275718569755554,0.02609768509864807,0.35275718569755554,0.35275718569755554,0.0,0.07360000163316727
5,18,0.4114416837692261,0.027836885303258896,0.4114416837692261,0.4114416837692261,0.0,0.060499999672174454
5,19,0.22149324417114258,0.009579637087881565,0.22149324417114258,0.22149324417114258,0.0,0.4537999927997589
5,20,0.4260866940021515,0.02756175585091114,0.4260866940021515,0.4260866940021515,0.0,0.061400000005960464
5,21,0.42323189973831177,0.08628685027360916,0.42323189973831177,0.42323189973831177,0.0,0.0013000000035390258
5,22,0.1421012431383133,0.008313659578561783,0.1421012431383133,0.1421012431383133,0.0,0.4871000051498413
5,23,0.37590622901916504,0.03240014240145683,0.37590622901916504,0.37590622901916504,0.0,0.044199999421834946
5,24,0.2931068539619446,0.13394495844841003,0.2931068539619446,0.2931068539619446,0.0,0.0
5,25,0.17698858678340912,0.11797124892473221,0.17698858678340912,0.17698858678340912,0.0,0.0
5,26,0.2514089345932007,0.005460452288389206,0.2514089345932007,0.2514089345932007,0.0,0.6992999911308289
5,27,0.3673372268676758,0.025722648948431015,0.3673372268676758,0.3673372268676758,0.0,0.07349999994039536
5,28,0.4773830771446228,0.032932016998529434,0.4773830771446228,0.4773830771446228,0.0,0.04919999837875366
5,29,0.1866452544927597,0.0003795512020587921,0.1866452544927597,0.1866452544927597,0.0,0.9797999858856201
5,30,0.2954785227775574,0.0960354208946228,0.2954785227775574,0.2954785227775574,0.0,9.999999747378752e-05
5,31,0.40170538425445557,0.036960288882255554,0.40170538425445557,0.40170538425445557,0.0,0.03189999982714653
5,32,0.2927073836326599,-0.00024043861776590347,0.2927073836326599,0.2927073836326599,0.0,0.9865000247955322
5,33,0.3861461877822876,0.019074974581599236,0.3861461877822876,0.3861461877822876,0.0,0.16949999332427979
5,34,0.4104221761226654,0.01954021118581295,0.4104221761226654,0.4104221761226654,0.0,0.16060000658035278
5,35,0.4424632489681244,0.011873947456479073,0.4424632489681244,0.4424632489681244,0.0,0.399399995803833
5,36,0.2859874367713928,0.014707719907164574,0.2859874367713928,0.2859874367713928,0.0,0.27889999747276306
5,37,0.449463427066803,0.018597591668367386,0.449463427066803,0.449463427066803,0.0,0.1632000058889389
5,38,0.47150522470474243,0.032483406364917755,0.47150522470474243,0.47150522470474243,0.0,0.05299999937415123
5,39,0.3692154586315155,-0.011412156745791435,0.3692154586315155,0.3692154586315155,0.0,0.42809998989105225
5,40,0.05395030230283737,-0.011045785620808601,0.05395030230283737,0.05395030230283737,0.0008999999845400453,0.335099995136261
5,41,0.19241800904273987,-3.365427255630493e-05,0.19241800904273987,0.19241800904273987,0.0,0.9977999925613403
5,42,0.23081916570663452,-0.013728316873311996,0.23081916570663452,0.23081916570663452,0.0,0.2721000015735626
5,43,0.13434718549251556,-0.015662506222724915,0.13434718549251556,0.13434718549251556,0.0,0.164000004529953
5,44,0.35978037118911743,0.00863318145275116,0.35978037118911743,0.35978037118911743,0.0,0.5336999893188477
5,45,0.03460606932640076,-0.012184441089630127,0.03460606932640076,0.03460606932640076,0.01810000091791153,0.288100004196167
5,46,0.060893941670656204,-0.016276231035590172,0.060893941670656204,0.060893941670656204,0.00139999995008111,0.1446000039577484
5,47,0.061865925788879395,-0.01646357774734497,0.061865925788879395,0.061865925788879395,0.0005000000237487257,0.13490000367164612
5,48,0.28068995475769043,0.08364319056272507,0.28068995475769043,0.28068995475769043,0.0,0.0005000000237487257
5,49,0.3788169026374817,0.15395736694335938,0.3788169026374817,0.3788169026374817,0.0,0.0
5,50,0.32235485315322876,0.015054302290081978,0.32235485315322876,0.32235485315322876,0.0,0.27379998564720154
5,51,0.4949224889278412,0.004444962367415428,0.4949224889278412,0.4949224889278412,0.0,0.777400016784668
5,52,0.382689893245697,0.05353178456425667,0.382689893245697,0.382689893245697,0.0,0.008299999870359898
5,53,0.18575485050678253,0.015528224408626556,0.18575485050678253,0.18575485050678253,0.0,0.22660000622272491
5,54,0.225276917219162,0.026408545672893524,0.225276917219162,0.225276917219162,0.0,0.06780000030994415
5,55,0.23701198399066925,0.004221188835799694,0.23701198399066925,0.23701198399066925,0.0,0.7555000185966492
5,56,0.43422219157218933,0.026224322617053986,0.43422219157218933,0.43422219157218933,0.0,0.0771000012755394
5,57,0.28607553243637085,0.10123740881681442,0.28607553243637085,0.28607553243637085,0.0,0.0
5,58,0.6002854704856873,0.08823974430561066,0.6002854704856873,0.6002854704856873,0.0,0.002899999963119626
5,59,0.5340465903282166,0.088400699198246,0.5340465903282166,0.5340465903282166,0.0,0.00279999990016222
5,60,0.2082817405462265,0.014254618436098099,0.2082817405462265,0.2082817405462265,0.0,0.265500009059906
5,61,0.2610705494880676,0.019762597978115082,0.2610705494880676,0.2610705494880676,0.0,0.1257999986410141
5,62,0.43794703483581543,0.0006539709866046906,0.43794703483581543,0.43794703483581543,0.0,0.9684000015258789
5,63,0.4943389594554901,0.044828496873378754,0.4943389594554901,0.4943389594554901,0.0,0.024399999529123306
6,0,0.06607212126255035,-0.0004135500639677048,0.06607212126255035,0.06607212126255035,0.002199999988079071,0.977400004863739
6,1,0.3175557255744934,0.03243761882185936,0.3175557255744934,0.3175557255744934,0.0,0.04349999874830246
6,2,0.20549926161766052,0.03928407281637192,0.20549926161766052,0.20549926161766052,0.0,0.019500000402331352
6,3,0.29990506172180176,-0.019284190610051155,0.29990506172180176,0.29990506172180176,0.0,0.15889999270439148
6,4,0.2696959376335144,-0.01372484490275383,0.2696959376335144,0.2696959376335144,0.0,0.31700000166893005
6,5,0.3538781404495239,-0.00901724025607109,0.3538781404495239,0.3538781404495239,0.0,0.5432999730110168
6,6,0.34185779094696045,0.05264672636985779,0.34185779094696045,0.34185779094696045,0.0,0.007799999788403511
6,7,0.4726635217666626,-0.01797066628932953,0.4726635217666626,0.4726635217666626,0.0,0.17229999601840973
6,8,0.3334462344646454,0.06337056308984756,0.3334462344646454,0.3334462344646454,0.0,0.0034000000450760126
6,9,0.3523339033126831,0.18357747793197632,0.3523339033126831,0.3523339033126831,0.0,0.0
6,10,0.4793928861618042,0.09175385534763336,0.4793928861618042,0.4793928861618042,0.0,0.0010999999940395355
6,11,0.469135046005249,0.1366354525089264,0.469135046005249,0.469135046005249,0.0,0.00019999999494757503
6,12,0.49596643447875977,0.1573261022567749,0.49596643447875977,0.49596643447875977,0.0,0.0
6,13,0.2643545866012573,0.21133214235305786,0.2643545866012573,0.2643545866012573,0.0,0.0
6,14,0.47087132930755615,0.103313148021698,0.47087132930755615,0.47087132930755615,0.0,0.000699999975040555
6,15,0.5187104344367981,0.029337378218770027,0.5187104344367981,0.5187104344367981,0.0,0.06270000338554382
6,16,0.47494643926620483,-0.02032601833343506,0.47494643926620483,0.47494643926620483,0.0,0.10570000112056732
6,17,0.46924877166748047,0.04146631062030792,0.46924877166748047,0.46924877166748047,0.0,0.0284000001847744
6,18,0.29235634207725525,0.014314990490674973,0.29235634207725525,0.29235634207725525,0.0,0.310699999332428
6,19,0.49342137575149536,0.0509529784321785,0.49342137575149536,0.49342137575149536,0.0,0.017799999564886093
6,20,0.4574475884437561,0.03844137489795685,0.4574475884437561,0.4574475884437561,0.0,0.03460000082850456
6,21,0.4294584393501282,-0.0092778280377388,0.4294584393501282,0.4294584393501282,0.0,0.49230000376701355
6,22,0.44454121589660645,0.03370394557714462,0.44454121589660645,0.44454121589660645,0.0,0.04569999873638153
6,23,0.5086966156959534,-0.01653018593788147,0.5086966156959534,0.5086966156959534,0.0,0.193900004029274
6,24,0.3026704788208008,0.11887987703084946,0.3026704788208008,0.3026704788208008,0.0,0.0
6,25,0.4761541485786438,0.2215050756931305,0.4761541485786438,0.4761541485786438,0.0,0.0
6,26,0.3758770227432251,0.10394911468029022,0.3758770227432251,0.3758770227432251,0.0,0.0003000000142492354
6,27,0.2099529653787613,0.06978128850460052,0.2099529653787613,0.2099529653787613,0.0,0.0006000000284984708
6,28,0.3158090114593506,0.07652677595615387,0.3158090114593506,0.3158090114593506,0.0,0.0008999999845400453
6,29,0.270687073469162,0.14398986101150513,0.270687073469162,0.270687073469162,0.0,0.0
6,30,0.21501068770885468,0.020590391010046005,0.21501068770885468,0.21501068770885468,0.0,0.11150000244379044
6,31,0.1527356505393982,0.010077156126499176,0.1527356505393982,0.1527356505393982,0.0,0.414900004863739
6,32,0.22789260745048523,0.0007878933101892471,0.22789260745048523,0.22789260745048523,0.0,0.9524999856948853
6,33,0.2572023868560791,-0.011531848460435867,0.2572023868560791,0.2572023868560791,0.0,0.38589999079704285
6,34,0.268717885017395,0.024370618164539337,0.268717885017395,0.268717885017395,0.0,0.09179999679327011
6,35,0.2216385304927826,-0.0029475805349648,0.2216385304927826,0.2216385304927826,0.0,0.8331999778747559
6,36,0.29369157552719116,0.016960393637418747,0.29369157552719116,0.29369157552719116,0.0,0.22509999573230743
6,37,0.4400956332683563,0.001161554828286171,0.4400956332683563,0.4400956332683563,0.0,0.9355000257492065
6,38,0.1389920711517334,-0.0030863527208566666,0.1389920711517334,0.1389920711517334,0.0,0.8174999952316284
6,39,0.4216121733188629,0.006714291870594025,0.4216121733188629,0.4216121733188629,0.0,0.6506999731063843
6,40,0.3382088541984558,0.022714000195264816,0.3382088541984558,0.3382088541984558,0.0,0.10199999809265137
6,41,0.2933693528175354,0.02839060127735138,0.2933693528175354,0.2933693528175354,0.0,0.049800001084804535
6,42,0.5157607793807983,0.05956602841615677,0.5157607793807983,0.5157607793807983,0.0,0.013100000098347664
6,43,0.5135635137557983,-0.012051224708557129,0.5135635137557983,0.5135635137557983,0.0,0.3723999857902527
6,44,0.5510798692703247,0.06038761883974075,0.5510798692703247,0.5510798692703247,0.0,0.012500000186264515
6,45,0.4948616623878479,0.026240622624754906,0.4948616623878479,0.4948616623878479,0.0,0.0737999975681305
6,46,0.44924139976501465,0.03428054600954056,0.44924139976501465,0.44924139976501465,0.0,0.04490000009536743
6,47,0.4926570951938629,0.048704490065574646,0.4926570951938629,0.4926570951938629,0.0,0.021900000050663948
6,48,0.4907781183719635,-0.01854589767754078,0.4907781183719635,0.4907781183719635,0.0,0.13359999656677246
6,49,0.4732654094696045,0.005631834268569946,0.4732654094696045,0.4732654094696045,0.0,0.7242000102996826
6,50,0.49580687284469604,0.022439928725361824,0.49580687284469604,0.49580687284469604,0.0,0.09430000185966492
6,51,0.45772963762283325,-0.015618758276104927,0.45772963762283325,0.45772963762283325,0.0,0.21809999644756317
6,52,0.47351378202438354,0.018652385100722313,0.47351378202438354,0.47351378202438354,0.0,0.14010000228881836
6,53,0.4937732219696045,-0.0032601673156023026,0.4937732219696045,0.4937732219696045,0.0,0.8431000113487244
6,54,0.3038847744464874,-0.008747332729399204,0.3038847744464874,0.3038847744464874,0.0,0.5651000142097473
6,55,0.09661606699228287,-0.010874409228563309,0.09661606699228287,0.09661606699228287,0.0,0.4147000014781952
6,56,0.3863620162010193,0.01500052958726883,0.3863620162010193,0.3863620162010193,0.0,0.2655999958515167
6,57,0.49560073018074036,0.0190628319978714,0.49560073018074036,0.49560073018074036,0.0,0.12189999967813492
6,58,0.464255154132843,0.02419021725654602,0.464255154132843,0.464255154132843,0.0,0.08100000023841858
6,59,0.4052906930446625,0.028987325727939606,0.4052906930446625,0.4052906930446625,0.0,0.05889999866485596
6,60,0.34608590602874756,0.011623106896877289,0.34608590602874756,0.34608590602874756,0.0,0.40450000762939453
6,61,0.39549320936203003,0.05244791507720947,0.39549320936203003,0.39549320936203003,0.0,0.011500000022351742
6,62,0.1703404188156128,0.010439352132380009,0.1703404188156128,0.1703404188156128,0.0,0.42489999532699585
6,63,0.47325238585472107,0.040752656757831573,0.47325238585472107,0.47325238585472107,0.0,0.03150000050663948
7,0,0.25941264629364014,0.011372614651918411,0.25941264629364014,0.25941264629364014,0.0,0.35569998621940613
7,1,0.25497546792030334,-0.0027866028249263763,0.25497546792030334,0.25497546792030334,0.0,0.8258000016212463
7,2,0.46044185757637024,0.0563742071390152,0.46044185757637024,0.46044185757637024,0.0,0.01140000019222498
7,3,0.4704349935054779,0.03855481743812561,0.4704349935054779,0.4704349935054779,0.0,0.034699998795986176
7,4,0.39862626791000366,0.03756154328584671,0.39862626791000366,0.39862626791000366,0.0,0.028599999845027924
7,5,0.212266743183136,-0.004515364766120911,0.212266743183136,0.212266743183136,0.0,0.7189000248908997
7,6,0.48498672246932983,0.0765080600976944,0.48498672246932983,0.48498672246932983,0.0,0.004800000227987766
7,7,0.4531033933162689,0.09608815610408783,0.4531033933162689,0.4531033933162689,0.0,0.001500000013038516
7,8,0.38184940814971924,0.024305056780576706,0.38184940814971924,0.38184940814971924,0.0,0.08089999854564667
7,9,0.44852179288864136,0.02434147521853447,0.44852179288864136,0.44852179288864136,0.0,0.08760000020265579
7,10,0.4563984274864197,-0.004442193079739809,0.4563984274864197,0.4563984274864197,0.0,0.7709000110626221
7,11,0.47745251655578613,0.01351737417280674,0.47745251655578613,0.47745251655578613,0.0,0.3407999873161316
7,12,0.4351840317249298,0.02119787409901619,0.4351840317249298,0.4351840317249298,0.0,0.12690000236034393
7,13,0.17870934307575226,0.11601624637842178,0.17870934307575226,0.17870934307575226,0.0,0.0
7,14,0.43143320083618164,0.02513977885246277,0.43143320083618164,0.43143320083618164,0.0,0.08169999718666077
7,15,0.4892367124557495,0.13143831491470337,0.4892367124557495,0.4892367124557495,0.0,0.00039999998989515007
7,16,0.5043787360191345,0.06886466592550278,0.5043787360191345,0.5043787360191345,0.0,0.007400000002235174
7,17,0.47714775800704956,0.08477313071489334,0.47714775800704956,0.47714775800704956,0.0,0.0027000000700354576
7,18,0.26550963521003723,-0.00014051981270313263,0.26550963521003723,0.26550963521003723,0.0,0.9908000230789185
7,19,0.4076583981513977,-0.015302727930247784,0.4076583981513977,0.4076583981513977,0.0,0.2492000013589859
7,20,0.4595807194709778,0.01698501594364643,0.4595807194709778,0.4595807194709778,0.0,0.18950000405311584
7,21,0.4415206015110016,0.17988501489162445,0.4415206015110016,0.4415206015110016,0.0,0.0
7,22,0.05972670391201973,-0.0175713449716568,0.05972670391201973,0.05972670391201973,0.0003000000142492354,0.1128000020980835
7,23,0.4931700825691223,0.025862477719783783,0.4931700825691223,0.4931700825691223,0.0,0.07349999994039536
7,24,0.24093972146511078,-0.002735598012804985,0.24093972146511078,0.24093972146511078,0.0,0.8500999808311462
7,25,0.36351126432418823,0.002591632306575775,0.36351126432418823,0.36351126432418823,0.0,0.8633000254631042
7,26,0.20755654573440552,0.005172498524188995,0.20755654573440552,0.20755654573440552,0.0,0.7052000164985657
7,27,0.3805714249610901,-0.0018880325369536877,0.3805714249610901,0.3805714249610901,0.0,0.8974000215530396
7,28,0.1454458236694336,-0.0013155899941921234,0.1454458236694336,0.1454458236694336,0.0,0.920199990272522
7,29,0.12093478441238403,0.014403457753360271,0.12093478441238403,0.12093478441238403,0.0,0.260699987411499
7,30,0.26228243112564087,0.016170764341950417,0.26228243112564087,0.26228243112564087,0.0,0.24040000140666962
7,31,0.2778676450252533,0.009632032364606857,0.2778676450252533,0.2778676450252533,0.0,0.5034000277519226
7,32,0.24590574204921722,-0.004479996860027313,0.24590574204921722,0.24590574204921722,0.0,0.7592999935150146
7,33,0.3048442602157593,0.0648425966501236,0.3048442602157593,0.3048442602157593,0.0,0.0024999999441206455
7,34,0.4194571375846863,0.013565599918365479,0.4194571375846863,0.4194571375846863,0.0,0.30140000581741333
7,35,0.26669836044311523,0.014571728184819221,0.26669836044311523,0.26669836044311523,0.0,0.23919999599456787
7,36,0.2269311100244522,-0.010140984319150448,0.2269311100244522,0.2269311100244522,0.0,0.43160000443458557
7,37,0.1516447216272354,-0.013821300119161606,0.1516447216272354,0.1516447216272354,0.0,0.33869999647140503
7,38,0.40950828790664673,-0.011777844280004501,0.40950828790664673,0.40950828790664673,0.0,0.38510000705718994
7,39,0.41993647813796997,-0.01844043657183647,0.41993647813796997,0.41993647813796997,0.0,0.1396999955177307
7,40,0.4968377947807312,0.015908820554614067,0.4968377947807312,0.4968377947807312,0.0,0.21369999647140503
7,41,0.3240954875946045,-0.009947739541530609,0.3240954875946045,0.3240954875946045,0.0,0.5110999941825867
7,42,0.32600826025009155,0.033925287425518036,0.32600826025009155,0.32600826025009155,0.0,0.03779999911785126
7,43,0.432578980922699,0.051723506301641464,0.432578980922699,0.432578980922699,0.0,0.01510000042617321
7,44,0.5002303123474121,0.024403948336839676,0.5002303123474121,0.5002303123474121,0.0,0.08309999853372574
7,45,0.2743667960166931,0.002644004300236702,0.2743667960166931,0.2743667960166931,0.0,0.8614000082015991
7,46,0.31555816531181335,-0.004572983831167221,0.31555816531181335,0.31555816531181335,0.0,0.7778000235557556
7,47,0.19302436709403992,-0.0019584614783525467,0.19302436709403992,0.19302436709403992,0.0,0.8925999999046326
7,48,0.4076644480228424,0.029349539428949356,0.4076644480228424,0.4076644480228424,0.0,0.055399999022483826
7,49,0.19631615281105042,-0.009600106626749039,0.19631615281105042,0.19631615281105042,0.0,0.4731999933719635
7,50,0.4049091935157776,0.04248424619436264,0.4049091935157776,0.4049091935157776,0.0,0.021800000220537186
7,51,0.4465392231941223,0.07255607843399048,0.4465392231941223,0.4465392231941223,0.0,0.003599999938160181
7,52,0.3394426107406616,0.06665917485952377,0.3394426107406616,0.3394426107406616,0.0,0.002400000113993883
7,53,0.27198293805122375,0.02392446994781494,0.27198293805122375,0.27198293805122375,0.0,0.07639999687671661
7,54,0.5111796259880066,0.103256955742836,0.5111796259880066,0.5111796259880066,0.0,0.0005000000237487257
7,55,0.3411504626274109,0.025645263493061066,0.3411504626274109,0.3411504626274109,0.0,0.07349999994039536
7,56,0.460899293422699,0.020857539027929306,0.460899293422699,0.460899293422699,0.0,0.09969999641180038
7,57,0.4919435977935791,0.05290970578789711,0.4919435977935791,0.4919435977935791,0.0,0.01850000023841858
7,58,0.4709886312484741,0.006830507889389992,0.4709886312484741,0.4709886312484741,0.0,0.6668000221252441
7,59,0.4890808165073395,0.11786680668592453,0.4890808165073395,0.4890808165073395,0.0,0.000699999975040555
7,60,0.4974992573261261,0.07742883265018463,0.4974992573261261,0.4974992573261261,0.0,0.004900000058114529
7,61,0.48521751165390015,0.00811973586678505,0.48521751165390015,0.48521751165390015,0.0,0.57669997215271
7,62,0.49254468083381653,0.05803534761071205,0.49254468083381653,0.49254468083381653,0.0,0.012900000438094139
7,63,0.48455318808555603,0.008102040737867355,0.48455318808555603,0.48455318808555603,0.0,0.5820000171661377
8,0,0.43777379393577576,-0.0069068241864442825,0.43777379393577576,0.43777379393577576,0.0,0.6467999815940857
8,1,0.49376431107521057,0.0837087333202362,0.49376431107521057,0.49376431107521057,0.0,0.0031999999191612005
8,2,0.49200326204299927,0.08302006125450134,0.49200326204299927,0.49200326204299927,0.0,0.0034000000450760126
8,3,0.49435681104660034,0.04873119294643402,0.49435681104660034,0.49435681104660034,0.0,0.021700000390410423
8,4,0.3755737841129303,0.01786416955292225,0.3755737841129303,0.3755737841129303,0.0,0.1808999925851822
8,5,0.4999185800552368,0.020973414182662964,0.4999185800552368,0.4999185800552368,0.0,0.10130000114440918
8,6,0.395272433757782,0.003943290561437607,0.395272433757782,0.395272433757782,0.0,0.7853999733924866
8,7,0.49610185623168945,0.04490619897842407,0.49610185623168945,0.49610185623168945,0.0,0.026000000536441803
8,8,0.46057993173599243,0.07633283734321594,0.46057993173599243,0.46057993173599243,0.0,0.0035000001080334187
8,9,0.41084110736846924,0.11841394007205963,0.41084110736846924,0.41084110736846924,0.0,0.00019999999494757503
8,10,0.39390262961387634,0.10205027461051941,0.39390262961387634,0.39390262961387634,0.0,0.00039999998989515007
8,11,0.3131442070007324,0.018741566687822342,0.3131442070007324,0.3131442070007324,0.0,0.11860000342130661
8,12,0.4713347554206848,0.03295455873012543,0.4713347554206848,0.4713347554206848,0.0,0.04989999905228615
8,13,0.13107158243656158,0.009461680427193642,0.13107158243656158,0.13107158243656158,0.0,0.46869999170303345
8,14,0.47895216941833496,0.06362034380435944,0.47895216941833496,0.47895216941833496,0.0,0.007899999618530273
8,15,0.42009273171424866,0.020611558109521866,0.42009273171424866,0.42009273171424866,0.0,0.11259999871253967
8,16,0.4920004606246948,0.05071604996919632,0.4920004606246948,0.4920004606246948,0.0,0.0203000009059906
8,17,0.4992362856864929,0.07000818848609924,0.4992362856864929,0.4992362856864929,0.0,0.0066999997943639755
8,18,0.4931546747684479,0.07270872592926025,0.4931546747684479,0.4931546747684479,0.0,0.006500000134110451
8,19,0.5094567537307739,0.011344507336616516,0.5094567537307739,0.5094567537307739,0.0,0.4230000078678131
8,20,0.3507063686847687,0.03074212372303009,0.3507063686847687,0.3507063686847687,0.0,0.04670000076293945
8,21,0.4916636347770691,0.12715262174606323,0.4916636347770691,0.4916636347770691,0.0,0.0005000000237487257
8,22,0.49418142437934875,0.11260481923818588,0.49418142437934875,0.49418142437934875,0.0,0.0007999999797903001
8,23,0.45401328802108765,0.023642396554350853,0.45401328802108765,0.45401328802108765,0.0,0.08070000261068344
8,24,0.11798472702503204,-0.012881778180599213,0.11798472702503204,0.11798472702503204,0.0,0.2581000030040741
8,25,0.4397347867488861,0.015836317092180252,0.4397347867488861,0.4397347867488861,0.0,0.23839999735355377
8,26,0.3908052444458008,0.005204403307288885,0.3908052444458008,0.3908052444458008,0.0,0.7184000015258789
8,27,0.3972545564174652,0.0016483011422678828,0.3972545564174652,0.3972545564174652,0.0,0.91839998960495
8,28,0.4729342460632324,0.029407471418380737,0.4729342460632324,0.4729342460632324,0.0,0.060499999672174454
8,29,0.2960236072540283,0.039503343403339386,0.2960236072540283,0.2960236072540283,0.0,0.0284000001847744
8,30,0.37427961826324463,0.005408068187534809,0.37427961826324463,0.37427961826324463,0.0,0.6991999745368958
8,31,0.48800361156463623,0.11011067032814026,0.48800361156463623,0.48800361156463623,0.0,0.0007999999797903001
8,32,0.41742873191833496,0.05406918376684189,0.41742873191833496,0.41742873191833496,0.0,0.011500000022351742
8,33,0.4212193489074707,0.008944407105445862,0.4212193489074707,0.4212193489074707,0.0,0.49470001459121704
8,34,0.48516523838043213,0.042901620268821716,0.48516523838043213,0.48516523838043213,0.0,0.029200000688433647
8,35,0.49052566289901733,0.0854177474975586,0.49052566289901733,0.49052566289901733,0.0,0.0034000000450760126
8,36,0.4906141459941864,0.03440406173467636,0.4906141459941864,0.4906141459941864,0.0,0.047600001096725464
8,37,0.4878332018852234,0.049538504332304,0.4878332018852234,0.4878332018852234,0.0,0.020099999383091927
8,38,0.4971843659877777,0.058319151401519775,0.4971843659877777,0.4971843659877777,0.0,0.01269999984651804
8,39,0.48550093173980713,0.04432474076747894,0.48550093173980713,0.48550093173980713,0.0,0.02590000070631504
8,40,0.46429818868637085,0.01662212237715721,0.46429818868637085,0.46429818868637085,0.0,0.21150000393390656
8,41,0.4401857256889343,0.021967396140098572,0.4401857256889343,0.4401857256889343,0.0,0.09489999711513519
8,42,0.4226478934288025,0.012595566920936108,0.4226478934288025,0.4226478934288025,0.0,0.32109999656677246
8,43,0.330774188041687,0.0043578920885920525,0.330774188041687,0.330774188041687,0.0,0.7648000121116638
8,44,0.2617717981338501,0.03352770209312439,0.2617717981338501,0.2617717981338501,0.0,0.031599998474121094
8,45,0.4082087278366089,0.007137209177017212,0.4082087278366089,0.4082087278366089,0.0,0.6200000047683716
8,46,0.2771172821521759,0.0074900416657328606,0.2771172821521759,0.2771172821521759,0.0,0.597100019454956
8,47,0.3847528100013733,0.03175448998808861,0.3847528100013733,0.3847528100013733,0.0,0.050999999046325684
8,48,0.44934895634651184,0.029368942603468895,0.44934895634651184,0.44934895634651184,0.0,0.05959999933838844
8,49,0.498786985874176,0.06676186621189117,0.498786985874176,0.498786985874176,0.0,0.008799999952316284
8,50,0.2777905762195587,0.00605820445343852,0.2777905762195587,0.2777905762195587,0.0,0.6504999995231628
8,51,0.45403435826301575,0.03591638058423996,0.45403435826301575,0.45403435826301575,0.0,0.03959999978542328
8,52,0.34415000677108765,0.007725618779659271,0.34415000677108765,0.34415000677108765,0.0,0.6236000061035156
8,53,0.4111320376396179,0.019022930413484573,0.4111320376396179,0.4111320376396179,0.0,0.16949999332427979
8,54,0.30320948362350464,0.008287645876407623,0.30320948362350464,0.30320948362350464,0.0,0.5636000037193298
8,55,0.3956912159919739,0.011374017223715782,0.3956912159919739,0.3956912159919739,0.0,0.4174000024795532
8,56,0.5150091648101807,0.009246941655874252,0.5150091648101807,0.5150091648101807,0.0,0.5174999833106995
8,57,0.4908466935157776,0.015895284712314606,0.4908466935157776,0.4908466935157776,0.0,0.19859999418258667
8,58,0.4906112551689148,0.09554383903741837,0.4906112551689148,0.4906112551689148,0.0,0.0015999999595806003
8,59,0.5159773826599121,0.022419093176722527,0.5159773826599121,0.5159773826599121,0.0,0.09130000323057175
8,60,0.5014184713363647,0.14371401071548462,0.5014184713363647,0.5014184713363647,0.0,0.0003000000142492354
8,61,0.5195683240890503,0.04108781740069389,0.5195683240890503,0.5195683240890503,0.0,0.033799998462200165
8,62,0.500426173210144,0.04561048746109009,0.500426173210144,0.500426173210144,0.0,0.02539999969303608
8,63,0.4929736256599426,0.0556793138384819,0.4929736256599426,0.4929736256599426,0.0,0.014399999752640724
9,0,0.49262017011642456,0.03042053058743477,0.49262017011642456,0.49262017011642456,0.0,0.061000000685453415
9,1,0.49510443210601807,0.08313871920108795,0.49510443210601807,0.49510443210601807,0.0,0.0034000000450760126
9,2,0.06321333348751068,-0.003541187383234501,0.06321333348751068,0.06321333348751068,0.0007999999797903001,0.8007000088691711
9,3,0.16463378071784973,-0.005816042423248291,0.16463378071784973,0.16463378071784973,0.0,0.6732000112533569
9,4,0.4154137074947357,0.0128752076998353,0.4154137074947357,0.4154137074947357,0.0,0.29919999837875366
9,5,0.424506276845932,-0.017859293147921562,0.424506276845932,0.424506276845932,0.0,0.12870000302791595
9,6,0.2725770175457001,0.0037909923121333122,0.2725770175457001,0.2725770175457001,0.0,0.8025000095367432
9,7,0.07978606224060059,-0.009453363716602325,0.07978606224060059,0.07978606224060059,0.0,0.4584999978542328
9,8,0.4420521855354309,0.015970224514603615,0.4420521855354309,0.4420521855354309,0.0,0.2207999974489212
9,9,0.39318519830703735,0.06721672415733337,0.39318519830703735,0.39318519830703735,0.0,0.003700000001117587
9,10,0.08440212905406952,0.010356087237596512,0.08440212905406952,0.08440212905406952,0.0,0.4065000116825104
9,11,0.2326243668794632,0.012743357568979263,0.2326243668794632,0.2326243668794632,0.0,0.36660000681877136
9,12,0.1348179578781128,-0.006241396069526672,0.1348179578781128,0.1348179578781128,0.0,0.6452999711036682
9,13,0.2904554009437561,0.041656795889139175,0.2904554009437561,0.2904554009437561,0.0,0.018799999728798866
9,14,0.2939765453338623,0.02676832675933838,0.2939765453338623,0.2939765453338623,0.0,0.06599999964237213
9,15,0.2837573289871216,0.018283607438206673,0.2837573289871216,0.2837573289871216,0.0,0.186599999666214
9,16,0.4843916594982147,0.02563728764653206,0.4843916594982147,0.4843916594982147,0.0,0.07490000128746033
9,17,0.450432151556015,-0.0011504553258419037,0.450432151556015,0.450432151556015,0.0,0.9445000290870667
9,18,0.46318575739860535,0.029448755085468292,0.46318575739860535,0.46318575739860535,0.0,0.06350000202655792
9,19,0.4967711567878723,0.06598161160945892,0.4967711567878723,0.4967711567878723,0.0,0.00989999994635582
9,20,0.4923872947692871,0.03389926254749298,0.4923872947692871,0.4923872947692871,0.0,0.04919999837875366
9,21,0.47495174407958984,0.005829257890582085,0.47495174407958984,0.47495174407958984,0.0,0.7021999955177307
9,22,0.4895792007446289,0.015741940587759018,0.4895792007446289,0.4895792007446289,0.0,0.21230000257492065
9,23,0.48472774028778076,0.01220666617155075,0.48472774028778076,0.48472774028778076,0.0,0.35850000381469727
9,24,0.5124364495277405,0.046192314475774765,0.5124364495277405,0.5124364495277405,0.0,0.02500000037252903
9,25,0.4745060205459595,0.011229665949940681,0.4745060205459595,0.4745060205459595,0.0,0.4228000044822693
9,26,0.44686758518218994,0.05473875254392624,0.44686758518218994,0.44686758518218994,0.0,0.013899999670684338
9,27,0.4377380907535553,0.01545155793428421,0.4377380907535553,0.4377380907535553,0.0,0.2231999933719635
9,28,0.4991396963596344,0.016556555405259132,0.4991396963596344,0.4991396963596344,0.0,0.17900000512599945
9,29,0.4960670471191406,0.06457166373729706,0.4960670471191406,0.4960670471191406,0.0,0.010300000198185444
9,30,0.20985805988311768,0.0023706182837486267,0.20985805988311768,0.20985805988311768,0.0,0.859000027179718
9,31,0.37587088346481323,-0.01444614864885807,0.37587088346481323,0.37587088346481323,0.0,0.2401999980211258
9,32,0.3770044147968292,0.21729189157485962,0.3770044147968292,0.3770044147968292,0.0,0.0
9,33,0.48213520646095276,0.030008714646100998,0.48213520646095276,0.48213520646095276,0.0,0.057100001722574234
9,34,0.5031246542930603,0.044769853353500366,0.5031246542930603,0.5031246542930603,0.0,0.025699999183416367
9,35,0.4938738942146301,0.09363878518342972,0.4938738942146301,0.4938738942146301,0.0,0.001500000013038516
9,36,0.3603900074958801,0.0624716654419899,0.3603900074958801,0.3603900074958801,0.0,0.004800000227987766
9,37,0.42942386865615845,0.054050080478191376,0.42942386865615845,0.42942386865615845,0.0,0.011900000274181366
9,38,0.4902670681476593,0.0432467982172966,0.4902670681476593,0.4902670681476593,0.0,0.02539999969303608
9,39,0.49094516038894653,0.10329301655292511,0.49094516038894653,0.49094516038894653,0.0,0.0007999999797903001
9,40,0.49723750352859497,0.03003334067761898,0.49723750352859497,0.49723750352859497,0.0,0.061400000005960464
9,41,0.5098942518234253,-0.014924220740795135,0.5098942518234253,0.5098942518234253,0.0,0.2596000134944916
9,42,0.5015549063682556,0.20184268057346344,0.5015549063682556,0.5015549063682556,0.0,0.0
9,43,0.493927001953125,0.14214690029621124,0.493927001953125,0.493927001953125,0.0,0.0003000000142492354
9,44,0.48810067772865295,0.06276237964630127,0.48810067772865295,0.48810067772865295,0.0,0.010499999858438969
9,45,0.4969311058521271,0.09528086334466934,0.4969311058521271,0.4969311058521271,0.0,0.0017999999690800905
9,46,0.4948239028453827,0.15532845258712769,0.4948239028453827,0.4948239028453827,0.0,0.0003000000142492354
9,47,0.40543562173843384,0.012670864351093769,0.40543562173843384,0.40543562173843384,0.0,0.3497999906539917
9,48,0.48405277729034424,0.08142241835594177,0.48405277729034424,0.48405277729034424,0.0,0.0034000000450760126
9,49,0.5028235912322998,0.1346103399991989,0.5028235912322998,0.5028235912322998,0.0,0.00039999998989515007
9,50,0.48632189631462097,0.014552641659975052,0.48632189631462097,0.48632189631462097,0.0,0.2612999975681305
9,51,0.4926230311393738,0.09592927992343903,0.4926230311393738,0.4926230311393738,0.0,0.0017999999690800905
9,52,0.49894705414772034,0.1343158334493637,0.49894705414772034,0.49894705414772034,0.0,0.0003000000142492354
9,53,0.4542413353919983,0.17417581379413605,0.4542413353919983,0.4542413353919983,0.0,0.0
9,54,0.43313491344451904,0.030545763671398163,0.43313491344451904,0.43313491344451904,0.0,0.054099999368190765
9,55,0.4459012448787689,0.043965667486190796,0.4459012448787689,0.4459012448787689,0.0,0.023600000888109207
9,56,0.4965548813343048,0.16959139704704285,0.4965548813343048,0.4965548813343048,0.0,9.999999747378752e-05
9,57,0.5108101963996887,0.10394352674484253,0.5108101963996887,0.5108101963996887,0.0,0.000699999975040555
9,58,0.5281073451042175,0.1294066309928894,0.5281073451042175,0.5281073451042175,0.0,0.0005000000237487257
9,59,0.5049208998680115,0.10175816714763641,0.5049208998680115,0.5049208998680115,0.0,0.001500000013038516
9,60,0.46994560956954956,0.0407259538769722,0.46994560956954956,0.46994560956954956,0.0,0.032099999487400055
9,61,0.49575087428092957,0.03052600286900997,0.49575087428092957,0.49575087428092957,0.0,0.060100000351667404
9,62,0.4888308644294739,0.20533184707164764,0.4888308644294739,0.4888308644294739,0.0,0.0
9,63,0.4960472285747528,0.06464864313602448,0.4960472285747528,0.4960472285747528,0.0,0.008700000122189522
10,0,0.5005828142166138,0.1811547875404358,0.5005828142166138,0.5005828142166138,0.0,0.0
10,1,0.5005200505256653,0.14922340214252472,0.5005200505256653,0.5005200505256653,0.0,9.999999747378752e-05
10,2,0.4870727062225342,0.037860602140426636,0.4870727062225342,0.4870727062225342,0.0,0.03739999979734421
10,3,0.5049668550491333,0.1246705949306488,0.5049668550491333,0.5049668550491333,0.0,0.0005000000237487257
10,4,0.4981635808944702,0.14863809943199158,0.4981635808944702,0.4981635808944702,0.0,0.0003000000142492354
10,5,0.5010805130004883,0.17877307534217834,0.5010805130004883,0.5010805130004883,0.0,0.0
10,6,0.5015512108802795,0.06428542733192444,0.5015512108802795,0.5015512108802795,0.0,0.008999999612569809
10,7,0.23752212524414062,-0.004552864003926516,0.23752212524414062,0.23752212524414062,0.0,0.7738000154495239
10,8,0.4880288243293762,0.06856562197208405,0.4880288243293762,0.4880288243293762,0.0,0.007000000216066837
10,9,0.5039384365081787,0.10042591392993927,0.5039384365081787,0.5039384365081787,0.0,0.00139999995008111
10,10,0.3382912576198578,0.00664524594321847,0.3382912576198578,0.3382912576198578,0.0,0.6527000069618225
10,11,0.5163856744766235,0.06208551675081253,0.5163856744766235,0.5163856744766235,0.0,0.010900000110268593
10,12,0.14826644957065582,-0.011490575969219208,0.14826644957065582,0.14826644957065582,0.0,0.35030001401901245
10,13,0.4909525513648987,0.19257912039756775,0.4909525513648987,0.4909525513648987,0.0,0.0
10,14,0.5019245743751526,0.19399812817573547,0.5019245743751526,0.5019245743751526,0.0,0.0
10,15,0.5088353753089905,0.040184736251831055,0.5088353753089905,0.5088353753089905,0.0,0.0348999984562397
10,16,0.04557853192090988,-0.01463000476360321,0.04557853192090988,0.04557853192090988,0.002899999963119626,0.18000000715255737
10,17,0.21016407012939453,-0.011825725436210632,0.21016407012939453,0.21016407012939453,0.0,0.3808000087738037
10,18,0.15710940957069397,-0.0032022446393966675,0.15710940957069397,0.15710940957069397,0.0,0.820900022983551
10,19,0.129044771194458,-0.009346146136522293,0.129044771194458,0.129044771194458,0.0,0.44519999623298645
10,20,0.290256530046463,-0.0037115411832928658,0.290256530046463,0.290256530046463,0.0,0.7803000211715698
10,21,0.4637426435947418,-0.004133742302656174,0.4637426435947418,0.4637426435947418,0.0,0.7871000170707703
10,22,0.4990443289279938,0.013606199994683266,0.4990443289279938,0.4990443289279938,0.0,0.2962000072002411
10,23,0.4332636296749115,-0.011067663319408894,0.4332636296749115,0.4332636296749115,0.0,0.40700000524520874
10,24,0.5023109912872314,0.08213745802640915,0.5023109912872314,0.5023109912872314,0.0,0.003599999938160181
10,25,0.1923408806324005,0.20971819758415222,0.20971819758415222,0.20971819758415222,0.0,0.0
10,26,0.4121047854423523,0.3037216067314148,0.4121047854423523,0.4121047854423523,0.0,0.0
10,27,0.5008162260055542,0.20112104713916779,0.5008162260055542,0.5008162260055542,0.0,0.0
10,28,0.44642072916030884,0.17239949107170105,0.44642072916030884,0.44642072916030884,0.0,0.0
10,29,0.3939879536628723,0.09146314114332199,0.3939879536628723,0.3939879536628723,0.0,0.0008999999845400453
10,30,0.48109009861946106,0.2563421130180359,0.48109009861946106,0.48109009861946106,0.0,0.0
10,31,0.49794766306877136,0.05174538865685463,0.49794766306877136,0.49794766306877136,0.0,0.018200000748038292
10,32,0.5437198877334595,0.03949051350355148,0.5437198877334595,0.5437198877334595,0.0,0.037300001829862595
10,33,0.5133305191993713,-0.004924774169921875,0.5133305191993713,0.5133305191993713,0.0,0.7508000135421753
10,34,0.5738997459411621,0.012778742238879204,0.5738997459411621,0.5738997459411621,0.0,0.3328000009059906
10,35,0.38549643754959106,0.2482924610376358,0.38549643754959106,0.38549643754959106,0.0,0.0
10,36,0.5116433501243591,0.032159022986888885,0.5116433501243591,0.5116433501243591,0.0,0.05420000106096268
10,37,0.520016074180603,0.024111110717058182,0.520016074180603,0.520016074180603,0.0,0.08510000258684158
10,38,0.5330432653427124,0.0692584365606308,0.5330432653427124,0.5330432653427124,0.0,0.008799999952316284
10,39,0.4931867718696594,0.023345783352851868,0.4931867718696594,0.4931867718696594,0.0,0.08900000154972076
10,40,0.4616728723049164,0.02262621931731701,0.4616728723049164,0.4616728723049164,0.0,0.08380000293254852
10,41,0.29773586988449097,0.11770619451999664,0.29773586988449097,0.29773586988449097,0.0,0.0
10,42,0.5338512659072876,0.06560759246349335,0.5338512659072876,0.5338512659072876,0.0,0.008500000461935997
10,43,0.16440735757350922,0.00889340415596962,0.16440735757350922,0.16440735757350922,0.0,0.498199999332428
10,44,0.12599976360797882,0.015042167156934738,0.12599976360797882,0.12599976360797882,0.0,0.22179999947547913
10,45,0.40790554881095886,0.07100734114646912,0.40790554881095886,0.40790554881095886,0.0,0.0034000000450760126
10,46,0.12242378294467926,0.016349419951438904,0.12242378294467926,0.12242378294467926,0.0,0.1680999994277954
10,47,0.08749550580978394,0.000807320699095726,0.08749550580978394,0.08749550580978394,0.0,0.9496999979019165
10,48,0.4380359947681427,-0.01996452547609806,0.4380359947681427,0.4380359947681427,0.0,0.10670000314712524
10,49,0.2682076394557953,0.07897373288869858,0.2682076394557953,0.2682076394557953,0.0,0.000699999975040555
10,50,0.10303208976984024,-0.000658838078379631,0.10303208976984024,0.10303208976984024,0.0,0.9564999938011169
10,51,0.27653205394744873,-0.016398347914218903,0.27653205394744873,0.27653205394744873,0.0,0.2160000056028366
10,52,0.43540287017822266,0.03034663200378418,0.43540287017822266,0.43540287017822266,0.0,0.05739999935030937
10,53,0.4756566286087036,0.04297724738717079,0.4756566286087036,0.4756566286087036,0.0,0.02930000051856041
10,54,0.4939144253730774,0.018947644159197807,0.4939144253730774,0.4939144253730774,0.0,0.14550000429153442
10,55,0.493221253156662,-0.009215346537530422,0.493221253156662,0.493221253156662,0.0,0.5375000238418579
10,56,0.49704107642173767,0.09322941303253174,0.49704107642173767,0.49704107642173767,0.0,0.002099999925121665
10,57,0.39113885164260864,0.023959502577781677,0.39113885164260864,0.39113885164260864,0.0,0.07410000264644623
10,58,0.49624842405319214,0.10760577768087387,0.49624842405319214,0.49624842405319214,0.0,0.0008999999845400453
10,59,0.49399152398109436,0.0006133988499641418,0.49399152398109436,0.49399152398109436,0.0,0.9710000157356262
10,60,0.5030931234359741,0.07911216467618942,0.5030931234359741,0.5030931234359741,0.0,0.004100000020116568
10,61,0.5389077067375183,0.18824133276939392,0.5389077067375183,0.5389077067375183,0.0,0.0
10,62,0.3889473080635071,0.24355262517929077,0.3889473080635071,0.3889473080635071,0.0,0.0
10,63,0.3989294171333313,0.08937110006809235,0.3989294171333313,0.3989294171333313,0.0,0.0017999999690800905
11,0,0.49719324707984924,0.12879985570907593,0.49719324707984924,0.49719324707984924,0.0,0.0005000000237487257
11,1,0.4122866094112396,0.13189281523227692,0.4122866094112396,0.4122866094112396,0.0,0.00019999999494757503
11,2,0.5127899646759033,0.17042230069637299,0.5127899646759033,0.5127899646759033,0.0,0.0
11,3,0.5082261562347412,0.2046487182378769,0.5082261562347412,0.5082261562347412,0.0,0.0
11,4,0.5091068744659424,0.05347070470452309,0.5091068744659424,0.5091068744659424,0.0,0.017799999564886093
11,5,0.4938153922557831,0.14086568355560303,0.4938153922557831,0.4938153922557831,0.0,0.0003000000142492354
11,6,0.5102460980415344,0.06021829694509506,0.5102460980415344,0.5102460980415344,0.0,0.011599999852478504
11,7,0.3532494902610779,0.11101235449314117,0.3532494902610779,0.3532494902610779,0.0,0.00019999999494757503
11,8,0.49212223291397095,0.013058030977845192,0.49212223291397095,0.49212223291397095,0.0,0.30169999599456787
11,9,0.49808037281036377,0.02636898308992386,0.49808037281036377,0.49808037281036377,0.0,0.07599999755620956
11,10,0.21415352821350098,0.07313063740730286,0.21415352821350098,0.21415352821350098,0.0,0.00019999999494757503
11,11,0.07298203557729721,0.22050654888153076,0.22050654888153076,0.22050654888153076,0.0,0.0
11,12,0.44665849208831787,0.15760676562786102,0.44665849208831787,0.44665849208831787,0.0,0.0
11,13,0.20915958285331726,0.5701744556427002,0.5701744556427002,0.5701744556427002,0.0,0.0
11,14,0.24182605743408203,0.031185172498226166,0.24182605743408203,0.24182605743408203,0.0,0.0364999994635582
11,15,0.45666345953941345,0.041375771164894104,0.45666345953941345,0.45666345953941345,0.0,0.02930000051856041
11,16,0.5054015517234802,0.09415847063064575,0.5054015517234802,0.5054015517234802,0.0,0.0019000000320374966
11,17,0.5030999183654785,0.1138506829738617,0.5030999183654785,0.5030999183654785,0.0,0.0006000000284984708
11,18,0.4977719783782959,0.18611012399196625,0.4977719783782959,0.4977719783782959,0.0,0.0
11,19,0.517049252986908,0.0996970385313034,0.517049252986908,0.517049252986908,0.0,0.0010000000474974513
11,20,0.5010501146316528,0.21826431155204773,0.5010501146316528,0.5010501146316528,0.0,0.0
11,21,0.5032533407211304,0.14306558668613434,0.5032533407211304,0.5032533407211304,0.0,0.0003000000142492354
11,22,0.5079680681228638,0.09846366941928864,0.5079680681228638,0.5079680681228638,0.0,0.0012000000569969416
11,23,0.4917590320110321,0.05756457895040512,0.4917590320110321,0.4917590320110321,0.0,0.013199999928474426
11,24,0.3336966037750244,0.03439920395612717,0.3336966037750244,0.3336966037750244,0.0,0.03449999913573265
11,25,0.3609280586242676,0.011434365063905716,0.3609280586242676,0.3609280586242676,0.0,0.3582000136375427
11,26,0.447226345539093,0.1308859884738922,0.447226345539093,0.447226345539093,0.0,0.00019999999494757503
11,27,0.49064329266548157,0.19435645639896393,0.49064329266548157,0.49064329266548157,0.0,0.0
11,28,0.4728957414627075,0.03890037164092064,0.4728957414627075,0.4728957414627075,0.0,0.033900000154972076
11,29,0.38538962602615356,0.07980985194444656,0.38538962602615356,0.38538962602615356,0.0,0.0017999999690800905
11,30,0.3855073153972626,0.11933713406324387,0.3855073153972626,0.3855073153972626,0.0,0.0
11,31,0.47427353262901306,0.08175583183765411,0.47427353262901306,0.47427353262901306,0.0,0.002400000113993883
11,32,0.1482323259115219,0.042850248515605927,0.1482323259115219,0.1482323259115219,0.0,0.004399999976158142
11,33,0.3337830901145935,0.016742490231990814,0.3337830901145935,0.3337830901145935,0.0,0.20149999856948853
11,34,0.28019315004348755,0.03550869971513748,0.28019315004348755,0.28019315004348755,0.0,0.0203000009059906
11,35,0.10907677561044693,-0.009886328130960464,0.10907677561044693,0.10907677561044693,0.0,0.4180999994277954
11,36,0.08955110609531403,0.006288928911089897,0.08955110609531403,0.08955110609531403,0.0,0.6049000024795532
11,37,0.4131770133972168,0.03497786819934845,0.4131770133972168,0.4131770133972168,0.0,0.034699998795986176
11,38,0.12906789779663086,-0.0016868077218532562,0.12906789779663086,0.12906789779663086,0.0,0.8982999920845032
11,39,0.4699748754501343,0.06274154782295227,0.4699748754501343,0.4699748754501343,0.0,0.008299999870359898
11,40,0.06298401951789856,0.12958568334579468,0.12958568334579468,0.12958568334579468,9.999999747378752e-05,0.0
11,41,0.08645979315042496,-0.0029264092445373535,0.08645979315042496,0.08645979315042496,0.0,0.829800009727478
11,42,0.09194925427436829,0.11479885876178741,0.11479885876178741,0.11479885876178741,0.0,0.0
11,43,0.24441783130168915,0.3704501688480377,0.3704501688480377,0.3704501688480377,0.0,0.0
11,44,0.4758981466293335,0.04953017830848694,0.4758981466293335,0.4758981466293335,0.0,0.017899999395012856
11,45,0.12465029954910278,0.41496047377586365,0.41496047377586365,0.41496047377586365,0.0,0.0
11,46,0.03787963092327118,0.07790723443031311,0.07790723443031311,0.07790723443031311,0.005400000140070915,0.0
11,47,0.07859934866428375,0.07578398287296295,0.07859934866428375,0.07859934866428375,0.0,9.999999747378752e-05
11,48,0.4618830978870392,-0.012919249013066292,0.4618830978870392,0.4618830978870392,0.0,0.3709000051021576
11,49,0.49012136459350586,0.049963176250457764,0.49012136459350586,0.49012136459350586,0.0,0.021199999377131462
11,50,0.4959322512149811,0.01589597389101982,0.4959322512149811,0.4959322512149811,0.0,0.20909999310970306
11,51,0.5012245774269104,0.04735870659351349,0.5012245774269104,0.5012245774269104,0.0,0.02410000003874302
11,52,0.3068337142467499,0.013514955528080463,0.3068337142467499,0.3068337142467499,0.0,0.29739999771118164
11,53,0.42577657103538513,0.00898360088467598,0.42577657103538513,0.42577657103538513,0.0,0.5508999824523926
11,54,0.4899408519268036,0.029985100030899048,0.4899408519268036,0.4899408519268036,0.0,0.05889999866485596
11,55,0.19279222190380096,0.015614617615938187,0.19279222190380096,0.19279222190380096,0.0,0.22529999911785126
11,56,0.49672529101371765,0.2786959409713745,0.49672529101371765,0.49672529101371765,0.0,0.0
11,57,0.5039981603622437,0.2066078633069992,0.5039981603622437,0.5039981603622437,0.0,0.0
11,58,0.510362982749939,0.12384559959173203,0.510362982749939,0.510362982749939,0.0,0.0005000000237487257
11,59,0.49860846996307373,0.10008662194013596,0.49860846996307373,0.49860846996307373,0.0,0.0017000000225380063
11,60,0.5034908056259155,0.07391779869794846,0.5034908056259155,0.5034908056259155,0.0,0.006000000052154064
11,61,0.5064064264297485,0.20927757024765015,0.5064064264297485,0.5064064264297485,0.0,0.0
11,62,0.4427035450935364,0.059307560324668884,0.4427035450935364,0.4427035450935364,0.0,0.008700000122189522
11,63,0.5891503095626831,0.061543598771095276,0.5891503095626831,0.5891503095626831,0.0,0.01140000019222498
12,0,0.24852296710014343,-0.0028209611773490906,0.24852296710014343,0.24852296710014343,0.0,0.8540999889373779
12,1,0.4634231925010681,0.02032637409865856,0.4634231925010681,0.4634231925010681,0.0,0.11659999936819077
12,2,0.4813702702522278,0.028819750994443893,0.4813702702522278,0.4813702702522278,0.0,0.06300000101327896
12,3,0.4756724536418915,0.031819380819797516,0.4756724536418915,0.4756724536418915,0.0,0.052799999713897705
12,4,0.47425970435142517,0.019802827388048172,0.47425970435142517,0.47425970435142517,0.0,0.1257999986410141
12,5,0.49158453941345215,0.032509785145521164,0.49158453941345215,0.49158453941345215,0.0,0.051899999380111694
12,6,0.18987417221069336,0.008693210780620575,0.18987417221069336,0.18987417221069336,0.0,0.5547999739646912
12,7,0.3612551987171173,0.002003554254770279,0.3612551987171173,0.3612551987171173,0.0,0.8902999758720398
12,8,0.4717324674129486,0.08567170798778534,0.4717324674129486,0.4717324674129486,0.0,0.002899999963119626
12,9,0.5966262817382812,0.02370832860469818,0.5966262817382812,0.5966262817382812,0.0,0.0820000022649765
12,10,0.389313280582428,0.27547910809516907,0.389313280582428,0.389313280582428,0.0,0.0
12,11,0.5024927854537964,0.07280208170413971,0.5024927854537964,0.5024927854537964,0.0,0.00570000009611249
12,12,0.44265124201774597,0.050399962812662125,0.44265124201774597,0.44265124201774597,0.0,0.017899999395012856
12,13,0.5157635807991028,0.05415833741426468,0.5157635807991028,0.5157635807991028,0.0,0.018200000748038292
12,14,0.5098682641983032,0.18126654624938965,0.5098682641983032,0.5098682641983032,0.0,0.0
12,15,0.5124738216400146,0.0875871405005455,0.5124738216400146,0.5124738216400146,0.0,0.002400000113993883
12,16,0.4952298104763031,0.03335526958107948,0.4952298104763031,0.4952298104763031,0.0,0.051100000739097595
12,17,0.48730844259262085,0.028931470587849617,0.48730844259262085,0.48730844259262085,0.0,0.05909999832510948
12,18,0.43776363134384155,0.09584671258926392,0.43776363134384155,0.43776363134384155,0.0,0.0008999999845400453
12,19,0.5027520656585693,0.14961019158363342,0.5027520656585693,0.5027520656585693,0.0,0.00019999999494757503
12,20,0.4945361614227295,0.039374642074108124,0.4945361614227295,0.4945361614227295,0.0,0.03689999878406525
12,21,0.5044490098953247,0.1613849401473999,0.5044490098953247,0.5044490098953247,0.0,0.00019999999494757503
12,22,0.39675456285476685,0.011305995285511017,0.39675456285476685,0.39675456285476685,0.0,0.39070001244544983
12,23,0.4931989312171936,0.06786204874515533,0.4931989312171936,0.4931989312171936,0.0,0.007499999832361937
12,24,0.49864739179611206,0.1927495002746582,0.49864739179611206,0.49864739179611206,0.0,0.0
12,25,0.495723694562912,0.19384582340717316,0.495723694562912,0.495723694562912,0.0,0.0
12,26,0.5038536190986633,0.1247243583202362,0.5038536190986633,0.5038536190986633,0.0,0.00039999998989515007
12,27,0.48922213912010193,0.17568254470825195,0.48922213912010193,0.48922213912010193,0.0,0.0
12,28,0.5068792104721069,0.17837966978549957,0.5068792104721069,0.5068792104721069,0.0,9.999999747378752e-05
12,29,0.5008803606033325,0.19712227582931519,0.5008803606033325,0.5008803606033325,0.0,0.0
12,30,0.4923567771911621,0.08332329243421555,0.4923567771911621,0.4923567771911621,0.0,0.002899999963119626
12,31,0.5044774413108826,0.10521125793457031,0.5044774413108826,0.5044774413108826,0.0,0.0007999999797903001
12,32,0.5027776956558228,0.04287315905094147,0.5027776956558228,0.5027776956558228,0.0,0.02930000051856041
12,33,0.38334864377975464,0.1463979333639145,0.38334864377975464,0.38334864377975464,0.0,9.999999747378752e-05
12,34,0.5038613080978394,0.07740487158298492,0.5038613080978394,0.5038613080978394,0.0,0.004900000058114529
12,35,0.49948135018348694,0.05653103068470955,0.49948135018348694,0.49948135018348694,0.0,0.0142000000923872
12,36,0.42420560121536255,0.020083878189325333,0.42420560121536255,0.42420560121536255,0.0,0.10499999672174454
12,37,0.48250943422317505,0.03624075651168823,0.48250943422317505,0.48250943422317505,0.0,0.0414000004529953
12,38,0.5323026180267334,0.08465555310249329,0.5323026180267334,0.5323026180267334,0.0,0.0020000000949949026
12,39,0.478622168302536,0.02377042919397354,0.478622168302536,0.478622168302536,0.0,0.0812000036239624
12,40,0.495478093624115,0.09711720049381256,0.495478093624115,0.495478093624115,0.0,0.0020000000949949026
12,41,0.5305505394935608,0.02289615198969841,0.5305505394935608,0.5305505394935608,0.0,0.09210000187158585
12,42,0.4986320734024048,0.0374300554394722,0.4986320734024048,0.4986320734024048,0.0,0.04179999977350235
12,43,0.5289584398269653,0.07570977509021759,0.5289584398269653,0.5289584398269653,0.0,0.0052999998442828655
12,44,0.4941948652267456,0.09212855994701385,0.4941948652267456,0.4941948652267456,0.0,0.002300000051036477
12,45,0.5100269913673401,0.12864303588867188,0.5100269913673401,0.5100269913673401,0.0,0.00039999998989515007
12,46,0.5018548369407654,0.03268497437238693,0.5018548369407654,0.5018548369407654,0.0,0.054099999368190765
12,47,0.4933609068393707,0.04693441465497017,0.4933609068393707,0.4933609068393707,0.0,0.02319999970495701
12,48,0.4730162024497986,0.019665461033582687,0.4730162024497986,0.4730162024497986,0.0,0.15600000321865082
12,49,0.5829784870147705,0.04504325985908508,0.5829784870147705,0.5829784870147705,0.0,0.02590000070631504
12,50,0.5014262795448303,0.06384031474590302,0.5014262795448303,0.5014262795448303,0.0,0.009200000204145908
12,51,0.4385753870010376,0.026346230879426003,0.4385753870010376,0.4385753870010376,0.0,0.07599999755620956
12,52,0.5114400386810303,0.05496634542942047,0.5114400386810303,0.5114400386810303,0.0,0.01600000075995922
12,53,0.5431756377220154,0.030842050909996033,0.5431756377220154,0.5431756377220154,0.0,0.05889999866485596
12,54,0.5377287864685059,-0.01196586899459362,0.5377287864685059,0.5377287864685059,0.0,0.37389999628067017
12,55,0.5248943567276001,0.02866189181804657,0.5248943567276001,0.5248943567276001,0.0,0.06689999997615814
12,56,0.2543383240699768,-0.0005582142621278763,0.2543383240699768,0.2543383240699768,0.0,0.9632999897003174
12,57,0.4852621555328369,0.1548236757516861,0.4852621555328369,0.4852621555328369,0.0,0.0
12,58,0.5329625010490417,0.10349250584840775,0.5329625010490417,0.5329625010490417,0.0,0.0013000000035390258
12,59,0.5158593654632568,0.12860244512557983,0.5158593654632568,0.5158593654632568,0.0,0.00039999998989515007
12,60,0.4426175653934479,0.055128712207078934,0.4426175653934479,0.4426175653934479,0.0,0.011300000362098217
12,61,0.4958215355873108,0.059947676956653595,0.4958215355873108,0.4958215355873108,0.0,0.012000000104308128
12,62,0.4115273356437683,-0.0016593988984823227,0.4115273356437683,0.4115273356437683,0.0,0.9132999777793884
12,63,0.3467640280723572,0.012538328766822815,0.3467640280723572,0.3467640280723572,0.0,0.3246000111103058
13,0,0.5039019584655762,0.06726112961769104,0.5039019584655762,0.5039019584655762,0.0,0.007699999958276749
13,1,0.5854721069335938,0.029564283788204193,0.5854721069335938,0.5854721069335938,0.0,0.0617000013589859
13,2,0.5010784864425659,0.2036953866481781,0.5010784864425659,0.5010784864425659,0.0,0.0
13,3,0.49491196870803833,0.035698167979717255,0.49491196870803833,0.49491196870803833,0.0,0.04430000111460686
13,4,0.4328066110610962,0.03352699428796768,0.4328066110610962,0.4328066110610962,0.0,0.047600001096725464
13,5,0.49209997057914734,0.16484424471855164,0.49209997057914734,0.49209997057914734,0.0,0.00019999999494757503
13,6,0.5141328573226929,0.06734682619571686,0.5141328573226929,0.5141328573226929,0.0,0.008299999870359898
13,7,0.48424839973449707,0.06272733211517334,0.48424839973449707,0.48424839973449707,0.0,0.009800000116229057
13,8,0.5486106872558594,0.18040436506271362,0.5486106872558594,0.5486106872558594,0.0,0.0
13,9,0.5956274271011353,0.07394000142812729,0.5956274271011353,0.5956274271011353,0.0,0.005799999926239252
13,10,0.5070199966430664,0.19251355528831482,0.5070199966430664,0.5070199966430664,0.0,0.0
13,11,0.4991908073425293,0.13808250427246094,0.4991908073425293,0.4991908073425293,0.0,0.00019999999494757503
13,12,0.5076267719268799,0.13263386487960815,0.5076267719268799,0.5076267719268799,0.0,0.00039999998989515007
13,13,0.6330506801605225,0.04265321046113968,0.6330506801605225,0.6330506801605225,0.0,0.029899999499320984
13,14,0.5316430926322937,0.19463886320590973,0.5316430926322937,0.5316430926322937,0.0,0.0
13,15,0.5339666604995728,0.1267067790031433,0.5339666604995728,0.5339666604995728,0.0,0.0005000000237487257
13,16,0.5085740685462952,0.040528543293476105,0.5085740685462952,0.5085740685462952,0.0,0.031300000846385956
13,17,0.5326616764068604,0.07996145635843277,0.5326616764068604,0.5326616764068604,0.0,0.004100000020116568
13,18,0.5060147047042847,0.2543811798095703,0.5060147047042847,0.5060147047042847,0.0,0.0
13,19,0.5478805303573608,0.041170742362737656,0.5478805303573608,0.5478805303573608,0.0,0.03480000048875809
13,20,0.4975256323814392,0.2952902913093567,0.4975256323814392,0.4975256323814392,0.0,0.0
13,21,0.5103650093078613,0.08700014650821686,0.5103650093078613,0.5103650093078613,0.0,0.002899999963119626
13,22,0.4973212778568268,0.2509545087814331,0.4973212778568268,0.4973212778568268,0.0,0.0
13,23,0.5043455362319946,0.07011087238788605,0.5043455362319946,0.5043455362319946,0.0,0.006500000134110451
13,24,0.5146174430847168,0.03731521964073181,0.5146174430847168,0.5146174430847168,0.0,0.03959999978542328
13,25,0.1763250231742859,0.07861950993537903,0.1763250231742859,0.1763250231742859,0.0,0.00039999998989515007
13,26,0.4900277853012085,0.12069644778966904,0.4900277853012085,0.4900277853012085,0.0,0.00039999998989515007
13,27,0.49486011266708374,0.05828584358096123,0.49486011266708374,0.49486011266708374,0.0,0.013299999758601189
13,28,0.49734100699424744,0.03917548805475235,0.49734100699424744,0.49734100699424744,0.0,0.03840000182390213
13,29,0.20410796999931335,0.0665433406829834,0.20410796999931335,0.20410796999931335,0.0,0.002199999988079071
13,30,0.4851798713207245,0.047104060649871826,0.4851798713207245,0.4851798713207245,0.0,0.025499999523162842
13,31,0.2607247829437256,0.2582099139690399,0.2607247829437256,0.2607247829437256,0.0,0.0
13,32,0.5103195309638977,0.04081407189369202,0.5103195309638977,0.5103195309638977,0.0,0.032999999821186066
13,33,0.4942812919616699,0.15990036725997925,0.4942812919616699,0.4942812919616699,0.0,9.999999747378752e-05
13,34,0.6017692685127258,0.04598204791545868,0.6017692685127258,0.6017692685127258,0.0,0.026900000870227814
13,35,0.47394639253616333,0.07358057051897049,0.47394639253616333,0.47394639253616333,0.0,0.004900000058114529
13,36,0.5047237873077393,0.10429877042770386,0.5047237873077393,0.5047237873077393,0.0,0.0007999999797903001
13,37,0.5031952857971191,0.09577903896570206,0.5031952857971191,0.5031952857971191,0.0,0.0013000000035390258
13,38,0.5033275485038757,0.20405161380767822,0.5033275485038757,0.5033275485038757,0.0,0.0
13,39,0.501829206943512,0.16184358298778534,0.501829206943512,0.501829206943512,0.0,9.999999747378752e-05
13,40,0.3986396789550781,0.04173830524086952,0.3986396789550781,0.3986396789550781,0.0,0.02199999988079071
13,41,0.35306650400161743,0.06949089467525482,0.35306650400161743,0.35306650400161743,0.0,0.002199999988079071
13,42,0.49033206701278687,0.04774831607937813,0.49033206701278687,0.49033206701278687,0.0,0.02290000021457672
13,43,0.5079770684242249,0.06593027710914612,0.5079770684242249,0.5079770684242249,0.0,0.008799999952316284
13,44,0.49962958693504333,0.13096128404140472,0.49962958693504333,0.49962958693504333,0.0,0.00039999998989515007
13,45,0.32316336035728455,0.08917264640331268,0.32316336035728455,0.32316336035728455,0.0,0.0006000000284984708
13,46,0.4208759665489197,0.051752664148807526,0.4208759665489197,0.4208759665489197,0.0,0.014999999664723873
13,47,0.4965057969093323,0.042076218873262405,0.4965057969093323,0.4965057969093323,0.0,0.032499998807907104
13,48,0.5502641201019287,0.0470898300409317,0.5502641201019287,0.5502641201019287,0.0,0.022299999371170998
13,49,0.46280062198638916,0.07145284116268158,0.46280062198638916,0.46280062198638916,0.0,0.005200000014156103
13,50,0.4918559789657593,0.04850776493549347,0.4918559789657593,0.4918559789657593,0.0,0.0215000007301569
13,51,0.4984453022480011,0.07465194910764694,0.4984453022480011,0.4984453022480011,0.0,0.005499999970197678
13,52,0.45151862502098083,0.04931993409991264,0.45151862502098083,0.45151862502098083,0.0,0.01730000041425228
13,53,0.4897947311401367,0.036579690873622894,0.4897947311401367,0.4897947311401367,0.0,0.04259999841451645
13,54,0.4896409511566162,0.055428456515073776,0.4896409511566162,0.4896409511566162,0.0,0.014600000344216824
13,55,0.36376291513442993,0.06633550673723221,0.36376291513442993,0.36376291513442993,0.0,0.0038999998942017555
13,56,0.5006534457206726,0.19050410389900208,0.5006534457206726,0.5006534457206726,0.0,0.0
13,57,0.4393855035305023,0.0683525949716568,0.4393855035305023,0.4393855035305023,0.0,0.006000000052154064
13,58,0.43663859367370605,0.00862625241279602,0.43663859367370605,0.43663859367370605,0.0,0.5271999835968018
13,59,0.49458861351013184,0.11823005974292755,0.49458861351013184,0.49458861351013184,0.0,0.0006000000284984708
13,60,0.4122757315635681,0.007472330704331398,0.4122757315635681,0.4122757315635681,0.0,0.6180999875068665
13,61,0.5071511268615723,0.059275321662425995,0.5071511268615723,0.5071511268615723,0.0,0.012299999594688416
13,62,0.494925856590271,0.033647388219833374,0.494925856590271,0.494925856590271,0.0,0.05139999836683273
13,63,0.41628870368003845,0.056548744440078735,0.41628870368003845,0.41628870368003845,0.0,0.008999999612569809
14,0,0.5300846099853516,0.08612655103206635,0.5300846099853516,0.5300846099853516,0.0,0.0032999999821186066
14,1,0.642107367515564,-0.00492999330163002,0.642107367515564,0.642107367515564,0.0,0.757099986076355
14,2,0.5396333932876587,0.0019598565995693207,0.5396333932876587,0.5396333932876587,0.0,0.8984000086784363
14,3,0.5132980942726135,0.10028298199176788,0.5132980942726135,0.5132980942726135,0.0,0.0012000000569969416
14,4,0.4019303023815155,0.004419279284775257,0.4019303023815155,0.4019303023815155,0.0,0.7840999960899353
14,5,0.4337770342826843,0.013997193425893784,0.4337770342826843,0.4337770342826843,0.0,0.26100000739097595
14,6,0.44399788975715637,-0.004067139700055122,0.44399788975715637,0.44399788975715637,0.0,0.8009999990463257
14,7,0.5229108333587646,0.048816196620464325,0.5229108333587646,0.5229108333587646,0.0,0.0215000007301569
14,8,0.5157472491264343,0.18942059576511383,0.5157472491264343,0.5157472491264343,0.0,0.0
14,9,0.5276662111282349,0.18101397156715393,0.5276662111282349,0.5276662111282349,0.0,0.0
14,10,0.6471682786941528,0.11120770871639252,0.6471682786941528,0.6471682786941528,0.0,0.0007999999797903001
14,11,0.5155794024467468,0.1788511872291565,0.5155794024467468,0.5155794024467468,0.0,0.0
14,12,0.5177644491195679,0.2056538462638855,0.5177644491195679,0.5177644491195679,0.0,0.0
14,13,0.5153893828392029,0.1139068752527237,0.5153893828392029,0.5153893828392029,0.0,0.0006000000284984708
14,14,0.5057809948921204,0.09516321122646332,0.5057809948921204,0.5057809948921204,0.0,0.0015999999595806003
14,15,0.6984656453132629,0.0783613920211792,0.6984656453132629,0.6984656453132629,0.0,0.004699999932199717
14,16,0.5003532767295837,0.08210276812314987,0.5003532767295837,0.5003532767295837,0.0,0.004100000020116568
14,17,0.415713906288147,0.037373535335063934,0.415713906288147,0.415713906288147,0.0,0.029500000178813934
14,18,0.4276682138442993,0.03876888006925583,0.4276682138442993,0.4276682138442993,0.0,0.02889999933540821
14,19,0.24205948412418365,0.02345193922519684,0.24205948412418365,0.24205948412418365,0.0,0.05130000039935112
14,20,0.4261454939842224,0.04784267395734787,0.4261454939842224,0.4261454939842224,0.0,0.015200000256299973
14,21,0.36981892585754395,0.03571546822786331,0.36981892585754395,0.36981892585754395,0.0,0.03370000049471855
14,22,0.250339537858963,0.0029645804315805435,0.250339537858963,0.250339537858963,0.0,0.8328999876976013
14,23,0.34285780787467957,0.011528357863426208,0.34285780787467957,0.34285780787467957,0.0,0.34040001034736633
14,24,0.5090219974517822,0.17295391857624054,0.5090219974517822,0.5090219974517822,0.0,0.0
14,25,0.44980865716934204,0.4079117774963379,0.44980865716934204,0.44980865716934204,0.0,0.0
14,26,0.4939079284667969,0.3570070266723633,0.4939079284667969,0.4939079284667969,0.0,0.0
14,27,0.3809589445590973,0.1561131775379181,0.3809589445590973,0.3809589445590973,0.0,9.999999747378752e-05
14,28,0.5073255300521851,0.20037132501602173,0.5073255300521851,0.5073255300521851,0.0,0.0
14,29,0.5233135223388672,0.26398929953575134,0.5233135223388672,0.5233135223388672,0.0,0.0
14,30,0.49654513597488403,0.24216414988040924,0.49654513597488403,0.49654513597488403,0.0,0.0
14,31,0.4982212483882904,0.2858969569206238,0.4982212483882904,0.4982212483882904,0.0,0.0
14,32,0.5128800868988037,0.11292301118373871,0.5128800868988037,0.5128800868988037,0.0,0.0005000000237487257
14,33,0.44849705696105957,-0.00730547308921814,0.44849705696105957,0.44849705696105957,0.0,0.6233999729156494
14,34,0.49699926376342773,0.03951790928840637,0.49699926376342773,0.49699926376342773,0.0,0.03550000116229057
14,35,0.5326474905014038,0.10643421858549118,0.5326474905014038,0.5326474905014038,0.0,0.0008999999845400453
14,36,0.5289989113807678,0.14180968701839447,0.5289989113807678,0.5289989113807678,0.0,0.00039999998989515007
14,37,0.5516058802604675,0.04594389721751213,0.5516058802604675,0.5516058802604675,0.0,0.025200000032782555
14,38,0.5226709842681885,0.04979871213436127,0.5226709842681885,0.5226709842681885,0.0,0.021199999377131462
14,39,0.5125046968460083,0.191595196723938,0.5125046968460083,0.5125046968460083,0.0,0.0
14,40,0.510535478591919,0.09156686812639236,0.510535478591919,0.510535478591919,0.0,0.002199999988079071
14,41,0.5519872903823853,0.1127779483795166,0.5519872903823853,0.5519872903823853,0.0,0.0005000000237487257
14,42,0.6143085956573486,0.15195277333259583,0.6143085956573486,0.6143085956573486,0.0,9.999999747378752e-05
14,43,0.5021312236785889,0.18478864431381226,0.5021312236785889,0.5021312236785889,0.0,0.0
14,44,0.5067160725593567,0.078641377389431,0.5067160725593567,0.5067160725593567,0.0,0.00430000014603138
14,45,0.6367875337600708,0.004190990701317787,0.6367875337600708,0.6367875337600708,0.0,0.7971000075340271
14,46,0.5368338823318481,0.31754669547080994,0.5368338823318481,0.5368338823318481,0.0,0.0
14,47,0.5622743368148804,0.2244536280632019,0.5622743368148804,0.5622743368148804,0.0,0.0
14,48,0.5212416648864746,0.0583798810839653,0.5212416648864746,0.5212416648864746,0.0,0.014499999582767487
14,49,0.23980297148227692,0.006439501885324717,0.23980297148227692,0.23980297148227692,0.0,0.6546000242233276
14,50,0.571685791015625,0.04706414416432381,0.571685791015625,0.571685791015625,0.0,0.024800000712275505
14,51,0.5072749853134155,0.052119381725788116,0.5072749853134155,0.5072749853134155,0.0,0.018699999898672104
14,52,0.5367141962051392,0.06186486780643463,0.5367141962051392,0.5367141962051392,0.0,0.012199999764561653
14,53,0.43177294731140137,0.10654313862323761,0.43177294731140137,0.43177294731140137,0.0,0.00039999998989515007
14,54,0.3722487688064575,0.1412236988544464,0.3722487688064575,0.3722487688064575,0.0,0.0
14,55,0.43849700689315796,0.06274987012147903,0.43849700689315796,0.43849700689315796,0.0,0.00559999980032444
14,56,0.5039230585098267,0.07055805623531342,0.5039230585098267,0.5039230585098267,0.0,0.006599999964237213
14,57,0.4610085189342499,0.15001718699932098,0.4610085189342499,0.4610085189342499,0.0,0.0003000000142492354
14,58,0.5142457485198975,0.0753735676407814,0.5142457485198975,0.5142457485198975,0.0,0.004600000102072954
14,59,0.5027740001678467,0.04166337847709656,0.5027740001678467,0.5027740001678467,0.0,0.03220000118017197
14,60,0.5064932107925415,0.14399154484272003,0.5064932107925415,0.5064932107925415,0.0,0.0003000000142492354
14,61,0.6315557956695557,0.050850629806518555,0.6315557956695557,0.6315557956695557,0.0,0.020400000736117363
14,62,0.5088486671447754,0.07999028265476227,0.5088486671447754,0.5088486671447754,0.0,0.0044999998062849045
14,63,0.5114262700080872,0.04879780486226082,0.5114262700080872,0.5114262700080872,0.0,0.021199999377131462
15,0,0.5318318605422974,0.2171364426612854,0.5318318605422974,0.5318318605422974,0.0,0.0
15,1,0.508220911026001,0.0871170312166214,0.508220911026001,0.508220911026001,0.0,0.0007999999797903001
15,2,0.6420198082923889,0.01277010515332222,0.6420198082923889,0.6420198082923889,0.0,0.36890000104904175
15,3,0.38724565505981445,0.20539887249469757,0.38724565505981445,0.38724565505981445,0.0,0.0
15,4,0.46792763471603394,0.19339269399642944,0.46792763471603394,0.46792763471603394,0.0,0.0
15,5,0.5062074661254883,0.12152145057916641,0.5062074661254883,0.5062074661254883,0.0,0.0005000000237487257
15,6,0.6385653018951416,0.05379404127597809,0.6385653018951416,0.6385653018951416,0.0,0.01590000092983246
15,7,0.44968289136886597,0.17157655954360962,0.44968289136886597,0.44968289136886597,0.0,0.0
15,8,0.5218950510025024,0.3901940584182739,0.5218950510025024,0.5218950510025024,0.0,0.0
15,9,0.4729529619216919,0.14756467938423157,0.4729529619216919,0.4729529619216919,0.0,9.999999747378752e-05
15,10,0.5162996053695679,0.27301523089408875,0.5162996053695679,0.5162996053695679,0.0,0.0
15,11,0.45171189308166504,0.13397684693336487,0.45171189308166504,0.45171189308166504,0.0,9.999999747378752e-05
15,12,0.5129501819610596,0.1457761824131012,0.5129501819610596,0.5129501819610596,0.0,0.0003000000142492354
15,13,0.5279511213302612,0.2970263957977295,0.5279511213302612,0.5279511213302612,0.0,0.0
15,14,0.35883843898773193,0.086313895881176,0.35883843898773193,0.35883843898773193,0.0,0.0005000000237487257
15,15,0.5139425992965698,0.15759359300136566,0.5139425992965698,0.5139425992965698,0.0,0.00019999999494757503
15,16,0.6365104913711548,0.03002362698316574,0.6365104913711548,0.6365104913711548,0.0,0.057500001043081284
15,17,0.5483525395393372,0.22317031025886536,0.5483525395393372,0.5483525395393372,0.0,0.0
15,18,0.5954875946044922,0.11589933186769485,0.5954875946044922,0.5954875946044922,0.0,0.00039999998989515007
15,19,0.6060695052146912,0.06598372012376785,0.6060695052146912,0.6060695052146912,0.0,0.00989999994635582
15,20,0.5384406447410583,0.09082133322954178,0.5384406447410583,0.5384406447410583,0.0,0.002300000051036477
15,21,0.5953167080879211,0.0004635266959667206,0.5953167080879211,0.5953167080879211,0.0,0.9749000072479248
15,22,0.5782577395439148,0.05883297324180603,0.5782577395439148,0.5782577395439148,0.0,0.011099999770522118
15,23,0.541156530380249,-0.004219114780426025,0.541156530380249,0.541156530380249,0.0,0.7827000021934509
15,24,0.577985405921936,0.05463918671011925,0.577985405921936,0.577985405921936,0.0,0.015200000256299973
15,25,0.536401629447937,0.10460303723812103,0.536401629447937,0.536401629447937,0.0,0.0008999999845400453
15,26,0.3886720836162567,0.008248792961239815,0.3886720836162567,0.3886720836162567,0.0,0.5978999733924866
15,27,0.5561485290527344,0.1378459334373474,0.5561485290527344,0.5561485290527344,0.0,0.00039999998989515007
15,28,0.56712806224823,0.0029722191393375397,0.56712806224823,0.56712806224823,0.0,0.8540999889373779
15,29,0.33606427907943726,0.08389259874820709,0.33606427907943726,0.33606427907943726,0.0,0.0020000000949949026
15,30,0.31138038635253906,0.03741582855582237,0.31138038635253906,0.31138038635253906,0.0,0.030899999663233757
15,31,0.2427470088005066,0.0446307435631752,0.2427470088005066,0.2427470088005066,0.0,0.019600000232458115
15,32,0.5087214112281799,0.04300534725189209,0.5087214112281799,0.5087214112281799,0.0,0.029400000348687172
15,33,0.5264004468917847,0.16211694478988647,0.5264004468917847,0.5264004468917847,0.0,9.999999747378752e-05
15,34,0.5464893579483032,0.03145891800522804,0.5464893579483032,0.5464893579483032,0.0,0.056299999356269836
15,35,0.4998975396156311,0.04828988388180733,0.4998975396156311,0.4998975396156311,0.0,0.02160000056028366
15,36,0.5114521980285645,0.07602963596582413,0.5114521980285645,0.5114521980285645,0.0,0.005100000184029341
15,37,0.5658921003341675,0.06664356589317322,0.5658921003341675,0.5658921003341675,0.0,0.007400000002235174
15,38,0.520556628704071,0.05168883502483368,0.520556628704071,0.520556628704071,0.0,0.01679999940097332
15,39,0.5058949589729309,0.07242494821548462,0.5058949589729309,0.5058949589729309,0.0,0.006500000134110451
15,40,0.5900431871414185,0.10596408694982529,0.5900431871414185,0.5900431871414185,0.0,0.0010000000474974513
15,41,0.5320388674736023,0.21797528862953186,0.5320388674736023,0.5320388674736023,0.0,0.0
15,42,0.5585193634033203,0.14173057675361633,0.5585193634033203,0.5585193634033203,0.0,0.00039999998989515007
15,43,0.535999059677124,0.20823153853416443,0.535999059677124,0.535999059677124,0.0,0.0
15,44,0.530651330947876,0.18884362280368805,0.530651330947876,0.530651330947876,0.0,0.0
15,45,0.5562052726745605,0.21371905505657196,0.5562052726745605,0.5562052726745605,0.0,0.0
15,46,0.5573668479919434,0.2155272662639618,0.5573668479919434,0.5573668479919434,0.0,0.0
15,47,0.5304145812988281,0.15276214480400085,0.5304145812988281,0.5304145812988281,0.0,0.0003000000142492354
15,48,0.5094891786575317,0.11221346259117126,0.5094891786575317,0.5094891786575317,0.0,0.0005000000237487257
15,49,0.5024713277816772,0.06515312194824219,0.5024713277816772,0.5024713277816772,0.0,0.009499999694526196
15,50,0.5585085153579712,0.16082635521888733,0.5585085153579712,0.5585085153579712,0.0,0.00019999999494757503
15,51,0.5293046236038208,0.11125212162733078,0.5293046236038208,0.5293046236038208,0.0,0.0007999999797903001
15,52,0.6082565784454346,0.08950157463550568,0.6082565784454346,0.6082565784454346,0.0,0.002400000113993883
15,53,0.5732799768447876,0.026822086423635483,0.5732799768447876,0.5732799768447876,0.0,0.06859999895095825
15,54,0.5330842733383179,0.02660420536994934,0.5330842733383179,0.5330842733383179,0.0,0.07500000298023224
15,55,0.5032809972763062,0.042349621653556824,0.5032809972763062,0.5032809972763062,0.0,0.03280000016093254
15,56,0.5344198942184448,0.13575907051563263,0.5344198942184448,0.5344198942184448,0.0,0.00039999998989515007
15,57,0.5312433242797852,0.12627136707305908,0.5312433242797852,0.5312433242797852,0.0,0.00039999998989515007
15,58,0.5473846197128296,0.1607045829296112,0.5473846197128296,0.5473846197128296,0.0,9.999999747378752e-05
15,59,0.5133268237113953,0.052066292613744736,0.5133268237113953,0.5133268237113953,0.0,0.01759999990463257
15,60,0.5486411452293396,0.138273686170578,0.5486411452293396,0.5486411452293396,0.0,0.00039999998989515007
15,61,0.6101808547973633,0.006177917122840881,0.6101808547973633,0.6101808547973633,0.0,0.6870999932289124
15,62,0.5172837972640991,0.10584092140197754,0.5172837972640991,0.5172837972640991,0.0,0.0008999999845400453
15,63,0.5305741429328918,0.16036981344223022,0.5305741429328918,0.5305741429328918,0.0,0.00019999999494757503
16,0,0.5150246620178223,0.10083633661270142,0.5150246620178223,0.5150246620178223,0.0,0.0012000000569969416
16,1,0.5068405866622925,0.10909485071897507,0.5068405866622925,0.5068405866622925,0.0,0.0006000000284984708
16,2,0.5423261523246765,0.12386675179004669,0.5423261523246765,0.5423261523246765,0.0,0.0006000000284984708
16,3,0.5378873348236084,0.15163494646549225,0.5378873348236084,0.5378873348236084,0.0,0.00019999999494757503
16,4,0.5079169273376465,0.1318695843219757,0.5079169273376465,0.5079169273376465,0.0,0.0003000000142492354
16,5,0.5441128015518188,0.12639182806015015,0.5441128015518188,0.5441128015518188,0.0,0.00039999998989515007
16,6,0.5342591404914856,0.06814579665660858,0.5342591404914856,0.5342591404914856,0.0,0.007799999788403511
16,7,0.5062910318374634,0.11402621120214462,0.5062910318374634,0.5062910318374634,0.0,0.000699999975040555
16,8,0.47036314010620117,0.17036432027816772,0.47036314010620117,0.47036314010620117,0.0,0.0
16,9,0.5277180671691895,0.10044431686401367,0.5277180671691895,0.5277180671691895,0.0,0.0012000000569969416
16,10,0.5132521390914917,0.07580998539924622,0.5132521390914917,0.5132521390914917,0.0,0.004699999932199717
16,11,0.5528051853179932,0.049027156084775925,0.5528051853179932,0.5528051853179932,0.0,0.020999999716877937
16,12,0.49122655391693115,0.02972906082868576,0.49122655391693115,0.49122655391693115,0.0,0.05550000071525574
16,13,0.5295506119728088,0.0622888058423996,0.5295506119728088,0.5295506119728088,0.0,0.00989999994635582
16,14,0.5174262523651123,0.09918352961540222,0.5174262523651123,0.5174262523651123,0.0,0.0010999999940395355
16,15,0.5700158476829529,0.014245603233575821,0.5700158476829529,0.5700158476829529,0.0,0.274399995803833
16,16,0.5874643325805664,0.04348515719175339,0.5874643325805664,0.5874643325805664,0.0,0.023900000378489494
16,17,0.6498144865036011,0.11831993609666824,0.6498144865036011,0.6498144865036011,0.0,0.0005000000237487257
16,18,0.6477934122085571,0.08724020421504974,0.6477934122085571,0.6477934122085571,0.0,0.0027000000700354576
16,19,0.576660692691803,0.12637341022491455,0.576660692691803,0.576660692691803,0.0,0.0003000000142492354
16,20,0.6132810115814209,-0.012803375720977783,0.6132810115814209,0.6132810115814209,0.0,0.2989000082015991
16,21,0.6257996559143066,0.12297441065311432,0.6257996559143066,0.6257996559143066,0.0,0.00039999998989515007
16,22,0.5912646055221558,0.06706683337688446,0.5912646055221558,0.5912646055221558,0.0,0.00800000037997961
16,23,0.5198155641555786,-0.0014914721250534058,0.5198155641555786,0.5198155641555786,0.0,0.9265000224113464
16,24,0.521442174911499,0.5050188899040222,0.521442174911499,0.521442174911499,0.0,0.0
16,25,0.5324763655662537,0.29790517687797546,0.5324763655662537,0.5324763655662537,0.0,0.0
16,26,0.5421767234802246,0.43425264954566956,0.5421767234802246,0.5421767234802246,0.0,0.0
16,27,0.5312603712081909,0.1834411323070526,0.5312603712081909,0.5312603712081909,0.0,0.0
16,28,0.5478225350379944,0.33919116854667664,0.5478225350379944,0.5478225350379944,0.0,0.0
16,29,0.5126158595085144,0.22428123652935028,0.5126158595085144,0.5126158595085144,0.0,0.0
16,30,0.524024486541748,0.20071344077587128,0.524024486541748,0.524024486541748,0.0,0.0
16,31,0.5927419066429138,0.3179432451725006,0.5927419066429138,0.5927419066429138,0.0,0.0
16,32,0.5389000773429871,0.07955937087535858,0.5389000773429871,0.5389000773429871,0.0,0.004900000058114529
16,33,0.5310468673706055,0.19035902619361877,0.5310468673706055,0.5310468673706055,0.0,0.0
16,34,0.5809963941574097,0.17029431462287903,0.5809963941574097,0.5809963941574097,0.0,0.0
16,35,0.6672548651695251,0.0669613778591156,0.6672548651695251,0.6672548651695251,0.0,0.008700000122189522
16,36,0.5756314992904663,0.13868266344070435,0.5756314992904663,0.5756314992904663,0.0,0.00039999998989515007
16,37,0.6042266488075256,0.16833341121673584,0.6042266488075256,0.6042266488075256,0.0,9.999999747378752e-05
16,38,0.7008041143417358,0.003973145037889481,0.7008041143417358,0.7008041143417358,0.0,0.8163999915122986
16,39,0.6113580465316772,0.01069885678589344,0.6113580465316772,0.6113580465316772,0.0,0.46320000290870667
16,40,0.5433793067932129,0.1224241703748703,0.5433793067932129,0.5433793067932129,0.0,0.0005000000237487257
16,41,0.5491111278533936,0.2949378490447998,0.5491111278533936,0.5491111278533936,0.0,0.0
16,42,0.5972561836242676,0.24955838918685913,0.5972561836242676,0.5972561836242676,0.0,0.0
16,43,0.5921843647956848,0.25599968433380127,0.5921843647956848,0.5921843647956848,0.0,0.0
16,44,0.5574164986610413,0.027628708630800247,0.5574164986610413,0.5574164986610413,0.0,0.06889999657869339
16,45,0.5637861490249634,0.2113390415906906,0.5637861490249634,0.5637861490249634,0.0,0.0
16,46,0.5019566416740417,0.04299940541386604,0.5019566416740417,0.5019566416740417,0.0,0.02280000038444996
16,47,0.6514471769332886,0.1117125153541565,0.6514471769332886,0.6514471769332886,0.0,0.0007999999797903001
16,48,0.5283533334732056,0.09851706773042679,0.5283533334732056,0.5283533334732056,0.0,0.0012000000569969416
16,49,0.5087010860443115,0.07724806666374207,0.5087010860443115,0.5087010860443115,0.0,0.00419999985024333
16,50,0.5856388807296753,0.16517522931098938,0.5856388807296753,0.5856388807296753,0.0,9.999999747378752e-05
16,51,0.5064994096755981,0.10298910737037659,0.5064994096755981,0.5064994096755981,0.0,0.0007999999797903001
16,52,0.545182466506958,0.07093659043312073,0.545182466506958,0.545182466506958,0.0,0.0066999997943639755
16,53,0.5591736435890198,0.15137438476085663,0.5591736435890198,0.5591736435890198,0.0,0.0003000000142492354
16,54,0.5327227115631104,0.10357195138931274,0.5327227115631104,0.5327227115631104,0.0,0.0008999999845400453
16,55,0.5093414783477783,0.09679383039474487,0.5093414783477783,0.5093414783477783,0.0,0.001500000013038516
16,56,0.6296265125274658,0.081991046667099,0.6296265125274658,0.6296265125274658,0.0,0.0031999999191612005
16,57,0.6597986817359924,0.03946102410554886,0.6597986817359924,0.6597986817359924,0.0,0.0357000008225441
16,58,0.5276390910148621,0.08052942156791687,0.5276390910148621,0.5276390910148621,0.0,0.00419999985024333
16,59,0.5681567192077637,0.14099334180355072,0.5681567192077637,0.5681567192077637,0.0,0.00019999999494757503
16,60,0.5518075823783875,0.08713129162788391,0.5518075823783875,0.5518075823783875,0.0,0.0017999999690800905
16,61,0.5704878568649292,0.20615898072719574,0.5704878568649292,0.5704878568649292,0.0,0.0
16,62,0.5539699196815491,0.19249793887138367,0.5539699196815491,0.5539699196815491,0.0,0.0
16,63,0.5245662927627563,0.34768417477607727,0.5245662927627563,0.5245662927627563,0.0,0.0
17,0,0.5680747032165527,0.016951361671090126,0.5680747032165527,0.5680747032165527,0.0,0.1987999975681305
17,1,0.43752628564834595,0.10520049929618835,0.43752628564834595,0.43752628564834595,0.0,0.0005000000237487257
17,2,0.5521813631057739,0.11317795515060425,0.5521813631057739,0.5521813631057739,0.0,0.0005000000237487257
17,3,0.5407859683036804,0.06024188548326492,0.5407859683036804,0.5407859683036804,0.0,0.012199999764561653
17,4,0.5475323796272278,0.03394020348787308,0.5475323796272278,0.5475323796272278,0.0,0.04659999907016754
17,5,0.5316654443740845,0.14476245641708374,0.5316654443740845,0.5316654443740845,0.0,0.0003000000142492354
17,6,0.4932126998901367,0.03681110590696335,0.4932126998901367,0.4932126998901367,0.0,0.039799999445676804
17,7,0.56653892993927,0.048509836196899414,0.56653892993927,0.56653892993927,0.0,0.022099999710917473
17,8,0.5389869213104248,0.1446753740310669,0.5389869213104248,0.5389869213104248,0.0,0.0003000000142492354
17,9,0.539585530757904,0.1498902142047882,0.539585530757904,0.539585530757904,0.0,9.999999747378752e-05
17,10,0.6989810466766357,0.09555906802415848,0.6989810466766357,0.6989810466766357,0.0,0.0017000000225380063
17,11,0.6858566999435425,0.16076117753982544,0.6858566999435425,0.6858566999435425,0.0,0.00019999999494757503
17,12,0.6700564622879028,0.08026155829429626,0.6700564622879028,0.6700564622879028,0.0,0.00419999985024333
17,13,0.5639917850494385,0.0736870989203453,0.5639917850494385,0.5639917850494385,0.0,0.006099999882280827
17,14,0.5603752732276917,0.15165334939956665,0.5603752732276917,0.5603752732276917,0.0,0.0003000000142492354
17,15,0.62568199634552,0.07698959112167358,0.62568199634552,0.62568199634552,0.0,0.005100000184029341
17,16,0.5234503149986267,0.2793135643005371,0.5234503149986267,0.5234503149986267,0.0,0.0
17,17,0.5267750024795532,0.1561812162399292,0.5267750024795532,0.5267750024795532,0.0,9.999999747378752e-05
17,18,0.5889480710029602,0.1557752937078476,0.5889480710029602,0.5889480710029602,0.0,9.999999747378752e-05
17,19,0.4628656208515167,0.1925416886806488,0.4628656208515167,0.4628656208515167,0.0,0.0
17,20,0.5551398992538452,0.13737790286540985,0.5551398992538452,0.5551398992538452,0.0,0.0003000000142492354
17,21,0.5236965417861938,0.15240514278411865,0.5236965417861938,0.5236965417861938,0.0,9.999999747378752e-05
17,22,0.4429207146167755,0.4276060461997986,0.4429207146167755,0.4429207146167755,0.0,0.0
17,23,0.4884084463119507,0.2042015641927719,0.4884084463119507,0.4884084463119507,0.0,0.0
17,24,0.5299770832061768,0.3611748218536377,0.5299770832061768,0.5299770832061768,0.0,0.0
17,25,0.5349165797233582,0.24733835458755493,0.5349165797233582,0.5349165797233582,0.0,0.0
17,26,0.5186333656311035,0.2462250143289566,0.5186333656311035,0.5186333656311035,0.0,0.0
17,27,0.6386309862136841,0.10833504796028137,0.6386309862136841,0.6386309862136841,0.0,0.0007999999797903001
17,28,0.39014697074890137,0.1334768831729889,0.39014697074890137,0.39014697074890137,0.0,0.0
17,29,0.51491779088974,0.239904522895813,0.51491779088974,0.51491779088974,0.0,0.0
17,30,0.48689699172973633,0.13400253653526306,0.48689699172973633,0.48689699172973633,0.0,0.0003000000142492354
17,31,0.5204952359199524,0.1927414834499359,0.5204952359199524,0.5204952359199524,0.0,0.0
17,32,0.5409857034683228,0.06189087778329849,0.5409857034683228,0.5409857034683228,0.0,0.011300000362098217
17,33,0.5406062602996826,0.09392222762107849,0.5406062602996826,0.5406062602996826,0.0,0.0017000000225380063
17,34,0.07496786117553711,0.06506327539682388,0.07496786117553711,0.07496786117553711,0.0003000000142492354,0.0017000000225380063
17,35,0.5285757184028625,0.13347724080085754,0.5285757184028625,0.5285757184028625,0.0,0.00039999998989515007
17,36,0.5231398344039917,0.1151496022939682,0.5231398344039917,0.5231398344039917,0.0,0.0006000000284984708
17,37,0.5942322015762329,0.05110078677535057,0.5942322015762329,0.5942322015762329,0.0,0.01889999955892563
17,38,0.5283922553062439,0.0551498681306839,0.5283922553062439,0.5283922553062439,0.0,0.013299999758601189
17,39,0.5377141237258911,0.10775601863861084,0.5377141237258911,0.5377141237258911,0.0,0.000699999975040555
17,40,0.5640038847923279,0.14369285106658936,0.5640038847923279,0.5640038847923279,0.0,0.0003000000142492354
17,41,0.5212051272392273,0.0697542130947113,0.5212051272392273,0.5212051272392273,0.0,0.006800000090152025
17,42,0.5782167911529541,0.09688545018434525,0.5782167911529541,0.5782167911529541,0.0,0.001500000013038516
17,43,0.5900754928588867,0.12758176028728485,0.5900754928588867,0.5900754928588867,0.0,0.00039999998989515007
17,44,0.5223488211631775,0.07317260652780533,0.5223488211631775,0.5223488211631775,0.0,0.006300000008195639
17,45,0.5662816762924194,0.13055294752120972,0.5662816762924194,0.5662816762924194,0.0,0.0003000000142492354
17,46,0.5790949463844299,0.1507006287574768,0.5790949463844299,0.5790949463844299,0.0,0.0003000000142492354
17,47,0.5407023429870605,0.12516361474990845,0.5407023429870605,0.5407023429870605,0.0,0.0003000000142492354
17,48,0.6355404853820801,0.05350194871425629,0.6355404853820801,0.6355404853820801,0.0,0.019500000402331352
17,49,0.63885098695755,0.2251700758934021,0.63885098695755,0.63885098695755,0.0,0.0
17,50,0.5995793342590332,0.11099536716938019,0.5995793342590332,0.5995793342590332,0.0,0.000699999975040555
17,51,0.580144464969635,0.08565954864025116,0.580144464969635,0.580144464969635,0.0,0.003000000026077032
17,52,0.5826631784439087,0.14743316173553467,0.5826631784439087,0.5826631784439087,0.0,0.0003000000142492354
17,53,0.6230596303939819,0.16034549474716187,0.6230596303939819,0.6230596303939819,0.0,9.999999747378752e-05
17,54,0.6412348747253418,0.08301588892936707,0.6412348747253418,0.6412348747253418,0.0,0.003800000064074993
17,55,0.5853482484817505,0.049058347940444946,0.5853482484817505,0.5853482484817505,0.0,0.021400000900030136
17,56,0.6190414428710938,0.09463448822498322,0.6190414428710938,0.6190414428710938,0.0,0.0017000000225380063
17,57,0.5727881789207458,0.19497612118721008,0.5727881789207458,0.5727881789207458,0.0,0.0
17,58,0.5610641241073608,0.050690680742263794,0.5610641241073608,0.5610641241073608,0.0,0.018799999728798866
17,59,0.6405807733535767,0.06411127001047134,0.6405807733535767,0.6405807733535767,0.0,0.009800000116229057
17,60,0.5785567760467529,0.15423037111759186,0.5785567760467529,0.5785567760467529,0.0,0.00019999999494757503
17,61,0.6171016097068787,0.10211794823408127,0.6171016097068787,0.6171016097068787,0.0,0.0010000000474974513
17,62,0.6278671026229858,0.0517110601067543,0.6278671026229858,0.6278671026229858,0.0,0.019899999722838402
17,63,0.5844857692718506,0.13076317310333252,0.5844857692718506,0.5844857692718506,0.0,0.00039999998989515007
18,0,0.5479234457015991,0.16998758912086487,0.5479234457015991,0.5479234457015991,0.0,0.0
18,1,0.5643835067749023,0.0636751726269722,0.5643835067749023,0.5643835067749023,0.0,0.010400000028312206
18,2,0.5508736371994019,0.01545155793428421,0.5508736371994019,0.5508736371994019,0.0,0.16359999775886536
18,3,0.5615319609642029,0.16663721203804016,0.5615319609642029,0.5615319609642029,0.0,9.999999747378752e-05
18,4,0.6277981400489807,-0.017004089429974556,0.6277981400489807,0.6277981400489807,0.0,0.15700000524520874
18,5,0.5987062454223633,-0.016602355986833572,0.5987062454223633,0.5987062454223633,0.0,0.16680000722408295
18,6,0.6169576644897461,0.09932197630405426,0.6169576644897461,0.6169576644897461,0.0,0.0012000000569969416
18,7,0.5236154794692993,-0.00757815083488822,0.5236154794692993,0.5236154794692993,0.0,0.6171000003814697
18,8,0.5642098188400269,0.2128201127052307,0.5642098188400269,0.5642098188400269,0.0,0.0
18,9,0.5712557435035706,0.207473486661911,0.5712557435035706,0.5712557435035706,0.0,0.0
18,10,0.5577045679092407,0.2663547396659851,0.5577045679092407,0.5577045679092407,0.0,0.0
18,11,0.555044949054718,0.21008563041687012,0.555044949054718,0.555044949054718,0.0,0.0
18,12,0.5099352598190308,0.0834367647767067,0.5099352598190308,0.5099352598190308,0.0,0.0035000001080334187
18,13,0.6148906350135803,0.28589946031570435,0.6148906350135803,0.6148906350135803,0.0,0.0
18,14,0.5821859836578369,0.18034367263317108,0.5821859836578369,0.5821859836578369,0.0,0.0
18,15,0.5852167010307312,0.24999171495437622,0.5852167010307312,0.5852167010307312,0.0,0.0
18,16,0.578761875629425,0.11575467884540558,0.578761875629425,0.578761875629425,0.0,0.0006000000284984708
18,17,0.569983720779419,0.2036433219909668,0.569983720779419,0.569983720779419,0.0,0.0
18,18,0.6009044051170349,0.12785065174102783,0.6009044051170349,0.6009044051170349,0.0,0.0005000000237487257
18,19,0.7097428441047668,0.015577483922243118,0.7097428441047668,0.7097428441047668,0.0,0.2152000069618225
18,20,0.5887232422828674,0.14962758123874664,0.5887232422828674,0.5887232422828674,0.0,0.0003000000142492354
18,21,0.5586376190185547,0.11655018478631973,0.5586376190185547,0.5586376190185547,0.0,0.0005000000237487257
18,22,0.5277491807937622,0.12082342803478241,0.5277491807937622,0.5277491807937622,0.0,0.00039999998989515007
18,23,0.5503883361816406,0.10495971888303757,0.5503883361816406,0.5503883361816406,0.0,0.0010000000474974513
18,24,0.6020208597183228,0.10315597057342529,0.6020208597183228,0.6020208597183228,0.0,0.0010000000474974513
18,25,0.5938084721565247,0.03594827651977539,0.5938084721565247,0.5938084721565247,0.0,0.04560000076889992
18,26,0.6004469990730286,0.2764616906642914,0.6004469990730286,0.6004469990730286,0.0,0.0
18,27,0.6623599529266357,0.13357093930244446,0.6623599529266357,0.6623599529266357,0.0,0.00039999998989515007
18,28,0.6211421489715576,0.1071891114115715,0.6211421489715576,0.6211421489715576,0.0,0.0008999999845400453
18,29,0.6402084827423096,0.1652015745639801,0.6402084827423096,0.6402084827423096,0.0,9.999999747378752e-05
18,30,0.611923098564148,0.08452542126178741,0.611923098564148,0.611923098564148,0.0,0.0032999999821186066
18,31,0.5974904298782349,0.17695099115371704,0.5974904298782349,0.5974904298782349,0.0,0.0
18,32,0.6172776222229004,0.12191800773143768,0.6172776222229004,0.6172776222229004,0.0,0.00039999998989515007
18,33,0.6065865755081177,0.1359967291355133,0.6065865755081177,0.6065865755081177,0.0,0.00039999998989515007
18,34,0.5573813915252686,0.04327525570988655,0.5573813915252686,0.5573813915252686,0.0,0.029899999499320984
18,35,0.537217378616333,0.18510332703590393,0.537217378616333,0.537217378616333,0.0,0.0
18,36,0.5635986328125,0.08584969490766525,0.5635986328125,0.5635986328125,0.0,0.003100000089034438
18,37,0.5723448991775513,0.11516936123371124,0.5723448991775513,0.5723448991775513,0.0,0.0006000000284984708
18,38,0.5456931591033936,0.09623457491397858,0.5456931591033936,0.5456931591033936,0.0,0.0013000000035390258
18,39,0.5581388473510742,0.11072616279125214,0.5581388473510742,0.5581388473510742,0.0,0.0006000000284984708
18,40,0.603522777557373,0.2019641101360321,0.603522777557373,0.603522777557373,0.0,0.0
18,41,0.5777552723884583,0.11568942666053772,0.5777552723884583,0.5777552723884583,0.0,0.0006000000284984708
18,42,0.5690121650695801,0.23471638560295105,0.5690121650695801,0.5690121650695801,0.0,0.0
18,43,0.5674845576286316,0.10533440113067627,0.5674845576286316,0.5674845576286316,0.0,0.0007999999797903001
18,44,0.6475076675415039,0.17345696687698364,0.6475076675415039,0.6475076675415039,0.0,0.0
18,45,0.5627123117446899,0.025474222376942635,0.5627123117446899,0.5627123117446899,0.0,0.07829999923706055
18,46,0.5618632435798645,0.1638592779636383,0.5618632435798645,0.5618632435798645,0.0,9.999999747378752e-05
18,47,0.5407458543777466,0.1546296626329422,0.5407458543777466,0.5407458543777466,0.0,9.999999747378752e-05
18,48,0.6606838703155518,0.14615194499492645,0.6606838703155518,0.6606838703155518,0.0,0.00019999999494757503
18,49,0.5537694692611694,0.11312419921159744,0.5537694692611694,0.5537694692611694,0.0,0.0005000000237487257
18,50,0.7289268970489502,0.012423485517501831,0.7289268970489502,0.7289268970489502,0.0,0.37229999899864197
18,51,0.6193054914474487,0.12355312705039978,0.6193054914474487,0.6193054914474487,0.0,0.00039999998989515007
18,52,0.5660368204116821,0.11312071979045868,0.5660368204116821,0.5660368204116821,0.0,0.0006000000284984708
18,53,0.6780130863189697,0.09539636224508286,0.6780130863189697,0.6780130863189697,0.0,0.002199999988079071
18,54,0.6336857080459595,0.12041716277599335,0.6336857080459595,0.6336857080459595,0.0,0.0005000000237487257
18,55,0.6229145526885986,0.09329775720834732,0.6229145526885986,0.6229145526885986,0.0,0.0017000000225380063
18,56,0.5936416983604431,0.2266775667667389,0.5936416983604431,0.5936416983604431,0.0,0.0
18,57,0.5966535806655884,0.10567162930965424,0.5966535806655884,0.5966535806655884,0.0,0.0010000000474974513
18,58,0.6336480975151062,0.02787192538380623,0.6336480975151062,0.6336480975151062,0.0,0.07010000199079514
18,59,0.6363477110862732,0.05139254033565521,0.6363477110862732,0.6363477110862732,0.0,0.022099999710917473
18,60,0.5665981769561768,0.19754761457443237,0.5665981769561768,0.5665981769561768,0.0,0.0
18,61,0.6080408096313477,0.051401905715465546,0.6080408096313477,0.6080408096313477,0.0,0.019500000402331352
18,62,0.5920706987380981,0.05945606157183647,0.5920706987380981,0.5920706987380981,0.0,0.012000000104308128
18,63,0.6014372110366821,0.09123483300209045,0.6014372110366821,0.6014372110366821,0.0,0.002199999988079071
19,0,0.6101962327957153,0.20652946829795837,0.6101962327957153,0.6101962327957153,0.0,0.0
19,1,0.5858336687088013,0.2741989195346832,0.5858336687088013,0.5858336687088013,0.0,0.0
19,2,0.5667669773101807,0.10536182671785355,0.5667669773101807,0.5667669773101807,0.0,0.0007999999797903001
19,3,0.7061267495155334,0.08248991519212723,0.7061267495155334,0.7061267495155334,0.0,0.0034000000450760126
19,4,0.64308100938797,0.14890317618846893,0.64308100938797,0.64308100938797,0.0,0.00019999999494757503
19,5,0.5688928365707397,0.15730425715446472,0.5688928365707397,0.5688928365707397,0.0,0.00019999999494757503
19,6,0.6084855794906616,0.16187721490859985,0.6084855794906616,0.6084855794906616,0.0,0.00019999999494757503
19,7,0.627417802810669,0.21328884363174438,0.627417802810669,0.627417802810669,0.0,0.0
19,8,0.6184320449829102,0.20507580041885376,0.6184320449829102,0.6184320449829102,0.0,0.0
19,9,0.5199145674705505,0.0801970362663269,0.5199145674705505,0.5199145674705505,0.0,0.0026000000070780516
19,10,0.5498858690261841,0.14568878710269928,0.5498858690261841,0.5498858690261841,0.0,0.0003000000142492354
19,11,0.6059278845787048,0.2129676342010498,0.6059278845787048,0.6059278845787048,0.0,0.0
19,12,0.5896097421646118,0.1628885567188263,0.5896097421646118,0.5896097421646118,0.0,0.00019999999494757503
19,13,0.5790085792541504,0.16470302641391754,0.5790085792541504,0.5790085792541504,0.0,0.00019999999494757503
19,14,0.5696781873703003,0.1457144320011139,0.5696781873703003,0.5696781873703003,0.0,0.00019999999494757503
19,15,0.5727983713150024,0.17445510625839233,0.5727983713150024,0.5727983713150024,0.0,0.0
19,16,0.5617507696151733,0.01932511292397976,0.5617507696151733,0.5617507696151733,0.0,0.1143999993801117
19,17,0.5554971694946289,0.08306728303432465,0.5554971694946289,0.5554971694946289,0.0,0.002400000113993883
19,18,0.5795913338661194,0.23470009863376617,0.5795913338661194,0.5795913338661194,0.0,0.0
19,19,0.553506076335907,0.0610932856798172,0.553506076335907,0.553506076335907,0.0,0.011599999852478504
19,20,0.5054939985275269,0.13264288008213043,0.5054939985275269,0.5054939985275269,0.0,9.999999747378752e-05
19,21,0.6244990229606628,0.05983630195260048,0.6244990229606628,0.6244990229606628,0.0,0.012900000438094139
19,22,0.4931708574295044,0.09374877065420151,0.4931708574295044,0.4931708574295044,0.0,0.0019000000320374966
19,23,0.6024863123893738,0.08116605132818222,0.6024863123893738,0.6024863123893738,0.0,0.0034000000450760126
19,24,0.6286025047302246,0.07244955003261566,0.6286025047302246,0.6286025047302246,0.0,0.006000000052154064
19,25,0.518153965473175,0.07208426296710968,0.518153965473175,0.518153965473175,0.0,0.006800000090152025
19,26,0.5881263017654419,0.17220312356948853,0.5881263017654419,0.5881263017654419,0.0,0.0
19,27,0.6030911207199097,0.023112276569008827,0.6030911207199097,0.6030911207199097,0.0,0.09109999984502792
19,28,0.5861396789550781,0.1325412094593048,0.5861396789550781,0.5861396789550781,0.0,0.00039999998989515007
19,29,0.5812504291534424,0.10841485857963562,0.5812504291534424,0.5812504291534424,0.0,0.0010000000474974513
19,30,0.5733903646469116,0.06929489225149155,0.5733903646469116,0.5733903646469116,0.0,0.0066999997943639755
19,31,0.6040308475494385,0.1212213933467865,0.6040308475494385,0.6040308475494385,0.0,0.00039999998989515007
19,32,0.6006130576133728,0.09769900888204575,0.6006130576133728,0.6006130576133728,0.0,0.00139999995008111
19,33,0.6754801273345947,0.08229392766952515,0.6754801273345947,0.6754801273345947,0.0,0.003599999938160181
19,34,0.6328274011611938,0.20113351941108704,0.6328274011611938,0.6328274011611938,0.0,0.0
19,35,0.7271512746810913,0.05086486414074898,0.7271512746810913,0.7271512746810913,0.0,0.021900000050663948
19,36,0.5886270403862,0.035746339708566666,0.5886270403862,0.5886270403862,0.0,0.04349999874830246
19,37,0.6019366979598999,0.06764032691717148,0.6019366979598999,0.6019366979598999,0.0,0.007799999788403511
19,38,0.6220113039016724,0.15159747004508972,0.6220113039016724,0.6220113039016724,0.0,0.00019999999494757503
19,39,0.7340518236160278,0.016095813363790512,0.7340518236160278,0.7340518236160278,0.0,0.19059999287128448
19,40,0.6046183109283447,0.11424858868122101,0.6046183109283447,0.6046183109283447,0.0,0.0005000000237487257
19,41,0.5911283493041992,0.07538916170597076,0.5911283493041992,0.5911283493041992,0.0,0.005100000184029341
19,42,0.6243671178817749,0.13986612856388092,0.6243671178817749,0.6243671178817749,0.0,0.0003000000142492354
19,43,0.6230084300041199,0.15106353163719177,0.6230084300041199,0.6230084300041199,0.0,0.0
19,44,0.5633697509765625,0.1360713094472885,0.5633697509765625,0.5633697509765625,0.0,0.00039999998989515007
19,45,0.6329888105392456,0.1299474984407425,0.6329888105392456,0.6329888105392456,0.0,0.0006000000284984708
19,46,0.591478705406189,0.09578768908977509,0.591478705406189,0.591478705406189,0.0,0.0017999999690800905
19,47,0.5876096487045288,0.1788518726825714,0.5876096487045288,0.5876096487045288,0.0,0.0
19,48,0.6311711072921753,0.058056872338056564,0.6311711072921753,0.6311711072921753,0.0,0.01489999983459711
19,49,0.6704163551330566,0.04542279243469238,0.6704163551330566,0.6704163551330566,0.0,0.02669999934732914
19,50,0.5605771541595459,-0.007266252301633358,0.5605771541595459,0.5605771541595459,0.0,0.63919997215271
19,51,0.6081982851028442,0.1298063099384308,0.6081982851028442,0.6081982851028442,0.0,0.0006000000284984708
19,52,0.5248135328292847,0.013349137268960476,0.5248135328292847,0.5248135328292847,0.0,0.31709998846054077
19,53,0.6031044721603394,0.1140127032995224,0.6031044721603394,0.6031044721603394,0.0,0.0005000000237487257
19,54,0.56814044713974,0.22954636812210083,0.56814044713974,0.56814044713974,0.0,0.0
19,55,0.5909522175788879,0.10429739952087402,0.5909522175788879,0.5909522175788879,0.0,0.000699999975040555
19,56,0.5229361057281494,0.2691229581832886,0.5229361057281494,0.5229361057281494,0.0,0.0
19,57,0.46102383732795715,0.25076985359191895,0.46102383732795715,0.46102383732795715,0.0,0.0
19,58,0.5210409164428711,0.028302468359470367,0.5210409164428711,0.5210409164428711,0.0,0.06530000269412994
19,59,0.5526155233383179,0.11134994775056839,0.5526155233383179,0.5526155233383179,0.0,0.0006000000284984708
19,60,0.5669509172439575,0.10800787806510925,0.5669509172439575,0.5669509172439575,0.0,0.0007999999797903001
19,61,0.4852560758590698,0.20304551720619202,0.4852560758590698,0.4852560758590698,0.0,0.0
19,62,0.45292726159095764,0.19747409224510193,0.45292726159095764,0.45292726159095764,0.0,0.0
19,63,0.5656923055648804,0.09222223609685898,0.5656923055648804,0.5656923055648804,0.0,0.002099999925121665
20,0,0.7270551919937134,0.01905275322496891,0.7270551919937134,0.7270551919937134,0.0,0.11919999867677689
20,1,0.6399060487747192,0.13632073998451233,0.6399060487747192,0.6399060487747192,0.0,0.00019999999494757503
20,2,0.6842933893203735,0.06365470588207245,0.6842933893203735,0.6842933893203735,0.0,0.009499999694526196
20,3,0.6928446888923645,0.051009491086006165,0.6928446888923645,0.6928446888923645,0.0,0.017100000753998756
20,4,0.6809948682785034,0.123536117374897,0.6809948682785034,0.6809948682785034,0.0,0.0005000000237487257
20,5,0.6857858300209045,0.053037378937006,0.6857858300209045,0.6857858300209045,0.0,0.017899999395012856
20,6,0.6336063146591187,0.19822967052459717,0.6336063146591187,0.6336063146591187,0.0,0.0
20,7,0.6976279616355896,0.08489663153886795,0.6976279616355896,0.6976279616355896,0.0,0.0032999999821186066
20,8,0.6151942014694214,0.1947377324104309,0.6151942014694214,0.6151942014694214,0.0,0.0
20,9,0.6556379795074463,0.10678006708621979,0.6556379795074463,0.6556379795074463,0.0,0.0010000000474974513
20,10,0.5614759922027588,0.12519554793834686,0.5614759922027588,0.5614759922027588,0.0,0.00039999998989515007
20,11,0.6599256992340088,0.012322165071964264,0.6599256992340088,0.6599256992340088,0.0,0.38190001249313354
20,12,0.6778851747512817,0.11260443925857544,0.6778851747512817,0.6778851747512817,0.0,0.0007999999797903001
20,13,0.6007565259933472,0.20445655286312103,0.6007565259933472,0.6007565259933472,0.0,0.0
20,14,0.6318111419677734,0.13089536130428314,0.6318111419677734,0.6318111419677734,0.0,0.00039999998989515007
20,15,0.6353148221969604,0.06745506823062897,0.6353148221969604,0.6353148221969604,0.0,0.007699999958276749
20,16,0.5729659795761108,0.09660372883081436,0.5729659795761108,0.5729659795761108,0.0,0.0019000000320374966
20,17,0.7228261232376099,0.016926735639572144,0.7228261232376099,0.7228261232376099,0.0,0.16539999842643738
20,18,0.590424656867981,0.015176109969615936,0.590424656867981,0.590424656867981,0.0,0.20880000293254852
20,19,0.5842410326004028,0.08964451402425766,0.5842410326004028,0.5842410326004028,0.0,0.0019000000320374966
20,20,0.6320017576217651,0.06471839547157288,0.6320017576217651,0.6320017576217651,0.0,0.009999999776482582
20,21,0.5921856164932251,0.11544034630060196,0.5921856164932251,0.5921856164932251,0.0,0.0005000000237487257
20,22,0.6015918850898743,0.08565990626811981,0.6015918850898743,0.6015918850898743,0.0,0.0031999999191612005
20,23,0.679978609085083,0.0034725014120340347,0.679978609085083,0.679978609085083,0.0,0.83160001039505
20,24,0.5204450488090515,0.01801542565226555,0.5204450488090515,0.5204450488090515,0.0,0.12330000102519989
20,25,0.5688860416412354,-0.001272551715373993,0.5688860416412354,0.5688860416412354,0.0,0.9348999857902527
20,26,0.5151913166046143,0.04205784946680069,0.5151913166046143,0.5151913166046143,0.0,0.029600000008940697
20,27,0.5688599944114685,0.02457531914114952,0.5688599944114685,0.5688599944114685,0.0,0.07660000026226044
20,28,0.5407137870788574,0.0019664354622364044,0.5407137870788574,0.5407137870788574,0.0,0.9042999744415283
20,29,0.5590474605560303,0.03499871492385864,0.5590474605560303,0.5590474605560303,0.0,0.04899999871850014
20,30,0.6356896758079529,0.03218921273946762,0.6356896758079529,0.6356896758079529,0.0,0.05649999901652336
20,31,0.5243829488754272,0.0038295164704322815,0.5243829488754272,0.5243829488754272,0.0,0.8090000152587891
20,32,0.5773104429244995,0.05818837136030197,0.5773104429244995,0.5773104429244995,0.0,0.01360000018030405
20,33,0.5744184851646423,0.06970009952783585,0.5744184851646423,0.5744184851646423,0.0,0.007799999788403511
20,34,0.6443790197372437,0.09759943187236786,0.6443790197372437,0.6443790197372437,0.0,0.00139999995008111
20,35,0.5250124931335449,0.03286158666014671,0.5250124931335449,0.5250124931335449,0.0,0.055399999022483826
20,36,0.5652463436126709,0.1737501323223114,0.5652463436126709,0.5652463436126709,0.0,0.0
20,37,0.5083678960800171,0.040007103234529495,0.5083678960800171,0.5083678960800171,0.0,0.035999998450279236
20,38,0.5305742025375366,0.1256590187549591,0.5305742025375366,0.5305742025375366,0.0,0.00039999998989515007
20,39,0.5452617406845093,0.13471826910972595,0.5452617406845093,0.5452617406845093,0.0,0.0003000000142492354
20,40,0.5635186433792114,0.07206621021032333,0.5635186433792114,0.5635186433792114,0.0,0.006899999920278788
20,41,0.5824319124221802,0.023086965084075928,0.5824319124221802,0.5824319124221802,0.0,0.0885000005364418
20,42,0.5940251350402832,0.13115142285823822,0.5940251350402832,0.5940251350402832,0.0,0.00039999998989515007
20,43,0.6068844795227051,0.16649286448955536,0.6068844795227051,0.6068844795227051,0.0,0.00019999999494757503
20,44,0.5724354386329651,0.06402800977230072,0.5724354386329651,0.5724354386329651,0.0,0.010400000028312206
20,45,0.5407941341400146,0.06653357297182083,0.5407941341400146,0.5407941341400146,0.0,0.006200000178068876
20,46,0.5222051739692688,0.03672369197010994,0.5222051739692688,0.5222051739692688,0.0,0.03959999978542328
20,47,0.5355221033096313,0.01157870888710022,0.5355221033096313,0.5355221033096313,0.0,0.3637999892234802
20,48,0.6999454498291016,0.1901099979877472,0.6999454498291016,0.6999454498291016,0.0,0.0
20,49,0.7288644313812256,0.1216491237282753,0.7288644313812256,0.7288644313812256,0.0,0.0006000000284984708
20,50,0.6620824337005615,0.12810218334197998,0.6620824337005615,0.6620824337005615,0.0,0.00039999998989515007
20,51,0.7196247577667236,0.12879294157028198,0.7196247577667236,0.7196247577667236,0.0,0.0003000000142492354
20,52,0.7202940583229065,0.072187639772892,0.7202940583229065,0.7202940583229065,0.0,0.007400000002235174
20,53,0.7382832765579224,0.08224500715732574,0.7382832765579224,0.7382832765579224,0.0,0.003800000064074993
20,54,0.6453801393508911,0.12483714520931244,0.6453801393508911,0.6453801393508911,0.0,0.00039999998989515007
20,55,0.6437511444091797,0.12091989815235138,0.6437511444091797,0.6437511444091797,0.0,0.0005000000237487257
20,56,0.694298505783081,0.07781461626291275,0.694298505783081,0.694298505783081,0.0,0.004699999932199717
20,57,0.6148913502693176,0.08197509497404099,0.6148913502693176,0.6148913502693176,0.0,0.00419999985024333
20,58,0.6434354186058044,0.14057251811027527,0.6434354186058044,0.6434354186058044,0.0,0.00039999998989515007
20,59,0.6937642693519592,0.05584758147597313,0.6937642693519592,0.6937642693519592,0.0,0.016899999231100082
20,60,0.702538013458252,0.11619699001312256,0.702538013458252,0.702538013458252,0.0,0.000699999975040555
20,61,0.7347506284713745,0.06342434883117676,0.7347506284713745,0.7347506284713745,0.0,0.009399999864399433
20,62,0.7070606350898743,0.06524889916181564,0.7070606350898743,0.7070606350898743,0.0,0.010700000450015068
20,63,0.7177304029464722,0.0799323245882988,0.7177304029464722,0.7177304029464722,0.0,0.004900000058114529
21,0,0.589164137840271,0.0614086352288723,0.589164137840271,0.589164137840271,0.0,0.013100000098347664
21,1,0.5470952987670898,0.07136507332324982,0.5470952987670898,0.5470952987670898,0.0,0.005400000140070915
21,2,0.6526330709457397,0.08892109990119934,0.6526330709457397,0.6526330709457397,0.0,0.0019000000320374966
21,3,0.5986682176589966,0.04630298167467117,0.5986682176589966,0.5986682176589966,0.0,0.024399999529123306
21,4,0.5529012680053711,0.07584333419799805,0.5529012680053711,0.5529012680053711,0.0,0.004699999932199717
21,5,0.6277412176132202,0.08209411799907684,0.6277412176132202,0.6277412176132202,0.0,0.004100000020116568
21,6,0.5553728342056274,0.05512629821896553,0.5553728342056274,0.5553728342056274,0.0,0.01720000058412552
21,7,0.5519064664840698,0.02670690417289734,0.5519064664840698,0.5519064664840698,0.0,0.07270000129938126
21,8,0.6749882698059082,0.06993705034255981,0.6749882698059082,0.6749882698059082,0.0,0.007000000216066837
21,9,0.6257754564285278,0.151697039604187,0.6257754564285278,0.6257754564285278,0.0,9.999999747378752e-05
21,10,0.6009608507156372,0.07107119262218475,0.6009608507156372,0.6009608507156372,0.0,0.006200000178068876
21,11,0.6322997808456421,0.05600962042808533,0.6322997808456421,0.6322997808456421,0.0,0.013500000350177288
21,12,0.6729813814163208,0.10880477726459503,0.6729813814163208,0.6729813814163208,0.0,0.000699999975040555
21,13,0.6307283639907837,0.10487435013055801,0.6307283639907837,0.6307283639907837,0.0,0.0010999999940395355
21,14,0.6919671297073364,0.08271060138940811,0.6919671297073364,0.6919671297073364,0.0,0.00419999985024333
21,15,0.6437097787857056,0.05273347347974777,0.6437097787857056,0.6437097787857056,0.0,0.01860000006854534
21,16,0.6997854709625244,0.1118641123175621,0.6997854709625244,0.6997854709625244,0.0,0.000699999975040555
21,17,0.7390276193618774,0.052769891917705536,0.7390276193618774,0.7390276193618774,0.0,0.019700000062584877
21,18,0.7321821451187134,0.03141795098781586,0.7321821451187134,0.7321821451187134,0.0,0.05640000104904175
21,19,0.7141661643981934,0.05887843668460846,0.7141661643981934,0.7141661643981934,0.0,0.014100000262260437
21,20,0.6545527577400208,0.09799771010875702,0.6545527577400208,0.6545527577400208,0.0,0.001500000013038516
21,21,0.7396801710128784,0.01086849719285965,0.7396801710128784,0.7396801710128784,0.0,0.4643000066280365
21,22,0.7400754690170288,0.017745491117239,0.7400754690170288,0.7400754690170288,0.0,0.14380000531673431
21,23,0.7381801605224609,0.018661078065633774,0.7381801605224609,0.7381801605224609,0.0,0.12600000202655792
21,24,0.5827114582061768,0.2702820301055908,0.5827114582061768,0.5827114582061768,0.0,0.0
21,25,0.6535344123840332,0.2916523516178131,0.6535344123840332,0.6535344123840332,0.0,0.0
21,26,0.6678534746170044,0.2490747720003128,0.6678534746170044,0.6678534746170044,0.0,0.0
21,27,0.6312574148178101,0.21326108276844025,0.6312574148178101,0.6312574148178101,0.0,0.0
21,28,0.7298414707183838,0.05159864202141762,0.7298414707183838,0.7298414707183838,0.0,0.017899999395012856
21,29,0.6265490055084229,0.16470995545387268,0.6265490055084229,0.6265490055084229,0.0,0.00019999999494757503
21,30,0.5219146013259888,0.20525653660297394,0.5219146013259888,0.5219146013259888,0.0,0.0
21,31,0.6693954467773438,0.06619638949632645,0.6693954467773438,0.6693954467773438,0.0,0.00989999994635582
21,32,0.6193411350250244,0.19889789819717407,0.6193411350250244,0.6193411350250244,0.0,0.0
21,33,0.6207088232040405,0.2337484508752823,0.6207088232040405,0.6207088232040405,0.0,0.0
21,34,0.4870637357234955,0.04643722623586655,0.4870637357234955,0.4870637357234955,0.0,0.017000000923871994
21,35,0.581464409828186,0.2125793695449829,0.581464409828186,0.581464409828186,0.0,0.0
21,36,0.5520120859146118,0.17938509583473206,0.5520120859146118,0.5520120859146118,0.0,0.0
21,37,0.5437052249908447,0.2677510380744934,0.5437052249908447,0.5437052249908447,0.0,0.0
21,38,0.6342039704322815,0.18229694664478302,0.6342039704322815,0.6342039704322815,0.0,0.0
21,39,0.5319084525108337,0.1758466511964798,0.5319084525108337,0.5319084525108337,0.0,0.0
21,40,0.6387568712234497,0.11392077803611755,0.6387568712234497,0.6387568712234497,0.0,0.000699999975040555
21,41,0.6278395652770996,0.015778377652168274,0.6278395652770996,0.6278395652770996,0.0,0.24220000207424164
21,42,0.620276927947998,0.15378287434577942,0.620276927947998,0.620276927947998,0.0,0.00019999999494757503
21,43,0.579928994178772,0.19853150844573975,0.579928994178772,0.579928994178772,0.0,0.0
21,44,0.4615185856819153,0.0940728560090065,0.4615185856819153,0.4615185856819153,0.0,0.0010999999940395355
21,45,0.6152342557907104,0.08929582685232162,0.6152342557907104,0.6152342557907104,0.0,0.002400000113993883
21,46,0.5929822325706482,0.12046084553003311,0.5929822325706482,0.5929822325706482,0.0,0.0005000000237487257
21,47,0.6339917778968811,0.20725145936012268,0.6339917778968811,0.6339917778968811,0.0,0.0
21,48,0.6614131331443787,0.12514452636241913,0.6614131331443787,0.6614131331443787,0.0,0.00039999998989515007
21,49,0.6744034290313721,0.04081268236041069,0.6744034290313721,0.6744034290313721,0.0,0.03620000183582306
21,50,0.6695122718811035,0.14994220435619354,0.6695122718811035,0.6695122718811035,0.0,0.00019999999494757503
21,51,0.6966531276702881,0.0944259986281395,0.6966531276702881,0.6966531276702881,0.0,0.002199999988079071
21,52,0.5943669080734253,0.1089276373386383,0.5943669080734253,0.5943669080734253,0.0,0.0006000000284984708
21,53,0.7133001089096069,0.0876770094037056,0.7133001089096069,0.7133001089096069,0.0,0.0032999999821186066
21,54,0.6518949866294861,0.04381716996431351,0.6518949866294861,0.6518949866294861,0.0,0.029100000858306885
21,55,0.5784240961074829,0.09287828207015991,0.5784240961074829,0.5784240961074829,0.0,0.0019000000320374966
21,56,0.5849578380584717,0.28005629777908325,0.5849578380584717,0.5849578380584717,0.0,0.0
21,57,0.5824118852615356,0.06419456750154495,0.5824118852615356,0.5824118852615356,0.0,0.007899999618530273
21,58,0.482799232006073,-0.003449954092502594,0.482799232006073,0.482799232006073,0.0,0.8119000196456909
21,59,0.6276763677597046,0.11888749152421951,0.6276763677597046,0.6276763677597046,0.0,0.00039999998989515007
21,60,0.6321293115615845,0.03711259737610817,0.6321293115615845,0.6321293115615845,0.0,0.042399998754262924
21,61,0.6361443996429443,0.07244992256164551,0.6361443996429443,0.6361443996429443,0.0,0.00559999980032444
21,62,0.6451294422149658,0.07047377526760101,0.6451294422149658,0.6451294422149658,0.0,0.007799999788403511
21,63,0.5991688966751099,0.24275222420692444,0.5991688966751099,0.5991688966751099,0.0,0.0
22,0,0.506991982460022,0.029326986521482468,0.506991982460022,0.506991982460022,0.0,0.05350000038743019
22,1,0.6469793319702148,0.18223936855793,0.6469793319702148,0.6469793319702148,0.0,0.0
22,2,0.6699668169021606,0.08715903013944626,0.6699668169021606,0.6699668169021606,0.0,0.003599999938160181
22,3,0.7225485444068909,0.05702612176537514,0.7225485444068909,0.7225485444068909,0.0,0.016200000420212746
22,4,0.6628226041793823,0.15433897078037262,0.6628226041793823,0.6628226041793823,0.0,0.00019999999494757503
22,5,0.6983849406242371,0.07496833056211472,0.6983849406242371,0.6983849406242371,0.0,0.005200000014156103
22,6,0.6389040946960449,0.07795549184083939,0.6389040946960449,0.6389040946960449,0.0,0.003800000064074993
22,7,0.6952301263809204,0.042806535959243774,0.6952301263809204,0.6952301263809204,0.0,0.03180000185966492
22,8,0.5859367847442627,0.26511579751968384,0.5859367847442627,0.5859367847442627,0.0,0.0
22,9,0.6062858700752258,0.20714738965034485,0.6062858700752258,0.6062858700752258,0.0,0.0
22,10,0.6743885278701782,0.050642505288124084,0.6743885278701782,0.6743885278701782,0.0,0.01510000042617321
22,11,0.6191495656967163,0.20275446772575378,0.6191495656967163,0.6191495656967163,0.0,0.0
22,12,0.5966928005218506,0.22990477085113525,0.5966928005218506,0.5966928005218506,0.0,0.0
22,13,0.6090026497840881,0.2910160422325134,0.6090026497840881,0.6090026497840881,0.0,0.0
22,14,0.7093594074249268,0.06234294921159744,0.7093594074249268,0.7093594074249268,0.0,0.01080000028014183
22,15,0.6664687395095825,0.16266407072544098,0.6664687395095825,0.6664687395095825,0.0,9.999999747378752e-05
22,16,0.6290252208709717,0.04145035892724991,0.6290252208709717,0.6290252208709717,0.0,0.03440000116825104
22,17,0.6093305349349976,0.09252060949802399,0.6093305349349976,0.6093305349349976,0.0,0.0019000000320374966
22,18,0.6488739252090454,0.06690552830696106,0.6488739252090454,0.6488739252090454,0.0,0.006599999964237213
22,19,0.5824071168899536,0.020952947437763214,0.5824071168899536,0.5824071168899536,0.0,0.0934000015258789
22,20,0.5425794124603271,0.005557931959629059,0.5425794124603271,0.5425794124603271,0.0,0.7208999991416931
22,21,0.6201108694076538,0.1576855182647705,0.6201108694076538,0.6201108694076538,0.0,0.00019999999494757503
22,22,0.5809237957000732,0.0389159694314003,0.5809237957000732,0.5809237957000732,0.0,0.03530000150203705
22,23,0.6218138933181763,0.05117189884185791,0.6218138933181763,0.6218138933181763,0.0,0.019600000232458115
22,24,0.5775673985481262,0.03197168558835983,0.5775673985481262,0.5775673985481262,0.0,0.05169999971985817
22,25,0.5687377452850342,0.10691226273775101,0.5687377452850342,0.5687377452850342,0.0,0.0008999999845400453
22,26,0.5181272029876709,0.0673537477850914,0.5181272029876709,0.5181272029876709,0.0,0.00570000009611249
22,27,0.611442506313324,0.07811366766691208,0.611442506313324,0.611442506313324,0.0,0.0044999998062849045
22,28,0.6165688037872314,0.13122250139713287,0.6165688037872314,0.6165688037872314,0.0,0.0003000000142492354
22,29,0.5467000007629395,0.07411795854568481,0.5467000007629395,0.5467000007629395,0.0,0.003800000064074993
22,30,0.4073260426521301,0.030865643173456192,0.4073260426521301,0.4073260426521301,0.0,0.04569999873638153
22,31,0.556126594543457,0.04981120303273201,0.556126594543457,0.556126594543457,0.0,0.01860000006854534
22,32,0.6484110355377197,0.14638888835906982,0.6484110355377197,0.6484110355377197,0.0,0.00019999999494757503
22,33,0.6379114389419556,0.13270671665668488,0.6379114389419556,0.6379114389419556,0.0,0.00039999998989515007
22,34,0.6932125091552734,0.016495484858751297,0.6932125091552734,0.6932125091552734,0.0,0.18940000236034393
22,35,0.6188820600509644,0.059018585830926895,0.6188820600509644,0.6188820600509644,0.0,0.013700000010430813
22,36,0.6443814039230347,0.05479078367352486,0.6443814039230347,0.6443814039230347,0.0,0.01720000058412552
22,37,0.6497584581375122,0.08662648499011993,0.6497584581375122,0.6497584581375122,0.0,0.0027000000700354576
22,38,0.6622413396835327,0.06383095681667328,0.6622413396835327,0.6622413396835327,0.0,0.010300000198185444
22,39,0.6497377753257751,0.08832058310508728,0.6497377753257751,0.6497377753257751,0.0,0.0024999999441206455
22,40,0.677585244178772,0.09660164266824722,0.677585244178772,0.677585244178772,0.0,0.0015999999595806003
22,41,0.6651401519775391,0.05367886275053024,0.6651401519775391,0.6651401519775391,0.0,0.014999999664723873
22,42,0.5718386173248291,0.08559121191501617,0.5718386173248291,0.5718386173248291,0.0,0.0008999999845400453
22,43,0.6398100852966309,0.07252520322799683,0.6398100852966309,0.6398100852966309,0.0,0.006399999838322401
22,44,0.6603875756263733,0.08110325038433075,0.6603875756263733,0.6603875756263733,0.0,0.003800000064074993
22,45,0.5376219749450684,0.19606932997703552,0.5376219749450684,0.5376219749450684,0.0,0.0
22,46,0.6637052297592163,0.042824212461709976,0.6637052297592163,0.6637052297592163,0.0,0.027000000700354576
22,47,0.668877124786377,0.09391041845083237,0.668877124786377,0.668877124786377,0.0,0.001500000013038516
22,48,0.6225155591964722,0.15217649936676025,0.6225155591964722,0.6225155591964722,0.0,9.999999747378752e-05
22,49,0.6457852125167847,0.06396521627902985,0.6457852125167847,0.6457852125167847,0.0,0.010700000450015068
22,50,0.6111595630645752,0.17276833951473236,0.6111595630645752,0.6111595630645752,0.0,0.0
22,51,0.6977683305740356,0.08945543318986893,0.6977683305740356,0.6977683305740356,0.0,0.0026000000070780516
22,52,0.653907060623169,0.10439108312129974,0.653907060623169,0.653907060623169,0.0,0.0008999999845400453
22,53,0.6441854238510132,0.17141452431678772,0.6441854238510132,0.6441854238510132,0.0,0.0
22,54,0.6036949157714844,0.1773405373096466,0.6036949157714844,0.6036949157714844,0.0,0.0
22,55,0.5933575630187988,0.1390535980463028,0.5933575630187988,0.5933575630187988,0.0,0.0003000000142492354
22,56,0.5981659889221191,0.055482253432273865,0.5981659889221191,0.5981659889221191,0.0,0.015599999576807022
22,57,0.6249297857284546,0.047150202095508575,0.6249297857284546,0.6249297857284546,0.0,0.023600000888109207
22,58,0.6706620454788208,0.07096190750598907,0.6706620454788208,0.6706620454788208,0.0,0.006300000008195639
22,59,0.7223221063613892,0.05877121165394783,0.7223221063613892,0.7223221063613892,0.0,0.014399999752640724
22,60,0.6552693247795105,0.047540485858917236,0.6552693247795105,0.6552693247795105,0.0,0.01940000057220459
22,61,0.6029047966003418,0.06093577295541763,0.6029047966003418,0.6029047966003418,0.0,0.011699999682605267
22,62,0.68925940990448,0.07898068428039551,0.68925940990448,0.68925940990448,0.0,0.004399999976158142
22,63,0.7103918194770813,0.08878272026777267,0.7103918194770813,0.7103918194770813,0.0,0.00279999990016222
23,0,0.6313778162002563,0.04201032593846321,0.6313778162002563,0.6313778162002563,0.0,0.032499998807907104
23,1,0.5692589282989502,0.09134238958358765,0.5692589282989502,0.5692589282989502,0.0,0.0012000000569969416
23,2,0.6249372959136963,0.11462539434432983,0.6249372959136963,0.6249372959136963,0.0,0.0006000000284984708
23,3,0.6273784637451172,0.15284611284732819,0.6273784637451172,0.6273784637451172,0.0,0.0003000000142492354
23,4,0.679407000541687,0.07920514792203903,0.679407000541687,0.679407000541687,0.0,0.004600000102072954
23,5,0.6536870002746582,0.09964913129806519,0.6536870002746582,0.6536870002746582,0.0,0.001500000013038516
23,6,0.585590124130249,0.14973509311676025,0.585590124130249,0.585590124130249,0.0,9.999999747378752e-05
23,7,0.5271950960159302,0.10545650124549866,0.5271950960159302,0.5271950960159302,0.0,0.0006000000284984708
23,8,0.6001661419868469,0.16977906227111816,0.6001661419868469,0.6001661419868469,0.0,0.0
23,9,0.7340437173843384,0.038749441504478455,0.7340437173843384,0.7340437173843384,0.0,0.03889999911189079
23,10,0.6771422624588013,0.12731635570526123,0.6771422624588013,0.6771422624588013,0.0,0.0005000000237487257
23,11,0.580341100692749,0.17925117909908295,0.580341100692749,0.580341100692749,0.0,0.0
23,12,0.6638393402099609,0.025340665131807327,0.6638393402099609,0.6638393402099609,0.0,0.07750000059604645
23,13,0.713839054107666,0.03978816419839859,0.713839054107666,0.713839054107666,0.0,0.031599998474121094
23,14,0.7199177742004395,0.08253640681505203,0.7199177742004395,0.7199177742004395,0.0,0.004000000189989805
23,15,0.7357669472694397,0.006359361112117767,0.7357669472694397,0.7357669472694397,0.0,0.6984000205993652
23,16,0.6520491242408752,0.025301815941929817,0.6520491242408752,0.6520491242408752,0.0,0.07739999890327454
23,17,0.6955249309539795,0.05509262904524803,0.6955249309539795,0.6955249309539795,0.0,0.015200000256299973
23,18,0.6779850721359253,0.10759364068508148,0.6779850721359253,0.6779850721359253,0.0,0.0007999999797903001
23,19,0.6338493227958679,0.11786472797393799,0.6338493227958679,0.6338493227958679,0.0,0.000699999975040555
23,20,0.6455425024032593,0.16015711426734924,0.6455425024032593,0.6455425024032593,0.0,0.00019999999494757503
23,21,0.6739971041679382,0.07050427794456482,0.6739971041679382,0.6739971041679382,0.0,0.006300000008195639
23,22,0.6496450901031494,0.13029725849628448,0.6496450901031494,0.6496450901031494,0.0,0.00039999998989515007
23,23,0.646638035774231,0.026778383180499077,0.646638035774231,0.646638035774231,0.0,0.07280000299215317
23,24,0.656216025352478,0.08156223595142365,0.656216025352478,0.656216025352478,0.0,0.004100000020116568
23,25,0.6841591596603394,0.019207147881388664,0.6841591596603394,0.6841591596603394,0.0,0.12349999696016312
23,26,0.6407364010810852,0.12269721180200577,0.6407364010810852,0.6407364010810852,0.0,0.0003000000142492354
23,27,0.5694541335105896,0.0775190144777298,0.5694541335105896,0.5694541335105896,0.0,0.002199999988079071
23,28,0.6676669120788574,0.03426319360733032,0.6676669120788574,0.6676669120788574,0.0,0.047600001096725464
23,29,0.7280397415161133,0.06906623393297195,0.7280397415161133,0.7280397415161133,0.0,0.008100000210106373
23,30,0.6358579397201538,0.04717135801911354,0.6358579397201538,0.6358579397201538,0.0,0.020500000566244125
23,31,0.6567120552062988,0.0419037826359272,0.6567120552062988,0.6567120552062988,0.0,0.03280000016093254
23,32,0.7108829617500305,0.038297396153211594,0.7108829617500305,0.7108829617500305,0.0,0.0406000018119812
23,33,0.6389157772064209,0.0446251779794693,0.6389157772064209,0.6389157772064209,0.0,0.02800000086426735
23,34,0.6674671173095703,0.11105506122112274,0.6674671173095703,0.6674671173095703,0.0,0.000699999975040555
23,35,0.5838202238082886,0.22232657670974731,0.5838202238082886,0.5838202238082886,0.0,0.0
23,36,0.5921714305877686,0.402512788772583,0.5921714305877686,0.5921714305877686,0.0,0.0
23,37,0.6094672679901123,0.1497580111026764,0.6094672679901123,0.6094672679901123,0.0,0.0
23,38,0.709757924079895,0.13396021723747253,0.709757924079895,0.709757924079895,0.0,0.0003000000142492354
23,39,0.6384418606758118,0.2093719244003296,0.6384418606758118,0.6384418606758118,0.0,0.0
23,40,0.6208720207214355,0.20667101442813873,0.6208720207214355,0.6208720207214355,0.0,0.0
23,41,0.5885792374610901,0.19590838253498077,0.5885792374610901,0.5885792374610901,0.0,0.0
23,42,0.6631141304969788,0.2205214947462082,0.6631141304969788,0.6631141304969788,0.0,0.0
23,43,0.7402270436286926,0.01892407238483429,0.7402270436286926,0.7402270436286926,0.0,0.11949999630451202
23,44,0.7402117252349854,0.012998692691326141,0.7402117252349854,0.7402117252349854,0.0,0.3458000123500824
23,45,0.738387942314148,0.032689839601516724,0.738387942314148,0.738387942314148,0.0,0.049800001084804535
23,46,0.7395997643470764,0.07476987689733505,0.7395997643470764,0.7395997643470764,0.0,0.005499999970197678
23,47,0.6426976919174194,0.15385328233242035,0.6426976919174194,0.6426976919174194,0.0,9.999999747378752e-05
23,48,0.6684199571609497,0.21391649544239044,0.6684199571609497,0.6684199571609497,0.0,0.0
23,49,0.545738935470581,0.0401490144431591,0.545738935470581,0.545738935470581,0.0,0.026900000870227814
23,50,0.6807302236557007,0.11468333005905151,0.6807302236557007,0.6807302236557007,0.0,0.0007999999797903001
23,51,0.5717446804046631,0.15689519047737122,0.5717446804046631,0.5717446804046631,0.0,0.00019999999494757503
23,52,0.6586184501647949,0.1631636917591095,0.6586184501647949,0.6586184501647949,0.0,0.0
23,53,0.6320749521255493,0.05002006143331528,0.6320749521255493,0.6320749521255493,0.0,0.017799999564886093
23,54,0.6910222768783569,0.14203450083732605,0.6910222768783569,0.6910222768783569,0.0,0.00019999999494757503
23,55,0.6216933131217957,0.01221638172864914,0.6216933131217957,0.6216933131217957,0.0,0.36570000648498535
23,56,0.3244985342025757,0.02923641912639141,0.3244985342025757,0.3244985342025757,0.0,0.04349999874830246
23,57,0.6465247273445129,0.053742364048957825,0.6465247273445129,0.6465247273445129,0.0,0.01080000028014183
23,58,0.6487182378768921,0.08951923251152039,0.6487182378768921,0.6487182378768921,0.0,0.002099999925121665
23,59,0.6758055686950684,0.12252551317214966,0.6758055686950684,0.6758055686950684,0.0,0.00039999998989515007
23,60,0.710727334022522,0.03975072503089905,0.710727334022522,0.710727334022522,0.0,0.03790000081062317
23,61,0.6426244974136353,0.11994984745979309,0.6426244974136353,0.6426244974136353,0.0,0.000699999975040555
23,62,0.6029612421989441,0.1132858544588089,0.6029612421989441,0.6029612421989441,0.0,0.000699999975040555
23,63,0.42397868633270264,0.024273816496133804,0.42397868633270264,0.42397868633270264,0.0,0.06750000268220901
24,0,0.6411098837852478,0.046727970242500305,0.6411098837852478,0.6411098837852478,0.0,0.019300000742077827
24,1,0.6740437746047974,0.132189080119133,0.6740437746047974,0.6740437746047974,0.0,0.0003000000142492354
24,2,0.6748064756393433,0.16258010268211365,0.6748064756393433,0.6748064756393433,0.0,9.999999747378752e-05
24,3,0.6003734469413757,0.19841256737709045,0.6003734469413757,0.6003734469413757,0.0,0.0
24,4,0.6406289339065552,0.08994908630847931,0.6406289339065552,0.6406289339065552,0.0,0.0017000000225380063
24,5,0.6437389850616455,0.18658709526062012,0.6437389850616455,0.6437389850616455,0.0,0.0
24,6,0.5942062139511108,0.4280654191970825,0.5942062139511108,0.5942062139511108,0.0,0.0
24,7,0.6181230545043945,0.23378217220306396,0.6181230545043945,0.6181230545043945,0.0,0.0
24,8,0.5780978798866272,0.1631740927696228,0.5780978798866272,0.5780978798866272,0.0,9.999999747378752e-05
24,9,0.6765763759613037,0.12114504724740982,0.6765763759613037,0.6765763759613037,0.0,0.0003000000142492354
24,10,0.6747082471847534,0.08630070090293884,0.6747082471847534,0.6747082471847534,0.0,0.0020000000949949026
24,11,0.6636400818824768,0.14700576663017273,0.6636400818824768,0.6636400818824768,0.0,9.999999747378752e-05
24,12,0.6527860760688782,0.13486672937870026,0.6527860760688782,0.6527860760688782,0.0,0.00039999998989515007
24,13,0.7014315128326416,0.060957618057727814,0.7014315128326416,0.7014315128326416,0.0,0.008100000210106373
24,14,0.6944830417633057,0.08162018656730652,0.6944830417633057,0.6944830417633057,0.0,0.004000000189989805
24,15,0.6503002047538757,0.160592183470726,0.6503002047538757,0.6503002047538757,0.0,0.0
24,16,0.6955196857452393,0.08834554255008698,0.6955196857452393,0.6955196857452393,0.0,0.0015999999595806003
24,17,0.6833664178848267,0.048049818724393845,0.6833664178848267,0.6833664178848267,0.0,0.022700000554323196
24,18,0.6774736046791077,0.110773004591465,0.6774736046791077,0.6774736046791077,0.0,0.0007999999797903001
24,19,0.6726834774017334,0.04983894154429436,0.6726834774017334,0.6726834774017334,0.0,0.021299999207258224
24,20,0.6590709686279297,0.09197283536195755,0.6590709686279297,0.6590709686279297,0.0,0.00139999995008111
24,21,0.6526610851287842,0.09261500090360641,0.6526610851287842,0.6526610851287842,0.0,0.0017999999690800905
24,22,0.698198676109314,0.11628898233175278,0.698198676109314,0.698198676109314,0.0,0.000699999975040555
24,23,0.6365997195243835,0.04650387167930603,0.6365997195243835,0.6365997195243835,0.0,0.022700000554323196
24,24,0.7132688760757446,0.05759614333510399,0.7132688760757446,0.7132688760757446,0.0,0.01489999983459711
24,25,0.7280696034431458,0.08177177608013153,0.7280696034431458,0.7280696034431458,0.0,0.0034000000450760126
24,26,0.6653234362602234,0.1107376366853714,0.6653234362602234,0.6653234362602234,0.0,0.0007999999797903001
24,27,0.7278122901916504,0.06198801100254059,0.7278122901916504,0.7278122901916504,0.0,0.010499999858438969
24,28,0.5767107009887695,0.06380942463874817,0.5767107009887695,0.5767107009887695,0.0,0.0052999998442828655
24,29,0.6989551186561584,0.12695002555847168,0.6989551186561584,0.6989551186561584,0.0,0.0005000000237487257
24,30,0.6742438673973083,0.16788101196289062,0.6742438673973083,0.6742438673973083,0.0,0.0
24,31,0.713175892829895,0.07697536796331406,0.713175892829895,0.713175892829895,0.0,0.004100000020116568
24,32,0.6670162677764893,0.08620286732912064,0.6670162677764893,0.6670162677764893,0.0,0.003599999938160181
24,33,0.6200655698776245,0.10064379125833511,0.6200655698776245,0.6200655698776245,0.0,0.0019000000320374966
24,34,0.601099967956543,0.06770797818899155,0.601099967956543,0.601099967956543,0.0,0.008200000040233135
24,35,0.6456383466720581,0.18009598553180695,0.6456383466720581,0.6456383466720581,0.0,0.0
24,36,0.7085148096084595,0.017904382199048996,0.7085148096084595,0.7085148096084595,0.0,0.13600000739097595
24,37,0.6534667015075684,0.08502224087715149,0.6534667015075684,0.6534667015075684,0.0,0.0034000000450760126
24,38,0.681591272354126,0.10964924842119217,0.681591272354126,0.681591272354126,0.0,0.0007999999797903001
24,39,0.6992188692092896,0.09915894269943237,0.6992188692092896,0.6992188692092896,0.0,0.0015999999595806003
24,40,0.6566091775894165,0.05532960593700409,0.6566091775894165,0.6566091775894165,0.0,0.015799999237060547
24,41,0.7197628021240234,0.06697004288434982,0.7197628021240234,0.7197628021240234,0.0,0.008999999612569809
24,42,0.7381703853607178,0.019067682325839996,0.7381703853607178,0.7381703853607178,0.0,0.120899997651577
24,43,0.618541955947876,0.02540726587176323,0.618541955947876,0.618541955947876,0.0,0.0794999971985817
24,44,0.6307591199874878,0.1110706701874733,0.6307591199874878,0.6307591199874878,0.0,0.000699999975040555
24,45,0.7138432264328003,0.11860684305429459,0.7138432264328003,0.7138432264328003,0.0,0.0006000000284984708
24,46,0.6451244354248047,0.19832856953144073,0.6451244354248047,0.6451244354248047,0.0,0.0
24,47,0.6658129096031189,0.1252048909664154,0.6658129096031189,0.6658129096031189,0.0,0.000699999975040555
24,48,0.7115119099617004,0.08075665682554245,0.7115119099617004,0.7115119099617004,0.0,0.0034000000450760126
24,49,0.6667628884315491,0.09488082677125931,0.6667628884315491,0.6667628884315491,0.0,0.0012000000569969416
24,50,0.7119648456573486,0.09751477092504501,0.7119648456573486,0.7119648456573486,0.0,0.0015999999595806003
24,51,0.6763625144958496,0.06488043814897537,0.6763625144958496,0.6763625144958496,0.0,0.008899999782443047
24,52,0.7047854661941528,0.0035536475479602814,0.7047854661941528,0.7047854661941528,0.0,0.828499972820282
24,53,0.6153244972229004,0.05780740827322006,0.6153244972229004,0.6153244972229004,0.0,0.013299999758601189
24,54,0.659130334854126,0.03893887624144554,0.659130334854126,0.659130334854126,0.0,0.03150000050663948
24,55,0.7386182546615601,0.10649940371513367,0.7386182546615601,0.7386182546615601,0.0,0.0007999999797903001
24,56,0.6740311980247498,0.0677156075835228,0.6740311980247498,0.6740311980247498,0.0,0.008500000461935997
24,57,0.7128861546516418,0.03823043778538704,0.7128861546516418,0.7128861546516418,0.0,0.03680000081658363
24,58,0.6667855978012085,0.14683261513710022,0.6667855978012085,0.6667855978012085,0.0,0.00019999999494757503
24,59,0.607491135597229,0.050104036927223206,0.607491135597229,0.607491135597229,0.0,0.0210999995470047
24,60,0.6105573177337646,0.07197701930999756,0.6105573177337646,0.6105573177337646,0.0,0.004999999888241291
24,61,0.5114708542823792,0.02530631795525551,0.5114708542823792,0.5114708542823792,0.0,0.07289999723434448
24,62,0.5917407870292664,0.10436578094959259,0.5917407870292664,0.5917407870292664,0.0,0.0007999999797903001
24,63,0.7099835872650146,0.05960039421916008,0.7099835872650146,0.7099835872650146,0.0,0.0142000000923872
25,0,0.7062274217605591,0.11327752470970154,0.7062274217605591,0.7062274217605591,0.0,0.0006000000284984708
25,1,0.6884266138076782,0.1416521668434143,0.6884266138076782,0.6884266138076782,0.0,0.00019999999494757503
25,2,0.6389967203140259,0.09152800589799881,0.6389967203140259,0.6389967203140259,0.0,0.002400000113993883
25,3,0.5879626274108887,0.01855042763054371,0.5879626274108887,0.5879626274108887,0.0,0.13989999890327454
25,4,0.7209101915359497,0.016421593725681305,0.7209101915359497,0.7209101915359497,0.0,0.18940000236034393
25,5,0.6358570456504822,0.16144634783267975,0.6358570456504822,0.6358570456504822,0.0,0.0
25,6,0.626352071762085,0.17264893651008606,0.626352071762085,0.626352071762085,0.0,0.0
25,7,0.6243767738342285,0.02560780569911003,0.6243767738342285,0.6243767738342285,0.0,0.07739999890327454
25,8,0.7114818096160889,0.07081899046897888,0.7114818096160889,0.7114818096160889,0.0,0.007499999832361937
25,9,0.7289407253265381,0.04367144778370857,0.7289407253265381,0.7289407253265381,0.0,0.031599998474121094
25,10,0.7096240520477295,0.07234547287225723,0.7096240520477295,0.7096240520477295,0.0,0.007199999876320362
25,11,0.6923178434371948,0.08431415259838104,0.6923178434371948,0.6923178434371948,0.0,0.0031999999191612005
25,12,0.7390550374984741,0.009206011891365051,0.7390550374984741,0.7390550374984741,0.0,0.5587000250816345
25,13,0.7369954586029053,0.02450140006840229,0.7369954586029053,0.7369954586029053,0.0,0.0835999995470047
25,14,0.7334129214286804,0.028934940695762634,0.7334129214286804,0.7334129214286804,0.0,0.06279999762773514
25,15,0.706179141998291,0.05517903342843056,0.706179141998291,0.706179141998291,0.0,0.017500000074505806
25,16,0.6610244512557983,0.09340564161539078,0.6610244512557983,0.6610244512557983,0.0,0.0008999999845400453
25,17,0.6405839323997498,0.059465423226356506,0.6405839323997498,0.6405839323997498,0.0,0.007600000128149986
25,18,0.5691537857055664,0.08844342827796936,0.5691537857055664,0.5691537857055664,0.0,0.0017999999690800905
25,19,0.560890793800354,0.06775550544261932,0.560890793800354,0.560890793800354,0.0,0.00800000037997961
25,20,0.660811722278595,0.07577946037054062,0.660811722278595,0.660811722278595,0.0,0.005900000222027302
25,21,0.6968426704406738,0.08094365149736404,0.6968426704406738,0.6968426704406738,0.0,0.00430000014603138
25,22,0.5475984215736389,0.16747018694877625,0.5475984215736389,0.5475984215736389,0.0,0.0
25,23,0.5408992171287537,0.07677587866783142,0.5408992171287537,0.5408992171287537,0.0,0.005100000184029341
25,24,0.6080747842788696,0.06751333177089691,0.6080747842788696,0.6080747842788696,0.0,0.008799999952316284
25,25,0.6137127876281738,0.08314843475818634,0.6137127876281738,0.6137127876281738,0.0,0.0019000000320374966
25,26,0.6270644664764404,0.0854080393910408,0.6270644664764404,0.6270644664764404,0.0,0.003599999938160181
25,27,0.5618404150009155,0.09603264182806015,0.5618404150009155,0.5618404150009155,0.0,0.000699999975040555
25,28,0.670110821723938,0.12769068777561188,0.670110821723938,0.670110821723938,0.0,0.0005000000237487257
25,29,0.6233036518096924,0.0736815482378006,0.6233036518096924,0.6233036518096924,0.0,0.006000000052154064
25,30,0.682632327079773,0.08971978724002838,0.682632327079773,0.682632327079773,0.0,0.0026000000070780516
25,31,0.6664532423019409,0.16880732774734497,0.6664532423019409,0.6664532423019409,0.0,0.0
25,32,0.7320283055305481,0.08538827300071716,0.7320283055305481,0.7320283055305481,0.0,0.003100000089034438
25,33,0.7402506470680237,0.042488738894462585,0.7402506470680237,0.7402506470680237,0.0,0.02889999933540821
25,34,0.665224552154541,0.09844386577606201,0.665224552154541,0.665224552154541,0.0,0.0010999999940395355
25,35,0.7234426140785217,0.07205197215080261,0.7234426140785217,0.7234426140785217,0.0,0.006300000008195639
25,36,0.6604082584381104,0.1608017086982727,0.6604082584381104,0.6604082584381104,0.0,9.999999747378752e-05
25,37,0.7398561835289001,0.0613059476017952,0.7398561835289001,0.7398561835289001,0.0,0.00989999994635582
25,38,0.731753945350647,0.03704322129487991,0.731753945350647,0.731753945350647,0.0,0.041200000792741776
25,39,0.7315162420272827,0.043291203677654266,0.7315162420272827,0.7315162420272827,0.0,0.025699999183416367
25,40,0.7080931067466736,0.058361850678920746,0.7080931067466736,0.7080931067466736,0.0,0.014700000174343586
25,41,0.6154580116271973,0.034685444086790085,0.6154580116271973,0.6154580116271973,0.0,0.04280000180006027
25,42,0.614203929901123,0.023230943828821182,0.614203929901123,0.614203929901123,0.0,0.08869999647140503
25,43,0.6570965647697449,0.12684521079063416,0.6570965647697449,0.6570965647697449,0.0,0.0005000000237487257
25,44,0.6684542894363403,0.03181104734539986,0.6684542894363403,0.6684542894363403,0.0,0.053199999034404755
25,45,0.7152611613273621,0.14435063302516937,0.7152611613273621,0.7152611613273621,0.0,0.00019999999494757503
25,46,0.6206471920013428,0.029606953263282776,0.6206471920013428,0.6206471920013428,0.0,0.059300001710653305
25,47,0.616759181022644,0.03448803350329399,0.616759181022644,0.616759181022644,0.0,0.04479999840259552
25,48,0.5834808945655823,0.020276077091693878,0.5834808945655823,0.5834808945655823,0.0,0.08820000290870667
25,49,0.6242600083351135,0.04685425013303757,0.6242600083351135,0.6242600083351135,0.0,0.024399999529123306
25,50,0.6647647023200989,0.07356046885251999,0.6647647023200989,0.6647647023200989,0.0,0.00570000009611249
25,51,0.5794923305511475,0.02488166280090809,0.5794923305511475,0.5794923305511475,0.0,0.07900000363588333
25,52,0.6420570611953735,0.04966099187731743,0.6420570611953735,0.6420570611953735,0.0,0.022099999710917473
25,53,0.5867305397987366,0.03025607392191887,0.5867305397987366,0.5867305397987366,0.0,0.057999998331069946
25,54,0.6473166942596436,0.046363357454538345,0.6473166942596436,0.6473166942596436,0.0,0.023099999874830246
25,55,0.5908061861991882,0.04953645169734955,0.5908061861991882,0.5908061861991882,0.0,0.0215000007301569
25,56,0.6470246911048889,0.1341177076101303,0.6470246911048889,0.6470246911048889,0.0,0.0003000000142492354
25,57,0.6461496353149414,0.148392453789711,0.6461496353149414,0.6461496353149414,0.0,9.999999747378752e-05
25,58,0.6601650714874268,0.0635114312171936,0.6601650714874268,0.6601650714874268,0.0,0.009999999776482582
25,59,0.7171292304992676,0.08553364127874374,0.7171292304992676,0.7171292304992676,0.0,0.003100000089034438
25,60,0.6845411062240601,0.10876766592264175,0.6845411062240601,0.6845411062240601,0.0,0.0007999999797903001
25,61,0.7399908900260925,0.04564448446035385,0.7399908900260925,0.7399908900260925,0.0,0.023000000044703484
25,62,0.7239892482757568,0.09394511580467224,0.7239892482757568,0.7239892482757568,0.0,0.002199999988079071
25,63,0.7299389839172363,0.0625583827495575,0.7299389839172363,0.7299389839172363,0.0,0.010200000368058681
26,0,0.6530052423477173,0.023359304293990135,0.6530052423477173,0.6530052423477173,0.0,0.08649999648332596
26,1,0.6269761919975281,0.04885852336883545,0.6269761919975281,0.6269761919975281,0.0,0.021199999377131462
26,2,0.6534366011619568,0.04695175588130951,0.6534366011619568,0.6534366011619568,0.0,0.020500000566244125
26,3,0.675200879573822,0.07175497710704803,0.675200879573822,0.675200879573822,0.0,0.006899999920278788
26,4,0.6790841221809387,0.05935303866863251,0.6790841221809387,0.6790841221809387,0.0,0.013100000098347664
26,5,0.6934210062026978,0.10444972664117813,0.6934210062026978,0.6934210062026978,0.0,0.0010000000474974513
26,6,0.6718101501464844,0.05657372623682022,0.6718101501464844,0.6718101501464844,0.0,0.015599999576807022
26,7,0.6959575414657593,0.08986793458461761,0.6959575414657593,0.6959575414657593,0.0,0.0026000000070780516
26,8,0.6085488796234131,0.04179830104112625,0.6085488796234131,0.6085488796234131,0.0,0.01640000008046627
26,9,0.5756533145904541,0.0019435584545135498,0.5756533145904541,0.5756533145904541,0.0,0.9175000190734863
26,10,0.6414945721626282,0.021859489381313324,0.6414945721626282,0.6414945721626282,0.0,0.08330000191926956
26,11,0.670017421245575,0.031028330326080322,0.670017421245575,0.670017421245575,0.0,0.05469999834895134
26,12,0.6517624855041504,0.047363944351673126,0.6517624855041504,0.6517624855041504,0.0,0.016499999910593033
26,13,0.6748528480529785,0.016813987866044044,0.6748528480529785,0.6748528480529785,0.0,0.1648000031709671
26,14,0.6409943103790283,0.0706326812505722,0.6409943103790283,0.6409943103790283,0.0,0.004800000227987766
26,15,0.5777492523193359,0.009595908224582672,0.5777492523193359,0.5777492523193359,0.0,0.4462999999523163
26,16,0.39191925525665283,0.11693215370178223,0.39191925525665283,0.39191925525665283,0.0,0.0
26,17,0.5073642134666443,0.12796583771705627,0.5073642134666443,0.5073642134666443,0.0,0.0005000000237487257
26,18,0.6228147745132446,0.018960829824209213,0.6228147745132446,0.6228147745132446,0.0,0.11289999634027481
26,19,0.5409868955612183,0.011079445481300354,0.5409868955612183,0.5409868955612183,0.0,0.35350000858306885
26,20,0.6949185132980347,0.09310206025838852,0.6949185132980347,0.6949185132980347,0.0,0.002199999988079071
26,21,0.6028491854667664,0.00632360577583313,0.6028491854667664,0.6028491854667664,0.0,0.6603000164031982
26,22,0.6052906513214111,0.05869109928607941,0.6052906513214111,0.6052906513214111,0.0,0.009200000204145908
26,23,0.6049140691757202,0.05714894086122513,0.6049140691757202,0.6049140691757202,0.0,0.014600000344216824
26,24,0.737064778804779,0.03706471621990204,0.737064778804779,0.737064778804779,0.0,0.0430000014603138
26,25,0.7360640168190002,0.08036742359399796,0.7360640168190002,0.7360640168190002,0.0,0.0019000000320374966
26,26,0.7003123164176941,0.06280681490898132,0.7003123164176941,0.7003123164176941,0.0,0.007699999958276749
26,27,0.7380858659744263,0.06787415593862534,0.7380858659744263,0.7380858659744263,0.0,0.006200000178068876
26,28,0.7393854856491089,0.13480672240257263,0.7393854856491089,0.7393854856491089,0.0,0.00019999999494757503
26,29,0.7305874824523926,0.08708545565605164,0.7305874824523926,0.7305874824523926,0.0,0.0010000000474974513
26,30,0.7402628660202026,0.0542520135641098,0.7402628660202026,0.7402628660202026,0.0,0.016699999570846558
26,31,0.7383659482002258,0.02510163187980652,0.7383659482002258,0.7383659482002258,0.0,0.07450000196695328
26,32,0.7301419377326965,0.10751558840274811,0.7301419377326965,0.7301419377326965,0.0,0.000699999975040555
26,33,0.6930815577507019,0.0904393196105957,0.6930815577507019,0.6930815577507019,0.0,0.0019000000320374966
26,34,0.7256613969802856,0.061717402189970016,0.7256613969802856,0.7256613969802856,0.0,0.010599999688565731
26,35,0.7367165088653564,0.03996578976511955,0.7367165088653564,0.7367165088653564,0.0,0.035599999129772186
26,36,0.6901953816413879,0.08627225458621979,0.6901953816413879,0.6901953816413879,0.0,0.002899999963119626
26,37,0.6733900904655457,0.11212984472513199,0.6733900904655457,0.6733900904655457,0.0,0.0007999999797903001
26,38,0.7000046372413635,0.08485814929008484,0.7000046372413635,0.7000046372413635,0.0,0.003100000089034438
26,39,0.6965532898902893,0.13765200972557068,0.6965532898902893,0.6965532898902893,0.0,0.00019999999494757503
26,40,0.6328493356704712,0.261112779378891,0.6328493356704712,0.6328493356704712,0.0,0.0
26,41,0.6649509072303772,0.09279948472976685,0.6649509072303772,0.6649509072303772,0.0,0.0010999999940395355
26,42,0.4083406925201416,0.07442435622215271,0.4083406925201416,0.4083406925201416,0.0,0.001500000013038516
26,43,0.43577221035957336,0.1998300850391388,0.43577221035957336,0.43577221035957336,0.0,0.0
26,44,0.6073735356330872,0.05775260925292969,0.6073735356330872,0.6073735356330872,0.0,0.009600000455975533
26,45,0.6831345558166504,0.11432430148124695,0.6831345558166504,0.6831345558166504,0.0,0.0005000000237487257
26,46,0.6103206872940063,0.051644809544086456,0.6103206872940063,0.6103206872940063,0.0,0.016899999231100082
26,47,0.5323817729949951,0.062245436012744904,0.5323817729949951,0.5323817729949951,0.0,0.009399999864399433
26,48,0.6511220932006836,0.07253976911306381,0.6511220932006836,0.6511220932006836,0.0,0.004999999888241291
26,49,0.5968201160430908,0.04008758068084717,0.5968201160430908,0.5968201160430908,0.0,0.02710000053048134
26,50,0.6288315057754517,0.02438482642173767,0.6288315057754517,0.6288315057754517,0.0,0.07850000262260437
26,51,0.6259458065032959,0.09381746500730515,0.6259458065032959,0.6259458065032959,0.0,0.0015999999595806003
26,52,0.6272227168083191,0.05810335651040077,0.6272227168083191,0.6272227168083191,0.0,0.015200000256299973
26,53,0.6402648687362671,0.036753520369529724,0.6402648687362671,0.6402648687362671,0.0,0.04089999943971634
26,54,0.6040589809417725,0.015358202159404755,0.6040589809417725,0.6040589809417725,0.0,0.195700004696846
26,55,0.527234673500061,0.020029742270708084,0.527234673500061,0.527234673500061,0.0,0.1071000024676323
26,56,0.6587495803833008,0.036317069083452225,0.6587495803833008,0.6587495803833008,0.0,0.04050000011920929
26,57,0.655200719833374,0.08115215599536896,0.655200719833374,0.655200719833374,0.0,0.0019000000320374966
26,58,0.5664464831352234,0.05530603229999542,0.5664464831352234,0.5664464831352234,0.0,0.013899999670684338
26,59,0.6769358515739441,0.09494951367378235,0.6769358515739441,0.6769358515739441,0.0,0.0010000000474974513
26,60,0.5841158032417297,0.07852582633495331,0.5841158032417297,0.5841158032417297,0.0,0.0017999999690800905
26,61,0.6142563819885254,0.028431877493858337,0.6142563819885254,0.6142563819885254,0.0,0.06319999694824219
26,62,0.7001625895500183,0.06515765935182571,0.7001625895500183,0.7001625895500183,0.0,0.009200000204145908
26,63,0.5861470103263855,0.0685170516371727,0.5861470103263855,0.5861470103263855,0.0,0.0038999998942017555
27,0,0.6736258268356323,0.04158983752131462,0.6736258268356323,0.6736258268356323,0.0,0.032600000500679016
27,1,0.7199268341064453,0.046712372452020645,0.7199268341064453,0.7199268341064453,0.0,0.025200000032782555
27,2,0.6802346706390381,0.019816383719444275,0.6802346706390381,0.6802346706390381,0.0,0.10530000180006027
27,3,0.7033954858779907,0.06785960495471954,0.7033954858779907,0.7033954858779907,0.0,0.007400000002235174
27,4,0.6831757426261902,0.04538530483841896,0.6831757426261902,0.6831757426261902,0.0,0.028300000354647636
27,5,0.65350341796875,0.07437470555305481,0.65350341796875,0.65350341796875,0.0,0.003800000064074993
27,6,0.6441456079483032,0.08081182092428207,0.6441456079483032,0.6441456079483032,0.0,0.002099999925121665
27,7,0.6837799549102783,0.09228570014238358,0.6837799549102783,0.6837799549102783,0.0,0.0017000000225380063
27,8,0.6156263947486877,0.14305654168128967,0.6156263947486877,0.6156263947486877,0.0,9.999999747378752e-05
27,9,0.5387328863143921,0.538585901260376,0.5387328863143921,0.5387328863143921,0.0,0.0
27,10,0.7121881246566772,0.08386071771383286,0.7121881246566772,0.7121881246566772,0.0,0.003000000026077032
27,11,0.6983373761177063,0.1395694762468338,0.6983373761177063,0.6983373761177063,0.0,0.00019999999494757503
27,12,0.6411557197570801,0.09840570390224457,0.6411557197570801,0.6411557197570801,0.0,0.0008999999845400453
27,13,0.6992789506912231,0.07232745736837387,0.6992789506912231,0.6992789506912231,0.0,0.006300000008195639
27,14,0.731043815612793,0.08732135593891144,0.731043815612793,0.731043815612793,0.0,0.002899999963119626
27,15,0.6456756591796875,0.1894063800573349,0.6456756591796875,0.6456756591796875,0.0,0.0
27,16,0.7077570557594299,0.07893107831478119,0.7077570557594299,0.7077570557594299,0.0,0.002099999925121665
27,17,0.7276961207389832,0.07749370485544205,0.7276961207389832,0.7276961207389832,0.0,0.005400000140070915
27,18,0.7402474880218506,0.06500360369682312,0.7402474880218506,0.7402474880218506,0.0,0.009100000374019146
27,19,0.6754090785980225,0.095180943608284,0.6754090785980225,0.6754090785980225,0.0,0.002199999988079071
27,20,0.6403259038925171,0.14678648114204407,0.6403259038925171,0.6403259038925171,0.0,0.00019999999494757503
27,21,0.6872707605361938,0.08534799516201019,0.6872707605361938,0.6872707605361938,0.0,0.0032999999821186066
27,22,0.703826904296875,0.09094826877117157,0.703826904296875,0.703826904296875,0.0,0.002400000113993883
27,23,0.7089661359786987,0.06137429177761078,0.7089661359786987,0.7089661359786987,0.0,0.011800000444054604
27,24,0.5941113233566284,0.031197313219308853,0.5941113233566284,0.5941113233566284,0.0,0.05790000036358833
27,25,0.6203069686889648,0.051155250519514084,0.6203069686889648,0.6203069686889648,0.0,0.01889999955892563
27,26,0.6160164475440979,0.02783621847629547,0.6160164475440979,0.6160164475440979,0.0,0.06639999896287918
27,27,0.681559681892395,0.055803872644901276,0.681559681892395,0.681559681892395,0.0,0.01489999983459711
27,28,0.6513521671295166,0.05790109932422638,0.6513521671295166,0.6513521671295166,0.0,0.013799999840557575
27,29,0.6596245169639587,0.07325758785009384,0.6596245169639587,0.6596245169639587,0.0,0.006599999964237213
27,30,0.6944736242294312,0.04056777432560921,0.6944736242294312,0.6944736242294312,0.0,0.035599999129772186
27,31,0.7057082653045654,0.05677112564444542,0.7057082653045654,0.7057082653045654,0.0,0.014499999582767487
27,32,0.6485100984573364,0.05028511583805084,0.6485100984573364,0.6485100984573364,0.0,0.022600000724196434
27,33,0.6941341161727905,0.1552000641822815,0.6941341161727905,0.6941341161727905,0.0,0.00019999999494757503
27,34,0.6772927045822144,0.2651546597480774,0.6772927045822144,0.6772927045822144,0.0,0.0
27,35,0.7171597480773926,0.13275080919265747,0.7171597480773926,0.7171597480773926,0.0,0.00039999998989515007
27,36,0.739242672920227,0.06000247597694397,0.739242672920227,0.739242672920227,0.0,0.008200000040233135
27,37,0.6136535406112671,0.3929455876350403,0.6136535406112671,0.6136535406112671,0.0,0.0
27,38,0.7064932584762573,0.25420045852661133,0.7064932584762573,0.7064932584762573,0.0,0.0
27,39,0.6984730362892151,0.13020771741867065,0.6984730362892151,0.6984730362892151,0.0,9.999999747378752e-05
27,40,0.7326038479804993,0.10385090112686157,0.7326038479804993,0.7326038479804993,0.0,0.0010000000474974513
27,41,0.6528919339179993,0.09054549038410187,0.6528919339179993,0.6528919339179993,0.0,0.0010000000474974513
27,42,0.6000820398330688,0.013074003159999847,0.6000820398330688,0.6000820398330688,0.0,0.36469998955726624
27,43,0.7382791042327881,0.08269882947206497,0.7382791042327881,0.7382791042327881,0.0,0.002899999963119626
27,44,0.70240318775177,0.11376948654651642,0.70240318775177,0.70240318775177,0.0,0.000699999975040555
27,45,0.5656829476356506,0.02687378227710724,0.5656829476356506,0.5656829476356506,0.0,0.0689999982714653
27,46,0.7310867309570312,0.03573941811919212,0.7310867309570312,0.7310867309570312,0.0,0.03909999877214432
27,47,0.6469399333000183,0.051920920610427856,0.6469399333000183,0.6469399333000183,0.0,0.01549999974668026
27,48,0.7219251990318298,0.07666486501693726,0.7219251990318298,0.7219251990318298,0.0,0.0044999998062849045
27,49,0.7396930456161499,0.05407785624265671,0.7396930456161499,0.7396930456161499,0.0,0.018799999728798866
27,50,0.6486942768096924,0.10846997797489166,0.6486942768096924,0.6486942768096924,0.0,0.000699999975040555
27,51,0.7402628064155579,0.013384174555540085,0.7402628064155579,0.7402628064155579,0.0,0.3319999873638153
27,52,0.6768826842308044,0.0414624959230423,0.6768826842308044,0.6768826842308044,0.0,0.03280000016093254
27,53,0.736426055431366,0.05237055569887161,0.736426055431366,0.736426055431366,0.0,0.018400000408291817
27,54,0.7021611928939819,0.076951764523983,0.7021611928939819,0.7021611928939819,0.0,0.004399999976158142
27,55,0.7290461659431458,0.06506258249282837,0.7290461659431458,0.7290461659431458,0.0,0.006800000090152025
27,56,0.6741567254066467,0.08149564266204834,0.6741567254066467,0.6741567254066467,0.0,0.0035000001080334187
27,57,0.7097092866897583,0.09076094627380371,0.7097092866897583,0.7097092866897583,0.0,0.002099999925121665
27,58,0.7215346693992615,0.006511613726615906,0.7215346693992615,0.7215346693992615,0.0,0.675599992275238
27,59,0.711396336555481,0.05010334774851799,0.711396336555481,0.711396336555481,0.0,0.01940000057220459
27,60,0.6433109045028687,0.02441016584634781,0.6433109045028687,0.6433109045028687,0.0,0.08229999989271164
27,61,0.6873770356178284,0.028656713664531708,0.6873770356178284,0.6873770356178284,0.0,0.06800000369548798
27,62,0.7397491931915283,0.04621139541268349,0.7397491931915283,0.7397491931915283,0.0,0.025599999353289604
27,63,0.701514720916748,0.09351109713315964,0.701514720916748,0.701514720916748,0.0,0.0017000000225380063
28,0,0.7389024496078491,0.14598608016967773,0.7389024496078491,0.7389024496078491,0.0,0.00019999999494757503
28,1,0.6056478023529053,0.3233790993690491,0.6056478023529053,0.6056478023529053,0.0,0.0
28,2,0.721714973449707,0.1509261429309845,0.721714973449707,0.721714973449707,0.0,9.999999747378752e-05
28,3,0.6640029549598694,0.2678045630455017,0.6640029549598694,0.6640029549598694,0.0,0.0
28,4,0.7402360439300537,0.059571266174316406,0.7402360439300537,0.7402360439300537,0.0,0.008100000210106373
28,5,0.7402628660202026,0.05873580276966095,0.7402628660202026,0.7402628660202026,0.0,0.00989999994635582
28,6,0.7165549993515015,0.19825883209705353,0.7165549993515015,0.7165549993515015,0.0,0.0
28,7,0.7395445108413696,0.08474713563919067,0.7395445108413696,0.7395445108413696,0.0,0.0026000000070780516
28,8,0.6801959276199341,0.08534108102321625,0.6801959276199341,0.6801959276199341,0.0,0.003599999938160181
28,9,0.680468738079071,0.11489945650100708,0.680468738079071,0.680468738079071,0.0,0.000699999975040555
28,10,0.7343944311141968,0.060031287372112274,0.7343944311141968,0.7343944311141968,0.0,0.013000000268220901
28,11,0.6743996739387512,0.15791070461273193,0.6743996739387512,0.6743996739387512,0.0,0.00019999999494757503
28,12,0.682131290435791,0.1292085349559784,0.682131290435791,0.682131290435791,0.0,0.0003000000142492354
28,13,0.6757748126983643,0.08818389475345612,0.6757748126983643,0.6757748126983643,0.0,0.002899999963119626
28,14,0.7381907105445862,0.029069913551211357,0.7381907105445862,0.7381907105445862,0.0,0.06520000100135803
28,15,0.6870406866073608,0.08558810502290726,0.6870406866073608,0.6870406866073608,0.0,0.003100000089034438
28,16,0.6980767846107483,0.09478887170553207,0.6980767846107483,0.6980767846107483,0.0,0.0015999999595806003
28,17,0.7161833047866821,0.07549533993005753,0.7161833047866821,0.7161833047866821,0.0,0.003800000064074993
28,18,0.7391825318336487,0.03847084194421768,0.7391825318336487,0.7391825318336487,0.0,0.03500000014901161
28,19,0.6539807915687561,0.09001223742961884,0.6539807915687561,0.6539807915687561,0.0,0.0024999999441206455
28,20,0.681439995765686,0.10490073263645172,0.681439995765686,0.681439995765686,0.0,0.0007999999797903001
28,21,0.7222424745559692,0.07252311706542969,0.7222424745559692,0.7222424745559692,0.0,0.002899999963119626
28,22,0.6962319612503052,0.07726679742336273,0.6962319612503052,0.6962319612503052,0.0,0.004900000058114529
28,23,0.6979227066040039,0.010137539356946945,0.6979227066040039,0.6979227066040039,0.0,0.48570001125335693
28,24,0.7266738414764404,0.11341004073619843,0.7266738414764404,0.7266738414764404,0.0,0.00039999998989515007
28,25,0.7234634160995483,0.025860387831926346,0.7234634160995483,0.7234634160995483,0.0,0.07590000331401825
28,26,0.6684516668319702,0.09119564294815063,0.6684516668319702,0.6684516668319702,0.0,0.000699999975040555
28,27,0.7313376069068909,0.08907999098300934,0.7313376069068909,0.7313376069068909,0.0,0.0020000000949949026
28,28,0.6624785661697388,0.07656355202198029,0.6624785661697388,0.6624785661697388,0.0,0.005100000184029341
28,29,0.740187406539917,0.13568206131458282,0.740187406539917,0.740187406539917,0.0,0.0
28,30,0.5987951755523682,0.010117731988430023,0.5987951755523682,0.5987951755523682,0.0,0.44769999384880066
28,31,0.669320285320282,0.08006971329450607,0.669320285320282,0.669320285320282,0.0,0.0012000000569969416
28,32,0.3969152271747589,0.09104509651660919,0.3969152271747589,0.3969152271747589,0.0,0.0
28,33,0.6483526229858398,0.027539560571312904,0.6483526229858398,0.6483526229858398,0.0,0.07020000368356705
28,34,0.6505310535430908,0.020094625651836395,0.6505310535430908,0.6505310535430908,0.0,0.11410000175237656
28,35,0.6501734256744385,0.013154847547411919,0.6501734256744385,0.6501734256744385,0.0,0.3231000006198883
28,36,0.6214008331298828,0.02431579679250717,0.6214008331298828,0.6214008331298828,0.0,0.0786999985575676
28,37,0.6465815305709839,0.012955695390701294,0.6465815305709839,0.6465815305709839,0.0,0.2906000018119812
28,38,0.6534037590026855,0.02641339972615242,0.6534037590026855,0.6534037590026855,0.0,0.07429999858140945
28,39,0.6421287059783936,0.06417928636074066,0.6421287059783936,0.6421287059783936,0.0,0.011599999852478504
28,40,0.6005803942680359,0.31598788499832153,0.6005803942680359,0.6005803942680359,0.0,0.0
28,41,0.6871750950813293,0.22025814652442932,0.6871750950813293,0.6871750950813293,0.0,0.0
28,42,0.7130371332168579,0.15323606133460999,0.7130371332168579,0.7130371332168579,0.0,0.00019999999494757503
28,43,0.7145305275917053,0.10835134983062744,0.7145305275917053,0.7145305275917053,0.0,0.0010999999940395355
28,44,0.667392373085022,0.21010467410087585,0.667392373085022,0.667392373085022,0.0,0.0
28,45,0.7291961908340454,0.09184479713439941,0.7291961908340454,0.7291961908340454,0.0,0.0015999999595806003
28,46,0.6497950553894043,0.13128915429115295,0.6497950553894043,0.6497950553894043,0.0,0.0003000000142492354
28,47,0.7402628064155579,0.037765540182590485,0.7402628064155579,0.7402628064155579,0.0,0.04050000011920929
28,48,0.6876785159111023,0.015084158629179,0.6876785159111023,0.6876785159111023,0.0,0.23260000348091125
28,49,0.6651143431663513,0.0438091978430748,0.6651143431663513,0.6651143431663513,0.0,0.028300000354647636
28,50,0.6053759455680847,0.019806314259767532,0.6053759455680847,0.6053759455680847,0.0,0.10209999978542328
28,51,0.6691586375236511,0.181571826338768,0.6691586375236511,0.6691586375236511,0.0,0.0
28,52,0.23359233140945435,0.24228866398334503,0.24228866398334503,0.24228866398334503,0.0,0.0
28,53,0.6310684680938721,0.02616291493177414,0.6310684680938721,0.6310684680938721,0.0,0.06849999725818634
28,54,0.39270782470703125,0.09722302109003067,0.39270782470703125,0.39270782470703125,0.0,9.999999747378752e-05
28,55,0.6747836470603943,-0.0030842795968055725,0.6747836470603943,0.6747836470603943,0.0,0.8528000116348267
28,56,0.7164382338523865,0.0332966186106205,0.7164382338523865,0.7164382338523865,0.0,0.050999999046325684
28,57,0.7402490377426147,0.06868702173233032,0.7402490377426147,0.7402490377426147,0.0,0.007699999958276749
28,58,0.4279763400554657,0.0022450387477874756,0.4279763400554657,0.4279763400554657,0.0,0.8899000287055969
28,59,0.6583802103996277,0.02032393217086792,0.6583802103996277,0.6583802103996277,0.0,0.10949999839067459
28,60,0.6784906387329102,0.05567549541592598,0.6784906387329102,0.6784906387329102,0.0,0.014999999664723873
28,61,0.670698881149292,0.05153235048055649,0.670698881149292,0.670698881149292,0.0,0.019500000402331352
28,62,0.6850947141647339,0.07399903237819672,0.6850947141647339,0.6850947141647339,0.0,0.0044999998062849045
28,63,0.7127424478530884,0.081654854118824,0.7127424478530884,0.7127424478530884,0.0,0.0034000000450760126
29,0,0.6757980585098267,0.010561473667621613,0.6757980585098267,0.6757980585098267,0.0,0.4553999900817871
29,1,0.7385420799255371,0.04885990172624588,0.7385420799255371,0.7385420799255371,0.0,0.022099999710917473
29,2,0.7382742762565613,0.01596919260919094,0.7382742762565613,0.7382742762565613,0.0,0.21140000224113464
29,3,0.4336795508861542,0.08754412829875946,0.4336795508861542,0.4336795508861542,0.0,0.0017000000225380063
29,4,0.6998657584190369,-0.0008899122476577759,0.6998657584190369,0.6998657584190369,0.0,0.9517999887466431
29,5,0.686515212059021,0.012782901525497437,0.686515212059021,0.686515212059021,0.0,0.3418000042438507
29,6,0.7388359308242798,0.046708203852176666,0.7388359308242798,0.7388359308242798,0.0,0.026799999177455902
29,7,0.5459998846054077,0.016296345740556717,0.5459998846054077,0.5459998846054077,0.0,0.14959999918937683
29,8,0.7395713925361633,0.038819536566734314,0.7395713925361633,0.7395713925361633,0.0,0.04149999842047691
29,9,0.7400866746902466,0.012364119291305542,0.7400866746902466,0.7400866746902466,0.0,0.3774000108242035
29,10,0.7383912205696106,0.02003079280257225,0.7383912205696106,0.7383912205696106,0.0,0.10790000110864639
29,11,0.7364827990531921,0.0608108714222908,0.7364827990531921,0.7364827990531921,0.0,0.012500000186264515
29,12,0.7402628660202026,0.025439899414777756,0.7402628660202026,0.7402628660202026,0.0,0.07980000227689743
29,13,0.7402629852294922,0.02013346180319786,0.7402629852294922,0.7402629852294922,0.0,0.10729999840259552
29,14,0.7402629852294922,0.01579296961426735,0.7402629852294922,0.7402629852294922,0.0,0.20389999449253082
29,15,0.7201735973358154,0.028699353337287903,0.7201735973358154,0.7201735973358154,0.0,0.06629999727010727
29,16,0.6556861400604248,0.0754731222987175,0.6556861400604248,0.6556861400604248,0.0,0.004699999932199717
29,17,0.6888852119445801,0.022400371730327606,0.6888852119445801,0.6888852119445801,0.0,0.09570000320672989
29,18,0.7139536142349243,0.05734877288341522,0.7139536142349243,0.7139536142349243,0.0,0.014499999582767487
29,19,0.679705023765564,0.047087401151657104,0.679705023765564,0.679705023765564,0.0,0.025200000032782555
29,20,0.6785748600959778,0.04985007643699646,0.6785748600959778,0.6785748600959778,0.0,0.020899999886751175
29,21,0.6634807586669922,0.021363038569688797,0.6634807586669922,0.6634807586669922,0.0,0.10450000315904617
29,22,0.6560043692588806,0.025690726935863495,0.6560043692588806,0.6560043692588806,0.0,0.07840000092983246
29,23,0.6863329410552979,0.053075868636369705,0.6863329410552979,0.6863329410552979,0.0,0.017999999225139618
29,24,0.7105820775032043,0.1656460165977478,0.7105820775032043,0.7105820775032043,0.0,9.999999747378752e-05
29,25,0.6407186985015869,0.2710185647010803,0.6407186985015869,0.6407186985015869,0.0,0.0
29,26,0.7390056252479553,0.10881973803043365,0.7390056252479553,0.7390056252479553,0.0,0.0010999999940395355
29,27,0.7395097017288208,0.04511228948831558,0.7395097017288208,0.7395097017288208,0.0,0.028300000354647636
29,28,0.6570783853530884,0.1944303810596466,0.6570783853530884,0.6570783853530884,0.0,0.0
29,29,0.6765190958976746,0.1386324167251587,0.6765190958976746,0.6765190958976746,0.0,0.00019999999494757503
29,30,0.6926032304763794,0.11856870353221893,0.6926032304763794,0.6926032304763794,0.0,0.0005000000237487257
29,31,0.7189239263534546,0.10751836001873016,0.7189239263534546,0.7189239263534546,0.0,0.0008999999845400453
29,32,0.5619736909866333,0.3385239839553833,0.5619736909866333,0.5619736909866333,0.0,0.0
29,33,0.5997226238250732,0.16587498784065247,0.5997226238250732,0.5997226238250732,0.0,0.0
29,34,0.572734534740448,0.09206925332546234,0.572734534740448,0.572734534740448,0.0,0.0020000000949949026
29,35,0.5928799510002136,0.32045507431030273,0.5928799510002136,0.5928799510002136,0.0,0.0
29,36,0.6599574089050293,0.23041504621505737,0.6599574089050293,0.6599574089050293,0.0,0.0
29,37,0.639212965965271,0.07740141451358795,0.639212965965271,0.639212965965271,0.0,0.003100000089034438
29,38,0.6517259478569031,0.16395917534828186,0.6517259478569031,0.6517259478569031,0.0,0.0
29,39,0.5970220565795898,0.27292466163635254,0.5970220565795898,0.5970220565795898,0.0,0.0
29,40,0.6516128182411194,0.013760939240455627,0.6516128182411194,0.6516128182411194,0.0,0.30149999260902405
29,41,0.6324118375778198,0.014424286782741547,0.6324118375778198,0.6324118375778198,0.0,0.20839999616146088
29,42,0.7005727291107178,0.02200205996632576,0.7005727291107178,0.7005727291107178,0.0,0.09279999881982803
29,43,0.6741878986358643,0.01514418050646782,0.6741878986358643,0.6741878986358643,0.0,0.25450000166893005
29,44,0.6234637498855591,0.02199895679950714,0.6234637498855591,0.6234637498855591,0.0,0.0885000005364418
29,45,0.7160476446151733,0.03795912116765976,0.7160476446151733,0.7160476446151733,0.0,0.03970000147819519
29,46,0.7216029167175293,0.07538983970880508,0.7216029167175293,0.7216029167175293,0.0,0.0052999998442828655
29,47,0.6319020986557007,0.06687048822641373,0.6319020986557007,0.6319020986557007,0.0,0.010099999606609344
29,48,0.7067360281944275,0.08984573930501938,0.7067360281944275,0.7067360281944275,0.0,0.0027000000700354576
29,49,0.7234341502189636,0.07057958841323853,0.7234341502189636,0.7234341502189636,0.0,0.007300000172108412
29,50,0.6769636273384094,0.04059065505862236,0.6769636273384094,0.6769636273384094,0.0,0.030500000342726707
29,51,0.6659519672393799,0.0919380933046341,0.6659519672393799,0.6659519672393799,0.0,0.002300000051036477
29,52,0.6998472213745117,0.10680020600557327,0.6998472213745117,0.6998472213745117,0.0,0.0010999999940395355
29,53,0.6706652641296387,0.01196935772895813,0.6706652641296387,0.6706652641296387,0.0,0.3871999979019165
29,54,0.7058448195457458,0.058592185378074646,0.7058448195457458,0.7058448195457458,0.0,0.0142000000923872
29,55,0.6428589820861816,0.12914127111434937,0.6428589820861816,0.6428589820861816,0.0,0.00039999998989515007
29,56,0.7390381693840027,0.1466449499130249,0.7390381693840027,0.7390381693840027,0.0,0.0
29,57,0.7262742519378662,0.09613221138715744,0.7262742519378662,0.7262742519378662,0.0,0.0015999999595806003
29,58,0.6693997383117676,0.2780260145664215,0.6693997383117676,0.6693997383117676,0.0,0.0
29,59,0.7316858768463135,0.16893915832042694,0.7316858768463135,0.7316858768463135,0.0,0.0
29,60,0.6425984501838684,0.29769912362098694,0.6425984501838684,0.6425984501838684,0.0,0.0
29,61,0.7402629256248474,0.041784465312957764,0.7402629256248474,0.7402629256248474,0.0,0.027699999511241913
29,62,0.6433249115943909,0.36884254217147827,0.6433249115943909,0.6433249115943909,0.0,0.0
29,63,0.6326017379760742,0.4043729603290558,0.6326017379760742,0.6326017379760742,0.0,0.0
30,0,0.679733395576477,0.050621651113033295,0.679733395576477,0.679733395576477,0.0,0.019600000232458115
30,1,0.7137575149536133,0.08377982676029205,0.7137575149536133,0.7137575149536133,0.0,0.003700000001117587
30,2,0.6713170409202576,0.15434971451759338,0.6713170409202576,0.6713170409202576,0.0,9.999999747378752e-05
30,3,0.7040120363235474,0.11594894528388977,0.7040120363235474,0.7040120363235474,0.0,0.0007999999797903001
30,4,0.7003333568572998,0.14131870865821838,0.7003333568572998,0.7003333568572998,0.0,0.00019999999494757503
30,5,0.7031683921813965,0.02642694115638733,0.7031683921813965,0.7031683921813965,0.0,0.07280000299215317
30,6,0.732381284236908,0.041970402002334595,0.732381284236908,0.732381284236908,0.0,0.033900000154972076
30,7,0.6895139217376709,0.167656809091568,0.6895139217376709,0.6895139217376709,0.0,9.999999747378752e-05
30,8,0.7355257868766785,0.06608499586582184,0.7355257868766785,0.7355257868766785,0.0,0.010300000198185444
30,9,0.6780938506126404,0.06588412076234818,0.6780938506126404,0.6780938506126404,0.0,0.010200000368058681
30,10,0.6804222464561462,0.07277984917163849,0.6804222464561462,0.6804222464561462,0.0,0.006500000134110451
30,11,0.6875386238098145,0.04449891299009323,0.6875386238098145,0.6875386238098145,0.0,0.027899999171495438
30,12,0.6667032837867737,0.0416068397462368,0.6667032837867737,0.6667032837867737,0.0,0.03359999880194664
30,13,0.6954580545425415,0.04621867835521698,0.6954580545425415,0.6954580545425415,0.0,0.0272000003606081
30,14,0.6115248203277588,0.030966270714998245,0.6115248203277588,0.6115248203277588,0.0,0.05770000070333481
30,15,0.7030248641967773,0.0642295777797699,0.7030248641967773,0.7030248641967773,0.0,0.010200000368058681
30,16,0.5312460660934448,0.023174047470092773,0.5312460660934448,0.5312460660934448,0.0,0.08030000329017639
30,17,0.7325104475021362,0.009991785511374474,0.7325104475021362,0.7325104475021362,0.0,0.49970000982284546
30,18,0.6846129894256592,0.016148867085576057,0.6846129894256592,0.6846129894256592,0.0,0.1696999967098236
30,19,0.7240201234817505,0.059859223663806915,0.7240201234817505,0.7240201234817505,0.0,0.012900000438094139
30,20,0.7053260803222656,0.0955764576792717,0.7053260803222656,0.7053260803222656,0.0,0.0017000000225380063
30,21,0.6628568172454834,0.008090250194072723,0.6628568172454834,0.6628568172454834,0.0,0.6067000031471252
30,22,0.6304519772529602,0.028766334056854248,0.6304519772529602,0.6304519772529602,0.0,0.06539999693632126
30,23,0.7327254414558411,0.02616465464234352,0.7327254414558411,0.7327254414558411,0.0,0.07069999724626541
30,24,0.680012583732605,0.16925868391990662,0.680012583732605,0.680012583732605,0.0,0.0
30,25,0.7170566320419312,0.14020508527755737,0.7170566320419312,0.7170566320419312,0.0,0.00019999999494757503
30,26,0.733177661895752,0.09181906282901764,0.733177661895752,0.733177661895752,0.0,0.0017000000225380063
30,27,0.7156459093093872,0.12725216150283813,0.7156459093093872,0.7156459093093872,0.0,0.00039999998989515007
30,28,0.6701879501342773,0.16085031628608704,0.6701879501342773,0.6701879501342773,0.0,9.999999747378752e-05
30,29,0.6455977559089661,0.3067309558391571,0.6455977559089661,0.6455977559089661,0.0,0.0
30,30,0.6661651134490967,0.14964106678962708,0.6661651134490967,0.6661651134490967,0.0,0.0003000000142492354
30,31,0.7361547946929932,0.06886918842792511,0.7361547946929932,0.7361547946929932,0.0,0.008200000040233135
30,32,0.5128768682479858,0.17700091004371643,0.5128768682479858,0.5128768682479858,0.0,0.0
30,33,0.49411171674728394,0.5646144151687622,0.5646144151687622,0.5646144151687622,0.0,0.0
30,34,0.2883279621601105,0.05652724206447601,0.2883279621601105,0.2883279621601105,0.0,0.000699999975040555
30,35,0.6848404407501221,0.08950085937976837,0.6848404407501221,0.6848404407501221,0.0,0.0019000000320374966
30,36,0.4224146008491516,0.2159016877412796,0.4224146008491516,0.4224146008491516,0.0,0.0
30,37,0.4709341526031494,0.3324657678604126,0.4709341526031494,0.4709341526031494,0.0,0.0
30,38,0.5304584503173828,0.15983448922634125,0.5304584503173828,0.5304584503173828,0.0,0.0
30,39,0.6840240359306335,0.21892905235290527,0.6840240359306335,0.6840240359306335,0.0,0.0
30,40,0.6147964596748352,0.0486253947019577,0.6147964596748352,0.6147964596748352,0.0,0.012199999764561653
30,41,0.6243377327919006,0.06863465905189514,0.6243377327919006,0.6243377327919006,0.0,0.003100000089034438
30,42,0.7377920150756836,0.13656222820281982,0.7377920150756836,0.7377920150756836,0.0,0.0
30,43,0.5582531690597534,0.05937317758798599,0.5582531690597534,0.5582531690597534,0.0,0.008799999952316284
30,44,0.6510405540466309,0.0933893546462059,0.6510405540466309,0.6510405540466309,0.0,0.0020000000949949026
30,45,0.637057900428772,0.06318846344947815,0.637057900428772,0.637057900428772,0.0,0.006500000134110451
30,46,0.679273247718811,0.03452026844024658,0.679273247718811,0.679273247718811,0.0,0.04100000113248825
30,47,0.7142279148101807,0.1199779361486435,0.7142279148101807,0.7142279148101807,0.0,0.0006000000284984708
30,48,0.7392774820327759,0.15032453835010529,0.7392774820327759,0.7392774820327759,0.0,0.0
30,49,0.7328051328659058,0.023544564843177795,0.7328051328659058,0.7328051328659058,0.0,0.08640000224113464
30,50,0.5860340595245361,0.36248207092285156,0.5860340595245361,0.5860340595245361,0.0,0.0
30,51,0.6765767931938171,0.27957403659820557,0.6765767931938171,0.6765767931938171,0.0,0.0
30,52,0.6130147576332092,0.40694865584373474,0.6130147576332092,0.6130147576332092,0.0,0.0
30,53,0.6945053339004517,0.2733805179595947,0.6945053339004517,0.6945053339004517,0.0,0.0
30,54,0.6716099977493286,0.22195331752300262,0.6716099977493286,0.6716099977493286,0.0,0.0
30,55,0.6232984662055969,0.26988300681114197,0.6232984662055969,0.6232984662055969,0.0,0.0
30,56,0.7402613162994385,0.0357099287211895,0.7402613162994385,0.7402613162994385,0.0,0.04490000009536743
30,57,0.7402628064155579,0.044979047030210495,0.7402628064155579,0.7402628064155579,0.0,0.027300000190734863
30,58,0.7348229885101318,0.06630633771419525,0.7348229885101318,0.7348229885101318,0.0,0.0066999997943639755
30,59,0.7402604818344116,0.04106146842241287,0.7402604818344116,0.7402604818344116,0.0,0.027899999171495438
30,60,0.74024498462677,0.03343784809112549,0.74024498462677,0.74024498462677,0.0,0.045099999755620956
30,61,0.7402629256248474,0.0334458202123642,0.7402629256248474,0.7402629256248474,0.0,0.04560000076889992
30,62,0.7278931736946106,0.07199124991893768,0.7278931736946106,0.7278931736946106,0.0,0.004999999888241291
30,63,0.7381702661514282,0.03298817574977875,0.7381702661514282,0.7381702661514282,0.0,0.042399998754262924
31,0,0.73282790184021,0.0616445392370224,0.73282790184021,0.73282790184021,0.0,0.01140000019222498
31,1,0.6293078660964966,0.12422654032707214,0.6293078660964966,0.6293078660964966,0.0,0.0005000000237487257
31,2,0.7390226125717163,0.05749518424272537,0.7390226125717163,0.7390226125717163,0.0,0.014399999752640724
31,3,0.7122474312782288,0.016939563676714897,0.7122474312782288,0.7122474312782288,0.0,0.15289999544620514
31,4,0.6316545009613037,0.058436069637537,0.6316545009613037,0.6316545009613037,0.0,0.013700000010430813
31,5,0.7194875478744507,0.04398437961935997,0.7194875478744507,0.7194875478744507,0.0,0.03020000085234642
31,6,0.6550360321998596,0.11041182279586792,0.6550360321998596,0.6550360321998596,0.0,0.0007999999797903001
31,7,0.7271748185157776,0.06700785458087921,0.7271748185157776,0.7271748185157776,0.0,0.007899999618530273
31,8,0.6701841354370117,0.09263268858194351,0.6701841354370117,0.6701841354370117,0.0,0.002300000051036477
31,9,0.7310291528701782,0.09070160984992981,0.7310291528701782,0.7310291528701782,0.0,0.0026000000070780516
31,10,0.6403071880340576,0.1264549195766449,0.6403071880340576,0.6403071880340576,0.0,0.0003000000142492354
31,11,0.6350932121276855,0.12458841502666473,0.6350932121276855,0.6350932121276855,0.0,0.0003000000142492354
31,12,0.5971207618713379,0.03011973202228546,0.5971207618713379,0.5971207618713379,0.0,0.057100001722574234
31,13,0.68834388256073,0.03739675506949425,0.68834388256073,0.68834388256073,0.0,0.04470000043511391
31,14,0.6180991530418396,0.006132133305072784,0.6180991530418396,0.6180991530418396,0.0,0.6891999840736389
31,15,0.6808706521987915,0.08483873307704926,0.6808706521987915,0.6808706521987915,0.0,0.0031999999191612005
31,16,0.6722326278686523,0.18395183980464935,0.6722326278686523,0.6722326278686523,0.0,0.0
31,17,0.6963187456130981,0.06055896729230881,0.6963187456130981,0.6963187456130981,0.0,0.01269999984651804
31,18,0.728232741355896,0.05658309906721115,0.728232741355896,0.728232741355896,0.0,0.014499999582767487
31,19,0.6828247308731079,0.17048995196819305,0.6828247308731079,0.6828247308731079,0.0,0.0
31,20,0.6677212715148926,0.11754485964775085,0.6677212715148926,0.6677212715148926,0.0,0.0005000000237487257
31,21,0.6311386227607727,0.12137921154499054,0.6311386227607727,0.6311386227607727,0.0,0.0005000000237487257
31,22,0.7238562107086182,0.058050598949193954,0.7238562107086182,0.7238562107086182,0.0,0.013199999928474426
31,23,0.6302988529205322,0.15694552659988403,0.6302988529205322,0.6302988529205322,0.0,9.999999747378752e-05
31,24,0.7064330577850342,0.1341642141342163,0.7064330577850342,0.7064330577850342,0.0,0.00039999998989515007
31,25,0.6190382242202759,0.20497345924377441,0.6190382242202759,0.6190382242202759,0.0,0.0
31,26,0.6195327043533325,0.23785142600536346,0.6195327043533325,0.6195327043533325,0.0,0.0
31,27,0.5875179767608643,0.31232017278671265,0.5875179767608643,0.5875179767608643,0.0,0.0
31,28,0.5956129431724548,0.19846564531326294,0.5956129431724548,0.5956129431724548,0.0,0.0
31,29,0.5086369514465332,0.5443158745765686,0.5443158745765686,0.5443158745765686,0.0,0.0
31,30,0.6004384756088257,0.2854200005531311,0.6004384756088257,0.6004384756088257,0.0,0.0
31,31,0.5998759269714355,0.14255525171756744,0.5998759269714355,0.5998759269714355,0.0,0.00039999998989515007
31,32,0.7402304410934448,0.20346084237098694,0.7402304410934448,0.7402304410934448,0.0,0.0
31,33,0.7329975366592407,0.06508269906044006,0.7329975366592407,0.7329975366592407,0.0,0.007400000002235174
31,34,0.7300429344177246,0.14935660362243652,0.7300429344177246,0.7300429344177246,0.0,0.0
31,35,0.698305606842041,0.18702709674835205,0.698305606842041,0.698305606842041,0.0,0.0
31,36,0.7402629852294922,0.12282144278287888,0.7402629852294922,0.7402629852294922,0.0,0.00019999999494757503
31,37,0.7402620911598206,0.09587237238883972,0.7402620911598206,0.7402620911598206,0.0,0.000699999975040555
31,38,0.7344723343849182,0.1150243729352951,0.7344723343849182,0.7344723343849182,0.0,0.00019999999494757503
31,39,0.7402629852294922,0.09060654044151306,0.7402629852294922,0.7402629852294922,0.0,0.0012000000569969416
31,40,0.6461772322654724,0.24286037683486938,0.6461772322654724,0.6461772322654724,0.0,0.0
31,41,0.7293796539306641,0.06869573891162872,0.7293796539306641,0.7293796539306641,0.0,0.0038999998942017555
31,42,0.6948024034500122,0.1388964056968689,0.6948024034500122,0.6948024034500122,0.0,0.0003000000142492354
31,43,0.7131977677345276,0.12089038640260696,0.7131977677345276,0.7131977677345276,0.0,0.0005000000237487257
31,44,0.6427397131919861,0.25121957063674927,0.6427397131919861,0.6427397131919861,0.0,0.0
31,45,0.6739678978919983,0.11312729865312576,0.6739678978919983,0.6739678978919983,0.0,0.0008999999845400453
31,46,0.6930679082870483,0.14469453692436218,0.6930679082870483,0.6930679082870483,0.0,9.999999747378752e-05
31,47,0.653893232345581,0.2887498736381531,0.653893232345581,0.653893232345581,0.0,0.0
31,48,0.7213131785392761,0.08209268748760223,0.7213131785392761,0.7213131785392761,0.0,0.004000000189989805
31,49,0.7357165813446045,0.03276340663433075,0.7357165813446045,0.7357165813446045,0.0,0.05380000174045563
31,50,0.7259877920150757,0.04428310692310333,0.7259877920150757,0.7259877920150757,0.0,0.02969999983906746
31,51,0.7379676103591919,0.03939196467399597,0.7379676103591919,0.7379676103591919,0.0,0.040699999779462814
31,52,0.7238051295280457,0.047046784311532974,0.7238051295280457,0.7238051295280457,0.0,0.026799999177455902
31,53,0.7024786472320557,0.12004318088293076,0.7024786472320557,0.7024786472320557,0.0,0.0005000000237487257
31,54,0.6852934956550598,0.11956574022769928,0.6852934956550598,0.6852934956550598,0.0,0.0005000000237487257
31,55,0.6609760522842407,0.15679393708705902,0.6609760522842407,0.6609760522842407,0.0,9.999999747378752e-05
31,56,0.653679609298706,0.0840827152132988,0.653679609298706,0.653679609298706,0.0,0.00139999995008111
31,57,0.6619898080825806,0.09039320051670074,0.6619898080825806,0.6619898080825806,0.0,0.002099999925121665
31,58,0.7116852402687073,0.09123244136571884,0.7116852402687073,0.7116852402687073,0.0,0.0024999999441206455
31,59,0.6629152297973633,0.12014377862215042,0.6629152297973633,0.6629152297973633,0.0,0.0005000000237487257
31,60,0.670597493648529,0.08335727453231812,0.670597493648529,0.670597493648529,0.0,0.0026000000070780516
31,61,0.688936710357666,0.10586589574813843,0.688936710357666,0.688936710357666,0.0,0.0005000000237487257
31,62,0.6746425032615662,0.13485564291477203,0.6746425032615662,0.6746425032615662,0.0,0.00019999999494757503
31,63,0.6793348789215088,0.042747557163238525,0.6793348789215088,0.6793348789215088,0.0,0.02590000070631504
32,0,0.7400649189949036,0.05628889426589012,0.7400649189949036,0.7400649189949036,0.0,0.01549999974668026
32,1,0.6865054368972778,0.06280818581581116,0.6865054368972778,0.6865054368972778,0.0,0.012000000104308128
32,2,0.7337465286254883,0.06812222301959991,0.7337465286254883,0.7337465286254883,0.0,0.008999999612569809
32,3,0.7017964124679565,0.08797986805438995,0.7017964124679565,0.7017964124679565,0.0,0.00279999990016222
32,4,0.7383546829223633,0.06975003331899643,0.7383546829223633,0.7383546829223633,0.0,0.008100000210106373
32,5,0.7194411754608154,0.11637012660503387,0.7194411754608154,0.7194411754608154,0.0,0.0005000000237487257
32,6,0.7226946353912354,0.12473788857460022,0.7226946353912354,0.7226946353912354,0.0,0.00039999998989515007
32,7,0.7319937944412231,0.07227643579244614,0.7319937944412231,0.7319937944412231,0.0,0.006399999838322401
32,8,0.7221791744232178,0.06947808712720871,0.7221791744232178,0.7221791744232178,0.0,0.007199999876320362
32,9,0.6261616945266724,0.025489874184131622,0.6261616945266724,0.6261616945266724,0.0,0.0763000026345253
32,10,0.7365080714225769,0.02830350771546364,0.7365080714225769,0.7365080714225769,0.0,0.06790000200271606
32,11,0.6690629720687866,0.02671556919813156,0.6690629720687866,0.6690629720687866,0.0,0.06700000166893005
32,12,0.7015509605407715,0.10196320712566376,0.7015509605407715,0.7015509605407715,0.0,0.0005000000237487257
32,13,0.7402401566505432,0.08921121060848236,0.7402401566505432,0.7402401566505432,0.0,0.0020000000949949026
32,14,0.7267823219299316,0.0640987753868103,0.7267823219299316,0.7267823219299316,0.0,0.0066999997943639755
32,15,0.6381147503852844,0.02854667603969574,0.6381147503852844,0.6381147503852844,0.0,0.0575999990105629
32,16,0.7402628660202026,0.1353531926870346,0.7402628660202026,0.7402628660202026,0.0,9.999999747378752e-05
32,17,0.7288222312927246,0.14040665328502655,0.7288222312927246,0.7288222312927246,0.0,0.0
32,18,0.6204107999801636,0.46755945682525635,0.6204107999801636,0.6204107999801636,0.0,0.0
32,19,0.7402629256248474,0.0969211757183075,0.7402629256248474,0.7402629256248474,0.0,0.001500000013038516
32,20,0.7357483506202698,0.13927876949310303,0.7357483506202698,0.7357483506202698,0.0,0.00039999998989515007
32,21,0.7282847166061401,0.16428637504577637,0.7282847166061401,0.7282847166061401,0.0,0.0
32,22,0.7302628755569458,0.2887192964553833,0.7302628755569458,0.7302628755569458,0.0,0.0
32,23,0.7319056987762451,0.18882767856121063,0.7319056987762451,0.7319056987762451,0.0,0.0
32,24,0.6814708709716797,0.084198959171772,0.6814708709716797,0.6814708709716797,0.0,0.002899999963119626
32,25,0.44173240661621094,0.03492620587348938,0.44173240661621094,0.44173240661621094,0.0,0.041099999099969864
32,26,0.6589297652244568,0.06317419558763504,0.6589297652244568,0.6589297652244568,0.0,0.009999999776482582
32,27,0.64591383934021,0.03799347206950188,0.64591383934021,0.64591383934021,0.0,0.03920000046491623
32,28,0.6232826709747314,0.009385675191879272,0.6232826709747314,0.6232826709747314,0.0,0.5022000074386597
32,29,0.6655235290527344,0.04404129832983017,0.6655235290527344,0.6655235290527344,0.0,0.02250000089406967
32,30,0.27717000246047974,0.2937096357345581,0.2937096357345581,0.2937096357345581,0.0,0.0
32,31,0.5923169851303101,0.026831135153770447,0.5923169851303101,0.5923169851303101,0.0,0.06729999929666519
32,32,0.6668397188186646,0.16294124722480774,0.6668397188186646,0.6668397188186646,0.0,9.999999747378752e-05
32,33,0.7193652391433716,0.07923291623592377,0.7193652391433716,0.7193652391433716,0.0,0.003700000001117587
32,34,0.6378120183944702,0.03001914918422699,0.6378120183944702,0.6378120183944702,0.0,0.04089999943971634
32,35,0.6531155109405518,0.03447137400507927,0.6531155109405518,0.6531155109405518,0.0,0.04800000041723251
32,36,0.6664703488349915,0.03383819758892059,0.6664703488349915,0.6664703488349915,0.0,0.041999999433755875
32,37,0.7360088229179382,0.06485161930322647,0.7360088229179382,0.7360088229179382,0.0,0.009200000204145908
32,38,0.6580832004547119,0.02487579733133316,0.6580832004547119,0.6580832004547119,0.0,0.06499999761581421
32,39,0.6944798231124878,0.05802876874804497,0.6944798231124878,0.6944798231124878,0.0,0.010099999606609344
32,40,0.6862578392028809,0.1839788556098938,0.6862578392028809,0.6862578392028809,0.0,0.0
32,41,0.6641161441802979,0.153532013297081,0.6641161441802979,0.6641161441802979,0.0,0.0
32,42,0.5551950931549072,0.1144724190235138,0.5551950931549072,0.5551950931549072,0.0,0.0003000000142492354
32,43,0.596332848072052,0.2870464324951172,0.596332848072052,0.596332848072052,0.0,0.0
32,44,0.6404063701629639,0.16311262547969818,0.6404063701629639,0.6404063701629639,0.0,0.0
32,45,0.7042709589004517,0.20588836073875427,0.7042709589004517,0.7042709589004517,0.0,0.0
32,46,0.6753409504890442,0.047332704067230225,0.6753409504890442,0.6753409504890442,0.0,0.016100000590085983
32,47,0.6385935544967651,0.08769331872463226,0.6385935544967651,0.6385935544967651,0.0,0.0027000000700354576
32,48,0.6917302012443542,0.10373567789793015,0.6917302012443542,0.6917302012443542,0.0,0.000699999975040555
32,49,0.7216240763664246,0.05462354049086571,0.7216240763664246,0.7216240763664246,0.0,0.010300000198185444
32,50,0.7349203824996948,0.10342174023389816,0.7349203824996948,0.7349203824996948,0.0,0.000699999975040555
32,51,0.7125822305679321,0.09843344986438751,0.7125822305679321,0.7125822305679321,0.0,0.00139999995008111
32,52,0.6895183324813843,0.12155509740114212,0.6895183324813843,0.6895183324813843,0.0,0.0005000000237487257
32,53,0.7390607595443726,0.06966228038072586,0.7390607595443726,0.7390607595443726,0.0,0.005400000140070915
32,54,0.7034790515899658,0.062232259660959244,0.7034790515899658,0.7034790515899658,0.0,0.008200000040233135
32,55,0.6731968522071838,0.09651175886392593,0.6731968522071838,0.6731968522071838,0.0,0.001500000013038516
32,56,0.7266967296600342,0.02643490582704544,0.7266967296600342,0.7266967296600342,0.0,0.07190000265836716
32,57,0.7398603558540344,0.060970794409513474,0.7398603558540344,0.7398603558540344,0.0,0.013399999588727951
32,58,0.7382304072380066,0.05527583509683609,0.7382304072380066,0.7382304072380066,0.0,0.018799999728798866
32,59,0.7300388813018799,0.08432559669017792,0.7300388813018799,0.7300388813018799,0.0,0.003599999938160181
32,60,0.7393749952316284,0.05203472822904587,0.7393749952316284,0.7393749952316284,0.0,0.021700000390410423
32,61,0.6946678161621094,0.03592640534043312,0.6946678161621094,0.6946678161621094,0.0,0.04560000076889992
32,62,0.736399233341217,0.051136843860149384,0.736399233341217,0.736399233341217,0.0,0.022099999710917473
32,63,0.731595516204834,0.06994397193193436,0.731595516204834,0.731595516204834,0.0,0.007400000002235174
33,0,0.7365972995758057,0.06755708158016205,0.7365972995758057,0.7365972995758057,0.0,0.008500000461935997
33,1,0.7214648723602295,0.08792579919099808,0.7214648723602295,0.7214648723602295,0.0,0.0032999999821186066
33,2,0.7342710494995117,0.07073048502206802,0.7342710494995117,0.7342710494995117,0.0,0.007300000172108412
33,3,0.6963719129562378,0.08386384695768356,0.6963719129562378,0.6963719129562378,0.0,0.0032999999821186066
33,4,0.7185249328613281,0.0632546991109848,0.7185249328613281,0.7185249328613281,0.0,0.010499999858438969
33,5,0.6790674924850464,0.019481930881738663,0.6790674924850464,0.6790674924850464,0.0,0.1145000010728836
33,6,0.6405408382415771,0.03912968188524246,0.6405408382415771,0.6405408382415771,0.0,0.0357000008225441
33,7,0.6554514169692993,0.09013504534959793,0.6554514169692993,0.6554514169692993,0.0,0.0019000000320374966
33,8,0.6240724325180054,0.20761367678642273,0.6240724325180054,0.6240724325180054,0.0,0.0
33,9,0.7307941913604736,0.08367645740509033,0.7307941913604736,0.7307941913604736,0.0,0.003700000001117587
33,10,0.6783056259155273,0.17297819256782532,0.6783056259155273,0.6783056259155273,0.0,0.0
33,11,0.7388302087783813,0.10280659049749374,0.7388302087783813,0.7388302087783813,0.0,0.0013000000035390258
33,12,0.7394561767578125,0.10958854854106903,0.7394561767578125,0.7394561767578125,0.0,0.0006000000284984708
33,13,0.7152961492538452,0.14602459967136383,0.7152961492538452,0.7152961492538452,0.0,0.00019999999494757503
33,14,0.6537536382675171,0.19487276673316956,0.6537536382675171,0.6537536382675171,0.0,0.0
33,15,0.6748969554901123,0.1356918215751648,0.6748969554901123,0.6748969554901123,0.0,0.0003000000142492354
33,16,0.5864166021347046,0.2748425006866455,0.5864166021347046,0.5864166021347046,0.0,0.0
33,17,0.6171730160713196,0.21835759282112122,0.6171730160713196,0.6171730160713196,0.0,0.0
33,18,0.7060704231262207,0.08223672211170197,0.7060704231262207,0.7060704231262207,0.0,0.003599999938160181
33,19,0.6081069707870483,0.29203394055366516,0.6081069707870483,0.6081069707870483,0.0,0.0
33,20,0.6065642833709717,0.291390061378479,0.6065642833709717,0.6065642833709717,0.0,0.0
33,21,0.712224543094635,0.0932241827249527,0.712224543094635,0.712224543094635,0.0,0.0020000000949949026
33,22,0.6430181264877319,0.10831040889024734,0.6430181264877319,0.6430181264877319,0.0,0.0008999999845400453
33,23,0.6630396842956543,0.1002097874879837,0.6630396842956543,0.6630396842956543,0.0,0.0015999999595806003
33,24,0.6900316476821899,0.2505742311477661,0.6900316476821899,0.6900316476821899,0.0,0.0
33,25,0.7345186471939087,0.3049772381782532,0.7345186471939087,0.7345186471939087,0.0,0.0
33,26,0.5869004726409912,0.07434697449207306,0.5869004726409912,0.5869004726409912,0.0,0.0024999999441206455
33,27,0.7009745240211487,0.18308205902576447,0.7009745240211487,0.7009745240211487,0.0,0.0
33,28,0.6338865160942078,0.4621405601501465,0.6338865160942078,0.6338865160942078,0.0,0.0
33,29,0.7392619848251343,0.1925371289253235,0.7392619848251343,0.7392619848251343,0.0,0.0
33,30,0.6835840940475464,0.29976409673690796,0.6835840940475464,0.6835840940475464,0.0,0.0
33,31,0.6595637202262878,0.361397922039032,0.6595637202262878,0.6595637202262878,0.0,0.0
33,32,0.6676526069641113,0.06800529360771179,0.6676526069641113,0.6676526069641113,0.0,0.007600000128149986
33,33,0.6462827920913696,0.06352221220731735,0.6462827920913696,0.6462827920913696,0.0,0.009800000116229057
33,34,0.6527809500694275,0.04265908896923065,0.6527809500694275,0.6527809500694275,0.0,0.032499998807907104
33,35,0.6860212087631226,0.09877554327249527,0.6860212087631226,0.6860212087631226,0.0,0.0015999999595806003
33,36,0.6928391456604004,0.07756691426038742,0.6928391456604004,0.6928391456604004,0.0,0.00419999985024333
33,37,0.6268469095230103,0.0942109078168869,0.6268469095230103,0.6268469095230103,0.0,0.0010999999940395355
33,38,0.6778030395507812,0.10727517306804657,0.6778030395507812,0.6778030395507812,0.0,0.0007999999797903001
33,39,0.7278579473495483,0.06819264590740204,0.7278579473495483,0.7278579473495483,0.0,0.007499999832361937
33,40,0.7336794137954712,0.2181786447763443,0.7336794137954712,0.7336794137954712,0.0,0.0
33,41,0.6707342863082886,0.3948855996131897,0.6707342863082886,0.6707342863082886,0.0,0.0
33,42,0.7362563610076904,0.1646101027727127,0.7362563610076904,0.7362563610076904,0.0,0.0
33,43,0.7402629256248474,0.0915103331208229,0.7402629256248474,0.7402629256248474,0.0,0.0017999999690800905
33,44,0.7402280569076538,0.11304747313261032,0.7402280569076538,0.7402280569076538,0.0,0.0006000000284984708
33,45,0.7402628660202026,0.032915011048316956,0.7402628660202026,0.7402628660202026,0.0,0.05730000138282776
33,46,0.598294734954834,0.44755423069000244,0.598294734954834,0.598294734954834,0.0,0.0
33,47,0.7371038198471069,0.3140186667442322,0.7371038198471069,0.7371038198471069,0.0,0.0
33,48,0.7035629749298096,0.15620896220207214,0.7035629749298096,0.7035629749298096,0.0,0.00019999999494757503
33,49,0.6736749410629272,0.30105775594711304,0.6736749410629272,0.6736749410629272,0.0,0.0
33,50,0.6870865225791931,0.27897870540618896,0.6870865225791931,0.6870865225791931,0.0,0.0
33,51,0.6700904965400696,0.2205471396446228,0.6700904965400696,0.6700904965400696,0.0,0.0
33,52,0.7038406133651733,0.23421302437782288,0.7038406133651733,0.7038406133651733,0.0,0.0
33,53,0.7059380412101746,0.08848846703767776,0.7059380412101746,0.7059380412101746,0.0,0.0035000001080334187
33,54,0.739869236946106,0.15660515427589417,0.739869236946106,0.739869236946106,0.0,0.0
33,55,0.6423380374908447,0.1331685185432434,0.6423380374908447,0.6423380374908447,0.0,0.0003000000142492354
33,56,0.6860992908477783,0.1468270719051361,0.6860992908477783,0.6860992908477783,0.0,0.0003000000142492354
33,57,0.7394731640815735,0.031591787934303284,0.7394731640815735,0.7394731640815735,0.0,0.05889999866485596
33,58,0.7399356961250305,0.0902707427740097,0.7399356961250305,0.7399356961250305,0.0,0.0024999999441206455
33,59,0.6621488928794861,0.11363868415355682,0.6621488928794861,0.6621488928794861,0.0,0.000699999975040555
33,60,0.7372643947601318,0.06884285062551498,0.7372643947601318,0.7372643947601318,0.0,0.008999999612569809
33,61,0.7152833938598633,0.10756760835647583,0.7152833938598633,0.7152833938598633,0.0,0.0010999999940395355
33,62,0.722496747970581,0.07181119173765182,0.722496747970581,0.722496747970581,0.0,0.006200000178068876
33,63,0.7336678504943848,0.057658590376377106,0.7336678504943848,0.7336678504943848,0.0,0.014700000174343586
34,0,0.7394715547561646,0.07618467509746552,0.7394715547561646,0.7394715547561646,0.0,0.003800000064074993
34,1,0.7402629256248474,0.03507399186491966,0.7402629256248474,0.7402629256248474,0.0,0.05180000141263008
34,2,0.6762503981590271,0.3171404302120209,0.6762503981590271,0.6762503981590271,0.0,0.0
34,3,0.7243375778198242,0.25840044021606445,0.7243375778198242,0.7243375778198242,0.0,0.0
34,4,0.7397247552871704,0.1117284744977951,0.7397247552871704,0.7397247552871704,0.0,0.000699999975040555
34,5,0.6768430471420288,0.32301685214042664,0.6768430471420288,0.6768430471420288,0.0,0.0
34,6,0.7402627468109131,0.03641630709171295,0.7402627468109131,0.7402627468109131,0.0,0.04740000143647194
34,7,0.7402628660202026,0.04948234185576439,0.7402628660202026,0.7402628660202026,0.0,0.022600000724196434
34,8,0.6594094038009644,0.03251498192548752,0.6594094038009644,0.6594094038009644,0.0,0.047200001776218414
34,9,0.718636155128479,0.04236801713705063,0.718636155128479,0.718636155128479,0.0,0.031099999323487282
34,10,0.6817803382873535,0.10584542155265808,0.6817803382873535,0.6817803382873535,0.0,0.0010999999940395355
34,11,0.6922562122344971,0.058056533336639404,0.6922562122344971,0.6922562122344971,0.0,0.016899999231100082
34,12,0.7402580976486206,0.06999671459197998,0.7402580976486206,0.7402580976486206,0.0,0.008100000210106373
34,13,0.65711510181427,0.05199969559907913,0.65711510181427,0.65711510181427,0.0,0.016200000420212746
34,14,0.42269426584243774,0.10365590453147888,0.42269426584243774,0.42269426584243774,0.0,9.999999747378752e-05
34,15,0.6643170118331909,0.08483211696147919,0.6643170118331909,0.6643170118331909,0.0,0.0031999999191612005
34,16,0.6649407148361206,0.12654510140419006,0.6649407148361206,0.6649407148361206,0.0,0.00039999998989515007
34,17,0.7402629852294922,0.07440702617168427,0.7402629852294922,0.7402629852294922,0.0,0.005499999970197678
34,18,0.6062111854553223,0.06562049686908722,0.6062111854553223,0.6062111854553223,0.0,0.006399999838322401
34,19,0.6518160104751587,0.09772814065217972,0.6518160104751587,0.6518160104751587,0.0,0.00139999995008111
34,20,0.6917951107025146,0.18505166471004486,0.6917951107025146,0.6917951107025146,0.0,0.0
34,21,0.7367871999740601,0.12140627205371857,0.7367871999740601,0.7367871999740601,0.0,0.00039999998989515007
34,22,0.6841220855712891,0.10869449377059937,0.6841220855712891,0.6841220855712891,0.0,0.0008999999845400453
34,23,0.732611894607544,0.11810310930013657,0.732611894607544,0.732611894607544,0.0,0.0006000000284984708
34,24,0.7396573424339294,0.03363942354917526,0.7396573424339294,0.7396573424339294,0.0,0.051899999380111694
34,25,0.685888409614563,0.014674751088023186,0.685888409614563,0.685888409614563,0.0,0.2492000013589859
34,26,0.6293144226074219,0.08847600221633911,0.6293144226074219,0.6293144226074219,0.0,0.00279999990016222
34,27,0.6325628161430359,0.07183757424354553,0.6325628161430359,0.6325628161430359,0.0,0.007199999876320362
34,28,0.6828738451004028,0.012028675526380539,0.6828738451004028,0.6828738451004028,0.0,0.4052000045776367
34,29,0.7352635860443115,0.05194241926074028,0.7352635860443115,0.7352635860443115,0.0,0.019600000232458115
34,30,0.6586871147155762,0.08961359411478043,0.6586871147155762,0.6586871147155762,0.0,0.002300000051036477
34,31,0.737755537033081,0.03481277823448181,0.737755537033081,0.737755537033081,0.0,0.04670000076293945
34,32,0.73470538854599,0.040371041744947433,0.73470538854599,0.73470538854599,0.0,0.037300001829862595
34,33,0.6609721183776855,0.12778054177761078,0.6609721183776855,0.6609721183776855,0.0,0.0003000000142492354
34,34,0.685835599899292,0.11199667304754257,0.685835599899292,0.685835599899292,0.0,0.0008999999845400453
34,35,0.6948829293251038,0.149795800447464,0.6948829293251038,0.6948829293251038,0.0,0.00019999999494757503
34,36,0.6574046015739441,0.1135866567492485,0.6574046015739441,0.6574046015739441,0.0,0.0008999999845400453
34,37,0.7402628660202026,0.0385773703455925,0.7402628660202026,0.7402628660202026,0.0,0.040800001472234726
34,38,0.7255160808563232,0.06120327487587929,0.7255160808563232,0.7255160808563232,0.0,0.01209999993443489
34,39,0.7227701544761658,0.0875614807009697,0.7227701544761658,0.7227701544761658,0.0,0.0027000000700354576
34,40,0.4865865111351013,0.6513960361480713,0.6513960361480713,0.6513960361480713,0.0,0.0
34,41,0.6896466016769409,0.28855907917022705,0.6896466016769409,0.6896466016769409,0.0,0.0
34,42,0.6356308460235596,0.4203655421733856,0.6356308460235596,0.6356308460235596,0.0,0.0
34,43,0.5614098906517029,0.5791934728622437,0.5791934728622437,0.5791934728622437,0.0,0.0
34,44,0.572106659412384,0.2777317762374878,0.572106659412384,0.572106659412384,0.0,0.0
34,45,0.7019461393356323,0.21898344159126282,0.7019461393356323,0.7019461393356323,0.0,0.0
34,46,0.48783326148986816,0.5451491475105286,0.5451491475105286,0.5451491475105286,0.0,0.0
34,47,0.4151730239391327,0.731042742729187,0.731042742729187,0.731042742729187,0.0,0.0
34,48,0.7165607213973999,0.1404222548007965,0.7165607213973999,0.7165607213973999,0.0,0.0003000000142492354
34,49,0.7291638851165771,0.07461410760879517,0.7291638851165771,0.7291638851165771,0.0,0.005499999970197678
34,50,0.7402393817901611,0.08029036223888397,0.7402393817901611,0.7402393817901611,0.0,0.004100000020116568
34,51,0.6824923157691956,0.11248372495174408,0.6824923157691956,0.6824923157691956,0.0,0.0006000000284984708
34,52,0.6495760679244995,0.062074415385723114,0.6495760679244995,0.6495760679244995,0.0,0.012299999594688416
34,53,0.6967992782592773,0.1406325101852417,0.6967992782592773,0.6967992782592773,0.0,0.0003000000142492354
34,54,0.7402628660202026,0.07864520698785782,0.7402628660202026,0.7402628660202026,0.0,0.004100000020116568
34,55,0.6749979853630066,0.21266886591911316,0.6749979853630066,0.6749979853630066,0.0,0.0
34,56,0.7277255654335022,0.11028416454792023,0.7277255654335022,0.7277255654335022,0.0,0.000699999975040555
34,57,0.7402628660202026,0.06744883209466934,0.7402628660202026,0.7402628660202026,0.0,0.007600000128149986
34,58,0.7393993139266968,0.0498160719871521,0.7393993139266968,0.7393993139266968,0.0,0.022299999371170998
34,59,0.7307246327400208,0.10093103349208832,0.7307246327400208,0.7307246327400208,0.0,0.0010999999940395355
34,60,0.7389933466911316,0.08274911344051361,0.7389933466911316,0.7389933466911316,0.0,0.002099999925121665
34,61,0.704465389251709,0.13509993255138397,0.704465389251709,0.704465389251709,0.0,0.00019999999494757503
34,62,0.7257014513015747,0.06893439590930939,0.7257014513015747,0.7257014513015747,0.0,0.006399999838322401
34,63,0.7008179426193237,0.1229199469089508,0.7008179426193237,0.7008179426193237,0.0,0.00019999999494757503
35,0,0.6404839754104614,0.19435612857341766,0.6404839754104614,0.6404839754104614,0.0,0.0
35,1,0.6795604228973389,0.1296977400779724,0.6795604228973389,0.6795604228973389,0.0,0.00039999998989515007
35,2,0.6751717329025269,0.1350315511226654,0.6751717329025269,0.6751717329025269,0.0,0.0003000000142492354
35,3,0.6847524046897888,0.11883612722158432,0.6847524046897888,0.6847524046897888,0.0,0.0005000000237487257
35,4,0.6762756705284119,0.11073344200849533,0.6762756705284119,0.6762756705284119,0.0,0.0008999999845400453
35,5,0.6868950128555298,0.11177116632461548,0.6868950128555298,0.6868950128555298,0.0,0.0006000000284984708
35,6,0.6767075061798096,0.12864577770233154,0.6767075061798096,0.6767075061798096,0.0,0.0005000000237487257
35,7,0.7313536405563354,0.08839274942874908,0.7313536405563354,0.7313536405563354,0.0,0.003000000026077032
35,8,0.46130800247192383,0.22097590565681458,0.46130800247192383,0.46130800247192383,0.0,0.0
35,9,0.642119288444519,0.06752444803714752,0.642119288444519,0.642119288444519,0.0,0.010499999858438969
35,10,0.48992210626602173,0.15615689754486084,0.48992210626602173,0.48992210626602173,0.0,0.0
35,11,0.6744676828384399,0.05248124152421951,0.6744676828384399,0.6744676828384399,0.0,0.02199999988079071
35,12,0.6504570245742798,0.09125255048274994,0.6504570245742798,0.6504570245742798,0.0,0.002199999988079071
35,13,0.5218390226364136,0.07834509015083313,0.5218390226364136,0.5218390226364136,0.0,0.003800000064074993
35,14,0.62138831615448,0.10211896151304245,0.62138831615448,0.62138831615448,0.0,0.0005000000237487257
35,15,0.6533352136611938,0.05911644920706749,0.6533352136611938,0.6533352136611938,0.0,0.010400000028312206
35,16,0.6677684783935547,0.07640673220157623,0.6677684783935547,0.6677684783935547,0.0,0.005900000222027302
35,17,0.7073407173156738,0.07246485352516174,0.7073407173156738,0.7073407173156738,0.0,0.006000000052154064
35,18,0.6239296197891235,0.19299373030662537,0.6239296197891235,0.6239296197891235,0.0,0.0
35,19,0.7218862771987915,0.06747518479824066,0.7218862771987915,0.7218862771987915,0.0,0.008100000210106373
35,20,0.6694777011871338,0.19426801800727844,0.6694777011871338,0.6694777011871338,0.0,0.0
35,21,0.6300676465034485,0.39370962977409363,0.6300676465034485,0.6300676465034485,0.0,0.0
35,22,0.5587775707244873,0.317516565322876,0.5587775707244873,0.5587775707244873,0.0,0.0
35,23,0.7056863903999329,0.07246554642915726,0.7056863903999329,0.7056863903999329,0.0,0.003100000089034438
35,24,0.7348626852035522,0.026712782680988312,0.7348626852035522,0.7348626852035522,0.0,0.07509999722242355
35,25,0.6152667999267578,0.2194431722164154,0.6152667999267578,0.6152667999267578,0.0,0.0
35,26,0.5581161379814148,0.28921785950660706,0.5581161379814148,0.5581161379814148,0.0,0.0
35,27,0.6858231425285339,0.08391551673412323,0.6858231425285339,0.6858231425285339,0.0,0.0038999998942017555
35,28,0.5926956534385681,0.2916669249534607,0.5926956534385681,0.5926956534385681,0.0,0.0
35,29,0.645156979560852,0.20895908772945404,0.645156979560852,0.645156979560852,0.0,0.0
35,30,0.6486456394195557,0.16662925481796265,0.6486456394195557,0.6486456394195557,0.0,9.999999747378752e-05
35,31,0.5743514895439148,0.4026549458503723,0.5743514895439148,0.5743514895439148,0.0,0.0
35,32,0.6117205023765564,0.21355637907981873,0.6117205023765564,0.6117205023765564,0.0,0.0
35,33,0.6922740936279297,0.24113096296787262,0.6922740936279297,0.6922740936279297,0.0,0.0
35,34,0.6242074966430664,0.23271149396896362,0.6242074966430664,0.6242074966430664,0.0,0.0
35,35,0.6507357358932495,0.1796390414237976,0.6507357358932495,0.6507357358932495,0.0,0.0
35,36,0.7333294153213501,0.1273447871208191,0.7333294153213501,0.7333294153213501,0.0,0.0003000000142492354
35,37,0.6888406872749329,0.15064027905464172,0.6888406872749329,0.6888406872749329,0.0,9.999999747378752e-05
35,38,0.6542258262634277,0.1183716356754303,0.6542258262634277,0.6542258262634277,0.0,0.0005000000237487257
35,39,0.6576489806175232,0.13562031090259552,0.6576489806175232,0.6576489806175232,0.0,0.00019999999494757503
35,40,0.625840425491333,0.14861208200454712,0.625840425491333,0.625840425491333,0.0,9.999999747378752e-05
35,41,0.5679617524147034,0.4219357371330261,0.5679617524147034,0.5679617524147034,0.0,0.0
35,42,0.6511358618736267,0.11068486422300339,0.6511358618736267,0.6511358618736267,0.0,0.000699999975040555
35,43,0.7295128703117371,0.02892070636153221,0.7295128703117371,0.7295128703117371,0.0,0.06560000032186508
35,44,0.5608457326889038,0.1664137989282608,0.5608457326889038,0.5608457326889038,0.0,9.999999747378752e-05
35,45,0.5789343118667603,0.14306005835533142,0.5789343118667603,0.5789343118667603,0.0,0.0003000000142492354
35,46,0.5986884236335754,0.128665953874588,0.5986884236335754,0.5986884236335754,0.0,0.0005000000237487257
35,47,0.6432998180389404,0.11048919707536697,0.6432998180389404,0.6432998180389404,0.0,0.0007999999797903001
35,48,0.7344262003898621,0.0708189606666565,0.7344262003898621,0.7344262003898621,0.0,0.0071000000461936
35,49,0.7402627468109131,0.06313535571098328,0.7402627468109131,0.7402627468109131,0.0,0.009999999776482582
35,50,0.7398780584335327,0.11320637166500092,0.7398780584335327,0.7398780584335327,0.0,0.0007999999797903001
35,51,0.7395250797271729,0.07793151587247849,0.7395250797271729,0.7395250797271729,0.0,0.004600000102072954
35,52,0.7402628660202026,0.05980922654271126,0.7402628660202026,0.7402628660202026,0.0,0.013500000350177288
35,53,0.7402628660202026,0.06973963230848312,0.7402628660202026,0.7402628660202026,0.0,0.0071000000461936
35,54,0.7237263321876526,0.078209787607193,0.7237263321876526,0.7237263321876526,0.0,0.004600000102072954
35,55,0.7358611822128296,0.043483052402734756,0.7358611822128296,0.7358611822128296,0.0,0.029600000008940697
35,56,0.6432465314865112,0.13115455210208893,0.6432465314865112,0.6432465314865112,0.0,0.0003000000142492354
35,57,0.6989712715148926,0.21667982637882233,0.6989712715148926,0.6989712715148926,0.0,0.0
35,58,0.6952627301216125,0.21750134229660034,0.6952627301216125,0.6952627301216125,0.0,0.0
35,59,0.6632273197174072,0.08233000338077545,0.6632273197174072,0.6632273197174072,0.0,0.0024999999441206455
35,60,0.6943982243537903,0.06563086807727814,0.6943982243537903,0.6943982243537903,0.0,0.008100000210106373
35,61,0.520553708076477,0.14716047048568726,0.520553708076477,0.520553708076477,0.0,0.00019999999494757503
35,62,0.6788276433944702,0.14734573662281036,0.6788276433944702,0.6788276433944702,0.0,0.0003000000142492354
35,63,0.6945557594299316,0.10722659528255463,0.6945557594299316,0.6945557594299316,0.0,0.0010000000474974513
36,0,0.7030370831489563,0.13051685690879822,0.7030370831489563,0.7030370831489563,0.0,0.00039999998989515007
36,1,0.6921215653419495,0.06692978739738464,0.6921215653419495,0.6921215653419495,0.0,0.009600000455975533
36,2,0.7400590181350708,0.07531286031007767,0.7400590181350708,0.7400590181350708,0.0,0.004800000227987766
36,3,0.7007951736450195,0.07712316513061523,0.7007951736450195,0.7007951736450195,0.0,0.004800000227987766
36,4,0.6323305368423462,0.16396337747573853,0.6323305368423462,0.6323305368423462,0.0,0.00019999999494757503
36,5,0.7383480072021484,0.0783662497997284,0.7383480072021484,0.7383480072021484,0.0,0.004399999976158142
36,6,0.7001259326934814,0.1209944635629654,0.7001259326934814,0.7001259326934814,0.0,0.0006000000284984708
36,7,0.7348368167877197,0.06794287264347076,0.7348368167877197,0.7348368167877197,0.0,0.007499999832361937
36,8,0.7398481369018555,0.04023849964141846,0.7398481369018555,0.7398481369018555,0.0,0.03319999948143959
36,9,0.6578729152679443,0.08772419393062592,0.6578729152679443,0.6578729152679443,0.0,0.0031999999191612005
36,10,0.7345753908157349,0.049386557191610336,0.7345753908157349,0.7345753908157349,0.0,0.020800000056624413
36,11,0.6109716296195984,0.10250198841094971,0.6109716296195984,0.6109716296195984,0.0,0.0010999999940395355
36,12,0.5215249061584473,0.14851701259613037,0.5215249061584473,0.5215249061584473,0.0,9.999999747378752e-05
36,13,0.7344560623168945,0.04122933745384216,0.7344560623168945,0.7344560623168945,0.0,0.026100000366568565
36,14,0.5903595685958862,0.10662326216697693,0.5903595685958862,0.5903595685958862,0.0,0.0010000000474974513
36,15,0.5573996305465698,0.020485971122980118,0.5573996305465698,0.5573996305465698,0.0,0.10920000076293945
36,16,0.7372990846633911,0.15286101400852203,0.7372990846633911,0.7372990846633911,0.0,9.999999747378752e-05
36,17,0.6354069709777832,0.17875197529792786,0.6354069709777832,0.6354069709777832,0.0,0.0
36,18,0.6291260123252869,0.25230926275253296,0.6291260123252869,0.6291260123252869,0.0,0.0
36,19,0.6367377042770386,0.1792459338903427,0.6367377042770386,0.6367377042770386,0.0,0.0
36,20,0.7399625182151794,0.16577160358428955,0.7399625182151794,0.7399625182151794,0.0,9.999999747378752e-05
36,21,0.6210960149765015,0.19147758185863495,0.6210960149765015,0.6210960149765015,0.0,0.0
36,22,0.6700698137283325,0.19321368634700775,0.6700698137283325,0.6700698137283325,0.0,0.0
36,23,0.6398400068283081,0.16701674461364746,0.6398400068283081,0.6398400068283081,0.0,0.0
36,24,0.5551419258117676,0.208909809589386,0.5551419258117676,0.5551419258117676,0.0,0.0
36,25,0.6961880922317505,0.06872554123401642,0.6961880922317505,0.6961880922317505,0.0,0.007000000216066837
36,26,0.6613762378692627,0.16926878690719604,0.6613762378692627,0.6613762378692627,0.0,0.0
36,27,0.6754240989685059,0.1054978221654892,0.6754240989685059,0.6754240989685059,0.0,0.0008999999845400453
36,28,0.6044306755065918,0.1432032734155655,0.6044306755065918,0.6044306755065918,0.0,9.999999747378752e-05
36,29,0.7128630876541138,0.05612582713365555,0.7128630876541138,0.7128630876541138,0.0,0.015300000086426735
36,30,0.6659768223762512,0.1031213030219078,0.6659768223762512,0.6659768223762512,0.0,0.0010000000474974513
36,31,0.6835256814956665,0.016540594398975372,0.6835256814956665,0.6835256814956665,0.0,0.14489999413490295
36,32,0.7133427858352661,0.08411671221256256,0.7133427858352661,0.7133427858352661,0.0,0.004000000189989805
36,33,0.6325814127922058,0.14329630136489868,0.6325814127922058,0.6325814127922058,0.0,0.0003000000142492354
36,34,0.6988179683685303,0.03805870562791824,0.6988179683685303,0.6988179683685303,0.0,0.04340000078082085
36,35,0.61446613073349,0.13194870948791504,0.61446613073349,0.61446613073349,0.0,9.999999747378752e-05
36,36,0.5344422459602356,0.041349396109580994,0.5344422459602356,0.5344422459602356,0.0,0.02850000001490116
36,37,0.681267499923706,0.02828270010650158,0.681267499923706,0.681267499923706,0.0,0.07029999792575836
36,38,0.7078074812889099,0.038403235375881195,0.7078074812889099,0.7078074812889099,0.0,0.03519999980926514
36,39,0.7316621541976929,0.043797388672828674,0.7316621541976929,0.7316621541976929,0.0,0.031700000166893005
36,40,0.7342620491981506,0.06559687107801437,0.7342620491981506,0.7342620491981506,0.0,0.008700000122189522
36,41,0.7299348711967468,0.07523582875728607,0.7299348711967468,0.7299348711967468,0.0,0.0035000001080334187
36,42,0.45708316564559937,0.07142782211303711,0.45708316564559937,0.45708316564559937,0.0,0.002400000113993883
36,43,0.7356191277503967,0.07259182631969452,0.7356191277503967,0.7356191277503967,0.0,0.005100000184029341
36,44,0.7101930379867554,0.025786826387047768,0.7101930379867554,0.7101930379867554,0.0,0.07500000298023224
36,45,0.6399337649345398,0.20581378042697906,0.6399337649345398,0.6399337649345398,0.0,0.0
36,46,0.7353432774543762,0.030724091455340385,0.7353432774543762,0.7353432774543762,0.0,0.05130000039935112
36,47,0.7364617586135864,0.05188103765249252,0.7364617586135864,0.7364617586135864,0.0,0.02019999921321869
36,48,0.6986319422721863,0.12413913756608963,0.6986319422721863,0.6986319422721863,0.0,0.00039999998989515007
36,49,0.6647189855575562,0.11806424707174301,0.6647189855575562,0.6647189855575562,0.0,0.0006000000284984708
36,50,0.6065700054168701,0.12043832987546921,0.6065700054168701,0.6065700054168701,0.0,0.0005000000237487257
36,51,0.6913982629776001,0.09802096337080002,0.6913982629776001,0.6913982629776001,0.0,0.0015999999595806003
36,52,0.5434315204620361,0.2438478320837021,0.5434315204620361,0.5434315204620361,0.0,0.0
36,53,0.6219325065612793,0.1450323760509491,0.6219325065612793,0.6219325065612793,0.0,9.999999747378752e-05
36,54,0.5590449571609497,0.18152537941932678,0.5590449571609497,0.5590449571609497,0.0,0.0
36,55,0.5549407005310059,0.25631678104400635,0.5549407005310059,0.5549407005310059,0.0,0.0
36,56,0.7398334741592407,0.11324803531169891,0.7398334741592407,0.7398334741592407,0.0,0.0006000000284984708
36,57,0.6283695101737976,0.051162198185920715,0.6283695101737976,0.6283695101737976,0.0,0.021900000050663948
36,58,0.6545262336730957,0.04956628009676933,0.6545262336730957,0.6545262336730957,0.0,0.011500000022351742
36,59,0.6761490106582642,0.019145403057336807,0.6761490106582642,0.6761490106582642,0.0,0.1120000034570694
36,60,0.7344608306884766,0.06142735481262207,0.7344608306884766,0.7344608306884766,0.0,0.011599999852478504
36,61,0.6640231609344482,0.1646856963634491,0.6640231609344482,0.6640231609344482,0.0,0.0
36,62,0.6320143938064575,0.16663894057273865,0.6320143938064575,0.6320143938064575,0.0,0.0
36,63,0.6175545454025269,0.0811695009469986,0.6175545454025269,0.6175545454025269,0.0,0.004600000102072954
37,0,0.7402597069740295,0.02586176246404648,0.7402597069740295,0.7402597069740295,0.0,0.0835999995470047
37,1,0.7402631044387817,0.05473387986421585,0.7402631044387817,0.7402631044387817,0.0,0.019099999219179153
37,2,0.7390511631965637,0.0922999456524849,0.7390511631965637,0.7390511631965637,0.0,0.0017000000225380063
37,3,0.7402629852294922,0.06043650209903717,0.7402629852294922,0.7402629852294922,0.0,0.010900000110268593
37,4,0.7275161147117615,0.04667002707719803,0.7275161147117615,0.7275161147117615,0.0,0.026900000870227814
37,5,0.7340267896652222,0.0978911817073822,0.7340267896652222,0.7340267896652222,0.0,0.00139999995008111
37,6,0.7402629852294922,0.030257448554039,0.7402629852294922,0.7402629852294922,0.0,0.06729999929666519
37,7,0.7399544715881348,0.07225217670202255,0.7399544715881348,0.7399544715881348,0.0,0.005799999926239252
37,8,0.6138292551040649,0.06184471771121025,0.6138292551040649,0.6138292551040649,0.0,0.012600000016391277
37,9,0.7348700761795044,0.03731382265686989,0.7348700761795044,0.7348700761795044,0.0,0.04349999874830246
37,10,0.6083451509475708,0.031413786113262177,0.6083451509475708,0.6083451509475708,0.0,0.05420000106096268
37,11,0.5521504878997803,-0.0023897141218185425,0.5521504878997803,0.5521504878997803,0.0,0.8895000219345093
37,12,0.5404106378555298,0.0042819008231163025,0.5404106378555298,0.5404106378555298,0.0,0.7692999839782715
37,13,0.6367758512496948,0.07929082959890366,0.6367758512496948,0.6367758512496948,0.0,0.0038999998942017555
37,14,0.7402627468109131,0.07130952924489975,0.7402627468109131,0.7402627468109131,0.0,0.007000000216066837
37,15,0.6327369213104248,0.041687317192554474,0.6327369213104248,0.6327369213104248,0.0,0.030700000002980232
37,16,0.6522324085235596,0.2335083782672882,0.6522324085235596,0.6522324085235596,0.0,0.0
37,17,0.6230741739273071,0.17845214903354645,0.6230741739273071,0.6230741739273071,0.0,0.0
37,18,0.6545401215553284,0.07795197516679764,0.6545401215553284,0.6545401215553284,0.0,0.0052999998442828655
37,19,0.5482838749885559,0.14965981245040894,0.5482838749885559,0.5482838749885559,0.0,9.999999747378752e-05
37,20,0.5484637022018433,0.07745452225208282,0.5484637022018433,0.5484637022018433,0.0,0.00570000009611249
37,21,0.6918110847473145,0.03546780347824097,0.6918110847473145,0.6918110847473145,0.0,0.04010000079870224
37,22,0.5184502601623535,0.20474104583263397,0.5184502601623535,0.5184502601623535,0.0,0.0
37,23,0.5485542416572571,0.14269818365573883,0.5485542416572571,0.5485542416572571,0.0,9.999999747378752e-05
37,24,0.7402627468109131,0.06633341312408447,0.7402627468109131,0.7402627468109131,0.0,0.009100000374019146
37,25,0.7222596406936646,0.12657809257507324,0.7222596406936646,0.7222596406936646,0.0,0.0005000000237487257
37,26,0.738001823425293,0.06674591451883316,0.738001823425293,0.738001823425293,0.0,0.008700000122189522
37,27,0.6473402976989746,0.14459554851055145,0.6473402976989746,0.6473402976989746,0.0,0.00019999999494757503
37,28,0.7402628660202026,0.05286358669400215,0.7402628660202026,0.7402628660202026,0.0,0.019300000742077827
37,29,0.7397304773330688,0.07974913716316223,0.7397304773330688,0.7397304773330688,0.0,0.0044999998062849045
37,30,0.6131575703620911,0.26708364486694336,0.6131575703620911,0.6131575703620911,0.0,0.0
37,31,0.6535263061523438,0.20376227796077728,0.6535263061523438,0.6535263061523438,0.0,0.0
37,32,0.512966513633728,0.14856350421905518,0.512966513633728,0.512966513633728,0.0,0.0
37,33,0.5548806190490723,0.2274029552936554,0.5548806190490723,0.5548806190490723,0.0,0.0
37,34,0.4775758683681488,0.3064214587211609,0.4775758683681488,0.4775758683681488,0.0,0.0
37,35,0.5940372943878174,0.27858662605285645,0.5940372943878174,0.5940372943878174,0.0,0.0
37,36,0.4896749258041382,0.3564825654029846,0.4896749258041382,0.4896749258041382,0.0,0.0
37,37,0.6672828197479248,0.20310278236865997,0.6672828197479248,0.6672828197479248,0.0,0.0
37,38,0.5566647052764893,0.2608269453048706,0.5566647052764893,0.5566647052764893,0.0,0.0
37,39,0.48239532113075256,0.3574657440185547,0.48239532113075256,0.48239532113075256,0.0,0.0
37,40,0.7021523714065552,0.06664115190505981,0.7021523714065552,0.7021523714065552,0.0,0.008799999952316284
37,41,0.6466951370239258,0.17597225308418274,0.6466951370239258,0.6466951370239258,0.0,9.999999747378752e-05
37,42,0.6341147422790527,0.1337079554796219,0.6341147422790527,0.6341147422790527,0.0,0.00019999999494757503
37,43,0.6746782064437866,0.09674975275993347,0.6746782064437866,0.6746782064437866,0.0,0.0019000000320374966
37,44,0.6991848945617676,0.0827612653374672,0.6991848945617676,0.6991848945617676,0.0,0.00419999985024333
37,45,0.6732708215713501,0.10768801718950272,0.6732708215713501,0.6732708215713501,0.0,0.0008999999845400453
37,46,0.6459077000617981,0.15844637155532837,0.6459077000617981,0.6459077000617981,0.0,9.999999747378752e-05
37,47,0.6729208827018738,0.10543188452720642,0.6729208827018738,0.6729208827018738,0.0,0.000699999975040555
37,48,0.620140552520752,0.1619882583618164,0.620140552520752,0.620140552520752,0.0,0.0
37,49,0.6569910645484924,0.14784815907478333,0.6569910645484924,0.6569910645484924,0.0,9.999999747378752e-05
37,50,0.674647331237793,0.06089136376976967,0.674647331237793,0.674647331237793,0.0,0.012000000104308128
37,51,0.6493955850601196,0.022110681980848312,0.6493955850601196,0.6493955850601196,0.0,0.09390000253915787
37,52,0.6698859333992004,0.048863012343645096,0.6698859333992004,0.6698859333992004,0.0,0.018400000408291817
37,53,0.6539328694343567,0.02706250175833702,0.6539328694343567,0.6539328694343567,0.0,0.07150000333786011
37,54,0.6919395923614502,0.023512663319706917,0.6919395923614502,0.6919395923614502,0.0,0.08760000020265579
37,55,0.6941969394683838,0.05456596612930298,0.6941969394683838,0.6941969394683838,0.0,0.017400000244379044
37,56,0.6713048219680786,0.05375555157661438,0.6713048219680786,0.6713048219680786,0.0,0.01810000091791153
37,57,0.5852309465408325,0.06875678896903992,0.5852309465408325,0.5852309465408325,0.0,0.008100000210106373
37,58,0.7349836230278015,0.035189189016819,0.7349836230278015,0.7349836230278015,0.0,0.04859999939799309
37,59,0.7195428609848022,0.04089074581861496,0.7195428609848022,0.7195428609848022,0.0,0.03590000048279762
37,60,0.6100431680679321,0.10565740615129471,0.6100431680679321,0.6100431680679321,0.0,0.0008999999845400453
37,61,0.6465550661087036,0.0692896693944931,0.6465550661087036,0.6465550661087036,0.0,0.007899999618530273
37,62,0.7167729139328003,0.036074571311473846,0.7167729139328003,0.7167729139328003,0.0,0.03880000114440918
37,63,0.705084502696991,0.05008046329021454,0.705084502696991,0.705084502696991,0.0,0.021700000390410423
38,0,0.6955873966217041,0.015305839478969574,0.6955873966217041,0.6955873966217041,0.0,0.195700004696846
38,1,0.6320481896400452,0.03158453851938248,0.6320481896400452,0.6320481896400452,0.0,0.05249999836087227
38,2,0.55875563621521,0.013981927186250687,0.55875563621521,0.55875563621521,0.0,0.23800000548362732
38,3,0.6423861980438232,0.05148971080780029,0.6423861980438232,0.6423861980438232,0.0,0.021299999207258224
38,4,0.6693384647369385,0.05903558060526848,0.6693384647369385,0.6693384647369385,0.0,0.014100000262260437
38,5,0.6187154054641724,0.11057765036821365,0.6187154054641724,0.6187154054641724,0.0,0.0007999999797903001
38,6,0.6319116950035095,0.027228357270359993,0.6319116950035095,0.6319116950035095,0.0,0.07069999724626541
38,7,0.6715816259384155,0.15960341691970825,0.6715816259384155,0.6715816259384155,0.0,9.999999747378752e-05
38,8,0.6291248202323914,0.12383516877889633,0.6291248202323914,0.6291248202323914,0.0,0.0003000000142492354
38,9,0.5396914482116699,0.0857948586344719,0.5396914482116699,0.5396914482116699,0.0,0.0026000000070780516
38,10,0.6965581178665161,0.04050218313932419,0.6965581178665161,0.6965581178665161,0.0,0.03189999982714653
38,11,0.6549152135848999,0.062434207648038864,0.6549152135848999,0.6549152135848999,0.0,0.00989999994635582
38,12,0.7078251838684082,0.08050025999546051,0.7078251838684082,0.7078251838684082,0.0,0.0038999998942017555
38,13,0.6391245126724243,0.0445481613278389,0.6391245126724243,0.6391245126724243,0.0,0.028699999675154686
38,14,0.611177921295166,0.1821317970752716,0.611177921295166,0.611177921295166,0.0,9.999999747378752e-05
38,15,0.6645230650901794,0.04334879294037819,0.6645230650901794,0.6645230650901794,0.0,0.029999999329447746
38,16,0.6989972591400146,0.0804145485162735,0.6989972591400146,0.6989972591400146,0.0,0.0010999999940395355
38,17,0.7401614189147949,0.14666298031806946,0.7401614189147949,0.7401614189147949,0.0,9.999999747378752e-05
38,18,0.7140119075775146,0.15562643110752106,0.7140119075775146,0.7140119075775146,0.0,0.0
38,19,0.6653233766555786,0.22694022953510284,0.6653233766555786,0.6653233766555786,0.0,0.0
38,20,0.6795548796653748,0.06230754405260086,0.6795548796653748,0.6795548796653748,0.0,0.0052999998442828655
38,21,0.6870971918106079,0.12253277003765106,0.6870971918106079,0.6870971918106079,0.0,0.0003000000142492354
38,22,0.7112020254135132,0.03305894881486893,0.7112020254135132,0.7112020254135132,0.0,0.04320000112056732
38,23,0.7402628660202026,0.14312562346458435,0.7402628660202026,0.7402628660202026,0.0,0.0
38,24,0.7302605509757996,0.06143014132976532,0.7302605509757996,0.7302605509757996,0.0,0.01269999984651804
38,25,0.719858705997467,0.06617140024900436,0.719858705997467,0.719858705997467,0.0,0.009600000455975533
38,26,0.7276294827461243,0.07811856269836426,0.7276294827461243,0.7276294827461243,0.0,0.004699999932199717
38,27,0.7402628660202026,0.03871613368391991,0.7402628660202026,0.7402628660202026,0.0,0.04039999842643738
38,28,0.6553168892860413,0.120342917740345,0.6553168892860413,0.6553168892860413,0.0,0.0005000000237487257
38,29,0.6951053142547607,0.1236540898680687,0.6951053142547607,0.6951053142547607,0.0,0.00039999998989515007
38,30,0.7204108834266663,0.09521042555570602,0.7204108834266663,0.7204108834266663,0.0,0.0017000000225380063
38,31,0.6755216121673584,0.11165769398212433,0.6755216121673584,0.6755216121673584,0.0,0.0008999999845400453
38,32,0.6816641092300415,0.054789409041404724,0.6816641092300415,0.6816641092300415,0.0,0.01810000091791153
38,33,0.6409630179405212,0.0110062500461936,0.6409630179405212,0.6409630179405212,0.0,0.4180999994277954
38,34,0.6625189781188965,0.06081744655966759,0.6625189781188965,0.6625189781188965,0.0,0.012000000104308128
38,35,0.716071605682373,0.05253848806023598,0.716071605682373,0.716071605682373,0.0,0.020400000736117363
38,36,0.7074445486068726,0.060319267213344574,0.7074445486068726,0.7074445486068726,0.0,0.012900000438094139
38,37,0.6389540433883667,0.056768354028463364,0.6389540433883667,0.6389540433883667,0.0,0.015699999406933784
38,38,0.6712538003921509,0.04398474097251892,0.6712538003921509,0.6712538003921509,0.0,0.02979999966919422
38,39,0.6033852696418762,0.06871688365936279,0.6033852696418762,0.6033852696418762,0.0,0.007199999876320362
38,40,0.62009197473526,0.0976969301700592,0.62009197473526,0.62009197473526,0.0,0.0005000000237487257
38,41,0.6579407453536987,0.006406553089618683,0.6579407453536987,0.6579407453536987,0.0,0.6996999979019165
38,42,0.6945744752883911,0.021877869963645935,0.6945744752883911,0.6945744752883911,0.0,0.09679999947547913
38,43,0.5760450959205627,0.028491191565990448,0.5760450959205627,0.5760450959205627,0.0,0.06199999898672104
38,44,0.6872737407684326,0.01675674319267273,0.6872737407684326,0.6872737407684326,0.0,0.14569999277591705
38,45,0.684608519077301,0.03253336250782013,0.684608519077301,0.684608519077301,0.0,0.05400000140070915
38,46,0.6506435871124268,0.021510832011699677,0.6506435871124268,0.6506435871124268,0.0,0.09780000150203705
38,47,0.6271500587463379,0.051326967775821686,0.6271500587463379,0.6271500587463379,0.0,0.018300000578165054
38,48,0.6656796932220459,0.044930487871170044,0.6656796932220459,0.6656796932220459,0.0,0.026599999517202377
38,49,0.7187173366546631,0.056064777076244354,0.7187173366546631,0.7187173366546631,0.0,0.01489999983459711
38,50,0.7249308228492737,0.033777154982089996,0.7249308228492737,0.7249308228492737,0.0,0.049800001084804535
38,51,0.6939890384674072,0.09790996462106705,0.6939890384674072,0.6939890384674072,0.0,0.0013000000035390258
38,52,0.6472211480140686,0.06050313636660576,0.6472211480140686,0.6472211480140686,0.0,0.012600000016391277
38,53,0.6892314553260803,0.0642583966255188,0.6892314553260803,0.6892314553260803,0.0,0.010200000368058681
38,54,0.6671432256698608,0.05562587082386017,0.6671432256698608,0.6671432256698608,0.0,0.01640000008046627
38,55,0.6757562756538391,0.06467264145612717,0.6757562756538391,0.6757562756538391,0.0,0.009700000286102295
38,56,0.6688088178634644,0.10190663486719131,0.6688088178634644,0.6688088178634644,0.0,0.0010000000474974513
38,57,0.6845313906669617,0.09586126357316971,0.6845313906669617,0.6845313906669617,0.0,0.002099999925121665
38,58,0.6504228115081787,0.10183899849653244,0.6504228115081787,0.6504228115081787,0.0,0.0012000000569969416
38,59,0.7402628660202026,0.06710466742515564,0.7402628660202026,0.7402628660202026,0.0,0.008700000122189522
38,60,0.7027829885482788,0.10758771002292633,0.7027829885482788,0.7027829885482788,0.0,0.0010000000474974513
38,61,0.6714894771575928,0.07837875187397003,0.6714894771575928,0.6714894771575928,0.0,0.0044999998062849045
38,62,0.6894226670265198,0.11236923933029175,0.6894226670265198,0.6894226670265198,0.0,0.0007999999797903001
38,63,0.7055987119674683,0.09287585318088531,0.7055987119674683,0.7055987119674683,0.0,0.002300000051036477
39,0,0.6497523784637451,0.07803802192211151,0.6497523784637451,0.6497523784637451,0.0,0.0035000001080334187
39,1,0.5749197602272034,0.10203570127487183,0.5749197602272034,0.5749197602272034,0.0,0.0010999999940395355
39,2,0.6191187500953674,0.062198616564273834,0.6191187500953674,0.6191187500953674,0.0,0.00930000003427267
39,3,0.6455373167991638,0.06925429403781891,0.6455373167991638,0.6455373167991638,0.0,0.00279999990016222
39,4,0.6722748279571533,0.07040025293827057,0.6722748279571533,0.6722748279571533,0.0,0.0032999999821186066
39,5,0.6880816221237183,0.037226393818855286,0.6880816221237183,0.6880816221237183,0.0,0.04019999876618385
39,6,0.6738385558128357,0.08845620602369308,0.6738385558128357,0.6738385558128357,0.0,0.003100000089034438
39,7,0.6731513738632202,0.07330789417028427,0.6731513738632202,0.6731513738632202,0.0,0.005799999926239252
39,8,0.35040247440338135,0.2434322088956833,0.35040247440338135,0.35040247440338135,0.0,0.0
39,9,0.4931661784648895,0.3452354371547699,0.4931661784648895,0.4931661784648895,0.0,0.0
39,10,0.356256365776062,0.48034095764160156,0.48034095764160156,0.48034095764160156,0.0,0.0
39,11,0.6107314825057983,0.10215196013450623,0.6107314825057983,0.6107314825057983,0.0,0.0003000000142492354
39,12,0.4036819338798523,0.2278873175382614,0.4036819338798523,0.4036819338798523,0.0,0.0
39,13,0.5043755173683167,0.2749517858028412,0.5043755173683167,0.5043755173683167,0.0,0.0
39,14,0.4655003547668457,0.5244841575622559,0.5244841575622559,0.5244841575622559,0.0,0.0
39,15,0.37869971990585327,0.5243842601776123,0.5243842601776123,0.5243842601776123,0.0,0.0
39,16,0.7041590213775635,0.02996603213250637,0.7041590213775635,0.7041590213775635,0.0,0.06260000169277191
39,17,0.6309917569160461,0.04576592147350311,0.6309917569160461,0.6309917569160461,0.0,0.028300000354647636
39,18,0.6259511709213257,0.06235369294881821,0.6259511709213257,0.6259511709213257,0.0,0.011099999770522118
39,19,0.7241620421409607,0.04565281420946121,0.7241620421409607,0.7241620421409607,0.0,0.027699999511241913
39,20,0.5827029943466187,0.013622159138321877,0.5827029943466187,0.5827029943466187,0.0,0.2700999975204468
39,21,0.6895783543586731,0.08870881050825119,0.6895783543586731,0.6895783543586731,0.0,0.0027000000700354576
39,22,0.7002610564231873,0.07233575731515884,0.7002610564231873,0.7002610564231873,0.0,0.006099999882280827
39,23,0.4761554002761841,0.018414393067359924,0.4761554002761841,0.4761554002761841,0.0,0.13199999928474426
39,24,0.6071260571479797,0.10114755481481552,0.6071260571479797,0.6071260571479797,0.0,0.0010000000474974513
39,25,0.6701729893684387,-0.0030520185828208923,0.6701729893684387,0.6701729893684387,0.0,0.84170001745224
39,26,0.6433424949645996,0.042527589946985245,0.6433424949645996,0.6433424949645996,0.0,0.030300000682473183
39,27,0.6178678870201111,0.028773590922355652,0.6178678870201111,0.6178678870201111,0.0,0.05959999933838844
39,28,0.7288453578948975,0.0340924933552742,0.7288453578948975,0.7288453578948975,0.0,0.04989999905228615
39,29,0.6240509748458862,0.06631676852703094,0.6240509748458862,0.6240509748458862,0.0,0.0052999998442828655
39,30,0.6906532049179077,0.02742261439561844,0.6906532049179077,0.6906532049179077,0.0,0.06419999897480011
39,31,0.6626149415969849,0.02815188467502594,0.6626149415969849,0.6626149415969849,0.0,0.06790000200271606
39,32,0.6009545922279358,0.255899041891098,0.6009545922279358,0.6009545922279358,0.0,0.0
39,33,0.6398087739944458,0.21008281409740448,0.6398087739944458,0.6398087739944458,0.0,0.0
39,34,0.613311767578125,0.12409399449825287,0.613311767578125,0.613311767578125,0.0,0.0003000000142492354
39,35,0.520841121673584,0.30636006593704224,0.520841121673584,0.520841121673584,0.0,0.0
39,36,0.49664777517318726,0.25758376717567444,0.49664777517318726,0.49664777517318726,0.0,0.0
39,37,0.5177470445632935,0.31274062395095825,0.5177470445632935,0.5177470445632935,0.0,0.0
39,38,0.6223886013031006,0.12898580729961395,0.6223886013031006,0.6223886013031006,0.0,0.0003000000142492354
39,39,0.567642867565155,0.20299246907234192,0.567642867565155,0.567642867565155,0.0,0.0
39,40,0.6749762296676636,0.06322590261697769,0.6749762296676636,0.6749762296676636,0.0,0.011599999852478504
39,41,0.6768543720245361,0.09485895186662674,0.6768543720245361,0.6768543720245361,0.0,0.00139999995008111
39,42,0.5502020716667175,0.13679885864257812,0.5502020716667175,0.5502020716667175,0.0,0.00039999998989515007
39,43,0.6011966466903687,0.06157165765762329,0.6011966466903687,0.6011966466903687,0.0,0.013000000268220901
39,44,0.6938029527664185,0.1797056496143341,0.6938029527664185,0.6938029527664185,0.0,0.0
39,45,0.5463891625404358,0.15767860412597656,0.5463891625404358,0.5463891625404358,0.0,9.999999747378752e-05
39,46,0.5709964036941528,0.02954729273915291,0.5709964036941528,0.5709964036941528,0.0,0.05660000070929527
39,47,0.550430178642273,0.31218791007995605,0.550430178642273,0.550430178642273,0.0,0.0
39,48,0.6009188294410706,0.07982167601585388,0.6009188294410706,0.6009188294410706,0.0,0.002899999963119626
39,49,0.6362820267677307,0.07726439833641052,0.6362820267677307,0.6362820267677307,0.0,0.0044999998062849045
39,50,0.6200529336929321,0.08159416168928146,0.6200529336929321,0.6200529336929321,0.0,0.0032999999821186066
39,51,0.5450210571289062,0.014521066099405289,0.5450210571289062,0.5450210571289062,0.0,0.2529999911785126
39,52,0.6582512259483337,0.04365584999322891,0.6582512259483337,0.6582512259483337,0.0,0.030400000512599945
39,53,0.6088799834251404,0.2082749307155609,0.6088799834251404,0.6088799834251404,0.0,0.0
39,54,0.6268452405929565,0.13146157562732697,0.6268452405929565,0.6268452405929565,0.0,0.0003000000142492354
39,55,0.6624614000320435,0.005607549101114273,0.6624614000320435,0.6624614000320435,0.0,0.7317000031471252
39,56,0.7008678317070007,0.08180615305900574,0.7008678317070007,0.7008678317070007,0.0,0.002099999925121665
39,57,0.6381163001060486,0.03299931064248085,0.6381163001060486,0.6381163001060486,0.0,0.05389999970793724
39,58,0.7115497589111328,0.04109127074480057,0.7115497589111328,0.7115497589111328,0.0,0.035100001841783524
39,59,0.4979851245880127,0.015488667413592339,0.4979851245880127,0.4979851245880127,0.0,0.2632000148296356
39,60,0.6973443031311035,0.04189025238156319,0.6973443031311035,0.6973443031311035,0.0,0.033900000154972076
39,61,0.6879128813743591,0.05889090523123741,0.6879128813743591,0.6879128813743591,0.0,0.014100000262260437
39,62,0.6059457063674927,0.0938459038734436,0.6059457063674927,0.6059457063674927,0.0,0.00039999998989515007
39,63,0.7026758193969727,0.01765703596174717,0.7026758193969727,0.7026758193969727,0.0,0.14830000698566437
40,0,0.7211629152297974,0.04602403566241264,0.7211629152297974,0.7211629152297974,0.0,0.027400000020861626
40,1,0.5401058197021484,0.017828093841671944,0.5401058197021484,0.5401058197021484,0.0,0.12290000170469284
40,2,0.6867269277572632,0.08450077474117279,0.6867269277572632,0.6867269277572632,0.0,0.0032999999821186066
40,3,0.6363120079040527,0.1279456913471222,0.6363120079040527,0.6363120079040527,0.0,0.00019999999494757503
40,4,0.6819522380828857,0.06410815566778183,0.6819522380828857,0.6819522380828857,0.0,0.011699999682605267
40,5,0.6684040427207947,0.061021074652671814,0.6684040427207947,0.6684040427207947,0.0,0.012400000356137753
40,6,0.6715360879898071,0.07013033330440521,0.6715360879898071,0.6715360879898071,0.0,0.0071000000461936
40,7,0.6705961227416992,0.08687523007392883,0.6705961227416992,0.6705961227416992,0.0,0.003000000026077032
40,8,0.6048703193664551,0.044580090790987015,0.6048703193664551,0.6048703193664551,0.0,0.027699999511241913
40,9,0.7198553681373596,0.05635722726583481,0.7198553681373596,0.7198553681373596,0.0,0.016699999570846558
40,10,0.5417442321777344,0.009947039186954498,0.5417442321777344,0.5417442321777344,0.0,0.5091999769210815
40,11,0.4981733560562134,0.02051372453570366,0.4981733560562134,0.4981733560562134,0.0,0.16169999539852142
40,12,0.5935145616531372,0.11350131034851074,0.5935145616531372,0.5935145616531372,0.0,0.000699999975040555
40,13,0.5996782779693604,0.011890579015016556,0.5996782779693604,0.5996782779693604,0.0,0.3880000114440918
40,14,0.5703871250152588,0.031402356922626495,0.5703871250152588,0.5703871250152588,0.0,0.05860000103712082
40,15,0.654545783996582,0.06091981381177902,0.654545783996582,0.654545783996582,0.0,0.011599999852478504
40,16,0.6941606402397156,0.029387660324573517,0.6941606402397156,0.6941606402397156,0.0,0.0632999986410141
40,17,0.7002927660942078,0.011952023021876812,0.7002927660942078,0.7002927660942078,0.0,0.4016000032424927
40,18,0.6825272440910339,0.0018214322626590729,0.6825272440910339,0.6825272440910339,0.0,0.913100004196167
40,19,0.6475437879562378,0.04212622344493866,0.6475437879562378,0.6475437879562378,0.0,0.028999999165534973
40,20,0.6468169689178467,0.010448719374835491,0.6468169689178467,0.6468169689178467,0.0,0.4611999988555908
40,21,0.7402628660202026,0.057136088609695435,0.7402628660202026,0.7402628660202026,0.0,0.01549999974668026
40,22,0.7088460922241211,0.022721610963344574,0.7088460922241211,0.7088460922241211,0.0,0.08389999717473984
40,23,0.6138561964035034,0.016054175794124603,0.6138561964035034,0.6138561964035034,0.0,0.20559999346733093
40,24,0.5329406261444092,0.09989996254444122,0.5329406261444092,0.5329406261444092,0.0,0.0003000000142492354
40,25,0.5067870616912842,0.08309043198823929,0.5067870616912842,0.5067870616912842,0.0,0.0013000000035390258
40,26,0.6394020318984985,0.0008201710879802704,0.6394020318984985,0.6394020318984985,0.0,0.9602000117301941
40,27,0.6215595006942749,0.014518649317324162,0.6215595006942749,0.6215595006942749,0.0,0.24230000376701355
40,28,0.4993382394313812,0.2648680508136749,0.4993382394313812,0.4993382394313812,0.0,0.0
40,29,0.556181013584137,0.05699003487825394,0.556181013584137,0.556181013584137,0.0,0.014700000174343586
40,30,0.507368266582489,0.0911189615726471,0.507368266582489,0.507368266582489,0.0,0.002099999925121665
40,31,0.6524297595024109,0.025637632235884666,0.6524297595024109,0.6524297595024109,0.0,0.07620000094175339
40,32,0.6311385631561279,0.0018488317728042603,0.6311385631561279,0.6311385631561279,0.0,0.9103000164031982
40,33,0.7047168016433716,0.016197800636291504,0.7047168016433716,0.7047168016433716,0.0,0.1850000023841858
40,34,0.5423562526702881,0.005152728408575058,0.5423562526702881,0.5423562526702881,0.0,0.7415000200271606
40,35,0.6490709185600281,0.06895141303539276,0.6490709185600281,0.6490709185600281,0.0,0.007699999958276749
40,36,0.7165863513946533,0.045944251120090485,0.7165863513946533,0.7165863513946533,0.0,0.026900000870227814
40,37,0.7077836990356445,0.07851854711771011,0.7077836990356445,0.7077836990356445,0.0,0.004699999932199717
40,38,0.737439751625061,0.027414992451667786,0.737439751625061,0.737439751625061,0.0,0.07349999994039536
40,39,0.4318135976791382,0.011000320315361023,0.4318135976791382,0.4318135976791382,0.0,0.4399999976158142
40,40,0.4941563606262207,0.10588566958904266,0.4941563606262207,0.4941563606262207,0.0,9.999999747378752e-05
40,41,0.5592677593231201,0.052560336887836456,0.5592677593231201,0.5592677593231201,0.0,0.016499999910593033
40,42,0.5897415280342102,0.04785621166229248,0.5897415280342102,0.5897415280342102,0.0,0.019500000402331352
40,43,0.5832187533378601,0.07076381146907806,0.5832187533378601,0.5832187533378601,0.0,0.006200000178068876
40,44,0.5677911043167114,0.04549183323979378,0.5677911043167114,0.5677911043167114,0.0,0.024000000208616257
40,45,0.569952130317688,0.17999395728111267,0.569952130317688,0.569952130317688,0.0,0.0
40,46,0.5780600309371948,0.017897119745612144,0.5780600309371948,0.5780600309371948,0.0,0.12370000034570694
40,47,0.6553409099578857,0.030672062188386917,0.6553409099578857,0.6553409099578857,0.0,0.0568000003695488
40,48,0.699981689453125,-0.0034505799412727356,0.699981689453125,0.699981689453125,0.0,0.8256999850273132
40,49,0.737574577331543,0.06522215157747269,0.737574577331543,0.737574577331543,0.0,0.010700000450015068
40,50,0.728303074836731,0.0756327286362648,0.728303074836731,0.728303074836731,0.0,0.006000000052154064
40,51,0.6762114763259888,0.10192989557981491,0.6762114763259888,0.6762114763259888,0.0,0.0008999999845400453
40,52,0.6980150938034058,0.06716537475585938,0.6980150938034058,0.6980150938034058,0.0,0.009399999864399433
40,53,0.7146419286727905,0.05919170379638672,0.7146419286727905,0.7146419286727905,0.0,0.013700000010430813
40,54,0.7183763980865479,0.07920584827661514,0.7183763980865479,0.7183763980865479,0.0,0.004399999976158142
40,55,0.7340168356895447,0.06273740530014038,0.7340168356895447,0.7340168356895447,0.0,0.012199999764561653
40,56,0.5642499923706055,0.0447896271944046,0.5642499923706055,0.5642499923706055,0.0,0.023099999874830246
40,57,0.5409934520721436,0.02031250298023224,0.5409934520721436,0.5409934520721436,0.0,0.10029999911785126
40,58,0.4460018277168274,0.038460105657577515,0.4460018277168274,0.4460018277168274,0.0,0.029100000858306885
40,59,0.5442361831665039,0.01970706880092621,0.5442361831665039,0.5442361831665039,0.0,0.10050000250339508
40,60,0.5606520771980286,0.047546401619911194,0.5606520771980286,0.5606520771980286,0.0,0.017799999564886093
40,61,0.5492733716964722,0.0513581819832325,0.5492733716964722,0.5492733716964722,0.0,0.01590000092983246
40,62,0.6534491777420044,0.04008515924215317,0.6534491777420044,0.6534491777420044,0.0,0.03359999880194664
40,63,0.44279855489730835,-0.0007778480648994446,0.44279855489730835,0.44279855489730835,0.0,0.9520999789237976
41,0,0.5179051756858826,0.04842865467071533,0.5179051756858826,0.5179051756858826,0.0,0.02070000022649765
41,1,0.5476779937744141,-0.006535246968269348,0.5476779937744141,0.5476779937744141,0.0,0.661300003528595
41,2,0.6292406320571899,0.017456157132983208,0.6292406320571899,0.6292406320571899,0.0,0.13850000500679016
41,3,0.5904392004013062,0.07598414272069931,0.5904392004013062,0.5904392004013062,0.0,0.003000000026077032
41,4,0.6954292058944702,0.033150918781757355,0.6954292058944702,0.6954292058944702,0.0,0.04430000111460686
41,5,0.6698510646820068,0.005137111991643906,0.6698510646820068,0.6698510646820068,0.0,0.7522000074386597
41,6,0.394201397895813,0.17921510338783264,0.394201397895813,0.394201397895813,0.0,0.0
41,7,0.38277876377105713,0.06461433321237564,0.38277876377105713,0.38277876377105713,0.0,0.0020000000949949026
41,8,0.5828044414520264,0.08576399087905884,0.5828044414520264,0.5828044414520264,0.0,0.0024999999441206455
41,9,0.581027626991272,0.021731482818722725,0.581027626991272,0.581027626991272,0.0,0.09200000017881393
41,10,0.5578173398971558,0.02224009297788143,0.5578173398971558,0.5578173398971558,0.0,0.09269999712705612
41,11,0.4710575342178345,0.1139124259352684,0.4710575342178345,0.4710575342178345,0.0,0.0003000000142492354
41,12,0.48143303394317627,0.004472747445106506,0.48143303394317627,0.48143303394317627,0.0,0.7455999851226807
41,13,0.6379418969154358,0.03833555802702904,0.6379418969154358,0.6379418969154358,0.0,0.03610000014305115
41,14,0.5358094573020935,0.02925896644592285,0.5358094573020935,0.5358094573020935,0.0,0.05990000069141388
41,15,0.5539646148681641,0.05205798149108887,0.5539646148681641,0.5539646148681641,0.0,0.019099999219179153
41,16,0.6747747659683228,0.11875289678573608,0.6747747659683228,0.6747747659683228,0.0,0.0003000000142492354
41,17,0.6510961651802063,0.19482553005218506,0.6510961651802063,0.6510961651802063,0.0,0.0
41,18,0.6211608648300171,0.19777104258537292,0.6211608648300171,0.6211608648300171,0.0,0.0
41,19,0.6546245217323303,0.1370188295841217,0.6546245217323303,0.6546245217323303,0.0,0.0003000000142492354
41,20,0.641421914100647,0.2107308804988861,0.641421914100647,0.641421914100647,0.0,0.0
41,21,0.6288744807243347,0.25079837441444397,0.6288744807243347,0.6288744807243347,0.0,0.0
41,22,0.6767723560333252,0.08822758495807648,0.6767723560333252,0.6767723560333252,0.0,0.0008999999845400453
41,23,0.6059919595718384,0.3141055107116699,0.6059919595718384,0.6059919595718384,0.0,0.0
41,24,0.723933219909668,0.04570169746875763,0.723933219909668,0.723933219909668,0.0,0.027000000700354576
41,25,0.7402628064155579,0.03456537425518036,0.7402628064155579,0.7402628064155579,0.0,0.04470000043511391
41,26,0.740158200263977,0.028522081673145294,0.740158200263977,0.740158200263977,0.0,0.0658000037074089
41,27,0.7402523756027222,0.05579691752791405,0.7402523756027222,0.7402523756027222,0.0,0.016599999740719795
41,28,0.7314958572387695,0.07110343873500824,0.7314958572387695,0.7314958572387695,0.0,0.006300000008195639
41,29,0.7402628660202026,0.02881176769733429,0.7402628660202026,0.7402628660202026,0.0,0.060100000351667404
41,30,0.7360258102416992,0.022441990673542023,0.7360258102416992,0.7360258102416992,0.0,0.08869999647140503
41,31,0.7344146966934204,0.057624977082014084,0.7344146966934204,0.7344146966934204,0.0,0.010300000198185444
41,32,0.604981541633606,0.12155129760503769,0.604981541633606,0.604981541633606,0.0,0.0005000000237487257
41,33,0.6921976804733276,0.021315503865480423,0.6921976804733276,0.6921976804733276,0.0,0.0966000035405159
41,34,0.5073065757751465,0.16443520784378052,0.5073065757751465,0.5073065757751465,0.0,0.0
41,35,0.6393415927886963,0.11822623759508133,0.6393415927886963,0.6393415927886963,0.0,0.000699999975040555
41,36,0.40257877111434937,0.06769896298646927,0.40257877111434937,0.40257877111434937,0.0,0.002400000113993883
41,37,0.5757719278335571,0.07965406775474548,0.5757719278335571,0.5757719278335571,0.0,0.0034000000450760126
41,38,0.44946372509002686,0.30380523204803467,0.44946372509002686,0.44946372509002686,0.0,0.0
41,39,0.5511995553970337,0.2049013376235962,0.5511995553970337,0.5511995553970337,0.0,0.0
41,40,0.5422113537788391,0.1675114929676056,0.5422113537788391,0.5422113537788391,0.0,0.0
41,41,0.5519276857376099,0.08369104564189911,0.5519276857376099,0.5519276857376099,0.0,0.002300000051036477
41,42,0.4663822650909424,0.035350508987903595,0.4663822650909424,0.4663822650909424,0.0,0.03889999911189079
41,43,0.5686298608779907,0.040625330060720444,0.5686298608779907,0.5686298608779907,0.0,0.0357000008225441
41,44,0.5545672178268433,0.03704148530960083,0.5545672178268433,0.5545672178268433,0.0,0.0414000004529953
41,45,0.5102120637893677,0.03856278955936432,0.5102120637893677,0.5102120637893677,0.0,0.03290000185370445
41,46,0.6189669370651245,0.07045121490955353,0.6189669370651245,0.6189669370651245,0.0,0.007000000216066837
41,47,0.5554385185241699,0.07918119430541992,0.5554385185241699,0.5554385185241699,0.0,0.004600000102072954
41,48,0.49160492420196533,0.3513661026954651,0.49160492420196533,0.49160492420196533,0.0,0.0
41,49,0.4908526837825775,0.021057363599538803,0.4908526837825775,0.4908526837825775,0.0,0.08640000224113464
41,50,0.4971766769886017,0.23979173600673676,0.4971766769886017,0.4971766769886017,0.0,0.0
41,51,0.5855804681777954,0.07392960786819458,0.5855804681777954,0.5855804681777954,0.0,0.005100000184029341
41,52,0.5871909260749817,0.0788339227437973,0.5871909260749817,0.5871909260749817,0.0,0.00430000014603138
41,53,0.5419697761535645,0.1814900040626526,0.5419697761535645,0.5419697761535645,0.0,0.0
41,54,0.39760681986808777,0.05916224420070648,0.39760681986808777,0.39760681986808777,0.0,0.005100000184029341
41,55,0.497520387172699,0.049742162227630615,0.497520387172699,0.497520387172699,0.0,0.016699999570846558
41,56,0.3246888816356659,0.5726147890090942,0.5726147890090942,0.5726147890090942,0.0,0.0
41,57,0.5274909734725952,0.2796940803527832,0.5274909734725952,0.5274909734725952,0.0,0.0
41,58,0.2937374711036682,0.5688304901123047,0.5688304901123047,0.5688304901123047,0.0,0.0
41,59,0.2565619945526123,0.7269229292869568,0.7269229292869568,0.7269229292869568,0.0,0.0
41,60,0.30981627106666565,0.6117813587188721,0.6117813587188721,0.6117813587188721,0.0,0.0
41,61,0.4487718343734741,0.4026872515678406,0.4487718343734741,0.4487718343734741,0.0,0.0
41,62,0.38593265414237976,0.5703263282775879,0.5703263282775879,0.5703263282775879,0.0,0.0
41,63,0.28905966877937317,0.6295084953308105,0.6295084953308105,0.6295084953308105,0.0,0.0
42,0,0.4775737524032593,-0.0006550177931785583,0.4775737524032593,0.4775737524032593,0.0,0.9603999853134155
42,1,0.3696274161338806,0.17066380381584167,0.3696274161338806,0.3696274161338806,0.0,0.0
42,2,0.5190826058387756,0.05925693362951279,0.5190826058387756,0.5190826058387756,0.0,0.011699999682605267
42,3,0.5326794981956482,0.03963381424546242,0.5326794981956482,0.5326794981956482,0.0,0.03020000085234642
42,4,0.6180188655853271,0.004065077751874924,0.6180188655853271,0.6180188655853271,0.0,0.8140000104904175
42,5,0.6392145752906799,0.020999055355787277,0.6392145752906799,0.6392145752906799,0.0,0.0982000008225441
42,6,0.5266397595405579,0.04722444340586662,0.5266397595405579,0.5266397595405579,0.0,0.01940000057220459
42,7,0.6392717957496643,0.048700667917728424,0.6392717957496643,0.6392717957496643,0.0,0.019600000232458115
42,8,0.5055743455886841,0.020061306655406952,0.5055743455886841,0.5055743455886841,0.0,0.13650000095367432
42,9,0.3738977313041687,0.0797581672668457,0.3738977313041687,0.3738977313041687,0.0,0.002300000051036477
42,10,0.6291714906692505,0.11015196144580841,0.6291714906692505,0.6291714906692505,0.0,0.0007999999797903001
42,11,0.5529163479804993,0.026171231642365456,0.5529163479804993,0.5529163479804993,0.0,0.0722000002861023
42,12,0.2663591504096985,0.00522487610578537,0.2663591504096985,0.2663591504096985,0.0,0.7387999892234802
42,13,0.6877367496490479,0.08774810284376144,0.6877367496490479,0.6877367496490479,0.0,0.0027000000700354576
42,14,0.43604207038879395,0.6166468858718872,0.6166468858718872,0.6166468858718872,0.0,0.0
42,15,0.5468882918357849,0.06454842537641525,0.5468882918357849,0.5468882918357849,0.0,0.007899999618530273
42,16,0.642715334892273,0.20477432012557983,0.642715334892273,0.642715334892273,0.0,0.0
42,17,0.6746839284896851,0.07206448912620544,0.6746839284896851,0.6746839284896851,0.0,0.005499999970197678
42,18,0.6351877450942993,0.219460129737854,0.6351877450942993,0.6351877450942993,0.0,0.0
42,19,0.7009354829788208,0.08581012487411499,0.7009354829788208,0.7009354829788208,0.0,0.003100000089034438
42,20,0.6496848464012146,0.13192054629325867,0.6496848464012146,0.6496848464012146,0.0,0.00039999998989515007
42,21,0.5015528202056885,0.05719437077641487,0.5015528202056885,0.5015528202056885,0.0,0.010499999858438969
42,22,0.6350059509277344,0.30741405487060547,0.6350059509277344,0.6350059509277344,0.0,0.0
42,23,0.6392332911491394,0.20895978808403015,0.6392332911491394,0.6392332911491394,0.0,0.0
42,24,0.22762516140937805,0.37969398498535156,0.37969398498535156,0.37969398498535156,0.0,0.0
42,25,0.20447486639022827,0.8224265575408936,0.8224265575408936,0.8224265575408936,0.0,0.0
42,26,0.39188557863235474,0.396426796913147,0.396426796913147,0.396426796913147,0.0,0.0
42,27,0.47099387645721436,0.28089994192123413,0.47099387645721436,0.47099387645721436,0.0,0.0
42,28,0.37337011098861694,0.33862072229385376,0.37337011098861694,0.37337011098861694,0.0,0.0
42,29,0.22899246215820312,0.4694640040397644,0.4694640040397644,0.4694640040397644,0.0,0.0
42,30,0.4577251076698303,0.2976265847682953,0.4577251076698303,0.4577251076698303,0.0,0.0
42,31,0.3098064661026001,0.6182718276977539,0.6182718276977539,0.6182718276977539,0.0,0.0
42,32,0.5514248609542847,0.06248971074819565,0.5514248609542847,0.5514248609542847,0.0,0.010099999606609344
42,33,0.5222728252410889,0.09120327234268188,0.5222728252410889,0.5222728252410889,0.0,0.0008999999845400453
42,34,0.31468886137008667,-0.0017145723104476929,0.31468886137008667,0.31468886137008667,0.0,0.8888999819755554
42,35,0.5435891151428223,0.04684833064675331,0.5435891151428223,0.5435891151428223,0.0,0.022099999710917473
42,36,0.35671213269233704,-0.001777738332748413,0.35671213269233704,0.35671213269233704,0.0,0.8633999824523926
42,37,0.5545783042907715,0.13109591603279114,0.5545783042907715,0.5545783042907715,0.0,0.0003000000142492354
42,38,0.4990638196468353,0.03715217113494873,0.4990638196468353,0.4990638196468353,0.0,0.029999999329447746
42,39,0.44800466299057007,0.09161195158958435,0.44800466299057007,0.44800466299057007,0.0,9.999999747378752e-05
42,40,0.5684691667556763,0.059680864214897156,0.5684691667556763,0.5684691667556763,0.0,0.005799999926239252
42,41,0.24142798781394958,0.27261480689048767,0.27261480689048767,0.27261480689048767,0.0,0.0
42,42,0.6284230947494507,-0.0030881017446517944,0.6284230947494507,0.6284230947494507,0.0,0.8543000221252441
42,43,0.527988076210022,0.10337629914283752,0.527988076210022,0.527988076210022,0.0,0.0005000000237487257
42,44,0.6061621904373169,0.0231761634349823,0.6061621904373169,0.6061621904373169,0.0,0.08020000159740448
42,45,0.5690251588821411,0.08724991977214813,0.5690251588821411,0.5690251588821411,0.0,0.002400000113993883
42,46,0.609604001045227,0.011393781751394272,0.609604001045227,0.609604001045227,0.0,0.3944999873638153
42,47,0.5413480997085571,0.049211665987968445,0.5413480997085571,0.5413480997085571,0.0,0.007400000002235174
42,48,0.5000804662704468,0.03524469584226608,0.5000804662704468,0.5000804662704468,0.0,0.04010000079870224
42,49,0.5852508544921875,0.15233473479747772,0.5852508544921875,0.5852508544921875,0.0,9.999999747378752e-05
42,50,0.5364848375320435,0.2047392725944519,0.5364848375320435,0.5364848375320435,0.0,0.0
42,51,0.5817630290985107,0.00834488496184349,0.5817630290985107,0.5817630290985107,0.0,0.5611000061035156
42,52,0.6157417297363281,0.02308209426701069,0.6157417297363281,0.6157417297363281,0.0,0.08990000188350677
42,53,0.6233005523681641,0.08683983236551285,0.6233005523681641,0.6233005523681641,0.0,0.003100000089034438
42,54,0.5260727405548096,0.17305175960063934,0.5260727405548096,0.5260727405548096,0.0,0.0
42,55,0.574509859085083,0.16385860741138458,0.574509859085083,0.574509859085083,0.0,9.999999747378752e-05
42,56,0.40812963247299194,0.016290821135044098,0.40812963247299194,0.40812963247299194,0.0,0.11949999630451202
42,57,0.5813727378845215,0.05725926160812378,0.5813727378845215,0.5813727378845215,0.0,0.015200000256299973
42,58,0.5067797303199768,0.013767201453447342,0.5067797303199768,0.5067797303199768,0.0,0.24529999494552612
42,59,0.5381779670715332,0.0917278304696083,0.5381779670715332,0.5381779670715332,0.0,0.00139999995008111
42,60,0.4318339228630066,0.06536927074193954,0.4318339228630066,0.4318339228630066,0.0,0.003800000064074993
42,61,0.5400534272193909,0.08801457285881042,0.5400534272193909,0.5400534272193909,0.0,0.0007999999797903001
42,62,0.5446845293045044,0.058361832052469254,0.5446845293045044,0.5446845293045044,0.0,0.012400000356137753
42,63,0.49530088901519775,0.10005783289670944,0.49530088901519775,0.49530088901519775,0.0,0.00039999998989515007
43,0,0.6232039928436279,0.07064303755760193,0.6232039928436279,0.6232039928436279,0.0,0.006099999882280827
43,1,0.683354377746582,0.04907604306936264,0.683354377746582,0.683354377746582,0.0,0.02239999920129776
43,2,0.5815961956977844,0.06331400573253632,0.5815961956977844,0.5815961956977844,0.0,0.006399999838322401
43,3,0.6210960149765015,0.042866192758083344,0.6210960149765015,0.6210960149765015,0.0,0.031099999323487282
43,4,0.7157652378082275,0.06304512172937393,0.7157652378082275,0.7157652378082275,0.0,0.01140000019222498
43,5,0.7272956967353821,0.02812829613685608,0.7272956967353821,0.7272956967353821,0.0,0.07079999893903732
43,6,0.6202827095985413,0.05358728766441345,0.6202827095985413,0.6202827095985413,0.0,0.017400000244379044
43,7,0.6456375122070312,0.06492450833320618,0.6456375122070312,0.6456375122070312,0.0,0.0071000000461936
43,8,0.32369130849838257,0.6293162703514099,0.6293162703514099,0.6293162703514099,0.0,0.0
43,9,0.4767626225948334,0.3344370722770691,0.4767626225948334,0.4767626225948334,0.0,0.0
43,10,0.3885743021965027,0.22259266674518585,0.3885743021965027,0.3885743021965027,0.0,0.0
43,11,0.5377997159957886,0.15496690571308136,0.5377997159957886,0.5377997159957886,0.0,9.999999747378752e-05
43,12,0.36474311351776123,0.39893028140068054,0.39893028140068054,0.39893028140068054,0.0,0.0
43,13,0.3337060213088989,0.5299047827720642,0.5299047827720642,0.5299047827720642,0.0,0.0
43,14,0.3391183614730835,0.5776897668838501,0.5776897668838501,0.5776897668838501,0.0,0.0
43,15,0.37213796377182007,0.4163382649421692,0.4163382649421692,0.4163382649421692,0.0,0.0
43,16,0.2339230477809906,0.7304444313049316,0.7304444313049316,0.7304444313049316,0.0,0.0
43,17,0.1619812399148941,0.821832537651062,0.821832537651062,0.821832537651062,0.0,0.0
43,18,0.17924222350120544,0.5756640434265137,0.5756640434265137,0.5756640434265137,0.0,0.0
43,19,0.3032098412513733,0.38047733902931213,0.38047733902931213,0.38047733902931213,0.0,0.0
43,20,0.23774738609790802,0.2795182466506958,0.2795182466506958,0.2795182466506958,0.0,0.0
43,21,0.07765901833772659,0.029731884598731995,0.07765901833772659,0.07765901833772659,0.0,0.014299999922513962
43,22,0.13929115235805511,0.8612169027328491,0.8612169027328491,0.8612169027328491,0.0,0.0
43,23,0.17697802186012268,0.7931283116340637,0.7931283116340637,0.7931283116340637,0.0,0.0
43,24,0.5416163206100464,0.003911010921001434,0.5416163206100464,0.5416163206100464,0.0,0.8183000087738037
43,25,0.4416349530220032,0.05023590102791786,0.4416349530220032,0.4416349530220032,0.0,0.009800000116229057
43,26,0.6155915260314941,0.024205151945352554,0.6155915260314941,0.6155915260314941,0.0,0.0794999971985817
43,27,0.5790073275566101,0.015982717275619507,0.5790073275566101,0.5790073275566101,0.0,0.1680999994277954
43,28,0.6294962167739868,0.010893836617469788,0.6294962167739868,0.6294962167739868,0.0,0.4235000014305115
43,29,0.5821274518966675,0.03869984298944473,0.5821274518966675,0.5821274518966675,0.0,0.02459999918937683
43,30,0.6964306831359863,0.013449706137180328,0.6964306831359863,0.6964306831359863,0.0,0.3111000061035156
43,31,0.5904562473297119,0.04315279424190521,0.5904562473297119,0.5904562473297119,0.0,0.031599998474121094
43,32,0.6226305365562439,0.14387983083724976,0.6226305365562439,0.6226305365562439,0.0,9.999999747378752e-05
43,33,0.6084640622138977,0.05005129799246788,0.6084640622138977,0.6084640622138977,0.0,0.016899999231100082
43,34,0.5506232976913452,0.006550170481204987,0.5506232976913452,0.5506232976913452,0.0,0.6764000058174133
43,35,0.5291125774383545,0.08447931706905365,0.5291125774383545,0.5291125774383545,0.0,0.0026000000070780516
43,36,0.6262696981430054,0.08370072394609451,0.6262696981430054,0.6262696981430054,0.0,0.003800000064074993
43,37,0.4965297281742096,0.03291533142328262,0.4965297281742096,0.4965297281742096,0.0,0.037700001150369644
43,38,0.5016238689422607,0.1803835779428482,0.5016238689422607,0.5016238689422607,0.0,0.0
43,39,0.6318005323410034,0.05923265218734741,0.6318005323410034,0.6318005323410034,0.0,0.009399999864399433
43,40,0.48919856548309326,0.00999942421913147,0.48919856548309326,0.48919856548309326,0.0,0.40139999985694885
43,41,0.5265834331512451,0.034992821514606476,0.5265834331512451,0.5265834331512451,0.0,0.04019999876618385
43,42,0.6179195642471313,0.0009263418614864349,0.6179195642471313,0.6179195642471313,0.0,0.9559000134468079
43,43,0.3826481103897095,0.11429372429847717,0.3826481103897095,0.3826481103897095,0.0,9.999999747378752e-05
43,44,0.4729745090007782,0.10643661022186279,0.4729745090007782,0.4729745090007782,0.0,0.00019999999494757503
43,45,0.6113053560256958,0.0524781197309494,0.6113053560256958,0.6113053560256958,0.0,0.017400000244379044
43,46,0.452949196100235,0.01643238216638565,0.452949196100235,0.452949196100235,0.0,0.11969999969005585
43,47,0.424678236246109,0.07623465359210968,0.424678236246109,0.424678236246109,0.0,0.0017999999690800905
43,48,0.5472272038459778,0.03719761222600937,0.5472272038459778,0.5472272038459778,0.0,0.03269999846816063
43,49,0.5430172681808472,0.09394266456365585,0.5430172681808472,0.5430172681808472,0.0,0.00019999999494757503
43,50,0.5422377586364746,0.017688624560832977,0.5422377586364746,0.5422377586364746,0.0,0.09939999878406525
43,51,0.5896599292755127,0.05015883594751358,0.5896599292755127,0.5896599292755127,0.0,0.019099999219179153
43,52,0.4473160207271576,0.029975436627864838,0.4473160207271576,0.4473160207271576,0.0,0.03620000183582306
43,53,0.4436045289039612,0.1732071191072464,0.4436045289039612,0.4436045289039612,0.0,0.0
43,54,0.6025752425193787,0.05902623385190964,0.6025752425193787,0.6025752425193787,0.0,0.007400000002235174
43,55,0.5241994857788086,-0.0038055554032325745,0.5241994857788086,0.5241994857788086,0.0,0.7937999963760376
43,56,0.6293919086456299,0.057446591556072235,0.6293919086456299,0.6293919086456299,0.0,0.013000000268220901
43,57,0.6303006410598755,0.07346850633621216,0.6303006410598755,0.6303006410598755,0.0,0.005100000184029341
43,58,0.626921534538269,0.08275570720434189,0.626921534538269,0.626921534538269,0.0,0.0032999999821186066
43,59,0.6083652973175049,0.05123991519212723,0.6083652973175049,0.6083652973175049,0.0,0.020400000736117363
43,60,0.49939364194869995,0.08571372181177139,0.49939364194869995,0.49939364194869995,0.0,0.0008999999845400453
43,61,0.6818706393241882,0.08936972916126251,0.6818706393241882,0.6818706393241882,0.0,0.0017000000225380063
43,62,0.7055337429046631,0.07503288984298706,0.7055337429046631,0.7055337429046631,0.0,0.005200000014156103
43,63,0.6665592789649963,0.033739667385816574,0.6665592789649963,0.6665592789649963,0.0,0.04569999873638153
44,0,0.5141714215278625,0.06736765056848526,0.5141714215278625,0.5141714215278625,0.0,0.003700000001117587
44,1,0.46547842025756836,0.10802905261516571,0.46547842025756836,0.46547842025756836,0.0,0.0005000000237487257
44,2,0.5547016859054565,0.07958363741636276,0.5547016859054565,0.5547016859054565,0.0,0.002899999963119626
44,3,0.6178451180458069,0.10053347796201706,0.6178451180458069,0.6178451180458069,0.0,0.0015999999595806003
44,4,0.4536358118057251,0.17359226942062378,0.4536358118057251,0.4536358118057251,0.0,0.0
44,5,0.3264746367931366,0.03314399719238281,0.3264746367931366,0.3264746367931366,0.0,0.033399999141693115
44,6,0.5310801267623901,0.05633571743965149,0.5310801267623901,0.5310801267623901,0.0,0.014299999922513962
44,7,0.501619815826416,0.11745154857635498,0.501619815826416,0.501619815826416,0.0,0.0005000000237487257
44,8,0.6282616853713989,0.009650405496358871,0.6282616853713989,0.6282616853713989,0.0,0.4984999895095825
44,9,0.5992355346679688,-0.0150994174182415,0.5992355346679688,0.5992355346679688,0.0,0.14720000326633453
44,10,0.5592316389083862,0.011822618544101715,0.5592316389083862,0.5592316389083862,0.0,0.3327000141143799
44,11,0.7067513465881348,0.0559922493994236,0.7067513465881348,0.7067513465881348,0.0,0.01549999974668026
44,12,0.6599025726318359,0.04925714433193207,0.6599025726318359,0.6599025726318359,0.0,0.02290000021457672
44,13,0.3716898560523987,0.09743674099445343,0.3716898560523987,0.3716898560523987,0.0,0.0005000000237487257
44,14,0.4323420524597168,0.0790979266166687,0.4323420524597168,0.4323420524597168,0.0,0.0015999999595806003
44,15,0.40999066829681396,0.0126854432746768,0.40999066829681396,0.40999066829681396,0.0,0.3190999925136566
44,16,0.3457769751548767,0.32622361183166504,0.3457769751548767,0.3457769751548767,0.0,0.0
44,17,0.363155722618103,0.6533000469207764,0.6533000469207764,0.6533000469207764,0.0,0.0
44,18,0.42207247018814087,0.24244967103004456,0.42207247018814087,0.42207247018814087,0.0,0.0
44,19,0.2938287854194641,0.09762094914913177,0.2938287854194641,0.2938287854194641,0.0,0.0
44,20,0.45011472702026367,0.28194403648376465,0.45011472702026367,0.45011472702026367,0.0,0.0
44,21,0.3866789937019348,0.1528981775045395,0.3866789937019348,0.3866789937019348,0.0,0.0
44,22,0.5032667517662048,0.07316907495260239,0.5032667517662048,0.5032667517662048,0.0,0.004900000058114529
44,23,0.30159297585487366,0.19982460141181946,0.30159297585487366,0.30159297585487366,0.0,0.0
44,24,0.619608998298645,0.03018772602081299,0.619608998298645,0.619608998298645,0.0,0.052000001072883606
44,25,0.6851766109466553,0.022962041199207306,0.6851766109466553,0.6851766109466553,0.0,0.08709999918937683
44,26,0.4318987727165222,0.05097031220793724,0.4318987727165222,0.4318987727165222,0.0,0.01679999940097332
44,27,0.5631204843521118,-0.001710750162601471,0.5631204843521118,0.5631204843521118,0.0,0.9236999750137329
44,28,0.48179543018341064,0.06492067873477936,0.48179543018341064,0.48179543018341064,0.0,0.00279999990016222
44,29,0.6641319990158081,0.06524300575256348,0.6641319990158081,0.6641319990158081,0.0,0.010499999858438969
44,30,0.6442703604698181,0.03581610694527626,0.6442703604698181,0.6442703604698181,0.0,0.044199999421834946
44,31,0.5965411067008972,0.0697413831949234,0.5965411067008972,0.5965411067008972,0.0,0.0026000000070780516
44,32,0.5807670950889587,0.07133971154689789,0.5807670950889587,0.5807670950889587,0.0,0.00570000009611249
44,33,0.6653783321380615,0.08104634284973145,0.6653783321380615,0.6653783321380615,0.0,0.0035000001080334187
44,34,0.635589599609375,0.08951196074485779,0.635589599609375,0.635589599609375,0.0,0.002300000051036477
44,35,0.6104283332824707,0.14025819301605225,0.6104283332824707,0.6104283332824707,0.0,0.00039999998989515007
44,36,0.6092488765716553,0.08925765007734299,0.6092488765716553,0.6092488765716553,0.0,0.002300000051036477
44,37,0.666932225227356,0.055825039744377136,0.666932225227356,0.666932225227356,0.0,0.015200000256299973
44,38,0.631915807723999,0.06215906888246536,0.631915807723999,0.631915807723999,0.0,0.011300000362098217
44,39,0.6581782102584839,0.054298851639032364,0.6581782102584839,0.6581782102584839,0.0,0.01590000092983246
44,40,0.561025083065033,0.05129615217447281,0.561025083065033,0.561025083065033,0.0,0.015699999406933784
44,41,0.6698137521743774,0.023205604404211044,0.6698137521743774,0.6698137521743774,0.0,0.09290000051259995
44,42,0.5511289238929749,0.0010678768157958984,0.5511289238929749,0.5511289238929749,0.0,0.9437000155448914
44,43,0.595062255859375,0.03290736675262451,0.595062255859375,0.595062255859375,0.0,0.05249999836087227
44,44,0.5475884079933167,0.03911927342414856,0.5475884079933167,0.5475884079933167,0.0,0.02889999933540821
44,45,0.5377660989761353,0.17814476788043976,0.5377660989761353,0.5377660989761353,0.0,0.0
44,46,0.6852595210075378,0.035805683583021164,0.6852595210075378,0.6852595210075378,0.0,0.04439999908208847
44,47,0.6908357739448547,0.024615202099084854,0.6908357739448547,0.6908357739448547,0.0,0.07909999787807465
44,48,0.622185230255127,0.070264533162117,0.622185230255127,0.622185230255127,0.0,0.006000000052154064
44,49,0.6137315034866333,0.10912642627954483,0.6137315034866333,0.6137315034866333,0.0,0.0006000000284984708
44,50,0.5774405002593994,0.01643373630940914,0.5774405002593994,0.5774405002593994,0.0,0.19030000269412994
44,51,0.6929364800453186,0.04903268814086914,0.6929364800453186,0.6929364800453186,0.0,0.020800000056624413
44,52,0.6556096076965332,0.10653547942638397,0.6556096076965332,0.6556096076965332,0.0,0.0010999999940395355
44,53,0.5867694616317749,0.046972908079624176,0.5867694616317749,0.5867694616317749,0.0,0.02419999986886978
44,54,0.6122583150863647,0.08691619336605072,0.6122583150863647,0.6122583150863647,0.0,0.0024999999441206455
44,55,0.5586825609207153,0.14262458682060242,0.5586825609207153,0.5586825609207153,0.0,0.00019999999494757503
44,56,0.5667200088500977,0.37438443303108215,0.5667200088500977,0.5667200088500977,0.0,0.0
44,57,0.5911227464675903,0.24791529774665833,0.5911227464675903,0.5911227464675903,0.0,0.0
44,58,0.6395255327224731,0.21848705410957336,0.6395255327224731,0.6395255327224731,0.0,0.0
44,59,0.26245933771133423,0.7735471725463867,0.7735471725463867,0.7735471725463867,0.0,0.0
44,60,0.46870049834251404,0.5725554823875427,0.5725554823875427,0.5725554823875427,0.0,0.0
44,61,0.5740731358528137,0.20944616198539734,0.5740731358528137,0.5740731358528137,0.0,0.0
44,62,0.5975359082221985,0.1276313215494156,0.5975359082221985,0.5975359082221985,0.0,0.00019999999494757503
44,63,0.36255115270614624,0.7519856691360474,0.7519856691360474,0.7519856691360474,0.0,0.0
45,0,0.7402564287185669,0.0760514885187149,0.7402564287185669,0.7402564287185669,0.0,0.004800000227987766
45,1,0.7352719306945801,0.044752173125743866,0.7352719306945801,0.7352719306945801,0.0,0.0284000001847744
45,2,0.726033091545105,0.06608846038579941,0.726033091545105,0.726033091545105,0.0,0.009399999864399433
45,3,0.6216617822647095,0.09089832007884979,0.6216617822647095,0.6216617822647095,0.0,0.002300000051036477
45,4,0.7362596988677979,0.056617412716150284,0.7362596988677979,0.7362596988677979,0.0,0.016100000590085983
45,5,0.7402629256248474,0.05728910118341446,0.7402629256248474,0.7402629256248474,0.0,0.015300000086426735
45,6,0.7402631044387817,0.05739247053861618,0.7402631044387817,0.7402631044387817,0.0,0.015799999237060547
45,7,0.5447319746017456,0.012316958978772163,0.5447319746017456,0.5447319746017456,0.0,0.3546000123023987
45,8,0.6613298654556274,0.06982498615980148,0.6613298654556274,0.6613298654556274,0.0,0.006099999882280827
45,9,0.4754435420036316,0.1203349381685257,0.4754435420036316,0.4754435420036316,0.0,0.0003000000142492354
45,10,0.571173369884491,0.015165355056524277,0.571173369884491,0.571173369884491,0.0,0.16050000488758087
45,11,0.5801810026168823,0.06753899902105331,0.5801810026168823,0.5801810026168823,0.0,0.008100000210106373
45,12,0.6035938262939453,0.1068681851029396,0.6035938262939453,0.6035938262939453,0.0,9.999999747378752e-05
45,13,0.3034703731536865,0.11193589121103287,0.3034703731536865,0.3034703731536865,0.0,0.0003000000142492354
45,14,0.23464834690093994,0.2561730742454529,0.2561730742454529,0.2561730742454529,0.0,0.0
45,15,0.599202573299408,0.032879266887903214,0.599202573299408,0.599202573299408,0.0,0.04399999976158142
45,16,0.4813292324542999,0.11698594689369202,0.4813292324542999,0.4813292324542999,0.0,0.0006000000284984708
45,17,0.4799351096153259,0.14221489429473877,0.4799351096153259,0.4799351096153259,0.0,0.0
45,18,0.5440234541893005,0.07136784493923187,0.5440234541893005,0.5440234541893005,0.0,0.007499999832361937
45,19,0.5200039744377136,0.10094007104635239,0.5200039744377136,0.5200039744377136,0.0,0.00039999998989515007
45,20,0.4935777187347412,0.10019000619649887,0.4935777187347412,0.4935777187347412,0.0,0.0007999999797903001
45,21,0.4220030903816223,0.16256973147392273,0.4220030903816223,0.4220030903816223,0.0,9.999999747378752e-05
45,22,0.5881490707397461,0.04568091034889221,0.5881490707397461,0.5881490707397461,0.0,0.025100000202655792
45,23,0.20774154365062714,0.1657663881778717,0.20774154365062714,0.20774154365062714,0.0,0.0
45,24,0.6727899312973022,0.07642511278390884,0.6727899312973022,0.6727899312973022,0.0,0.004800000227987766
45,25,0.6232689023017883,0.0453488864004612,0.6232689023017883,0.6232689023017883,0.0,0.02630000002682209
45,26,0.5658546686172485,0.05396406725049019,0.5658546686172485,0.5658546686172485,0.0,0.009399999864399433
45,27,0.6764159202575684,0.08843749761581421,0.6764159202575684,0.6764159202575684,0.0,0.0024999999441206455
45,28,0.6124846935272217,0.09829016774892807,0.6124846935272217,0.6124846935272217,0.0,0.0013000000035390258
45,29,0.7084137201309204,0.05695393681526184,0.7084137201309204,0.7084137201309204,0.0,0.017000000923871994
45,30,0.6511666774749756,0.0932210385799408,0.6511666774749756,0.6511666774749756,0.0,0.002099999925121665
45,31,0.5028434991836548,0.12281554192304611,0.5028434991836548,0.5028434991836548,0.0,0.0005000000237487257
45,32,0.39929503202438354,0.03672366589307785,0.39929503202438354,0.39929503202438354,0.0,0.025299999862909317
45,33,0.3765300512313843,0.17281930148601532,0.3765300512313843,0.3765300512313843,0.0,0.0
45,34,0.673681378364563,0.02994455024600029,0.673681378364563,0.673681378364563,0.0,0.05739999935030937
45,35,0.5772289037704468,0.03234221786260605,0.5772289037704468,0.5772289037704468,0.0,0.050599999725818634
45,36,0.641476035118103,0.1391962170600891,0.641476035118103,0.641476035118103,0.0,0.00019999999494757503
45,37,0.5877394676208496,0.10587838292121887,0.5877394676208496,0.5877394676208496,0.0,0.0006000000284984708
45,38,0.488561749458313,0.04530450701713562,0.488561749458313,0.488561749458313,0.0,0.015599999576807022
45,39,0.5871161222457886,0.0038024410605430603,0.5871161222457886,0.5871161222457886,0.0,0.8093000054359436
45,40,0.6115659475326538,0.08874280005693436,0.6115659475326538,0.6115659475326538,0.0,0.0019000000320374966
45,41,0.4683420956134796,0.2529566287994385,0.4683420956134796,0.4683420956134796,0.0,0.0
45,42,0.5966843366622925,0.09099338948726654,0.5966843366622925,0.5966843366622925,0.0,0.001500000013038516
45,43,0.6443918943405151,0.14537030458450317,0.6443918943405151,0.6443918943405151,0.0,0.0
45,44,0.5385817289352417,0.03659079968929291,0.5385817289352417,0.5385817289352417,0.0,0.040300000458955765
45,45,0.6680426597595215,0.09261117875576019,0.6680426597595215,0.6680426597595215,0.0,0.002199999988079071
45,46,0.5239222049713135,0.07952502369880676,0.5239222049713135,0.5239222049713135,0.0,0.0026000000070780516
45,47,0.6301703453063965,0.0932554081082344,0.6301703453063965,0.6301703453063965,0.0,0.0017000000225380063
45,48,0.6854669451713562,0.02000165544450283,0.6854669451713562,0.6854669451713562,0.0,0.12160000205039978
45,49,0.7022517919540405,0.09156099706888199,0.7022517919540405,0.7022517919540405,0.0,0.002099999925121665
45,50,0.6714197397232056,0.09151381999254227,0.6714197397232056,0.6714197397232056,0.0,0.0020000000949949026
45,51,0.7364853620529175,0.08229638636112213,0.7364853620529175,0.7364853620529175,0.0,0.004399999976158142
45,52,0.6695272326469421,0.11892983317375183,0.6695272326469421,0.6695272326469421,0.0,0.00039999998989515007
45,53,0.6916640996932983,0.09249456971883774,0.6916640996932983,0.6916640996932983,0.0,0.001500000013038516
45,54,0.6309332847595215,0.10547664016485214,0.6309332847595215,0.6309332847595215,0.0,0.0006000000284984708
45,55,0.6648348569869995,0.0701545849442482,0.6648348569869995,0.6648348569869995,0.0,0.007799999788403511
45,56,0.40256673097610474,0.09886472672224045,0.40256673097610474,0.40256673097610474,0.0,0.00039999998989515007
45,57,0.28072237968444824,0.1461717188358307,0.28072237968444824,0.28072237968444824,0.0,0.0
45,58,0.4710986316204071,0.028223365545272827,0.4710986316204071,0.4710986316204071,0.0,0.05270000174641609
45,59,0.5499982833862305,0.4516127109527588,0.5499982833862305,0.5499982833862305,0.0,0.0
45,60,0.3661562204360962,0.061031896620988846,0.3661562204360962,0.3661562204360962,0.0,0.0013000000035390258
45,61,0.514723002910614,0.030872546136379242,0.514723002910614,0.514723002910614,0.0,0.05290000140666962
45,62,0.5095651149749756,0.23693642020225525,0.5095651149749756,0.5095651149749756,0.0,0.0
45,63,0.5490445494651794,0.08619281649589539,0.5490445494651794,0.5490445494651794,0.0,0.0015999999595806003
46,0,0.6444123387336731,0.03351103514432907,0.6444123387336731,0.6444123387336731,0.0,0.04230000078678131
46,1,0.5209052562713623,0.020365923643112183,0.5209052562713623,0.5209052562713623,0.0,0.09459999948740005
46,2,0.36720651388168335,0.017219506204128265,0.36720651388168335,0.36720651388168335,0.0,0.09239999949932098
46,3,0.4624614119529724,0.08406607061624527,0.4624614119529724,0.4624614119529724,0.0,0.003100000089034438
46,4,0.5494033098220825,0.03781934082508087,0.5494033098220825,0.5494033098220825,0.0,0.03700000047683716
46,5,0.5385818481445312,0.006601884961128235,0.5385818481445312,0.5385818481445312,0.0,0.6779999732971191
46,6,0.5488911271095276,0.0222904235124588,0.5488911271095276,0.5488911271095276,0.0,0.07020000368356705
46,7,0.3862471580505371,0.03741271048784256,0.3862471580505371,0.3862471580505371,0.0,0.017999999225139618
46,8,0.5497393608093262,0.0175761915743351,0.5497393608093262,0.5497393608093262,0.0,0.11559999734163284
46,9,0.5387376546859741,0.11194492876529694,0.5387376546859741,0.5387376546859741,0.0,0.0007999999797903001
46,10,0.3715238869190216,0.05562238395214081,0.3715238869190216,0.3715238869190216,0.0,0.006099999882280827
46,11,0.5143762826919556,0.03339758887887001,0.5143762826919556,0.5143762826919556,0.0,0.03689999878406525
46,12,0.5554958581924438,0.06776001304388046,0.5554958581924438,0.5554958581924438,0.0,0.006399999838322401
46,13,0.4860454201698303,0.09835677593946457,0.4860454201698303,0.4860454201698303,0.0,0.0017999999690800905
46,14,0.5033795833587646,0.08813740313053131,0.5033795833587646,0.5033795833587646,0.0,0.002199999988079071
46,15,0.5009397268295288,0.013311289250850677,0.5009397268295288,0.5009397268295288,0.0,0.24529999494552612
46,16,0.23654726147651672,0.009352043271064758,0.23654726147651672,0.23654726147651672,0.0,0.3610000014305115
46,17,0.7401743531227112,0.027560003101825714,0.7401743531227112,0.7401743531227112,0.0,0.07729999721050262
46,18,0.3684268593788147,0.0658445954322815,0.3684268593788147,0.3684268593788147,0.0,0.0017000000225380063
46,19,0.3299178183078766,0.07967250794172287,0.3299178183078766,0.3299178183078766,0.0,0.0005000000237487257
46,20,0.5557377338409424,0.04148472100496292,0.5557377338409424,0.5557377338409424,0.0,0.0210999995470047
46,21,0.2540992796421051,0.311534583568573,0.311534583568573,0.311534583568573,0.0,0.0
46,22,0.5245549082756042,0.12539610266685486,0.5245549082756042,0.5245549082756042,0.0,9.999999747378752e-05
46,23,0.7172807455062866,0.038915976881980896,0.7172807455062866,0.7172807455062866,0.0,0.03539999946951866
46,24,0.5481873750686646,0.01984832063317299,0.5481873750686646,0.5481873750686646,0.0,0.10490000247955322
46,25,0.5741375684738159,0.019779952242970467,0.5741375684738159,0.5741375684738159,0.0,0.10509999841451645
46,26,0.5567008256912231,0.11686831712722778,0.5567008256912231,0.5567008256912231,0.0,0.00039999998989515007
46,27,0.6433704495429993,0.10217416286468506,0.6433704495429993,0.6433704495429993,0.0,0.0010999999940395355
46,28,0.5815016031265259,0.09942671656608582,0.5815016031265259,0.5815016031265259,0.0,0.0012000000569969416
46,29,0.582817018032074,0.05022057518362999,0.582817018032074,0.582817018032074,0.0,0.01640000008046627
46,30,0.5267355442047119,0.10076799243688583,0.5267355442047119,0.5267355442047119,0.0,0.0003000000142492354
46,31,0.613808274269104,0.04779724404215813,0.613808274269104,0.613808274269104,0.0,0.023800000548362732
46,32,0.38541483879089355,0.4466758072376251,0.4466758072376251,0.4466758072376251,0.0,0.0
46,33,0.5127193331718445,0.14979858696460724,0.5127193331718445,0.5127193331718445,0.0,9.999999747378752e-05
46,34,0.4911758601665497,0.06374560296535492,0.4911758601665497,0.4911758601665497,0.0,0.008999999612569809
46,35,0.31626594066619873,0.6598133444786072,0.6598133444786072,0.6598133444786072,0.0,0.0
46,36,0.44563981890678406,0.3192037343978882,0.44563981890678406,0.44563981890678406,0.0,0.0
46,37,0.3544885516166687,0.2769952714443207,0.3544885516166687,0.3544885516166687,0.0,0.0
46,38,0.42497140169143677,0.32521119713783264,0.42497140169143677,0.42497140169143677,0.0,0.0
46,39,0.5856420993804932,0.22558261454105377,0.5856420993804932,0.5856420993804932,0.0,0.0
46,40,0.5719627141952515,0.04473135620355606,0.5719627141952515,0.5719627141952515,0.0,0.018400000408291817
46,41,0.6346460580825806,0.03887782245874405,0.6346460580825806,0.6346460580825806,0.0,0.03139999881386757
46,42,0.5662665963172913,0.020036347210407257,0.5662665963172913,0.5662665963172913,0.0,0.09730000048875809
46,43,0.5054440498352051,0.02808009833097458,0.5054440498352051,0.5054440498352051,0.0,0.06279999762773514
46,44,0.5901698470115662,0.02355462871491909,0.5901698470115662,0.5901698470115662,0.0,0.08309999853372574
46,45,0.5248217582702637,0.07857684046030045,0.5248217582702637,0.5248217582702637,0.0,0.0031999999191612005
46,46,0.2738648056983948,0.09949962794780731,0.2738648056983948,0.2738648056983948,0.0,0.0
46,47,0.6440848708152771,0.007219031453132629,0.6440848708152771,0.6440848708152771,0.0,0.6358000040054321
46,48,0.24756887555122375,0.03896874934434891,0.24756887555122375,0.24756887555122375,0.0,0.014399999752640724
46,49,0.18634292483329773,0.02550858072936535,0.18634292483329773,0.18634292483329773,0.0,0.05299999937415123
46,50,0.203681081533432,-0.01631159335374832,0.203681081533432,0.203681081533432,0.0,0.11410000175237656
46,51,0.5001993775367737,0.19864463806152344,0.5001993775367737,0.5001993775367737,0.0,0.0
46,52,0.3000645935535431,2.775341272354126e-06,0.3000645935535431,0.3000645935535431,0.0,0.9998999834060669
46,53,0.2456970512866974,0.010430335998535156,0.2456970512866974,0.2456970512866974,0.0,0.2922999858856201
46,54,0.44576945900917053,0.11217634379863739,0.44576945900917053,0.44576945900917053,0.0,0.0003000000142492354
46,55,0.17360180616378784,0.01566736400127411,0.17360180616378784,0.17360180616378784,0.0,0.09470000118017197
46,56,0.5061306953430176,0.025523830205202103,0.5061306953430176,0.5061306953430176,0.0,0.06270000338554382
46,57,0.5502617359161377,0.05355188995599747,0.5502617359161377,0.5502617359161377,0.0,0.011800000444054604
46,58,0.40755289793014526,0.010247156023979187,0.40755289793014526,0.40755289793014526,0.0,0.2928999960422516
46,59,0.4945990741252899,0.03701230138540268,0.4945990741252899,0.4945990741252899,0.0,0.022600000724196434
46,60,0.4286108911037445,0.058940887451171875,0.4286108911037445,0.4286108911037445,0.0,0.005100000184029341
46,61,0.5522114038467407,0.08675380051136017,0.5522114038467407,0.5522114038467407,0.0,0.0017000000225380063
46,62,0.40158700942993164,0.02701571211218834,0.40158700942993164,0.40158700942993164,0.0,0.04820000007748604
46,63,0.5356261134147644,0.00048639997839927673,0.5356261134147644,0.5356261134147644,0.0,0.9760000109672546
47,0,0.25106558203697205,-6.104260683059692e-05,0.25106558203697205,0.25106558203697205,0.0,0.9954000115394592
47,1,0.30123504996299744,0.0003559514880180359,0.30123504996299744,0.30123504996299744,0.0,0.9742000102996826
47,2,0.21184177696704865,0.029053594917058945,0.21184177696704865,0.21184177696704865,0.0,0.021800000220537186
47,3,0.40582236647605896,0.00030290335416793823,0.40582236647605896,0.40582236647605896,0.0,0.984000027179718
47,4,0.5228959321975708,0.035143397748470306,0.5228959321975708,0.5228959321975708,0.0,0.03530000150203705
47,5,0.3590591549873352,0.09133891761302948,0.3590591549873352,0.3590591549873352,0.0,0.0006000000284984708
47,6,0.2654467225074768,0.04080330580472946,0.2654467225074768,0.2654467225074768,0.0,0.00989999994635582
47,7,0.3151986002922058,0.012400932610034943,0.3151986002922058,0.3151986002922058,0.0,0.24160000681877136
47,8,0.5771440267562866,0.012621268630027771,0.5771440267562866,0.5771440267562866,0.0,0.32839998602867126
47,9,0.6827399134635925,0.07234895974397659,0.6827399134635925,0.6827399134635925,0.0,0.005799999926239252
47,10,0.6226337552070618,0.012738173827528954,0.6226337552070618,0.6226337552070618,0.0,0.3596000075340271
47,11,0.4712431728839874,0.029598623514175415,0.4712431728839874,0.4712431728839874,0.0,0.05829999968409538
47,12,0.5043162703514099,0.0231004785746336,0.5043162703514099,0.5043162703514099,0.0,0.09510000050067902
47,13,0.6092538833618164,0.035942018032073975,0.6092538833618164,0.6092538833618164,0.0,0.04100000113248825
47,14,0.5324113368988037,0.03355996683239937,0.5324113368988037,0.5324113368988037,0.0,0.04610000178217888
47,15,0.5234235525131226,0.040593791753053665,0.5234235525131226,0.5234235525131226,0.0,0.02879999950528145
47,16,0.6183933019638062,0.15613262355327606,0.6183933019638062,0.6183933019638062,0.0,9.999999747378752e-05
47,17,0.6641802787780762,0.06598232686519623,0.6641802787780762,0.6641802787780762,0.0,0.008999999612569809
47,18,0.671902060508728,0.07187160104513168,0.671902060508728,0.671902060508728,0.0,0.006500000134110451
47,19,0.2210516780614853,0.046537816524505615,0.2210516780614853,0.2210516780614853,0.0,0.002400000113993883
47,20,0.5864400863647461,0.2845019996166229,0.5864400863647461,0.5864400863647461,0.0,0.0
47,21,0.2372388243675232,0.025964826345443726,0.2372388243675232,0.2372388243675232,0.0,0.01810000091791153
47,22,0.5622768402099609,0.23587484657764435,0.5622768402099609,0.5622768402099609,0.0,0.0
47,23,0.3036896288394928,0.039385393261909485,0.3036896288394928,0.3036896288394928,0.0,0.007799999788403511
47,24,0.4395473599433899,0.10616320371627808,0.4395473599433899,0.4395473599433899,0.0,0.0
47,25,0.3994622826576233,0.03182423114776611,0.3994622826576233,0.3994622826576233,0.0,0.03150000050663948
47,26,0.43210092186927795,0.008815690875053406,0.43210092186927795,0.43210092186927795,0.0,0.4878999888896942
47,27,0.39973142743110657,0.05696230009198189,0.39973142743110657,0.39973142743110657,0.0,0.0034000000450760126
47,28,0.47204989194869995,0.012484531849622726,0.47204989194869995,0.47204989194869995,0.0,0.19750000536441803
47,29,0.6106263995170593,0.06240120530128479,0.6106263995170593,0.6106263995170593,0.0,0.00559999980032444
47,30,0.4193004369735718,0.05606755614280701,0.4193004369735718,0.4193004369735718,0.0,0.002099999925121665
47,31,0.4891359508037567,-0.0035345852375030518,0.4891359508037567,0.4891359508037567,0.0,0.8166999816894531
47,32,0.4640478789806366,0.022159263491630554,0.4640478789806366,0.4640478789806366,0.0,0.05400000140070915
47,33,0.3656439781188965,0.21686720848083496,0.3656439781188965,0.3656439781188965,0.0,0.0
47,34,0.5708616375923157,0.04500509053468704,0.5708616375923157,0.5708616375923157,0.0,0.02810000069439411
47,35,0.5502001047134399,0.04771152138710022,0.5502001047134399,0.5502001047134399,0.0,0.011599999852478504
47,36,0.5116012096405029,0.05128224566578865,0.5116012096405029,0.5116012096405029,0.0,0.00989999994635582
47,37,0.41961944103240967,0.15197458863258362,0.41961944103240967,0.41961944103240967,0.0,0.0
47,38,0.520365834236145,0.12136498093605042,0.520365834236145,0.520365834236145,0.0,9.999999747378752e-05
47,39,0.5659431219100952,0.02535315416753292,0.5659431219100952,0.5659431219100952,0.0,0.06549999862909317
47,40,0.5490819215774536,0.15576696395874023,0.5490819215774536,0.5490819215774536,0.0,9.999999747378752e-05
47,41,0.599666953086853,0.17122305929660797,0.599666953086853,0.599666953086853,0.0,0.0
47,42,0.38270655274391174,0.09187981486320496,0.38270655274391174,0.38270655274391174,0.0,0.0006000000284984708
47,43,0.524718165397644,0.379494845867157,0.524718165397644,0.524718165397644,0.0,0.0
47,44,0.2528485059738159,0.013634596019983292,0.2528485059738159,0.2528485059738159,0.0,0.23810000717639923
47,45,0.3278573751449585,0.03797023743391037,0.3278573751449585,0.3278573751449585,0.0,0.019200000911951065
47,46,0.27622923254966736,0.042552221566438675,0.27622923254966736,0.27622923254966736,0.0,0.004900000058114529
47,47,0.47565215826034546,0.15917599201202393,0.47565215826034546,0.47565215826034546,0.0,0.0
47,48,0.5626116991043091,0.10914690792560577,0.5626116991043091,0.5626116991043091,0.0,0.0005000000237487257
47,49,0.6679785251617432,0.016107624396681786,0.6679785251617432,0.6679785251617432,0.0,0.181099995970726
47,50,0.33085811138153076,0.03149084746837616,0.33085811138153076,0.33085811138153076,0.0,0.02459999918937683
47,51,0.5141921043395996,0.048545219004154205,0.5141921043395996,0.5141921043395996,0.0,0.010099999606609344
47,52,0.4113349914550781,0.1034439355134964,0.4113349914550781,0.4113349914550781,0.0,0.00019999999494757503
47,53,0.6690397262573242,0.05315013974905014,0.6690397262573242,0.6690397262573242,0.0,0.018400000408291817
47,54,0.49469321966171265,0.01789437234401703,0.49469321966171265,0.49469321966171265,0.0,0.1080000028014183
47,55,0.5997136235237122,0.00028378888964653015,0.5997136235237122,0.5997136235237122,0.0,0.9865999817848206
47,56,0.5296304821968079,0.10154169052839279,0.5296304821968079,0.5296304821968079,0.0,0.0005000000237487257
47,57,0.6085127592086792,0.09640422463417053,0.6085127592086792,0.6085127592086792,0.0,0.0012000000569969416
47,58,0.580802321434021,0.11235988140106201,0.580802321434021,0.580802321434021,0.0,0.0006000000284984708
47,59,0.5977542400360107,0.07954788953065872,0.5977542400360107,0.5977542400360107,0.0,0.0010000000474974513
47,60,0.557174026966095,0.1029793918132782,0.557174026966095,0.557174026966095,0.0,0.0006000000284984708
47,61,0.39828455448150635,0.054686397314071655,0.39828455448150635,0.39828455448150635,0.0,0.0071000000461936
47,62,0.6474443078041077,0.015133775770664215,0.6474443078041077,0.6474443078041077,0.0,0.24950000643730164
47,63,0.5187712907791138,0.07350148260593414,0.5187712907791138,0.5187712907791138,0.0,0.002400000113993883
48,0,0.6590327620506287,0.039576560258865356,0.6590327620506287,0.6590327620506287,0.0,0.025699999183416367
48,1,0.6706258058547974,0.050887078046798706,0.6706258058547974,0.6706258058547974,0.0,0.017400000244379044
48,2,0.3328447937965393,0.023392923176288605,0.3328447937965393,0.3328447937965393,0.0,0.03629999980330467
48,3,0.5193942785263062,0.046952810138463974,0.5193942785263062,0.5193942785263062,0.0,0.011800000444054604
48,4,0.5785540342330933,0.05992302671074867,0.5785540342330933,0.5785540342330933,0.0,0.007600000128149986
48,5,0.47674596309661865,0.040942445397377014,0.47674596309661865,0.47674596309661865,0.0,0.01269999984651804
48,6,0.5686928033828735,0.03425627201795578,0.5686928033828735,0.5686928033828735,0.0,0.041200000792741776
48,7,0.4770604074001312,0.010009502060711384,0.4770604074001312,0.4770604074001312,0.0,0.40389999747276306
48,8,0.6508176326751709,0.07738646864891052,0.6508176326751709,0.6508176326751709,0.0,0.004100000020116568
48,9,0.5300894975662231,-0.005391404032707214,0.5300894975662231,0.5300894975662231,0.0,0.7261999845504761
48,10,0.4905017018318176,0.025301113724708557,0.4905017018318176,0.4905017018318176,0.0,0.05640000104904175
48,11,0.5607296228408813,0.050180353224277496,0.5607296228408813,0.5607296228408813,0.0,0.015599999576807022
48,12,0.4567766785621643,0.05538582801818848,0.4567766785621643,0.4567766785621643,0.0,0.00839999970048666
48,13,0.5492873191833496,0.08406296372413635,0.5492873191833496,0.5492873191833496,0.0,0.002300000051036477
48,14,0.5916615724563599,0.044756315648555756,0.5916615724563599,0.5916615724563599,0.0,0.019200000911951065
48,15,0.5320330858230591,0.0009818263351917267,0.5320330858230591,0.5320330858230591,0.0,0.9523000121116638
48,16,0.5230932235717773,0.10878575593233109,0.5230932235717773,0.5230932235717773,0.0,0.0006000000284984708
48,17,0.3524775803089142,0.014606408774852753,0.3524775803089142,0.3524775803089142,0.0,0.1793999969959259
48,18,0.4663636088371277,0.03387327119708061,0.4663636088371277,0.4663636088371277,0.0,0.031199999153614044
48,19,0.29097485542297363,0.2483101189136505,0.29097485542297363,0.29097485542297363,0.0,0.0
48,20,0.5463676452636719,0.12573674321174622,0.5463676452636719,0.5463676452636719,0.0,0.00039999998989515007
48,21,0.5136600732803345,0.022291073575615883,0.5136600732803345,0.5136600732803345,0.0,0.08340000361204147
48,22,0.6348999738693237,0.010772770270705223,0.6348999738693237,0.6348999738693237,0.0,0.4560000002384186
48,23,0.43387365341186523,0.13896307349205017,0.43387365341186523,0.43387365341186523,0.0,0.0
48,24,0.5449575781822205,0.10425019264221191,0.5449575781822205,0.5449575781822205,0.0,0.0003000000142492354
48,25,0.5264406204223633,0.005455952137708664,0.5264406204223633,0.5264406204223633,0.0,0.7171000242233276
48,26,0.5396930575370789,0.08082292228937149,0.5396930575370789,0.5396930575370789,0.0,0.0015999999595806003
48,27,0.44086354970932007,0.12077829241752625,0.44086354970932007,0.44086354970932007,0.0,9.999999747378752e-05
48,28,0.35098573565483093,0.2303234189748764,0.35098573565483093,0.35098573565483093,0.0,0.0
48,29,0.47388479113578796,0.0029482729732990265,0.47388479113578796,0.47388479113578796,0.0,0.8116999864578247
48,30,0.41951680183410645,0.013320982456207275,0.41951680183410645,0.41951680183410645,0.0,0.14000000059604645
48,31,0.49398303031921387,0.028320476412773132,0.49398303031921387,0.49398303031921387,0.0,0.037300001829862595
48,32,0.48583242297172546,0.022634893655776978,0.48583242297172546,0.48583242297172546,0.0,0.07829999923706055
48,33,0.5057488083839417,0.02904420904815197,0.5057488083839417,0.5057488083839417,0.0,0.056299999356269836
48,34,0.6586002111434937,0.12187325954437256,0.6586002111434937,0.6586002111434937,0.0,0.0005000000237487257
48,35,0.6077834367752075,0.025952327996492386,0.6077834367752075,0.6077834367752075,0.0,0.07069999724626541
48,36,0.5736095309257507,0.08583964407444,0.5736095309257507,0.5736095309257507,0.0,0.0010999999940395355
48,37,0.5853633284568787,0.06183710694313049,0.5853633284568787,0.5853633284568787,0.0,0.00860000029206276
48,38,0.4957047402858734,0.1891912966966629,0.4957047402858734,0.4957047402858734,0.0,0.0
48,39,0.5559134483337402,0.1544409841299057,0.5559134483337402,0.5559134483337402,0.0,9.999999747378752e-05
48,40,0.6303281188011169,0.11973336338996887,0.6303281188011169,0.6303281188011169,0.0,0.00019999999494757503
48,41,0.554643988609314,0.0027713514864444733,0.554643988609314,0.554643988609314,0.0,0.8569999933242798
48,42,0.5168300867080688,0.0788235068321228,0.5168300867080688,0.5168300867080688,0.0,0.001500000013038516
48,43,0.463827908039093,0.10310565680265427,0.463827908039093,0.463827908039093,0.0,0.00039999998989515007
48,44,0.48780643939971924,0.08448068052530289,0.48780643939971924,0.48780643939971924,0.0,0.0019000000320374966
48,45,0.6342811584472656,0.06150301173329353,0.6342811584472656,0.6342811584472656,0.0,0.013299999758601189
48,46,0.5350973010063171,0.21906360983848572,0.5350973010063171,0.5350973010063171,0.0,0.0
48,47,0.3975743353366852,0.08209791779518127,0.3975743353366852,0.3975743353366852,0.0,0.0005000000237487257
48,48,0.6873593330383301,0.12240300327539444,0.6873593330383301,0.6873593330383301,0.0,0.0003000000142492354
48,49,0.13009674847126007,-0.007134057581424713,0.13009674847126007,0.13009674847126007,0.0,0.48820000886917114
48,50,0.35839033126831055,0.016508013010025024,0.35839033126831055,0.35839033126831055,0.0,0.15850000083446503
48,51,0.3552231788635254,0.033892326056957245,0.3552231788635254,0.3552231788635254,0.0,0.025100000202655792
48,52,0.3592182397842407,0.019613780081272125,0.3592182397842407,0.3592182397842407,0.0,0.12219999730587006
48,53,0.3637840151786804,-0.005773730576038361,0.3637840151786804,0.3637840151786804,0.0,0.7046999931335449
48,54,0.6975395083427429,0.10755927860736847,0.6975395083427429,0.6975395083427429,0.0,0.000699999975040555
48,55,0.10127031803131104,0.041410475969314575,0.10127031803131104,0.10127031803131104,0.0,0.0019000000320374966
48,56,0.5250890851020813,0.14671501517295837,0.5250890851020813,0.5250890851020813,0.0,0.00019999999494757503
48,57,0.3351382315158844,0.03873315453529358,0.3351382315158844,0.3351382315158844,0.0,0.021299999207258224
48,58,0.5407990217208862,0.08880975842475891,0.5407990217208862,0.5407990217208862,0.0,0.002300000051036477
48,59,0.5241158604621887,0.13555267453193665,0.5241158604621887,0.5241158604621887,0.0,0.0003000000142492354
48,60,0.5109818577766418,0.06470905244350433,0.5109818577766418,0.5109818577766418,0.0,0.010499999858438969
48,61,0.677387535572052,0.0815240666270256,0.677387535572052,0.677387535572052,0.0,0.0034000000450760126
48,62,0.497188001871109,0.3406496047973633,0.497188001871109,0.497188001871109,0.0,0.0
48,63,0.5141032338142395,0.13413575291633606,0.5141032338142395,0.5141032338142395,0.0,0.00019999999494757503
49,0,0.34856200218200684,0.016526758670806885,0.34856200218200684,0.34856200218200684,0.0,0.09790000319480896
49,1,0.6366941928863525,0.08120420575141907,0.6366941928863525,0.6366941928863525,0.0,0.002899999963119626
49,2,0.6120837926864624,0.10442608594894409,0.6120837926864624,0.6120837926864624,0.0,0.000699999975040555
49,3,0.5873613357543945,0.1368946135044098,0.5873613357543945,0.5873613357543945,0.0,0.0003000000142492354
49,4,0.5344364643096924,0.07484034448862076,0.5344364643096924,0.5344364643096924,0.0,0.0010000000474974513
49,5,0.6528818607330322,0.060859788209199905,0.6528818607330322,0.6528818607330322,0.0,0.010599999688565731
49,6,0.5729682445526123,0.11779016256332397,0.5729682445526123,0.5729682445526123,0.0,0.00039999998989515007
49,7,0.41622409224510193,0.2637426257133484,0.41622409224510193,0.41622409224510193,0.0,0.0
49,8,0.4034590721130371,0.032347772270441055,0.4034590721130371,0.4034590721130371,0.0,0.03240000084042549
49,9,0.4057703912258148,0.032370321452617645,0.4057703912258148,0.4057703912258148,0.0,0.026900000870227814
49,10,0.23139427602291107,0.017357971519231796,0.23139427602291107,0.23139427602291107,0.0,0.09939999878406525
49,11,0.2653002440929413,0.10008037090301514,0.2653002440929413,0.2653002440929413,0.0,0.0
49,12,0.3922346532344818,-0.008608229458332062,0.3922346532344818,0.3922346532344818,0.0,0.45339998602867126
49,13,0.4659675061702728,0.04299282655119896,0.4659675061702728,0.4659675061702728,0.0,0.02290000021457672
49,14,0.3866647779941559,0.03270164877176285,0.3866647779941559,0.3866647779941559,0.0,0.026100000366568565
49,15,0.49251991510391235,0.03717953711748123,0.49251991510391235,0.49251991510391235,0.0,0.033900000154972076
49,16,0.4150881767272949,0.01409294456243515,0.4150881767272949,0.4150881767272949,0.0,0.21850000321865082
49,17,0.6810089349746704,0.03618800267577171,0.6810089349746704,0.6810089349746704,0.0,0.04450000077486038
49,18,0.6532504558563232,0.10767974704504013,0.6532504558563232,0.6532504558563232,0.0,0.000699999975040555
49,19,0.30184459686279297,0.007720768451690674,0.30184459686279297,0.30184459686279297,0.0,0.536899983882904
49,20,0.4383261799812317,-0.004020288586616516,0.4383261799812317,0.4383261799812317,0.0,0.7669000029563904
49,21,0.46614402532577515,0.06202617660164833,0.46614402532577515,0.46614402532577515,0.0,0.002899999963119626
49,22,0.6083858013153076,0.0411391481757164,0.6083858013153076,0.6083858013153076,0.0,0.024700000882148743
49,23,0.27479422092437744,0.09572938084602356,0.27479422092437744,0.27479422092437744,0.0,0.0
49,24,0.5362659692764282,0.08367510139942169,0.5362659692764282,0.5362659692764282,0.0,0.002300000051036477
49,25,0.41180819272994995,0.010404326021671295,0.41180819272994995,0.41180819272994995,0.0,0.3499999940395355
49,26,0.3537985682487488,0.08201083540916443,0.3537985682487488,0.3537985682487488,0.0,0.00019999999494757503
49,27,0.3075675368309021,0.05513462424278259,0.3075675368309021,0.3075675368309021,0.0,0.0032999999821186066
49,28,0.6256779432296753,0.13160592317581177,0.6256779432296753,0.6256779432296753,0.0,0.00039999998989515007
49,29,0.3834829330444336,0.07785383611917496,0.3834829330444336,0.3834829330444336,0.0,0.0008999999845400453
49,30,0.3780499994754791,0.10764981061220169,0.3780499994754791,0.3780499994754791,0.0,9.999999747378752e-05
49,31,0.35328394174575806,0.006968215107917786,0.35328394174575806,0.35328394174575806,0.0,0.4733999967575073
49,32,0.5101572275161743,0.10172447562217712,0.5101572275161743,0.5101572275161743,0.0,0.00019999999494757503
49,33,0.6522234678268433,0.03700505197048187,0.6522234678268433,0.6522234678268433,0.0,0.04089999943971634
49,34,0.5591160655021667,0.10113471746444702,0.5591160655021667,0.5591160655021667,0.0,0.0007999999797903001
49,35,0.5152777433395386,0.028963379561901093,0.5152777433395386,0.5152777433395386,0.0,0.06109999865293503
49,36,0.5697382688522339,0.09461197257041931,0.5697382688522339,0.5697382688522339,0.0,0.0017999999690800905
49,37,0.6504861116409302,0.07338076829910278,0.6504861116409302,0.6504861116409302,0.0,0.005499999970197678
49,38,0.6204397678375244,0.050041563808918,0.6204397678375244,0.6204397678375244,0.0,0.01850000023841858
49,39,0.6343300938606262,0.0921410545706749,0.6343300938606262,0.6343300938606262,0.0,0.0017999999690800905
49,40,0.4521169066429138,0.011087439954280853,0.4521169066429138,0.4521169066429138,0.0,0.3269999921321869
49,41,0.56337571144104,0.06424625962972641,0.56337571144104,0.56337571144104,0.0,0.009999999776482582
49,42,0.26666754484176636,0.21247217059135437,0.26666754484176636,0.26666754484176636,0.0,0.0
49,43,0.3478533625602722,0.06096978858113289,0.3478533625602722,0.3478533625602722,0.0,0.000699999975040555
49,44,0.3220878839492798,-0.009133458137512207,0.3220878839492798,0.3220878839492798,0.0,0.2667999863624573
49,45,0.47115740180015564,0.03764030337333679,0.47115740180015564,0.47115740180015564,0.0,0.03220000118017197
49,46,0.3206198215484619,0.00884273648262024,0.3206198215484619,0.3206198215484619,0.0,0.3596000075340271
49,47,0.36994802951812744,0.05508534982800484,0.36994802951812744,0.36994802951812744,0.0,0.005400000140070915
49,48,0.5832319259643555,0.002486135810613632,0.5832319259643555,0.5832319259643555,0.0,0.8853999972343445
49,49,0.30742621421813965,0.11866237223148346,0.30742621421813965,0.30742621421813965,0.0,0.0
49,50,0.5874062776565552,0.03633270412683487,0.5874062776565552,0.5874062776565552,0.0,0.04439999908208847
49,51,0.5213837027549744,0.07357920706272125,0.5213837027549744,0.5213837027549744,0.0,0.004600000102072954
49,52,0.44647595286369324,0.01947498880326748,0.44647595286369324,0.44647595286369324,0.0,0.10689999908208847
49,53,0.22979316115379333,0.009217776358127594,0.22979316115379333,0.22979316115379333,0.0,0.48010000586509705
49,54,0.5791444778442383,0.016604430973529816,0.5791444778442383,0.5791444778442383,0.0,0.15049999952316284
49,55,0.5685145854949951,0.055341415107250214,0.5685145854949951,0.5685145854949951,0.0,0.010900000110268593
49,56,0.7166297435760498,0.10283474624156952,0.7166297435760498,0.7166297435760498,0.0,0.0010000000474974513
49,57,0.5958350896835327,0.11498165875673294,0.5958350896835327,0.5958350896835327,0.0,0.0005000000237487257
49,58,0.4583375155925751,0.1763285994529724,0.4583375155925751,0.4583375155925751,0.0,0.0
49,59,0.6547742486000061,0.10698410868644714,0.6547742486000061,0.6547742486000061,0.0,0.000699999975040555
49,60,0.6703730821609497,0.07122662663459778,0.6703730821609497,0.6703730821609497,0.0,0.006599999964237213
49,61,0.694412112236023,0.09382613003253937,0.694412112236023,0.694412112236023,0.0,0.0017000000225380063
49,62,0.67391437292099,0.13540658354759216,0.67391437292099,0.67391437292099,0.0,0.0003000000142492354
49,63,0.7291191816329956,0.07385259121656418,0.7291191816329956,0.7291191816329956,0.0,0.005200000014156103
50,0,0.47675609588623047,0.029269371181726456,0.47675609588623047,0.47675609588623047,0.0,0.04500000178813934
50,1,0.5181856155395508,0.049547530710697174,0.5181856155395508,0.5181856155395508,0.0,0.010300000198185444
50,2,0.6893723011016846,0.03985132649540901,0.6893723011016846,0.6893723011016846,0.0,0.03709999844431877
50,3,0.508196234703064,0.03930521756410599,0.508196234703064,0.508196234703064,0.0,0.02280000038444996
50,4,0.515180230140686,0.006088040769100189,0.515180230140686,0.515180230140686,0.0,0.6883000135421753
50,5,0.3162537217140198,0.010378986597061157,0.3162537217140198,0.3162537217140198,0.0,0.3257000148296356
50,6,0.39152759313583374,0.04315277189016342,0.39152759313583374,0.39152759313583374,0.0,0.008500000461935997
50,7,0.6506111025810242,0.08890274912118912,0.6506111025810242,0.6506111025810242,0.0,0.0027000000700354576
50,8,0.5604138374328613,0.19365918636322021,0.5604138374328613,0.5604138374328613,0.0,0.0
50,9,0.47212180495262146,0.12134315073490143,0.47212180495262146,0.47212180495262146,0.0,0.0
50,10,0.4297802746295929,0.08134085685014725,0.4297802746295929,0.4297802746295929,0.0,0.0017000000225380063
50,11,0.4432733952999115,0.18294814229011536,0.4432733952999115,0.4432733952999115,0.0,0.0
50,12,0.3649829030036926,0.03610542416572571,0.3649829030036926,0.3649829030036926,0.0,0.02250000089406967
50,13,0.2921125292778015,0.06565549224615097,0.2921125292778015,0.2921125292778015,0.0,0.0013000000035390258
50,14,0.4749622941017151,0.08758404105901718,0.4749622941017151,0.4749622941017151,0.0,0.00039999998989515007
50,15,0.21438726782798767,0.10503847897052765,0.21438726782798767,0.21438726782798767,0.0,0.0
50,16,0.6516639590263367,-0.004599727690219879,0.6516639590263367,0.6516639590263367,0.0,0.7617999911308289
50,17,0.6378195881843567,0.008132584393024445,0.6378195881843567,0.6378195881843567,0.0,0.5805000066757202
50,18,0.3558562099933624,0.2019689828157425,0.3558562099933624,0.3558562099933624,0.0,0.0
50,19,0.6372226476669312,0.05100326985120773,0.6372226476669312,0.6372226476669312,0.0,0.018200000748038292
50,20,0.5139843225479126,0.09328420460224152,0.5139843225479126,0.5139843225479126,0.0,0.0005000000237487257
50,21,0.4201714098453522,0.043620042502880096,0.4201714098453522,0.4201714098453522,0.0,0.010499999858438969
50,22,0.3879774212837219,0.11101584136486053,0.3879774212837219,0.3879774212837219,0.0,0.0013000000035390258
50,23,0.5644853115081787,0.025028787553310394,0.5644853115081787,0.5644853115081787,0.0,0.06750000268220901
50,24,0.45471906661987305,0.08998170495033264,0.45471906661987305,0.45471906661987305,0.0,0.0024999999441206455
50,25,0.4038741886615753,0.04639319330453873,0.4038741886615753,0.4038741886615753,0.0,0.011300000362098217
50,26,0.43380582332611084,0.035858798772096634,0.43380582332611084,0.43380582332611084,0.0,0.031599998474121094
50,27,0.31078827381134033,0.18525247275829315,0.31078827381134033,0.31078827381134033,0.0,0.0
50,28,0.4601914882659912,0.03159110248088837,0.4601914882659912,0.4601914882659912,0.0,0.04050000011920929
50,29,0.42844337224960327,0.05739247426390648,0.42844337224960327,0.42844337224960327,0.0,0.010200000368058681
50,30,0.2903843820095062,0.042036693543195724,0.2903843820095062,0.2903843820095062,0.0,0.009399999864399433
50,31,0.6141054630279541,0.014616112224757671,0.6141054630279541,0.6141054630279541,0.0,0.24379999935626984
50,32,0.14132362604141235,0.07734900712966919,0.14132362604141235,0.14132362604141235,0.0,9.999999747378752e-05
50,33,0.44491344690322876,0.17551568150520325,0.44491344690322876,0.44491344690322876,0.0,0.0
50,34,0.4203142523765564,0.41149014234542847,0.4203142523765564,0.4203142523765564,0.0,0.0
50,35,0.43581753969192505,0.20573531091213226,0.43581753969192505,0.43581753969192505,0.0,0.0
50,36,0.28958404064178467,0.2388165295124054,0.28958404064178467,0.28958404064178467,0.0,0.0
50,37,0.3570997714996338,0.2715577185153961,0.3570997714996338,0.3570997714996338,0.0,0.0
50,38,0.3600859045982361,0.3124603033065796,0.3600859045982361,0.3600859045982361,0.0,0.0
50,39,0.39244163036346436,0.2803102731704712,0.39244163036346436,0.39244163036346436,0.0,0.0
50,40,0.5113803744316101,0.018215611577033997,0.5113803744316101,0.5113803744316101,0.0,0.1264999955892563
50,41,0.484713077545166,0.10870904475450516,0.484713077545166,0.484713077545166,0.0,0.000699999975040555
50,42,0.5063763856887817,0.08043642342090607,0.5063763856887817,0.5063763856887817,0.0,0.002199999988079071
50,43,0.286960244178772,0.10224556177854538,0.286960244178772,0.286960244178772,0.0,0.0
50,44,0.2988348603248596,0.36807024478912354,0.36807024478912354,0.36807024478912354,0.0,0.0
50,45,0.4749643802642822,0.00953037291765213,0.4749643802642822,0.4749643802642822,0.0,0.40959998965263367
50,46,0.43781185150146484,0.05700046196579933,0.43781185150146484,0.43781185150146484,0.0,0.009499999694526196
50,47,0.2685019373893738,0.20335742831230164,0.2685019373893738,0.2685019373893738,0.0,0.0
50,48,0.5320265889167786,0.04329433664679527,0.5320265889167786,0.5320265889167786,0.0,0.031700000166893005
50,49,0.5630819797515869,0.15443089604377747,0.5630819797515869,0.5630819797515869,0.0,9.999999747378752e-05
50,50,0.6419217586517334,0.100530706346035,0.6419217586517334,0.6419217586517334,0.0,0.0010999999940395355
50,51,0.482448935508728,0.014664700254797935,0.482448935508728,0.482448935508728,0.0,0.25619998574256897
50,52,0.34198319911956787,0.01068948209285736,0.34198319911956787,0.34198319911956787,0.0,0.41749998927116394
50,53,0.41621559858322144,0.03539660573005676,0.41621559858322144,0.41621559858322144,0.0,0.025200000032782555
50,54,0.23508909344673157,0.08665671944618225,0.23508909344673157,0.23508909344673157,0.0,9.999999747378752e-05
50,55,0.23672501742839813,0.19425205886363983,0.23672501742839813,0.23672501742839813,0.0,0.0
50,56,0.2830965220928192,-0.006857573986053467,0.2830965220928192,0.2830965220928192,0.0,0.4156000018119812
50,57,0.36085790395736694,0.005052141845226288,0.36085790395736694,0.36085790395736694,0.0,0.5695000290870667
50,58,0.4490307569503784,0.021917082369327545,0.4490307569503784,0.4490307569503784,0.0,0.07829999923706055
50,59,0.47214484214782715,0.016928166151046753,0.47214484214782715,0.47214484214782715,0.0,0.10599999874830246
50,60,0.5273699760437012,0.17364366352558136,0.5273699760437012,0.5273699760437012,0.0,0.0
50,61,0.436470627784729,0.08276821672916412,0.436470627784729,0.436470627784729,0.0,0.0017000000225380063
50,62,0.27218908071517944,0.10055635869503021,0.27218908071517944,0.27218908071517944,0.0,0.0
50,63,0.47037696838378906,0.022280335426330566,0.47037696838378906,0.47037696838378906,0.0,0.07649999856948853
51,0,0.5464905500411987,0.04848101735115051,0.5464905500411987,0.5464905500411987,0.0,0.022099999710917473
51,1,0.6592856645584106,0.0959368646144867,0.6592856645584106,0.6592856645584106,0.0,0.0015999999595806003
51,2,0.6678681373596191,0.10242600739002228,0.6678681373596191,0.6678681373596191,0.0,0.0012000000569969416
51,3,0.6229762434959412,0.06356728076934814,0.6229762434959412,0.6229762434959412,0.0,0.010400000028312206
51,4,0.5543538331985474,0.07834198325872421,0.5543538331985474,0.5543538331985474,0.0,0.003100000089034438
51,5,0.6865240335464478,0.06719556450843811,0.6865240335464478,0.6865240335464478,0.0,0.007300000172108412
51,6,0.4730195105075836,0.02975510247051716,0.4730195105075836,0.4730195105075836,0.0,0.0502999983727932
51,7,0.7022350430488586,0.06342852115631104,0.7022350430488586,0.7022350430488586,0.0,0.009800000116229057
51,8,0.10562626272439957,0.010669738054275513,0.10562626272439957,0.10562626272439957,0.0,0.35350000858306885
51,9,0.0662166178226471,0.0014887228608131409,0.0662166178226471,0.0662166178226471,0.0,0.8974999785423279
51,10,0.19248256087303162,0.02117498219013214,0.19248256087303162,0.19248256087303162,0.0,0.04280000180006027
51,11,0.13364017009735107,-0.016810856759548187,0.13364017009735107,0.13364017009735107,0.0,0.06689999997615814
51,12,0.4566282033920288,-0.004919916391372681,0.4566282033920288,0.4566282033920288,0.0,0.7146999835968018
51,13,0.27703237533569336,0.16420483589172363,0.27703237533569336,0.27703237533569336,0.0,0.0
51,14,0.10337217897176743,0.001718730665743351,0.10337217897176743,0.10337217897176743,0.0,0.8770999908447266
51,15,0.023313408717513084,-0.0002706199884414673,0.023313408717513084,0.023313408717513084,0.03680000081658363,0.9779000282287598
51,16,0.6254730224609375,0.06435691565275192,0.6254730224609375,0.6254730224609375,0.0,0.012199999764561653
51,17,0.2636147439479828,0.06566137075424194,0.2636147439479828,0.2636147439479828,0.0,0.0005000000237487257
51,18,0.2729954719543457,0.008744925260543823,0.2729954719543457,0.2729954719543457,0.0,0.4580000042915344
51,19,0.2612178325653076,0.12923839688301086,0.2612178325653076,0.2612178325653076,0.0,0.0
51,20,0.5189128518104553,0.024093423038721085,0.5189128518104553,0.5189128518104553,0.0,0.08399999886751175
51,21,0.5948713421821594,0.1023760586977005,0.5948713421821594,0.5948713421821594,0.0,0.0006000000284984708
51,22,0.5720317363739014,0.1277843713760376,0.5720317363739014,0.5720317363739014,0.0,0.00039999998989515007
51,23,0.2933349013328552,0.07657330483198166,0.2933349013328552,0.2933349013328552,0.0,9.999999747378752e-05
51,24,0.44260507822036743,0.3539067804813385,0.44260507822036743,0.44260507822036743,0.0,0.0
51,25,0.16140854358673096,0.6773244142532349,0.6773244142532349,0.6773244142532349,0.0,0.0
51,26,0.5003675222396851,0.22075846791267395,0.5003675222396851,0.5003675222396851,0.0,0.0
51,27,0.2599588632583618,0.7032153606414795,0.7032153606414795,0.7032153606414795,0.0,0.0
51,28,0.19375327229499817,0.5150620937347412,0.5150620937347412,0.5150620937347412,0.0,0.0
51,29,0.21592870354652405,0.7663947343826294,0.7663947343826294,0.7663947343826294,0.0,0.0
51,30,0.20836777985095978,0.03179054707288742,0.20836777985095978,0.20836777985095978,0.0,0.02329999953508377
51,31,0.27001088857650757,0.43817996978759766,0.43817996978759766,0.43817996978759766,0.0,0.0
51,32,0.377634733915329,0.22928164899349213,0.377634733915329,0.377634733915329,0.0,0.0
51,33,0.5604130625724792,0.0163445845246315,0.5604130625724792,0.5604130625724792,0.0,0.17630000412464142
51,34,0.44732093811035156,0.07308655977249146,0.44732093811035156,0.44732093811035156,0.0,0.004999999888241291
51,35,0.5451862812042236,0.04386850446462631,0.5451862812042236,0.5451862812042236,0.0,0.01759999990463257
51,36,0.3206263482570648,0.20685350894927979,0.3206263482570648,0.3206263482570648,0.0,0.0
51,37,0.43963825702667236,0.03250320255756378,0.43963825702667236,0.43963825702667236,0.0,0.03310000151395798
51,38,0.3296223282814026,0.10551099479198456,0.3296223282814026,0.3296223282814026,0.0,0.0
51,39,0.450917512178421,0.08782653510570526,0.450917512178421,0.450917512178421,0.0,0.0012000000569969416
51,40,0.5373651385307312,0.09014341235160828,0.5373651385307312,0.5373651385307312,0.0,0.0012000000569969416
51,41,0.3731144070625305,0.016615889966487885,0.3731144070625305,0.3731144070625305,0.0,0.17399999499320984
51,42,0.5510761737823486,0.06855204701423645,0.5510761737823486,0.5510761737823486,0.0,0.005900000222027302
51,43,0.441305011510849,0.03697938844561577,0.441305011510849,0.441305011510849,0.0,0.02879999950528145
51,44,0.4436440169811249,0.020255593582987785,0.4436440169811249,0.4436440169811249,0.0,0.1023000031709671
51,45,0.43248969316482544,0.11683851480484009,0.43248969316482544,0.43248969316482544,0.0,0.0
51,46,0.3485185205936432,0.15913572907447815,0.3485185205936432,0.3485185205936432,0.0,0.0
51,47,0.5663072466850281,0.01738089695572853,0.5663072466850281,0.5663072466850281,0.0,0.1517000049352646
51,48,0.5366970300674438,0.06381151080131531,0.5366970300674438,0.5366970300674438,0.0,0.003800000064074993
51,49,0.3156815767288208,0.06561870872974396,0.3156815767288208,0.3156815767288208,0.0,0.0006000000284984708
51,50,0.5006791353225708,0.16147136688232422,0.5006791353225708,0.5006791353225708,0.0,0.0
51,51,0.43984857201576233,0.0036032535135746002,0.43984857201576233,0.43984857201576233,0.0,0.7925999760627747
51,52,0.6419857740402222,0.007516396231949329,0.6419857740402222,0.6419857740402222,0.0,0.6256999969482422
51,53,0.49705326557159424,0.07512656599283218,0.49705326557159424,0.49705326557159424,0.0,0.00139999995008111
51,54,0.5864635705947876,0.06017320230603218,0.5864635705947876,0.5864635705947876,0.0,0.009999999776482582
51,55,0.36124545335769653,0.04528925195336342,0.36124545335769653,0.36124545335769653,0.0,0.008799999952316284
51,56,0.6666513681411743,0.029751989990472794,0.6666513681411743,0.6666513681411743,0.0,0.0568000003695488
51,57,0.4762873351573944,0.11792337894439697,0.4762873351573944,0.4762873351573944,0.0,9.999999747378752e-05
51,58,0.5943443179130554,0.10217970609664917,0.5943443179130554,0.5943443179130554,0.0,0.001500000013038516
51,59,0.6226991415023804,0.06455189734697342,0.6226991415023804,0.6226991415023804,0.0,0.006300000008195639
51,60,0.6276628971099854,0.04804877191781998,0.6276628971099854,0.6276628971099854,0.0,0.014399999752640724
51,61,0.5795419216156006,0.013251970522105694,0.5795419216156006,0.5795419216156006,0.0,0.2921999990940094
51,62,0.4529190957546234,0.051828645169734955,0.4529190957546234,0.4529190957546234,0.0,0.013700000010430813
51,63,0.42084431648254395,0.1778949648141861,0.42084431648254395,0.42084431648254395,0.0,0.0
52,0,0.5786436796188354,0.07163811475038528,0.5786436796188354,0.5786436796188354,0.0,0.0052999998442828655
52,1,0.6407325267791748,0.0895768329501152,0.6407325267791748,0.6407325267791748,0.0,0.0020000000949949026
52,2,0.6453919410705566,0.08111397922039032,0.6453919410705566,0.6453919410705566,0.0,0.00419999985024333
52,3,0.601761519908905,0.06320161372423172,0.601761519908905,0.601761519908905,0.0,0.009999999776482582
52,4,0.6014353036880493,0.07979597896337509,0.6014353036880493,0.6014353036880493,0.0,0.0024999999441206455
52,5,0.6615027785301208,0.041348040103912354,0.6615027785301208,0.6615027785301208,0.0,0.03150000050663948
52,6,0.6236739158630371,0.08951612561941147,0.6236739158630371,0.6236739158630371,0.0,0.0026000000070780516
52,7,0.6185123920440674,0.0801921859383583,0.6185123920440674,0.6185123920440674,0.0,0.00139999995008111
52,8,0.31599685549736023,0.1206718385219574,0.31599685549736023,0.31599685549736023,0.0,0.0
52,9,0.6149401068687439,0.08114659786224365,0.6149401068687439,0.6149401068687439,0.0,0.002400000113993883
52,10,0.6546794176101685,0.011668562889099121,0.6546794176101685,0.6546794176101685,0.0,0.4018999934196472
52,11,0.508702278137207,0.11615920066833496,0.508702278137207,0.508702278137207,0.0,0.0003000000142492354
52,12,0.49512022733688354,0.004301674664020538,0.49512022733688354,0.49512022733688354,0.0,0.7612000107765198
52,13,0.26184529066085815,0.03502682223916054,0.26184529066085815,0.26184529066085815,0.0,0.020800000056624413
52,14,0.5083986520767212,0.07362048327922821,0.5083986520767212,0.5083986520767212,0.0,0.002300000051036477
52,15,0.5930666923522949,0.04579262062907219,0.5930666923522949,0.5930666923522949,0.0,0.017000000923871994
52,16,0.527898371219635,0.18004119396209717,0.527898371219635,0.527898371219635,0.0,0.0
52,17,0.46413347125053406,0.23556987941265106,0.46413347125053406,0.46413347125053406,0.0,0.0
52,18,0.14622220396995544,0.3348349332809448,0.3348349332809448,0.3348349332809448,0.0,0.0
52,19,0.4046599566936493,0.20573534071445465,0.4046599566936493,0.4046599566936493,0.0,0.0
52,20,0.4261293411254883,0.344998836517334,0.4261293411254883,0.4261293411254883,0.0,0.0
52,21,0.6431907415390015,0.12506508827209473,0.6431907415390015,0.6431907415390015,0.0,0.0006000000284984708
52,22,0.41373875737190247,0.3708221912384033,0.41373875737190247,0.41373875737190247,0.0,0.0
52,23,0.39262503385543823,0.3040144145488739,0.39262503385543823,0.39262503385543823,0.0,0.0
52,24,0.3055276870727539,-0.004516433924436569,0.3055276870727539,0.3055276870727539,0.0,0.7620000243186951
52,25,0.4985913932323456,0.15605737268924713,0.4985913932323456,0.4985913932323456,0.0,0.0
52,26,0.34986191987991333,-0.0070688724517822266,0.34986191987991333,0.34986191987991333,0.0,0.6039999723434448
52,27,0.31862473487854004,-0.011573150753974915,0.31862473487854004,0.31862473487854004,0.0,0.3637999892234802
52,28,0.5524723529815674,0.11878100782632828,0.5524723529815674,0.5524723529815674,0.0,0.00019999999494757503
52,29,0.5527940988540649,0.02309459075331688,0.5527940988540649,0.5527940988540649,0.0,0.08730000257492065
52,30,0.45286068320274353,0.007231898605823517,0.45286068320274353,0.45286068320274353,0.0,0.6403999924659729
52,31,0.42777538299560547,-0.011772282421588898,0.42777538299560547,0.42777538299560547,0.0,0.34860000014305115
52,32,0.26884889602661133,0.0016791820526123047,0.26884889602661133,0.26884889602661133,0.0,0.8877000212669373
52,33,0.14057445526123047,0.05174920707941055,0.14057445526123047,0.14057445526123047,0.0,0.0013000000035390258
52,34,0.6649971604347229,0.20049098134040833,0.6649971604347229,0.6649971604347229,0.0,0.0
52,35,0.41506141424179077,0.05772381275892258,0.41506141424179077,0.41506141424179077,0.0,0.0020000000949949026
52,36,0.5351517200469971,0.04915270954370499,0.5351517200469971,0.5351517200469971,0.0,0.016300000250339508
52,37,0.5121539831161499,0.15889808535575867,0.5121539831161499,0.5121539831161499,0.0,0.0
52,38,0.648307204246521,0.23265457153320312,0.648307204246521,0.648307204246521,0.0,0.0
52,39,0.11511942744255066,0.004069238901138306,0.11511942744255066,0.11511942744255066,0.0,0.6816999912261963
52,40,0.3521634340286255,0.15804116427898407,0.3521634340286255,0.3521634340286255,0.0,0.0
52,41,0.32880619168281555,0.06965602934360504,0.32880619168281555,0.32880619168281555,0.0,0.0005000000237487257
52,42,0.5151755809783936,0.05430956929922104,0.5151755809783936,0.5151755809783936,0.0,0.007499999832361937
52,43,0.2452830821275711,0.04455336183309555,0.2452830821275711,0.2452830821275711,0.0,0.003800000064074993
52,44,0.4117071032524109,0.053912367671728134,0.4117071032524109,0.4117071032524109,0.0,0.004900000058114529
52,45,0.3505842089653015,0.03884657844901085,0.3505842089653015,0.3505842089653015,0.0,0.018200000748038292
52,46,0.42910078167915344,0.048825208097696304,0.42910078167915344,0.42910078167915344,0.0,0.004999999888241291
52,47,0.40918320417404175,0.044211290776729584,0.40918320417404175,0.40918320417404175,0.0,0.005400000140070915
52,48,0.46765950322151184,0.13839617371559143,0.46765950322151184,0.46765950322151184,0.0,0.0
52,49,0.20429793000221252,0.1508484035730362,0.20429793000221252,0.20429793000221252,0.0,0.0
52,50,0.4115261435508728,0.04411099851131439,0.4115261435508728,0.4115261435508728,0.0,0.012400000356137753
52,51,0.2673022747039795,0.04140700772404671,0.2673022747039795,0.2673022747039795,0.0,0.015799999237060547
52,52,0.3954392075538635,0.404769629240036,0.404769629240036,0.404769629240036,0.0,0.0
52,53,0.38138920068740845,0.10010503232479095,0.38138920068740845,0.38138920068740845,0.0,0.0
52,54,0.5822269320487976,0.14000731706619263,0.5822269320487976,0.5822269320487976,0.0,0.0
52,55,0.5245794057846069,0.22846779227256775,0.5245794057846069,0.5245794057846069,0.0,0.0
52,56,0.49936240911483765,0.1150236427783966,0.49936240911483765,0.49936240911483765,0.0,0.00039999998989515007
52,57,0.5325704216957092,0.013055242598056793,0.5325704216957092,0.5325704216957092,0.0,0.2345999926328659
52,58,0.49107635021209717,0.015170186758041382,0.49107635021209717,0.49107635021209717,0.0,0.23090000450611115
52,59,0.36742812395095825,0.04754431173205376,0.36742812395095825,0.36742812395095825,0.0,0.006399999838322401
52,60,0.415332168340683,-0.007680490612983704,0.415332168340683,0.415332168340683,0.0,0.504800021648407
52,61,0.6668421030044556,0.04309520870447159,0.6668421030044556,0.6668421030044556,0.0,0.031700000166893005
52,62,0.49573132395744324,0.03674207627773285,0.49573132395744324,0.49573132395744324,0.0,0.036400001496076584
52,63,0.28736770153045654,0.07299184799194336,0.28736770153045654,0.28736770153045654,0.0,0.0003000000142492354
53,0,0.31079185009002686,0.26557374000549316,0.31079185009002686,0.31079185009002686,0.0,0.0
53,1,0.47564002871513367,0.14956751465797424,0.47564002871513367,0.47564002871513367,0.0,0.0
53,2,0.2915174663066864,0.2845352292060852,0.2915174663066864,0.2915174663066864,0.0,0.0
53,3,0.5121808052062988,0.23587726056575775,0.5121808052062988,0.5121808052062988,0.0,0.0
53,4,0.3693476915359497,0.21741116046905518,0.3693476915359497,0.3693476915359497,0.0,0.0
53,5,0.2637324035167694,0.2135692536830902,0.2637324035167694,0.2637324035167694,0.0,0.0
53,6,0.4008604884147644,0.11391487717628479,0.4008604884147644,0.4008604884147644,0.0,0.0
53,7,0.3801184892654419,0.19150812923908234,0.3801184892654419,0.3801184892654419,0.0,0.0
53,8,0.1381223201751709,0.01156584545969963,0.1381223201751709,0.1381223201751709,0.0,0.25589999556541443
53,9,0.3521460294723511,0.018419254571199417,0.3521460294723511,0.3521460294723511,0.0,0.09929999709129333
53,10,0.26560863852500916,0.09003686904907227,0.26560863852500916,0.26560863852500916,0.0,0.0006000000284984708
53,11,0.2133052945137024,0.15124082565307617,0.2133052945137024,0.2133052945137024,0.0,0.0
53,12,0.3818124830722809,-0.0054635703563690186,0.3818124830722809,0.3818124830722809,0.0,0.6686000227928162
53,13,0.20649927854537964,0.021691568195819855,0.20649927854537964,0.20649927854537964,0.0,0.05249999836087227
53,14,0.07413262128829956,-0.015367235988378525,0.07413262128829956,0.07413262128829956,0.0,0.1485999971628189
53,15,0.29454511404037476,0.04651046171784401,0.29454511404037476,0.29454511404037476,0.0,0.009200000204145908
53,16,0.24149948358535767,0.06218509003520012,0.24149948358535767,0.24149948358535767,0.0,0.000699999975040555
53,17,0.11623750627040863,0.37764492630958557,0.37764492630958557,0.37764492630958557,0.0,0.0
53,18,0.09843835234642029,0.17254552245140076,0.17254552245140076,0.17254552245140076,0.0,0.0
53,19,0.22989100217819214,0.143094003200531,0.22989100217819214,0.22989100217819214,0.0,0.0
53,20,0.2316921204328537,0.10141675919294357,0.2316921204328537,0.2316921204328537,0.0,0.0
53,21,0.14324086904525757,0.36097216606140137,0.36097216606140137,0.36097216606140137,0.0,0.0
53,22,-0.005379915237426758,0.05903211236000061,0.05903211236000061,0.05903211236000061,0.6140000224113464,0.0
53,23,0.14384964108467102,0.03146861493587494,0.14384964108467102,0.14384964108467102,0.0,0.03610000014305115
53,24,0.31719452142715454,0.002943083643913269,0.31719452142715454,0.31719452142715454,0.0,0.8066999912261963
53,25,0.3404913544654846,0.04105067253112793,0.3404913544654846,0.3404913544654846,0.0,0.017000000923871994
53,26,0.37458354234695435,0.10009732842445374,0.37458354234695435,0.37458354234695435,0.0,0.0007999999797903001
53,27,0.5476049184799194,0.06911206990480423,0.5476049184799194,0.5476049184799194,0.0,0.0032999999821186066
53,28,0.38486769795417786,0.03139783814549446,0.38486769795417786,0.38486769795417786,0.0,0.03519999980926514
53,29,0.30365312099456787,0.08594687283039093,0.30365312099456787,0.30365312099456787,0.0,0.0005000000237487257
53,30,0.47640201449394226,0.1320260465145111,0.47640201449394226,0.47640201449394226,0.0,0.00019999999494757503
53,31,0.5208679437637329,0.00840214267373085,0.5208679437637329,0.5208679437637329,0.0,0.5235000252723694
53,32,0.6839582920074463,0.04669293016195297,0.6839582920074463,0.6839582920074463,0.0,0.025299999862909317
53,33,0.4024059772491455,-0.002381354570388794,0.4024059772491455,0.4024059772491455,0.0,0.8657000064849854
53,34,0.6750710010528564,0.0680958479642868,0.6750710010528564,0.6750710010528564,0.0,0.008299999870359898
53,35,0.3975812494754791,-0.009713888168334961,0.3975812494754791,0.3975812494754791,0.0,0.43810001015663147
53,36,0.5546252727508545,0.018304085358977318,0.5546252727508545,0.5546252727508545,0.0,0.1428000032901764
53,37,0.3194161057472229,-0.0134209506213665,0.3194161057472229,0.3194161057472229,0.0,0.2833999991416931
53,38,0.6118443012237549,0.08037781715393066,0.6118443012237549,0.6118443012237549,0.0,0.004000000189989805
53,39,0.20244565606117249,-0.01933690533041954,0.20244565606117249,0.20244565606117249,0.0,0.1046999990940094
53,40,0.25909608602523804,0.04459881782531738,0.25909608602523804,0.25909608602523804,0.0,0.007600000128149986
53,41,0.18360105156898499,0.11195291578769684,0.18360105156898499,0.18360105156898499,0.0,0.0
53,42,0.46762698888778687,0.002996489405632019,0.46762698888778687,0.46762698888778687,0.0,0.8102999925613403
53,43,0.2151193916797638,0.05375593155622482,0.2151193916797638,0.2151193916797638,0.0,0.0017999999690800905
53,44,0.30775368213653564,0.0640658289194107,0.30775368213653564,0.30775368213653564,0.0,0.0007999999797903001
53,45,0.12529034912586212,-0.006927995011210442,0.12529034912586212,0.12529034912586212,0.0,0.5407000184059143
53,46,0.5941985845565796,0.008506566286087036,0.5941985845565796,0.5941985845565796,0.0,0.5479000210762024
53,47,0.35756075382232666,0.018180973827838898,0.35756075382232666,0.35756075382232666,0.0,0.12710000574588776
53,48,0.4625251293182373,0.0305967777967453,0.4625251293182373,0.4625251293182373,0.0,0.0357000008225441
53,49,0.25894829630851746,0.2233818769454956,0.25894829630851746,0.25894829630851746,0.0,0.0
53,50,0.503235936164856,0.003155730664730072,0.503235936164856,0.503235936164856,0.0,0.8424000144004822
53,51,0.1373004913330078,0.01287829875946045,0.1373004913330078,0.1373004913330078,0.0,0.2328999936580658
53,52,0.3744658827781677,0.0812264010310173,0.3744658827781677,0.3744658827781677,0.0,0.0019000000320374966
53,53,0.4216710329055786,0.06322173774242401,0.4216710329055786,0.4216710329055786,0.0,0.007600000128149986
53,54,0.37154507637023926,0.03662339597940445,0.37154507637023926,0.37154507637023926,0.0,0.0272000003606081
53,55,0.5372570753097534,0.022565161809325218,0.5372570753097534,0.5372570753097534,0.0,0.08529999852180481
53,56,0.5206986665725708,0.05426832661032677,0.5206986665725708,0.5206986665725708,0.0,0.009200000204145908
53,57,0.2699260115623474,0.07833290845155716,0.2699260115623474,0.2699260115623474,0.0,9.999999747378752e-05
53,58,0.08583313971757889,0.018412666395306587,0.08583313971757889,0.08583313971757889,0.0,0.05249999836087227
53,59,0.6052627563476562,0.014880141243338585,0.6052627563476562,0.6052627563476562,0.0,0.2370000034570694
53,60,0.5063730478286743,0.009297177195549011,0.5063730478286743,0.5063730478286743,0.0,0.45840001106262207
53,61,0.5390878915786743,0.1260233372449875,0.5390878915786743,0.5390878915786743,0.0,0.0005000000237487257
53,62,0.28446540236473083,0.02067609131336212,0.28446540236473083,0.28446540236473083,0.0,0.06870000064373016
53,63,0.6017826795578003,0.07391467690467834,0.6017826795578003,0.6017826795578003,0.0,0.0010999999940395355
54,0,0.32189223170280457,0.1695365607738495,0.32189223170280457,0.32189223170280457,0.0,0.0
54,1,0.5907606482505798,0.07409543544054031,0.5907606482505798,0.5907606482505798,0.0,0.0066999997943639755
54,2,0.4916470944881439,0.10327669978141785,0.4916470944881439,0.4916470944881439,0.0,0.0005000000237487257
54,3,0.4350031316280365,0.02437616139650345,0.4350031316280365,0.4350031316280365,0.0,0.051100000739097595
54,4,0.4690604507923126,0.00019014626741409302,0.4690604507923126,0.4690604507923126,0.0,0.9902999997138977
54,5,0.37400197982788086,0.07294049859046936,0.37400197982788086,0.37400197982788086,0.0,0.0005000000237487257
54,6,0.4975755214691162,0.06152695417404175,0.4975755214691162,0.4975755214691162,0.0,0.004000000189989805
54,7,0.261220246553421,0.11449526250362396,0.261220246553421,0.261220246553421,0.0,0.0
54,8,0.584929883480072,0.06278042495250702,0.584929883480072,0.584929883480072,0.0,0.007799999788403511
54,9,0.5255939960479736,0.2595370411872864,0.5255939960479736,0.5255939960479736,0.0,0.0
54,10,0.6724972724914551,0.12600702047348022,0.6724972724914551,0.6724972724914551,0.0,0.0005000000237487257
54,11,0.6120367050170898,0.21142129600048065,0.6120367050170898,0.6120367050170898,0.0,0.0
54,12,0.5072960257530212,0.11553505063056946,0.5072960257530212,0.5072960257530212,0.0,0.00019999999494757503
54,13,0.5134307146072388,0.12224896252155304,0.5134307146072388,0.5134307146072388,0.0,0.00019999999494757503
54,14,0.6846728920936584,0.19434292614459991,0.6846728920936584,0.6846728920936584,0.0,0.0
54,15,0.5774115324020386,0.06075219810009003,0.5774115324020386,0.5774115324020386,0.0,0.007799999788403511
54,16,0.4900825023651123,0.025721926242113113,0.4900825023651123,0.4900825023651123,0.0,0.07270000129938126
54,17,0.2985808551311493,0.07973627001047134,0.2985808551311493,0.2985808551311493,0.0,0.0
54,18,0.31703421473503113,0.12783503532409668,0.31703421473503113,0.31703421473503113,0.0,0.0
54,19,0.5239402055740356,0.19771865010261536,0.5239402055740356,0.5239402055740356,0.0,0.0
54,20,0.32521480321884155,0.14204038679599762,0.32521480321884155,0.32521480321884155,0.0,0.0
54,21,0.4172723889350891,0.17155233025550842,0.4172723889350891,0.4172723889350891,0.0,0.0
54,22,0.39926138520240784,0.12480316311120987,0.39926138520240784,0.39926138520240784,0.0,0.00019999999494757503
54,23,0.3899570107460022,0.03523184359073639,0.3899570107460022,0.3899570107460022,0.0,0.029500000178813934
54,24,0.09332507848739624,0.11440746486186981,0.11440746486186981,0.11440746486186981,9.999999747378752e-05,0.0
54,25,0.3034712076187134,0.27094918489456177,0.3034712076187134,0.3034712076187134,0.0,0.0
54,26,0.22949932515621185,0.23578430712223053,0.23578430712223053,0.23578430712223053,0.0,0.0
54,27,0.286653071641922,0.09929763525724411,0.286653071641922,0.286653071641922,0.0,0.00039999998989515007
54,28,0.5160427093505859,0.25983887910842896,0.5160427093505859,0.5160427093505859,0.0,0.0
54,29,0.42789387702941895,0.026426225900650024,0.42789387702941895,0.42789387702941895,0.0,0.055799998342990875
54,30,0.32306551933288574,0.02480047196149826,0.32306551933288574,0.32306551933288574,0.0,0.04899999871850014
54,31,0.412597119808197,0.352367103099823,0.412597119808197,0.412597119808197,0.0,0.0
54,32,0.012082022614777088,-0.014057913795113564,0.012082022614777088,0.012082022614777088,0.33660000562667847,0.2231999933719635
54,33,0.09433440864086151,-0.007942091673612595,0.09433440864086151,0.09433440864086151,0.0,0.41130000352859497
54,34,0.3586387634277344,0.03595318645238876,0.3586387634277344,0.3586387634277344,0.0,0.019200000911951065
54,35,0.15655750036239624,0.008482612669467926,0.15655750036239624,0.15655750036239624,0.0,0.444599986076355
54,36,0.01269933208823204,-0.004385281354188919,0.01269933208823204,0.01269933208823204,0.23999999463558197,0.6850000023841858
54,37,0.06821376085281372,-0.0016139335930347443,0.06821376085281372,0.06821376085281372,0.0,0.8669000267982483
54,38,0.10306576639413834,0.006635189056396484,0.10306576639413834,0.10306576639413834,0.0,0.5084999799728394
54,39,0.060829803347587585,0.0010508745908737183,0.060829803347587585,0.060829803347587585,0.0,0.9273999929428101
54,40,0.344719797372818,0.04897960275411606,0.344719797372818,0.344719797372818,0.0,0.005499999970197678
54,41,0.25430020689964294,0.18103060126304626,0.25430020689964294,0.25430020689964294,0.0,0.0
54,42,0.4758298993110657,0.08830806612968445,0.4758298993110657,0.4758298993110657,0.0,0.002099999925121665
54,43,0.39734870195388794,0.06279674917459488,0.39734870195388794,0.39734870195388794,0.0,0.0017000000225380063
54,44,0.34107694029808044,0.07205688208341599,0.34107694029808044,0.34107694029808044,0.0,0.00019999999494757503
54,45,0.35548651218414307,0.16188904643058777,0.35548651218414307,0.35548651218414307,0.0,0.0
54,46,0.2509758770465851,0.0218355730175972,0.2509758770465851,0.2509758770465851,0.0,0.05719999969005585
54,47,0.28182342648506165,0.04339079558849335,0.28182342648506165,0.28182342648506165,0.0,0.006800000090152025
54,48,0.5781863927841187,0.040154214948415756,0.5781863927841187,0.5781863927841187,0.0,0.03020000085234642
54,49,0.4860917329788208,0.020271223038434982,0.4860917329788208,0.4860917329788208,0.0,0.09070000052452087
54,50,0.40355491638183594,0.036506544798612595,0.40355491638183594,0.40355491638183594,0.0,0.026100000366568565
54,51,0.4453035593032837,0.04419081658124924,0.4453035593032837,0.4453035593032837,0.0,0.016300000250339508
54,52,0.32926395535469055,0.1084158793091774,0.32926395535469055,0.32926395535469055,0.0,0.0
54,53,0.30126744508743286,0.12028254568576813,0.30126744508743286,0.30126744508743286,0.0,0.0
54,54,0.5751559734344482,0.0007591098546981812,0.5751559734344482,0.5751559734344482,0.0,0.9610999822616577
54,55,0.4616789221763611,0.003519682213664055,0.4616789221763611,0.4616789221763611,0.0,0.792900025844574
54,56,0.24164429306983948,0.06472744047641754,0.24164429306983948,0.24164429306983948,0.0,0.00039999998989515007
54,57,0.265717089176178,0.03517115116119385,0.265717089176178,0.265717089176178,0.0,0.0142000000923872
54,58,0.260446697473526,0.031108848750591278,0.260446697473526,0.260446697473526,0.0,0.014999999664723873
54,59,0.34634608030319214,0.014862112700939178,0.34634608030319214,0.34634608030319214,0.0,0.21449999511241913
54,60,0.3845783472061157,0.07229864597320557,0.3845783472061157,0.3845783472061157,0.0,0.0012000000569969416
54,61,0.49213841557502747,0.15391677618026733,0.49213841557502747,0.49213841557502747,0.0,0.0
54,62,0.36562252044677734,0.09264269471168518,0.36562252044677734,0.36562252044677734,0.0,0.0015999999595806003
54,63,0.4920175075531006,0.06895068287849426,0.4920175075531006,0.4920175075531006,0.0,0.004000000189989805
55,0,0.10201627016067505,0.03388608992099762,0.10201627016067505,0.10201627016067505,0.0,0.026100000366568565
55,1,0.18234696984291077,0.0241687148809433,0.18234696984291077,0.18234696984291077,0.0,0.05779999867081642
55,2,0.29422369599342346,0.022120047360658646,0.29422369599342346,0.29422369599342346,0.0,0.06589999794960022
55,3,0.21747250854969025,0.11655089259147644,0.21747250854969025,0.21747250854969025,0.0,0.0
55,4,0.36702263355255127,0.007885891944169998,0.36702263355255127,0.36702263355255127,0.0,0.5699999928474426
55,5,0.23203423619270325,0.15204325318336487,0.23203423619270325,0.23203423619270325,0.0,0.0
55,6,0.08855558931827545,0.0401097871363163,0.08855558931827545,0.08855558931827545,0.0,0.009399999864399433
55,7,0.027457907795906067,0.02100290358066559,0.027457907795906067,0.027457907795906067,0.06589999794960022,0.10339999943971634
55,8,0.6523923873901367,0.08901965618133545,0.6523923873901367,0.6523923873901367,0.0,0.0027000000700354576
55,9,0.6399675011634827,0.06407415121793747,0.6399675011634827,0.6399675011634827,0.0,0.01209999993443489
55,10,0.6380095481872559,0.08608943223953247,0.6380095481872559,0.6380095481872559,0.0,0.0031999999191612005
55,11,0.6216709613800049,0.06838800013065338,0.6216709613800049,0.6216709613800049,0.0,0.007199999876320362
55,12,0.6662086248397827,0.06423964351415634,0.6662086248397827,0.6662086248397827,0.0,0.010099999606609344
55,13,0.5470705032348633,0.12568752467632294,0.5470705032348633,0.5470705032348633,0.0,0.0003000000142492354
55,14,0.6186892986297607,0.09970811009407043,0.6186892986297607,0.6186892986297607,0.0,0.0013000000035390258
55,15,0.6325140595436096,0.07638975232839584,0.6325140595436096,0.6325140595436096,0.0,0.005499999970197678
55,16,0.35815489292144775,0.04990972578525543,0.35815489292144775,0.35815489292144775,0.0,0.00430000014603138
55,17,0.7394707202911377,0.009288903325796127,0.7394707202911377,0.7394707202911377,0.0,0.5565999746322632
55,18,0.6823223233222961,0.03817528113722801,0.6823223233222961,0.6823223233222961,0.0,0.041099999099969864
55,19,0.7398319244384766,0.001825571060180664,0.7398319244384766,0.7398319244384766,0.0,0.9168000221252441
55,20,0.7389746904373169,-0.010575354099273682,0.7389746904373169,0.7389746904373169,0.0,0.49470001459121704
55,21,0.7304569482803345,0.026333212852478027,0.7304569482803345,0.7304569482803345,0.0,0.0754999965429306
55,22,0.5029132962226868,0.0365290492773056,0.5029132962226868,0.5029132962226868,0.0,0.02419999986886978
55,23,0.4489101767539978,0.04021008312702179,0.4489101767539978,0.4489101767539978,0.0,0.008200000040233135
55,24,0.2660726308822632,0.1730184406042099,0.2660726308822632,0.2660726308822632,0.0,0.0
55,25,0.32443565130233765,0.012322857975959778,0.32443565130233765,0.32443565130233765,0.0,0.27480000257492065
55,26,0.15173806250095367,0.11123406887054443,0.15173806250095367,0.15173806250095367,0.0,0.0
55,27,0.47059524059295654,0.08553676307201385,0.47059524059295654,0.47059524059295654,0.0,0.000699999975040555
55,28,0.40830573439598083,0.04420365393161774,0.40830573439598083,0.40830573439598083,0.0,0.019899999722838402
55,29,0.23475871980190277,0.09088516980409622,0.23475871980190277,0.23475871980190277,0.0,9.999999747378752e-05
55,30,0.07103478908538818,0.09112763404846191,0.09112763404846191,0.09112763404846191,9.999999747378752e-05,9.999999747378752e-05
55,31,0.3632974624633789,0.05013523995876312,0.3632974624633789,0.3632974624633789,0.0,0.007000000216066837
55,32,0.4009896218776703,0.08843851834535599,0.4009896218776703,0.4009896218776703,0.0,0.00039999998989515007
55,33,0.556342363357544,0.05775328725576401,0.556342363357544,0.556342363357544,0.0,0.014499999582767487
55,34,0.5049737691879272,0.21320423483848572,0.5049737691879272,0.5049737691879272,0.0,0.0
55,35,0.55623459815979,0.01150687038898468,0.55623459815979,0.55623459815979,0.0,0.36390000581741333
55,36,0.4211880564689636,0.06348644196987152,0.4211880564689636,0.4211880564689636,0.0,0.004900000058114529
55,37,0.4658615291118622,0.13601647317409515,0.4658615291118622,0.4658615291118622,0.0,0.00019999999494757503
55,38,0.3659021854400635,0.09994469583034515,0.3659021854400635,0.3659021854400635,0.0,0.0003000000142492354
55,39,0.42765772342681885,0.020954661071300507,0.42765772342681885,0.42765772342681885,0.0,0.06620000302791595
55,40,0.45116275548934937,0.5751509070396423,0.5751509070396423,0.5751509070396423,0.0,0.0
55,41,0.3194453716278076,0.1517300307750702,0.3194453716278076,0.3194453716278076,0.0,0.0
55,42,0.43981561064720154,0.07891996949911118,0.43981561064720154,0.43981561064720154,0.0,0.0027000000700354576
55,43,0.2811168134212494,0.16921845078468323,0.2811168134212494,0.2811168134212494,0.0,0.0
55,44,0.5219876766204834,0.20622628927230835,0.5219876766204834,0.5219876766204834,0.0,0.0
55,45,0.349797785282135,0.12842410802841187,0.349797785282135,0.349797785282135,0.0,0.0
55,46,0.4329650104045868,0.10194483399391174,0.4329650104045868,0.4329650104045868,0.0,0.0012000000569969416
55,47,0.33327701687812805,0.1630861759185791,0.33327701687812805,0.33327701687812805,0.0,0.0
55,48,0.14913535118103027,-0.003692450001835823,0.14913535118103027,0.14913535118103027,0.0,0.7239000201225281
55,49,0.0959508866071701,0.006455816328525543,0.0959508866071701,0.0959508866071701,0.0,0.6072999835014343
55,50,0.09678290784358978,0.03516280651092529,0.09678290784358978,0.09678290784358978,0.0,0.010099999606609344
55,51,0.17110545933246613,0.01909615844488144,0.17110545933246613,0.17110545933246613,0.0,0.0997999981045723
55,52,0.19633808732032776,0.020940102636814117,0.19633808732032776,0.19633808732032776,0.0,0.0625
55,53,0.2780953347682953,-0.008531883358955383,0.2780953347682953,0.2780953347682953,0.0,0.4187999963760376
55,54,0.1495663821697235,0.15194372832775116,0.15194372832775116,0.15194372832775116,0.0,0.0
55,55,0.25649458169937134,0.034653156995773315,0.25649458169937134,0.25649458169937134,0.0,0.009700000286102295
55,56,0.6684403419494629,0.01605035364627838,0.6684403419494629,0.6684403419494629,0.0,0.21770000457763672
55,57,0.6348392963409424,0.055821891874074936,0.6348392963409424,0.6348392963409424,0.0,0.012000000104308128
55,58,0.47272640466690063,0.07061045616865158,0.47272640466690063,0.47272640466690063,0.0,0.000699999975040555
55,59,0.18697522580623627,0.08875468373298645,0.18697522580623627,0.18697522580623627,0.0,9.999999747378752e-05
55,60,0.5319621562957764,0.05339678376913071,0.5319621562957764,0.5319621562957764,0.0,0.014299999922513962
55,61,0.47563105821609497,0.03608601912856102,0.47563105821609497,0.47563105821609497,0.0,0.03660000115633011
55,62,0.45395326614379883,0.09889140725135803,0.45395326614379883,0.45395326614379883,0.0,9.999999747378752e-05
55,63,0.6345940232276917,0.05170132964849472,0.6345940232276917,0.6345940232276917,0.0,0.01850000023841858
56,0,0.47177883982658386,0.24037638306617737,0.47177883982658386,0.47177883982658386,0.0,0.0
56,1,0.47661566734313965,0.13688421249389648,0.47661566734313965,0.47661566734313965,0.0,0.0
56,2,0.24084392189979553,0.013400137424468994,0.24084392189979553,0.24084392189979553,0.0,0.3310999870300293
56,3,0.5018503665924072,0.11649817228317261,0.5018503665924072,0.5018503665924072,0.0,0.00039999998989515007
56,4,0.3341646194458008,0.44552671909332275,0.44552671909332275,0.44552671909332275,0.0,0.0
56,5,0.33572953939437866,0.28173965215682983,0.33572953939437866,0.33572953939437866,0.0,0.0
56,6,0.42680585384368896,0.06830783933401108,0.42680585384368896,0.42680585384368896,0.0,0.003100000089034438
56,7,0.17776130139827728,0.13790662586688995,0.17776130139827728,0.17776130139827728,0.0,0.0
56,8,0.5134421586990356,0.09862253069877625,0.5134421586990356,0.5134421586990356,0.0,0.0010000000474974513
56,9,0.6678595542907715,0.10786914080381393,0.6678595542907715,0.6678595542907715,0.0,0.000699999975040555
56,10,0.6272746324539185,0.0641508549451828,0.6272746324539185,0.6272746324539185,0.0,0.007000000216066837
56,11,0.5960184335708618,0.10877428948879242,0.5960184335708618,0.5960184335708618,0.0,0.00039999998989515007
56,12,0.49751946330070496,0.13831326365470886,0.49751946330070496,0.49751946330070496,0.0,9.999999747378752e-05
56,13,0.5441552400588989,0.10465683788061142,0.5441552400588989,0.5441552400588989,0.0,0.0003000000142492354
56,14,0.6654355525970459,0.059112247079610825,0.6654355525970459,0.6654355525970459,0.0,0.008200000040233135
56,15,0.6209492087364197,0.08913102746009827,0.6209492087364197,0.6209492087364197,0.0,0.0020000000949949026
56,16,0.24698320031166077,0.23911970853805542,0.24698320031166077,0.24698320031166077,0.0,0.0
56,17,0.08651578426361084,0.03739085793495178,0.08651578426361084,0.08651578426361084,0.0003000000142492354,0.03909999877214432
56,18,0.1473090946674347,0.15101847052574158,0.15101847052574158,0.15101847052574158,0.0,0.0
56,19,0.1731330156326294,0.077904112637043,0.1731330156326294,0.1731330156326294,0.0,0.00019999999494757503
56,20,0.2660076320171356,0.25229573249816895,0.2660076320171356,0.2660076320171356,0.0,0.0
56,21,0.15302826464176178,0.12516669929027557,0.15302826464176178,0.15302826464176178,0.0,0.0
56,22,0.3208552896976471,0.22694921493530273,0.3208552896976471,0.3208552896976471,0.0,0.0
56,23,0.16280829906463623,0.1636802852153778,0.1636802852153778,0.1636802852153778,0.0,0.0
56,24,0.06735417991876602,-0.006649397313594818,0.06735417991876602,0.06735417991876602,0.0,0.5040000081062317
56,25,0.08532056957483292,0.071155846118927,0.08532056957483292,0.08532056957483292,0.0,0.0
56,26,0.27228444814682007,0.2581186890602112,0.27228444814682007,0.27228444814682007,0.0,0.0
56,27,0.16620686650276184,0.15294119715690613,0.16620686650276184,0.16620686650276184,0.0,0.0
56,28,0.1092163622379303,0.03295837715268135,0.1092163622379303,0.1092163622379303,0.0,0.03779999911785126
56,29,0.23465603590011597,0.15656526386737823,0.23465603590011597,0.23465603590011597,0.0,0.0
56,30,0.19135960936546326,0.19555272161960602,0.19555272161960602,0.19555272161960602,0.0,0.0
56,31,0.20844364166259766,0.10303211212158203,0.20844364166259766,0.20844364166259766,0.0,0.0
56,32,0.5613774061203003,0.14494118094444275,0.5613774061203003,0.5613774061203003,0.0,0.0
56,33,0.542167067527771,0.1627415120601654,0.542167067527771,0.542167067527771,0.0,0.0
56,34,0.5463050603866577,0.04729694128036499,0.5463050603866577,0.5463050603866577,0.0,0.017100000753998756
56,35,0.35111671686172485,0.08481861650943756,0.35111671686172485,0.35111671686172485,0.0,0.00039999998989515007
56,36,0.45888590812683105,0.09806914627552032,0.45888590812683105,0.45888590812683105,0.0,0.00019999999494757503
56,37,0.3831367492675781,0.04382409155368805,0.3831367492675781,0.3831367492675781,0.0,0.005200000014156103
56,38,0.5791777968406677,0.13372290134429932,0.5791777968406677,0.5791777968406677,0.0,0.00019999999494757503
56,39,0.4921034872531891,0.15501828491687775,0.4921034872531891,0.4921034872531891,0.0,0.0
56,40,0.21917793154716492,0.22656479477882385,0.22656479477882385,0.22656479477882385,0.0,0.0
56,41,0.4485350549221039,0.2099614143371582,0.4485350549221039,0.4485350549221039,0.0,0.0
56,42,0.3772386312484741,0.27714547514915466,0.3772386312484741,0.3772386312484741,0.0,0.0
56,43,0.26960664987564087,0.05921459197998047,0.26960664987564087,0.26960664987564087,0.0,0.002099999925121665
56,44,0.38151299953460693,0.1767813265323639,0.38151299953460693,0.38151299953460693,0.0,0.0
56,45,0.44203197956085205,0.25682157278060913,0.44203197956085205,0.44203197956085205,0.0,0.0
56,46,0.23538732528686523,0.21480779349803925,0.23538732528686523,0.23538732528686523,0.0,0.0
56,47,0.2971367835998535,0.1714925467967987,0.2971367835998535,0.2971367835998535,0.0,0.0
56,48,0.5276666879653931,0.08824733644723892,0.5276666879653931,0.5276666879653931,0.0,0.0034000000450760126
56,49,0.354229211807251,0.07629779726266861,0.354229211807251,0.354229211807251,0.0,0.0027000000700354576
56,50,0.39626553654670715,0.027943015098571777,0.39626553654670715,0.39626553654670715,0.0,0.03550000116229057
56,51,0.30001509189605713,0.061141449958086014,0.30001509189605713,0.30001509189605713,0.0,0.005799999926239252
56,52,0.3313167691230774,0.12554416060447693,0.3313167691230774,0.3313167691230774,0.0,0.0
56,53,0.4495011568069458,0.1670108586549759,0.4495011568069458,0.4495011568069458,0.0,0.0
56,54,0.5454187989234924,0.056128259748220444,0.5454187989234924,0.5454187989234924,0.0,0.010900000110268593
56,55,0.40725576877593994,0.03148076683282852,0.40725576877593994,0.40725576877593994,0.0,0.042500000447034836
56,56,0.2697685956954956,0.09331195801496506,0.2697685956954956,0.2697685956954956,0.0,0.00039999998989515007
56,57,0.26937979459762573,0.31031686067581177,0.31031686067581177,0.31031686067581177,0.0,0.0
56,58,0.28836166858673096,0.17920160293579102,0.28836166858673096,0.28836166858673096,0.0,0.0
56,59,0.3045516908168793,0.046915680170059204,0.3045516908168793,0.3045516908168793,0.0,0.00860000029206276
56,60,0.48282623291015625,0.01988958567380905,0.48282623291015625,0.48282623291015625,0.0,0.09430000185966492
56,61,0.4115552604198456,0.06337161362171173,0.4115552604198456,0.4115552604198456,0.0,0.005799999926239252
56,62,0.20964215695858002,0.13690915703773499,0.20964215695858002,0.20964215695858002,0.0,0.0
56,63,0.3333885967731476,0.06368837505578995,0.3333885967731476,0.3333885967731476,0.0,0.0007999999797903001
57,0,0.14261583983898163,0.0576145276427269,0.14261583983898163,0.14261583983898163,0.0,0.000699999975040555
57,1,0.10574515163898468,0.03556697443127632,0.10574515163898468,0.10574515163898468,0.0,0.007300000172108412
57,2,0.04497016221284866,-0.00031778961420059204,0.04497016221284866,0.04497016221284866,0.004999999888241291,0.9824000000953674
57,3,0.5772923231124878,0.16581983864307404,0.5772923231124878,0.5772923231124878,0.0,0.0
57,4,0.06617075204849243,0.005548220127820969,0.06617075204849243,0.06617075204849243,9.999999747378752e-05,0.6561999917030334
57,5,0.2280959188938141,0.050652869045734406,0.2280959188938141,0.2280959188938141,0.0,0.0024999999441206455
57,6,0.18921104073524475,0.1764850616455078,0.18921104073524475,0.18921104073524475,0.0,0.0
57,7,0.08557463437318802,0.06908045709133148,0.08557463437318802,0.08557463437318802,0.0,9.999999747378752e-05
57,8,0.1613026261329651,0.42261987924575806,0.42261987924575806,0.42261987924575806,0.0,0.0
57,9,0.15873035788536072,0.3013860285282135,0.3013860285282135,0.3013860285282135,0.0,0.0
57,10,0.2850222885608673,0.42101070284843445,0.42101070284843445,0.42101070284843445,0.0,0.0
57,11,0.1731029748916626,0.28327518701553345,0.28327518701553345,0.28327518701553345,0.0,0.0
57,12,0.20180442929267883,0.11259406805038452,0.20180442929267883,0.20180442929267883,0.0,0.0
57,13,0.28331083059310913,0.44790083169937134,0.44790083169937134,0.44790083169937134,0.0,0.0
57,14,0.11295787245035172,0.13709096610546112,0.13709096610546112,0.13709096610546112,0.0,0.0
57,15,0.30494776368141174,0.3087015748023987,0.3087015748023987,0.3087015748023987,0.0,0.0
57,16,0.5859266519546509,0.003966890275478363,0.5859266519546509,0.5859266519546509,0.0,0.8011000156402588
57,17,0.44687405228614807,0.10509532690048218,0.44687405228614807,0.44687405228614807,0.0,0.00019999999494757503
57,18,0.3312476873397827,0.043375834822654724,0.3312476873397827,0.3312476873397827,0.0,0.013199999928474426
57,19,0.3703148663043976,0.02854315936565399,0.3703148663043976,0.3703148663043976,0.0,0.03269999846816063
57,20,0.6079831719398499,0.02237192541360855,0.6079831719398499,0.6079831719398499,0.0,0.09220000356435776
57,21,0.197557270526886,0.3884947896003723,0.3884947896003723,0.3884947896003723,0.0,0.0
57,22,0.3529243767261505,0.06569541245698929,0.3529243767261505,0.3529243767261505,0.0,0.0031999999191612005
57,23,0.25060293078422546,0.10714264214038849,0.25060293078422546,0.25060293078422546,0.0,9.999999747378752e-05
57,24,0.5285485982894897,0.059752389788627625,0.5285485982894897,0.5285485982894897,0.0,0.006099999882280827
57,25,0.3942045569419861,0.1157616376876831,0.3942045569419861,0.3942045569419861,0.0,0.00019999999494757503
57,26,0.2921927869319916,0.03080112114548683,0.2921927869319916,0.2921927869319916,0.0,0.03350000083446503
57,27,0.5160872936248779,0.06255561858415604,0.5160872936248779,0.5160872936248779,0.0,0.008500000461935997
57,28,0.6341325044631958,0.04125849902629852,0.6341325044631958,0.6341325044631958,0.0,0.027899999171495438
57,29,0.2122391313314438,0.17692075669765472,0.2122391313314438,0.2122391313314438,0.0,0.0
57,30,0.4667852520942688,0.14795535802841187,0.4667852520942688,0.4667852520942688,0.0,0.0
57,31,0.30670902132987976,0.06580573320388794,0.30670902132987976,0.30670902132987976,0.0,0.00139999995008111
57,32,0.623002827167511,0.06997661292552948,0.623002827167511,0.623002827167511,0.0,0.00559999980032444
57,33,0.6270262002944946,0.08888262510299683,0.6270262002944946,0.6270262002944946,0.0,0.0027000000700354576
57,34,0.6435246467590332,0.10064031928777695,0.6435246467590332,0.6435246467590332,0.0,0.0010999999940395355
57,35,0.6117022037506104,0.12689517438411713,0.6117022037506104,0.6117022037506104,0.0,0.0005000000237487257
57,36,0.6253606081008911,0.1127907782793045,0.6253606081008911,0.6253606081008911,0.0,0.0005000000237487257
57,37,0.6541203856468201,0.08641451597213745,0.6541203856468201,0.6541203856468201,0.0,0.0031999999191612005
57,38,0.645416259765625,0.09817154705524445,0.645416259765625,0.645416259765625,0.0,0.001500000013038516
57,39,0.6409759521484375,0.1026345044374466,0.6409759521484375,0.6409759521484375,0.0,0.0010999999940395355
57,40,0.438242107629776,0.0123218335211277,0.438242107629776,0.438242107629776,0.0,0.3418999910354614
57,41,0.2072281539440155,0.03551425039768219,0.2072281539440155,0.2072281539440155,0.0,0.010200000368058681
57,42,0.129509836435318,0.05813806504011154,0.129509836435318,0.129509836435318,0.0,0.0005000000237487257
57,43,0.41983580589294434,0.03236335143446922,0.41983580589294434,0.41983580589294434,0.0,0.04010000079870224
57,44,0.1666370928287506,0.05127042904496193,0.1666370928287506,0.1666370928287506,0.0,0.002199999988079071
57,45,0.08483844995498657,0.22861063480377197,0.22861063480377197,0.22861063480377197,0.0,0.0
57,46,0.1531909704208374,0.10225117206573486,0.1531909704208374,0.1531909704208374,0.0,0.0
57,47,0.2881067097187042,0.02253151684999466,0.2881067097187042,0.2881067097187042,0.0,0.06970000267028809
57,48,0.3559819757938385,0.07485246658325195,0.3559819757938385,0.3559819757938385,0.0,0.000699999975040555
57,49,0.4695109724998474,0.07735352963209152,0.4695109724998474,0.4695109724998474,0.0,0.0010999999940395355
57,50,0.3048170506954193,0.0002782195806503296,0.3048170506954193,0.3048170506954193,0.0,0.9814000129699707
57,51,0.4386618137359619,0.08660046756267548,0.4386618137359619,0.4386618137359619,0.0,0.000699999975040555
57,52,0.22889864444732666,0.12845362722873688,0.22889864444732666,0.22889864444732666,0.0,0.0
57,53,0.36807781457901,0.09818782657384872,0.36807781457901,0.36807781457901,0.0,0.000699999975040555
57,54,0.27553319931030273,0.017390936613082886,0.27553319931030273,0.27553319931030273,0.0,0.06960000097751617
57,55,0.38535311818122864,0.04407911002635956,0.38535311818122864,0.38535311818122864,0.0,0.017899999395012856
57,56,0.39870786666870117,0.11956401914358139,0.39870786666870117,0.39870786666870117,0.0,0.0
57,57,0.3743003010749817,0.0029992833733558655,0.3743003010749817,0.3743003010749817,0.0,0.7825999855995178
57,58,0.1545834094285965,0.089838407933712,0.1545834094285965,0.1545834094285965,0.0,0.0003000000142492354
57,59,0.5160833597183228,0.012485604733228683,0.5160833597183228,0.5160833597183228,0.0,0.24570000171661377
57,60,0.44024989008903503,-5.412846803665161e-05,0.44024989008903503,0.44024989008903503,0.0,0.996999979019165
57,61,0.2237679809331894,0.1330699622631073,0.2237679809331894,0.2237679809331894,0.0,0.0
57,62,0.23871168494224548,0.075910285115242,0.23871168494224548,0.23871168494224548,0.0,0.0003000000142492354
57,63,0.3720429241657257,0.028703540563583374,0.3720429241657257,0.3720429241657257,0.0,0.04259999841451645
58,0,0.14240401983261108,0.23426751792430878,0.23426751792430878,0.23426751792430878,0.0,0.0
58,1,0.4010528028011322,0.21480391919612885,0.4010528028011322,0.4010528028011322,0.0,0.0
58,2,0.09735390543937683,0.039252862334251404,0.09735390543937683,0.09735390543937683,0.0,0.012299999594688416
58,3,0.2791188955307007,0.030651606619358063,0.2791188955307007,0.2791188955307007,0.0,0.019500000402331352
58,4,0.28488028049468994,0.17095834016799927,0.28488028049468994,0.28488028049468994,0.0,0.0
58,5,0.17583072185516357,0.04165123030543327,0.17583072185516357,0.17583072185516357,0.0,0.0066999997943639755
58,6,0.03924936428666115,0.0066389888525009155,0.03924936428666115,0.03924936428666115,0.00839999970048666,0.5435000061988831
58,7,0.135188028216362,0.08559153974056244,0.135188028216362,0.135188028216362,0.0,0.00019999999494757503
58,8,0.5756989121437073,0.08245452493429184,0.5756989121437073,0.5756989121437073,0.0,0.004000000189989805
58,9,0.4228370785713196,0.11585109680891037,0.4228370785713196,0.4228370785713196,0.0,0.00019999999494757503
58,10,0.5158435106277466,0.0015251524746418,0.5158435106277466,0.5158435106277466,0.0,0.9307000041007996
58,11,0.2428809255361557,0.09739576280117035,0.2428809255361557,0.2428809255361557,0.0,0.00019999999494757503
58,12,0.5049746036529541,0.036105796694755554,0.5049746036529541,0.5049746036529541,0.0,0.0421999990940094
58,13,0.4908219575881958,0.00018592923879623413,0.4908219575881958,0.4908219575881958,0.0,0.9898999929428101
58,14,0.3119453489780426,0.06364604085683823,0.3119453489780426,0.3119453489780426,0.0,0.001500000013038516
58,15,0.41764140129089355,0.09709775447845459,0.41764140129089355,0.41764140129089355,0.0,9.999999747378752e-05
58,16,0.2888815104961395,0.11223845183849335,0.2888815104961395,0.2888815104961395,0.0,0.0
58,17,0.24019384384155273,0.032328009605407715,0.24019384384155273,0.24019384384155273,0.0,0.032499998807907104
58,18,0.387607216835022,0.13697750866413116,0.387607216835022,0.387607216835022,0.0,9.999999747378752e-05
58,19,0.398628294467926,0.012800268828868866,0.398628294467926,0.398628294467926,0.0,0.25279998779296875
58,20,0.4747362434864044,0.08141689002513885,0.4747362434864044,0.4747362434864044,0.0,0.002300000051036477
58,21,0.46536487340927124,0.10254088044166565,0.46536487340927124,0.46536487340927124,0.0,0.0006000000284984708
58,22,0.38783761858940125,0.02738587185740471,0.38783761858940125,0.38783761858940125,0.0,0.046799998730421066
58,23,0.24718408286571503,0.11069422960281372,0.24718408286571503,0.24718408286571503,0.0,0.0
58,24,0.5212247371673584,0.20258170366287231,0.5212247371673584,0.5212247371673584,0.0,0.0
58,25,0.576027512550354,0.13864250481128693,0.576027512550354,0.576027512550354,0.0,0.00019999999494757503
58,26,0.5006645321846008,0.16884547472000122,0.5006645321846008,0.5006645321846008,0.0,0.0
58,27,0.5496489405632019,0.13865043222904205,0.5496489405632019,0.5496489405632019,0.0,0.0
58,28,0.5353166460990906,0.12579473853111267,0.5353166460990906,0.5353166460990906,0.0,0.0
58,29,0.5414178967475891,0.1427609622478485,0.5414178967475891,0.5414178967475891,0.0,0.0
58,30,0.589996874332428,0.15372279286384583,0.589996874332428,0.589996874332428,0.0,0.0
58,31,0.655160665512085,0.08254338055849075,0.655160665512085,0.655160665512085,0.0,0.003000000026077032
58,32,0.31695756316185,0.002206847071647644,0.31695756316185,0.31695756316185,0.0,0.8560000061988831
58,33,0.2934383451938629,0.00792783498764038,0.2934383451938629,0.2934383451938629,0.0,0.36469998955726624
58,34,0.4981449842453003,0.05953174829483032,0.4981449842453003,0.4981449842453003,0.0,0.009800000116229057
58,35,0.39157673716545105,0.05531398952007294,0.39157673716545105,0.39157673716545105,0.0,0.006399999838322401
58,36,0.206298828125,0.03479054570198059,0.206298828125,0.206298828125,0.0,0.013399999588727951
58,37,0.1871570646762848,0.12011183798313141,0.1871570646762848,0.1871570646762848,0.0,0.0
58,38,0.398293137550354,0.11328621208667755,0.398293137550354,0.398293137550354,0.0,0.00039999998989515007
58,39,0.24458786845207214,0.08413651585578918,0.24458786845207214,0.24458786845207214,0.0,0.0006000000284984708
58,40,0.33290037512779236,0.08769960701465607,0.33290037512779236,0.33290037512779236,0.0,0.0006000000284984708
58,41,0.3837796449661255,0.11770205944776535,0.3837796449661255,0.3837796449661255,0.0,0.0
58,42,0.3230464458465576,0.045700713992118835,0.3230464458465576,0.3230464458465576,0.0,0.005400000140070915
58,43,0.480746328830719,0.17857429385185242,0.480746328830719,0.480746328830719,0.0,0.0
58,44,0.17989525198936462,0.12583771347999573,0.17989525198936462,0.17989525198936462,0.0,0.0
58,45,0.23545435070991516,0.01736769825220108,0.23545435070991516,0.23545435070991516,0.0,0.07999999821186066
58,46,0.24106919765472412,0.16284382343292236,0.24106919765472412,0.24106919765472412,0.0,0.0
58,47,0.45477914810180664,0.044795893132686615,0.45477914810180664,0.45477914810180664,0.0,0.01549999974668026
58,48,0.2277282476425171,0.017657049000263214,0.2277282476425171,0.2277282476425171,0.0,0.06480000168085098
58,49,0.3344104290008545,0.1333571821451187,0.3344104290008545,0.3344104290008545,0.0,9.999999747378752e-05
58,50,0.47033363580703735,0.10200726985931396,0.47033363580703735,0.47033363580703735,0.0,0.0010000000474974513
58,51,0.20465345680713654,0.000647030770778656,0.20465345680713654,0.20465345680713654,0.0,0.9437000155448914
58,52,0.3301995098590851,0.12829674780368805,0.3301995098590851,0.3301995098590851,0.0,9.999999747378752e-05
58,53,0.19346065819263458,0.12560904026031494,0.19346065819263458,0.19346065819263458,0.0,0.0
58,54,0.38396352529525757,0.006380148231983185,0.38396352529525757,0.38396352529525757,0.0,0.5375000238418579
58,55,0.2764922082424164,0.12205367535352707,0.2764922082424164,0.2764922082424164,0.0,0.0
58,56,0.3564167618751526,0.09544636309146881,0.3564167618751526,0.3564167618751526,0.0,0.00019999999494757503
58,57,0.24308058619499207,0.08565329760313034,0.24308058619499207,0.24308058619499207,0.0,0.0003000000142492354
58,58,0.4938320815563202,0.12341265380382538,0.4938320815563202,0.4938320815563202,0.0,0.0
58,59,0.321582555770874,0.05922014266252518,0.321582555770874,0.321582555770874,0.0,0.006500000134110451
58,60,0.20885680615901947,0.039923496544361115,0.20885680615901947,0.20885680615901947,0.0,0.007199999876320362
58,61,0.23702052235603333,0.14585639536380768,0.23702052235603333,0.23702052235603333,0.0,0.0
58,62,0.5035722255706787,0.043555598706007004,0.5035722255706787,0.5035722255706787,0.0,0.023099999874830246
58,63,0.3816789388656616,0.18123909831047058,0.3816789388656616,0.3816789388656616,0.0,0.0
59,0,0.39519447088241577,-0.0015348494052886963,0.39519447088241577,0.39519447088241577,0.0,0.8903999924659729
59,1,0.47381216287612915,0.05828065425157547,0.47381216287612915,0.47381216287612915,0.0,0.007699999958276749
59,2,0.5296130776405334,0.09419180452823639,0.5296130776405334,0.5296130776405334,0.0,0.0017000000225380063
59,3,0.15955954790115356,0.27494946122169495,0.27494946122169495,0.27494946122169495,0.0,0.0
59,4,0.48898184299468994,0.0711534172296524,0.48898184299468994,0.48898184299468994,0.0,0.006000000052154064
59,5,0.5326630473136902,0.05887463316321373,0.5326630473136902,0.5326630473136902,0.0,0.014999999664723873
59,6,0.5199810266494751,-0.00799274817109108,0.5199810266494751,0.5199810266494751,0.0,0.541100025177002
59,7,0.4632650315761566,0.137716144323349,0.4632650315761566,0.4632650315761566,0.0,9.999999747378752e-05
59,8,0.39443275332450867,0.10196597874164581,0.39443275332450867,0.39443275332450867,0.0,0.0013000000035390258
59,9,0.4265691637992859,0.08067339658737183,0.4265691637992859,0.4265691637992859,0.0,0.0006000000284984708
59,10,0.5408602952957153,0.16870877146720886,0.5408602952957153,0.5408602952957153,0.0,0.0
59,11,0.4240971803665161,0.2302783727645874,0.4240971803665161,0.4240971803665161,0.0,0.0
59,12,0.5061137676239014,0.0875052809715271,0.5061137676239014,0.5061137676239014,0.0,0.0024999999441206455
59,13,0.2632470726966858,0.09032172709703445,0.2632470726966858,0.2632470726966858,0.0,0.0005000000237487257
59,14,0.25358957052230835,0.1863335818052292,0.25358957052230835,0.25358957052230835,0.0,0.0
59,15,0.2537729740142822,0.018491068854928017,0.2537729740142822,0.2537729740142822,0.0,0.11640000343322754
59,16,0.1298256814479828,-0.014089487493038177,0.1298256814479828,0.1298256814479828,0.0,0.1476999968290329
59,17,0.07678401470184326,-0.009729516692459583,0.07678401470184326,0.07678401470184326,0.0,0.42419999837875366
59,18,0.14865484833717346,0.010661406442523003,0.14865484833717346,0.14865484833717346,0.0,0.4805999994277954
59,19,0.027629181742668152,0.0544518306851387,0.0544518306851387,0.0544518306851387,0.01360000018030405,0.00019999999494757503
59,20,0.07220529764890671,0.022996772080659866,0.07220529764890671,0.07220529764890671,0.0,0.050999999046325684
59,21,0.08740822970867157,0.0007001087069511414,0.08740822970867157,0.08740822970867157,0.0,0.9449999928474426
59,22,0.04344865307211876,-0.002544790506362915,0.04344865307211876,0.04344865307211876,0.002199999988079071,0.8306999802589417
59,23,0.13409188389778137,0.04126992076635361,0.13409188389778137,0.13409188389778137,0.0,0.00559999980032444
59,24,0.10768064856529236,0.04733061417937279,0.10768064856529236,0.10768064856529236,0.0,0.003700000001117587
59,25,0.0400569774210453,-0.013581931591033936,0.0400569774210453,0.0400569774210453,0.002199999988079071,0.13249999284744263
59,26,0.03402327373623848,0.004956014454364777,0.03402327373623848,0.03402327373623848,0.00570000009611249,0.6306999921798706
59,27,0.2374616414308548,0.09013158828020096,0.2374616414308548,0.2374616414308548,0.0,9.999999747378752e-05
59,28,0.18882951140403748,0.004000172019004822,0.18882951140403748,0.18882951140403748,0.0,0.6776999831199646
59,29,0.058501049876213074,0.02225707471370697,0.058501049876213074,0.058501049876213074,9.999999747378752e-05,0.04100000113248825
59,30,0.16630832850933075,0.07303725928068161,0.16630832850933075,0.16630832850933075,0.0,9.999999747378752e-05
59,31,0.07143738120794296,-0.01078488677740097,0.07143738120794296,0.07143738120794296,0.0,0.19120000302791595
59,32,0.39774394035339355,0.17687709629535675,0.39774394035339355,0.39774394035339355,0.0,0.0
59,33,0.28277885913848877,0.15194793045520782,0.28277885913848877,0.28277885913848877,0.0,0.0
59,34,0.4709849953651428,0.10524211078882217,0.4709849953651428,0.4709849953651428,0.0,0.0006000000284984708
59,35,0.5765341520309448,0.16039061546325684,0.5765341520309448,0.5765341520309448,0.0,0.0
59,36,0.21812790632247925,0.14455567300319672,0.21812790632247925,0.21812790632247925,0.0,0.0
59,37,0.3953004479408264,0.150705486536026,0.3953004479408264,0.3953004479408264,0.0,0.0
59,38,0.5925041437149048,0.2062154859304428,0.5925041437149048,0.5925041437149048,0.0,0.0
59,39,0.4231145977973938,0.1267821043729782,0.4231145977973938,0.4231145977973938,0.0,0.0
59,40,0.3562401831150055,0.10617364197969437,0.3562401831150055,0.3562401831150055,0.0,0.0
59,41,0.1181827187538147,0.27360987663269043,0.27360987663269043,0.27360987663269043,0.0,0.0
59,42,0.42390725016593933,0.023343300446867943,0.42390725016593933,0.42390725016593933,0.0,0.07810000330209732
59,43,0.41182076930999756,0.053049176931381226,0.41182076930999756,0.41182076930999756,0.0,0.013199999928474426
59,44,0.36243462562561035,0.012607723474502563,0.36243462562561035,0.36243462562561035,0.0,0.24210000038146973
59,45,0.2473091185092926,0.10730116814374924,0.2473091185092926,0.2473091185092926,0.0,9.999999747378752e-05
59,46,0.31843316555023193,0.134810209274292,0.31843316555023193,0.31843316555023193,0.0,9.999999747378752e-05
59,47,0.19668099284172058,0.10594883561134338,0.19668099284172058,0.19668099284172058,0.0,0.0
59,48,0.45400118827819824,0.050897471606731415,0.45400118827819824,0.45400118827819824,0.0,0.009700000286102295
59,49,0.4743891954421997,0.06293170154094696,0.4743891954421997,0.4743891954421997,0.0,0.006599999964237213
59,50,0.3651663661003113,0.1009053885936737,0.3651663661003113,0.3651663661003113,0.0,0.000699999975040555
59,51,0.41903913021087646,0.1360320895910263,0.41903913021087646,0.41903913021087646,0.0,9.999999747378752e-05
59,52,0.18529626727104187,0.06845007091760635,0.18529626727104187,0.18529626727104187,0.0,0.0
59,53,0.11233369261026382,0.07591930776834488,0.11233369261026382,0.11233369261026382,0.0,0.00019999999494757503
59,54,0.23162879049777985,0.22831229865550995,0.23162879049777985,0.23162879049777985,0.0,0.0
59,55,0.3842666447162628,0.07316945493221283,0.3842666447162628,0.3842666447162628,0.0,0.0010000000474974513
59,56,0.5914354920387268,0.09644655138254166,0.5914354920387268,0.5914354920387268,0.0,0.0010999999940395355
59,57,0.5366524457931519,0.16583994030952454,0.5366524457931519,0.5366524457931519,0.0,0.0
59,58,0.5339601039886475,0.08601032197475433,0.5339601039886475,0.5339601039886475,0.0,0.0026000000070780516
59,59,0.5907537937164307,0.10058342665433884,0.5907537937164307,0.5907537937164307,0.0,0.00139999995008111
59,60,0.4922691881656647,0.17834843695163727,0.4922691881656647,0.4922691881656647,0.0,0.0
59,61,0.37795746326446533,0.1134478747844696,0.37795746326446533,0.37795746326446533,0.0,0.00019999999494757503
59,62,0.5442360639572144,0.08541462570428848,0.5442360639572144,0.5442360639572144,0.0,0.0026000000070780516
59,63,0.46282821893692017,0.06889175623655319,0.46282821893692017,0.46282821893692017,0.0,0.00419999985024333
60,0,0.2395176887512207,0.07469874620437622,0.2395176887512207,0.2395176887512207,0.0,0.0003000000142492354
60,1,0.37968912720680237,0.03396274894475937,0.37968912720680237,0.37968912720680237,0.0,0.031300000846385956
60,2,0.4073580801486969,0.15770812332630157,0.4073580801486969,0.4073580801486969,0.0,0.0
60,3,0.17362980544567108,0.054355770349502563,0.17362980544567108,0.17362980544567108,0.0,0.002400000113993883
60,4,0.44598039984703064,0.07487048208713531,0.44598039984703064,0.44598039984703064,0.0,0.00279999990016222
60,5,0.4865528345108032,0.08489389717578888,0.4865528345108032,0.4865528345108032,0.0,0.0013000000035390258
60,6,0.2567312717437744,0.0488235205411911,0.2567312717437744,0.2567312717437744,0.0,0.0034000000450760126
60,7,0.46460169553756714,0.10142514109611511,0.46460169553756714,0.46460169553756714,0.0,0.0005000000237487257
60,8,0.3044290542602539,0.006530404090881348,0.3044290542602539,0.3044290542602539,0.0,0.6399000287055969
60,9,0.4463618993759155,0.09377409517765045,0.4463618993759155,0.4463618993759155,0.0,0.0005000000237487257
60,10,0.6044949293136597,0.1840004175901413,0.6044949293136597,0.6044949293136597,0.0,0.0
60,11,0.4333614110946655,0.07032562047243118,0.4333614110946655,0.4333614110946655,0.0,0.002899999963119626
60,12,0.5270850658416748,0.11680763959884644,0.5270850658416748,0.5270850658416748,0.0,0.0003000000142492354
60,13,0.573358416557312,0.1099546030163765,0.573358416557312,0.573358416557312,0.0,0.0005000000237487257
60,14,0.5507937669754028,0.15090423822402954,0.5507937669754028,0.5507937669754028,0.0,0.0
60,15,0.08270692825317383,0.004484169185161591,0.08270692825317383,0.08270692825317383,0.00019999999494757503,0.760200023651123
60,16,0.060820065438747406,0.03821030259132385,0.060820065438747406,0.060820065438747406,9.999999747378752e-05,0.006599999964237213
60,17,0.2718510031700134,0.13514503836631775,0.2718510031700134,0.2718510031700134,0.0,0.0
60,18,0.15058988332748413,0.1472170352935791,0.15058988332748413,0.15058988332748413,0.0,0.0
60,19,0.3137415945529938,0.20148608088493347,0.3137415945529938,0.3137415945529938,0.0,0.0
60,20,0.06006518006324768,0.02108551561832428,0.06006518006324768,0.06006518006324768,0.0,0.059300001710653305
60,21,0.3417653441429138,0.0010921582579612732,0.3417653441429138,0.3417653441429138,0.0,0.9438999891281128
60,22,0.1559462994337082,0.06777074187994003,0.1559462994337082,0.1559462994337082,0.0,0.00039999998989515007
60,23,0.250316858291626,0.07499678432941437,0.250316858291626,0.250316858291626,0.0,0.0010999999940395355
60,24,0.2521573305130005,0.00582471489906311,0.2521573305130005,0.2521573305130005,0.0,0.6686000227928162
60,25,0.14713981747627258,0.0014425665140151978,0.14713981747627258,0.14713981747627258,0.0,0.9090999960899353
60,26,0.2685888409614563,0.0589086078107357,0.2685888409614563,0.2685888409614563,0.0,0.0038999998942017555
60,27,0.2514905035495758,0.08211493492126465,0.2514905035495758,0.2514905035495758,0.0,0.0005000000237487257
60,28,0.4484402537345886,0.03703834116458893,0.4484402537345886,0.4484402537345886,0.0,0.03350000083446503
60,29,0.18618908524513245,0.05632045492529869,0.18618908524513245,0.18618908524513245,0.0,0.0010999999940395355
60,30,0.2839006185531616,0.05422700196504593,0.2839006185531616,0.2839006185531616,0.0,0.003000000026077032
60,31,0.14327092468738556,0.029152464121580124,0.14327092468738556,0.14327092468738556,0.0,0.03240000084042549
60,32,0.29485511779785156,0.07713840901851654,0.29485511779785156,0.29485511779785156,0.0,0.00019999999494757503
60,33,0.46599745750427246,0.14299580454826355,0.46599745750427246,0.46599745750427246,0.0,0.0
60,34,0.350686639547348,0.08658035099506378,0.350686639547348,0.350686639547348,0.0,0.00019999999494757503
60,35,0.23771163821220398,0.01726466417312622,0.23771163821220398,0.23771163821220398,0.0,0.06509999930858612
60,36,0.5214136838912964,0.10614201426506042,0.5214136838912964,0.5214136838912964,0.0,0.00039999998989515007
60,37,0.12910811603069305,0.17207616567611694,0.17207616567611694,0.17207616567611694,0.0,0.0
60,38,0.5306922197341919,0.15332312881946564,0.5306922197341919,0.5306922197341919,0.0,0.0
60,39,0.27187010645866394,0.08344919979572296,0.27187010645866394,0.27187010645866394,0.0,0.00139999995008111
60,40,0.06573648750782013,-0.013016395270824432,0.06573648750782013,0.06573648750782013,0.0,0.1818999946117401
60,41,0.04084757715463638,0.005035415291786194,0.04084757715463638,0.04084757715463638,0.0015999999595806003,0.6147000193595886
60,42,0.18630516529083252,0.002992004156112671,0.18630516529083252,0.18630516529083252,0.0,0.7524999976158142
60,43,0.03907730057835579,0.08762809634208679,0.08762809634208679,0.08762809634208679,0.004100000020116568,9.999999747378752e-05
60,44,0.048091113567352295,-0.011111708357930183,0.048091113567352295,0.048091113567352295,0.00039999998989515007,0.2345000058412552
60,45,0.22652854025363922,0.012357927858829498,0.22652854025363922,0.22652854025363922,0.0,0.2305999994277954
60,46,0.03524812310934067,-0.003955092281103134,0.03524812310934067,0.03524812310934067,0.004000000189989805,0.682200014591217
60,47,0.022789474576711655,-0.012501567602157593,0.022789474576711655,0.022789474576711655,0.02930000051856041,0.17309999465942383
60,48,0.5659449100494385,0.10984529554843903,0.5659449100494385,0.5659449100494385,0.0,0.00039999998989515007
60,49,0.5357368588447571,0.15708881616592407,0.5357368588447571,0.5357368588447571,0.0,0.0
60,50,0.5105890035629272,0.14074629545211792,0.5105890035629272,0.5105890035629272,0.0,0.0
60,51,0.49664250016212463,0.18034227192401886,0.49664250016212463,0.49664250016212463,0.0,0.0
60,52,0.5465428829193115,0.15292590856552124,0.5465428829193115,0.5465428829193115,0.0,0.0
60,53,0.4765166640281677,0.036118973046541214,0.4765166640281677,0.4765166640281677,0.0,0.037300001829862595
60,54,0.5396313667297363,0.15354131162166595,0.5396313667297363,0.5396313667297363,0.0,0.0
60,55,0.48304837942123413,0.09961579740047455,0.48304837942123413,0.48304837942123413,0.0,0.00039999998989515007
60,56,0.06527380645275116,0.02980332262814045,0.06527380645275116,0.06527380645275116,0.00019999999494757503,0.039000000804662704
60,57,0.21125578880310059,0.003375694155693054,0.21125578880310059,0.21125578880310059,0.0,0.7975000143051147
60,58,0.31319987773895264,0.037875860929489136,0.31319987773895264,0.31319987773895264,0.0,0.020500000566244125
60,59,0.0920194610953331,0.007713457569479942,0.0920194610953331,0.0920194610953331,0.0,0.5670999884605408
60,60,0.15319707989692688,0.09765040874481201,0.15319707989692688,0.15319707989692688,0.0,9.999999747378752e-05
60,61,0.5914537906646729,0.18269802629947662,0.5914537906646729,0.5914537906646729,0.0,0.0
60,62,0.09421141445636749,0.047073863446712494,0.09421141445636749,0.09421141445636749,0.0,0.007400000002235174
60,63,0.39010313153266907,0.017850976437330246,0.39010313153266907,0.39010313153266907,0.0,0.12610000371932983
61,0,0.10274805873632431,0.21465790271759033,0.21465790271759033,0.21465790271759033,0.0,0.0
61,1,0.19561201333999634,0.13075590133666992,0.19561201333999634,0.19561201333999634,0.0,0.0
61,2,0.29819077253341675,0.23387612402439117,0.29819077253341675,0.29819077253341675,0.0,0.0
61,3,0.10996472835540771,0.13213810324668884,0.13213810324668884,0.13213810324668884,0.0,0.0
61,4,0.18105758726596832,0.30677807331085205,0.30677807331085205,0.30677807331085205,0.0,0.0
61,5,0.45217323303222656,0.04348130524158478,0.45217323303222656,0.45217323303222656,0.0,0.013399999588727951
61,6,0.19046831130981445,0.22958901524543762,0.22958901524543762,0.22958901524543762,0.0,0.0
61,7,0.20849277079105377,0.5699253678321838,0.5699253678321838,0.5699253678321838,0.0,0.0
61,8,0.4533063471317291,0.07274932414293289,0.4533063471317291,0.4533063471317291,0.0,0.005499999970197678
61,9,0.2633798122406006,0.06244217976927757,0.2633798122406006,0.2633798122406006,0.0,0.0024999999441206455
61,10,0.2957727909088135,0.009896388277411461,0.2957727909088135,0.2957727909088135,0.0,0.3424000144004822
61,11,0.09611611068248749,0.18131229281425476,0.18131229281425476,0.18131229281425476,0.0,0.0
61,12,0.26769113540649414,0.15347135066986084,0.26769113540649414,0.26769113540649414,0.0,0.0
61,13,0.5149648189544678,-0.01541859470307827,0.5149648189544678,0.5149648189544678,0.0,0.13600000739097595
61,14,0.41925668716430664,0.0028875842690467834,0.41925668716430664,0.41925668716430664,0.0,0.8355000019073486
61,15,0.31972378492355347,0.1036212295293808,0.31972378492355347,0.31972378492355347,0.0,9.999999747378752e-05
61,16,0.1623992621898651,0.04371171072125435,0.1623992621898651,0.1623992621898651,0.0,0.005400000140070915
61,17,0.25634443759918213,0.05956088751554489,0.25634443759918213,0.25634443759918213,0.0,0.0034000000450760126
61,18,0.3708685040473938,0.14043684303760529,0.3708685040473938,0.3708685040473938,0.0,0.0
61,19,0.2509864568710327,0.04014724865555763,0.2509864568710327,0.2509864568710327,0.0,0.014600000344216824
61,20,0.2564629912376404,0.05011618137359619,0.2564629912376404,0.2564629912376404,0.0,0.004800000227987766
61,21,0.21413810551166534,0.06161542981863022,0.21413810551166534,0.21413810551166534,0.0,0.0013000000035390258
61,22,0.4256949722766876,0.0007951930165290833,0.4256949722766876,0.4256949722766876,0.0,0.9577999711036682
61,23,0.3471950590610504,0.006580770015716553,0.3471950590610504,0.3471950590610504,0.0,0.4691999852657318
61,24,0.468627005815506,0.08465379476547241,0.468627005815506,0.468627005815506,0.0,0.0020000000949949026
61,25,0.24290037155151367,-0.007102474570274353,0.24290037155151367,0.24290037155151367,0.0,0.4675999879837036
61,26,0.2212671935558319,-0.002554170787334442,0.2212671935558319,0.2212671935558319,0.0,0.843999981880188
61,27,0.38862380385398865,-0.006344440393149853,0.38862380385398865,0.38862380385398865,0.0,0.6527000069618225
61,28,0.3923158049583435,0.06005420535802841,0.3923158049583435,0.3923158049583435,0.0,0.004000000189989805
61,29,0.37687253952026367,0.0886147990822792,0.37687253952026367,0.37687253952026367,0.0,0.00039999998989515007
61,30,0.3689337968826294,0.020893950015306473,0.3689337968826294,0.3689337968826294,0.0,0.0820000022649765
61,31,0.3971730172634125,0.17802822589874268,0.3971730172634125,0.3971730172634125,0.0,0.0
61,32,0.10803940892219543,-0.008757397532463074,0.10803940892219543,0.10803940892219543,0.0,0.3156999945640564
61,33,0.07264192402362823,0.01824231445789337,0.07264192402362823,0.07264192402362823,0.0,0.09950000047683716
61,34,0.09071549028158188,0.005912862718105316,0.09071549028158188,0.09071549028158188,0.0,0.5358999967575073
61,35,0.046695414930582047,0.0032115913927555084,0.046695414930582047,0.046695414930582047,0.00039999998989515007,0.7405999898910522
61,36,0.12350216507911682,0.022563409060239792,0.12350216507911682,0.12350216507911682,0.0,0.06279999762773514
61,37,0.2401815950870514,0.04780416190624237,0.2401815950870514,0.2401815950870514,0.0,0.007400000002235174
61,38,0.1595383882522583,0.037716612219810486,0.1595383882522583,0.1595383882522583,0.0,0.009100000374019146
61,39,0.08540782332420349,0.0108560249209404,0.08540782332420349,0.08540782332420349,0.0,0.3037000000476837
61,40,0.20492741465568542,0.04315102845430374,0.20492741465568542,0.20492741465568542,0.0,0.0044999998062849045
61,41,0.318376749753952,0.019539877772331238,0.318376749753952,0.318376749753952,0.0,0.07259999960660934
61,42,0.21968400478363037,0.020567499101161957,0.21968400478363037,0.21968400478363037,0.0,0.04839999973773956
61,43,0.19539529085159302,-0.0034464895725250244,0.19539529085159302,0.19539529085159302,0.0,0.7368999719619751
61,44,0.24688905477523804,0.06727050244808197,0.24688905477523804,0.24688905477523804,0.0,0.0017000000225380063
61,45,0.24026040732860565,0.012316986918449402,0.24026040732860565,0.24026040732860565,0.0,0.16990000009536743
61,46,0.11016117036342621,0.2286134511232376,0.2286134511232376,0.2286134511232376,0.0,0.0
61,47,0.33725064992904663,0.07588078826665878,0.33725064992904663,0.33725064992904663,0.0,0.002400000113993883
61,48,0.1576898694038391,0.039629995822906494,0.1576898694038391,0.1576898694038391,0.0,0.006500000134110451
61,49,0.34727028012275696,0.07123041152954102,0.34727028012275696,0.34727028012275696,0.0,0.000699999975040555
61,50,0.16283023357391357,0.03296075761318207,0.16283023357391357,0.16283023357391357,0.0,0.009200000204145908
61,51,0.050118714570999146,-0.0017714649438858032,0.050118714570999146,0.050118714570999146,0.0008999999845400453,0.8845999836921692
61,52,0.2183568775653839,0.0027061104774475098,0.2183568775653839,0.2183568775653839,0.0,0.7806000113487244
61,53,0.4853965640068054,0.07040540874004364,0.4853965640068054,0.4853965640068054,0.0,0.005100000184029341
61,54,0.10846351087093353,0.009065121412277222,0.10846351087093353,0.10846351087093353,0.0,0.4390999972820282
61,55,0.4024806022644043,0.060640864074230194,0.4024806022644043,0.4024806022644043,0.0,0.004100000020116568
61,56,0.3118836283683777,0.01818922907114029,0.3118836283683777,0.3118836283683777,0.0,0.08529999852180481
61,57,0.17736482620239258,0.03383234888315201,0.17736482620239258,0.17736482620239258,0.0,0.007499999832361937
61,58,0.40975746512413025,-0.004183344542980194,0.40975746512413025,0.40975746512413025,0.0,0.7310000061988831
61,59,0.15242677927017212,0.04688825085759163,0.15242677927017212,0.15242677927017212,0.0,0.0027000000700354576
61,60,0.1705746054649353,0.1082184761762619,0.1705746054649353,0.1705746054649353,0.0,0.0
61,61,0.44723042845726013,0.14306840300559998,0.44723042845726013,0.44723042845726013,0.0,9.999999747378752e-05
61,62,0.26337409019470215,0.05907553806900978,0.26337409019470215,0.26337409019470215,0.0,0.002400000113993883
61,63,0.4996483027935028,0.10382523387670517,0.4996483027935028,0.4996483027935028,0.0,0.0017000000225380063
62,0,0.19217649102210999,0.09654925018548965,0.19217649102210999,0.19217649102210999,0.0,0.00019999999494757503
62,1,0.2834910452365875,0.09932543337345123,0.2834910452365875,0.2834910452365875,0.0,9.999999747378752e-05
62,2,0.35551121830940247,0.13512802124023438,0.35551121830940247,0.35551121830940247,0.0,0.0
62,3,0.3260095715522766,0.06964181363582611,0.3260095715522766,0.3260095715522766,0.0,0.002199999988079071
62,4,0.5128803849220276,0.03251948952674866,0.5128803849220276,0.5128803849220276,0.0,0.0502999983727932
62,5,0.3277744948863983,0.005816761404275894,0.3277744948863983,0.3277744948863983,0.0,0.6499999761581421
62,6,0.30800944566726685,0.03812219202518463,0.30800944566726685,0.30800944566726685,0.0,0.01679999940097332
62,7,0.2913445830345154,0.22235572338104248,0.2913445830345154,0.2913445830345154,0.0,0.0
62,8,0.5259572267532349,0.03674207627773285,0.5259572267532349,0.5259572267532349,0.0,0.019999999552965164
62,9,0.25383466482162476,0.08547917008399963,0.25383466482162476,0.25383466482162476,0.0,0.00039999998989515007
62,10,0.5561114549636841,0.0321059376001358,0.5561114549636841,0.5561114549636841,0.0,0.05389999970793724
62,11,0.11995100975036621,0.2666367292404175,0.2666367292404175,0.2666367292404175,0.0,0.0
62,12,0.31229954957962036,0.09306633472442627,0.31229954957962036,0.31229954957962036,0.0,9.999999747378752e-05
62,13,0.25841832160949707,0.05189662054181099,0.25841832160949707,0.25841832160949707,0.0,0.003800000064074993
62,14,0.2517883777618408,0.01581999659538269,0.2517883777618408,0.2517883777618408,0.0,0.13279999792575836
62,15,0.6044822931289673,0.01629670336842537,0.6044822931289673,0.6044822931289673,0.0,0.15880000591278076
62,16,0.3219202756881714,0.032839711755514145,0.3219202756881714,0.3219202756881714,0.0,0.0340999998152256
62,17,0.5169656872749329,0.17654471099376678,0.5169656872749329,0.5169656872749329,0.0,0.0
62,18,0.48912057280540466,0.19048815965652466,0.48912057280540466,0.48912057280540466,0.0,0.0
62,19,0.39980965852737427,0.07679636031389236,0.39980965852737427,0.39980965852737427,0.0,0.0012000000569969416
62,20,0.4090407192707062,0.1970112919807434,0.4090407192707062,0.4090407192707062,0.0,0.0
62,21,0.42831680178642273,0.23550809919834137,0.42831680178642273,0.42831680178642273,0.0,0.0
62,22,0.5745390057563782,0.15284889936447144,0.5745390057563782,0.5745390057563782,0.0,0.00019999999494757503
62,23,0.5842736959457397,0.12971574068069458,0.5842736959457397,0.5842736959457397,0.0,0.00019999999494757503
62,24,0.5518773794174194,0.06607736647129059,0.5518773794174194,0.5518773794174194,0.0,0.008299999870359898
62,25,0.36558035016059875,0.07856817543506622,0.36558035016059875,0.36558035016059875,0.0,0.0010000000474974513
62,26,0.2955803871154785,0.01490236259996891,0.2955803871154785,0.2955803871154785,0.0,0.19140000641345978
62,27,0.5719001293182373,0.06807540357112885,0.5719001293182373,0.5719001293182373,0.0,0.00930000003427267
62,28,0.5572516322135925,0.1428317427635193,0.5572516322135925,0.5572516322135925,0.0,0.0
62,29,0.4917159974575043,0.00030114129185676575,0.4917159974575043,0.4917159974575043,0.0,0.9839000105857849
62,30,0.5093740224838257,0.21422842144966125,0.5093740224838257,0.5093740224838257,0.0,0.0
62,31,0.2084895521402359,0.08289657533168793,0.2084895521402359,0.2084895521402359,0.0,0.00019999999494757503
62,32,0.3204725384712219,0.042040836066007614,0.3204725384712219,0.3204725384712219,0.0,0.021900000050663948
62,33,0.37439560890197754,0.19143660366535187,0.37439560890197754,0.37439560890197754,0.0,0.0
62,34,0.5572669506072998,0.03874112665653229,0.5572669506072998,0.5572669506072998,0.0,0.0421999990940094
62,35,0.18640132248401642,0.11190851032733917,0.18640132248401642,0.18640132248401642,0.0,0.0003000000142492354
62,36,0.42701682448387146,0.06702281534671783,0.42701682448387146,0.42701682448387146,0.0,0.0038999998942017555
62,37,0.41815024614334106,0.05616435408592224,0.41815024614334106,0.41815024614334106,0.0,0.00860000029206276
62,38,0.3953774571418762,0.07476018369197845,0.3953774571418762,0.3953774571418762,0.0,0.0026000000070780516
62,39,0.32862967252731323,0.19305098056793213,0.32862967252731323,0.32862967252731323,0.0,0.0
62,40,0.09898579120635986,0.04877905920147896,0.09898579120635986,0.09898579120635986,0.0,0.00279999990016222
62,41,0.3783774971961975,0.09442736208438873,0.3783774971961975,0.3783774971961975,0.0,0.000699999975040555
62,42,0.17192038893699646,0.0713043212890625,0.17192038893699646,0.17192038893699646,0.0,0.0005000000237487257
62,43,0.04474126920104027,0.00011866539716720581,0.04474126920104027,0.04474126920104027,0.0019000000320374966,0.9901999831199646
62,44,0.0831955298781395,0.015287112444639206,0.0831955298781395,0.0831955298781395,0.0,0.17110000550746918
62,45,0.11920017004013062,0.007625676691532135,0.11920017004013062,0.11920017004013062,0.0,0.534500002861023
62,46,0.03330979496240616,0.0583357997238636,0.0583357997238636,0.0583357997238636,0.007699999958276749,0.0006000000284984708
62,47,0.17575399577617645,-0.0009741932153701782,0.17575399577617645,0.17575399577617645,0.0,0.9235000014305115
62,48,0.24916422367095947,0.1251705288887024,0.24916422367095947,0.24916422367095947,0.0,0.0
62,49,0.4692796468734741,0.09572143852710724,0.4692796468734741,0.4692796468734741,0.0,0.0008999999845400453
62,50,0.3836241662502289,0.12470044195652008,0.3836241662502289,0.3836241662502289,0.0,0.00019999999494757503
62,51,0.22520509362220764,0.04476535692811012,0.22520509362220764,0.22520509362220764,0.0,0.004800000227987766
62,52,0.41282758116722107,0.0979071632027626,0.41282758116722107,0.41282758116722107,0.0,0.0005000000237487257
62,53,0.34379494190216064,0.08100403845310211,0.34379494190216064,0.34379494190216064,0.0,0.00039999998989515007
62,54,0.5152512788772583,0.10779142379760742,0.5152512788772583,0.5152512788772583,0.0,0.00019999999494757503
62,55,0.19485348463058472,0.16213884949684143,0.19485348463058472,0.19485348463058472,0.0,0.0
62,56,0.2677190899848938,0.23128554224967957,0.2677190899848938,0.2677190899848938,0.0,0.0
62,57,0.1982983648777008,0.1811756193637848,0.1982983648777008,0.1982983648777008,0.0,0.0
62,58,0.2612243592739105,0.19392593204975128,0.2612243592739105,0.2612243592739105,0.0,0.0
62,59,0.3078872859477997,0.15267129242420197,0.3078872859477997,0.3078872859477997,0.0,0.0
62,60,0.380109578371048,0.03886014223098755,0.380109578371048,0.380109578371048,0.0,0.013000000268220901
62,61,0.3458845615386963,0.09132540225982666,0.3458845615386963,0.3458845615386963,0.0,0.0
62,62,0.3999476432800293,0.055380575358867645,0.3999476432800293,0.3999476432800293,0.0,0.006300000008195639
62,63,0.4308626353740692,0.09728752076625824,0.4308626353740692,0.4308626353740692,0.0,0.0006000000284984708
63,0,0.6679809093475342,0.10225223749876022,0.6679809093475342,0.6679809093475342,0.0,0.000699999975040555
63,1,0.4856671988964081,0.021003244444727898,0.4856671988964081,0.4856671988964081,0.0,0.0908999964594841
63,2,0.5909453630447388,0.042066529393196106,0.5909453630447388,0.5909453630447388,0.0,0.03220000118017197
63,3,0.29205888509750366,0.06070401519536972,0.29205888509750366,0.29205888509750366,0.0,0.0066999997943639755
63,4,0.5685592889785767,0.0986926406621933,0.5685592889785767,0.5685592889785767,0.0,0.0007999999797903001
63,5,0.4838055670261383,0.11748620867729187,0.4838055670261383,0.4838055670261383,0.0,0.0003000000142492354
63,6,0.4788840115070343,0.11524499952793121,0.4788840115070343,0.4788840115070343,0.0,0.00039999998989515007
63,7,0.5238492488861084,0.14943429827690125,0.5238492488861084,0.5238492488861084,0.0,0.0
63,8,0.08221626281738281,0.009107118472456932,0.08221626281738281,0.08221626281738281,0.0,0.48649999499320984
63,9,0.21502119302749634,0.036990828812122345,0.21502119302749634,0.21502119302749634,0.0,0.028699999675154686
63,10,0.40408697724342346,0.08572512865066528,0.40408697724342346,0.40408697724342346,0.0,0.0006000000284984708
63,11,0.2949298620223999,0.060148198157548904,0.2949298620223999,0.2949298620223999,0.0,0.0020000000949949026
63,12,0.2149794101715088,0.03427671641111374,0.2149794101715088,0.2149794101715088,0.0,0.017799999564886093
63,13,0.27097761631011963,0.061540793627500534,0.27097761631011963,0.27097761631011963,0.0,0.000699999975040555
63,14,0.215074360370636,0.08538033068180084,0.215074360370636,0.215074360370636,0.0,0.0
63,15,0.5840827822685242,0.05282193049788475,0.5840827822685242,0.5840827822685242,0.0,0.018699999898672104
63,16,0.38292330503463745,0.1088065505027771,0.38292330503463745,0.38292330503463745,0.0,0.0005000000237487257
63,17,0.4350534677505493,0.08749453723430634,0.4350534677505493,0.4350534677505493,0.0,0.003000000026077032
63,18,0.4914392828941345,0.11530781537294388,0.4914392828941345,0.4914392828941345,0.0,0.0003000000142492354
63,19,0.28421294689178467,0.09965328872203827,0.28421294689178467,0.28421294689178467,0.0,0.0003000000142492354
63,20,0.5237612128257751,0.16014842689037323,0.5237612128257751,0.5237612128257751,0.0,0.0
63,21,0.44293609261512756,0.000327184796333313,0.44293609261512756,0.44293609261512756,0.0,0.983299970626831
63,22,0.3818908929824829,0.08399324119091034,0.3818908929824829,0.3818908929824829,0.0,0.000699999975040555
63,23,0.1452149599790573,0.03175761550664902,0.1452149599790573,0.1452149599790573,9.999999747378752e-05,0.04830000177025795
63,24,0.27487778663635254,0.20414359867572784,0.27487778663635254,0.27487778663635254,0.0,0.0
63,25,0.3852475881576538,0.1159278079867363,0.3852475881576538,0.3852475881576538,0.0,9.999999747378752e-05
63,26,0.3979707360267639,0.10032949596643448,0.3979707360267639,0.3979707360267639,0.0,0.0003000000142492354
63,27,0.275661826133728,0.23006397485733032,0.275661826133728,0.275661826133728,0.0,0.0
63,28,0.3457064628601074,0.01878596469759941,0.3457064628601074,0.3457064628601074,0.0,0.0835999995470047
63,29,0.20570014417171478,0.0696466863155365,0.20570014417171478,0.20570014417171478,0.0,0.0007999999797903001
63,30,0.6147282719612122,0.08585317432880402,0.6147282719612122,0.6147282719612122,0.0,0.0027000000700354576
63,31,0.33445513248443604,0.050209466367959976,0.33445513248443604,0.33445513248443604,0.0,0.013299999758601189
63,32,0.5296947360038757,0.1934828758239746,0.5296947360038757,0.5296947360038757,0.0,0.0
63,33,0.6043119430541992,0.09673243761062622,0.6043119430541992,0.6043119430541992,0.0,0.0013000000035390258
63,34,0.5092591047286987,0.09942185133695602,0.5092591047286987,0.5092591047286987,0.0,0.0008999999845400453
63,35,0.45703405141830444,0.16882149875164032,0.45703405141830444,0.45703405141830444,0.0,0.0
63,36,0.3430923521518707,0.07974569499492645,0.3430923521518707,0.3430923521518707,0.0,0.0003000000142492354
63,37,0.4881315231323242,0.13667531311511993,0.4881315231323242,0.4881315231323242,0.0,0.00019999999494757503
63,38,0.45616835355758667,0.15666626393795013,0.45616835355758667,0.45616835355758667,0.0,0.0
63,39,0.28953251242637634,0.04153118282556534,0.28953251242637634,0.28953251242637634,0.0,0.013899999670684338
63,40,0.45892685651779175,0.0755668357014656,0.45892685651779175,0.45892685651779175,0.0,0.002199999988079071
63,41,0.336803674697876,0.12627068161964417,0.336803674697876,0.336803674697876,0.0,0.00019999999494757503
63,42,0.25704333186149597,0.13128042221069336,0.25704333186149597,0.25704333186149597,0.0,9.999999747378752e-05
63,43,0.509922981262207,0.08653698116540909,0.509922981262207,0.509922981262207,0.0,0.003100000089034438
63,44,0.49959394335746765,0.14057905972003937,0.49959394335746765,0.49959394335746765,0.0,9.999999747378752e-05
63,45,0.29989373683929443,0.06203312426805496,0.29989373683929443,0.29989373683929443,0.0,0.0017999999690800905
63,46,0.5594354867935181,0.07812268286943436,0.5594354867935181,0.5594354867935181,0.0,0.004100000020116568
63,47,0.37485140562057495,0.1599455177783966,0.37485140562057495,0.37485140562057495,0.0,0.0
63,48,0.15624861419200897,0.014506906270980835,0.15624861419200897,0.15624861419200897,0.0,0.09749999642372131
63,49,0.14893531799316406,0.0643354132771492,0.14893531799316406,0.14893531799316406,0.0,0.0005000000237487257
63,50,0.09993956238031387,-0.011545732617378235,0.09993956238031387,0.09993956238031387,0.0,0.1695999950170517
63,51,0.20393431186676025,0.058580391108989716,0.20393431186676025,0.20393431186676025,0.0,0.002199999988079071
63,52,0.4241970181465149,0.08199171721935272,0.4241970181465149,0.4241970181465149,0.0,0.0005000000237487257
63,53,0.3002837598323822,0.033692821860313416,0.3002837598323822,0.3002837598323822,0.0,0.03959999978542328
63,54,0.37626415491104126,0.01087750494480133,0.37626415491104126,0.37626415491104126,0.0,0.195700004696846
63,55,0.26090535521507263,0.011173807084560394,0.26090535521507263,0.26090535521507263,0.0,0.2842000126838684
63,56,0.4252047836780548,0.12003204971551895,0.4252047836780548,0.4252047836780548,0.0,0.00019999999494757503
63,57,0.37182870507240295,0.1380731463432312,0.37182870507240295,0.37182870507240295,0.0,0.0
63,58,0.20931664109230042,0.030892394483089447,0.20931664109230042,0.20931664109230042,0.0,0.02889999933540821
63,59,0.6453387141227722,0.03876747190952301,0.6453387141227722,0.6453387141227722,0.0,0.03660000115633011
63,60,0.46930432319641113,0.0834471732378006,0.46930432319641113,0.46930432319641113,0.0,0.0015999999595806003
63,61,0.4528307318687439,0.09168758988380432,0.4528307318687439,0.4528307318687439,0.0,0.0010000000474974513
63,62,0.4294133484363556,0.09468410909175873,0.4294133484363556,0.4294133484363556,0.0,0.0003000000142492354
63,63,0.4988877773284912,0.12714150547981262,0.4988877773284912,0.4988877773284912,0.0,0.00019999999494757503
64,0,0.06368697434663773,-0.0015886463224887848,0.06368697434663773,0.06368697434663773,0.0,0.8876000046730042
64,1,0.11791853606700897,-0.01212196797132492,0.11791853606700897,0.11791853606700897,0.0,0.15029999613761902
64,2,0.19219157099723816,-0.005266830325126648,0.19219157099723816,0.19219157099723816,0.0,0.6766999959945679
64,3,0.021310944110155106,-0.0076937004923820496,0.021310944110155106,0.021310944110155106,0.03869999945163727,0.42500001192092896
64,4,0.07141104340553284,-0.003441937267780304,0.07141104340553284,0.07141104340553284,0.0,0.7480999827384949
64,5,0.12218150496482849,-0.00587020069360733,0.12218150496482849,0.12218150496482849,0.0,0.5085999965667725
64,6,0.02907034009695053,-0.008640807121992111,0.02907034009695053,0.02907034009695053,0.01810000091791153,0.40860000252723694
64,7,-0.015415672212839127,0.011503754183650017,0.011503754183650017,0.011503754183650017,0.14579999446868896,0.25839999318122864
64,8,0.09045330435037613,0.012457821518182755,0.09045330435037613,0.09045330435037613,0.0,0.33250001072883606
64,9,0.12189503014087677,0.0157356895506382,0.12189503014087677,0.12189503014087677,0.0,0.2069000005722046
64,10,0.3564094305038452,0.10814593732357025,0.3564094305038452,0.3564094305038452,0.0,9.999999747378752e-05
64,11,0.16862045228481293,0.09924390912055969,0.16862045228481293,0.16862045228481293,0.0,0.0
64,12,0.47095006704330444,0.1607285588979721,0.47095006704330444,0.47095006704330444,0.0,0.0
64,13,0.40231093764305115,0.037145547568798065,0.40231093764305115,0.40231093764305115,0.0,0.021199999377131462
64,14,0.20999932289123535,0.05557798594236374,0.20999932289123535,0.20999932289123535,0.0,0.00419999985024333
64,15,0.28268709778785706,0.07979146391153336,0.28268709778785706,0.28268709778785706,0.0,0.0003000000142492354
64,16,0.23366057872772217,0.06701618432998657,0.23366057872772217,0.23366057872772217,0.0,0.0015999999595806003
64,17,0.28482919931411743,0.05196497589349747,0.28482919931411743,0.28482919931411743,0.0,0.003599999938160181
64,18,0.30549484491348267,0.09042997658252716,0.30549484491348267,0.30549484491348267,0.0,0.00019999999494757503
64,19,0.14355501532554626,0.182707741856575,0.182707741856575,0.182707741856575,0.0,0.0
64,20,0.19444561004638672,0.09099267423152924,0.19444561004638672,0.19444561004638672,0.0,0.0
64,21,0.15994834899902344,0.05263909697532654,0.15994834899902344,0.15994834899902344,0.0,0.002199999988079071
64,22,0.14557088911533356,0.09267188608646393,0.14557088911533356,0.14557088911533356,0.0,0.0
64,23,0.19003087282180786,0.13014568388462067,0.19003087282180786,0.19003087282180786,0.0,0.0
64,24,0.15988057851791382,0.18838290870189667,0.18838290870189667,0.18838290870189667,0.0,0.0
64,25,0.11574481427669525,0.10530109703540802,0.11574481427669525,0.11574481427669525,0.0,0.0
64,26,0.2988284230232239,0.23751698434352875,0.2988284230232239,0.2988284230232239,0.0,0.0
64,27,0.3775762915611267,0.20134657621383667,0.3775762915611267,0.3775762915611267,0.0,0.0
64,28,0.2461179941892624,0.15839433670043945,0.2461179941892624,0.2461179941892624,0.0,0.0
64,29,0.25351980328559875,0.29527929425239563,0.29527929425239563,0.29527929425239563,0.0,0.0
64,30,0.3695819675922394,0.20424284040927887,0.3695819675922394,0.3695819675922394,0.0,0.0
64,31,0.31264740228652954,0.17290052771568298,0.31264740228652954,0.31264740228652954,0.0,0.0
64,32,0.25500839948654175,0.09122166037559509,0.25500839948654175,0.25500839948654175,0.0,0.0003000000142492354
64,33,0.2286617010831833,0.13186441361904144,0.2286617010831833,0.2286617010831833,0.0,0.0
64,34,0.42679357528686523,0.05171174556016922,0.42679357528686523,0.42679357528686523,0.0,0.013100000098347664
64,35,0.18572485446929932,0.020562637597322464,0.18572485446929932,0.18572485446929932,0.0,0.05849999934434891
64,36,0.39307597279548645,0.0157950259745121,0.39307597279548645,0.39307597279548645,0.0,0.14339999854564667
64,37,0.3074043095111847,0.06143776327371597,0.3074043095111847,0.3074043095111847,0.0,0.0026000000070780516
64,38,0.30479344725608826,-0.006812132894992828,0.30479344725608826,0.30479344725608826,0.0,0.5303999781608582
64,39,0.27854377031326294,0.04109784960746765,0.27854377031326294,0.27854377031326294,0.0,0.007899999618530273
64,40,0.5539094805717468,0.04383525997400284,0.5539094805717468,0.5539094805717468,0.0,0.027899999171495438
64,41,0.5212599635124207,0.17074565589427948,0.5212599635124207,0.5212599635124207,0.0,0.0
64,42,0.4490843415260315,0.14953769743442535,0.4490843415260315,0.4490843415260315,0.0,0.0
64,43,0.5456687211990356,0.07696320861577988,0.5456687211990356,0.5456687211990356,0.0,0.0044999998062849045
64,44,0.5822597146034241,0.11868387460708618,0.5822597146034241,0.5822597146034241,0.0,0.0005000000237487257
64,45,0.5513983964920044,0.12859931588172913,0.5513983964920044,0.5513983964920044,0.0,0.0003000000142492354
64,46,0.5349246859550476,0.13405179977416992,0.5349246859550476,0.5349246859550476,0.0,0.00039999998989515007
64,47,0.5716233253479004,0.12572702765464783,0.5716233253479004,0.5716233253479004,0.0,0.0005000000237487257
64,48,0.07208472490310669,0.033988796174526215,0.07208472490310669,0.07208472490310669,0.000699999975040555,0.03539999946951866
64,49,0.017400234937667847,-0.011847920715808868,0.017400234937667847,0.017400234937667847,0.2395000010728836,0.4016999900341034
64,50,0.2368062436580658,0.12786175310611725,0.2368062436580658,0.2368062436580658,0.0,9.999999747378752e-05
64,51,0.28702646493911743,0.13568243384361267,0.28702646493911743,0.28702646493911743,0.0,0.0
64,52,0.16768337786197662,0.06987529993057251,0.16768337786197662,0.16768337786197662,0.0,0.0008999999845400453
64,53,0.20899683237075806,0.09648609906435013,0.20899683237075806,0.20899683237075806,0.0,0.0
64,54,0.1864910125732422,0.1391296237707138,0.1864910125732422,0.1864910125732422,0.0,0.0
64,55,0.1837492138147354,0.07856538891792297,0.1837492138147354,0.1837492138147354,0.0,0.000699999975040555
64,56,0.5135443806648254,0.08671081066131592,0.5135443806648254,0.5135443806648254,0.0,0.0005000000237487257
64,57,0.5461330413818359,0.14948809146881104,0.5461330413818359,0.5461330413818359,0.0,0.0
64,58,0.611112654209137,0.15782323479652405,0.611112654209137,0.611112654209137,0.0,9.999999747378752e-05
64,59,0.6178544759750366,0.19208195805549622,0.6178544759750366,0.6178544759750366,0.0,0.0
64,60,0.6174782514572144,0.15625476837158203,0.6174782514572144,0.6174782514572144,0.0,0.00019999999494757503
64,61,0.5514365434646606,0.10339051485061646,0.5514365434646606,0.5514365434646606,0.0,0.0008999999845400453
64,62,0.6172320246696472,0.1373807191848755,0.6172320246696472,0.6172320246696472,0.0,0.00039999998989515007
64,63,0.5941892862319946,0.16474953293800354,0.5941892862319946,0.5941892862319946,0.0,9.999999747378752e-05
65,0,0.33946090936660767,0.05572301149368286,0.33946090936660767,0.33946090936660767,0.0,0.0034000000450760126
65,1,0.25530990958213806,0.1831580400466919,0.25530990958213806,0.25530990958213806,0.0,0.0
65,2,0.2485952228307724,0.067222960293293,0.2485952228307724,0.2485952228307724,0.0,0.0007999999797903001
65,3,0.37236925959587097,0.0553455576300621,0.37236925959587097,0.37236925959587097,0.0,0.006800000090152025
65,4,0.49962127208709717,0.07638868689537048,0.49962127208709717,0.49962127208709717,0.0,0.003700000001117587
65,5,0.25473615527153015,0.07680714875459671,0.25473615527153015,0.25473615527153015,0.0,0.0
65,6,0.2541821300983429,0.14349927008152008,0.2541821300983429,0.2541821300983429,0.0,9.999999747378752e-05
65,7,0.3344973921775818,-0.006421469151973724,0.3344973921775818,0.3344973921775818,0.0,0.6474999785423279
65,8,0.05176524817943573,0.011512793600559235,0.05176524817943573,0.05176524817943573,0.00019999999494757503,0.24480000138282776
65,9,0.00046996772289276123,-0.007843568921089172,0.00046996772289276123,0.00046996772289276123,0.9646999835968018,0.4715999960899353
65,10,0.1539316177368164,0.03449008986353874,0.1539316177368164,0.1539316177368164,0.0,0.00930000003427267
65,11,0.05051768198609352,0.03380493074655533,0.05051768198609352,0.05051768198609352,0.00019999999494757503,0.007300000172108412
65,12,-0.010771919041872025,-0.007566019892692566,0.0,-0.007566019892692566,0.33160001039505005,0.4927000105381012
65,13,0.19061154127120972,0.036701492965221405,0.19061154127120972,0.19061154127120972,0.0,0.010400000028312206
65,14,0.0723765417933464,-0.0042364709079265594,0.0723765417933464,0.0723765417933464,0.0,0.6783000230789185
65,15,0.053729116916656494,-0.00595518946647644,0.053729116916656494,0.053729116916656494,0.004600000102072954,0.7073000073432922
65,16,0.22592833638191223,0.08147100359201431,0.22592833638191223,0.22592833638191223,0.0,0.00019999999494757503
65,17,0.0697876513004303,0.01756196841597557,0.0697876513004303,0.0697876513004303,0.0,0.07029999792575836
65,18,0.41024529933929443,0.10049773752689362,0.41024529933929443,0.41024529933929443,0.0,0.0006000000284984708
65,19,0.026534607633948326,-0.014703549444675446,0.026534607633948326,0.026534607633948326,0.027899999171495438,0.15889999270439148
65,20,0.3366341292858124,0.11032408475875854,0.3366341292858124,0.3366341292858124,0.0,0.0
65,21,0.32076406478881836,0.0546492338180542,0.32076406478881836,0.32076406478881836,0.0,0.00139999995008111
65,22,0.38368141651153564,0.12589770555496216,0.38368141651153564,0.38368141651153564,0.0,9.999999747378752e-05
65,23,0.2437554895877838,0.0815858542919159,0.2437554895877838,0.2437554895877838,0.0,0.00019999999494757503
65,24,0.42690280079841614,0.11252952367067337,0.42690280079841614,0.42690280079841614,0.0,0.0
65,25,0.4331211447715759,0.14262153208255768,0.4331211447715759,0.4331211447715759,0.0,0.0
65,26,0.22595302760601044,0.030389975756406784,0.22595302760601044,0.22595302760601044,0.0,0.028999999165534973
65,27,0.32039421796798706,0.03393983840942383,0.32039421796798706,0.32039421796798706,0.0,0.019500000402331352
65,28,0.12484263628721237,0.03433748707175255,0.12484263628721237,0.12484263628721237,0.0,0.00930000003427267
65,29,0.31470948457717896,0.11048851907253265,0.31470948457717896,0.31470948457717896,0.0,0.00039999998989515007
65,30,0.24192067980766296,0.0394013486802578,0.24192067980766296,0.24192067980766296,0.0,0.010400000028312206
65,31,0.3849066495895386,0.05131692439317703,0.3849066495895386,0.3849066495895386,0.0,0.0044999998062849045
65,32,0.26773983240127563,0.23724524676799774,0.26773983240127563,0.26773983240127563,0.0,0.0
65,33,0.48095905780792236,0.14360055327415466,0.48095905780792236,0.48095905780792236,0.0,9.999999747378752e-05
65,34,0.4340197443962097,0.23166058957576752,0.4340197443962097,0.4340197443962097,0.0,0.0
65,35,0.5811935663223267,0.031216397881507874,0.5811935663223267,0.5811935663223267,0.0,0.05550000071525574
65,36,0.49718838930130005,0.20902183651924133,0.49718838930130005,0.49718838930130005,0.0,0.0
65,37,0.5153423547744751,0.25809478759765625,0.5153423547744751,0.5153423547744751,0.0,0.0
65,38,0.5564818382263184,0.1793285459280014,0.5564818382263184,0.5564818382263184,0.0,0.0
65,39,0.5006600618362427,0.11697384715080261,0.5006600618362427,0.5006600618362427,0.0,0.0006000000284984708
65,40,0.02160399593412876,-0.008274462074041367,0.02160399593412876,0.02160399593412876,0.05400000140070915,0.45660001039505005
65,41,0.2077760249376297,0.08663515746593475,0.2077760249376297,0.2077760249376297,0.0,9.999999747378752e-05
65,42,0.19125160574913025,0.37010669708251953,0.37010669708251953,0.37010669708251953,0.0,0.0
65,43,0.11117742210626602,0.0056634023785591125,0.11117742210626602,0.11117742210626602,0.0,0.5715000033378601
65,44,0.26281851530075073,0.02514253556728363,0.26281851530075073,0.26281851530075073,0.0,0.04699999839067459
65,45,-0.008542239665985107,0.037729114294052124,0.037729114294052124,0.037729114294052124,0.4117000102996826,0.00419999985024333
65,46,0.20373505353927612,0.08297289907932281,0.20373505353927612,0.20373505353927612,0.0,0.0
65,47,0.12101352959871292,0.053716398775577545,0.12101352959871292,0.12101352959871292,0.0,0.0008999999845400453
65,48,0.26520323753356934,0.030529409646987915,0.26520323753356934,0.26520323753356934,0.0,0.016599999740719795
65,49,0.014345839619636536,0.00249481201171875,0.014345839619636536,0.014345839619636536,0.18379999697208405,0.8213000297546387
65,50,0.07561799883842468,0.03951132297515869,0.07561799883842468,0.07561799883842468,0.0,0.0031999999191612005
65,51,0.4016108512878418,0.026283983141183853,0.4016108512878418,0.4016108512878418,0.0,0.05590000003576279
65,52,0.12254149466753006,0.02291729673743248,0.12254149466753006,0.12254149466753006,0.0,0.033900000154972076
65,53,0.07593945413827896,0.05100809037685394,0.07593945413827896,0.07593945413827896,0.0,0.000699999975040555
65,54,0.20511654019355774,0.01208004355430603,0.20511654019355774,0.20511654019355774,0.0,0.2362000048160553
65,55,0.16254448890686035,0.13838015496730804,0.16254448890686035,0.16254448890686035,0.0,0.0
65,56,0.3239697217941284,0.05558808892965317,0.3239697217941284,0.3239697217941284,0.0,0.007899999618530273
65,57,0.3704192340373993,0.059392549097537994,0.3704192340373993,0.3704192340373993,0.0,0.0019000000320374966
65,58,0.4194319248199463,0.12354996055364609,0.4194319248199463,0.4194319248199463,0.0,0.0
65,59,0.4288744330406189,0.10480146110057831,0.4288744330406189,0.4288744330406189,0.0,0.0003000000142492354
65,60,0.21679191291332245,0.09479684382677078,0.21679191291332245,0.21679191291332245,0.0,0.00019999999494757503
65,61,0.3157944083213806,0.13292908668518066,0.3157944083213806,0.3157944083213806,0.0,9.999999747378752e-05
65,62,0.1950564682483673,0.08846662193536758,0.1950564682483673,0.1950564682483673,0.0,0.0
65,63,0.32041287422180176,0.05904945731163025,0.32041287422180176,0.32041287422180176,0.0,0.00430000014603138
66,0,0.7203537821769714,0.18380297720432281,0.7203537821769714,0.7203537821769714,0.0,0.0
66,1,0.7198889255523682,0.0654875710606575,0.7198889255523682,0.7198889255523682,0.0,0.008799999952316284
66,2,0.7357807159423828,0.08147066086530685,0.7357807159423828,0.7357807159423828,0.0,0.0035000001080334187
66,3,0.670897364616394,0.06763128936290741,0.670897364616394,0.670897364616394,0.0,0.005499999970197678
66,4,0.5749785304069519,0.08704487979412079,0.5749785304069519,0.5749785304069519,0.0,0.0006000000284984708
66,5,0.7366305589675903,0.08681730180978775,0.7366305589675903,0.7366305589675903,0.0,0.0026000000070780516
66,6,0.6699382662773132,0.027926059439778328,0.6699382662773132,0.6699382662773132,0.0,0.06669999659061432
66,7,0.7224017381668091,0.13857173919677734,0.7224017381668091,0.7224017381668091,0.0,0.00019999999494757503
66,8,0.01089331042021513,-0.017402388155460358,0.01089331042021513,0.01089331042021513,0.4009000062942505,0.1137000024318695
66,9,-0.020216794684529305,0.007974356412887573,0.007974356412887573,0.007974356412887573,0.0989999994635582,0.5001000165939331
66,10,0.034356869757175446,-0.006675787270069122,0.034356869757175446,0.034356869757175446,0.00989999994635582,0.5120999813079834
66,11,0.011392908170819283,-0.0131287956610322,0.011392908170819283,0.011392908170819283,0.36579999327659607,0.24379999935626984
66,12,0.00030843960121273994,0.031259771436452866,0.031259771436452866,0.031259771436452866,0.9825000166893005,0.04639999940991402
66,13,0.17871421575546265,-0.0022446736693382263,0.17871421575546265,0.17871421575546265,0.0,0.8037999868392944
66,14,0.0641682967543602,-0.000551275908946991,0.0641682967543602,0.0641682967543602,0.00019999999494757503,0.9610000252723694
66,15,0.12892019748687744,-0.0008257199078798294,0.12892019748687744,0.12892019748687744,0.0,0.9397000074386597
66,16,0.4360417127609253,0.07573716342449188,0.4360417127609253,0.4360417127609253,0.0,0.0013000000035390258
66,17,0.4671821594238281,0.10790660977363586,0.4671821594238281,0.4671821594238281,0.0,0.0003000000142492354
66,18,0.3147903084754944,0.23398995399475098,0.3147903084754944,0.3147903084754944,0.0,0.0
66,19,0.31324684619903564,0.1090223640203476,0.31324684619903564,0.31324684619903564,0.0,9.999999747378752e-05
66,20,0.5043468475341797,0.0933886468410492,0.5043468475341797,0.5043468475341797,0.0,0.001500000013038516
66,21,0.2999221682548523,0.1159190908074379,0.2999221682548523,0.2999221682548523,0.0,0.00039999998989515007
66,22,0.3180955648422241,0.08601793646812439,0.3180955648422241,0.3180955648422241,0.0,0.0015999999595806003
66,23,0.5342538952827454,0.028844047337770462,0.5342538952827454,0.5342538952827454,0.0,0.06400000303983688
66,24,0.3131064474582672,0.2249942123889923,0.3131064474582672,0.3131064474582672,0.0,0.0
66,25,0.5602726340293884,0.16063658893108368,0.5602726340293884,0.5602726340293884,0.0,0.0
66,26,0.46170610189437866,0.18360936641693115,0.46170610189437866,0.46170610189437866,0.0,0.0
66,27,0.3613136410713196,0.09653504937887192,0.3613136410713196,0.3613136410713196,0.0,9.999999747378752e-05
66,28,0.3553854823112488,0.07711692154407501,0.3553854823112488,0.3553854823112488,0.0,0.0006000000284984708
66,29,0.4024318754673004,0.1876349300146103,0.4024318754673004,0.4024318754673004,0.0,0.0
66,30,0.39263319969177246,0.09017285704612732,0.39263319969177246,0.39263319969177246,0.0,0.0010999999940395355
66,31,0.5636582374572754,0.041930872946977615,0.5636582374572754,0.5636582374572754,0.0,0.028999999165534973
66,32,0.6162136793136597,0.14334484934806824,0.6162136793136597,0.6162136793136597,0.0,0.00019999999494757503
66,33,0.6267834901809692,0.10701846331357956,0.6267834901809692,0.6267834901809692,0.0,0.0010000000474974513
66,34,0.5660179853439331,0.17580854892730713,0.5660179853439331,0.5660179853439331,0.0,0.0
66,35,0.5608396530151367,0.21031594276428223,0.5608396530151367,0.5608396530151367,0.0,0.0
66,36,0.5759465098381042,0.09532108902931213,0.5759465098381042,0.5759465098381042,0.0,0.0008999999845400453
66,37,0.6328975558280945,0.13565675914287567,0.6328975558280945,0.6328975558280945,0.0,0.00039999998989515007
66,38,0.5704975724220276,0.13926246762275696,0.5704975724220276,0.5704975724220276,0.0,9.999999747378752e-05
66,39,0.5543164610862732,0.13864244520664215,0.5543164610862732,0.5543164610862732,0.0,0.0003000000142492354
66,40,0.05149375647306442,0.011986669152975082,0.05149375647306442,0.05149375647306442,0.0003000000142492354,0.27399998903274536
66,41,0.13019374012947083,0.006873168051242828,0.13019374012947083,0.13019374012947083,0.0,0.5390999913215637
66,42,0.0162553358823061,-0.0061317626386880875,0.0162553358823061,0.0162553358823061,0.14579999446868896,0.5817000269889832
66,43,0.3657166063785553,0.10960692167282104,0.3657166063785553,0.3657166063785553,0.0,0.0
66,44,0.019890498369932175,0.024293970316648483,0.024293970316648483,0.024293970316648483,0.0551999993622303,0.029999999329447746
66,45,0.02788078784942627,0.05628160014748573,0.05628160014748573,0.05628160014748573,0.013399999588727951,0.0005000000237487257
66,46,0.28664734959602356,0.02695559710264206,0.28664734959602356,0.28664734959602356,0.0,0.0272000003606081
66,47,0.23900622129440308,-0.014067627489566803,0.23900622129440308,0.23900622129440308,0.0,0.27880001068115234
66,48,0.12197942286729813,0.20815140008926392,0.20815140008926392,0.20815140008926392,0.0,0.0
66,49,0.1799865961074829,0.022389337420463562,0.1799865961074829,0.1799865961074829,0.0,0.041999999433755875
66,50,0.42900389432907104,0.11260482668876648,0.42900389432907104,0.42900389432907104,0.0,9.999999747378752e-05
66,51,0.4657374322414398,0.08718886226415634,0.4657374322414398,0.4657374322414398,0.0,0.0026000000070780516
66,52,0.4066084623336792,0.018394269049167633,0.4066084623336792,0.4066084623336792,0.0,0.09910000115633011
66,53,0.16205064952373505,-0.0010092630982398987,0.16205064952373505,0.16205064952373505,0.0,0.9355000257492065
66,54,0.4991949200630188,0.0777330994606018,0.4991949200630188,0.4991949200630188,0.0,0.004999999888241291
66,55,0.21249845623970032,0.09444507211446762,0.21249845623970032,0.21249845623970032,0.0,0.0
66,56,0.07185423374176025,-0.012773528695106506,0.07185423374176025,0.07185423374176025,0.0,0.22210000455379486
66,57,0.4130171835422516,0.06617175042629242,0.4130171835422516,0.4130171835422516,0.0,0.003100000089034438
66,58,0.4399243891239166,0.02633601985871792,0.4399243891239166,0.4399243891239166,0.0,0.05979999899864197
66,59,0.5972784757614136,0.1153261810541153,0.5972784757614136,0.5972784757614136,0.0,0.0005000000237487257
66,60,0.3836234211921692,0.08807598054409027,0.3836234211921692,0.3836234211921692,0.0,0.0003000000142492354
66,61,0.49090519547462463,0.0659802258014679,0.49090519547462463,0.49090519547462463,0.0,0.005499999970197678
66,62,0.4459415078163147,0.21295197308063507,0.4459415078163147,0.4459415078163147,0.0,0.0
66,63,0.43241003155708313,0.015805084258317947,0.43241003155708313,0.43241003155708313,0.0,0.13379999995231628
67,0,0.40548673272132874,0.06199251860380173,0.40548673272132874,0.40548673272132874,0.0,0.0031999999191612005
67,1,0.35712528228759766,0.029098346829414368,0.35712528228759766,0.35712528228759766,0.0,0.03449999913573265
67,2,0.2500680685043335,0.04053790867328644,0.2500680685043335,0.2500680685043335,0.0,0.012600000016391277
67,3,0.2715303301811218,0.023181989789009094,0.2715303301811218,0.2715303301811218,0.0,0.045099999755620956
67,4,0.2862147390842438,0.030233517289161682,0.2862147390842438,0.2862147390842438,0.0,0.027300000190734863
67,5,0.2371263951063156,0.26784059405326843,0.26784059405326843,0.26784059405326843,0.0,0.0
67,6,0.18677352368831635,0.06087538227438927,0.18677352368831635,0.18677352368831635,0.0,0.0007999999797903001
67,7,0.19120290875434875,0.05117674171924591,0.19120290875434875,0.19120290875434875,0.0,0.003800000064074993
67,8,0.10360556095838547,0.01586928591132164,0.10360556095838547,0.10360556095838547,0.0,0.10999999940395355
67,9,0.08047353476285934,-0.00186929851770401,0.08047353476285934,0.08047353476285934,0.0,0.8669999837875366
67,10,0.08470574021339417,0.04465152695775032,0.08470574021339417,0.08470574021339417,0.0,0.0017000000225380063
67,11,0.23975513875484467,0.056334711611270905,0.23975513875484467,0.23975513875484467,0.0,0.0031999999191612005
67,12,0.10230442136526108,-0.001820385456085205,0.10230442136526108,0.10230442136526108,0.0,0.8700000047683716
67,13,0.0718221515417099,-0.009867586195468903,0.0718221515417099,0.0718221515417099,0.0,0.32749998569488525
67,14,0.17829498648643494,0.06915436685085297,0.17829498648643494,0.17829498648643494,0.0,9.999999747378752e-05
67,15,0.13894538581371307,0.02045995369553566,0.13894538581371307,0.13894538581371307,0.0,0.04500000178813934
67,16,0.28682461380958557,-0.005340397357940674,0.28682461380958557,0.28682461380958557,0.0,0.6229000091552734
67,17,0.07522515952587128,-0.01412903517484665,0.07522515952587128,0.07522515952587128,0.0,0.21410000324249268
67,18,0.32466286420822144,0.01372486725449562,0.32466286420822144,0.32466286420822144,0.0,0.3037000000476837
67,19,0.4319596588611603,0.05644781142473221,0.4319596588611603,0.4319596588611603,0.0,0.005799999926239252
67,20,0.18770167231559753,0.0042135585099458694,0.18770167231559753,0.18770167231559753,0.0,0.7342000007629395
67,21,0.2295074760913849,0.007346745580434799,0.2295074760913849,0.2295074760913849,0.0,0.5767999887466431
67,22,0.31901031732559204,0.020663253962993622,0.31901031732559204,0.31901031732559204,0.0,0.09350000321865082
67,23,0.38077032566070557,0.008507952094078064,0.38077032566070557,0.38077032566070557,0.0,0.5209000110626221
67,24,0.5563817620277405,0.20710815489292145,0.5563817620277405,0.5563817620277405,0.0,0.0
67,25,0.600400447845459,0.11660225689411163,0.600400447845459,0.600400447845459,0.0,0.0005000000237487257
67,26,0.6034101247787476,0.12530410289764404,0.6034101247787476,0.6034101247787476,0.0,0.0005000000237487257
67,27,0.5921307802200317,0.11616648733615875,0.5921307802200317,0.5921307802200317,0.0,0.0005000000237487257
67,28,0.6408922672271729,0.09415121376514435,0.6408922672271729,0.6408922672271729,0.0,0.001500000013038516
67,29,0.6577474474906921,0.10769498348236084,0.6577474474906921,0.6577474474906921,0.0,0.0007999999797903001
67,30,0.548058271408081,0.16082391142845154,0.548058271408081,0.548058271408081,0.0,0.0
67,31,0.5437519550323486,0.10036277770996094,0.5437519550323486,0.5437519550323486,0.0,0.00139999995008111
67,32,0.3527636229991913,0.15934976935386658,0.3527636229991913,0.3527636229991913,0.0,0.0
67,33,0.5478054881095886,0.14023075997829437,0.5478054881095886,0.5478054881095886,0.0,0.00019999999494757503
67,34,0.33043044805526733,0.16302111744880676,0.33043044805526733,0.33043044805526733,0.0,0.0
67,35,0.43554815649986267,0.0968208983540535,0.43554815649986267,0.43554815649986267,0.0,0.0007999999797903001
67,36,0.4064270853996277,0.2073589414358139,0.4064270853996277,0.4064270853996277,0.0,0.0
67,37,0.34503841400146484,0.07968007028102875,0.34503841400146484,0.34503841400146484,0.0,0.00139999995008111
67,38,0.5483493208885193,0.0899675041437149,0.5483493208885193,0.5483493208885193,0.0,0.002099999925121665
67,39,0.5621622800827026,0.06391527503728867,0.5621622800827026,0.5621622800827026,0.0,0.00989999994635582
67,40,0.22400254011154175,0.06778252869844437,0.22400254011154175,0.22400254011154175,0.0,0.0026000000070780516
67,41,0.42941373586654663,0.13061676919460297,0.42941373586654663,0.42941373586654663,0.0,9.999999747378752e-05
67,42,0.2411154806613922,-0.00016375631093978882,0.2411154806613922,0.2411154806613922,0.0,0.9900000095367432
67,43,0.12281060963869095,0.0709817185997963,0.12281060963869095,0.12281060963869095,0.0,0.000699999975040555
67,44,0.32245999574661255,0.02575284242630005,0.32245999574661255,0.32245999574661255,0.0,0.039000000804662704
67,45,0.17890985310077667,0.03524850681424141,0.17890985310077667,0.17890985310077667,0.0,0.02500000037252903
67,46,0.11688240617513657,0.025643229484558105,0.11688240617513657,0.11688240617513657,0.0,0.031199999153614044
67,47,0.300589382648468,0.00477280467748642,0.300589382648468,0.300589382648468,0.0,0.6527000069618225
67,48,0.582181453704834,0.12409329414367676,0.582181453704834,0.582181453704834,0.0,0.00039999998989515007
67,49,0.4787974953651428,0.06569330394268036,0.4787974953651428,0.4787974953651428,0.0,0.005100000184029341
67,50,0.5759720802307129,0.04694933444261551,0.5759720802307129,0.5759720802307129,0.0,0.018799999728798866
67,51,0.6272274851799011,0.10380235314369202,0.6272274851799011,0.6272274851799011,0.0,0.0008999999845400453
67,52,0.5509803891181946,0.12158459424972534,0.5509803891181946,0.5509803891181946,0.0,0.0003000000142492354
67,53,0.5016012787818909,0.14744459092617035,0.5016012787818909,0.5016012787818909,0.0,0.00019999999494757503
67,54,0.575893759727478,0.06490615010261536,0.575893759727478,0.575893759727478,0.0,0.006399999838322401
67,55,0.564714252948761,0.04476187378168106,0.564714252948761,0.564714252948761,0.0,0.02199999988079071
67,56,0.08381043374538422,0.03840390592813492,0.08381043374538422,0.08381043374538422,9.999999747378752e-05,0.02759999968111515
67,57,0.055578168481588364,0.04250955581665039,0.055578168481588364,0.055578168481588364,0.003800000064074993,0.020899999886751175
67,58,0.05069258436560631,-0.006093259900808334,0.05069258436560631,0.05069258436560631,0.0003000000142492354,0.5536999702453613
67,59,0.12902328372001648,0.024813346564769745,0.12902328372001648,0.12902328372001648,0.0,0.04039999842643738
67,60,0.15757125616073608,0.1249828189611435,0.15757125616073608,0.15757125616073608,0.0,0.0
67,61,0.13815850019454956,-0.005729697644710541,0.13815850019454956,0.13815850019454956,0.0,0.6588000059127808
67,62,0.1472489982843399,0.025558888912200928,0.1472489982843399,0.1472489982843399,0.0,0.03660000115633011
67,63,0.2089310884475708,0.14731518924236298,0.2089310884475708,0.2089310884475708,0.0,0.0
68,0,0.24149003624916077,0.0027532875537872314,0.24149003624916077,0.24149003624916077,0.0,0.8052999973297119
68,1,0.16122224926948547,0.009661846794188023,0.16122224926948547,0.16122224926948547,0.0,0.454800009727478
68,2,0.12389542162418365,0.0019574277102947235,0.12389542162418365,0.12389542162418365,0.0,0.8618999719619751
68,3,0.18659654259681702,0.0667952224612236,0.18659654259681702,0.18659654259681702,0.0,0.0015999999595806003
68,4,0.1683809906244278,0.020588301122188568,0.1683809906244278,0.1683809906244278,0.0,0.05290000140666962
68,5,0.06307736039161682,0.0713299810886383,0.0713299810886383,0.0713299810886383,0.0,9.999999747378752e-05
68,6,0.16043007373809814,0.002383500337600708,0.16043007373809814,0.16043007373809814,0.0,0.8195000290870667
68,7,0.181208997964859,0.053085289895534515,0.181208997964859,0.181208997964859,0.0,0.002199999988079071
68,8,0.5026502013206482,0.14520901441574097,0.5026502013206482,0.5026502013206482,0.0,0.0
68,9,0.5170858502388,0.08514749258756638,0.5170858502388,0.5170858502388,0.0,0.0007999999797903001
68,10,0.5553561449050903,0.1974608600139618,0.5553561449050903,0.5553561449050903,0.0,0.0
68,11,0.47352147102355957,0.24164541065692902,0.47352147102355957,0.47352147102355957,0.0,0.0
68,12,0.5836368203163147,0.17874190211296082,0.5836368203163147,0.5836368203163147,0.0,0.0
68,13,0.5988275408744812,0.14937186241149902,0.5988275408744812,0.5988275408744812,0.0,0.0
68,14,0.6702772378921509,0.13426339626312256,0.6702772378921509,0.6702772378921509,0.0,0.0
68,15,0.5870577096939087,0.11963829398155212,0.5870577096939087,0.5870577096939087,0.0,9.999999747378752e-05
68,16,0.30158567428588867,0.26990559697151184,0.30158567428588867,0.30158567428588867,0.0,0.0
68,17,0.12760606408119202,0.11938608437776566,0.12760606408119202,0.12760606408119202,0.0,0.0
68,18,0.02889135852456093,0.01564689353108406,0.02889135852456093,0.02889135852456093,0.05559999868273735,0.2590000033378601
68,19,0.10854672640562057,0.13976380228996277,0.13976380228996277,0.13976380228996277,0.0,0.0
68,20,0.12216689437627792,0.032685667276382446,0.12216689437627792,0.12216689437627792,0.0,0.009700000286102295
68,21,0.23516860604286194,0.17203451693058014,0.23516860604286194,0.23516860604286194,0.0,0.0
68,22,0.17731404304504395,0.15593594312667847,0.17731404304504395,0.17731404304504395,0.0,0.0
68,23,0.267558753490448,0.12261323630809784,0.267558753490448,0.267558753490448,0.0,0.0
68,24,0.32202404737472534,0.1612870693206787,0.32202404737472534,0.32202404737472534,0.0,0.0
68,25,0.3547913134098053,0.14269094169139862,0.3547913134098053,0.3547913134098053,0.0,0.0
68,26,0.5344324111938477,0.06842613220214844,0.5344324111938477,0.5344324111938477,0.0,0.008100000210106373
68,27,0.41895145177841187,0.11397553980350494,0.41895145177841187,0.41895145177841187,0.0,0.0
68,28,0.4943045377731323,0.165102019906044,0.4943045377731323,0.4943045377731323,0.0,0.0
68,29,0.5615331530570984,0.11989326030015945,0.5615331530570984,0.5615331530570984,0.0,0.0006000000284984708
68,30,0.4929253160953522,0.14763197302818298,0.4929253160953522,0.4929253160953522,0.0,0.0
68,31,0.4658104479312897,0.2463437020778656,0.4658104479312897,0.4658104479312897,0.0,0.0
68,32,0.13232526183128357,0.20449504256248474,0.20449504256248474,0.20449504256248474,0.0,0.0
68,33,0.4768332839012146,0.11070118099451065,0.4768332839012146,0.4768332839012146,0.0,9.999999747378752e-05
68,34,0.1924399584531784,0.017935633659362793,0.1924399584531784,0.1924399584531784,0.0,0.09619999676942825
68,35,0.12593112885951996,0.02677106112241745,0.12593112885951996,0.12593112885951996,0.0,0.024000000208616257
68,36,0.2979704737663269,0.11146996915340424,0.2979704737663269,0.2979704737663269,0.0,0.00019999999494757503
68,37,0.18248417973518372,0.014737568795681,0.18248417973518372,0.18248417973518372,0.0,0.1664000004529953
68,38,0.14314062893390656,0.032446593046188354,0.14314062893390656,0.14314062893390656,0.0,0.019099999219179153
68,39,0.3835601210594177,0.056112997233867645,0.3835601210594177,0.3835601210594177,0.0,0.005200000014156103
68,40,0.06660661846399307,0.0011875517666339874,0.06660661846399307,0.06660661846399307,9.999999747378752e-05,0.9218000173568726
68,41,0.5739630460739136,0.1387174129486084,0.5739630460739136,0.5739630460739136,0.0,0.0
68,42,0.6304802894592285,0.1057722270488739,0.6304802894592285,0.6304802894592285,0.0,0.0008999999845400453
68,43,0.607148289680481,0.08137626945972443,0.607148289680481,0.607148289680481,0.0,0.003100000089034438
68,44,0.17897112667560577,0.012112639844417572,0.17897112667560577,0.17897112667560577,0.0,0.30640000104904175
68,45,0.16949906945228577,0.010155543684959412,0.16949906945228577,0.16949906945228577,0.0,0.3296999931335449
68,46,0.43875354528427124,0.05295863747596741,0.43875354528427124,0.43875354528427124,0.0,0.009200000204145908
68,47,0.5959237217903137,0.17753246426582336,0.5959237217903137,0.5959237217903137,0.0,0.0
68,48,0.3721436858177185,0.11662164330482483,0.3721436858177185,0.3721436858177185,0.0,0.0
68,49,0.09631858021020889,0.02583121508359909,0.09631858021020889,0.09631858021020889,0.0,0.03929999843239784
68,50,0.05221208557486534,0.013944806531071663,0.05221208557486534,0.05221208557486534,0.010099999606609344,0.296999990940094
68,51,0.23231513798236847,0.29319682717323303,0.29319682717323303,0.29319682717323303,0.0,0.0
68,52,0.19634011387825012,0.05945330858230591,0.19634011387825012,0.19634011387825012,0.0,0.0026000000070780516
68,53,0.2744496464729309,0.010389750823378563,0.2744496464729309,0.2744496464729309,0.0,0.42590001225471497
68,54,0.25246289372444153,-0.011242136359214783,0.25246289372444153,0.25246289372444153,0.0,0.4221999943256378
68,55,0.24180704355239868,0.07791178673505783,0.24180704355239868,0.24180704355239868,0.0,0.00019999999494757503
68,56,0.32011255621910095,0.06776176393032074,0.32011255621910095,0.32011255621910095,0.0,0.0007999999797903001
68,57,0.619686484336853,0.031044982373714447,0.619686484336853,0.619686484336853,0.0,0.05700000002980232
68,58,0.5919427871704102,0.04747665300965309,0.5919427871704102,0.5919427871704102,0.0,0.024299999698996544
68,59,0.16691629588603973,0.000632481649518013,0.16691629588603973,0.16691629588603973,0.0,0.9516000151634216
68,60,0.2596691846847534,0.022116899490356445,0.2596691846847534,0.2596691846847534,0.0,0.04800000041723251
68,61,0.2539142370223999,-0.010863292962312698,0.2539142370223999,0.2539142370223999,0.0,0.37529999017715454
68,62,0.4694967269897461,0.010788366198539734,0.4694967269897461,0.4694967269897461,0.0,0.3124000132083893
68,63,0.4723600149154663,0.0011365525424480438,0.4723600149154663,0.4723600149154663,0.0,0.941100001335144
69,0,0.18062575161457062,0.017005115747451782,0.18062575161457062,0.18062575161457062,0.0,0.08169999718666077
69,1,0.14433014392852783,0.051355112344026566,0.14433014392852783,0.14433014392852783,0.0,0.0032999999821186066
69,2,0.027150265872478485,0.034763842821121216,0.034763842821121216,0.034763842821121216,0.01679999940097332,0.008700000122189522
69,3,0.06736230105161667,0.0218192208558321,0.06736230105161667,0.06736230105161667,0.0,0.04899999871850014
69,4,0.17327022552490234,0.03671984374523163,0.17327022552490234,0.17327022552490234,0.0,0.010200000368058681
69,5,0.14090317487716675,0.014539442956447601,0.14090317487716675,0.14090317487716675,0.0,0.18070000410079956
69,6,0.21571317315101624,0.0043301209807395935,0.21571317315101624,0.21571317315101624,0.0,0.64410001039505
69,7,0.14819705486297607,0.1343022733926773,0.14819705486297607,0.14819705486297607,0.0,0.0
69,8,0.3285704553127289,0.10482441633939743,0.3285704553127289,0.3285704553127289,0.0,0.0
69,9,0.10175042599439621,0.007299236953258514,0.10175042599439621,0.10175042599439621,0.0,0.5218999981880188
69,10,0.1297789365053177,0.06214657425880432,0.1297789365053177,0.1297789365053177,0.0,0.0003000000142492354
69,11,0.15484359860420227,0.03833697363734245,0.15484359860420227,0.15484359860420227,0.0,0.008200000040233135
69,12,0.3073202967643738,0.11172427982091904,0.3073202967643738,0.3073202967643738,0.0,0.0
69,13,0.1562230885028839,0.09107595682144165,0.1562230885028839,0.1562230885028839,0.0,0.0
69,14,0.12607645988464355,0.12503457069396973,0.12607645988464355,0.12607645988464355,0.0,0.0
69,15,0.12444856762886047,0.052653007209300995,0.12444856762886047,0.12444856762886047,0.0,0.000699999975040555
69,16,0.22367142140865326,0.07807134091854095,0.22367142140865326,0.22367142140865326,0.0,0.0003000000142492354
69,17,0.2335939109325409,0.02806653082370758,0.2335939109325409,0.2335939109325409,0.0,0.019899999722838402
69,18,0.03531913831830025,-0.010688792914152145,0.03531913831830025,0.03531913831830025,0.004999999888241291,0.2915000021457672
69,19,0.010157518088817596,0.009106390178203583,0.010157518088817596,0.010157518088817596,0.31850001215934753,0.3580000102519989
69,20,0.0724702924489975,0.012098053470253944,0.0724702924489975,0.0724702924489975,0.0,0.22139999270439148
69,21,0.12254355102777481,0.036982834339141846,0.12254355102777481,0.12254355102777481,0.0,0.004399999976158142
69,22,0.11098421365022659,0.01615826040506363,0.11098421365022659,0.11098421365022659,0.0,0.12229999899864197
69,23,0.30056458711624146,0.08630453050136566,0.30056458711624146,0.30056458711624146,0.0,9.999999747378752e-05
69,24,0.24589556455612183,0.17402523756027222,0.24589556455612183,0.24589556455612183,0.0,0.0
69,25,0.15531599521636963,0.08729119598865509,0.15531599521636963,0.15531599521636963,0.0,0.00039999998989515007
69,26,0.5756475925445557,-0.005857009440660477,0.5756475925445557,0.5756475925445557,0.0,0.7218000292778015
69,27,0.2533099055290222,0.15732333064079285,0.2533099055290222,0.2533099055290222,0.0,0.0
69,28,0.18630966544151306,0.02055879682302475,0.18630966544151306,0.18630966544151306,0.0,0.07199999690055847
69,29,0.4352486729621887,0.06912174820899963,0.4352486729621887,0.4352486729621887,0.0,0.00570000009611249
69,30,0.17053034901618958,0.08625701814889908,0.17053034901618958,0.17053034901618958,0.0,0.0003000000142492354
69,31,0.10796555131673813,0.10320106148719788,0.10796555131673813,0.10796555131673813,0.0,0.00019999999494757503
69,32,0.5235631465911865,0.10365449637174606,0.5235631465911865,0.5235631465911865,0.0,0.0006000000284984708
69,33,0.5806465148925781,0.13443900644779205,0.5806465148925781,0.5806465148925781,0.0,0.0003000000142492354
69,34,0.4857163727283478,0.013063590973615646,0.4857163727283478,0.4857163727283478,0.0,0.3122999966144562
69,35,0.6437892913818359,0.06213512271642685,0.6437892913818359,0.6437892913818359,0.0,0.007899999618530273
69,36,0.4541529417037964,0.09301325678825378,0.4541529417037964,0.4541529417037964,0.0,0.000699999975040555
69,37,0.625023603439331,0.07038911432027817,0.625023603439331,0.625023603439331,0.0,0.005799999926239252
69,38,0.5467300415039062,0.0641011968255043,0.5467300415039062,0.5467300415039062,0.0,0.009200000204145908
69,39,0.5834254026412964,0.06314123421907425,0.5834254026412964,0.5834254026412964,0.0,0.010700000450015068
69,40,0.35602182149887085,0.024671092629432678,0.35602182149887085,0.35602182149887085,0.0,0.05350000038743019
69,41,0.549114465713501,0.12714225053787231,0.549114465713501,0.549114465713501,0.0,0.0
69,42,0.5819772481918335,0.04552305489778519,0.5819772481918335,0.5819772481918335,0.0,0.025800000876188278
69,43,0.6038821339607239,0.07254359126091003,0.6038821339607239,0.6038821339607239,0.0,0.005799999926239252
69,44,0.4227055311203003,0.059642016887664795,0.4227055311203003,0.4227055311203003,0.0,0.005799999926239252
69,45,0.30102068185806274,-0.01479966938495636,0.30102068185806274,0.30102068185806274,0.0,0.19140000641345978
69,46,0.3630226254463196,0.11856904625892639,0.3630226254463196,0.3630226254463196,0.0,0.0010999999940395355
69,47,0.41887524724006653,0.06776870787143707,0.41887524724006653,0.41887524724006653,0.0,0.006399999838322401
69,48,0.2947573661804199,0.14519058167934418,0.2947573661804199,0.2947573661804199,0.0,0.0
69,49,0.2823108434677124,0.12996451556682587,0.2823108434677124,0.2823108434677124,0.0,0.0
69,50,0.2620899975299835,0.12784889340400696,0.2620899975299835,0.2620899975299835,0.0,0.0
69,51,0.3703485131263733,0.1301872730255127,0.3703485131263733,0.3703485131263733,0.0,0.0
69,52,0.3639289438724518,0.0618281215429306,0.3639289438724518,0.3639289438724518,0.0,0.004000000189989805
69,53,0.3990926146507263,0.137710303068161,0.3990926146507263,0.3990926146507263,0.0,0.0
69,54,0.4242129921913147,0.11939888447523117,0.4242129921913147,0.4242129921913147,0.0,0.0
69,55,0.47220414876937866,0.11686797440052032,0.47220414876937866,0.47220414876937866,0.0,0.0
69,56,0.43932288885116577,0.1254914402961731,0.43932288885116577,0.43932288885116577,0.0,0.00019999999494757503
69,57,0.48867732286453247,0.19588854908943176,0.48867732286453247,0.48867732286453247,0.0,0.0
69,58,0.567661464214325,0.18185773491859436,0.567661464214325,0.567661464214325,0.0,0.0
69,59,0.5457985401153564,0.14213478565216064,0.5457985401153564,0.5457985401153564,0.0,0.0003000000142492354
69,60,0.5750248432159424,0.12568262219429016,0.5750248432159424,0.5750248432159424,0.0,0.0006000000284984708
69,61,0.5066709518432617,0.20253029465675354,0.5066709518432617,0.5066709518432617,0.0,0.0
69,62,0.47623497247695923,0.18109238147735596,0.47623497247695923,0.47623497247695923,0.0,0.0
69,63,0.4596623182296753,0.2916620671749115,0.4596623182296753,0.4596623182296753,0.0,0.0
70,0,0.5495607852935791,0.07677972316741943,0.5495607852935791,0.5495607852935791,0.0,0.0010999999940395355
70,1,0.6152056455612183,0.03707163780927658,0.6152056455612183,0.6152056455612183,0.0,0.042899999767541885
70,2,0.6340634226799011,0.045767322182655334,0.6340634226799011,0.6340634226799011,0.0,0.024399999529123306
70,3,0.43484199047088623,0.14380112290382385,0.43484199047088623,0.43484199047088623,0.0,0.0
70,4,0.5791071057319641,0.10736049711704254,0.5791071057319641,0.5791071057319641,0.0,0.0005000000237487257
70,5,0.5907079577445984,0.10148480534553528,0.5907079577445984,0.5907079577445984,0.0,0.0012000000569969416
70,6,0.6156308650970459,0.04743190109729767,0.6156308650970459,0.6156308650970459,0.0,0.024000000208616257
70,7,0.5425035357475281,0.08936800062656403,0.5425035357475281,0.5425035357475281,0.0,0.0015999999595806003
70,8,0.5850101709365845,0.10347728431224823,0.5850101709365845,0.5850101709365845,0.0,0.000699999975040555
70,9,0.4823162853717804,0.2237754464149475,0.4823162853717804,0.4823162853717804,0.0,0.0
70,10,0.5955836772918701,0.08374377340078354,0.5955836772918701,0.5955836772918701,0.0,0.0035000001080334187
70,11,0.5152973532676697,0.04643202945590019,0.5152973532676697,0.5152973532676697,0.0,0.022199999541044235
70,12,0.5227237939834595,0.07777298986911774,0.5227237939834595,0.5227237939834595,0.0,0.002099999925121665
70,13,0.5904780626296997,0.11724478006362915,0.5904780626296997,0.5904780626296997,0.0,0.00039999998989515007
70,14,0.5090590715408325,0.05627812445163727,0.5090590715408325,0.5090590715408325,0.0,0.012799999676644802
70,15,0.48380357027053833,0.025773651897907257,0.48380357027053833,0.48380357027053833,0.0,0.0674000009894371
70,16,0.500206708908081,-0.003942592069506645,0.500206708908081,0.500206708908081,0.0,0.8209999799728394
70,17,0.4248962998390198,0.02989281341433525,0.4248962998390198,0.4248962998390198,0.0,0.060100000351667404
70,18,0.18031445145606995,0.09238389134407043,0.18031445145606995,0.18031445145606995,0.0,0.0005000000237487257
70,19,0.21605974435806274,0.06821349263191223,0.21605974435806274,0.21605974435806274,0.0,0.0
70,20,0.2893153131008148,0.07014484703540802,0.2893153131008148,0.2893153131008148,0.0,0.0006000000284984708
70,21,0.07769028097391129,0.07078912109136581,0.07769028097391129,0.07769028097391129,0.0,0.0015999999595806003
70,22,0.23082688450813293,0.005600254982709885,0.23082688450813293,0.23082688450813293,0.0,0.6926000118255615
70,23,0.1858421266078949,0.04767164587974548,0.1858421266078949,0.1858421266078949,0.0,0.010300000198185444
70,24,0.4960959255695343,0.059869296848773956,0.4960959255695343,0.4960959255695343,0.0,0.00800000037997961
70,25,0.5247193574905396,0.18976406753063202,0.5247193574905396,0.5247193574905396,0.0,0.0
70,26,0.4590292274951935,0.29714125394821167,0.4590292274951935,0.4590292274951935,0.0,0.0
70,27,0.49568843841552734,0.1579807996749878,0.49568843841552734,0.49568843841552734,0.0,0.0
70,28,0.538235604763031,0.21426518261432648,0.538235604763031,0.538235604763031,0.0,0.0
70,29,0.3836553692817688,0.10820463299751282,0.3836553692817688,0.3836553692817688,0.0,0.0003000000142492354
70,30,0.599130392074585,-0.0027831196784973145,0.599130392074585,0.599130392074585,0.0,0.8658999800682068
70,31,0.541541337966919,0.23871101438999176,0.541541337966919,0.541541337966919,0.0,0.0
70,32,0.36877602338790894,0.07720327377319336,0.36877602338790894,0.36877602338790894,0.0,0.0017999999690800905
70,33,0.40584224462509155,0.08002425730228424,0.40584224462509155,0.40584224462509155,0.0,0.0007999999797903001
70,34,0.5429410934448242,0.005723085254430771,0.5429410934448242,0.5429410934448242,0.0,0.7014999985694885
70,35,0.49921363592147827,0.0390634760260582,0.49921363592147827,0.49921363592147827,0.0,0.015799999237060547
70,36,0.5741078853607178,0.1164533942937851,0.5741078853607178,0.5741078853607178,0.0,0.00039999998989515007
70,37,0.5047175884246826,0.0736333578824997,0.5047175884246826,0.5047175884246826,0.0,0.003700000001117587
70,38,0.5113393664360046,0.11194944381713867,0.5113393664360046,0.5113393664360046,0.0,0.0005000000237487257
70,39,0.5676772594451904,0.14136141538619995,0.5676772594451904,0.5676772594451904,0.0,0.00019999999494757503
70,40,0.5166288614273071,0.18884088099002838,0.5166288614273071,0.5166288614273071,0.0,0.0
70,41,0.6663318872451782,0.038417063653469086,0.6663318872451782,0.6663318872451782,0.0,0.03959999978542328
70,42,0.5929708480834961,0.018815122544765472,0.5929708480834961,0.5929708480834961,0.0,0.11890000104904175
70,43,0.606590986251831,0.057381365448236465,0.606590986251831,0.606590986251831,0.0,0.015599999576807022
70,44,0.5980362296104431,0.05921391397714615,0.5980362296104431,0.5980362296104431,0.0,0.013000000268220901
70,45,0.6155432462692261,0.04095248505473137,0.6155432462692261,0.6155432462692261,0.0,0.033900000154972076
70,46,0.5784265995025635,0.0868658795952797,0.5784265995025635,0.5784265995025635,0.0,0.0026000000070780516
70,47,0.5946072936058044,0.058774013072252274,0.5946072936058044,0.5946072936058044,0.0,0.012600000016391277
70,48,0.37451624870300293,0.01948711648583412,0.37451624870300293,0.37451624870300293,0.0,0.08139999955892563
70,49,0.22280046343803406,0.012870360165834427,0.22280046343803406,0.22280046343803406,0.0,0.2442999929189682
70,50,0.15445519983768463,0.03212467208504677,0.15445519983768463,0.15445519983768463,0.0,0.013100000098347664
70,51,0.15126602351665497,0.1446143239736557,0.15126602351665497,0.15126602351665497,0.0,0.0
70,52,0.49532514810562134,0.1584647297859192,0.49532514810562134,0.49532514810562134,0.0,0.0
70,53,0.181433767080307,0.06573943793773651,0.181433767080307,0.181433767080307,0.0,0.0006000000284984708
70,54,0.11558002233505249,-0.00447411835193634,0.11558002233505249,0.11558002233505249,0.0,0.65829998254776
70,55,0.42345792055130005,0.15283501148223877,0.42345792055130005,0.42345792055130005,0.0,0.0
70,56,0.07547879964113235,0.00747063010931015,0.07547879964113235,0.07547879964113235,0.0,0.52920001745224
70,57,0.08169274032115936,-0.008801765739917755,0.08169274032115936,0.08169274032115936,0.0,0.39750000834465027
70,58,0.09982506930828094,0.002651318907737732,0.09982506930828094,0.09982506930828094,0.0,0.8007000088691711
70,59,0.4813641905784607,0.13288329541683197,0.4813641905784607,0.4813641905784607,0.0,0.00019999999494757503
70,60,0.010513018816709518,-0.011117599904537201,0.010513018816709518,0.010513018816709518,0.3425999879837036,0.2854999899864197
70,61,0.1363370567560196,0.03389891982078552,0.1363370567560196,0.1363370567560196,0.0,0.014800000004470348
70,62,0.0644020363688469,-0.002744274213910103,0.0644020363688469,0.0644020363688469,0.0,0.796999990940094
70,63,0.07380876690149307,-0.007382109761238098,0.07380876690149307,0.07380876690149307,9.999999747378752e-05,0.5404999852180481
71,0,0.3943636417388916,0.13697746396064758,0.3943636417388916,0.3943636417388916,0.0,0.0
71,1,0.4463590383529663,0.09281200170516968,0.4463590383529663,0.4463590383529663,0.0,0.00139999995008111
71,2,0.4627567231655121,0.057945482432842255,0.4627567231655121,0.4627567231655121,0.0,0.010300000198185444
71,3,0.46313270926475525,0.05128849670290947,0.46313270926475525,0.46313270926475525,0.0,0.01360000018030405
71,4,0.4065268635749817,0.14155606925487518,0.4065268635749817,0.4065268635749817,0.0,0.0
71,5,0.4085204005241394,0.10510196536779404,0.4085204005241394,0.4085204005241394,0.0,0.0003000000142492354
71,6,0.5194438099861145,0.06382746994495392,0.5194438099861145,0.5194438099861145,0.0,0.007300000172108412
71,7,0.4354434609413147,0.11169582605361938,0.4354434609413147,0.4354434609413147,0.0,0.0005000000237487257
71,8,0.40930455923080444,0.10431857407093048,0.40930455923080444,0.40930455923080444,0.0,0.00019999999494757503
71,9,0.4268098771572113,0.1449986845254898,0.4268098771572113,0.4268098771572113,0.0,0.0
71,10,0.38787180185317993,0.1893758624792099,0.38787180185317993,0.38787180185317993,0.0,0.0
71,11,0.3279108703136444,0.06546537578105927,0.3279108703136444,0.3279108703136444,0.0,0.0017000000225380063
71,12,0.47714489698410034,0.17230439186096191,0.47714489698410034,0.47714489698410034,0.0,0.0
71,13,0.5385063886642456,0.15807096660137177,0.5385063886642456,0.5385063886642456,0.0,0.0
71,14,0.43111464381217957,0.24490001797676086,0.43111464381217957,0.43111464381217957,0.0,0.0
71,15,0.42781519889831543,0.06686526536941528,0.42781519889831543,0.42781519889831543,0.0,0.0027000000700354576
71,16,0.37294432520866394,0.06225654482841492,0.37294432520866394,0.37294432520866394,0.0,0.002199999988079071
71,17,0.5000500679016113,0.15005744993686676,0.5000500679016113,0.5000500679016113,0.0,0.0
71,18,0.5939205884933472,0.11664246022701263,0.5939205884933472,0.5939205884933472,0.0,0.0006000000284984708
71,19,0.3284977376461029,0.03469410538673401,0.3284977376461029,0.3284977376461029,0.0,0.02370000071823597
71,20,0.573460578918457,0.1358635127544403,0.573460578918457,0.573460578918457,0.0,0.0003000000142492354
71,21,0.2842090129852295,0.01980416104197502,0.2842090129852295,0.2842090129852295,0.0,0.05469999834895134
71,22,0.5919606685638428,0.11211293935775757,0.5919606685638428,0.5919606685638428,0.0,0.0005000000237487257
71,23,0.4938531517982483,0.06488564610481262,0.4938531517982483,0.4938531517982483,0.0,0.007400000002235174
71,24,0.4396999180316925,0.04467030614614487,0.4396999180316925,0.4396999180316925,0.0,0.014600000344216824
71,25,0.42728596925735474,0.06679759919643402,0.42728596925735474,0.42728596925735474,0.0,0.002099999925121665
71,26,0.4234470725059509,0.04651600122451782,0.4234470725059509,0.4234470725059509,0.0,0.018200000748038292
71,27,0.40759509801864624,0.030941948294639587,0.40759509801864624,0.40759509801864624,0.0,0.04490000009536743
71,28,0.5375103950500488,0.03927954286336899,0.5375103950500488,0.5375103950500488,0.0,0.023099999874830246
71,29,0.2950511574745178,0.05229009687900543,0.2950511574745178,0.2950511574745178,0.0,0.0035000001080334187
71,30,0.377560019493103,0.06756608188152313,0.377560019493103,0.377560019493103,0.0,0.0031999999191612005
71,31,0.4708441495895386,0.22904574871063232,0.4708441495895386,0.4708441495895386,0.0,0.0
71,32,0.14644376933574677,0.23090773820877075,0.23090773820877075,0.23090773820877075,0.0,0.0
71,33,0.5768061280250549,0.1296706646680832,0.5768061280250549,0.5768061280250549,0.0,0.0003000000142492354
71,34,0.41760891675949097,0.14399504661560059,0.41760891675949097,0.41760891675949097,0.0,0.0
71,35,0.1602904498577118,0.2133360505104065,0.2133360505104065,0.2133360505104065,0.0,0.0
71,36,0.17402754724025726,0.2952196002006531,0.2952196002006531,0.2952196002006531,0.0,0.0
71,37,0.2556341886520386,0.18098412454128265,0.2556341886520386,0.2556341886520386,0.0,0.0
71,38,0.24606521427631378,0.48540595173835754,0.48540595173835754,0.48540595173835754,0.0,0.0
71,39,0.32231056690216064,0.4610404670238495,0.4610404670238495,0.4610404670238495,0.0,0.0
71,40,0.48851102590560913,0.11863423883914948,0.48851102590560913,0.48851102590560913,0.0,0.0003000000142492354
71,41,0.449941486120224,0.12357531487941742,0.449941486120224,0.449941486120224,0.0,0.00019999999494757503
71,42,0.522214949131012,0.1609821319580078,0.522214949131012,0.522214949131012,0.0,0.0
71,43,0.5634611248970032,0.16388462483882904,0.5634611248970032,0.5634611248970032,0.0,0.0
71,44,0.5520808100700378,0.10893979668617249,0.5520808100700378,0.5520808100700378,0.0,0.0006000000284984708
71,45,0.36114197969436646,0.27143800258636475,0.36114197969436646,0.36114197969436646,0.0,0.0
71,46,0.4028340280056,0.11615224927663803,0.4028340280056,0.4028340280056,0.0,0.0
71,47,0.35431969165802,0.14815373718738556,0.35431969165802,0.35431969165802,0.0,0.0
71,48,0.04363247752189636,0.04417070001363754,0.04417070001363754,0.04417070001363754,0.016599999740719795,0.022600000724196434
71,49,0.0885961502790451,0.0698801577091217,0.0885961502790451,0.0885961502790451,0.0,0.00039999998989515007
71,50,0.15184682607650757,0.021143034100532532,0.15184682607650757,0.15184682607650757,0.0,0.06989999860525131
71,51,0.17022033035755157,-0.00023522228002548218,0.17022033035755157,0.17022033035755157,0.0,0.9833999872207642
71,52,0.15716096758842468,0.01587899774312973,0.15716096758842468,0.15716096758842468,0.0,0.18799999356269836
71,53,0.10091683268547058,-9.72207635641098e-06,0.10091683268547058,0.10091683268547058,0.0,0.9993000030517578
71,54,0.18723253905773163,0.02009221911430359,0.18723253905773163,0.18723253905773163,0.0,0.10610000044107437
71,55,0.2114887237548828,0.03626400977373123,0.2114887237548828,0.2114887237548828,0.0,0.019899999722838402
71,56,0.192873015999794,0.12053404748439789,0.192873015999794,0.192873015999794,0.0,0.0
71,57,0.19783075153827667,0.07960135489702225,0.19783075153827667,0.19783075153827667,0.0,0.0
71,58,0.28970015048980713,0.1749224066734314,0.28970015048980713,0.28970015048980713,0.0,0.0
71,59,0.2121470421552658,0.10784761607646942,0.2121470421552658,0.2121470421552658,0.0,0.0
71,60,0.13250301778316498,0.08426415920257568,0.13250301778316498,0.13250301778316498,0.0,0.0
71,61,0.2368783950805664,0.13604043424129486,0.2368783950805664,0.2368783950805664,0.0,0.0
71,62,0.12337875366210938,0.053158801048994064,0.12337875366210938,0.12337875366210938,0.0,0.0010000000474974513
71,63,0.24595153331756592,0.18420928716659546,0.24595153331756592,0.24595153331756592,0.0,0.0
72,0,0.41761261224746704,0.08452645689249039,0.41761261224746704,0.41761261224746704,0.0,0.000699999975040555
72,1,0.4631651043891907,0.18121448159217834,0.4631651043891907,0.4631651043891907,0.0,0.0
72,2,0.34180301427841187,0.12379042059183121,0.34180301427841187,0.34180301427841187,0.0,0.0
72,3,0.4794493019580841,0.13889679312705994,0.4794493019580841,0.4794493019580841,0.0,9.999999747378752e-05
72,4,0.11292823404073715,-0.007719360291957855,0.11292823404073715,0.11292823404073715,0.0,0.5216000080108643
72,5,0.4311121702194214,0.11678749322891235,0.4311121702194214,0.4311121702194214,0.0,9.999999747378752e-05
72,6,0.5071344971656799,0.17200225591659546,0.5071344971656799,0.5071344971656799,0.0,0.0
72,7,0.5315127968788147,0.1991816610097885,0.5315127968788147,0.5315127968788147,0.0,0.0
72,8,0.28031373023986816,0.06153527647256851,0.28031373023986816,0.28031373023986816,0.0,0.004999999888241291
72,9,0.39365994930267334,0.1319177746772766,0.39365994930267334,0.39365994930267334,0.0,0.0
72,10,0.34025880694389343,0.12060344964265823,0.34025880694389343,0.34025880694389343,0.0,0.0
72,11,0.2045402228832245,0.02093038707971573,0.2045402228832245,0.2045402228832245,0.0,0.09570000320672989
72,12,0.5376580953598022,0.16474813222885132,0.5376580953598022,0.5376580953598022,0.0,0.0
72,13,0.3199421167373657,0.022364292293787003,0.3199421167373657,0.3199421167373657,0.0,0.1005999967455864
72,14,0.25605344772338867,0.06783357262611389,0.25605344772338867,0.25605344772338867,0.0,0.0010999999940395355
72,15,0.2498103678226471,0.03446477651596069,0.2498103678226471,0.2498103678226471,0.0,0.025100000202655792
72,16,0.4722219705581665,0.25458064675331116,0.4722219705581665,0.4722219705581665,0.0,0.0
72,17,0.3814220428466797,0.2527390718460083,0.3814220428466797,0.3814220428466797,0.0,0.0
72,18,0.30340468883514404,0.18793985247612,0.30340468883514404,0.30340468883514404,0.0,0.0
72,19,0.5849952101707458,0.1561627984046936,0.5849952101707458,0.5849952101707458,0.0,0.0
72,20,0.5641448497772217,0.07386785745620728,0.5641448497772217,0.5641448497772217,0.0,0.004600000102072954
72,21,0.5865954160690308,0.11734640598297119,0.5865954160690308,0.5865954160690308,0.0,0.0007999999797903001
72,22,0.5646562576293945,0.18238091468811035,0.5646562576293945,0.5646562576293945,0.0,0.0
72,23,0.43306758999824524,0.193263977766037,0.43306758999824524,0.43306758999824524,0.0,0.0
72,24,0.5620304346084595,0.11939091980457306,0.5620304346084595,0.5620304346084595,0.0,0.00039999998989515007
72,25,0.5686107873916626,0.075935959815979,0.5686107873916626,0.5686107873916626,0.0,0.004800000227987766
72,26,0.5630072951316833,0.12483921647071838,0.5630072951316833,0.5630072951316833,0.0,0.00039999998989515007
72,27,0.5991024374961853,0.079654760658741,0.5991024374961853,0.5991024374961853,0.0,0.004600000102072954
72,28,0.5397279262542725,0.12359647452831268,0.5397279262542725,0.5397279262542725,0.0,0.00039999998989515007
72,29,0.5625301003456116,0.05850234627723694,0.5625301003456116,0.5625301003456116,0.0,0.012799999676644802
72,30,0.548324465751648,0.1330203413963318,0.548324465751648,0.548324465751648,0.0,0.0005000000237487257
72,31,0.5676094889640808,0.11977529525756836,0.5676094889640808,0.5676094889640808,0.0,0.00039999998989515007
72,32,0.22723554074764252,0.26641368865966797,0.26641368865966797,0.26641368865966797,0.0,0.0
72,33,0.18375730514526367,0.07535379379987717,0.18375730514526367,0.18375730514526367,0.0,9.999999747378752e-05
72,34,0.06359849125146866,0.04642994701862335,0.06359849125146866,0.06359849125146866,0.0005000000237487257,0.012000000104308128
72,35,0.11119446158409119,0.16366049647331238,0.16366049647331238,0.16366049647331238,0.0,0.0
72,36,0.33633705973625183,0.11110255867242813,0.33633705973625183,0.33633705973625183,0.0,0.0
72,37,0.2725028097629547,0.23452630639076233,0.2725028097629547,0.2725028097629547,0.0,0.0
72,38,0.23160484433174133,0.056917935609817505,0.23160484433174133,0.23160484433174133,0.0,0.00019999999494757503
72,39,0.3730957508087158,0.12807124853134155,0.3730957508087158,0.3730957508087158,0.0,0.0
72,40,0.4565677046775818,0.10434770584106445,0.4565677046775818,0.4565677046775818,0.0,0.00039999998989515007
72,41,0.4643295407295227,0.1789402961730957,0.4643295407295227,0.4643295407295227,0.0,0.0
72,42,0.2824440002441406,0.09088164567947388,0.2824440002441406,0.2824440002441406,0.0,0.0006000000284984708
72,43,0.5352383852005005,0.08331640064716339,0.5352383852005005,0.5352383852005005,0.0,0.003599999938160181
72,44,0.40655285120010376,0.061198730021715164,0.40655285120010376,0.40655285120010376,0.0,0.00559999980032444
72,45,0.46875399351119995,0.14859607815742493,0.46875399351119995,0.46875399351119995,0.0,0.0
72,46,0.4665977954864502,0.19541671872138977,0.4665977954864502,0.4665977954864502,0.0,0.0
72,47,0.36281803250312805,0.11585564911365509,0.36281803250312805,0.36281803250312805,0.0,0.0
72,48,0.49264538288116455,0.2256242036819458,0.49264538288116455,0.49264538288116455,0.0,0.0
72,49,0.4698648452758789,0.12861111760139465,0.4698648452758789,0.4698648452758789,0.0,0.00019999999494757503
72,50,0.4868291914463043,0.10927212238311768,0.4868291914463043,0.4868291914463043,0.0,0.0006000000284984708
72,51,0.457999587059021,0.0552276112139225,0.457999587059021,0.457999587059021,0.0,0.007699999958276749
72,52,0.34483665227890015,0.07199817895889282,0.34483665227890015,0.34483665227890015,0.0,0.001500000013038516
72,53,0.5003551840782166,0.1544090360403061,0.5003551840782166,0.5003551840782166,0.0,9.999999747378752e-05
72,54,0.5398992300033569,0.06404465436935425,0.5398992300033569,0.5398992300033569,0.0,0.00860000029206276
72,55,0.5392299890518188,0.09573118388652802,0.5392299890518188,0.5392299890518188,0.0,0.0007999999797903001
72,56,0.4334656596183777,0.15024997293949127,0.4334656596183777,0.4334656596183777,0.0,0.0
72,57,0.4513700008392334,0.0624532513320446,0.4513700008392334,0.4513700008392334,0.0,0.00279999990016222
72,58,0.5168334245681763,0.13997851312160492,0.5168334245681763,0.5168334245681763,0.0,9.999999747378752e-05
72,59,0.2580713629722595,0.2142016589641571,0.2580713629722595,0.2580713629722595,0.0,0.0
72,60,0.3942374587059021,0.29534515738487244,0.3942374587059021,0.3942374587059021,0.0,0.0
72,61,0.2694605588912964,0.037541426718235016,0.2694605588912964,0.2694605588912964,0.0,0.024800000712275505
72,62,0.3802828788757324,0.2261793315410614,0.3802828788757324,0.3802828788757324,0.0,0.0
72,63,0.3193618059158325,0.1345437467098236,0.3193618059158325,0.3193618059158325,0.0,0.0
73,0,0.07823897898197174,0.07494024187326431,0.07823897898197174,0.07823897898197174,9.999999747378752e-05,0.00019999999494757503
73,1,0.5180224776268005,0.41550272703170776,0.5180224776268005,0.5180224776268005,0.0,0.0
73,2,0.3973280191421509,0.17795947194099426,0.3973280191421509,0.3973280191421509,0.0,0.0
73,3,0.27316755056381226,0.5495531558990479,0.5495531558990479,0.5495531558990479,0.0,0.0
73,4,0.4655417203903198,0.15903130173683167,0.4655417203903198,0.4655417203903198,0.0,0.0
73,5,0.19613312184810638,0.14243453741073608,0.19613312184810638,0.19613312184810638,0.0,0.0
73,6,0.05733628198504448,0.05840485543012619,0.05840485543012619,0.05840485543012619,0.0003000000142492354,0.0010000000474974513
73,7,0.412834495306015,0.6697996854782104,0.6697996854782104,0.6697996854782104,0.0,0.0
73,8,0.447631299495697,0.07169776409864426,0.447631299495697,0.447631299495697,0.0,0.0035000001080334187
73,9,0.14827989041805267,-0.010717248544096947,0.14827989041805267,0.14827989041805267,0.0,0.4318999946117401
73,10,0.6005257368087769,0.05636069178581238,0.6005257368087769,0.6005257368087769,0.0,0.01489999983459711
73,11,0.525890588760376,0.01817849837243557,0.525890588760376,0.525890588760376,0.0,0.15469999611377716
73,12,0.4609561562538147,0.16147756576538086,0.4609561562538147,0.4609561562538147,0.0,0.0
73,13,0.4920365512371063,0.07832115143537521,0.4920365512371063,0.4920365512371063,0.0,0.002400000113993883
73,14,0.5350250005722046,0.03390480950474739,0.5350250005722046,0.5350250005722046,0.0,0.050599999725818634
73,15,0.5756789445877075,0.07621870189905167,0.5756789445877075,0.5756789445877075,0.0,0.0038999998942017555
73,16,0.1905803680419922,-0.009564362466335297,0.1905803680419922,0.1905803680419922,0.0,0.43619999289512634
73,17,0.5256873369216919,0.12452314794063568,0.5256873369216919,0.5256873369216919,0.0,0.00039999998989515007
73,18,0.49158161878585815,0.11135966330766678,0.49158161878585815,0.49158161878585815,0.0,0.00039999998989515007
73,19,0.5480786561965942,0.13000060617923737,0.5480786561965942,0.5480786561965942,0.0,0.00039999998989515007
73,20,0.4722994267940521,0.10047655552625656,0.4722994267940521,0.4722994267940521,0.0,0.0
73,21,0.589626669883728,0.10133454203605652,0.589626669883728,0.589626669883728,0.0,0.000699999975040555
73,22,0.5180351734161377,0.12988755106925964,0.5180351734161377,0.5180351734161377,0.0,0.00019999999494757503
73,23,0.1961185485124588,0.0034985020756721497,0.1961185485124588,0.1961185485124588,0.0,0.8003000020980835
73,24,0.3589114248752594,0.10749475657939911,0.3589114248752594,0.3589114248752594,0.0,9.999999747378752e-05
73,25,0.403535395860672,0.025165781378746033,0.403535395860672,0.403535395860672,0.0,0.06520000100135803
73,26,0.4063358008861542,0.23191700875759125,0.4063358008861542,0.4063358008861542,0.0,0.0
73,27,0.4765377640724182,0.13463152945041656,0.4765377640724182,0.4765377640724182,0.0,0.0
73,28,0.3448445200920105,0.12184932082891464,0.3448445200920105,0.3448445200920105,0.0,9.999999747378752e-05
73,29,0.4446837306022644,0.0828309953212738,0.4446837306022644,0.4446837306022644,0.0,0.0020000000949949026
73,30,0.5390716791152954,0.07628427445888519,0.5390716791152954,0.5390716791152954,0.0,0.005799999926239252
73,31,0.4498615562915802,0.10753504186868668,0.4498615562915802,0.4498615562915802,0.0,9.999999747378752e-05
73,32,-0.014161588624119759,-0.017020735889673233,0.0,-0.014161588624119759,0.2070000022649765,0.09679999947547913
73,33,0.15134967863559723,0.19033962488174438,0.19033962488174438,0.19033962488174438,0.0,0.0
73,34,0.1807921826839447,0.0754457488656044,0.1807921826839447,0.1807921826839447,0.0,0.0005000000237487257
73,35,0.0483890138566494,-0.008246030658483505,0.0483890138566494,0.0483890138566494,0.0026000000070780516,0.4848000109195709
73,36,0.0879330039024353,0.03073379397392273,0.0879330039024353,0.0879330039024353,0.0,0.02239999920129776
73,37,0.02643600106239319,0.01714010164141655,0.02643600106239319,0.02643600106239319,0.09719999879598618,0.2468000054359436
73,38,0.00899434182792902,-0.0039793699979782104,0.00899434182792902,0.00899434182792902,0.4551999866962433,0.7422000169754028
73,39,0.07819841057062149,0.04571663960814476,0.07819841057062149,0.07819841057062149,0.0,0.00930000003427267
73,40,0.09047482907772064,0.0946337953209877,0.0946337953209877,0.0946337953209877,0.0,0.0
73,41,0.14121410250663757,0.11262564361095428,0.14121410250663757,0.14121410250663757,0.0,0.0
73,42,0.07472759485244751,0.026138238608837128,0.07472759485244751,0.07472759485244751,0.0,0.03840000182390213
73,43,0.12922781705856323,0.03892223909497261,0.12922781705856323,0.12922781705856323,0.0,0.011099999770522118
73,44,0.10645662993192673,0.06506954878568649,0.10645662993192673,0.10645662993192673,0.0,0.00019999999494757503
73,45,0.05883301794528961,0.09199778735637665,0.09199778735637665,0.09199778735637665,0.000699999975040555,0.0
73,46,0.06559688597917557,0.12793181836605072,0.12793181836605072,0.12793181836605072,0.0010999999940395355,0.0
73,47,0.1066814512014389,0.06403496116399765,0.1066814512014389,0.1066814512014389,0.0,0.0
73,48,0.3009408116340637,0.008863229304552078,0.3009408116340637,0.3009408116340637,0.0,0.5091000199317932
73,49,0.354527086019516,0.2680141031742096,0.354527086019516,0.354527086019516,0.0,0.0
73,50,0.45597267150878906,0.07493434101343155,0.45597267150878906,0.45597267150878906,0.0,0.004999999888241291
73,51,0.3882768452167511,0.05586560070514679,0.3882768452167511,0.3882768452167511,0.0,0.010499999858438969
73,52,0.4972480237483978,0.1830310821533203,0.4972480237483978,0.4972480237483978,0.0,0.0
73,53,0.45026445388793945,0.18641236424446106,0.45026445388793945,0.45026445388793945,0.0,0.0
73,54,0.2836671471595764,0.05630727857351303,0.2836671471595764,0.2836671471595764,0.0,0.003800000064074993
73,55,0.5421472191810608,0.12888798117637634,0.5421472191810608,0.5421472191810608,0.0,0.00039999998989515007
73,56,0.24459603428840637,0.28616172075271606,0.28616172075271606,0.28616172075271606,0.0,0.0
73,57,0.5816566944122314,0.08993279933929443,0.5816566944122314,0.5816566944122314,0.0,0.002300000051036477
73,58,0.12910285592079163,0.4041479527950287,0.4041479527950287,0.4041479527950287,0.0,0.0
73,59,0.29110270738601685,0.20443567633628845,0.29110270738601685,0.29110270738601685,0.0,0.0
73,60,0.06977464258670807,0.0410316064953804,0.06977464258670807,0.06977464258670807,9.999999747378752e-05,0.009499999694526196
73,61,0.3975633382797241,0.04453914612531662,0.3975633382797241,0.3975633382797241,0.0,0.014700000174343586
73,62,0.3819724917411804,0.12553727626800537,0.3819724917411804,0.3819724917411804,0.0,9.999999747378752e-05
73,63,0.20095942914485931,0.10891203582286835,0.20095942914485931,0.20095942914485931,0.0,0.0
74,0,0.6315644383430481,0.047298677265644073,0.6315644383430481,0.6315644383430481,0.0,0.01860000006854534
74,1,0.5074328184127808,0.05295654386281967,0.5074328184127808,0.5074328184127808,0.0,0.008700000122189522
74,2,0.5450624227523804,0.1011854037642479,0.5450624227523804,0.5450624227523804,0.0,0.0005000000237487257
74,3,0.6006957292556763,0.0898415595293045,0.6006957292556763,0.6006957292556763,0.0,0.0020000000949949026
74,4,0.6387674808502197,0.04663049057126045,0.6387674808502197,0.6387674808502197,0.0,0.02539999969303608
74,5,0.5471621751785278,0.15293839573860168,0.5471621751785278,0.5471621751785278,0.0,9.999999747378752e-05
74,6,0.5291815996170044,0.036613333970308304,0.5291815996170044,0.5291815996170044,0.0,0.0421999990940094
74,7,0.6600238084793091,0.00257081538438797,0.6600238084793091,0.6600238084793091,0.0,0.873199999332428
74,8,0.4075743854045868,0.08598499000072479,0.4075743854045868,0.4075743854045868,0.0,0.000699999975040555
74,9,0.5927605628967285,0.03335457295179367,0.5927605628967285,0.5927605628967285,0.0,0.05389999970793724
74,10,0.5581761002540588,0.04956766217947006,0.5581761002540588,0.5581761002540588,0.0,0.020999999716877937
74,11,0.5348480939865112,0.06000495329499245,0.5348480939865112,0.5348480939865112,0.0,0.009600000455975533
74,12,0.5851023197174072,0.028206050395965576,0.5851023197174072,0.5851023197174072,0.0,0.06939999759197235
74,13,0.5918556451797485,0.03153802081942558,0.5918556451797485,0.5918556451797485,0.0,0.0575999990105629
74,14,0.5106762647628784,0.09830407053232193,0.5106762647628784,0.5106762647628784,0.0,0.000699999975040555
74,15,0.5421832799911499,0.07017162442207336,0.5421832799911499,0.5421832799911499,0.0,0.004999999888241291
74,16,0.10850897431373596,0.020293433219194412,0.10850897431373596,0.10850897431373596,0.0,0.07590000331401825
74,17,0.1524316817522049,0.03141692280769348,0.1524316817522049,0.1524316817522049,0.0,0.00989999994635582
74,18,0.07736316323280334,0.04612499475479126,0.07736316323280334,0.07736316323280334,0.0,0.0010999999940395355
74,19,0.09418871998786926,0.07758039981126785,0.09418871998786926,0.09418871998786926,0.0,9.999999747378752e-05
74,20,0.11251670867204666,0.062129907310009,0.11251670867204666,0.11251670867204666,0.0,0.00019999999494757503
74,21,0.1546662151813507,0.04614269733428955,0.1546662151813507,0.1546662151813507,0.0,0.004100000020116568
74,22,0.22441406548023224,0.12020139396190643,0.22441406548023224,0.22441406548023224,0.0,0.0
74,23,0.09183157980442047,0.021466752514243126,0.09183157980442047,0.09183157980442047,0.0,0.05079999938607216
74,24,0.2653469145298004,0.26490518450737,0.2653469145298004,0.2653469145298004,0.0,0.0
74,25,0.3853616416454315,0.2232043296098709,0.3853616416454315,0.3853616416454315,0.0,0.0
74,26,0.4990532398223877,0.21071629226207733,0.4990532398223877,0.4990532398223877,0.0,0.0
74,27,0.5194596648216248,0.11456362903118134,0.5194596648216248,0.5194596648216248,0.0,0.000699999975040555
74,28,0.46234533190727234,0.18200898170471191,0.46234533190727234,0.46234533190727234,0.0,0.0
74,29,0.40799933671951294,0.17864716053009033,0.40799933671951294,0.40799933671951294,0.0,0.0
74,30,0.4244629144668579,0.15836484730243683,0.4244629144668579,0.4244629144668579,0.0,0.0
74,31,0.403730571269989,0.23462067544460297,0.403730571269989,0.403730571269989,0.0,0.0
74,32,0.4443785846233368,0.09586750715970993,0.4443785846233368,0.4443785846233368,0.0,0.0010999999940395355
74,33,0.4148138165473938,0.13833366334438324,0.4148138165473938,0.4148138165473938,0.0,0.0
74,34,0.23349325358867645,0.16503506898880005,0.23349325358867645,0.23349325358867645,0.0,0.0
74,35,0.6130796670913696,0.0861862450838089,0.6130796670913696,0.6130796670913696,0.0,0.002899999963119626
74,36,0.5195358991622925,0.15269243717193604,0.5195358991622925,0.5195358991622925,0.0,9.999999747378752e-05
74,37,0.5106052160263062,0.06416817754507065,0.5106052160263062,0.5106052160263062,0.0,0.008799999952316284
74,38,0.43155449628829956,0.08748410642147064,0.43155449628829956,0.43155449628829956,0.0,0.0006000000284984708
74,39,0.5578027367591858,0.14729681611061096,0.5578027367591858,0.5578027367591858,0.0,9.999999747378752e-05
74,40,0.12503133714199066,-0.004374884068965912,0.12503133714199066,0.12503133714199066,0.0,0.7211999893188477
74,41,0.4277217984199524,0.13485392928123474,0.4277217984199524,0.4277217984199524,0.0,0.0
74,42,0.3435947895050049,0.08455871790647507,0.3435947895050049,0.3435947895050049,0.0,9.999999747378752e-05
74,43,0.016800398007035255,-0.017722951248288155,0.016800398007035255,0.016800398007035255,0.2152000069618225,0.12680000066757202
74,44,0.17056122422218323,0.017567524686455727,0.17056122422218323,0.17056122422218323,0.0,0.10920000076293945
74,45,0.21354961395263672,0.021635379642248154,0.21354961395263672,0.21354961395263672,0.0,0.07129999995231628
74,46,0.35081323981285095,0.04069405794143677,0.35081323981285095,0.35081323981285095,0.0,0.01720000058412552
74,47,0.07501248270273209,0.07293667644262314,0.07501248270273209,0.07501248270273209,0.0,0.00019999999494757503
74,48,0.4720068573951721,0.1226125955581665,0.4720068573951721,0.4720068573951721,0.0,0.0
74,49,0.4754858613014221,0.19286677241325378,0.4754858613014221,0.4754858613014221,0.0,0.0
74,50,0.5401309728622437,0.2061353325843811,0.5401309728622437,0.5401309728622437,0.0,0.0
74,51,0.2826862335205078,0.07996872067451477,0.2826862335205078,0.2826862335205078,0.0,0.00019999999494757503
74,52,0.2425607442855835,0.18840304017066956,0.2425607442855835,0.2425607442855835,0.0,0.0
74,53,0.367902934551239,0.14304612576961517,0.367902934551239,0.367902934551239,0.0,0.0
74,54,0.4373026192188263,0.14319565892219543,0.4373026192188263,0.4373026192188263,0.0,0.0
74,55,0.39496028423309326,0.14107728004455566,0.39496028423309326,0.39496028423309326,0.0,0.0
74,56,0.4897826611995697,0.2510741949081421,0.4897826611995697,0.4897826611995697,0.0,0.0
74,57,0.07103965431451797,0.04146558418869972,0.07103965431451797,0.07103965431451797,0.00039999998989515007,0.013700000010430813
74,58,0.1863664984703064,0.003027070313692093,0.1863664984703064,0.1863664984703064,0.0,0.7418000102043152
74,59,0.5237643718719482,0.23302091658115387,0.5237643718719482,0.5237643718719482,0.0,0.0
74,60,0.318929523229599,0.2317923903465271,0.318929523229599,0.318929523229599,0.0,0.0
74,61,0.4353959858417511,0.21281637251377106,0.4353959858417511,0.4353959858417511,0.0,0.0
74,62,0.5438704490661621,0.1997281014919281,0.5438704490661621,0.5438704490661621,0.0,0.0
74,63,0.515182375907898,0.16785390675067902,0.515182375907898,0.515182375907898,0.0,0.0
75,0,0.3696313202381134,0.4240342974662781,0.4240342974662781,0.4240342974662781,0.0,0.0
75,1,0.5009933114051819,0.1929178088903427,0.5009933114051819,0.5009933114051819,0.0,0.0
75,2,0.21556100249290466,0.4173644781112671,0.4173644781112671,0.4173644781112671,0.0,0.0
75,3,0.3940065801143646,0.39346742630004883,0.3940065801143646,0.3940065801143646,0.0,0.0
75,4,0.17565985023975372,0.3014214038848877,0.3014214038848877,0.3014214038848877,0.0,0.0
75,5,0.2531581521034241,0.2305736541748047,0.2531581521034241,0.2531581521034241,0.0,0.0
75,6,0.35840412974357605,0.16451776027679443,0.35840412974357605,0.35840412974357605,0.0,0.0
75,7,0.22679400444030762,0.44955331087112427,0.44955331087112427,0.44955331087112427,0.0,0.0
75,8,0.33544331789016724,0.09539079666137695,0.33544331789016724,0.33544331789016724,0.0,0.00019999999494757503
75,9,0.4831615090370178,0.2041873037815094,0.4831615090370178,0.4831615090370178,0.0,0.0
75,10,0.40520626306533813,0.1431935876607895,0.40520626306533813,0.40520626306533813,0.0,0.0
75,11,0.4242883026599884,0.11326326429843903,0.4242883026599884,0.4242883026599884,0.0,9.999999747378752e-05
75,12,0.5150589942932129,0.1653178334236145,0.5150589942932129,0.5150589942932129,0.0,0.0
75,13,0.4987432658672333,0.05385231599211693,0.4987432658672333,0.4987432658672333,0.0,0.013700000010430813
75,14,0.5498976707458496,0.11812945455312729,0.5498976707458496,0.5498976707458496,0.0,0.0005000000237487257
75,15,0.5096020102500916,0.21305428445339203,0.5096020102500916,0.5096020102500916,0.0,0.0
75,16,0.472466379404068,0.4237831234931946,0.472466379404068,0.472466379404068,0.0,0.0
75,17,0.5171435475349426,0.19241918623447418,0.5171435475349426,0.5171435475349426,0.0,0.0
75,18,0.4681010842323303,0.38881632685661316,0.4681010842323303,0.4681010842323303,0.0,0.0
75,19,0.5391598343849182,0.291009783744812,0.5391598343849182,0.5391598343849182,0.0,0.0
75,20,0.39976799488067627,0.2638806402683258,0.39976799488067627,0.39976799488067627,0.0,0.0
75,21,0.5538253784179688,0.13797077536582947,0.5538253784179688,0.5538253784179688,0.0,0.00019999999494757503
75,22,0.44741106033325195,0.15297931432724,0.44741106033325195,0.44741106033325195,0.0,0.0
75,23,0.34961676597595215,0.018265552818775177,0.34961676597595215,0.34961676597595215,0.0,0.1500999927520752
75,24,0.29860925674438477,0.22356237471103668,0.29860925674438477,0.29860925674438477,0.0,0.0
75,25,0.2286892831325531,0.1798902451992035,0.2286892831325531,0.2286892831325531,0.0,0.0
75,26,0.22116976976394653,0.1406526416540146,0.22116976976394653,0.22116976976394653,0.0,0.0
75,27,0.22363001108169556,0.1797320544719696,0.22363001108169556,0.22363001108169556,0.0,0.0
75,28,0.14833587408065796,0.04788779094815254,0.14833587408065796,0.14833587408065796,0.0,0.007499999832361937
75,29,0.23243358731269836,0.13135991990566254,0.23243358731269836,0.23243358731269836,0.0,0.0
75,30,0.31717100739479065,0.13964930176734924,0.31717100739479065,0.31717100739479065,0.0,0.0
75,31,0.1285768747329712,0.15392957627773285,0.15392957627773285,0.15392957627773285,0.0,0.0
75,32,0.33585047721862793,0.2358855903148651,0.33585047721862793,0.33585047721862793,0.0,0.0
75,33,0.2641115188598633,0.1652449518442154,0.2641115188598633,0.2641115188598633,0.0,0.0
75,34,0.26906847953796387,0.39548206329345703,0.39548206329345703,0.39548206329345703,0.0,0.0
75,35,0.21584264934062958,0.22392669320106506,0.22392669320106506,0.22392669320106506,0.0,0.0
75,36,0.4490393400192261,0.15089839696884155,0.4490393400192261,0.4490393400192261,0.0,0.0
75,37,0.21487513184547424,0.10159306228160858,0.21487513184547424,0.21487513184547424,0.0,0.0
75,38,0.29072892665863037,0.17081886529922485,0.29072892665863037,0.29072892665863037,0.0,0.0
75,39,0.29578208923339844,0.1808890551328659,0.29578208923339844,0.29578208923339844,0.0,0.0
75,40,0.4524313509464264,0.08961567282676697,0.4524313509464264,0.4524313509464264,0.0,0.0008999999845400453
75,41,0.4203166961669922,0.06427156925201416,0.4203166961669922,0.4203166961669922,0.0,0.003700000001117587
75,42,0.42910367250442505,0.1593511998653412,0.42910367250442505,0.42910367250442505,0.0,0.0
75,43,0.45859378576278687,0.07123458385467529,0.45859378576278687,0.45859378576278687,0.0,0.0019000000320374966
75,44,0.46401089429855347,0.0911412239074707,0.46401089429855347,0.46401089429855347,0.0,0.0007999999797903001
75,45,0.45664310455322266,0.15114399790763855,0.45664310455322266,0.45664310455322266,0.0,0.0
75,46,0.46498411893844604,0.16066676378250122,0.46498411893844604,0.46498411893844604,0.0,0.0
75,47,0.41044652462005615,0.08474227786064148,0.41044652462005615,0.41044652462005615,0.0,0.0007999999797903001
75,48,0.37584784626960754,0.04004839435219765,0.37584784626960754,0.37584784626960754,0.0,0.0215000007301569
75,49,0.5787841081619263,0.24735327064990997,0.5787841081619263,0.5787841081619263,0.0,0.0
75,50,0.6856393218040466,0.10422836244106293,0.6856393218040466,0.6856393218040466,0.0,0.0010000000474974513
75,51,0.5332546830177307,0.12060107290744781,0.5332546830177307,0.5332546830177307,0.0,0.0
75,52,0.6420449614524841,0.11092600226402283,0.6420449614524841,0.6420449614524841,0.0,0.00039999998989515007
75,53,0.6027545928955078,0.21571224927902222,0.6027545928955078,0.6027545928955078,0.0,0.0
75,54,0.6000670194625854,0.20499807596206665,0.6000670194625854,0.6000670194625854,0.0,0.0
75,55,0.4825470447540283,0.10788752138614655,0.4825470447540283,0.4825470447540283,0.0,0.0003000000142492354
75,56,0.3197566568851471,0.08411955088376999,0.3197566568851471,0.3197566568851471,0.0,0.0008999999845400453
75,57,0.23261547088623047,0.03663485497236252,0.23261547088623047,0.23261547088623047,0.0,0.031199999153614044
75,58,0.5452018976211548,0.16864940524101257,0.5452018976211548,0.5452018976211548,0.0,9.999999747378752e-05
75,59,0.4065333604812622,0.017022833228111267,0.4065333604812622,0.4065333604812622,0.0,0.18170000612735748
75,60,0.335446298122406,0.1648348867893219,0.335446298122406,0.335446298122406,0.0,0.0
75,61,0.4448850154876709,0.05694078654050827,0.4448850154876709,0.4448850154876709,0.0,0.006500000134110451
75,62,0.49238765239715576,0.10013207793235779,0.49238765239715576,0.49238765239715576,0.0,0.000699999975040555
75,63,0.43509641289711,0.03816692903637886,0.43509641289711,0.43509641289711,0.0,0.019700000062584877
76,0,0.5130073428153992,0.2509627640247345,0.5130073428153992,0.5130073428153992,0.0,0.0
76,1,0.4994737207889557,0.2472061663866043,0.4994737207889557,0.4994737207889557,0.0,0.0
76,2,0.3756777048110962,0.13026738166809082,0.3756777048110962,0.3756777048110962,0.0,0.0
76,3,0.5183569192886353,0.24347767233848572,0.5183569192886353,0.5183569192886353,0.0,0.0
76,4,0.5081197619438171,0.23709675669670105,0.5081197619438171,0.5081197619438171,0.0,0.0
76,5,0.4754102826118469,0.28963109850883484,0.4754102826118469,0.4754102826118469,0.0,0.0
76,6,0.5512840151786804,0.12087373435497284,0.5512840151786804,0.5512840151786804,0.0,0.00039999998989515007
76,7,0.5152140855789185,0.1793358474969864,0.5152140855789185,0.5152140855789185,0.0,0.0
76,8,0.5778416991233826,0.10632317513227463,0.5778416991233826,0.5778416991233826,0.0,0.000699999975040555
76,9,0.5550949573516846,0.14856281876564026,0.5550949573516846,0.5550949573516846,0.0,9.999999747378752e-05
76,10,0.33683258295059204,0.043671101331710815,0.33683258295059204,0.33683258295059204,0.0,0.016499999910593033
76,11,0.5815560221672058,0.11538799852132797,0.5815560221672058,0.5815560221672058,0.0,0.00039999998989515007
76,12,0.4941190481185913,0.1880561113357544,0.4941190481185913,0.4941190481185913,0.0,0.0
76,13,0.29226428270339966,0.06290183961391449,0.29226428270339966,0.29226428270339966,0.0,0.0026000000070780516
76,14,0.40619581937789917,0.10300925374031067,0.40619581937789917,0.40619581937789917,0.0,0.0003000000142492354
76,15,0.28390538692474365,0.25496578216552734,0.28390538692474365,0.28390538692474365,0.0,0.0
76,16,0.4007919132709503,0.20965194702148438,0.4007919132709503,0.4007919132709503,0.0,0.0
76,17,0.3517746031284332,0.1789788007736206,0.3517746031284332,0.3517746031284332,0.0,0.0
76,18,0.3648936152458191,0.17746268212795258,0.3648936152458191,0.3648936152458191,0.0,0.0
76,19,0.40318840742111206,0.163418710231781,0.40318840742111206,0.40318840742111206,0.0,0.0
76,20,0.3497469425201416,0.18790173530578613,0.3497469425201416,0.3497469425201416,0.0,0.0
76,21,0.33882442116737366,0.09042715281248093,0.33882442116737366,0.33882442116737366,0.0,0.0
76,22,0.3476240932941437,0.14018568396568298,0.3476240932941437,0.3476240932941437,0.0,0.0
76,23,0.3684861958026886,0.21101438999176025,0.3684861958026886,0.3684861958026886,0.0,0.0
76,24,0.34969061613082886,0.0771620124578476,0.34969061613082886,0.34969061613082886,0.0,0.000699999975040555
76,25,0.2215833216905594,0.0333215594291687,0.2215833216905594,0.2215833216905594,0.0,0.02710000053048134
76,26,0.32665565609931946,0.08232687413692474,0.32665565609931946,0.32665565609931946,0.0,0.0006000000284984708
76,27,0.3705677390098572,0.19113340973854065,0.3705677390098572,0.3705677390098572,0.0,0.0
76,28,0.3458627462387085,0.17039211094379425,0.3458627462387085,0.3458627462387085,0.0,0.0
76,29,0.3875300884246826,0.05905120074748993,0.3875300884246826,0.3875300884246826,0.0,0.004699999932199717
76,30,0.31818968057632446,0.07678146660327911,0.31818968057632446,0.31818968057632446,0.0,0.0010000000474974513
76,31,0.3561362028121948,0.10301825404167175,0.3561362028121948,0.3561362028121948,0.0,9.999999747378752e-05
76,32,0.4147806167602539,0.19666224718093872,0.4147806167602539,0.4147806167602539,0.0,0.0
76,33,0.4251357614994049,0.1405353546142578,0.4251357614994049,0.4251357614994049,0.0,0.0
76,34,0.29230037331581116,0.0451899990439415,0.29230037331581116,0.29230037331581116,0.0,0.01590000092983246
76,35,0.49267449975013733,0.1748790740966797,0.49267449975013733,0.49267449975013733,0.0,0.0
76,36,0.3917207717895508,0.1307087242603302,0.3917207717895508,0.3917207717895508,0.0,0.0
76,37,0.48731303215026855,0.12229476124048233,0.48731303215026855,0.48731303215026855,0.0,0.0003000000142492354
76,38,0.5133898258209229,0.10675510764122009,0.5133898258209229,0.5133898258209229,0.0,0.0006000000284984708
76,39,0.4925707280635834,0.08531159162521362,0.4925707280635834,0.4925707280635834,0.0,0.0017000000225380063
76,40,0.2974112033843994,0.015455015003681183,0.2974112033843994,0.2974112033843994,0.0,0.2662000060081482
76,41,0.5093950033187866,0.044810451567173004,0.5093950033187866,0.5093950033187866,0.0,0.022299999371170998
76,42,0.32505327463150024,0.08257842808961868,0.32505327463150024,0.32505327463150024,0.0,0.0010000000474974513
76,43,0.14050385355949402,0.05625138431787491,0.14050385355949402,0.14050385355949402,0.0,0.0017999999690800905
76,44,0.20729753375053406,0.08150985836982727,0.20729753375053406,0.20729753375053406,0.0,9.999999747378752e-05
76,45,0.3848288059234619,0.02959548681974411,0.3848288059234619,0.3848288059234619,0.0,0.06040000170469284
76,46,0.44046300649642944,0.0566902793943882,0.44046300649642944,0.44046300649642944,0.0,0.0044999998062849045
76,47,0.15498808026313782,0.06577552855014801,0.15498808026313782,0.15498808026313782,0.0,0.002099999925121665
76,48,0.363090455532074,0.1047428771853447,0.363090455532074,0.363090455532074,0.0,0.00019999999494757503
76,49,0.4623810052871704,0.24179114401340485,0.4623810052871704,0.4623810052871704,0.0,0.0
76,50,0.28663313388824463,0.08720796555280685,0.28663313388824463,0.28663313388824463,0.0,0.0
76,51,0.30010518431663513,0.1936369687318802,0.30010518431663513,0.30010518431663513,0.0,0.0
76,52,0.3005101978778839,0.21130546927452087,0.3005101978778839,0.3005101978778839,0.0,0.0
76,53,0.3329438269138336,0.059207625687122345,0.3329438269138336,0.3329438269138336,0.0,0.003700000001117587
76,54,0.21223342418670654,0.032315827906131744,0.21223342418670654,0.21223342418670654,0.0,0.0272000003606081
76,55,0.41390150785446167,0.05391895771026611,0.41390150785446167,0.41390150785446167,0.0,0.01140000019222498
76,56,0.27374953031539917,0.0038308873772621155,0.27374953031539917,0.27374953031539917,0.0,0.792900025844574
76,57,0.17589682340621948,-0.0094648078083992,0.17589682340621948,0.17589682340621948,0.0,0.23190000653266907
76,58,0.03552287817001343,0.01329951174557209,0.03552287817001343,0.03552287817001343,0.00559999980032444,0.20759999752044678
76,59,0.3649974465370178,0.009706597775220871,0.3649974465370178,0.3649974465370178,0.0,0.45210000872612
76,60,0.11587467789649963,-0.008915629237890244,0.11587467789649963,0.11587467789649963,0.0,0.3702999949455261
76,61,0.3718506991863251,0.01814620941877365,0.3718506991863251,0.3718506991863251,0.0,0.163100004196167
76,62,0.567644476890564,0.14301800727844238,0.567644476890564,0.567644476890564,0.0,9.999999747378752e-05
76,63,0.26280391216278076,-0.017966505140066147,0.26280391216278076,0.26280391216278076,0.0,0.19009999930858612
77,0,0.23723480105400085,0.013780355453491211,0.23723480105400085,0.23723480105400085,0.0,0.23909999430179596
77,1,0.4054287075996399,0.05247222259640694,0.4054287075996399,0.4054287075996399,0.0,0.004900000058114529
77,2,0.25453680753707886,0.03680313006043434,0.25453680753707886,0.25453680753707886,0.0,0.02590000070631504
77,3,0.15949541330337524,0.026910915970802307,0.15949541330337524,0.15949541330337524,0.0,0.027699999511241913
77,4,0.2676878571510315,0.017230292782187462,0.2676878571510315,0.2676878571510315,0.0,0.1518000066280365
77,5,0.3049144148826599,0.14464448392391205,0.3049144148826599,0.3049144148826599,0.0,0.0
77,6,0.24619422852993011,0.08202226459980011,0.24619422852993011,0.24619422852993011,0.0,0.0
77,7,0.04373070225119591,-0.013089276850223541,0.04373070225119591,0.04373070225119591,0.002899999963119626,0.23440000414848328
77,8,0.2724378705024719,0.19464093446731567,0.2724378705024719,0.2724378705024719,0.0,0.0
77,9,0.25290367007255554,0.08061055094003677,0.25290367007255554,0.25290367007255554,0.0,0.0
77,10,0.30740469694137573,0.056653209030628204,0.30740469694137573,0.30740469694137573,0.0,0.002199999988079071
77,11,0.24023157358169556,0.06458938121795654,0.24023157358169556,0.24023157358169556,0.0,0.0003000000142492354
77,12,0.419463574886322,0.15158669650554657,0.419463574886322,0.419463574886322,0.0,0.0
77,13,0.16609236598014832,0.062305837869644165,0.16609236598014832,0.16609236598014832,0.0,0.0
77,14,0.39324355125427246,0.08606965094804764,0.39324355125427246,0.39324355125427246,0.0,0.00019999999494757503
77,15,0.27660098671913147,0.08120280504226685,0.27660098671913147,0.27660098671913147,0.0,9.999999747378752e-05
77,16,0.5200809836387634,0.21329477429389954,0.5200809836387634,0.5200809836387634,0.0,0.0
77,17,0.43799251317977905,0.3081526756286621,0.43799251317977905,0.43799251317977905,0.0,0.0
77,18,0.2922767698764801,0.14147520065307617,0.2922767698764801,0.2922767698764801,0.0,0.0
77,19,0.4561501145362854,0.31432992219924927,0.4561501145362854,0.4561501145362854,0.0,0.0
77,20,0.4370651841163635,0.1896495372056961,0.4370651841163635,0.4370651841163635,0.0,0.0
77,21,0.4886693060398102,0.266601026058197,0.4886693060398102,0.4886693060398102,0.0,0.0
77,22,0.4035390317440033,0.2167956531047821,0.4035390317440033,0.4035390317440033,0.0,0.0
77,23,0.49233168363571167,0.1484445035457611,0.49233168363571167,0.49233168363571167,0.0,0.0
77,24,0.47220003604888916,0.030189111828804016,0.47220003604888916,0.47220003604888916,0.0,0.04340000078082085
77,25,0.38397979736328125,0.07431753724813461,0.38397979736328125,0.38397979736328125,0.0,0.0008999999845400453
77,26,0.46025893092155457,0.09507477283477783,0.46025893092155457,0.46025893092155457,0.0,0.0003000000142492354
77,27,0.5907735824584961,0.10799092054367065,0.5907735824584961,0.5907735824584961,0.0,0.0005000000237487257
77,28,0.481131911277771,0.04286413639783859,0.481131911277771,0.481131911277771,0.0,0.019600000232458115
77,29,0.4709804058074951,0.10932733118534088,0.4709804058074951,0.4709804058074951,0.0,0.0003000000142492354
77,30,0.5431760549545288,0.12223336845636368,0.5431760549545288,0.5431760549545288,0.0,0.00019999999494757503
77,31,0.3976258635520935,0.106606625020504,0.3976258635520935,0.3976258635520935,0.0,0.0
77,32,0.48740145564079285,0.008343841880559921,0.48740145564079285,0.48740145564079285,0.0,0.5748999714851379
77,33,0.21814626455307007,-0.016989536583423615,0.21814626455307007,0.21814626455307007,0.0,0.15710000693798065
77,34,-0.005996784660965204,-0.018855353817343712,0.0,-0.005996784660965204,0.715499997138977,0.19140000641345978
77,35,0.35184478759765625,0.1336708515882492,0.35184478759765625,0.35184478759765625,0.0,0.0
77,36,0.5160427689552307,0.038181159645318985,0.5160427689552307,0.5160427689552307,0.0,0.041600000113248825
77,37,0.11216036230325699,-0.013656163588166237,0.11216036230325699,0.11216036230325699,0.0,0.33469998836517334
77,38,0.3644345700740814,0.06487280130386353,0.3644345700740814,0.3644345700740814,0.0,0.0027000000700354576
77,39,0.4841473698616028,0.1302882432937622,0.4841473698616028,0.4841473698616028,0.0,0.0003000000142492354
77,40,0.4470960795879364,0.1264171004295349,0.4470960795879364,0.4470960795879364,0.0,0.00019999999494757503
77,41,0.4689476788043976,0.11657310277223587,0.4689476788043976,0.4689476788043976,0.0,0.0003000000142492354
77,42,0.38817134499549866,0.13334199786186218,0.38817134499549866,0.38817134499549866,0.0,0.0
77,43,0.3597288131713867,0.19115008413791656,0.3597288131713867,0.3597288131713867,0.0,0.0
77,44,0.44057485461235046,0.09103918075561523,0.44057485461235046,0.44057485461235046,0.0,0.0010999999940395355
77,45,0.4095841646194458,0.06440615653991699,0.4095841646194458,0.4095841646194458,0.0,0.00430000014603138
77,46,0.4148808419704437,0.11296844482421875,0.4148808419704437,0.4148808419704437,0.0,0.0003000000142492354
77,47,0.3538829982280731,0.20359337329864502,0.3538829982280731,0.3538829982280731,0.0,0.0
77,48,0.5678651332855225,0.06069325655698776,0.5678651332855225,0.5678651332855225,0.0,0.012299999594688416
77,49,0.3276174068450928,0.01853621006011963,0.3276174068450928,0.3276174068450928,0.0,0.19300000369548798
77,50,0.19505274295806885,0.08526822179555893,0.19505274295806885,0.19505274295806885,0.0,9.999999747378752e-05
77,51,0.08942490071058273,0.07772789150476456,0.08942490071058273,0.08942490071058273,9.999999747378752e-05,0.0010000000474974513
77,52,0.4173913896083832,0.019762614741921425,0.4173913896083832,0.4173913896083832,0.0,0.08449999988079071
77,53,0.539249062538147,0.02381066605448723,0.539249062538147,0.539249062538147,0.0,0.07999999821186066
77,54,0.5346971750259399,0.08523806929588318,0.5346971750259399,0.5346971750259399,0.0,0.0034000000450760126
77,55,0.01194729469716549,-0.010631896555423737,0.01194729469716549,0.01194729469716549,0.3422999978065491,0.38510000705718994
77,56,0.3483542203903198,0.06469345837831497,0.3483542203903198,0.3483542203903198,0.0,0.0010999999940395355
77,57,0.5100517272949219,0.15446561574935913,0.5100517272949219,0.5100517272949219,0.0,0.0
77,58,0.39826345443725586,0.1601397544145584,0.39826345443725586,0.39826345443725586,0.0,0.0
77,59,0.4967764616012573,0.06150580197572708,0.4967764616012573,0.4967764616012573,0.0,0.00279999990016222
77,60,0.5505859851837158,0.12199122458696365,0.5505859851837158,0.5505859851837158,0.0,0.0003000000142492354
77,61,0.43658220767974854,0.21261027455329895,0.43658220767974854,0.43658220767974854,0.0,0.0
77,62,0.4866774082183838,0.1576855182647705,0.4866774082183838,0.4866774082183838,0.0,0.0
77,63,0.5395928621292114,0.03276408463716507,0.5395928621292114,0.5395928621292114,0.0,0.050999999046325684
78,0,0.26585912704467773,0.23867356777191162,0.26585912704467773,0.26585912704467773,0.0,0.0
78,1,0.13790401816368103,0.11335977911949158,0.13790401816368103,0.13790401816368103,0.0,0.0
78,2,0.16337816417217255,0.25016698241233826,0.25016698241233826,0.25016698241233826,0.0,0.0
78,3,0.44504255056381226,0.1530074179172516,0.44504255056381226,0.44504255056381226,0.0,0.0
78,4,0.17248128354549408,0.15982583165168762,0.17248128354549408,0.17248128354549408,0.0,0.0
78,5,0.2710011601448059,0.2599533498287201,0.2710011601448059,0.2710011601448059,0.0,0.0
78,6,0.3052760362625122,0.17723996937274933,0.3052760362625122,0.3052760362625122,0.0,0.0
78,7,0.159201979637146,0.07009455561637878,0.159201979637146,0.159201979637146,0.0,0.00019999999494757503
78,8,0.29719892144203186,0.0344647541642189,0.29719892144203186,0.29719892144203186,0.0,0.02410000003874302
78,9,0.30155646800994873,0.06374767422676086,0.30155646800994873,0.30155646800994873,0.0,0.003100000089034438
78,10,0.45255792140960693,0.1642387956380844,0.45255792140960693,0.45255792140960693,0.0,0.0
78,11,0.3646022379398346,0.1023174375295639,0.3646022379398346,0.3646022379398346,0.0,0.00039999998989515007
78,12,0.307496041059494,0.04229719191789627,0.307496041059494,0.307496041059494,0.0,0.007400000002235174
78,13,0.42003345489501953,0.08895685523748398,0.42003345489501953,0.42003345489501953,0.0,0.0010000000474974513
78,14,0.2861323356628418,0.06448113918304443,0.2861323356628418,0.2861323356628418,0.0,0.0017999999690800905
78,15,0.1439620554447174,0.049683548510074615,0.1439620554447174,0.1439620554447174,0.0,0.007300000172108412
78,16,0.35827505588531494,0.09116479754447937,0.35827505588531494,0.35827505588531494,0.0,0.00039999998989515007
78,17,0.24420884251594543,-0.0073713213205337524,0.24420884251594543,0.24420884251594543,0.0,0.5001000165939331
78,18,0.2934269905090332,0.043810926377773285,0.2934269905090332,0.2934269905090332,0.0,0.014999999664723873
78,19,0.2862682640552521,0.13288821280002594,0.2862682640552521,0.2862682640552521,0.0,0.0
78,20,0.4095740020275116,0.04198909550905228,0.4095740020275116,0.4095740020275116,0.0,0.0210999995470047
78,21,0.3039802014827728,0.01029052585363388,0.3039802014827728,0.3039802014827728,0.0,0.48989999294281006
78,22,0.3193036913871765,-0.00704319030046463,0.3193036913871765,0.3193036913871765,0.0,0.6212999820709229
78,23,0.39746031165122986,0.03346211463212967,0.39746031165122986,0.39746031165122986,0.0,0.0357000008225441
78,24,0.2791433334350586,0.12681399285793304,0.2791433334350586,0.2791433334350586,0.0,0.0
78,25,0.42130935192108154,0.16981345415115356,0.42130935192108154,0.42130935192108154,0.0,0.0
78,26,0.4294937551021576,0.25910478830337524,0.4294937551021576,0.4294937551021576,0.0,0.0
78,27,0.4422041177749634,0.2665882110595703,0.4422041177749634,0.4422041177749634,0.0,0.0
78,28,0.3215346932411194,0.441631019115448,0.441631019115448,0.441631019115448,0.0,0.0
78,29,0.3639853596687317,0.21483969688415527,0.3639853596687317,0.3639853596687317,0.0,0.0
78,30,0.42346853017807007,0.3029666543006897,0.42346853017807007,0.42346853017807007,0.0,0.0
78,31,0.2954436242580414,0.19887569546699524,0.2954436242580414,0.2954436242580414,0.0,0.0
78,32,0.4218901991844177,0.07500201463699341,0.4218901991844177,0.4218901991844177,0.0,0.0010000000474974513
78,33,0.4539799988269806,0.09806051850318909,0.4539799988269806,0.4539799988269806,0.0,0.0005000000237487257
78,34,0.48257389664649963,0.211411252617836,0.48257389664649963,0.48257389664649963,0.0,0.0
78,35,0.3691837787628174,0.05918476730585098,0.3691837787628174,0.3691837787628174,0.0,0.002400000113993883
78,36,0.39084988832473755,0.09056421369314194,0.39084988832473755,0.39084988832473755,0.0,0.0005000000237487257
78,37,0.46866920590400696,0.2418483942747116,0.46866920590400696,0.46866920590400696,0.0,0.0
78,38,0.11284463107585907,0.1047196090221405,0.11284463107585907,0.11284463107585907,9.999999747378752e-05,0.0010999999940395355
78,39,0.4898832142353058,0.23865661025047302,0.4898832142353058,0.4898832142353058,0.0,0.0
78,40,0.2329961359500885,0.132993683218956,0.2329961359500885,0.2329961359500885,0.0,0.0
78,41,0.25019824504852295,0.10939700901508331,0.25019824504852295,0.25019824504852295,0.0,0.0
78,42,0.24965853989124298,0.07612086087465286,0.24965853989124298,0.24965853989124298,0.0,0.0006000000284984708
78,43,0.2684820890426636,0.03365539014339447,0.2684820890426636,0.2684820890426636,0.0,0.023000000044703484
78,44,0.1669921875,0.007848069071769714,0.1669921875,0.1669921875,0.0,0.4603999853134155
78,45,0.26303964853286743,0.07760923355817795,0.26303964853286743,0.26303964853286743,0.0,0.0003000000142492354
78,46,0.2329884171485901,0.12660828232765198,0.2329884171485901,0.2329884171485901,0.0,0.0
78,47,0.21756422519683838,0.2336132526397705,0.2336132526397705,0.2336132526397705,0.0,0.0
78,48,0.6353777647018433,0.15122449398040771,0.6353777647018433,0.6353777647018433,0.0,9.999999747378752e-05
78,49,0.6037460565567017,0.15398302674293518,0.6037460565567017,0.6037460565567017,0.0,9.999999747378752e-05
78,50,0.5343318581581116,0.17047955095767975,0.5343318581581116,0.5343318581581116,0.0,0.0
78,51,0.5087432265281677,0.24673296511173248,0.5087432265281677,0.5087432265281677,0.0,0.0
78,52,0.46288591623306274,0.2336409091949463,0.46288591623306274,0.46288591623306274,0.0,0.0
78,53,0.4480801820755005,0.31562602519989014,0.4480801820755005,0.4480801820755005,0.0,0.0
78,54,0.5770146250724792,0.1461474597454071,0.5770146250724792,0.5770146250724792,0.0,0.00019999999494757503
78,55,0.6002237796783447,0.17414316534996033,0.6002237796783447,0.6002237796783447,0.0,0.0
78,56,0.3370797634124756,0.09753836691379547,0.3370797634124756,0.3370797634124756,0.0,0.0
78,57,0.19068792462348938,0.21207767724990845,0.21207767724990845,0.21207767724990845,0.0,0.0
78,58,0.35769957304000854,0.2891703248023987,0.35769957304000854,0.35769957304000854,0.0,0.0
78,59,0.38878005743026733,0.13718187808990479,0.38878005743026733,0.38878005743026733,0.0,0.0
78,60,0.3939473032951355,0.1695067435503006,0.3939473032951355,0.3939473032951355,0.0,0.0
78,61,0.26365208625793457,0.162482351064682,0.26365208625793457,0.26365208625793457,0.0,0.0
78,62,0.4337088167667389,0.19025081396102905,0.4337088167667389,0.4337088167667389,0.0,0.0
78,63,0.2835844159126282,0.20866766571998596,0.2835844159126282,0.2835844159126282,0.0,0.0
79,0,0.49309876561164856,0.011836476624011993,0.49309876561164856,0.49309876561164856,0.0,0.3456999957561493
79,1,0.5659716129302979,0.10385087877511978,0.5659716129302979,0.5659716129302979,0.0,0.0007999999797903001
79,2,0.4615819454193115,0.013482332229614258,0.4615819454193115,0.4615819454193115,0.0,0.3328999876976013
79,3,0.49658530950546265,-0.00810793787240982,0.49658530950546265,0.49658530950546265,0.0,0.5185999870300293
79,4,0.5704691410064697,0.07778792083263397,0.5704691410064697,0.5704691410064697,0.0,0.003599999938160181
79,5,0.49622854590415955,0.03948460519313812,0.49622854590415955,0.49622854590415955,0.0,0.035100001841783524
79,6,0.48714327812194824,0.04711100086569786,0.48714327812194824,0.48714327812194824,0.0,0.015699999406933784
79,7,0.5400413274765015,0.12311111390590668,0.5400413274765015,0.5400413274765015,0.0,0.0003000000142492354
79,8,0.10812059044837952,0.02007243037223816,0.10812059044837952,0.10812059044837952,0.0,0.059300001710653305
79,9,0.2194477617740631,0.02096961811184883,0.2194477617740631,0.2194477617740631,0.0,0.07609999924898148
79,10,0.24939067661762238,0.07696395367383957,0.24939067661762238,0.24939067661762238,0.0,0.0020000000949949026
79,11,0.25277015566825867,0.13543850183486938,0.25277015566825867,0.25277015566825867,0.0,9.999999747378752e-05
79,12,0.1458001732826233,0.1555328071117401,0.1555328071117401,0.1555328071117401,0.0,0.0
79,13,0.325744092464447,0.06498485803604126,0.325744092464447,0.325744092464447,0.0,0.005200000014156103
79,14,0.0883059948682785,0.1822167932987213,0.1822167932987213,0.1822167932987213,0.0,0.0
79,15,0.31996285915374756,0.028118250891566277,0.31996285915374756,0.31996285915374756,0.0,0.05389999970793724
79,16,0.17312778532505035,0.06006702780723572,0.17312778532505035,0.17312778532505035,0.0,0.000699999975040555
79,17,0.16526614129543304,0.07737995684146881,0.16526614129543304,0.16526614129543304,0.0,0.0
79,18,0.20696189999580383,0.08131659030914307,0.20696189999580383,0.20696189999580383,0.0,0.0
79,19,0.10784544795751572,0.06492243707180023,0.10784544795751572,0.10784544795751572,0.0,0.00019999999494757503
79,20,0.33896902203559875,0.1311500370502472,0.33896902203559875,0.33896902203559875,0.0,0.0
79,21,0.21840190887451172,0.04862330108880997,0.21840190887451172,0.21840190887451172,0.0,0.006800000090152025
79,22,0.12205450236797333,0.03140997886657715,0.12205450236797333,0.12205450236797333,0.0,0.009399999864399433
79,23,0.1684759557247162,0.05985746532678604,0.1684759557247162,0.1684759557247162,0.0,0.000699999975040555
79,24,0.3950263559818268,0.12328878790140152,0.3950263559818268,0.3950263559818268,0.0,0.0
79,25,0.43809154629707336,0.13662151992321014,0.43809154629707336,0.43809154629707336,0.0,0.0
79,26,0.46764445304870605,0.09672269225120544,0.46764445304870605,0.46764445304870605,0.0,0.0010000000474974513
79,27,0.3616431951522827,0.12649723887443542,0.3616431951522827,0.3616431951522827,0.0,0.0
79,28,0.34586071968078613,0.03546466305851936,0.34586071968078613,0.34586071968078613,0.0,0.02449999935925007
79,29,0.44144338369369507,0.13735219836235046,0.44144338369369507,0.44144338369369507,0.0,0.0
79,30,0.4882524907588959,0.10534899681806564,0.4882524907588959,0.4882524907588959,0.0,0.0005000000237487257
79,31,0.504663348197937,0.1162559986114502,0.504663348197937,0.504663348197937,0.0,0.00039999998989515007
79,32,0.4578295350074768,0.1131838858127594,0.4578295350074768,0.4578295350074768,0.0,0.0005000000237487257
79,33,0.49700862169265747,0.07044080644845963,0.49700862169265747,0.49700862169265747,0.0,0.006599999964237213
79,34,0.4125228822231293,0.09517952799797058,0.4125228822231293,0.4125228822231293,0.0,0.0007999999797903001
79,35,0.42726239562034607,0.10936927795410156,0.42726239562034607,0.42726239562034607,0.0,0.0005000000237487257
79,36,0.45260101556777954,0.08228456974029541,0.45260101556777954,0.45260101556777954,0.0,0.0013000000035390258
79,37,0.30311331152915955,0.07062431424856186,0.30311331152915955,0.30311331152915955,0.0,0.0017000000225380063
79,38,0.38853126764297485,0.13004709780216217,0.38853126764297485,0.38853126764297485,0.0,9.999999747378752e-05
79,39,0.3064558506011963,0.051391493529081345,0.3064558506011963,0.3064558506011963,0.0,0.010499999858438969
79,40,0.263852596282959,0.12041856348514557,0.263852596282959,0.263852596282959,0.0,0.0
79,41,0.30856460332870483,0.11213506758213043,0.30856460332870483,0.30856460332870483,0.0,9.999999747378752e-05
79,42,0.4186863899230957,0.15993887186050415,0.4186863899230957,0.4186863899230957,0.0,9.999999747378752e-05
79,43,0.4023670554161072,0.24432314932346344,0.4023670554161072,0.4023670554161072,0.0,0.0
79,44,0.42091646790504456,0.136109858751297,0.42091646790504456,0.42091646790504456,0.0,9.999999747378752e-05
79,45,0.38712990283966064,0.1558922529220581,0.38712990283966064,0.38712990283966064,0.0,0.0
79,46,0.30476105213165283,0.10792355984449387,0.30476105213165283,0.30476105213165283,0.0,9.999999747378752e-05
79,47,0.4237039387226105,0.1630641520023346,0.4237039387226105,0.4237039387226105,0.0,9.999999747378752e-05
79,48,0.24709516763687134,0.09410470724105835,0.24709516763687134,0.24709516763687134,0.0,0.0
79,49,0.22244130074977875,0.0362674817442894,0.22244130074977875,0.22244130074977875,0.0,0.006800000090152025
79,50,0.27606773376464844,0.053971000015735626,0.27606773376464844,0.27606773376464844,0.0,0.0044999998062849045
79,51,0.1343463510274887,0.07471781969070435,0.1343463510274887,0.1343463510274887,0.0,0.0003000000142492354
79,52,0.19004788994789124,-0.008354917168617249,0.19004788994789124,0.19004788994789124,0.0,0.38179999589920044
79,53,0.4193994998931885,0.09382855147123337,0.4193994998931885,0.4193994998931885,0.0,0.0006000000284984708
79,54,0.27078887820243835,0.06155779957771301,0.27078887820243835,0.27078887820243835,0.0,0.0012000000569969416
79,55,0.5161661505699158,0.030893396586179733,0.5161661505699158,0.5161661505699158,0.0,0.060100000351667404
79,56,0.29895174503326416,0.06141626462340355,0.29895174503326416,0.29895174503326416,0.0,0.00139999995008111
79,57,0.29693713784217834,0.07540340721607208,0.29693713784217834,0.29693713784217834,0.0,0.00039999998989515007
79,58,0.3373204171657562,0.12734411656856537,0.3373204171657562,0.3373204171657562,0.0,0.0
79,59,0.300879567861557,0.09904304146766663,0.300879567861557,0.300879567861557,0.0,9.999999747378752e-05
79,60,0.2771960496902466,0.107545405626297,0.2771960496902466,0.2771960496902466,0.0,0.0
79,61,0.18558397889137268,0.05146403610706329,0.18558397889137268,0.18558397889137268,0.0,0.0034000000450760126
79,62,0.23966509103775024,0.21872775256633759,0.23966509103775024,0.23966509103775024,0.0,0.0
79,63,0.35081803798675537,0.11961811035871506,0.35081803798675537,0.35081803798675537,0.0,0.0
